query_id,query_text,cluster_id,rule_intent_signal,prototype_intent_signal,prototype_top_score,prototype_second_score,prototype_margin,cluster_intent_signal_initial,cluster_intent_signal,signal_plurality_intent,signal_max_votes,signal_agreement,schema_adjudicated_intent,gold_set_membership,review_flag
Q001,is Diazepam safe in Febrile Seizure with immunocompromised,0,Safety / Contraindication,Prophylaxis / Maintenance,0.4347391,0.40337473,0.03136438,Prophylaxis / Maintenance,Comparative Treatment Choice,,1,three_way_disagreement,Safety / Contraindication,not_reviewed,True
Q002,SGLT2 inhibitors adverse effects monitoring in Atrial Fibrillation,6,Safety / Contraindication,Monitoring / Response / Risk Assessment,0.5217008,0.4623251,0.059375703,Management / Treatment Selection,Mechanism / Background Knowledge,,1,three_way_disagreement,Safety / Contraindication,pilot_reviewed,True
Q003,interaksi obat Nivolumab dan Nivolumab pada Colorectal Cancer,0,Interaction / Combination,Comparative Treatment Choice,0.5584078,0.5473563,0.011051476,Prophylaxis / Maintenance,Comparative Treatment Choice,Comparative Treatment Choice,2,prototype_cluster_against_rule,Interaction / Combination,gold_reviewed,True
Q004,Apixaban efficacy pada Deep Vein Thrombosis clinical outcome data,0,Efficacy / Outcomes,Efficacy / Outcomes,0.69424725,0.54532415,0.1489231,Prophylaxis / Maintenance,Comparative Treatment Choice,Efficacy / Outcomes,2,two_signal_including_rule,Efficacy / Outcomes,gold_reviewed,True
Q005,Penicillins in pregnancy and HIV/AIDS,14,Safety / Contraindication,Safety / Contraindication,0.44444117,0.33284876,0.11159241,Safety / Contraindication,Safety / Contraindication,Safety / Contraindication,3,unanimous,Safety / Contraindication,not_reviewed,False
Q006,kombinasi Metoprolol dan Metoprolol pada Heart Failure aman atau tidak,0,Interaction / Combination,Comparative Treatment Choice,0.5549678,0.515026,0.039941847,Prophylaxis / Maintenance,Comparative Treatment Choice,Comparative Treatment Choice,2,prototype_cluster_against_rule,Interaction / Combination,pilot_reviewed,True
Q007,Hydroxychloroquine hepatic impairment dose in Rheumatoid Arthritis,3,Dosing / Administration,Dosing / Administration,0.5087169,0.29358795,0.21512893,Dosing / Administration,Dosing / Administration,Dosing / Administration,3,unanimous,Dosing / Administration,not_reviewed,False
Q008,Short-acting beta2-agonists adverse effects monitoring in Asthma,6,Safety / Contraindication,Monitoring / Response / Risk Assessment,0.5217008,0.4623251,0.059375703,Management / Treatment Selection,Mechanism / Background Knowledge,,1,three_way_disagreement,Safety / Contraindication,pilot_reviewed,True
Q009,Tenofovir+Lamivudine drug interaction with Tenofovir+Lamivudine in Urinary Tract Infection,0,Interaction / Combination,Interaction / Combination,0.5733186,0.559004,0.014314592,Prophylaxis / Maintenance,Comparative Treatment Choice,Interaction / Combination,2,two_signal_including_rule,Interaction / Combination,not_reviewed,True
Q010,renal dose adjustment Magnesium sulphate in Preeclampsia,1,Dosing / Administration,Dosing / Administration,0.5813786,0.4211757,0.16020289,Dosing / Administration,Dosing / Administration,Dosing / Administration,3,unanimous,Dosing / Administration,not_reviewed,False
Q011,Psoriasis dengan renal impairment penyesuaian dosis Tacrolimus topical,1,Dosing / Administration,Dosing / Administration,0.44303322,0.37760088,0.06543234,Dosing / Administration,Dosing / Administration,Dosing / Administration,3,unanimous,Dosing / Administration,not_reviewed,False
Q012,Artemether-lumefantrine pada pasien elderly Typhoid Fever apa perlu adjustment,8,Dosing / Administration,Efficacy / Outcomes,0.45368794,0.4309635,0.02272445,Efficacy / Outcomes,Efficacy / Outcomes,Efficacy / Outcomes,2,prototype_cluster_against_rule,Dosing / Administration,not_reviewed,True
Q013,kontraindikasi Bedaquiline pada Tuberculosis dengan anaemia,12,Safety / Contraindication,Comparative Treatment Choice,0.38313147,0.3617388,0.021392673,Comparative Treatment Choice,Safety / Contraindication,Safety / Contraindication,2,two_signal_including_rule,Safety / Contraindication,not_reviewed,True
Q014,Malaria pediatric dosing Tenofovir disoproxil,10,Dosing / Administration,Dosing / Administration,0.5242417,0.36827773,0.15596396,Dosing / Administration,Dosing / Administration,Dosing / Administration,3,unanimous,Dosing / Administration,not_reviewed,False
Q015,Peptic Ulcer Disease prophylaxis Lansoprazole indication,0,Prophylaxis / Maintenance,Prophylaxis / Maintenance,0.5617696,0.3359575,0.2258121,Prophylaxis / Maintenance,Comparative Treatment Choice,Prophylaxis / Maintenance,2,two_signal_including_rule,Prophylaxis / Maintenance,gold_reviewed,True
Q016,is Bortezomib safe in Rheumatoid Arthritis with renal impairment,1,Safety / Contraindication,Comparative Treatment Choice,0.37649468,0.37451792,0.0019767582,Dosing / Administration,Dosing / Administration,,1,three_way_disagreement,Safety / Contraindication,not_reviewed,True
Q017,PD-1 inhibitors mechanism untuk Colorectal Cancer bagaimana cara kerjanya,6,Mechanism / Background Knowledge,Mechanism / Background Knowledge,0.5507506,0.4448865,0.10586411,Management / Treatment Selection,Mechanism / Background Knowledge,Mechanism / Background Knowledge,3,unanimous,Mechanism / Background Knowledge,not_reviewed,False
Q018,interaksi obat Losartan dan Empagliflozin pada Chronic Kidney Disease,0,Interaction / Combination,Comparative Treatment Choice,0.5584078,0.5473563,0.011051476,Prophylaxis / Maintenance,Comparative Treatment Choice,Comparative Treatment Choice,2,prototype_cluster_against_rule,Interaction / Combination,gold_reviewed,True
Q019,Rheumatoid Arthritis dengan renal impairment penyesuaian dosis Bortezomib,1,Dosing / Administration,Dosing / Administration,0.44303322,0.37760088,0.06543234,Dosing / Administration,Dosing / Administration,Dosing / Administration,3,unanimous,Dosing / Administration,not_reviewed,False
Q020,latest Malaria management guidelines 2025,0,Guideline / Evidence Lookup,Management / Treatment Selection,0.501771,0.45513088,0.046640098,Prophylaxis / Maintenance,Comparative Treatment Choice,,1,three_way_disagreement,Guideline / Evidence Lookup,not_reviewed,True
Q021,dosis titrasi Tenofovir disoproxil Malaria toleransi pasien,5,Dosing / Administration,Efficacy / Outcomes,0.53874236,0.50579166,0.0329507,Efficacy / Outcomes,Efficacy / Outcomes,Efficacy / Outcomes,2,prototype_cluster_against_rule,Dosing / Administration,not_reviewed,True
Q022,resistensi Methyldopa pada Hypertension in Pregnancy alternatif Methyldopa,0,Treatment Change / Escalation,Comparative Treatment Choice,0.52945685,0.4643262,0.06513065,Prophylaxis / Maintenance,Comparative Treatment Choice,Comparative Treatment Choice,2,prototype_cluster_against_rule,Treatment Change / Escalation,not_reviewed,True
Q023,indikasi Sitagliptin pada Type 2 Diabetes Mellitus guideline terbaru,0,Guideline / Evidence Lookup,Management / Treatment Selection,0.51540405,0.4784963,0.036907732,Prophylaxis / Maintenance,Comparative Treatment Choice,,1,three_way_disagreement,Guideline / Evidence Lookup,pilot_reviewed,True
Q024,Gout dengan renal impairment penyesuaian dosis Adalimumab,1,Dosing / Administration,Dosing / Administration,0.44303322,0.37760088,0.06543234,Dosing / Administration,Dosing / Administration,Dosing / Administration,3,unanimous,Dosing / Administration,not_reviewed,False
Q025,Acute Coronary Syndrome guideline update 2023 summary,0,Guideline / Evidence Lookup,Guideline / Evidence Lookup,0.505839,0.39763513,0.10820386,Prophylaxis / Maintenance,Comparative Treatment Choice,Guideline / Evidence Lookup,2,two_signal_including_rule,Guideline / Evidence Lookup,not_reviewed,True
Q026,kontraindikasi Labetalol pada Hypertension in Pregnancy dengan atrial fibrillation,13,Safety / Contraindication,Prophylaxis / Maintenance,0.37290782,0.32268217,0.050225645,Prophylaxis / Maintenance,Prophylaxis / Maintenance,Prophylaxis / Maintenance,2,prototype_cluster_against_rule,Safety / Contraindication,pilot_reviewed,True
Q027,Vitamin A adverse effects monitoring in Stunting / Malnutrition,6,Safety / Contraindication,Monitoring / Response / Risk Assessment,0.55006033,0.5165181,0.033542216,Management / Treatment Selection,Mechanism / Background Knowledge,,1,three_way_disagreement,Safety / Contraindication,pilot_reviewed,True
Q028,ACE inhibitors adverse effects monitoring in Hypertension,6,Safety / Contraindication,Monitoring / Response / Risk Assessment,0.5217008,0.4623251,0.059375703,Management / Treatment Selection,Mechanism / Background Knowledge,,1,three_way_disagreement,Safety / Contraindication,pilot_reviewed,True
Q029,Empagliflozin efficacy pada Type 2 Diabetes Mellitus clinical outcome data,0,Efficacy / Outcomes,Efficacy / Outcomes,0.69424725,0.54532415,0.1489231,Prophylaxis / Maintenance,Comparative Treatment Choice,Efficacy / Outcomes,2,two_signal_including_rule,Efficacy / Outcomes,pilot_reviewed,True
Q030,is Losartan safe in Hypertension with liver disease,3,Safety / Contraindication,Comparative Treatment Choice,0.33822793,0.31958413,0.018643796,Dosing / Administration,Dosing / Administration,,1,three_way_disagreement,Safety / Contraindication,gold_reviewed,True
Q031,Ibuprofen side effect pada pasien Psoriatic Arthritis apa saja,0,Safety / Contraindication,Comparative Treatment Choice,0.52935207,0.52915055,0.0002015233,Prophylaxis / Maintenance,Comparative Treatment Choice,Comparative Treatment Choice,2,prototype_cluster_against_rule,Safety / Contraindication,gold_reviewed,True
Q032,interaksi obat Ramipril dan Spironolactone pada Heart Failure,0,Interaction / Combination,Comparative Treatment Choice,0.5584078,0.5473563,0.011051476,Prophylaxis / Maintenance,Comparative Treatment Choice,Comparative Treatment Choice,2,prototype_cluster_against_rule,Interaction / Combination,gold_reviewed,True
Q033,dosis Semaglutide pada Obesity pasien hypertension aman tidak,1,Safety / Contraindication,Dosing / Administration,0.44905895,0.39508325,0.0539757,Dosing / Administration,Dosing / Administration,Dosing / Administration,2,prototype_cluster_against_rule,Safety / Contraindication,not_reviewed,True
Q034,Typhoid Fever treatment algorithm Antimalarials first line,6,Management / Treatment Selection,Management / Treatment Selection,0.65461355,0.4780019,0.17661166,Management / Treatment Selection,Mechanism / Background Knowledge,Management / Treatment Selection,2,two_signal_including_rule,Management / Treatment Selection,not_reviewed,True
Q035,algoritma terapi HIV/AIDS step up,11,Management / Treatment Selection,Management / Treatment Selection,0.4450853,0.39938256,0.045702726,Management / Treatment Selection,Management / Treatment Selection,Management / Treatment Selection,3,unanimous,Management / Treatment Selection,not_reviewed,False
Q036,Atrial Fibrillation pediatric dosing Empagliflozin,10,Dosing / Administration,Dosing / Administration,0.5242417,0.36827773,0.15596396,Dosing / Administration,Dosing / Administration,Dosing / Administration,3,unanimous,Dosing / Administration,not_reviewed,False
Q037,SSRIs in pregnancy and ADHD,14,Safety / Contraindication,Safety / Contraindication,0.44444117,0.33284876,0.11159241,Safety / Contraindication,Safety / Contraindication,Safety / Contraindication,3,unanimous,Safety / Contraindication,not_reviewed,False
Q038,Integrase inhibitors terbaru untuk Malaria terbaru,6,Guideline / Evidence Lookup,Comparative Treatment Choice,0.46547943,0.46057844,0.004900992,Management / Treatment Selection,Mechanism / Background Knowledge,,1,three_way_disagreement,Guideline / Evidence Lookup,not_reviewed,True
Q039,algoritma terapi Chronic Kidney Disease step up,11,Management / Treatment Selection,Management / Treatment Selection,0.4450853,0.39938256,0.045702726,Management / Treatment Selection,Management / Treatment Selection,Management / Treatment Selection,3,unanimous,Management / Treatment Selection,not_reviewed,False
Q040,resistensi Desmopressin pada Diabetes Insipidus alternatif Desmopressin,0,Treatment Change / Escalation,Comparative Treatment Choice,0.52945685,0.4643262,0.06513065,Prophylaxis / Maintenance,Comparative Treatment Choice,Comparative Treatment Choice,2,prototype_cluster_against_rule,Treatment Change / Escalation,not_reviewed,True
Q041,SGLT2 inhibitors mechanism of action in Chronic Kidney Disease,6,Mechanism / Background Knowledge,Mechanism / Background Knowledge,0.5774651,0.47366923,0.103795886,Management / Treatment Selection,Mechanism / Background Knowledge,Mechanism / Background Knowledge,3,unanimous,Mechanism / Background Knowledge,not_reviewed,False
Q042,switch from Piperacillin-tazobactam to Norepinephrine in Sepsis,0,Treatment Change / Escalation,Management / Treatment Selection,0.5299046,0.48177612,0.048128486,Prophylaxis / Maintenance,Comparative Treatment Choice,,1,three_way_disagreement,Treatment Change / Escalation,not_reviewed,True
Q043,Thyroid hormones kontraindikasi pada Hyperthyroidism dengan hepatic impairment,3,Safety / Contraindication,Dosing / Administration,0.34684262,0.3285951,0.018247515,Dosing / Administration,Dosing / Administration,Dosing / Administration,2,prototype_cluster_against_rule,Safety / Contraindication,not_reviewed,True
Q044,Malaria with pregnancy first line drug,14,Management / Treatment Selection,Safety / Contraindication,0.45546934,0.38782793,0.06764141,Safety / Contraindication,Safety / Contraindication,Safety / Contraindication,2,prototype_cluster_against_rule,Management / Treatment Selection,pilot_reviewed,True
Q045,switch from Diazepam to Diazepam in Febrile Seizure,0,Treatment Change / Escalation,Management / Treatment Selection,0.5299046,0.48177612,0.048128486,Prophylaxis / Maintenance,Comparative Treatment Choice,,1,three_way_disagreement,Treatment Change / Escalation,not_reviewed,True
Q046,kapan mulai terapi Adalimumab pada Gout,0,Management / Treatment Selection,Management / Treatment Selection,0.5741702,0.5140454,0.060124755,Prophylaxis / Maintenance,Comparative Treatment Choice,Management / Treatment Selection,2,two_signal_including_rule,Management / Treatment Selection,not_reviewed,True
Q047,Tiotropium long term outcomes COPD,0,Efficacy / Outcomes,Efficacy / Outcomes,0.6288654,0.46695828,0.16190714,Prophylaxis / Maintenance,Comparative Treatment Choice,Efficacy / Outcomes,2,two_signal_including_rule,Efficacy / Outcomes,gold_reviewed,True
Q048,Ibuprofen long term outcomes Systemic Lupus Erythematosus,0,Efficacy / Outcomes,Efficacy / Outcomes,0.6288654,0.46695828,0.16190714,Prophylaxis / Maintenance,Comparative Treatment Choice,Efficacy / Outcomes,2,two_signal_including_rule,Efficacy / Outcomes,not_reviewed,True
Q049,Calcium channel blockers mechanism untuk Atrial Fibrillation bagaimana cara kerjanya,6,Mechanism / Background Knowledge,Mechanism / Background Knowledge,0.5507506,0.4448865,0.10586411,Management / Treatment Selection,Mechanism / Background Knowledge,Mechanism / Background Knowledge,3,unanimous,Mechanism / Background Knowledge,gold_reviewed,False
Q050,Levofloxacin hepatic impairment dose in HIV/AIDS,3,Dosing / Administration,Dosing / Administration,0.5087169,0.29358795,0.21512893,Dosing / Administration,Dosing / Administration,Dosing / Administration,3,unanimous,Dosing / Administration,not_reviewed,False
Q051,add on therapy Malaria after Dolutegravir failure,0,Treatment Change / Escalation,Efficacy / Outcomes,0.5598161,0.54158145,0.01823467,Prophylaxis / Maintenance,Comparative Treatment Choice,,1,three_way_disagreement,Treatment Change / Escalation,gold_reviewed,True
Q052,HIV/AIDS first line Penicillins evidence based,6,Guideline / Evidence Lookup,Management / Treatment Selection,0.4985875,0.4398679,0.058719575,Management / Treatment Selection,Mechanism / Background Knowledge,,1,three_way_disagreement,Guideline / Evidence Lookup,gold_reviewed,True
Q053,Atypical antipsychotics mechanism of action in Schizophrenia,6,Mechanism / Background Knowledge,Mechanism / Background Knowledge,0.5774651,0.47366923,0.103795886,Management / Treatment Selection,Mechanism / Background Knowledge,Mechanism / Background Knowledge,3,unanimous,Mechanism / Background Knowledge,not_reviewed,False
Q054,is Empagliflozin safe in Chronic Kidney Disease with renal impairment,1,Safety / Contraindication,Comparative Treatment Choice,0.37649468,0.37451792,0.0019767582,Dosing / Administration,Dosing / Administration,,1,three_way_disagreement,Safety / Contraindication,gold_reviewed,True
Q055,Methimazole side effect pada pasien Hyperthyroidism apa saja,0,Safety / Contraindication,Comparative Treatment Choice,0.52935207,0.52915055,0.0002015233,Prophylaxis / Maintenance,Comparative Treatment Choice,Comparative Treatment Choice,2,prototype_cluster_against_rule,Safety / Contraindication,gold_reviewed,True
Q056,Sepsis emergency Piperacillin-tazobactam loading dose berapa,10,Dosing / Administration,Dosing / Administration,0.5372723,0.33792996,0.19934231,Dosing / Administration,Dosing / Administration,Dosing / Administration,3,unanimous,Dosing / Administration,not_reviewed,False
Q057,Dapagliflozin vs Dapagliflozin untuk pasien Chronic Kidney Disease mana lebih efektif,0,Comparative Treatment Choice,Comparative Treatment Choice,0.6681697,0.53735924,0.13081044,Prophylaxis / Maintenance,Comparative Treatment Choice,Comparative Treatment Choice,3,unanimous,Comparative Treatment Choice,gold_reviewed,False
Q058,Thrombolytics role in Ischaemic Stroke pathophysiology,6,Mechanism / Background Knowledge,Mechanism / Background Knowledge,0.5368707,0.41602254,0.12084818,Management / Treatment Selection,Mechanism / Background Knowledge,Mechanism / Background Knowledge,3,unanimous,Mechanism / Background Knowledge,pilot_reviewed,False
Q059,switch dari Dupilumab ke Cyclosporine Psoriasis progresif,0,Treatment Change / Escalation,Comparative Treatment Choice,0.43255907,0.43103832,0.0015207529,Prophylaxis / Maintenance,Comparative Treatment Choice,Comparative Treatment Choice,2,prototype_cluster_against_rule,Treatment Change / Escalation,not_reviewed,True
Q060,Migraine with liver disease first line drug,3,Management / Treatment Selection,Management / Treatment Selection,0.37317178,0.35830876,0.014863014,Dosing / Administration,Dosing / Administration,Management / Treatment Selection,2,two_signal_including_rule,Management / Treatment Selection,not_reviewed,True
Q061,Epilepsy first line Antiepileptics other evidence based,6,Guideline / Evidence Lookup,Management / Treatment Selection,0.4985875,0.4398679,0.058719575,Management / Treatment Selection,Mechanism / Background Knowledge,,1,three_way_disagreement,Guideline / Evidence Lookup,gold_reviewed,True
Q062,latest COPD management guidelines terbaru,0,Guideline / Evidence Lookup,Management / Treatment Selection,0.541885,0.47759482,0.064290196,Prophylaxis / Maintenance,Comparative Treatment Choice,,1,three_way_disagreement,Guideline / Evidence Lookup,not_reviewed,True
Q063,Malaria pada anak dosis Tenofovir disoproxil,10,Dosing / Administration,Dosing / Administration,0.41690025,0.38103405,0.0358662,Dosing / Administration,Dosing / Administration,Dosing / Administration,3,unanimous,Dosing / Administration,not_reviewed,False
Q064,monitoring parameters Methyldopa in Hypertension in Pregnancy,6,Monitoring / Response / Risk Assessment,Prophylaxis / Maintenance,0.51753473,0.51214546,0.005389273,Management / Treatment Selection,Mechanism / Background Knowledge,,1,three_way_disagreement,Monitoring / Response / Risk Assessment,not_reviewed,True
Q065,Semaglutide efficacy pada Type 2 Diabetes Mellitus clinical outcome data,0,Efficacy / Outcomes,Efficacy / Outcomes,0.69424725,0.54532415,0.1489231,Prophylaxis / Maintenance,Comparative Treatment Choice,Efficacy / Outcomes,2,two_signal_including_rule,Efficacy / Outcomes,pilot_reviewed,True
Q066,monitoring parameters Rosuvastatin in Acute Coronary Syndrome,6,Monitoring / Response / Risk Assessment,Prophylaxis / Maintenance,0.51753473,0.51214546,0.005389273,Management / Treatment Selection,Mechanism / Background Knowledge,,1,three_way_disagreement,Monitoring / Response / Risk Assessment,not_reviewed,True
Q067,kapan start Atorvastatin di Acute Coronary Syndrome evidence terbaru 2025,0,Guideline / Evidence Lookup,Management / Treatment Selection,0.46873483,0.45089623,0.017838597,Prophylaxis / Maintenance,Comparative Treatment Choice,,1,three_way_disagreement,Guideline / Evidence Lookup,pilot_reviewed,True
Q068,Labetalol resistance in Hypertension in Pregnancy alternative therapy,0,Treatment Change / Escalation,Comparative Treatment Choice,0.5853206,0.49184525,0.09347534,Prophylaxis / Maintenance,Comparative Treatment Choice,Comparative Treatment Choice,2,prototype_cluster_against_rule,Treatment Change / Escalation,pilot_reviewed,True
Q069,dosis titrasi Alendronate Osteoporosis toleransi pasien,5,Dosing / Administration,Efficacy / Outcomes,0.53874236,0.50579166,0.0329507,Efficacy / Outcomes,Efficacy / Outcomes,Efficacy / Outcomes,2,prototype_cluster_against_rule,Dosing / Administration,gold_reviewed,True
Q070,Furosemide long term outcomes Nephrotic Syndrome,0,Efficacy / Outcomes,Efficacy / Outcomes,0.6288654,0.46695828,0.16190714,Prophylaxis / Maintenance,Comparative Treatment Choice,Efficacy / Outcomes,2,two_signal_including_rule,Efficacy / Outcomes,not_reviewed,True
Q071,Vancomycin vs Piperacillin-tazobactam in Sepsis patients,0,Comparative Treatment Choice,Comparative Treatment Choice,0.60442096,0.5031011,0.10131985,Prophylaxis / Maintenance,Comparative Treatment Choice,Comparative Treatment Choice,3,unanimous,Comparative Treatment Choice,gold_reviewed,False
Q072,prophylaxis Typhoid Fever Artemether-lumefantrine kapan bisa dihentikan,0,Prophylaxis / Maintenance,Prophylaxis / Maintenance,0.6768577,0.429256,0.24760172,Prophylaxis / Maintenance,Comparative Treatment Choice,Prophylaxis / Maintenance,2,two_signal_including_rule,Prophylaxis / Maintenance,not_reviewed,True
Q073,is Valproate safe in Epilepsy with hypertension,1,Safety / Contraindication,Comparative Treatment Choice,0.39009082,0.3802842,0.009806633,Dosing / Administration,Dosing / Administration,,1,three_way_disagreement,Safety / Contraindication,gold_reviewed,True
Q074,Zinc supplements role in Stunting / Malnutrition pathophysiology,6,Mechanism / Background Knowledge,Mechanism / Background Knowledge,0.5368707,0.41602254,0.12084818,Management / Treatment Selection,Mechanism / Background Knowledge,Mechanism / Background Knowledge,3,unanimous,Mechanism / Background Knowledge,not_reviewed,False
Q075,Psoriasis guideline update terbaru summary,0,Guideline / Evidence Lookup,Guideline / Evidence Lookup,0.48310268,0.39330178,0.089800894,Prophylaxis / Maintenance,Comparative Treatment Choice,Guideline / Evidence Lookup,2,two_signal_including_rule,Guideline / Evidence Lookup,not_reviewed,True
Q076,Acute Coronary Syndrome dengan renal impairment penyesuaian dosis Ezetimibe,1,Dosing / Administration,Dosing / Administration,0.44303322,0.37760088,0.06543234,Dosing / Administration,Dosing / Administration,Dosing / Administration,3,unanimous,Dosing / Administration,not_reviewed,False
Q077,algoritma terapi Iron Deficiency Anaemia step up,11,Management / Treatment Selection,Management / Treatment Selection,0.4450853,0.39938256,0.045702726,Management / Treatment Selection,Management / Treatment Selection,Management / Treatment Selection,3,unanimous,Management / Treatment Selection,not_reviewed,False
Q078,apakah Risperidone aman untuk Schizophrenia dengan anaemia,12,Safety / Contraindication,Comparative Treatment Choice,0.3872636,0.34171823,0.04554537,Comparative Treatment Choice,Safety / Contraindication,Safety / Contraindication,2,two_signal_including_rule,Safety / Contraindication,not_reviewed,True
Q079,Benzodiazepines mechanism of action in Febrile Seizure,6,Mechanism / Background Knowledge,Mechanism / Background Knowledge,0.5774651,0.47366923,0.103795886,Management / Treatment Selection,Mechanism / Background Knowledge,Mechanism / Background Knowledge,3,unanimous,Mechanism / Background Knowledge,not_reviewed,False
Q080,Urinary Tract Infection dengan obesity pilihan drug terbaik,2,Management / Treatment Selection,Comparative Treatment Choice,0.42079872,0.41226807,0.008530647,Comparative Treatment Choice,Safety / Contraindication,,1,three_way_disagreement,Management / Treatment Selection,gold_reviewed,True
Q081,Stable Angina dengan hypertension pilihan drug terbaik,1,Management / Treatment Selection,Comparative Treatment Choice,0.4422769,0.43013692,0.012139976,Dosing / Administration,Dosing / Administration,,1,three_way_disagreement,Management / Treatment Selection,pilot_reviewed,True
Q082,add on therapy Tuberculosis after Isoniazid failure,0,Treatment Change / Escalation,Efficacy / Outcomes,0.5598161,0.54158145,0.01823467,Prophylaxis / Maintenance,Comparative Treatment Choice,,1,three_way_disagreement,Treatment Change / Escalation,not_reviewed,True
Q083,latest Pulmonary Embolism management guidelines terbaru,0,Guideline / Evidence Lookup,Management / Treatment Selection,0.541885,0.47759482,0.064290196,Prophylaxis / Maintenance,Comparative Treatment Choice,,1,three_way_disagreement,Guideline / Evidence Lookup,not_reviewed,True
Q084,algoritma terapi COPD step up,11,Management / Treatment Selection,Management / Treatment Selection,0.4450853,0.39938256,0.045702726,Management / Treatment Selection,Management / Treatment Selection,Management / Treatment Selection,3,unanimous,Management / Treatment Selection,not_reviewed,False
Q085,Methylphenidate vs Methylphenidate efficacy in Breast Cancer HER2-positive,0,Comparative Treatment Choice,Comparative Treatment Choice,0.64594364,0.60208803,0.043855608,Prophylaxis / Maintenance,Comparative Treatment Choice,Comparative Treatment Choice,3,unanimous,Comparative Treatment Choice,pilot_reviewed,True
Q086,add on Norepinephrine setelah Piperacillin-tazobactam gagal Sepsis,0,Treatment Change / Escalation,Management / Treatment Selection,0.54273015,0.5365323,0.00619787,Prophylaxis / Maintenance,Comparative Treatment Choice,,1,three_way_disagreement,Treatment Change / Escalation,not_reviewed,True
Q087,Rheumatoid Arthritis dengan renal impairment pilihan drug terbaik,1,Management / Treatment Selection,Comparative Treatment Choice,0.43345293,0.38398215,0.049470782,Dosing / Administration,Dosing / Administration,,1,three_way_disagreement,Management / Treatment Selection,gold_reviewed,True
Q088,renal dose adjustment Diazepam in Febrile Seizure,1,Dosing / Administration,Dosing / Administration,0.5813786,0.4211757,0.16020289,Dosing / Administration,Dosing / Administration,Dosing / Administration,3,unanimous,Dosing / Administration,not_reviewed,False
Q089,biomarkers Community-acquired Pneumonia treatment response Rivaroxaban,0,Monitoring / Response / Risk Assessment,Efficacy / Outcomes,0.5303659,0.47608316,0.054282725,Prophylaxis / Maintenance,Comparative Treatment Choice,,1,three_way_disagreement,Monitoring / Response / Risk Assessment,pilot_reviewed,True
Q090,algoritma terapi Community-acquired Pneumonia step up,11,Management / Treatment Selection,Management / Treatment Selection,0.4450853,0.39938256,0.045702726,Management / Treatment Selection,Management / Treatment Selection,Management / Treatment Selection,3,unanimous,Management / Treatment Selection,not_reviewed,False
Q091,Liraglutide pada pasien elderly Obesity apa perlu adjustment,8,Dosing / Administration,Efficacy / Outcomes,0.45368794,0.4309635,0.02272445,Efficacy / Outcomes,Efficacy / Outcomes,Efficacy / Outcomes,2,prototype_cluster_against_rule,Dosing / Administration,not_reviewed,True
Q092,switch dari Levothyroxine ke Levothyroxine Hyperthyroidism progresif,0,Treatment Change / Escalation,Comparative Treatment Choice,0.43255907,0.43103832,0.0015207529,Prophylaxis / Maintenance,Comparative Treatment Choice,Comparative Treatment Choice,2,prototype_cluster_against_rule,Treatment Change / Escalation,not_reviewed,True
Q093,penggantian Ezetimibe ke Amlodipine pada Acute Coronary Syndrome,0,Treatment Change / Escalation,Comparative Treatment Choice,0.52078336,0.5047836,0.015999794,Prophylaxis / Maintenance,Comparative Treatment Choice,Comparative Treatment Choice,2,prototype_cluster_against_rule,Treatment Change / Escalation,pilot_reviewed,True
Q094,kapan start Azithromycin di Asthma evidence terbaru 2022,0,Guideline / Evidence Lookup,Management / Treatment Selection,0.4684108,0.4572223,0.011188477,Prophylaxis / Maintenance,Comparative Treatment Choice,,1,three_way_disagreement,Guideline / Evidence Lookup,gold_reviewed,True
Q095,monitoring parameters Empagliflozin in Atrial Fibrillation,6,Monitoring / Response / Risk Assessment,Prophylaxis / Maintenance,0.51753473,0.51214546,0.005389273,Management / Treatment Selection,Mechanism / Background Knowledge,,1,three_way_disagreement,Monitoring / Response / Risk Assessment,gold_reviewed,True
Q096,Epilepsy risk stratification approach,9,Monitoring / Response / Risk Assessment,Monitoring / Response / Risk Assessment,0.5332895,0.41424248,0.119047016,Monitoring / Response / Risk Assessment,Monitoring / Response / Risk Assessment,Monitoring / Response / Risk Assessment,3,unanimous,Monitoring / Response / Risk Assessment,not_reviewed,False
Q097,Iron Deficiency Anaemia pada anak dosis Ferrous sulphate,10,Dosing / Administration,Dosing / Administration,0.41690025,0.38103405,0.0358662,Dosing / Administration,Dosing / Administration,Dosing / Administration,3,unanimous,Dosing / Administration,not_reviewed,False
Q098,ARBs terbaru untuk Hypertension 2022,6,Guideline / Evidence Lookup,Comparative Treatment Choice,0.43399033,0.43321,0.000780344,Management / Treatment Selection,Mechanism / Background Knowledge,,1,three_way_disagreement,Guideline / Evidence Lookup,gold_reviewed,True
Q099,Atrial Fibrillation emergency Apixaban loading dose berapa,10,Dosing / Administration,Dosing / Administration,0.5372723,0.33792996,0.19934231,Dosing / Administration,Dosing / Administration,Dosing / Administration,3,unanimous,Dosing / Administration,not_reviewed,False
Q100,prophylaxis Ischaemic Stroke Alteplase kapan bisa dihentikan,0,Prophylaxis / Maintenance,Prophylaxis / Maintenance,0.6768577,0.429256,0.24760172,Prophylaxis / Maintenance,Comparative Treatment Choice,Prophylaxis / Maintenance,2,two_signal_including_rule,Prophylaxis / Maintenance,not_reviewed,True
Q101,Dolutegravir drug interaction with Tenofovir disoproxil in Malaria,0,Interaction / Combination,Interaction / Combination,0.5733186,0.559004,0.014314592,Prophylaxis / Maintenance,Comparative Treatment Choice,Interaction / Combination,2,two_signal_including_rule,Interaction / Combination,not_reviewed,True
Q102,Antimalarials kontraindikasi pada Typhoid Fever dengan obesity,2,Safety / Contraindication,Comparative Treatment Choice,0.34929475,0.33754364,0.011751115,Comparative Treatment Choice,Safety / Contraindication,Safety / Contraindication,2,two_signal_including_rule,Safety / Contraindication,not_reviewed,True
Q103,biomarkers Ischaemic Stroke treatment response Alteplase,0,Monitoring / Response / Risk Assessment,Efficacy / Outcomes,0.5303659,0.47608316,0.054282725,Prophylaxis / Maintenance,Comparative Treatment Choice,,1,three_way_disagreement,Monitoring / Response / Risk Assessment,pilot_reviewed,True
Q104,Erythropoietin loading dose Iron Deficiency Anaemia emergency,10,Dosing / Administration,Dosing / Administration,0.57296896,0.42396364,0.14900532,Dosing / Administration,Dosing / Administration,Dosing / Administration,3,unanimous,Dosing / Administration,not_reviewed,False
Q105,tatalaksana Breast Cancer HER2-positive panduan terbaru 2025,0,Guideline / Evidence Lookup,Efficacy / Outcomes,0.4687352,0.42880732,0.03992787,Prophylaxis / Maintenance,Comparative Treatment Choice,,1,three_way_disagreement,Guideline / Evidence Lookup,gold_reviewed,True
Q106,titration protocol Metoprolol in Heart Failure,5,Dosing / Administration,Efficacy / Outcomes,0.51963717,0.48834637,0.0312908,Efficacy / Outcomes,Efficacy / Outcomes,Efficacy / Outcomes,2,prototype_cluster_against_rule,Dosing / Administration,gold_reviewed,True
Q107,algoritma terapi Asthma step up,11,Management / Treatment Selection,Management / Treatment Selection,0.4450853,0.39938256,0.045702726,Management / Treatment Selection,Management / Treatment Selection,Management / Treatment Selection,3,unanimous,Management / Treatment Selection,not_reviewed,False
Q108,Antituberculotics adverse effects monitoring in Tuberculosis,6,Safety / Contraindication,Monitoring / Response / Risk Assessment,0.5217008,0.4623251,0.059375703,Management / Treatment Selection,Mechanism / Background Knowledge,,1,three_way_disagreement,Safety / Contraindication,pilot_reviewed,True
Q109,kapan start Levetiracetam di Epilepsy evidence terbaru terbaru,0,Guideline / Evidence Lookup,Management / Treatment Selection,0.52072036,0.47006017,0.050660193,Prophylaxis / Maintenance,Comparative Treatment Choice,,1,three_way_disagreement,Guideline / Evidence Lookup,gold_reviewed,True
Q110,dosis titrasi Topiramate Epilepsy toleransi pasien,5,Dosing / Administration,Efficacy / Outcomes,0.53874236,0.50579166,0.0329507,Efficacy / Outcomes,Efficacy / Outcomes,Efficacy / Outcomes,2,prototype_cluster_against_rule,Dosing / Administration,not_reviewed,True
Q111,Erythropoietin contraindication in Iron Deficiency Anaemia with anaemia,12,Safety / Contraindication,Comparative Treatment Choice,0.41774553,0.3797449,0.038000643,Comparative Treatment Choice,Safety / Contraindication,Safety / Contraindication,2,two_signal_including_rule,Safety / Contraindication,pilot_reviewed,True
Q112,Alteplase vs Aspirin in Ischaemic Stroke patients,0,Comparative Treatment Choice,Comparative Treatment Choice,0.604421,0.5031011,0.10131991,Prophylaxis / Maintenance,Comparative Treatment Choice,Comparative Treatment Choice,3,unanimous,Comparative Treatment Choice,not_reviewed,False
Q113,latest Obesity management guidelines 2025,0,Guideline / Evidence Lookup,Management / Treatment Selection,0.501771,0.45513088,0.046640098,Prophylaxis / Maintenance,Comparative Treatment Choice,,1,three_way_disagreement,Guideline / Evidence Lookup,not_reviewed,True
Q114,Colchicine vs Colchicine in Psoriatic Arthritis patients,0,Comparative Treatment Choice,Comparative Treatment Choice,0.604421,0.5031011,0.10131991,Prophylaxis / Maintenance,Comparative Treatment Choice,Comparative Treatment Choice,3,unanimous,Comparative Treatment Choice,not_reviewed,False
Q115,dosis Artemether-lumefantrine untuk pasien Typhoid Fever,10,Dosing / Administration,Dosing / Administration,0.5840998,0.48194748,0.10215235,Dosing / Administration,Dosing / Administration,Dosing / Administration,3,unanimous,Dosing / Administration,not_reviewed,False
Q116,Osteoporosis dengan elderly patients pilihan drug terbaik,8,Management / Treatment Selection,Comparative Treatment Choice,0.43838927,0.3931341,0.045255184,Efficacy / Outcomes,Efficacy / Outcomes,,1,three_way_disagreement,Management / Treatment Selection,gold_reviewed,True
Q117,switch dari Artemether-lumefantrine ke Artemether-lumefantrine Typhoid Fever progresif,0,Treatment Change / Escalation,Comparative Treatment Choice,0.43255907,0.43103832,0.0015207529,Prophylaxis / Maintenance,Comparative Treatment Choice,Comparative Treatment Choice,2,prototype_cluster_against_rule,Treatment Change / Escalation,not_reviewed,True
Q118,Chronic Lymphocytic Leukaemia emergency Ibrutinib loading dose berapa,10,Dosing / Administration,Dosing / Administration,0.5372723,0.33792996,0.19934231,Dosing / Administration,Dosing / Administration,Dosing / Administration,3,unanimous,Dosing / Administration,not_reviewed,False
Q119,Gout first line TNF inhibitors evidence based,6,Guideline / Evidence Lookup,Management / Treatment Selection,0.4985875,0.4398679,0.058719575,Management / Treatment Selection,Mechanism / Background Knowledge,,1,three_way_disagreement,Guideline / Evidence Lookup,gold_reviewed,True
Q120,latest Hypertension management guidelines terbaru,0,Guideline / Evidence Lookup,Management / Treatment Selection,0.541885,0.47759482,0.064290196,Prophylaxis / Maintenance,Comparative Treatment Choice,,1,three_way_disagreement,Guideline / Evidence Lookup,not_reviewed,True
Q121,when to start Venlafaxine in Major Depressive Disorder,0,Management / Treatment Selection,Management / Treatment Selection,0.5849273,0.45099577,0.13393155,Prophylaxis / Maintenance,Comparative Treatment Choice,Management / Treatment Selection,2,two_signal_including_rule,Management / Treatment Selection,not_reviewed,True
Q122,Tenofovir+Lamivudine pada pasien elderly Urinary Tract Infection apa perlu adjustment,8,Dosing / Administration,Efficacy / Outcomes,0.45368794,0.4309635,0.02272445,Efficacy / Outcomes,Efficacy / Outcomes,Efficacy / Outcomes,2,prototype_cluster_against_rule,Dosing / Administration,not_reviewed,True
Q123,kapan mulai terapi Rivaroxaban pada Deep Vein Thrombosis,0,Management / Treatment Selection,Management / Treatment Selection,0.5741702,0.5140454,0.060124755,Prophylaxis / Maintenance,Comparative Treatment Choice,Management / Treatment Selection,2,two_signal_including_rule,Management / Treatment Selection,not_reviewed,True
Q124,add on Tenofovir disoproxil setelah Tenofovir disoproxil gagal Malaria,0,Treatment Change / Escalation,Management / Treatment Selection,0.54273015,0.5365323,0.00619787,Prophylaxis / Maintenance,Comparative Treatment Choice,,1,three_way_disagreement,Treatment Change / Escalation,not_reviewed,True
Q125,kontraindikasi Secukinumab pada Gout dengan heart failure,7,Safety / Contraindication,Comparative Treatment Choice,0.41171816,0.40295392,0.008764237,Comparative Treatment Choice,Safety / Contraindication,Safety / Contraindication,2,two_signal_including_rule,Safety / Contraindication,not_reviewed,True
Q126,add on therapy HIV/AIDS after Levofloxacin failure,0,Treatment Change / Escalation,Efficacy / Outcomes,0.5598161,0.54158145,0.01823467,Prophylaxis / Maintenance,Comparative Treatment Choice,,1,three_way_disagreement,Treatment Change / Escalation,not_reviewed,True
Q127,Tuberculosis with CKD first line drug,4,Management / Treatment Selection,Management / Treatment Selection,0.40241465,0.3505115,0.05190316,Comparative Treatment Choice,Safety / Contraindication,Management / Treatment Selection,2,two_signal_including_rule,Management / Treatment Selection,not_reviewed,True
Q128,kapan start Alendronate di Osteoporosis evidence terbaru 2022,0,Guideline / Evidence Lookup,Management / Treatment Selection,0.4684108,0.4572223,0.011188477,Prophylaxis / Maintenance,Comparative Treatment Choice,,1,three_way_disagreement,Guideline / Evidence Lookup,pilot_reviewed,True
Q129,Imatinib pada ibu hamil dengan Chronic Myeloid Leukaemia,14,Safety / Contraindication,Safety / Contraindication,0.4631558,0.32509786,0.13805795,Safety / Contraindication,Safety / Contraindication,Safety / Contraindication,3,unanimous,Safety / Contraindication,not_reviewed,False
Q130,Bisoprolol dosing in Heart Failure with hypertension,1,Dosing / Administration,Dosing / Administration,0.45440638,0.40705317,0.047353208,Dosing / Administration,Dosing / Administration,Dosing / Administration,3,unanimous,Dosing / Administration,not_reviewed,False
Q131,kontraindikasi Rifampicin pada Tuberculosis dengan COPD,4,Safety / Contraindication,Guideline / Evidence Lookup,0.4231492,0.39776108,0.025388122,Comparative Treatment Choice,Safety / Contraindication,Safety / Contraindication,2,two_signal_including_rule,Safety / Contraindication,not_reviewed,True
Q132,Methotrexate dosing in Systemic Lupus Erythematosus with heart failure,7,Dosing / Administration,Dosing / Administration,0.4281673,0.42417747,0.0039898455,Comparative Treatment Choice,Safety / Contraindication,Dosing / Administration,2,two_signal_including_rule,Dosing / Administration,pilot_reviewed,True
Q133,Omeprazole contraindication in Peptic Ulcer Disease with hypertension,1,Safety / Contraindication,Comparative Treatment Choice,0.4354076,0.43259436,0.0028132498,Dosing / Administration,Dosing / Administration,,1,three_way_disagreement,Safety / Contraindication,pilot_reviewed,True
Q134,Non-Small Cell Lung Cancer prophylaxis Pembrolizumab indication,0,Prophylaxis / Maintenance,Prophylaxis / Maintenance,0.5617696,0.3359575,0.2258121,Prophylaxis / Maintenance,Comparative Treatment Choice,Prophylaxis / Maintenance,2,two_signal_including_rule,Prophylaxis / Maintenance,gold_reviewed,True
Q135,Rosuvastatin hepatic impairment dose in Acute Coronary Syndrome,3,Dosing / Administration,Dosing / Administration,0.5087169,0.29358795,0.21512893,Dosing / Administration,Dosing / Administration,Dosing / Administration,3,unanimous,Dosing / Administration,not_reviewed,False
Q136,add on therapy Hypertension in Pregnancy after Methyldopa failure,0,Treatment Change / Escalation,Efficacy / Outcomes,0.5598161,0.54158145,0.01823467,Prophylaxis / Maintenance,Comparative Treatment Choice,,1,three_way_disagreement,Treatment Change / Escalation,gold_reviewed,True
Q137,ARBs mechanism untuk Heart Failure bagaimana cara kerjanya,6,Mechanism / Background Knowledge,Mechanism / Background Knowledge,0.5507506,0.4448865,0.10586411,Management / Treatment Selection,Mechanism / Background Knowledge,Mechanism / Background Knowledge,3,unanimous,Mechanism / Background Knowledge,not_reviewed,False
Q138,Pembrolizumab pada ibu hamil dengan Non-Small Cell Lung Cancer,14,Safety / Contraindication,Safety / Contraindication,0.4631558,0.32509786,0.13805795,Safety / Contraindication,Safety / Contraindication,Safety / Contraindication,3,unanimous,Safety / Contraindication,not_reviewed,False
Q139,dosis titrasi Artemether-lumefantrine Typhoid Fever toleransi pasien,5,Dosing / Administration,Efficacy / Outcomes,0.53874236,0.50579166,0.0329507,Efficacy / Outcomes,Efficacy / Outcomes,Efficacy / Outcomes,2,prototype_cluster_against_rule,Dosing / Administration,not_reviewed,True
Q140,Beta blockers selective role in Stable Angina pathophysiology,6,Mechanism / Background Knowledge,Mechanism / Background Knowledge,0.5368707,0.41602254,0.12084818,Management / Treatment Selection,Mechanism / Background Knowledge,Mechanism / Background Knowledge,3,unanimous,Mechanism / Background Knowledge,not_reviewed,False
Q141,prophylaxis Colorectal Cancer Pembrolizumab kapan bisa dihentikan,0,Prophylaxis / Maintenance,Prophylaxis / Maintenance,0.6768577,0.429256,0.24760172,Prophylaxis / Maintenance,Comparative Treatment Choice,Prophylaxis / Maintenance,2,two_signal_including_rule,Prophylaxis / Maintenance,not_reviewed,True
Q142,Vitamin A kontraindikasi pada Stunting / Malnutrition dengan COPD,4,Safety / Contraindication,Guideline / Evidence Lookup,0.3951083,0.39322403,0.0018842816,Comparative Treatment Choice,Safety / Contraindication,Safety / Contraindication,2,two_signal_including_rule,Safety / Contraindication,gold_reviewed,True
Q143,switch dari Adalimumab ke Adalimumab Systemic Lupus Erythematosus progresif,0,Treatment Change / Escalation,Comparative Treatment Choice,0.43255907,0.43103832,0.0015207529,Prophylaxis / Maintenance,Comparative Treatment Choice,Comparative Treatment Choice,2,prototype_cluster_against_rule,Treatment Change / Escalation,not_reviewed,True
Q144,Colchicine loading dose Psoriatic Arthritis emergency,10,Dosing / Administration,Dosing / Administration,0.57296896,0.42396364,0.14900532,Dosing / Administration,Dosing / Administration,Dosing / Administration,3,unanimous,Dosing / Administration,not_reviewed,False
Q145,titration protocol Rivaroxaban in Community-acquired Pneumonia,5,Dosing / Administration,Efficacy / Outcomes,0.51963717,0.48834637,0.0312908,Efficacy / Outcomes,Efficacy / Outcomes,Efficacy / Outcomes,2,prototype_cluster_against_rule,Dosing / Administration,gold_reviewed,True
Q146,Bedaquiline vs Rifampicin untuk pasien Tuberculosis mana lebih efektif,0,Comparative Treatment Choice,Comparative Treatment Choice,0.6681697,0.53735924,0.13081044,Prophylaxis / Maintenance,Comparative Treatment Choice,Comparative Treatment Choice,3,unanimous,Comparative Treatment Choice,not_reviewed,False
Q147,Chronic Kidney Disease first line ARBs evidence based,6,Guideline / Evidence Lookup,Management / Treatment Selection,0.4985875,0.4398679,0.058719575,Management / Treatment Selection,Mechanism / Background Knowledge,,1,three_way_disagreement,Guideline / Evidence Lookup,gold_reviewed,True
Q148,MDR Tuberculosis dengan renal impairment penyesuaian dosis Bedaquiline,1,Dosing / Administration,Dosing / Administration,0.44303325,0.37760115,0.0654321,Dosing / Administration,Dosing / Administration,Dosing / Administration,3,unanimous,Dosing / Administration,not_reviewed,False
Q149,Factor Xa inhibitors mechanism of action in Community-acquired Pneumonia,6,Mechanism / Background Knowledge,Mechanism / Background Knowledge,0.5774651,0.47366923,0.103795886,Management / Treatment Selection,Mechanism / Background Knowledge,Mechanism / Background Knowledge,3,unanimous,Mechanism / Background Knowledge,not_reviewed,False
Q150,Magnesium sulphate vs Magnesium sulphate untuk Preeclampsia,0,Comparative Treatment Choice,Comparative Treatment Choice,0.5567372,0.4609677,0.095769495,Prophylaxis / Maintenance,Comparative Treatment Choice,Comparative Treatment Choice,3,unanimous,Comparative Treatment Choice,not_reviewed,False
Q151,latest guideline Preeclampsia management 2024,0,Guideline / Evidence Lookup,Management / Treatment Selection,0.5035444,0.4633015,0.04024288,Prophylaxis / Maintenance,Comparative Treatment Choice,,1,three_way_disagreement,Guideline / Evidence Lookup,gold_reviewed,True
Q152,apakah Bedaquiline aman untuk Tuberculosis dengan obesity,2,Safety / Contraindication,Comparative Treatment Choice,0.3851418,0.3408586,0.04428318,Comparative Treatment Choice,Safety / Contraindication,Safety / Contraindication,2,two_signal_including_rule,Safety / Contraindication,not_reviewed,True
Q153,Rheumatoid Arthritis guideline update 2023 summary,0,Guideline / Evidence Lookup,Guideline / Evidence Lookup,0.505839,0.39763513,0.10820386,Prophylaxis / Maintenance,Comparative Treatment Choice,Guideline / Evidence Lookup,2,two_signal_including_rule,Guideline / Evidence Lookup,not_reviewed,True
Q154,Apixaban hepatic impairment dose in Community-acquired Pneumonia,3,Dosing / Administration,Dosing / Administration,0.5087169,0.29358795,0.21512893,Dosing / Administration,Dosing / Administration,Dosing / Administration,3,unanimous,Dosing / Administration,not_reviewed,False
Q155,kombinasi Artemether-lumefantrine dan Artemether-lumefantrine pada Typhoid Fever aman atau tidak,0,Interaction / Combination,Comparative Treatment Choice,0.5549678,0.515026,0.039941847,Prophylaxis / Maintenance,Comparative Treatment Choice,Comparative Treatment Choice,2,prototype_cluster_against_rule,Interaction / Combination,pilot_reviewed,True
Q156,indikasi Tenofovir+Lamivudine pada Urinary Tract Infection guideline terbaru,0,Guideline / Evidence Lookup,Management / Treatment Selection,0.51540405,0.4784963,0.036907732,Prophylaxis / Maintenance,Comparative Treatment Choice,,1,three_way_disagreement,Guideline / Evidence Lookup,pilot_reviewed,True
Q157,Benzodiazepines in pregnancy and Febrile Seizure,14,Safety / Contraindication,Safety / Contraindication,0.44444117,0.33284876,0.11159241,Safety / Contraindication,Safety / Contraindication,Safety / Contraindication,3,unanimous,Safety / Contraindication,not_reviewed,False
Q158,when to start Sertraline in ADHD,0,Management / Treatment Selection,Management / Treatment Selection,0.5849273,0.45099577,0.13393155,Prophylaxis / Maintenance,Comparative Treatment Choice,Management / Treatment Selection,2,two_signal_including_rule,Management / Treatment Selection,not_reviewed,True
Q159,titration protocol Cyclosporine in Psoriasis,5,Dosing / Administration,Efficacy / Outcomes,0.51963717,0.48834637,0.0312908,Efficacy / Outcomes,Efficacy / Outcomes,Efficacy / Outcomes,2,prototype_cluster_against_rule,Dosing / Administration,gold_reviewed,True
Q160,Obesity pada anak dosis Liraglutide,10,Dosing / Administration,Dosing / Administration,0.41690025,0.38103405,0.0358662,Dosing / Administration,Dosing / Administration,Dosing / Administration,3,unanimous,Dosing / Administration,not_reviewed,False
Q161,Magnesium sulphate pada pasien elderly Preeclampsia apa perlu adjustment,8,Dosing / Administration,Efficacy / Outcomes,0.45368794,0.4309635,0.02272445,Efficacy / Outcomes,Efficacy / Outcomes,Efficacy / Outcomes,2,prototype_cluster_against_rule,Dosing / Administration,not_reviewed,True
Q162,Diazepam contraindication in Febrile Seizure with diabetes,2,Safety / Contraindication,Comparative Treatment Choice,0.4441774,0.43184474,0.012332648,Comparative Treatment Choice,Safety / Contraindication,Safety / Contraindication,2,two_signal_including_rule,Safety / Contraindication,not_reviewed,True
Q163,is Amlodipine safe in Acute Coronary Syndrome with obesity,2,Safety / Contraindication,Comparative Treatment Choice,0.35907868,0.32766822,0.031410456,Comparative Treatment Choice,Safety / Contraindication,Safety / Contraindication,2,two_signal_including_rule,Safety / Contraindication,not_reviewed,True
Q164,Systemic Lupus Erythematosus first line TNF inhibitors evidence based,6,Guideline / Evidence Lookup,Management / Treatment Selection,0.4985875,0.4398679,0.058719575,Management / Treatment Selection,Mechanism / Background Knowledge,,1,three_way_disagreement,Guideline / Evidence Lookup,gold_reviewed,True
Q165,dosis Escitalopram untuk pasien ADHD,10,Dosing / Administration,Dosing / Administration,0.5840998,0.48194748,0.10215235,Dosing / Administration,Dosing / Administration,Dosing / Administration,3,unanimous,Dosing / Administration,not_reviewed,False
Q166,SGLT2 inhibitors role in Chronic Kidney Disease pathophysiology,6,Mechanism / Background Knowledge,Mechanism / Background Knowledge,0.5368707,0.41602254,0.12084818,Management / Treatment Selection,Mechanism / Background Knowledge,Mechanism / Background Knowledge,3,unanimous,Mechanism / Background Knowledge,not_reviewed,False
Q167,penggantian Omeprazole ke Lansoprazole pada Peptic Ulcer Disease,0,Treatment Change / Escalation,Comparative Treatment Choice,0.52078336,0.5047836,0.015999794,Prophylaxis / Maintenance,Comparative Treatment Choice,Comparative Treatment Choice,2,prototype_cluster_against_rule,Treatment Change / Escalation,gold_reviewed,True
Q168,Factor Xa inhibitors terbaru untuk Deep Vein Thrombosis 2022,6,Guideline / Evidence Lookup,Comparative Treatment Choice,0.43399033,0.43321,0.000780344,Management / Treatment Selection,Mechanism / Background Knowledge,,1,three_way_disagreement,Guideline / Evidence Lookup,not_reviewed,True
Q169,Basal insulins mechanism of action in Type 1 Diabetes Mellitus,6,Mechanism / Background Knowledge,Mechanism / Background Knowledge,0.5774651,0.47366923,0.103795886,Management / Treatment Selection,Mechanism / Background Knowledge,Mechanism / Background Knowledge,3,unanimous,Mechanism / Background Knowledge,not_reviewed,False
Q170,Magnesium sulphate vs Magnesium sulphate in Preeclampsia patients,0,Comparative Treatment Choice,Comparative Treatment Choice,0.604421,0.5031011,0.10131991,Prophylaxis / Maintenance,Comparative Treatment Choice,Comparative Treatment Choice,3,unanimous,Comparative Treatment Choice,not_reviewed,False
Q171,Hyperthyroidism prophylaxis Methimazole indication,0,Prophylaxis / Maintenance,Prophylaxis / Maintenance,0.5617696,0.3359575,0.2258121,Prophylaxis / Maintenance,Comparative Treatment Choice,Prophylaxis / Maintenance,2,two_signal_including_rule,Prophylaxis / Maintenance,pilot_reviewed,True
Q172,kapan mulai terapi Aspirin pada Stable Angina,0,Management / Treatment Selection,Management / Treatment Selection,0.5741702,0.5140454,0.060124755,Prophylaxis / Maintenance,Comparative Treatment Choice,Management / Treatment Selection,2,two_signal_including_rule,Management / Treatment Selection,not_reviewed,True
Q173,Stunting / Malnutrition first line Zinc supplements evidence based,6,Guideline / Evidence Lookup,Management / Treatment Selection,0.4985875,0.4398679,0.058719575,Management / Treatment Selection,Mechanism / Background Knowledge,,1,three_way_disagreement,Guideline / Evidence Lookup,gold_reviewed,True
Q174,monitoring Thyroid hormones pada Hypothyroidism parameter apa,6,Monitoring / Response / Risk Assessment,Management / Treatment Selection,0.48822746,0.45789847,0.030328989,Management / Treatment Selection,Mechanism / Background Knowledge,,1,three_way_disagreement,Monitoring / Response / Risk Assessment,not_reviewed,True
Q175,Warfarin dosing in Atrial Fibrillation with CKD,4,Dosing / Administration,Dosing / Administration,0.5688,0.4307492,0.13805076,Comparative Treatment Choice,Safety / Contraindication,Dosing / Administration,2,two_signal_including_rule,Dosing / Administration,not_reviewed,True
Q176,latest guideline Major Depressive Disorder management terbaru,0,Guideline / Evidence Lookup,Management / Treatment Selection,0.53991795,0.43849263,0.10142532,Prophylaxis / Maintenance,Comparative Treatment Choice,,1,three_way_disagreement,Guideline / Evidence Lookup,not_reviewed,True
Q177,Bedaquiline long term outcomes Tuberculosis,0,Efficacy / Outcomes,Efficacy / Outcomes,0.6288654,0.46695828,0.16190714,Prophylaxis / Maintenance,Comparative Treatment Choice,Efficacy / Outcomes,2,two_signal_including_rule,Efficacy / Outcomes,not_reviewed,True
Q178,add on Valproate setelah Valproate gagal Parkinson Disease,0,Treatment Change / Escalation,Management / Treatment Selection,0.54273015,0.5365323,0.00619787,Prophylaxis / Maintenance,Comparative Treatment Choice,,1,three_way_disagreement,Treatment Change / Escalation,not_reviewed,True
Q179,Type 2 Diabetes Mellitus treatment algorithm GLP-1 receptor agonists first line,6,Management / Treatment Selection,Management / Treatment Selection,0.65461355,0.4780019,0.17661166,Management / Treatment Selection,Mechanism / Background Knowledge,Management / Treatment Selection,2,two_signal_including_rule,Management / Treatment Selection,not_reviewed,True
Q180,tatalaksana Type 1 Diabetes Mellitus panduan terbaru 2023,0,Guideline / Evidence Lookup,Efficacy / Outcomes,0.4857589,0.43029144,0.055467457,Prophylaxis / Maintenance,Comparative Treatment Choice,,1,three_way_disagreement,Guideline / Evidence Lookup,gold_reviewed,True
Q181,dosis Alteplase untuk pasien Ischaemic Stroke,10,Dosing / Administration,Dosing / Administration,0.5840998,0.48194748,0.10215235,Dosing / Administration,Dosing / Administration,Dosing / Administration,3,unanimous,Dosing / Administration,not_reviewed,False
Q182,apakah Olanzapine aman untuk Schizophrenia dengan renal impairment,1,Safety / Contraindication,Comparative Treatment Choice,0.39970616,0.38540533,0.014300823,Dosing / Administration,Dosing / Administration,,1,three_way_disagreement,Safety / Contraindication,not_reviewed,True
Q183,Hypertension in Pregnancy pediatric dosing Methyldopa,10,Dosing / Administration,Dosing / Administration,0.5242417,0.36827773,0.15596396,Dosing / Administration,Dosing / Administration,Dosing / Administration,3,unanimous,Dosing / Administration,not_reviewed,False
Q184,Proton pump inhibitors mechanism of action in Peptic Ulcer Disease,6,Mechanism / Background Knowledge,Mechanism / Background Knowledge,0.57746506,0.4736694,0.10379565,Management / Treatment Selection,Mechanism / Background Knowledge,Mechanism / Background Knowledge,3,unanimous,Mechanism / Background Knowledge,gold_reviewed,False
Q185,Isoniazid hepatic impairment dose in Tuberculosis,3,Dosing / Administration,Dosing / Administration,0.5087169,0.29358795,0.21512893,Dosing / Administration,Dosing / Administration,Dosing / Administration,3,unanimous,Dosing / Administration,not_reviewed,False
Q186,dosis titrasi Rivaroxaban Deep Vein Thrombosis toleransi pasien,5,Dosing / Administration,Efficacy / Outcomes,0.53874236,0.50579166,0.0329507,Efficacy / Outcomes,Efficacy / Outcomes,Efficacy / Outcomes,2,prototype_cluster_against_rule,Dosing / Administration,not_reviewed,True
Q187,dosis Venlafaxine pada Major Depressive Disorder pasien hypertension aman tidak,1,Safety / Contraindication,Dosing / Administration,0.44905895,0.39508325,0.0539757,Dosing / Administration,Dosing / Administration,Dosing / Administration,2,prototype_cluster_against_rule,Safety / Contraindication,not_reviewed,True
Q188,interaksi obat Zinc dan Vitamin A pada Stunting / Malnutrition,0,Interaction / Combination,Comparative Treatment Choice,0.5584078,0.5473563,0.011051476,Prophylaxis / Maintenance,Comparative Treatment Choice,Comparative Treatment Choice,2,prototype_cluster_against_rule,Interaction / Combination,gold_reviewed,True
Q189,renal dose adjustment Lansoprazole in Peptic Ulcer Disease,1,Dosing / Administration,Dosing / Administration,0.5813786,0.4211757,0.16020289,Dosing / Administration,Dosing / Administration,Dosing / Administration,3,unanimous,Dosing / Administration,not_reviewed,False
Q190,Macrolides mechanism of action in Asthma,6,Mechanism / Background Knowledge,Mechanism / Background Knowledge,0.5774651,0.47366923,0.103795886,Management / Treatment Selection,Mechanism / Background Knowledge,Mechanism / Background Knowledge,3,unanimous,Mechanism / Background Knowledge,gold_reviewed,False
Q191,Heart Failure dengan renal impairment penyesuaian dosis Bisoprolol,1,Dosing / Administration,Dosing / Administration,0.44303325,0.37760115,0.0654321,Dosing / Administration,Dosing / Administration,Dosing / Administration,3,unanimous,Dosing / Administration,not_reviewed,False
Q192,Diabetes Insipidus emergency Desmopressin loading dose berapa,10,Dosing / Administration,Dosing / Administration,0.5372723,0.33792996,0.19934231,Dosing / Administration,Dosing / Administration,Dosing / Administration,3,unanimous,Dosing / Administration,not_reviewed,False
Q193,Obesity dengan obesity pilihan terapi,0,Management / Treatment Selection,Management / Treatment Selection,0.5266284,0.51066065,0.015967727,Prophylaxis / Maintenance,Comparative Treatment Choice,Management / Treatment Selection,2,two_signal_including_rule,Management / Treatment Selection,not_reviewed,True
Q194,Chronic Kidney Disease prophylaxis Losartan indication,0,Prophylaxis / Maintenance,Prophylaxis / Maintenance,0.5617696,0.3359575,0.2258121,Prophylaxis / Maintenance,Comparative Treatment Choice,Prophylaxis / Maintenance,2,two_signal_including_rule,Prophylaxis / Maintenance,gold_reviewed,True
Q195,add on therapy Asthma after Amoxicillin failure,0,Treatment Change / Escalation,Efficacy / Outcomes,0.5598161,0.54158145,0.01823467,Prophylaxis / Maintenance,Comparative Treatment Choice,,1,three_way_disagreement,Treatment Change / Escalation,gold_reviewed,True
Q196,Gout risk stratification approach,9,Monitoring / Response / Risk Assessment,Monitoring / Response / Risk Assessment,0.5332895,0.41424248,0.119047016,Monitoring / Response / Risk Assessment,Monitoring / Response / Risk Assessment,Monitoring / Response / Risk Assessment,3,unanimous,Monitoring / Response / Risk Assessment,pilot_reviewed,False
Q197,monitoring terapi Bedaquiline pada MDR Tuberculosis,6,Monitoring / Response / Risk Assessment,Management / Treatment Selection,0.54489547,0.5388817,0.006013751,Management / Treatment Selection,Mechanism / Background Knowledge,,1,three_way_disagreement,Monitoring / Response / Risk Assessment,gold_reviewed,True
Q198,Calcium channel blockers new evidence Hypertension 2022,6,Guideline / Evidence Lookup,Guideline / Evidence Lookup,0.43904006,0.373345,0.06569508,Management / Treatment Selection,Mechanism / Background Knowledge,Guideline / Evidence Lookup,2,two_signal_including_rule,Guideline / Evidence Lookup,not_reviewed,True
Q199,Rivaroxaban loading dose Community-acquired Pneumonia emergency,10,Dosing / Administration,Dosing / Administration,0.57296896,0.42396364,0.14900532,Dosing / Administration,Dosing / Administration,Dosing / Administration,3,unanimous,Dosing / Administration,not_reviewed,False
Q200,Tuberculosis risk stratification approach,9,Monitoring / Response / Risk Assessment,Monitoring / Response / Risk Assessment,0.5332895,0.41424248,0.119047016,Monitoring / Response / Risk Assessment,Monitoring / Response / Risk Assessment,Monitoring / Response / Risk Assessment,3,unanimous,Monitoring / Response / Risk Assessment,not_reviewed,False
Q201,interaksi obat Semaglutide dan Liraglutide pada Obesity,0,Interaction / Combination,Comparative Treatment Choice,0.5584078,0.5473563,0.011051476,Prophylaxis / Maintenance,Comparative Treatment Choice,Comparative Treatment Choice,2,prototype_cluster_against_rule,Interaction / Combination,gold_reviewed,True
Q202,HIV/AIDS with obesity first line drug,2,Management / Treatment Selection,Management / Treatment Selection,0.40682024,0.37038922,0.036431015,Comparative Treatment Choice,Safety / Contraindication,Management / Treatment Selection,2,two_signal_including_rule,Management / Treatment Selection,not_reviewed,True
Q203,Corticosteroids in pregnancy and Sepsis,14,Safety / Contraindication,Safety / Contraindication,0.44444117,0.33284876,0.11159241,Safety / Contraindication,Safety / Contraindication,Safety / Contraindication,3,unanimous,Safety / Contraindication,not_reviewed,False
Q204,Iron preparations mechanism untuk Iron Deficiency Anaemia bagaimana cara kerjanya,6,Mechanism / Background Knowledge,Mechanism / Background Knowledge,0.5507506,0.4448865,0.10586411,Management / Treatment Selection,Mechanism / Background Knowledge,Mechanism / Background Knowledge,3,unanimous,Mechanism / Background Knowledge,gold_reviewed,False
Q205,terapi profilaksis Typhoid Fever dengan Artemether-lumefantrine,0,Prophylaxis / Maintenance,Prophylaxis / Maintenance,0.59396416,0.50952107,0.08444309,Prophylaxis / Maintenance,Comparative Treatment Choice,Prophylaxis / Maintenance,2,two_signal_including_rule,Prophylaxis / Maintenance,not_reviewed,True
Q206,Ischaemic Stroke pada anak dosis Aspirin,10,Dosing / Administration,Dosing / Administration,0.41690025,0.38103405,0.0358662,Dosing / Administration,Dosing / Administration,Dosing / Administration,3,unanimous,Dosing / Administration,gold_reviewed,False
Q207,Ramipril combination therapy Hypertension,0,Interaction / Combination,Interaction / Combination,0.59696394,0.57543284,0.021531105,Prophylaxis / Maintenance,Comparative Treatment Choice,Interaction / Combination,2,two_signal_including_rule,Interaction / Combination,not_reviewed,True
Q208,terapi profilaksis Hypertension dengan Ramipril,0,Prophylaxis / Maintenance,Prophylaxis / Maintenance,0.59396416,0.50952107,0.08444309,Prophylaxis / Maintenance,Comparative Treatment Choice,Prophylaxis / Maintenance,2,two_signal_including_rule,Prophylaxis / Maintenance,not_reviewed,True
Q209,switch from Tenofovir+Lamivudine to Tenofovir+Lamivudine in Urinary Tract Infection,0,Treatment Change / Escalation,Management / Treatment Selection,0.5299046,0.48177612,0.048128486,Prophylaxis / Maintenance,Comparative Treatment Choice,,1,three_way_disagreement,Treatment Change / Escalation,not_reviewed,True
Q210,switch dari Venlafaxine ke Escitalopram Major Depressive Disorder progresif,0,Treatment Change / Escalation,Comparative Treatment Choice,0.43255907,0.43103832,0.0015207529,Prophylaxis / Maintenance,Comparative Treatment Choice,Comparative Treatment Choice,2,prototype_cluster_against_rule,Treatment Change / Escalation,not_reviewed,True
Q211,Tuberculosis dengan atrial fibrillation pilihan terapi,13,Management / Treatment Selection,Prophylaxis / Maintenance,0.3174967,0.28662866,0.030868024,Prophylaxis / Maintenance,Prophylaxis / Maintenance,Prophylaxis / Maintenance,2,prototype_cluster_against_rule,Management / Treatment Selection,not_reviewed,True
Q212,is Salmeterol safe in COPD with anaemia,12,Safety / Contraindication,Comparative Treatment Choice,0.3675122,0.32610634,0.041405857,Comparative Treatment Choice,Safety / Contraindication,Safety / Contraindication,2,two_signal_including_rule,Safety / Contraindication,not_reviewed,True
Q213,prophylaxis Hypertension Amlodipine kapan bisa dihentikan,0,Prophylaxis / Maintenance,Prophylaxis / Maintenance,0.6768577,0.429256,0.24760172,Prophylaxis / Maintenance,Comparative Treatment Choice,Prophylaxis / Maintenance,2,two_signal_including_rule,Prophylaxis / Maintenance,not_reviewed,True
Q214,Clozapine hepatic impairment dose in Schizophrenia,3,Dosing / Administration,Dosing / Administration,0.5087169,0.29358795,0.21512893,Dosing / Administration,Dosing / Administration,Dosing / Administration,3,unanimous,Dosing / Administration,not_reviewed,False
Q215,Ferrous sulphate drug interaction with Erythropoietin in Iron Deficiency Anaemia,0,Interaction / Combination,Interaction / Combination,0.5733186,0.559004,0.014314592,Prophylaxis / Maintenance,Comparative Treatment Choice,Interaction / Combination,2,two_signal_including_rule,Interaction / Combination,not_reviewed,True
Q216,Hyperthyroidism guideline update 2024 summary,0,Guideline / Evidence Lookup,Guideline / Evidence Lookup,0.5225044,0.37499854,0.14750585,Prophylaxis / Maintenance,Comparative Treatment Choice,Guideline / Evidence Lookup,2,two_signal_including_rule,Guideline / Evidence Lookup,not_reviewed,True
Q217,algoritma terapi Heart Failure step up,11,Management / Treatment Selection,Management / Treatment Selection,0.4450853,0.39938256,0.045702726,Management / Treatment Selection,Management / Treatment Selection,Management / Treatment Selection,3,unanimous,Management / Treatment Selection,gold_reviewed,False
Q218,kapan mulai terapi Methimazole pada Hyperthyroidism,0,Management / Treatment Selection,Management / Treatment Selection,0.5741702,0.5140454,0.060124755,Prophylaxis / Maintenance,Comparative Treatment Choice,Management / Treatment Selection,2,two_signal_including_rule,Management / Treatment Selection,not_reviewed,True
Q219,Diabetes Insipidus dengan diabetes pilihan drug terbaik,2,Management / Treatment Selection,Management / Treatment Selection,0.50303394,0.46361175,0.039422184,Comparative Treatment Choice,Safety / Contraindication,Management / Treatment Selection,2,two_signal_including_rule,Management / Treatment Selection,not_reviewed,True
Q220,dosis titrasi Nivolumab Colorectal Cancer toleransi pasien,5,Dosing / Administration,Efficacy / Outcomes,0.53874236,0.50579166,0.0329507,Efficacy / Outcomes,Efficacy / Outcomes,Efficacy / Outcomes,2,prototype_cluster_against_rule,Dosing / Administration,not_reviewed,True
Q221,Chronic Lymphocytic Leukaemia risk stratification approach,9,Monitoring / Response / Risk Assessment,Monitoring / Response / Risk Assessment,0.5332895,0.41424248,0.119047016,Monitoring / Response / Risk Assessment,Monitoring / Response / Risk Assessment,Monitoring / Response / Risk Assessment,3,unanimous,Monitoring / Response / Risk Assessment,not_reviewed,False
Q222,MDR Tuberculosis with heart failure first line drug,7,Management / Treatment Selection,Management / Treatment Selection,0.39058715,0.37733567,0.013251483,Comparative Treatment Choice,Safety / Contraindication,Management / Treatment Selection,2,two_signal_including_rule,Management / Treatment Selection,not_reviewed,True
Q223,Rivaroxaban efficacy pada Community-acquired Pneumonia clinical outcome data,0,Efficacy / Outcomes,Efficacy / Outcomes,0.69424725,0.54532415,0.1489231,Prophylaxis / Maintenance,Comparative Treatment Choice,Efficacy / Outcomes,2,two_signal_including_rule,Efficacy / Outcomes,gold_reviewed,True
Q224,Losartan hepatic impairment dose in Hypertension,3,Dosing / Administration,Dosing / Administration,0.5087169,0.29358795,0.21512893,Dosing / Administration,Dosing / Administration,Dosing / Administration,3,unanimous,Dosing / Administration,not_reviewed,False
Q225,Psoriasis dengan elderly patients pilihan drug terbaik,8,Management / Treatment Selection,Comparative Treatment Choice,0.43838927,0.3931341,0.045255184,Efficacy / Outcomes,Efficacy / Outcomes,,1,three_way_disagreement,Management / Treatment Selection,gold_reviewed,True
Q226,target Gout sudah tercapai kapan maintenance Secukinumab,0,Prophylaxis / Maintenance,Prophylaxis / Maintenance,0.6348169,0.5095032,0.1253137,Prophylaxis / Maintenance,Comparative Treatment Choice,Prophylaxis / Maintenance,2,two_signal_including_rule,Prophylaxis / Maintenance,not_reviewed,True
Q227,Spironolactone contraindication in Heart Failure with hypertension,1,Safety / Contraindication,Comparative Treatment Choice,0.4354076,0.43259436,0.0028132498,Dosing / Administration,Dosing / Administration,,1,three_way_disagreement,Safety / Contraindication,pilot_reviewed,True
Q228,is Aspirin safe in Ischaemic Stroke with diabetes,2,Safety / Contraindication,Comparative Treatment Choice,0.38707983,0.38154012,0.0055397153,Comparative Treatment Choice,Safety / Contraindication,Safety / Contraindication,2,two_signal_including_rule,Safety / Contraindication,not_reviewed,True
Q229,Hyperthyroidism treatment algorithm Antithyroid agents first line,6,Management / Treatment Selection,Management / Treatment Selection,0.65461355,0.4780019,0.17661166,Management / Treatment Selection,Mechanism / Background Knowledge,Management / Treatment Selection,2,two_signal_including_rule,Management / Treatment Selection,not_reviewed,True
Q230,Cyclosporine contraindication in Disseminated Intravascular Coagulation with immunocompromised,0,Safety / Contraindication,Prophylaxis / Maintenance,0.4734186,0.4439527,0.029465884,Prophylaxis / Maintenance,Comparative Treatment Choice,,1,three_way_disagreement,Safety / Contraindication,not_reviewed,True
Q231,kombinasi Piperacillin-tazobactam dan Norepinephrine pada Sepsis aman atau tidak,0,Interaction / Combination,Comparative Treatment Choice,0.5549678,0.515026,0.039941847,Prophylaxis / Maintenance,Comparative Treatment Choice,Comparative Treatment Choice,2,prototype_cluster_against_rule,Interaction / Combination,gold_reviewed,True
Q232,Prednisolone side effect pada pasien Rheumatoid Arthritis apa saja,0,Safety / Contraindication,Comparative Treatment Choice,0.52935207,0.52915055,0.0002015233,Prophylaxis / Maintenance,Comparative Treatment Choice,Comparative Treatment Choice,2,prototype_cluster_against_rule,Safety / Contraindication,gold_reviewed,True
Q233,kontraindikasi Budesonide pada Asthma dengan COPD,4,Safety / Contraindication,Guideline / Evidence Lookup,0.4231492,0.39776108,0.025388122,Comparative Treatment Choice,Safety / Contraindication,Safety / Contraindication,2,two_signal_including_rule,Safety / Contraindication,not_reviewed,True
Q234,PD-1 inhibitors mechanism untuk Non-Small Cell Lung Cancer bagaimana cara kerjanya,6,Mechanism / Background Knowledge,Mechanism / Background Knowledge,0.5507506,0.4448865,0.10586411,Management / Treatment Selection,Mechanism / Background Knowledge,Mechanism / Background Knowledge,3,unanimous,Mechanism / Background Knowledge,gold_reviewed,False
Q235,Artemether-lumefantrine vs Artemether-lumefantrine untuk Typhoid Fever,0,Comparative Treatment Choice,Comparative Treatment Choice,0.5567372,0.4609677,0.095769495,Prophylaxis / Maintenance,Comparative Treatment Choice,Comparative Treatment Choice,3,unanimous,Comparative Treatment Choice,gold_reviewed,False
Q236,biomarkers Chronic Myeloid Leukaemia treatment response Imatinib,0,Monitoring / Response / Risk Assessment,Efficacy / Outcomes,0.5303659,0.47608316,0.054282725,Prophylaxis / Maintenance,Comparative Treatment Choice,,1,three_way_disagreement,Monitoring / Response / Risk Assessment,pilot_reviewed,True
Q237,monitoring BCR-ABL inhibitors pada Chronic Myeloid Leukaemia parameter apa,6,Monitoring / Response / Risk Assessment,Management / Treatment Selection,0.48822746,0.45789847,0.030328989,Management / Treatment Selection,Mechanism / Background Knowledge,,1,three_way_disagreement,Monitoring / Response / Risk Assessment,not_reviewed,True
Q238,Basal insulins in pregnancy and Type 1 Diabetes Mellitus,14,Safety / Contraindication,Safety / Contraindication,0.44444117,0.33284876,0.11159241,Safety / Contraindication,Safety / Contraindication,Safety / Contraindication,3,unanimous,Safety / Contraindication,not_reviewed,False
Q239,Ramipril pada pasien elderly Hypertension apa perlu adjustment,8,Dosing / Administration,Efficacy / Outcomes,0.45368794,0.4309635,0.02272445,Efficacy / Outcomes,Efficacy / Outcomes,Efficacy / Outcomes,2,prototype_cluster_against_rule,Dosing / Administration,not_reviewed,True
Q240,Antituberculotics terbaru untuk Tuberculosis 2024,6,Guideline / Evidence Lookup,Management / Treatment Selection,0.3999927,0.38780743,0.012185276,Management / Treatment Selection,Mechanism / Background Knowledge,,1,three_way_disagreement,Guideline / Evidence Lookup,gold_reviewed,True
Q241,dosis Dupilumab untuk pasien Psoriasis,10,Dosing / Administration,Dosing / Administration,0.5840998,0.48194748,0.10215235,Dosing / Administration,Dosing / Administration,Dosing / Administration,3,unanimous,Dosing / Administration,not_reviewed,False
Q242,penanganan Type 2 Diabetes Mellitus di ICU panduan 2023,0,Guideline / Evidence Lookup,Efficacy / Outcomes,0.4808632,0.44902286,0.031840354,Prophylaxis / Maintenance,Comparative Treatment Choice,,1,three_way_disagreement,Guideline / Evidence Lookup,gold_reviewed,True
Q243,Mycophenolate mofetil dosing in Rheumatoid Arthritis with diabetes,2,Dosing / Administration,Comparative Treatment Choice,0.4289724,0.42166585,0.007306546,Comparative Treatment Choice,Safety / Contraindication,,1,three_way_disagreement,Dosing / Administration,pilot_reviewed,True
Q244,Semaglutide vs Liraglutide untuk Obesity,0,Comparative Treatment Choice,Comparative Treatment Choice,0.5567372,0.4609677,0.095769495,Prophylaxis / Maintenance,Comparative Treatment Choice,Comparative Treatment Choice,3,unanimous,Comparative Treatment Choice,gold_reviewed,False
Q245,kapan mulai terapi Pembrolizumab pada Non-Small Cell Lung Cancer,0,Management / Treatment Selection,Management / Treatment Selection,0.5741703,0.51404554,0.060124755,Prophylaxis / Maintenance,Comparative Treatment Choice,Management / Treatment Selection,2,two_signal_including_rule,Management / Treatment Selection,not_reviewed,True
Q246,add on therapy Urinary Tract Infection after Tenofovir+Lamivudine failure,0,Treatment Change / Escalation,Efficacy / Outcomes,0.5598161,0.54158145,0.01823467,Prophylaxis / Maintenance,Comparative Treatment Choice,,1,three_way_disagreement,Treatment Change / Escalation,not_reviewed,True
Q247,resistensi Aspirin pada Ischaemic Stroke alternatif Alteplase,0,Treatment Change / Escalation,Comparative Treatment Choice,0.52945685,0.4643262,0.06513065,Prophylaxis / Maintenance,Comparative Treatment Choice,Comparative Treatment Choice,2,prototype_cluster_against_rule,Treatment Change / Escalation,not_reviewed,True
Q248,Type 1 Diabetes Mellitus first line Basal insulins evidence based,6,Guideline / Evidence Lookup,Management / Treatment Selection,0.4985875,0.4398679,0.058719575,Management / Treatment Selection,Mechanism / Background Knowledge,,1,three_way_disagreement,Guideline / Evidence Lookup,gold_reviewed,True
Q249,Sitagliptin pada pasien elderly Type 2 Diabetes Mellitus apa perlu adjustment,8,Dosing / Administration,Efficacy / Outcomes,0.45368794,0.4309635,0.02272445,Efficacy / Outcomes,Efficacy / Outcomes,Efficacy / Outcomes,2,prototype_cluster_against_rule,Dosing / Administration,pilot_reviewed,True
Q250,efek samping Vitamin K antagonists pada Atrial Fibrillation,0,Safety / Contraindication,Comparative Treatment Choice,0.4656067,0.44791976,0.017686933,Prophylaxis / Maintenance,Comparative Treatment Choice,Comparative Treatment Choice,2,prototype_cluster_against_rule,Safety / Contraindication,pilot_reviewed,True
Q251,Bipolar Disorder risk stratification approach,9,Monitoring / Response / Risk Assessment,Monitoring / Response / Risk Assessment,0.5332895,0.41424248,0.119047016,Monitoring / Response / Risk Assessment,Monitoring / Response / Risk Assessment,Monitoring / Response / Risk Assessment,3,unanimous,Monitoring / Response / Risk Assessment,not_reviewed,False
Q252,latest guideline Major Depressive Disorder management 2022,0,Guideline / Evidence Lookup,Management / Treatment Selection,0.52027947,0.46129236,0.05898711,Prophylaxis / Maintenance,Comparative Treatment Choice,,1,three_way_disagreement,Guideline / Evidence Lookup,not_reviewed,True
Q253,Imatinib side effect pada pasien Chronic Myeloid Leukaemia apa saja,0,Safety / Contraindication,Comparative Treatment Choice,0.52935207,0.52915055,0.0002015233,Prophylaxis / Maintenance,Comparative Treatment Choice,Comparative Treatment Choice,2,prototype_cluster_against_rule,Safety / Contraindication,gold_reviewed,True
Q254,NRTIs combination role in Urinary Tract Infection pathophysiology,6,Mechanism / Background Knowledge,Mechanism / Background Knowledge,0.5368707,0.41602254,0.12084818,Management / Treatment Selection,Mechanism / Background Knowledge,Mechanism / Background Knowledge,3,unanimous,Mechanism / Background Knowledge,not_reviewed,False
Q255,kontraindikasi Salmeterol pada Asthma dengan immunocompromised,0,Safety / Contraindication,Prophylaxis / Maintenance,0.47429535,0.4502803,0.02401504,Prophylaxis / Maintenance,Comparative Treatment Choice,,1,three_way_disagreement,Safety / Contraindication,gold_reviewed,True
Q256,Antituberculotics role in MDR Tuberculosis pathophysiology,6,Mechanism / Background Knowledge,Mechanism / Background Knowledge,0.5368707,0.41602254,0.12084818,Management / Treatment Selection,Mechanism / Background Knowledge,Mechanism / Background Knowledge,3,unanimous,Mechanism / Background Knowledge,gold_reviewed,False
Q257,switch from Imatinib to Imatinib in Chronic Myeloid Leukaemia,0,Treatment Change / Escalation,Management / Treatment Selection,0.5299046,0.48177612,0.048128486,Prophylaxis / Maintenance,Comparative Treatment Choice,,1,three_way_disagreement,Treatment Change / Escalation,not_reviewed,True
Q258,when to start Alteplase in Ischaemic Stroke,0,Management / Treatment Selection,Management / Treatment Selection,0.5849273,0.45099577,0.13393155,Prophylaxis / Maintenance,Comparative Treatment Choice,Management / Treatment Selection,2,two_signal_including_rule,Management / Treatment Selection,not_reviewed,True
Q259,monitoring Atypical antipsychotics pada Schizophrenia parameter apa,6,Monitoring / Response / Risk Assessment,Management / Treatment Selection,0.48822746,0.45789847,0.030328989,Management / Treatment Selection,Mechanism / Background Knowledge,,1,three_way_disagreement,Monitoring / Response / Risk Assessment,not_reviewed,True
Q260,terapi profilaksis Schizophrenia dengan Risperidone,0,Prophylaxis / Maintenance,Prophylaxis / Maintenance,0.59396416,0.50952107,0.08444309,Prophylaxis / Maintenance,Comparative Treatment Choice,Prophylaxis / Maintenance,2,two_signal_including_rule,Prophylaxis / Maintenance,not_reviewed,True
Q261,Penicillins role in HIV/AIDS pathophysiology,6,Mechanism / Background Knowledge,Mechanism / Background Knowledge,0.5368707,0.41602254,0.12084818,Management / Treatment Selection,Mechanism / Background Knowledge,Mechanism / Background Knowledge,3,unanimous,Mechanism / Background Knowledge,pilot_reviewed,False
Q262,kombinasi Piperacillin-tazobactam dan Meropenem pada Sepsis aman atau tidak,0,Interaction / Combination,Comparative Treatment Choice,0.5549678,0.515026,0.039941847,Prophylaxis / Maintenance,Comparative Treatment Choice,Comparative Treatment Choice,2,prototype_cluster_against_rule,Interaction / Combination,gold_reviewed,True
Q263,titration protocol Levothyroxine in Hypothyroidism,5,Dosing / Administration,Efficacy / Outcomes,0.51963717,0.48834637,0.0312908,Efficacy / Outcomes,Efficacy / Outcomes,Efficacy / Outcomes,2,prototype_cluster_against_rule,Dosing / Administration,pilot_reviewed,True
Q264,dosis Levothyroxine untuk pasien Hypothyroidism,10,Dosing / Administration,Dosing / Administration,0.5840998,0.48194748,0.10215235,Dosing / Administration,Dosing / Administration,Dosing / Administration,3,unanimous,Dosing / Administration,not_reviewed,False
Q265,renal dose adjustment Allopurinol in Psoriatic Arthritis,1,Dosing / Administration,Dosing / Administration,0.5813786,0.4211757,0.16020289,Dosing / Administration,Dosing / Administration,Dosing / Administration,3,unanimous,Dosing / Administration,not_reviewed,False
Q266,monitoring terapi Artemether-lumefantrine pada Typhoid Fever,6,Monitoring / Response / Risk Assessment,Management / Treatment Selection,0.54489547,0.5388817,0.006013751,Management / Treatment Selection,Mechanism / Background Knowledge,,1,three_way_disagreement,Monitoring / Response / Risk Assessment,gold_reviewed,True
Q267,Adalimumab side effect pada pasien Gout apa saja,0,Safety / Contraindication,Comparative Treatment Choice,0.52935207,0.52915055,0.0002015233,Prophylaxis / Maintenance,Comparative Treatment Choice,Comparative Treatment Choice,2,prototype_cluster_against_rule,Safety / Contraindication,gold_reviewed,True
Q268,Beta blockers non-selective mechanism of action in Hypertension in Pregnancy,6,Mechanism / Background Knowledge,Mechanism / Background Knowledge,0.57746506,0.4736694,0.10379565,Management / Treatment Selection,Mechanism / Background Knowledge,Mechanism / Background Knowledge,3,unanimous,Mechanism / Background Knowledge,gold_reviewed,False
Q269,Sertraline efficacy pada Major Depressive Disorder clinical outcome data,0,Efficacy / Outcomes,Efficacy / Outcomes,0.69424725,0.54532415,0.1489231,Prophylaxis / Maintenance,Comparative Treatment Choice,Efficacy / Outcomes,2,two_signal_including_rule,Efficacy / Outcomes,gold_reviewed,True
Q270,Bedaquiline pada pasien elderly MDR Tuberculosis apa perlu adjustment,8,Dosing / Administration,Efficacy / Outcomes,0.45368794,0.4309635,0.02272445,Efficacy / Outcomes,Efficacy / Outcomes,Efficacy / Outcomes,2,prototype_cluster_against_rule,Dosing / Administration,not_reviewed,True
Q271,switch dari Alteplase ke Aspirin Ischaemic Stroke progresif,0,Treatment Change / Escalation,Comparative Treatment Choice,0.43255907,0.43103832,0.0015207529,Prophylaxis / Maintenance,Comparative Treatment Choice,Comparative Treatment Choice,2,prototype_cluster_against_rule,Treatment Change / Escalation,not_reviewed,True
Q272,CNS stimulants role in Breast Cancer HER2-positive pathophysiology,6,Mechanism / Background Knowledge,Mechanism / Background Knowledge,0.5368707,0.41602254,0.12084818,Management / Treatment Selection,Mechanism / Background Knowledge,Mechanism / Background Knowledge,3,unanimous,Mechanism / Background Knowledge,not_reviewed,False
Q273,Calcium channel blockers terbaru untuk Acute Coronary Syndrome 2025,6,Guideline / Evidence Lookup,Management / Treatment Selection,0.42417216,0.40342084,0.020751327,Management / Treatment Selection,Mechanism / Background Knowledge,,1,three_way_disagreement,Guideline / Evidence Lookup,not_reviewed,True
Q274,resistensi Alendronate pada Osteoporosis alternatif Alendronate,0,Treatment Change / Escalation,Comparative Treatment Choice,0.52945685,0.4643262,0.06513065,Prophylaxis / Maintenance,Comparative Treatment Choice,Comparative Treatment Choice,2,prototype_cluster_against_rule,Treatment Change / Escalation,not_reviewed,True
Q275,obat MDR Tuberculosis lini pertama Antituberculotics,6,Management / Treatment Selection,Management / Treatment Selection,0.47118554,0.41327143,0.057914108,Management / Treatment Selection,Mechanism / Background Knowledge,Management / Treatment Selection,2,two_signal_including_rule,Management / Treatment Selection,not_reviewed,True
Q276,monitoring parameters Atorvastatin in Acute Coronary Syndrome,6,Monitoring / Response / Risk Assessment,Prophylaxis / Maintenance,0.51753473,0.51214546,0.005389273,Management / Treatment Selection,Mechanism / Background Knowledge,,1,three_way_disagreement,Monitoring / Response / Risk Assessment,not_reviewed,True
Q277,Amoxicillin hepatic impairment dose in HIV/AIDS,3,Dosing / Administration,Dosing / Administration,0.5087169,0.29358795,0.21512893,Dosing / Administration,Dosing / Administration,Dosing / Administration,3,unanimous,Dosing / Administration,not_reviewed,False
Q278,add on Furosemide setelah Furosemide gagal Nephrotic Syndrome,0,Treatment Change / Escalation,Management / Treatment Selection,0.54273015,0.5365323,0.00619787,Prophylaxis / Maintenance,Comparative Treatment Choice,,1,three_way_disagreement,Treatment Change / Escalation,not_reviewed,True
Q279,prophylaxis MDR Tuberculosis Bedaquiline kapan bisa dihentikan,0,Prophylaxis / Maintenance,Prophylaxis / Maintenance,0.6768577,0.429256,0.24760172,Prophylaxis / Maintenance,Comparative Treatment Choice,Prophylaxis / Maintenance,2,two_signal_including_rule,Prophylaxis / Maintenance,not_reviewed,True
Q280,algoritma terapi Malaria step up,11,Management / Treatment Selection,Management / Treatment Selection,0.4450853,0.39938256,0.045702726,Management / Treatment Selection,Management / Treatment Selection,Management / Treatment Selection,3,unanimous,Management / Treatment Selection,not_reviewed,False
Q281,NRTIs combination mechanism of action in Urinary Tract Infection,6,Mechanism / Background Knowledge,Mechanism / Background Knowledge,0.5774651,0.47366923,0.103795886,Management / Treatment Selection,Mechanism / Background Knowledge,Mechanism / Background Knowledge,3,unanimous,Mechanism / Background Knowledge,not_reviewed,False
Q282,Vasopressin analogues kontraindikasi pada Diabetes Insipidus dengan hypertension,1,Safety / Contraindication,Comparative Treatment Choice,0.38513467,0.36624676,0.018887907,Dosing / Administration,Dosing / Administration,,1,three_way_disagreement,Safety / Contraindication,not_reviewed,True
Q283,monitoring Centrally acting antihypertensives pada Hypertension in Pregnancy parameter apa,6,Monitoring / Response / Risk Assessment,Management / Treatment Selection,0.48822746,0.45789847,0.030328989,Management / Treatment Selection,Mechanism / Background Knowledge,,1,three_way_disagreement,Monitoring / Response / Risk Assessment,not_reviewed,True
Q284,Proton pump inhibitors adverse effects monitoring in Peptic Ulcer Disease,6,Safety / Contraindication,Monitoring / Response / Risk Assessment,0.5217008,0.4623251,0.059375703,Management / Treatment Selection,Mechanism / Background Knowledge,,1,three_way_disagreement,Safety / Contraindication,pilot_reviewed,True
Q285,Olanzapine vs Lithium in Bipolar Disorder patients,0,Comparative Treatment Choice,Comparative Treatment Choice,0.604421,0.5031011,0.10131991,Prophylaxis / Maintenance,Comparative Treatment Choice,Comparative Treatment Choice,3,unanimous,Comparative Treatment Choice,not_reviewed,False
Q286,prophylaxis Urinary Tract Infection Tenofovir+Lamivudine kapan bisa dihentikan,0,Prophylaxis / Maintenance,Prophylaxis / Maintenance,0.6768577,0.429256,0.24760172,Prophylaxis / Maintenance,Comparative Treatment Choice,Prophylaxis / Maintenance,2,two_signal_including_rule,Prophylaxis / Maintenance,not_reviewed,True
Q287,panduan klinis Epilepsy terbaru,0,Guideline / Evidence Lookup,Management / Treatment Selection,0.57643974,0.54683703,0.029602706,Prophylaxis / Maintenance,Comparative Treatment Choice,,1,three_way_disagreement,Guideline / Evidence Lookup,not_reviewed,True
Q288,apakah Trastuzumab aman untuk Non-Small Cell Lung Cancer dengan hypertension,1,Safety / Contraindication,Comparative Treatment Choice,0.4127983,0.3956513,0.017146975,Dosing / Administration,Dosing / Administration,,1,three_way_disagreement,Safety / Contraindication,gold_reviewed,True
Q289,Apixaban pada ibu hamil dengan Deep Vein Thrombosis,14,Safety / Contraindication,Safety / Contraindication,0.4631558,0.32509786,0.13805795,Safety / Contraindication,Safety / Contraindication,Safety / Contraindication,3,unanimous,Safety / Contraindication,not_reviewed,False
Q290,monitoring NRTIs combination pada Urinary Tract Infection parameter apa,6,Monitoring / Response / Risk Assessment,Management / Treatment Selection,0.48822746,0.45789847,0.030328989,Management / Treatment Selection,Mechanism / Background Knowledge,,1,three_way_disagreement,Monitoring / Response / Risk Assessment,not_reviewed,True
Q291,Peptic Ulcer Disease dengan hypertension pilihan terapi,1,Management / Treatment Selection,Management / Treatment Selection,0.3916319,0.3911435,0.00048840046,Dosing / Administration,Dosing / Administration,Management / Treatment Selection,2,two_signal_including_rule,Management / Treatment Selection,not_reviewed,True
Q292,Amoxicillin vs Amoxicillin efficacy in HIV/AIDS,0,Comparative Treatment Choice,Comparative Treatment Choice,0.64594364,0.60208803,0.043855608,Prophylaxis / Maintenance,Comparative Treatment Choice,Comparative Treatment Choice,3,unanimous,Comparative Treatment Choice,pilot_reviewed,True
Q293,resistensi Prednisolone pada Asthma alternatif Azithromycin,0,Treatment Change / Escalation,Comparative Treatment Choice,0.52945685,0.4643262,0.06513065,Prophylaxis / Maintenance,Comparative Treatment Choice,Comparative Treatment Choice,2,prototype_cluster_against_rule,Treatment Change / Escalation,not_reviewed,True
Q294,dosis titrasi Levothyroxine Hyperthyroidism toleransi pasien,5,Dosing / Administration,Efficacy / Outcomes,0.53874236,0.50579166,0.0329507,Efficacy / Outcomes,Efficacy / Outcomes,Efficacy / Outcomes,2,prototype_cluster_against_rule,Dosing / Administration,not_reviewed,True
Q295,switch from Sertraline to Venlafaxine in Major Depressive Disorder,0,Treatment Change / Escalation,Management / Treatment Selection,0.5299046,0.48177612,0.048128486,Prophylaxis / Maintenance,Comparative Treatment Choice,,1,three_way_disagreement,Treatment Change / Escalation,not_reviewed,True
Q296,resistensi Bedaquiline pada Tuberculosis alternatif Rifampicin,0,Treatment Change / Escalation,Comparative Treatment Choice,0.52945685,0.4643262,0.06513065,Prophylaxis / Maintenance,Comparative Treatment Choice,Comparative Treatment Choice,2,prototype_cluster_against_rule,Treatment Change / Escalation,not_reviewed,True
Q297,Colorectal Cancer with COPD first line drug,4,Management / Treatment Selection,Management / Treatment Selection,0.4061635,0.36829162,0.037871897,Comparative Treatment Choice,Safety / Contraindication,Management / Treatment Selection,2,two_signal_including_rule,Management / Treatment Selection,not_reviewed,True
Q298,penggantian Apixaban ke Rivaroxaban pada Deep Vein Thrombosis,0,Treatment Change / Escalation,Comparative Treatment Choice,0.52078336,0.5047836,0.015999794,Prophylaxis / Maintenance,Comparative Treatment Choice,Comparative Treatment Choice,2,prototype_cluster_against_rule,Treatment Change / Escalation,pilot_reviewed,True
Q299,Zinc hepatic impairment dose in Stunting / Malnutrition,3,Dosing / Administration,Dosing / Administration,0.5087169,0.29358795,0.21512893,Dosing / Administration,Dosing / Administration,Dosing / Administration,3,unanimous,Dosing / Administration,not_reviewed,False
Q300,dosis Apixaban pada Community-acquired Pneumonia pasien CKD aman tidak,4,Safety / Contraindication,Dosing / Administration,0.5784772,0.48001412,0.09846309,Comparative Treatment Choice,Safety / Contraindication,Safety / Contraindication,2,two_signal_including_rule,Safety / Contraindication,not_reviewed,True
Q301,monitoring parameters Topiramate in Epilepsy,6,Monitoring / Response / Risk Assessment,Prophylaxis / Maintenance,0.51753473,0.51214546,0.005389273,Management / Treatment Selection,Mechanism / Background Knowledge,,1,three_way_disagreement,Monitoring / Response / Risk Assessment,gold_reviewed,True
Q302,dosis titrasi Topiramate Migraine toleransi pasien,5,Dosing / Administration,Efficacy / Outcomes,0.53874236,0.50579166,0.0329507,Efficacy / Outcomes,Efficacy / Outcomes,Efficacy / Outcomes,2,prototype_cluster_against_rule,Dosing / Administration,not_reviewed,True
Q303,Parkinson Disease treatment algorithm Dopaminergic agents first line,6,Management / Treatment Selection,Management / Treatment Selection,0.65461355,0.4780019,0.17661166,Management / Treatment Selection,Mechanism / Background Knowledge,Management / Treatment Selection,2,two_signal_including_rule,Management / Treatment Selection,not_reviewed,True
Q304,target Major Depressive Disorder sudah tercapai kapan maintenance Venlafaxine,0,Prophylaxis / Maintenance,Prophylaxis / Maintenance,0.6348169,0.5095032,0.1253137,Prophylaxis / Maintenance,Comparative Treatment Choice,Prophylaxis / Maintenance,2,two_signal_including_rule,Prophylaxis / Maintenance,gold_reviewed,True
Q305,when to start Diazepam in Febrile Seizure,0,Management / Treatment Selection,Management / Treatment Selection,0.5849273,0.45099577,0.13393155,Prophylaxis / Maintenance,Comparative Treatment Choice,Management / Treatment Selection,2,two_signal_including_rule,Management / Treatment Selection,not_reviewed,True
Q306,Tenofovir+Lamivudine combination therapy Urinary Tract Infection,0,Interaction / Combination,Interaction / Combination,0.59696394,0.57543284,0.021531105,Prophylaxis / Maintenance,Comparative Treatment Choice,Interaction / Combination,2,two_signal_including_rule,Interaction / Combination,not_reviewed,True
Q307,Fluoroquinolones in pregnancy and HIV/AIDS,14,Safety / Contraindication,Safety / Contraindication,0.44444117,0.33284876,0.11159241,Safety / Contraindication,Safety / Contraindication,Safety / Contraindication,3,unanimous,Safety / Contraindication,not_reviewed,False
Q308,MDR Tuberculosis dengan CKD pilihan drug terbaik,4,Management / Treatment Selection,Comparative Treatment Choice,0.4793575,0.46926022,0.010097295,Comparative Treatment Choice,Safety / Contraindication,,1,three_way_disagreement,Management / Treatment Selection,pilot_reviewed,True
Q309,Bedaquiline long term outcomes MDR Tuberculosis,0,Efficacy / Outcomes,Efficacy / Outcomes,0.6288654,0.46695828,0.16190714,Prophylaxis / Maintenance,Comparative Treatment Choice,Efficacy / Outcomes,2,two_signal_including_rule,Efficacy / Outcomes,gold_reviewed,True
Q310,target terapi Rheumatoid Arthritis dengan Proteasome inhibitors,6,Management / Treatment Selection,Management / Treatment Selection,0.59910405,0.5242154,0.07488865,Management / Treatment Selection,Mechanism / Background Knowledge,Management / Treatment Selection,2,two_signal_including_rule,Management / Treatment Selection,not_reviewed,True
Q311,add on therapy Typhoid Fever after Artemether-lumefantrine failure,0,Treatment Change / Escalation,Efficacy / Outcomes,0.5598161,0.54158145,0.01823467,Prophylaxis / Maintenance,Comparative Treatment Choice,,1,three_way_disagreement,Treatment Change / Escalation,not_reviewed,True
Q312,Tuberculosis prophylaxis Isoniazid indication,0,Prophylaxis / Maintenance,Prophylaxis / Maintenance,0.5617696,0.3359575,0.2258121,Prophylaxis / Maintenance,Comparative Treatment Choice,Prophylaxis / Maintenance,2,two_signal_including_rule,Prophylaxis / Maintenance,pilot_reviewed,True
Q313,indikasi Losartan pada Chronic Kidney Disease guideline terbaru,0,Guideline / Evidence Lookup,Management / Treatment Selection,0.51540405,0.4784963,0.036907732,Prophylaxis / Maintenance,Comparative Treatment Choice,,1,three_way_disagreement,Guideline / Evidence Lookup,pilot_reviewed,True
Q314,switch dari Rifampicin ke Isoniazid Tuberculosis progresif,0,Treatment Change / Escalation,Comparative Treatment Choice,0.43255907,0.43103832,0.0015207529,Prophylaxis / Maintenance,Comparative Treatment Choice,Comparative Treatment Choice,2,prototype_cluster_against_rule,Treatment Change / Escalation,not_reviewed,True
Q315,latest guideline Rheumatoid Arthritis management 2023,0,Guideline / Evidence Lookup,Management / Treatment Selection,0.51731664,0.46283123,0.05448541,Prophylaxis / Maintenance,Comparative Treatment Choice,,1,three_way_disagreement,Guideline / Evidence Lookup,gold_reviewed,True
Q316,Lansoprazole vs Omeprazole untuk pasien Peptic Ulcer Disease mana lebih efektif,0,Comparative Treatment Choice,Comparative Treatment Choice,0.6681697,0.53735924,0.13081044,Prophylaxis / Maintenance,Comparative Treatment Choice,Comparative Treatment Choice,3,unanimous,Comparative Treatment Choice,gold_reviewed,False
Q317,Methylphenidate efficacy pada Breast Cancer HER2-positive clinical outcome data,0,Efficacy / Outcomes,Efficacy / Outcomes,0.69424725,0.54532415,0.1489231,Prophylaxis / Maintenance,Comparative Treatment Choice,Efficacy / Outcomes,2,two_signal_including_rule,Efficacy / Outcomes,gold_reviewed,True
Q318,Venlafaxine vs Escitalopram efficacy in Major Depressive Disorder,0,Comparative Treatment Choice,Comparative Treatment Choice,0.64594364,0.60208803,0.043855608,Prophylaxis / Maintenance,Comparative Treatment Choice,Comparative Treatment Choice,3,unanimous,Comparative Treatment Choice,pilot_reviewed,True
Q319,dosis titrasi Adalimumab Gout toleransi pasien,5,Dosing / Administration,Efficacy / Outcomes,0.53874236,0.50579166,0.0329507,Efficacy / Outcomes,Efficacy / Outcomes,Efficacy / Outcomes,2,prototype_cluster_against_rule,Dosing / Administration,not_reviewed,True
Q320,is Bedaquiline safe in Tuberculosis with hepatic impairment,3,Safety / Contraindication,Dosing / Administration,0.3437913,0.3357088,0.008082509,Dosing / Administration,Dosing / Administration,Dosing / Administration,2,prototype_cluster_against_rule,Safety / Contraindication,pilot_reviewed,True
Q321,Escitalopram drug interaction with Sertraline in ADHD,0,Interaction / Combination,Interaction / Combination,0.5733186,0.559004,0.014314592,Prophylaxis / Maintenance,Comparative Treatment Choice,Interaction / Combination,2,two_signal_including_rule,Interaction / Combination,not_reviewed,True
Q322,Dolutegravir hepatic impairment dose in Malaria,3,Dosing / Administration,Dosing / Administration,0.5087169,0.29358795,0.21512893,Dosing / Administration,Dosing / Administration,Dosing / Administration,3,unanimous,Dosing / Administration,not_reviewed,False
Q323,efek samping Inhaled corticosteroids pada Asthma,0,Safety / Contraindication,Comparative Treatment Choice,0.4656067,0.44791976,0.017686933,Prophylaxis / Maintenance,Comparative Treatment Choice,Comparative Treatment Choice,2,prototype_cluster_against_rule,Safety / Contraindication,pilot_reviewed,True
Q324,monitoring parameters Aspirin in Stable Angina,6,Monitoring / Response / Risk Assessment,Prophylaxis / Maintenance,0.51753473,0.51214546,0.005389273,Management / Treatment Selection,Mechanism / Background Knowledge,,1,three_way_disagreement,Monitoring / Response / Risk Assessment,gold_reviewed,True
Q325,target Systemic Lupus Erythematosus sudah tercapai kapan maintenance Adalimumab,0,Prophylaxis / Maintenance,Prophylaxis / Maintenance,0.6348169,0.5095032,0.1253137,Prophylaxis / Maintenance,Comparative Treatment Choice,Prophylaxis / Maintenance,2,two_signal_including_rule,Prophylaxis / Maintenance,not_reviewed,True
Q326,titration protocol Ferrous sulphate in Iron Deficiency Anaemia,5,Dosing / Administration,Efficacy / Outcomes,0.51963717,0.48834637,0.0312908,Efficacy / Outcomes,Efficacy / Outcomes,Efficacy / Outcomes,2,prototype_cluster_against_rule,Dosing / Administration,not_reviewed,True
Q327,kombinasi Desmopressin dan Desmopressin pada Diabetes Insipidus aman atau tidak,0,Interaction / Combination,Comparative Treatment Choice,0.5549678,0.515026,0.039941847,Prophylaxis / Maintenance,Comparative Treatment Choice,Comparative Treatment Choice,2,prototype_cluster_against_rule,Interaction / Combination,pilot_reviewed,True
Q328,kombinasi Piperacillin-tazobactam dan Hydrocortisone pada Sepsis aman atau tidak,0,Interaction / Combination,Comparative Treatment Choice,0.5549678,0.515026,0.039941847,Prophylaxis / Maintenance,Comparative Treatment Choice,Comparative Treatment Choice,2,prototype_cluster_against_rule,Interaction / Combination,gold_reviewed,True
Q329,algoritma terapi Major Depressive Disorder step up,11,Management / Treatment Selection,Management / Treatment Selection,0.4450853,0.39938256,0.045702726,Management / Treatment Selection,Management / Treatment Selection,Management / Treatment Selection,3,unanimous,Management / Treatment Selection,not_reviewed,False
Q330,Lithium side effect pada pasien Bipolar Disorder apa saja,0,Safety / Contraindication,Comparative Treatment Choice,0.52935207,0.52915055,0.0002015233,Prophylaxis / Maintenance,Comparative Treatment Choice,Comparative Treatment Choice,2,prototype_cluster_against_rule,Safety / Contraindication,gold_reviewed,True
Q331,Osteoporosis dengan renal impairment penyesuaian dosis Alendronate,1,Dosing / Administration,Dosing / Administration,0.44303322,0.37760088,0.06543234,Dosing / Administration,Dosing / Administration,Dosing / Administration,3,unanimous,Dosing / Administration,not_reviewed,False
Q332,kapan mulai terapi Desmopressin pada Diabetes Insipidus,0,Management / Treatment Selection,Management / Treatment Selection,0.5741703,0.51404554,0.060124755,Prophylaxis / Maintenance,Comparative Treatment Choice,Management / Treatment Selection,2,two_signal_including_rule,Management / Treatment Selection,not_reviewed,True
Q333,kontraindikasi Diazepam pada Febrile Seizure dengan hypertension,1,Safety / Contraindication,Comparative Treatment Choice,0.41086832,0.4023037,0.008564621,Dosing / Administration,Dosing / Administration,,1,three_way_disagreement,Safety / Contraindication,not_reviewed,True
Q334,Community-acquired Pneumonia prophylaxis Apixaban indication,0,Prophylaxis / Maintenance,Prophylaxis / Maintenance,0.5617696,0.3359575,0.2258121,Prophylaxis / Maintenance,Comparative Treatment Choice,Prophylaxis / Maintenance,2,two_signal_including_rule,Prophylaxis / Maintenance,gold_reviewed,True
Q335,Metronidazole vs Omeprazole untuk pasien Pulmonary Embolism mana lebih efektif,0,Comparative Treatment Choice,Comparative Treatment Choice,0.6681697,0.53735924,0.13081044,Prophylaxis / Maintenance,Comparative Treatment Choice,Comparative Treatment Choice,3,unanimous,Comparative Treatment Choice,gold_reviewed,False
Q336,Lithium contraindication in Bipolar Disorder with anaemia,12,Safety / Contraindication,Comparative Treatment Choice,0.41774553,0.3797449,0.038000643,Comparative Treatment Choice,Safety / Contraindication,Safety / Contraindication,2,two_signal_including_rule,Safety / Contraindication,gold_reviewed,True
Q337,Chronic Kidney Disease with immunocompromised first line drug,0,Management / Treatment Selection,Management / Treatment Selection,0.41710377,0.38799953,0.029104233,Prophylaxis / Maintenance,Comparative Treatment Choice,Management / Treatment Selection,2,two_signal_including_rule,Management / Treatment Selection,not_reviewed,True
Q338,Metronidazole vs Metronidazole in Inflammatory Bowel Disease patients,0,Comparative Treatment Choice,Comparative Treatment Choice,0.604421,0.5031011,0.10131991,Prophylaxis / Maintenance,Comparative Treatment Choice,Comparative Treatment Choice,3,unanimous,Comparative Treatment Choice,not_reviewed,False
Q339,Clozapine vs Clozapine in Schizophrenia patients,0,Comparative Treatment Choice,Comparative Treatment Choice,0.60442096,0.5031011,0.10131985,Prophylaxis / Maintenance,Comparative Treatment Choice,Comparative Treatment Choice,3,unanimous,Comparative Treatment Choice,gold_reviewed,False
Q340,latest guideline Peptic Ulcer Disease management 2023,0,Guideline / Evidence Lookup,Management / Treatment Selection,0.5173166,0.46283126,0.05448532,Prophylaxis / Maintenance,Comparative Treatment Choice,,1,three_way_disagreement,Guideline / Evidence Lookup,not_reviewed,True
Q341,switch from Clopidogrel to Rosuvastatin in Stable Angina,0,Treatment Change / Escalation,Management / Treatment Selection,0.5299046,0.48177612,0.048128486,Prophylaxis / Maintenance,Comparative Treatment Choice,,1,three_way_disagreement,Treatment Change / Escalation,not_reviewed,True
Q342,dosis titrasi Vancomycin Sepsis toleransi pasien,5,Dosing / Administration,Efficacy / Outcomes,0.53874236,0.50579166,0.0329507,Efficacy / Outcomes,Efficacy / Outcomes,Efficacy / Outcomes,2,prototype_cluster_against_rule,Dosing / Administration,not_reviewed,True
Q343,obat HIV/AIDS lini pertama Penicillins,6,Management / Treatment Selection,Management / Treatment Selection,0.47118554,0.41327143,0.057914108,Management / Treatment Selection,Mechanism / Background Knowledge,Management / Treatment Selection,2,two_signal_including_rule,Management / Treatment Selection,not_reviewed,True
Q344,panduan klinis MDR Tuberculosis terbaru,0,Guideline / Evidence Lookup,Management / Treatment Selection,0.57643974,0.54683703,0.029602706,Prophylaxis / Maintenance,Comparative Treatment Choice,,1,three_way_disagreement,Guideline / Evidence Lookup,not_reviewed,True
Q345,monitoring parameters Apixaban in Community-acquired Pneumonia,6,Monitoring / Response / Risk Assessment,Prophylaxis / Maintenance,0.51753473,0.51214546,0.005389273,Management / Treatment Selection,Mechanism / Background Knowledge,,1,three_way_disagreement,Monitoring / Response / Risk Assessment,gold_reviewed,True
Q346,Chronic Kidney Disease dengan renal impairment penyesuaian dosis Losartan,1,Dosing / Administration,Dosing / Administration,0.44303322,0.37760088,0.06543234,Dosing / Administration,Dosing / Administration,Dosing / Administration,3,unanimous,Dosing / Administration,not_reviewed,False
Q347,Prednisolone hepatic impairment dose in Rheumatoid Arthritis,3,Dosing / Administration,Dosing / Administration,0.5087169,0.29358795,0.21512893,Dosing / Administration,Dosing / Administration,Dosing / Administration,3,unanimous,Dosing / Administration,not_reviewed,False
Q348,Ramipril side effect pada pasien Hypertension apa saja,0,Safety / Contraindication,Comparative Treatment Choice,0.52935207,0.52915055,0.0002015233,Prophylaxis / Maintenance,Comparative Treatment Choice,Comparative Treatment Choice,2,prototype_cluster_against_rule,Safety / Contraindication,gold_reviewed,True
Q349,dosis Liraglutide untuk pasien Obesity,10,Dosing / Administration,Dosing / Administration,0.5840998,0.48194748,0.10215235,Dosing / Administration,Dosing / Administration,Dosing / Administration,3,unanimous,Dosing / Administration,not_reviewed,False
Q350,Valproate resistance in Epilepsy alternative therapy,0,Treatment Change / Escalation,Comparative Treatment Choice,0.5853206,0.49184525,0.09347534,Prophylaxis / Maintenance,Comparative Treatment Choice,Comparative Treatment Choice,2,prototype_cluster_against_rule,Treatment Change / Escalation,pilot_reviewed,True
Q351,dosis Rifampicin pada Tuberculosis pasien pregnancy aman tidak,14,Safety / Contraindication,Safety / Contraindication,0.5713311,0.4429491,0.128382,Safety / Contraindication,Safety / Contraindication,Safety / Contraindication,3,unanimous,Safety / Contraindication,not_reviewed,True
Q352,panduan klinis ADHD terbaru,0,Guideline / Evidence Lookup,Management / Treatment Selection,0.57643974,0.54683703,0.029602706,Prophylaxis / Maintenance,Comparative Treatment Choice,,1,three_way_disagreement,Guideline / Evidence Lookup,not_reviewed,True
Q353,Nivolumab efficacy pada Non-Small Cell Lung Cancer clinical outcome data,0,Efficacy / Outcomes,Efficacy / Outcomes,0.69424725,0.54532415,0.1489231,Prophylaxis / Maintenance,Comparative Treatment Choice,Efficacy / Outcomes,2,two_signal_including_rule,Efficacy / Outcomes,pilot_reviewed,True
Q354,apakah Topiramate aman untuk Migraine dengan hypertension,1,Safety / Contraindication,Comparative Treatment Choice,0.4127983,0.3956513,0.017146975,Dosing / Administration,Dosing / Administration,,1,three_way_disagreement,Safety / Contraindication,not_reviewed,True
Q355,terapi profilaksis Chronic Kidney Disease dengan Empagliflozin,0,Prophylaxis / Maintenance,Prophylaxis / Maintenance,0.59396416,0.50952107,0.08444309,Prophylaxis / Maintenance,Comparative Treatment Choice,Prophylaxis / Maintenance,2,two_signal_including_rule,Prophylaxis / Maintenance,not_reviewed,True
Q356,apakah Dapagliflozin aman untuk Chronic Kidney Disease dengan pregnancy,14,Safety / Contraindication,Safety / Contraindication,0.58416516,0.3485064,0.23565876,Safety / Contraindication,Safety / Contraindication,Safety / Contraindication,3,unanimous,Safety / Contraindication,not_reviewed,False
Q357,Pembrolizumab long term outcomes Non-Small Cell Lung Cancer,0,Efficacy / Outcomes,Efficacy / Outcomes,0.6288654,0.46695828,0.16190714,Prophylaxis / Maintenance,Comparative Treatment Choice,Efficacy / Outcomes,2,two_signal_including_rule,Efficacy / Outcomes,not_reviewed,True
Q358,Methylphenidate loading dose Breast Cancer HER2-positive emergency,10,Dosing / Administration,Dosing / Administration,0.57296896,0.42396364,0.14900532,Dosing / Administration,Dosing / Administration,Dosing / Administration,3,unanimous,Dosing / Administration,not_reviewed,False
Q359,dosis Adalimumab untuk pasien Systemic Lupus Erythematosus,10,Dosing / Administration,Dosing / Administration,0.5840998,0.48194748,0.10215235,Dosing / Administration,Dosing / Administration,Dosing / Administration,3,unanimous,Dosing / Administration,not_reviewed,False
Q360,is Semaglutide safe in Obesity with elderly patients,8,Safety / Contraindication,Efficacy / Outcomes,0.4100349,0.3852182,0.024816692,Efficacy / Outcomes,Efficacy / Outcomes,Efficacy / Outcomes,2,prototype_cluster_against_rule,Safety / Contraindication,not_reviewed,True
Q361,penanganan Type 2 Diabetes Mellitus di ICU panduan 2022,0,Guideline / Evidence Lookup,Efficacy / Outcomes,0.4823911,0.45673767,0.025653422,Prophylaxis / Maintenance,Comparative Treatment Choice,,1,three_way_disagreement,Guideline / Evidence Lookup,gold_reviewed,True
Q362,tatalaksana ADHD panduan terbaru terbaru,0,Guideline / Evidence Lookup,Efficacy / Outcomes,0.51867145,0.48833,0.030341446,Prophylaxis / Maintenance,Comparative Treatment Choice,,1,three_way_disagreement,Guideline / Evidence Lookup,pilot_reviewed,True
Q363,target Type 2 Diabetes Mellitus sudah tercapai kapan maintenance Liraglutide,0,Prophylaxis / Maintenance,Prophylaxis / Maintenance,0.6348169,0.5095032,0.1253137,Prophylaxis / Maintenance,Comparative Treatment Choice,Prophylaxis / Maintenance,2,two_signal_including_rule,Prophylaxis / Maintenance,gold_reviewed,True
Q364,switch from Aspirin to Aspirin in Ischaemic Stroke,0,Treatment Change / Escalation,Management / Treatment Selection,0.5299046,0.48177612,0.048128486,Prophylaxis / Maintenance,Comparative Treatment Choice,,1,three_way_disagreement,Treatment Change / Escalation,not_reviewed,True
Q365,Antimalarials in pregnancy and Typhoid Fever,14,Safety / Contraindication,Safety / Contraindication,0.44444117,0.33284876,0.11159241,Safety / Contraindication,Safety / Contraindication,Safety / Contraindication,3,unanimous,Safety / Contraindication,not_reviewed,False
Q366,Venlafaxine long term outcomes Major Depressive Disorder,0,Efficacy / Outcomes,Efficacy / Outcomes,0.6288654,0.46695828,0.16190714,Prophylaxis / Maintenance,Comparative Treatment Choice,Efficacy / Outcomes,2,two_signal_including_rule,Efficacy / Outcomes,not_reviewed,True
Q367,ARBs in pregnancy and Hypertension,14,Safety / Contraindication,Safety / Contraindication,0.44444117,0.33284876,0.11159241,Safety / Contraindication,Safety / Contraindication,Safety / Contraindication,3,unanimous,Safety / Contraindication,not_reviewed,False
Q368,Community-acquired Pneumonia dengan hepatic impairment pilihan drug terbaik,3,Management / Treatment Selection,Comparative Treatment Choice,0.40380847,0.35622182,0.04758665,Dosing / Administration,Dosing / Administration,,1,three_way_disagreement,Management / Treatment Selection,not_reviewed,True
Q369,Nivolumab vs Pembrolizumab untuk Non-Small Cell Lung Cancer,0,Comparative Treatment Choice,Comparative Treatment Choice,0.5567372,0.4609677,0.095769495,Prophylaxis / Maintenance,Comparative Treatment Choice,Comparative Treatment Choice,3,unanimous,Comparative Treatment Choice,not_reviewed,False
Q370,obat Rheumatoid Arthritis lini pertama Antimalarials,6,Management / Treatment Selection,Management / Treatment Selection,0.47118554,0.41327143,0.057914108,Management / Treatment Selection,Mechanism / Background Knowledge,Management / Treatment Selection,2,two_signal_including_rule,Management / Treatment Selection,not_reviewed,True
Q371,kapan start Losartan di Hypertension evidence terbaru terbaru,0,Guideline / Evidence Lookup,Management / Treatment Selection,0.52072036,0.47006017,0.050660193,Prophylaxis / Maintenance,Comparative Treatment Choice,,1,three_way_disagreement,Guideline / Evidence Lookup,gold_reviewed,True
Q372,indikasi Semaglutide pada Type 2 Diabetes Mellitus guideline terbaru,0,Guideline / Evidence Lookup,Management / Treatment Selection,0.51540405,0.4784963,0.036907732,Prophylaxis / Maintenance,Comparative Treatment Choice,,1,three_way_disagreement,Guideline / Evidence Lookup,pilot_reviewed,True
Q373,add on therapy Stable Angina after Metoprolol failure,0,Treatment Change / Escalation,Efficacy / Outcomes,0.5598161,0.54158145,0.01823467,Prophylaxis / Maintenance,Comparative Treatment Choice,,1,three_way_disagreement,Treatment Change / Escalation,gold_reviewed,True
Q374,kontraindikasi Ramipril pada Hypertension dengan diabetes,2,Safety / Contraindication,Management / Treatment Selection,0.44955194,0.41830713,0.031244814,Comparative Treatment Choice,Safety / Contraindication,Safety / Contraindication,2,two_signal_including_rule,Safety / Contraindication,not_reviewed,True
Q375,Tuberculosis pada anak dosis Bedaquiline,10,Dosing / Administration,Dosing / Administration,0.41690025,0.38103405,0.0358662,Dosing / Administration,Dosing / Administration,Dosing / Administration,3,unanimous,Dosing / Administration,pilot_reviewed,False
Q376,Antimalarials role in Typhoid Fever pathophysiology,6,Mechanism / Background Knowledge,Mechanism / Background Knowledge,0.5368707,0.41602254,0.12084818,Management / Treatment Selection,Mechanism / Background Knowledge,Mechanism / Background Knowledge,3,unanimous,Mechanism / Background Knowledge,pilot_reviewed,False
Q377,latest Preeclampsia management guidelines 2024,0,Guideline / Evidence Lookup,Management / Treatment Selection,0.4947723,0.46789998,0.026872307,Prophylaxis / Maintenance,Comparative Treatment Choice,,1,three_way_disagreement,Guideline / Evidence Lookup,gold_reviewed,True
Q378,add on therapy Schizophrenia after Olanzapine failure,0,Treatment Change / Escalation,Efficacy / Outcomes,0.5598161,0.54158145,0.01823467,Prophylaxis / Maintenance,Comparative Treatment Choice,,1,three_way_disagreement,Treatment Change / Escalation,not_reviewed,True
Q379,kontraindikasi Prednisolone pada COPD dengan renal impairment,1,Safety / Contraindication,Efficacy / Outcomes,0.42356518,0.40173456,0.021830618,Dosing / Administration,Dosing / Administration,,1,three_way_disagreement,Safety / Contraindication,not_reviewed,True
Q380,Type 2 Diabetes Mellitus dengan renal impairment penyesuaian dosis Liraglutide,1,Dosing / Administration,Dosing / Administration,0.44303322,0.37760088,0.06543234,Dosing / Administration,Dosing / Administration,Dosing / Administration,3,unanimous,Dosing / Administration,not_reviewed,False
Q381,renal dose adjustment Artemether-lumefantrine in Typhoid Fever,1,Dosing / Administration,Dosing / Administration,0.5813786,0.4211757,0.16020289,Dosing / Administration,Dosing / Administration,Dosing / Administration,3,unanimous,Dosing / Administration,not_reviewed,False
Q382,when to start Methylphenidate in Breast Cancer HER2-positive,0,Management / Treatment Selection,Management / Treatment Selection,0.5849273,0.45099577,0.13393155,Prophylaxis / Maintenance,Comparative Treatment Choice,Management / Treatment Selection,2,two_signal_including_rule,Management / Treatment Selection,not_reviewed,True
Q383,SSRIs terbaru untuk ADHD 2023,6,Guideline / Evidence Lookup,Management / Treatment Selection,0.4337328,0.41866922,0.015063584,Management / Treatment Selection,Mechanism / Background Knowledge,,1,three_way_disagreement,Guideline / Evidence Lookup,gold_reviewed,True
Q384,Iron preparations in pregnancy and Iron Deficiency Anaemia,14,Safety / Contraindication,Safety / Contraindication,0.44444117,0.33284876,0.11159241,Safety / Contraindication,Safety / Contraindication,Safety / Contraindication,3,unanimous,Safety / Contraindication,not_reviewed,False
Q385,terapi profilaksis Tuberculosis dengan Isoniazid,0,Prophylaxis / Maintenance,Prophylaxis / Maintenance,0.59396416,0.50952107,0.08444309,Prophylaxis / Maintenance,Comparative Treatment Choice,Prophylaxis / Maintenance,2,two_signal_including_rule,Prophylaxis / Maintenance,not_reviewed,True
Q386,Zinc side effect pada pasien Stunting / Malnutrition apa saja,0,Safety / Contraindication,Comparative Treatment Choice,0.52935207,0.52915055,0.0002015233,Prophylaxis / Maintenance,Comparative Treatment Choice,Comparative Treatment Choice,2,prototype_cluster_against_rule,Safety / Contraindication,gold_reviewed,True
Q387,monitoring parameters Escitalopram in ADHD,6,Monitoring / Response / Risk Assessment,Prophylaxis / Maintenance,0.51753473,0.51214546,0.005389273,Management / Treatment Selection,Mechanism / Background Knowledge,,1,three_way_disagreement,Monitoring / Response / Risk Assessment,gold_reviewed,True
Q388,Magnesium role in Preeclampsia pathophysiology,6,Mechanism / Background Knowledge,Mechanism / Background Knowledge,0.5368707,0.41602254,0.12084818,Management / Treatment Selection,Mechanism / Background Knowledge,Mechanism / Background Knowledge,3,unanimous,Mechanism / Background Knowledge,gold_reviewed,False
Q389,algoritma terapi Pulmonary Embolism step up,11,Management / Treatment Selection,Management / Treatment Selection,0.4450853,0.39938256,0.045702726,Management / Treatment Selection,Management / Treatment Selection,Management / Treatment Selection,3,unanimous,Management / Treatment Selection,pilot_reviewed,False
Q390,panduan klinis Ischaemic Stroke terbaru,0,Guideline / Evidence Lookup,Management / Treatment Selection,0.57643974,0.54683703,0.029602706,Prophylaxis / Maintenance,Comparative Treatment Choice,,1,three_way_disagreement,Guideline / Evidence Lookup,not_reviewed,True
Q391,when to start Secukinumab in Disseminated Intravascular Coagulation,0,Management / Treatment Selection,Management / Treatment Selection,0.5849273,0.45099577,0.13393155,Prophylaxis / Maintenance,Comparative Treatment Choice,Management / Treatment Selection,2,two_signal_including_rule,Management / Treatment Selection,not_reviewed,True
Q392,switch from Artemether-lumefantrine to Artemether-lumefantrine in Typhoid Fever,0,Treatment Change / Escalation,Management / Treatment Selection,0.5299046,0.48177612,0.048128486,Prophylaxis / Maintenance,Comparative Treatment Choice,,1,three_way_disagreement,Treatment Change / Escalation,not_reviewed,True
Q393,monitoring SSRIs pada ADHD parameter apa,6,Monitoring / Response / Risk Assessment,Management / Treatment Selection,0.48822746,0.45789847,0.030328989,Management / Treatment Selection,Mechanism / Background Knowledge,,1,three_way_disagreement,Monitoring / Response / Risk Assessment,not_reviewed,True
Q394,Topical calcineurin inhibitors adverse effects monitoring in Psoriasis,6,Safety / Contraindication,Monitoring / Response / Risk Assessment,0.5217008,0.4623251,0.059375703,Management / Treatment Selection,Mechanism / Background Knowledge,,1,three_way_disagreement,Safety / Contraindication,pilot_reviewed,True
Q395,Vitamin A hepatic impairment dose in Stunting / Malnutrition,3,Dosing / Administration,Dosing / Administration,0.5087169,0.29358795,0.21512893,Dosing / Administration,Dosing / Administration,Dosing / Administration,3,unanimous,Dosing / Administration,not_reviewed,False
Q396,Norepinephrine dosing in Sepsis with diabetes,2,Dosing / Administration,Comparative Treatment Choice,0.42897224,0.42166588,0.007306367,Comparative Treatment Choice,Safety / Contraindication,,1,three_way_disagreement,Dosing / Administration,pilot_reviewed,True
Q397,Malaria risk stratification approach,9,Monitoring / Response / Risk Assessment,Monitoring / Response / Risk Assessment,0.5332895,0.41424248,0.119047016,Monitoring / Response / Risk Assessment,Monitoring / Response / Risk Assessment,Monitoring / Response / Risk Assessment,3,unanimous,Monitoring / Response / Risk Assessment,not_reviewed,False
Q398,Corticosteroids terbaru untuk Sepsis 2024,6,Guideline / Evidence Lookup,Management / Treatment Selection,0.3999927,0.38780743,0.012185276,Management / Treatment Selection,Mechanism / Background Knowledge,,1,three_way_disagreement,Guideline / Evidence Lookup,gold_reviewed,True
Q399,Beta blockers selective mechanism untuk Atrial Fibrillation bagaimana cara kerjanya,6,Mechanism / Background Knowledge,Mechanism / Background Knowledge,0.5507506,0.4448865,0.10586411,Management / Treatment Selection,Mechanism / Background Knowledge,Mechanism / Background Knowledge,3,unanimous,Mechanism / Background Knowledge,gold_reviewed,False
Q400,COPD pada anak dosis Salmeterol,10,Dosing / Administration,Dosing / Administration,0.41690025,0.38103405,0.0358662,Dosing / Administration,Dosing / Administration,Dosing / Administration,3,unanimous,Dosing / Administration,not_reviewed,False
Q401,when to start Bisoprolol in Heart Failure,0,Management / Treatment Selection,Management / Treatment Selection,0.5849273,0.45099577,0.13393155,Prophylaxis / Maintenance,Comparative Treatment Choice,Management / Treatment Selection,2,two_signal_including_rule,Management / Treatment Selection,not_reviewed,True
Q402,target Obesity sudah tercapai kapan maintenance Semaglutide,0,Prophylaxis / Maintenance,Prophylaxis / Maintenance,0.6348169,0.5095032,0.1253137,Prophylaxis / Maintenance,Comparative Treatment Choice,Prophylaxis / Maintenance,2,two_signal_including_rule,Prophylaxis / Maintenance,not_reviewed,True
Q403,interaksi obat Artemether-lumefantrine dan Artemether-lumefantrine pada Typhoid Fever,0,Interaction / Combination,Comparative Treatment Choice,0.5584078,0.5473563,0.011051476,Prophylaxis / Maintenance,Comparative Treatment Choice,Comparative Treatment Choice,2,prototype_cluster_against_rule,Interaction / Combination,gold_reviewed,True
Q404,Omeprazole loading dose Peptic Ulcer Disease emergency,10,Dosing / Administration,Dosing / Administration,0.57296896,0.42396364,0.14900532,Dosing / Administration,Dosing / Administration,Dosing / Administration,3,unanimous,Dosing / Administration,not_reviewed,False
Q405,algoritma terapi Parkinson Disease step up,11,Management / Treatment Selection,Management / Treatment Selection,0.4450853,0.39938256,0.045702726,Management / Treatment Selection,Management / Treatment Selection,Management / Treatment Selection,3,unanimous,Management / Treatment Selection,not_reviewed,False
Q406,Ischaemic Stroke with pregnancy first line drug,14,Management / Treatment Selection,Safety / Contraindication,0.45546934,0.38782793,0.06764141,Safety / Contraindication,Safety / Contraindication,Safety / Contraindication,2,prototype_cluster_against_rule,Management / Treatment Selection,gold_reviewed,True
Q407,Breast Cancer HER2-positive pada anak dosis Methylphenidate,10,Dosing / Administration,Dosing / Administration,0.41690025,0.38103405,0.0358662,Dosing / Administration,Dosing / Administration,Dosing / Administration,3,unanimous,Dosing / Administration,not_reviewed,False
Q408,prophylaxis COPD Salmeterol kapan bisa dihentikan,0,Prophylaxis / Maintenance,Prophylaxis / Maintenance,0.6768577,0.429256,0.24760172,Prophylaxis / Maintenance,Comparative Treatment Choice,Prophylaxis / Maintenance,2,two_signal_including_rule,Prophylaxis / Maintenance,not_reviewed,True
Q409,Spironolactone dosing in Heart Failure with obesity,2,Dosing / Administration,Dosing / Administration,0.4286152,0.4100381,0.018577099,Comparative Treatment Choice,Safety / Contraindication,Dosing / Administration,2,two_signal_including_rule,Dosing / Administration,not_reviewed,True
Q410,kapan mulai terapi Alteplase pada Ischaemic Stroke,0,Management / Treatment Selection,Management / Treatment Selection,0.5741702,0.5140454,0.060124755,Prophylaxis / Maintenance,Comparative Treatment Choice,Management / Treatment Selection,2,two_signal_including_rule,Management / Treatment Selection,not_reviewed,True
Q411,Alendronate pada pasien elderly Osteoporosis apa perlu adjustment,8,Dosing / Administration,Efficacy / Outcomes,0.45368794,0.4309635,0.02272445,Efficacy / Outcomes,Efficacy / Outcomes,Efficacy / Outcomes,2,prototype_cluster_against_rule,Dosing / Administration,not_reviewed,True
Q412,Aspirin long term outcomes Ischaemic Stroke,0,Efficacy / Outcomes,Efficacy / Outcomes,0.6288654,0.46695828,0.16190714,Prophylaxis / Maintenance,Comparative Treatment Choice,Efficacy / Outcomes,2,two_signal_including_rule,Efficacy / Outcomes,not_reviewed,True
Q413,SNRIs terbaru untuk Major Depressive Disorder 2024,6,Guideline / Evidence Lookup,Management / Treatment Selection,0.3999927,0.38780743,0.012185276,Management / Treatment Selection,Mechanism / Background Knowledge,,1,three_way_disagreement,Guideline / Evidence Lookup,not_reviewed,True
Q414,Stable Angina emergency Atorvastatin loading dose berapa,10,Dosing / Administration,Dosing / Administration,0.5372723,0.33792996,0.19934231,Dosing / Administration,Dosing / Administration,Dosing / Administration,3,unanimous,Dosing / Administration,not_reviewed,False
Q415,latest Breast Cancer HER2-positive management guidelines 2023,0,Guideline / Evidence Lookup,Management / Treatment Selection,0.51091796,0.4758206,0.03509736,Prophylaxis / Maintenance,Comparative Treatment Choice,,1,three_way_disagreement,Guideline / Evidence Lookup,not_reviewed,True
Q416,Urinary Tract Infection risk stratification approach,9,Monitoring / Response / Risk Assessment,Monitoring / Response / Risk Assessment,0.5332895,0.41424248,0.119047016,Monitoring / Response / Risk Assessment,Monitoring / Response / Risk Assessment,Monitoring / Response / Risk Assessment,3,unanimous,Monitoring / Response / Risk Assessment,gold_reviewed,False
Q417,Venlafaxine vs Venlafaxine untuk Major Depressive Disorder,0,Comparative Treatment Choice,Comparative Treatment Choice,0.5567372,0.4609677,0.095769495,Prophylaxis / Maintenance,Comparative Treatment Choice,Comparative Treatment Choice,3,unanimous,Comparative Treatment Choice,not_reviewed,False
Q418,monitoring Xanthine oxidase inhibitors pada Psoriatic Arthritis parameter apa,6,Monitoring / Response / Risk Assessment,Management / Treatment Selection,0.48822746,0.45789847,0.030328989,Management / Treatment Selection,Mechanism / Background Knowledge,,1,three_way_disagreement,Monitoring / Response / Risk Assessment,not_reviewed,True
Q419,add on therapy Systemic Lupus Erythematosus after Methotrexate failure,0,Treatment Change / Escalation,Efficacy / Outcomes,0.5598161,0.54158145,0.01823467,Prophylaxis / Maintenance,Comparative Treatment Choice,,1,three_way_disagreement,Treatment Change / Escalation,gold_reviewed,True
Q420,Atrial Fibrillation pada anak dosis Metoprolol,10,Dosing / Administration,Dosing / Administration,0.41690025,0.38103405,0.0358662,Dosing / Administration,Dosing / Administration,Dosing / Administration,3,unanimous,Dosing / Administration,not_reviewed,False
Q421,Bisoprolol loading dose Heart Failure emergency,10,Dosing / Administration,Dosing / Administration,0.57296896,0.42396364,0.14900532,Dosing / Administration,Dosing / Administration,Dosing / Administration,3,unanimous,Dosing / Administration,not_reviewed,False
Q422,kapan start Rivaroxaban di Deep Vein Thrombosis evidence terbaru terbaru,0,Guideline / Evidence Lookup,Management / Treatment Selection,0.52072036,0.47006017,0.050660193,Prophylaxis / Maintenance,Comparative Treatment Choice,,1,three_way_disagreement,Guideline / Evidence Lookup,gold_reviewed,True
Q423,prophylaxis Hypertension in Pregnancy Methyldopa kapan bisa dihentikan,0,Prophylaxis / Maintenance,Prophylaxis / Maintenance,0.6768577,0.429256,0.24760172,Prophylaxis / Maintenance,Comparative Treatment Choice,Prophylaxis / Maintenance,2,two_signal_including_rule,Prophylaxis / Maintenance,not_reviewed,True
Q424,monitoring parameters Prednisolone in COPD,6,Monitoring / Response / Risk Assessment,Prophylaxis / Maintenance,0.51753473,0.51214546,0.005389273,Management / Treatment Selection,Mechanism / Background Knowledge,,1,three_way_disagreement,Monitoring / Response / Risk Assessment,gold_reviewed,True
Q425,target Urinary Tract Infection sudah tercapai kapan maintenance Tenofovir+Lamivudine,0,Prophylaxis / Maintenance,Prophylaxis / Maintenance,0.6348169,0.5095032,0.1253137,Prophylaxis / Maintenance,Comparative Treatment Choice,Prophylaxis / Maintenance,2,two_signal_including_rule,Prophylaxis / Maintenance,gold_reviewed,True
Q426,target Psoriasis sudah tercapai kapan maintenance Dupilumab,0,Prophylaxis / Maintenance,Prophylaxis / Maintenance,0.6348169,0.5095032,0.1253137,Prophylaxis / Maintenance,Comparative Treatment Choice,Prophylaxis / Maintenance,2,two_signal_including_rule,Prophylaxis / Maintenance,not_reviewed,True
Q427,kontraindikasi Lansoprazole pada Pulmonary Embolism dengan renal impairment,1,Safety / Contraindication,Efficacy / Outcomes,0.42356518,0.40173456,0.021830618,Dosing / Administration,Dosing / Administration,,1,three_way_disagreement,Safety / Contraindication,not_reviewed,True
Q428,penggantian Sertraline ke Venlafaxine pada Major Depressive Disorder,0,Treatment Change / Escalation,Comparative Treatment Choice,0.52078336,0.5047836,0.015999794,Prophylaxis / Maintenance,Comparative Treatment Choice,Comparative Treatment Choice,2,prototype_cluster_against_rule,Treatment Change / Escalation,gold_reviewed,True
Q429,dosis Dupilumab untuk pasien Disseminated Intravascular Coagulation,10,Dosing / Administration,Dosing / Administration,0.5840998,0.48194748,0.10215235,Dosing / Administration,Dosing / Administration,Dosing / Administration,3,unanimous,Dosing / Administration,not_reviewed,False
Q430,Major Depressive Disorder dengan renal impairment penyesuaian dosis Venlafaxine,1,Dosing / Administration,Dosing / Administration,0.44303322,0.37760088,0.06543234,Dosing / Administration,Dosing / Administration,Dosing / Administration,3,unanimous,Dosing / Administration,not_reviewed,False
Q431,Proton pump inhibitors kontraindikasi pada Peptic Ulcer Disease dengan anaemia,12,Safety / Contraindication,Comparative Treatment Choice,0.3729644,0.35385355,0.019110858,Comparative Treatment Choice,Safety / Contraindication,Safety / Contraindication,2,two_signal_including_rule,Safety / Contraindication,not_reviewed,True
Q432,Semaglutide combination therapy Obesity,0,Interaction / Combination,Interaction / Combination,0.59696394,0.57543284,0.021531105,Prophylaxis / Maintenance,Comparative Treatment Choice,Interaction / Combination,2,two_signal_including_rule,Interaction / Combination,not_reviewed,True
Q433,monitoring parameters Losartan in Chronic Kidney Disease,6,Monitoring / Response / Risk Assessment,Prophylaxis / Maintenance,0.51753473,0.51214546,0.005389273,Management / Treatment Selection,Mechanism / Background Knowledge,,1,three_way_disagreement,Monitoring / Response / Risk Assessment,not_reviewed,True
Q434,Rosuvastatin contraindication in Acute Coronary Syndrome with anaemia,12,Safety / Contraindication,Comparative Treatment Choice,0.41774553,0.3797449,0.038000643,Comparative Treatment Choice,Safety / Contraindication,Safety / Contraindication,2,two_signal_including_rule,Safety / Contraindication,not_reviewed,True
Q435,Artemether-lumefantrine hepatic impairment dose in Typhoid Fever,3,Dosing / Administration,Dosing / Administration,0.5087169,0.29358795,0.21512893,Dosing / Administration,Dosing / Administration,Dosing / Administration,3,unanimous,Dosing / Administration,not_reviewed,False
Q436,Dupilumab vs Cyclosporine untuk pasien Psoriasis mana lebih efektif,0,Comparative Treatment Choice,Comparative Treatment Choice,0.6681697,0.53735924,0.13081044,Prophylaxis / Maintenance,Comparative Treatment Choice,Comparative Treatment Choice,3,unanimous,Comparative Treatment Choice,not_reviewed,False
Q437,Parkinson Disease with elderly patients first line drug,8,Management / Treatment Selection,Management / Treatment Selection,0.3979499,0.39173245,0.00621745,Efficacy / Outcomes,Efficacy / Outcomes,Management / Treatment Selection,2,two_signal_including_rule,Management / Treatment Selection,not_reviewed,True
Q438,Schizophrenia emergency Risperidone loading dose berapa,10,Dosing / Administration,Dosing / Administration,0.5372723,0.33792996,0.19934231,Dosing / Administration,Dosing / Administration,Dosing / Administration,3,unanimous,Dosing / Administration,not_reviewed,False
Q439,Secukinumab loading dose Disseminated Intravascular Coagulation emergency,10,Dosing / Administration,Dosing / Administration,0.57296896,0.42396364,0.14900532,Dosing / Administration,Dosing / Administration,Dosing / Administration,3,unanimous,Dosing / Administration,not_reviewed,False
Q440,Atrial Fibrillation risk stratification approach,9,Monitoring / Response / Risk Assessment,Monitoring / Response / Risk Assessment,0.5332895,0.41424248,0.119047016,Monitoring / Response / Risk Assessment,Monitoring / Response / Risk Assessment,Monitoring / Response / Risk Assessment,3,unanimous,Monitoring / Response / Risk Assessment,not_reviewed,False
Q441,Atorvastatin hepatic impairment dose in Stable Angina,3,Dosing / Administration,Dosing / Administration,0.5087169,0.29358795,0.21512893,Dosing / Administration,Dosing / Administration,Dosing / Administration,3,unanimous,Dosing / Administration,not_reviewed,False
Q442,add on Prednisolone setelah Tiotropium gagal COPD,0,Treatment Change / Escalation,Management / Treatment Selection,0.54273015,0.5365323,0.00619787,Prophylaxis / Maintenance,Comparative Treatment Choice,,1,three_way_disagreement,Treatment Change / Escalation,not_reviewed,True
Q443,prophylaxis Schizophrenia Risperidone kapan bisa dihentikan,0,Prophylaxis / Maintenance,Prophylaxis / Maintenance,0.6768577,0.429256,0.24760172,Prophylaxis / Maintenance,Comparative Treatment Choice,Prophylaxis / Maintenance,2,two_signal_including_rule,Prophylaxis / Maintenance,not_reviewed,True
Q444,Rivaroxaban hepatic impairment dose in Community-acquired Pneumonia,3,Dosing / Administration,Dosing / Administration,0.5087169,0.29358795,0.21512893,Dosing / Administration,Dosing / Administration,Dosing / Administration,3,unanimous,Dosing / Administration,not_reviewed,False
Q445,indikasi Losartan pada Heart Failure guideline terbaru,0,Guideline / Evidence Lookup,Management / Treatment Selection,0.51540405,0.4784963,0.036907732,Prophylaxis / Maintenance,Comparative Treatment Choice,,1,three_way_disagreement,Guideline / Evidence Lookup,pilot_reviewed,True
Q446,Type 1 Diabetes Mellitus dengan pregnancy pilihan terapi,14,Management / Treatment Selection,Safety / Contraindication,0.49146622,0.4236354,0.06783083,Safety / Contraindication,Safety / Contraindication,Safety / Contraindication,2,prototype_cluster_against_rule,Management / Treatment Selection,gold_reviewed,True
Q447,Lansoprazole vs Metronidazole untuk Pulmonary Embolism,0,Comparative Treatment Choice,Comparative Treatment Choice,0.5567372,0.4609677,0.095769495,Prophylaxis / Maintenance,Comparative Treatment Choice,Comparative Treatment Choice,3,unanimous,Comparative Treatment Choice,not_reviewed,False
Q448,Pembrolizumab vs Pembrolizumab untuk pasien Non-Small Cell Lung Cancer mana lebih efektif,0,Comparative Treatment Choice,Comparative Treatment Choice,0.6681697,0.53735924,0.13081044,Prophylaxis / Maintenance,Comparative Treatment Choice,Comparative Treatment Choice,3,unanimous,Comparative Treatment Choice,gold_reviewed,False
Q449,Beta-lactam combinations mechanism of action in Sepsis,6,Mechanism / Background Knowledge,Mechanism / Background Knowledge,0.57746506,0.4736694,0.10379565,Management / Treatment Selection,Mechanism / Background Knowledge,Mechanism / Background Knowledge,3,unanimous,Mechanism / Background Knowledge,not_reviewed,False
Q450,kontraindikasi Liraglutide pada Type 2 Diabetes Mellitus dengan CKD,4,Safety / Contraindication,Efficacy / Outcomes,0.47631976,0.45691675,0.01940301,Comparative Treatment Choice,Safety / Contraindication,Safety / Contraindication,2,two_signal_including_rule,Safety / Contraindication,not_reviewed,True
Q451,Colorectal Cancer prophylaxis Pembrolizumab indication,0,Prophylaxis / Maintenance,Prophylaxis / Maintenance,0.5617696,0.3359575,0.2258121,Prophylaxis / Maintenance,Comparative Treatment Choice,Prophylaxis / Maintenance,2,two_signal_including_rule,Prophylaxis / Maintenance,pilot_reviewed,True
Q452,Prednisolone combination therapy Rheumatoid Arthritis,0,Interaction / Combination,Interaction / Combination,0.59696394,0.57543284,0.021531105,Prophylaxis / Maintenance,Comparative Treatment Choice,Interaction / Combination,2,two_signal_including_rule,Interaction / Combination,not_reviewed,True
Q453,Topiramate pada pasien elderly Migraine apa perlu adjustment,8,Dosing / Administration,Efficacy / Outcomes,0.45368794,0.4309635,0.02272445,Efficacy / Outcomes,Efficacy / Outcomes,Efficacy / Outcomes,2,prototype_cluster_against_rule,Dosing / Administration,not_reviewed,True
Q454,switch dari Meropenem ke Vancomycin Sepsis progresif,0,Treatment Change / Escalation,Comparative Treatment Choice,0.43255907,0.43103832,0.0015207529,Prophylaxis / Maintenance,Comparative Treatment Choice,Comparative Treatment Choice,2,prototype_cluster_against_rule,Treatment Change / Escalation,not_reviewed,True
Q455,obat Typhoid Fever lini pertama Antimalarials,6,Management / Treatment Selection,Management / Treatment Selection,0.47118554,0.41327143,0.057914108,Management / Treatment Selection,Mechanism / Background Knowledge,Management / Treatment Selection,2,two_signal_including_rule,Management / Treatment Selection,not_reviewed,True
Q456,kapan start Zinc di Stunting / Malnutrition evidence terbaru 2023,0,Guideline / Evidence Lookup,Management / Treatment Selection,0.45754528,0.44125202,0.016293257,Prophylaxis / Maintenance,Comparative Treatment Choice,,1,three_way_disagreement,Guideline / Evidence Lookup,pilot_reviewed,True
Q457,is Nivolumab safe in Non-Small Cell Lung Cancer with atrial fibrillation,13,Safety / Contraindication,Prophylaxis / Maintenance,0.3500914,0.31395203,0.03613937,Prophylaxis / Maintenance,Prophylaxis / Maintenance,Prophylaxis / Maintenance,2,prototype_cluster_against_rule,Safety / Contraindication,not_reviewed,True
Q458,NRTIs mechanism of action in Malaria,6,Mechanism / Background Knowledge,Mechanism / Background Knowledge,0.5774651,0.47366923,0.103795886,Management / Treatment Selection,Mechanism / Background Knowledge,Mechanism / Background Knowledge,3,unanimous,Mechanism / Background Knowledge,not_reviewed,False
Q459,prophylaxis Gout Adalimumab kapan bisa dihentikan,0,Prophylaxis / Maintenance,Prophylaxis / Maintenance,0.6768577,0.429256,0.24760172,Prophylaxis / Maintenance,Comparative Treatment Choice,Prophylaxis / Maintenance,2,two_signal_including_rule,Prophylaxis / Maintenance,not_reviewed,True
Q460,Sepsis guideline update terbaru summary,0,Guideline / Evidence Lookup,Guideline / Evidence Lookup,0.48310265,0.3933019,0.089800745,Prophylaxis / Maintenance,Comparative Treatment Choice,Guideline / Evidence Lookup,2,two_signal_including_rule,Guideline / Evidence Lookup,not_reviewed,True
Q461,is Semaglutide safe in Type 2 Diabetes Mellitus with COPD,4,Safety / Contraindication,Comparative Treatment Choice,0.37391427,0.35299426,0.020920008,Comparative Treatment Choice,Safety / Contraindication,Safety / Contraindication,2,two_signal_including_rule,Safety / Contraindication,not_reviewed,True
Q462,Aspirin combination therapy Ischaemic Stroke,0,Interaction / Combination,Interaction / Combination,0.59696394,0.57543284,0.021531105,Prophylaxis / Maintenance,Comparative Treatment Choice,Interaction / Combination,2,two_signal_including_rule,Interaction / Combination,not_reviewed,True
Q463,Tuberculosis with renal impairment first line drug,1,Management / Treatment Selection,Comparative Treatment Choice,0.36399767,0.34887135,0.015126318,Dosing / Administration,Dosing / Administration,,1,three_way_disagreement,Management / Treatment Selection,pilot_reviewed,True
Q464,kontraindikasi Semaglutide pada Obesity dengan diabetes,2,Safety / Contraindication,Management / Treatment Selection,0.44955194,0.41830713,0.031244814,Comparative Treatment Choice,Safety / Contraindication,Safety / Contraindication,2,two_signal_including_rule,Safety / Contraindication,not_reviewed,True
Q465,Hypertension prophylaxis Ramipril indication,0,Prophylaxis / Maintenance,Prophylaxis / Maintenance,0.5617696,0.3359575,0.2258121,Prophylaxis / Maintenance,Comparative Treatment Choice,Prophylaxis / Maintenance,2,two_signal_including_rule,Prophylaxis / Maintenance,gold_reviewed,True
Q466,panduan klinis Major Depressive Disorder terbaru,0,Guideline / Evidence Lookup,Management / Treatment Selection,0.57643974,0.54683703,0.029602706,Prophylaxis / Maintenance,Comparative Treatment Choice,,1,three_way_disagreement,Guideline / Evidence Lookup,not_reviewed,True
Q467,Artemether-lumefantrine side effect pada pasien Typhoid Fever apa saja,0,Safety / Contraindication,Comparative Treatment Choice,0.52935207,0.52915055,0.0002015233,Prophylaxis / Maintenance,Comparative Treatment Choice,Comparative Treatment Choice,2,prototype_cluster_against_rule,Safety / Contraindication,gold_reviewed,True
Q468,Systemic Lupus Erythematosus prophylaxis Methotrexate indication,0,Prophylaxis / Maintenance,Prophylaxis / Maintenance,0.5617696,0.3359575,0.2258121,Prophylaxis / Maintenance,Comparative Treatment Choice,Prophylaxis / Maintenance,2,two_signal_including_rule,Prophylaxis / Maintenance,gold_reviewed,True
Q469,indikasi Bedaquiline pada MDR Tuberculosis guideline terbaru,0,Guideline / Evidence Lookup,Management / Treatment Selection,0.51540405,0.4784963,0.036907732,Prophylaxis / Maintenance,Comparative Treatment Choice,,1,three_way_disagreement,Guideline / Evidence Lookup,pilot_reviewed,True
Q470,HIV/AIDS pada anak dosis Amoxicillin,10,Dosing / Administration,Dosing / Administration,0.41690025,0.38103405,0.0358662,Dosing / Administration,Dosing / Administration,Dosing / Administration,3,unanimous,Dosing / Administration,not_reviewed,False
Q471,monitoring terapi Venlafaxine pada Major Depressive Disorder,6,Monitoring / Response / Risk Assessment,Management / Treatment Selection,0.54489547,0.5388817,0.006013751,Management / Treatment Selection,Mechanism / Background Knowledge,,1,three_way_disagreement,Monitoring / Response / Risk Assessment,not_reviewed,True
Q472,ARBs mechanism untuk Hypertension bagaimana cara kerjanya,6,Mechanism / Background Knowledge,Mechanism / Background Knowledge,0.5507506,0.4448865,0.10586411,Management / Treatment Selection,Mechanism / Background Knowledge,Mechanism / Background Knowledge,3,unanimous,Mechanism / Background Knowledge,not_reviewed,False
Q473,Tenofovir+Lamivudine efficacy pada Urinary Tract Infection clinical outcome data,0,Efficacy / Outcomes,Efficacy / Outcomes,0.69424725,0.54532415,0.1489231,Prophylaxis / Maintenance,Comparative Treatment Choice,Efficacy / Outcomes,2,two_signal_including_rule,Efficacy / Outcomes,gold_reviewed,True
Q474,Antituberculotics mechanism untuk Tuberculosis bagaimana cara kerjanya,6,Mechanism / Background Knowledge,Mechanism / Background Knowledge,0.5507506,0.4448865,0.10586411,Management / Treatment Selection,Mechanism / Background Knowledge,Mechanism / Background Knowledge,3,unanimous,Mechanism / Background Knowledge,not_reviewed,False
Q475,Vitamin K antagonists kontraindikasi pada Deep Vein Thrombosis dengan heart failure,7,Safety / Contraindication,Comparative Treatment Choice,0.41548434,0.3955205,0.01996383,Comparative Treatment Choice,Safety / Contraindication,Safety / Contraindication,2,two_signal_including_rule,Safety / Contraindication,gold_reviewed,True
Q476,Bortezomib vs Prednisolone untuk Rheumatoid Arthritis,0,Comparative Treatment Choice,Comparative Treatment Choice,0.5567372,0.4609677,0.095769495,Prophylaxis / Maintenance,Comparative Treatment Choice,Comparative Treatment Choice,3,unanimous,Comparative Treatment Choice,gold_reviewed,False
Q477,Losartan long term outcomes Heart Failure,0,Efficacy / Outcomes,Efficacy / Outcomes,0.6288654,0.46695828,0.16190714,Prophylaxis / Maintenance,Comparative Treatment Choice,Efficacy / Outcomes,2,two_signal_including_rule,Efficacy / Outcomes,gold_reviewed,True
Q478,kontraindikasi Bedaquiline pada Tuberculosis dengan immunocompromised,0,Safety / Contraindication,Prophylaxis / Maintenance,0.47429535,0.4502803,0.02401504,Prophylaxis / Maintenance,Comparative Treatment Choice,,1,three_way_disagreement,Safety / Contraindication,gold_reviewed,True
Q479,BCR-ABL inhibitors in pregnancy and Chronic Myeloid Leukaemia,14,Safety / Contraindication,Safety / Contraindication,0.44444117,0.33284876,0.11159241,Safety / Contraindication,Safety / Contraindication,Safety / Contraindication,3,unanimous,Safety / Contraindication,not_reviewed,False
Q480,Venlafaxine dosing in Major Depressive Disorder with atrial fibrillation,13,Dosing / Administration,Dosing / Administration,0.36817703,0.3330902,0.03508684,Prophylaxis / Maintenance,Prophylaxis / Maintenance,Dosing / Administration,2,two_signal_including_rule,Dosing / Administration,gold_reviewed,True
Q481,Metoprolol long term outcomes Stable Angina,0,Efficacy / Outcomes,Efficacy / Outcomes,0.6288654,0.46695828,0.16190714,Prophylaxis / Maintenance,Comparative Treatment Choice,Efficacy / Outcomes,2,two_signal_including_rule,Efficacy / Outcomes,gold_reviewed,True
Q482,Lansoprazole long term outcomes Peptic Ulcer Disease,0,Efficacy / Outcomes,Efficacy / Outcomes,0.6288654,0.46695828,0.16190714,Prophylaxis / Maintenance,Comparative Treatment Choice,Efficacy / Outcomes,2,two_signal_including_rule,Efficacy / Outcomes,not_reviewed,True
Q483,Hypertension dengan pregnancy pilihan drug terbaik,14,Management / Treatment Selection,Safety / Contraindication,0.48555988,0.4315247,0.054035187,Safety / Contraindication,Safety / Contraindication,Safety / Contraindication,2,prototype_cluster_against_rule,Management / Treatment Selection,gold_reviewed,True
Q484,titration protocol Bedaquiline in Tuberculosis,5,Dosing / Administration,Efficacy / Outcomes,0.51963717,0.48834637,0.0312908,Efficacy / Outcomes,Efficacy / Outcomes,Efficacy / Outcomes,2,prototype_cluster_against_rule,Dosing / Administration,gold_reviewed,True
Q485,Lansoprazole resistance in Peptic Ulcer Disease alternative therapy,0,Treatment Change / Escalation,Comparative Treatment Choice,0.5853206,0.49184525,0.09347534,Prophylaxis / Maintenance,Comparative Treatment Choice,Comparative Treatment Choice,2,prototype_cluster_against_rule,Treatment Change / Escalation,pilot_reviewed,True
Q486,switch from Alteplase to Alteplase in Ischaemic Stroke,0,Treatment Change / Escalation,Management / Treatment Selection,0.5299046,0.48177612,0.048128486,Prophylaxis / Maintenance,Comparative Treatment Choice,,1,three_way_disagreement,Treatment Change / Escalation,not_reviewed,True
Q487,Centrally acting antihypertensives terbaru untuk Hypertension in Pregnancy 2025,6,Guideline / Evidence Lookup,Management / Treatment Selection,0.42417216,0.40342084,0.020751327,Management / Treatment Selection,Mechanism / Background Knowledge,,1,three_way_disagreement,Guideline / Evidence Lookup,not_reviewed,True
Q488,Artemether-lumefantrine pada ibu hamil dengan Typhoid Fever,14,Safety / Contraindication,Safety / Contraindication,0.4631558,0.32509786,0.13805795,Safety / Contraindication,Safety / Contraindication,Safety / Contraindication,3,unanimous,Safety / Contraindication,not_reviewed,False
Q489,switch from Bedaquiline to Bedaquiline in MDR Tuberculosis,0,Treatment Change / Escalation,Management / Treatment Selection,0.5299046,0.48177612,0.048128486,Prophylaxis / Maintenance,Comparative Treatment Choice,,1,three_way_disagreement,Treatment Change / Escalation,not_reviewed,True
Q490,target terapi Hypothyroidism dengan Thyroid hormones,6,Management / Treatment Selection,Management / Treatment Selection,0.59910405,0.5242154,0.07488865,Management / Treatment Selection,Mechanism / Background Knowledge,Management / Treatment Selection,2,two_signal_including_rule,Management / Treatment Selection,not_reviewed,True
Q491,Empagliflozin long term outcomes Chronic Kidney Disease,0,Efficacy / Outcomes,Efficacy / Outcomes,0.6288654,0.46695828,0.16190714,Prophylaxis / Maintenance,Comparative Treatment Choice,Efficacy / Outcomes,2,two_signal_including_rule,Efficacy / Outcomes,not_reviewed,True
Q492,titration protocol Alendronate in Osteoporosis,5,Dosing / Administration,Efficacy / Outcomes,0.51963717,0.48834637,0.0312908,Efficacy / Outcomes,Efficacy / Outcomes,Efficacy / Outcomes,2,prototype_cluster_against_rule,Dosing / Administration,gold_reviewed,True
Q493,monitoring parameters Isoniazid in Tuberculosis,6,Monitoring / Response / Risk Assessment,Prophylaxis / Maintenance,0.51753473,0.51214546,0.005389273,Management / Treatment Selection,Mechanism / Background Knowledge,,1,three_way_disagreement,Monitoring / Response / Risk Assessment,gold_reviewed,True
Q494,Corticosteroids terbaru untuk COPD terbaru,6,Guideline / Evidence Lookup,Comparative Treatment Choice,0.46547943,0.46057844,0.004900992,Management / Treatment Selection,Mechanism / Background Knowledge,,1,three_way_disagreement,Guideline / Evidence Lookup,gold_reviewed,True
Q495,TNF inhibitors adverse effects monitoring in Systemic Lupus Erythematosus,6,Safety / Contraindication,Monitoring / Response / Risk Assessment,0.5217008,0.4623251,0.059375703,Management / Treatment Selection,Mechanism / Background Knowledge,,1,three_way_disagreement,Safety / Contraindication,pilot_reviewed,True
Q496,Insulin degludec side effect pada pasien Type 1 Diabetes Mellitus apa saja,0,Safety / Contraindication,Comparative Treatment Choice,0.52935207,0.52915055,0.0002015233,Prophylaxis / Maintenance,Comparative Treatment Choice,Comparative Treatment Choice,2,prototype_cluster_against_rule,Safety / Contraindication,gold_reviewed,True
Q497,is Rosuvastatin safe in Acute Coronary Syndrome with diabetes,2,Safety / Contraindication,Comparative Treatment Choice,0.38707983,0.38154012,0.0055397153,Comparative Treatment Choice,Safety / Contraindication,Safety / Contraindication,2,two_signal_including_rule,Safety / Contraindication,not_reviewed,True
Q498,monitoring Factor Xa inhibitors pada Deep Vein Thrombosis parameter apa,6,Monitoring / Response / Risk Assessment,Management / Treatment Selection,0.48822746,0.45789847,0.030328989,Management / Treatment Selection,Mechanism / Background Knowledge,,1,three_way_disagreement,Monitoring / Response / Risk Assessment,not_reviewed,True
Q499,ACE inhibitors kontraindikasi pada Hypertension dengan hepatic impairment,3,Safety / Contraindication,Dosing / Administration,0.34684262,0.3285951,0.018247515,Dosing / Administration,Dosing / Administration,Dosing / Administration,2,prototype_cluster_against_rule,Safety / Contraindication,not_reviewed,True
Q500,Antituberculotics terbaru untuk Tuberculosis 2025,6,Guideline / Evidence Lookup,Management / Treatment Selection,0.42417216,0.40342084,0.020751327,Management / Treatment Selection,Mechanism / Background Knowledge,,1,three_way_disagreement,Guideline / Evidence Lookup,not_reviewed,True
