query_id,query_text,language,therapeutic_area,query_length_band,entity_complexity,context_complexity,cluster_id,liang_final_intent,liang_top_probability,liang_probability_margin,prototype_top_intent,ambiguity_margin,matched_annotation_rules,n_rule_matches,rule_intent_signal,prototype_intent_signal,prototype_top_score,prototype_margin,cluster_intent_signal_initial,cluster_intent_signal,signal_plurality_intent,signal_max_votes,signal_agreement,intent_top_level,intent_subtype,label_confidence,label_source,review_flag,gold_set_membership,annotation_notes,sampling_reasons
Q002,SGLT2 inhibitors adverse effects monitoring in Atrial Fibrillation,EN,Cardiology,medium,2-3 entities,none,6,Monitoring / Response / Risk Assessment,0.890431,0.8371518,Pharmacotherapy,0.14702606,Safety / Contraindication; Monitoring / Response / Risk Assessment,2,Safety / Contraindication,Monitoring / Response / Risk Assessment,0.5217008,0.059375703,Management / Treatment Selection,Mechanism / Background Knowledge,,1,three_way_disagreement,Pharmacotherapy,Safety / Contraindication,low,model_assisted_schema_review,True,pilot_reviewed,"harm, suitability, contraindication, or pregnancy-safety wording overrides dose when safety is explicit Three-signal status: three_way_disagreement (rule=Safety / Contraindication; prototype=Monitoring / Response / Risk Assessment; cluster=Mechanism / Background Knowledge). Phase 2 suggestion 'Monitoring / Response / Risk Assessment' was not retained because the explicit request maps to 'Safety / Contraindication'. Multiple cues were resolved with the frozen primary-information-need hierarchy.",pilot; three_way_disagreement; phase2_model_disagreement; multi_cue_boundary
Q003,interaksi obat Nivolumab dan Nivolumab pada Colorectal Cancer,ID,Oncology,medium,2-3 entities,none,0,Interaction / Combination,0.9658287,0.9564689,Pharmacotherapy,0.18101364,Interaction / Combination,1,Interaction / Combination,Comparative Treatment Choice,0.5584078,0.011051476,Prophylaxis / Maintenance,Comparative Treatment Choice,Comparative Treatment Choice,2,prototype_cluster_against_rule,Pharmacotherapy,Interaction / Combination,low,model_assisted_schema_review,True,gold_reviewed,co-administration or interaction overrides general safety Three-signal status: prototype_cluster_against_rule (rule=Interaction / Combination; prototype=Comparative Treatment Choice; cluster=Comparative Treatment Choice).,prototype_cluster_against_rule; low_candidate_prototype_margin; rare_intent
Q004,Apixaban efficacy pada Deep Vein Thrombosis clinical outcome data,MIXED,Haematology,medium,2-3 entities,none,0,Efficacy / Outcomes,0.985386,0.97804695,Epidemiology / Prognosis,0.003800869,Efficacy / Outcomes,1,Efficacy / Outcomes,Efficacy / Outcomes,0.69424725,0.1489231,Prophylaxis / Maintenance,Comparative Treatment Choice,Efficacy / Outcomes,2,two_signal_including_rule,Pharmacotherapy; Epidemiology / Prognosis,Efficacy / Outcomes,medium,model_assisted_schema_review,True,gold_reviewed,single-treatment efficacy or outcome evidence is the requested output Three-signal status: two_signal_including_rule (rule=Efficacy / Outcomes; prototype=Efficacy / Outcomes; cluster=Comparative Treatment Choice).,two_signal_including_rule; low_prototype_margin; rare_intent
Q006,kombinasi Metoprolol dan Metoprolol pada Heart Failure aman atau tidak,MIXED,Cardiology,long,2-3 entities,one slot,0,Interaction / Combination,0.9430835,0.9159338,Pharmacotherapy,0.05207646,Interaction / Combination; Safety / Contraindication,2,Interaction / Combination,Comparative Treatment Choice,0.5549678,0.039941847,Prophylaxis / Maintenance,Comparative Treatment Choice,Comparative Treatment Choice,2,prototype_cluster_against_rule,Pharmacotherapy,Interaction / Combination,low,model_assisted_schema_review,True,pilot_reviewed,co-administration or interaction overrides general safety Three-signal status: prototype_cluster_against_rule (rule=Interaction / Combination; prototype=Comparative Treatment Choice; cluster=Comparative Treatment Choice). Multiple cues were resolved with the frozen primary-information-need hierarchy.,pilot; prototype_cluster_against_rule; multi_cue_boundary; rare_intent; long_query
Q008,Short-acting beta2-agonists adverse effects monitoring in Asthma,EN,Pulmonology,medium,2-3 entities,none,6,Monitoring / Response / Risk Assessment,0.890431,0.8371518,Pharmacotherapy,0.14702606,Safety / Contraindication; Monitoring / Response / Risk Assessment,2,Safety / Contraindication,Monitoring / Response / Risk Assessment,0.5217008,0.059375703,Management / Treatment Selection,Mechanism / Background Knowledge,,1,three_way_disagreement,Pharmacotherapy,Safety / Contraindication,low,model_assisted_schema_review,True,pilot_reviewed,"harm, suitability, contraindication, or pregnancy-safety wording overrides dose when safety is explicit Three-signal status: three_way_disagreement (rule=Safety / Contraindication; prototype=Monitoring / Response / Risk Assessment; cluster=Mechanism / Background Knowledge). Phase 2 suggestion 'Monitoring / Response / Risk Assessment' was not retained because the explicit request maps to 'Safety / Contraindication'. Multiple cues were resolved with the frozen primary-information-need hierarchy.",pilot; three_way_disagreement; phase2_model_disagreement; multi_cue_boundary
Q015,Peptic Ulcer Disease prophylaxis Lansoprazole indication,EN,Gastroenterology,short,2-3 entities,none,0,Prophylaxis / Maintenance,0.98185766,0.97619903,Diagnosis / Differential Diagnosis,0.069550365,Prophylaxis / Maintenance; Management / Treatment Selection,2,Prophylaxis / Maintenance,Prophylaxis / Maintenance,0.5617696,0.2258121,Prophylaxis / Maintenance,Comparative Treatment Choice,Prophylaxis / Maintenance,2,two_signal_including_rule,Management / Treatment,Prophylaxis / Maintenance,medium,model_assisted_schema_review,True,gold_reviewed,prevention or maintenance framing overrides generic indication Three-signal status: two_signal_including_rule (rule=Prophylaxis / Maintenance; prototype=Prophylaxis / Maintenance; cluster=Comparative Treatment Choice). Multiple cues were resolved with the frozen primary-information-need hierarchy.,two_signal_including_rule; multi_cue_boundary; rare_intent; short_query
Q018,interaksi obat Losartan dan Empagliflozin pada Chronic Kidney Disease,ID,Nephrology,medium,4+ entities,none,0,Interaction / Combination,0.9658287,0.9564689,Pharmacotherapy,0.18101364,Interaction / Combination,1,Interaction / Combination,Comparative Treatment Choice,0.5584078,0.011051476,Prophylaxis / Maintenance,Comparative Treatment Choice,Comparative Treatment Choice,2,prototype_cluster_against_rule,Pharmacotherapy,Interaction / Combination,low,model_assisted_schema_review,True,gold_reviewed,co-administration or interaction overrides general safety Three-signal status: prototype_cluster_against_rule (rule=Interaction / Combination; prototype=Comparative Treatment Choice; cluster=Comparative Treatment Choice).,prototype_cluster_against_rule; low_candidate_prototype_margin; rare_intent
Q023,indikasi Sitagliptin pada Type 2 Diabetes Mellitus guideline terbaru,MIXED,Endocrinology,medium,2-3 entities,one slot,0,Guideline / Evidence Lookup,0.9326238,0.8989352,Evidence / Guideline Lookup,0.0035655499,Guideline / Evidence Lookup; Management / Treatment Selection,2,Guideline / Evidence Lookup,Management / Treatment Selection,0.51540405,0.036907732,Prophylaxis / Maintenance,Comparative Treatment Choice,,1,three_way_disagreement,Evidence / Guideline Lookup,Guideline / Evidence Lookup,low,model_assisted_schema_review,True,pilot_reviewed,"explicit evidence, guideline, recency, or year constraint overrides treatment choice Three-signal status: three_way_disagreement (rule=Guideline / Evidence Lookup; prototype=Management / Treatment Selection; cluster=Comparative Treatment Choice). Multiple cues were resolved with the frozen primary-information-need hierarchy.",pilot; three_way_disagreement; multi_cue_boundary; low_prototype_margin
Q026,kontraindikasi Labetalol pada Hypertension in Pregnancy dengan atrial fibrillation,MIXED,Obstetrics,medium,2-3 entities,one slot,13,Safety / Contraindication,0.8575469,0.82819647,Evidence / Guideline Lookup,0.0067428946,Safety / Contraindication,1,Safety / Contraindication,Prophylaxis / Maintenance,0.37290782,0.050225645,Prophylaxis / Maintenance,Prophylaxis / Maintenance,Prophylaxis / Maintenance,2,prototype_cluster_against_rule,Pharmacotherapy,Safety / Contraindication,low,model_assisted_schema_review,True,pilot_reviewed,"harm, suitability, contraindication, or pregnancy-safety wording overrides dose when safety is explicit Three-signal status: prototype_cluster_against_rule (rule=Safety / Contraindication; prototype=Prophylaxis / Maintenance; cluster=Prophylaxis / Maintenance).",pilot; prototype_cluster_against_rule; low_prototype_margin
Q027,Vitamin A adverse effects monitoring in Stunting / Malnutrition,EN,Pediatrics,medium,2-3 entities,none,6,Monitoring / Response / Risk Assessment,0.95744383,0.9317288,Pharmacotherapy,0.028688788,Safety / Contraindication; Monitoring / Response / Risk Assessment,2,Safety / Contraindication,Monitoring / Response / Risk Assessment,0.55006033,0.033542216,Management / Treatment Selection,Mechanism / Background Knowledge,,1,three_way_disagreement,Pharmacotherapy,Safety / Contraindication,low,model_assisted_schema_review,True,pilot_reviewed,"harm, suitability, contraindication, or pregnancy-safety wording overrides dose when safety is explicit Three-signal status: three_way_disagreement (rule=Safety / Contraindication; prototype=Monitoring / Response / Risk Assessment; cluster=Mechanism / Background Knowledge). Phase 2 suggestion 'Monitoring / Response / Risk Assessment' was not retained because the explicit request maps to 'Safety / Contraindication'. Multiple cues were resolved with the frozen primary-information-need hierarchy.",pilot; three_way_disagreement; phase2_model_disagreement; multi_cue_boundary
Q028,ACE inhibitors adverse effects monitoring in Hypertension,EN,Cardiology,medium,2-3 entities,none,6,Monitoring / Response / Risk Assessment,0.890431,0.8371518,Pharmacotherapy,0.14702606,Safety / Contraindication; Monitoring / Response / Risk Assessment,2,Safety / Contraindication,Monitoring / Response / Risk Assessment,0.5217008,0.059375703,Management / Treatment Selection,Mechanism / Background Knowledge,,1,three_way_disagreement,Pharmacotherapy,Safety / Contraindication,low,model_assisted_schema_review,True,pilot_reviewed,"harm, suitability, contraindication, or pregnancy-safety wording overrides dose when safety is explicit Three-signal status: three_way_disagreement (rule=Safety / Contraindication; prototype=Monitoring / Response / Risk Assessment; cluster=Mechanism / Background Knowledge). Phase 2 suggestion 'Monitoring / Response / Risk Assessment' was not retained because the explicit request maps to 'Safety / Contraindication'. Multiple cues were resolved with the frozen primary-information-need hierarchy.",pilot; three_way_disagreement; phase2_model_disagreement; multi_cue_boundary
Q029,Empagliflozin efficacy pada Type 2 Diabetes Mellitus clinical outcome data,MIXED,Endocrinology,long,2-3 entities,none,0,Efficacy / Outcomes,0.985386,0.97804695,Epidemiology / Prognosis,0.003800869,Efficacy / Outcomes,1,Efficacy / Outcomes,Efficacy / Outcomes,0.69424725,0.1489231,Prophylaxis / Maintenance,Comparative Treatment Choice,Efficacy / Outcomes,2,two_signal_including_rule,Pharmacotherapy; Epidemiology / Prognosis,Efficacy / Outcomes,medium,model_assisted_schema_review,True,pilot_reviewed,single-treatment efficacy or outcome evidence is the requested output Three-signal status: two_signal_including_rule (rule=Efficacy / Outcomes; prototype=Efficacy / Outcomes; cluster=Comparative Treatment Choice).,pilot; two_signal_including_rule; low_prototype_margin; rare_intent; long_query
Q030,is Losartan safe in Hypertension with liver disease,EN,Cardiology,medium,2-3 entities,one slot,3,Safety / Contraindication,0.8954512,0.87126255,Pharmacotherapy,0.069548965,Safety / Contraindication,1,Safety / Contraindication,Comparative Treatment Choice,0.33822793,0.018643796,Dosing / Administration,Dosing / Administration,,1,three_way_disagreement,Pharmacotherapy,Safety / Contraindication,low,model_assisted_schema_review,True,gold_reviewed,"harm, suitability, contraindication, or pregnancy-safety wording overrides dose when safety is explicit Three-signal status: three_way_disagreement (rule=Safety / Contraindication; prototype=Comparative Treatment Choice; cluster=Dosing / Administration).",three_way_disagreement
Q031,Ibuprofen side effect pada pasien Psoriatic Arthritis apa saja,MIXED,Rheumatology,medium,2-3 entities,none,0,Safety / Contraindication,0.41915825,0.036764055,Pharmacotherapy,0.0040703714,Safety / Contraindication,1,Safety / Contraindication,Comparative Treatment Choice,0.52935207,0.0002015233,Prophylaxis / Maintenance,Comparative Treatment Choice,Comparative Treatment Choice,2,prototype_cluster_against_rule,Pharmacotherapy,Safety / Contraindication,low,model_assisted_schema_review,True,gold_reviewed,"harm, suitability, contraindication, or pregnancy-safety wording overrides dose when safety is explicit Three-signal status: prototype_cluster_against_rule (rule=Safety / Contraindication; prototype=Comparative Treatment Choice; cluster=Comparative Treatment Choice).",prototype_cluster_against_rule; low_prototype_margin; low_candidate_prototype_margin
Q032,interaksi obat Ramipril dan Spironolactone pada Heart Failure,ID,Cardiology,medium,4+ entities,none,0,Interaction / Combination,0.9658287,0.9564689,Pharmacotherapy,0.18101364,Interaction / Combination,1,Interaction / Combination,Comparative Treatment Choice,0.5584078,0.011051476,Prophylaxis / Maintenance,Comparative Treatment Choice,Comparative Treatment Choice,2,prototype_cluster_against_rule,Pharmacotherapy,Interaction / Combination,low,model_assisted_schema_review,True,gold_reviewed,co-administration or interaction overrides general safety Three-signal status: prototype_cluster_against_rule (rule=Interaction / Combination; prototype=Comparative Treatment Choice; cluster=Comparative Treatment Choice).,prototype_cluster_against_rule; low_candidate_prototype_margin; rare_intent
Q044,Malaria with pregnancy first line drug,EN,Infectious Disease,short,2-3 entities,one slot,14,Management / Treatment Selection,0.98180884,0.96883786,Pharmacotherapy,0.069200516,Management / Treatment Selection; Safety / Contraindication,2,Management / Treatment Selection,Safety / Contraindication,0.45546934,0.06764141,Safety / Contraindication,Safety / Contraindication,Safety / Contraindication,2,prototype_cluster_against_rule,Management / Treatment,Management / Treatment Selection,low,model_assisted_schema_review,True,pilot_reviewed,initial treatment choice overrides demographic safety context unless safety is asked Three-signal status: prototype_cluster_against_rule (rule=Management / Treatment Selection; prototype=Safety / Contraindication; cluster=Safety / Contraindication). Multiple cues were resolved with the frozen primary-information-need hierarchy.,pilot; prototype_cluster_against_rule; multi_cue_boundary; short_query
Q047,Tiotropium long term outcomes COPD,EN,Pulmonology,short,2-3 entities,none,0,Efficacy / Outcomes,0.9887477,0.9833311,Epidemiology / Prognosis,0.06624815,Efficacy / Outcomes,1,Efficacy / Outcomes,Efficacy / Outcomes,0.6288654,0.16190714,Prophylaxis / Maintenance,Comparative Treatment Choice,Efficacy / Outcomes,2,two_signal_including_rule,Pharmacotherapy; Epidemiology / Prognosis,Efficacy / Outcomes,medium,model_assisted_schema_review,True,gold_reviewed,single-treatment efficacy or outcome evidence is the requested output Three-signal status: two_signal_including_rule (rule=Efficacy / Outcomes; prototype=Efficacy / Outcomes; cluster=Comparative Treatment Choice).,two_signal_including_rule; rare_intent; short_query
Q049,Calcium channel blockers mechanism untuk Atrial Fibrillation bagaimana cara kerjanya,MIXED,Cardiology,long,2-3 entities,none,6,Mechanism / Background Knowledge,0.96171975,0.9523075,Pharmacotherapy,0.18969372,Mechanism / Background Knowledge,1,Mechanism / Background Knowledge,Mechanism / Background Knowledge,0.5507506,0.10586411,Management / Treatment Selection,Mechanism / Background Knowledge,Mechanism / Background Knowledge,3,unanimous,New dataset-specific class,Mechanism / Background Knowledge,high,model_assisted_schema_review,False,gold_reviewed,mechanism or pathophysiology is explanatory rather than management-oriented Three-signal status: unanimous (rule=Mechanism / Background Knowledge; prototype=Mechanism / Background Knowledge; cluster=Mechanism / Background Knowledge).,rare_intent; long_query
Q051,add on therapy Malaria after Dolutegravir failure,EN,Infectious Disease,medium,2-3 entities,one slot,0,Treatment Change / Escalation,0.99019414,0.98607105,Management / Treatment,0.04653284,Treatment Change / Escalation,1,Treatment Change / Escalation,Efficacy / Outcomes,0.5598161,0.01823467,Prophylaxis / Maintenance,Comparative Treatment Choice,,1,three_way_disagreement,Management / Treatment,Treatment Change / Escalation,low,model_assisted_schema_review,True,gold_reviewed,"failure, resistance, progression, switch, or add-on framing overrides initial selection Three-signal status: three_way_disagreement (rule=Treatment Change / Escalation; prototype=Efficacy / Outcomes; cluster=Comparative Treatment Choice).",three_way_disagreement; low_candidate_prototype_margin
Q052,HIV/AIDS first line Penicillins evidence based,MIXED,Infectious Disease,short,2-3 entities,none,6,Guideline / Evidence Lookup,0.7298272,0.48857287,Pharmacotherapy,0.09217778,Guideline / Evidence Lookup; Management / Treatment Selection,2,Guideline / Evidence Lookup,Management / Treatment Selection,0.4985875,0.058719575,Management / Treatment Selection,Mechanism / Background Knowledge,,1,three_way_disagreement,Evidence / Guideline Lookup,Guideline / Evidence Lookup,low,model_assisted_schema_review,True,gold_reviewed,"explicit evidence, guideline, recency, or year constraint overrides treatment choice Three-signal status: three_way_disagreement (rule=Guideline / Evidence Lookup; prototype=Management / Treatment Selection; cluster=Mechanism / Background Knowledge). Multiple cues were resolved with the frozen primary-information-need hierarchy.",three_way_disagreement; multi_cue_boundary; short_query
Q054,is Empagliflozin safe in Chronic Kidney Disease with renal impairment,EN,Nephrology,long,2-3 entities,one slot,1,Safety / Contraindication,0.88405836,0.84244853,Pharmacotherapy,0.043637544,Safety / Contraindication,1,Safety / Contraindication,Comparative Treatment Choice,0.37649468,0.0019767582,Dosing / Administration,Dosing / Administration,,1,three_way_disagreement,Pharmacotherapy,Safety / Contraindication,low,model_assisted_schema_review,True,gold_reviewed,"harm, suitability, contraindication, or pregnancy-safety wording overrides dose when safety is explicit Three-signal status: three_way_disagreement (rule=Safety / Contraindication; prototype=Comparative Treatment Choice; cluster=Dosing / Administration).",three_way_disagreement; low_candidate_prototype_margin; long_query
Q055,Methimazole side effect pada pasien Hyperthyroidism apa saja,MIXED,Endocrinology,medium,2-3 entities,none,0,Safety / Contraindication,0.41915825,0.036764055,Pharmacotherapy,0.0040703714,Safety / Contraindication,1,Safety / Contraindication,Comparative Treatment Choice,0.52935207,0.0002015233,Prophylaxis / Maintenance,Comparative Treatment Choice,Comparative Treatment Choice,2,prototype_cluster_against_rule,Pharmacotherapy,Safety / Contraindication,low,model_assisted_schema_review,True,gold_reviewed,"harm, suitability, contraindication, or pregnancy-safety wording overrides dose when safety is explicit Three-signal status: prototype_cluster_against_rule (rule=Safety / Contraindication; prototype=Comparative Treatment Choice; cluster=Comparative Treatment Choice).",prototype_cluster_against_rule; low_prototype_margin; low_candidate_prototype_margin
Q057,Dapagliflozin vs Dapagliflozin untuk pasien Chronic Kidney Disease mana lebih efektif,MIXED,Nephrology,long,2-3 entities,one slot,0,Comparative Treatment Choice,0.9871715,0.98253447,Pharmacotherapy,0.038450897,Comparative Treatment Choice,1,Comparative Treatment Choice,Comparative Treatment Choice,0.6681697,0.13081044,Prophylaxis / Maintenance,Comparative Treatment Choice,Comparative Treatment Choice,3,unanimous,Pharmacotherapy,Comparative Treatment Choice,high,model_assisted_schema_review,False,gold_reviewed,explicit comparison overrides single-treatment efficacy Three-signal status: unanimous (rule=Comparative Treatment Choice; prototype=Comparative Treatment Choice; cluster=Comparative Treatment Choice).,rare_intent; long_query
Q058,Thrombolytics role in Ischaemic Stroke pathophysiology,EN,Neurology,short,2-3 entities,none,6,Mechanism / Background Knowledge,0.9630916,0.953808,Pharmacotherapy,0.118331194,Mechanism / Background Knowledge,1,Mechanism / Background Knowledge,Mechanism / Background Knowledge,0.5368707,0.12084818,Management / Treatment Selection,Mechanism / Background Knowledge,Mechanism / Background Knowledge,3,unanimous,New dataset-specific class,Mechanism / Background Knowledge,high,model_assisted_schema_review,False,pilot_reviewed,mechanism or pathophysiology is explanatory rather than management-oriented Three-signal status: unanimous (rule=Mechanism / Background Knowledge; prototype=Mechanism / Background Knowledge; cluster=Mechanism / Background Knowledge).,pilot; rare_intent; short_query
Q061,Epilepsy first line Antiepileptics other evidence based,MIXED,Neurology,medium,2-3 entities,none,6,Guideline / Evidence Lookup,0.7298272,0.48857287,Pharmacotherapy,0.09217778,Guideline / Evidence Lookup; Management / Treatment Selection,2,Guideline / Evidence Lookup,Management / Treatment Selection,0.4985875,0.058719575,Management / Treatment Selection,Mechanism / Background Knowledge,,1,three_way_disagreement,Evidence / Guideline Lookup,Guideline / Evidence Lookup,low,model_assisted_schema_review,True,gold_reviewed,"explicit evidence, guideline, recency, or year constraint overrides treatment choice Three-signal status: three_way_disagreement (rule=Guideline / Evidence Lookup; prototype=Management / Treatment Selection; cluster=Mechanism / Background Knowledge). Multiple cues were resolved with the frozen primary-information-need hierarchy.",three_way_disagreement; multi_cue_boundary
Q065,Semaglutide efficacy pada Type 2 Diabetes Mellitus clinical outcome data,MIXED,Endocrinology,long,2-3 entities,none,0,Efficacy / Outcomes,0.985386,0.97804695,Epidemiology / Prognosis,0.003800869,Efficacy / Outcomes,1,Efficacy / Outcomes,Efficacy / Outcomes,0.69424725,0.1489231,Prophylaxis / Maintenance,Comparative Treatment Choice,Efficacy / Outcomes,2,two_signal_including_rule,Pharmacotherapy; Epidemiology / Prognosis,Efficacy / Outcomes,medium,model_assisted_schema_review,True,pilot_reviewed,single-treatment efficacy or outcome evidence is the requested output Three-signal status: two_signal_including_rule (rule=Efficacy / Outcomes; prototype=Efficacy / Outcomes; cluster=Comparative Treatment Choice).,pilot; two_signal_including_rule; low_prototype_margin; rare_intent; long_query
Q067,kapan start Atorvastatin di Acute Coronary Syndrome evidence terbaru 2025,MIXED,Cardiology,long,2-3 entities,multiple slots,0,Guideline / Evidence Lookup,0.94005793,0.91178095,Evidence / Guideline Lookup,0.049595058,Guideline / Evidence Lookup; Management / Treatment Selection,2,Guideline / Evidence Lookup,Management / Treatment Selection,0.46873483,0.017838597,Prophylaxis / Maintenance,Comparative Treatment Choice,,1,three_way_disagreement,Evidence / Guideline Lookup,Guideline / Evidence Lookup,low,model_assisted_schema_review,True,pilot_reviewed,"explicit evidence, guideline, recency, or year constraint overrides treatment choice Three-signal status: three_way_disagreement (rule=Guideline / Evidence Lookup; prototype=Management / Treatment Selection; cluster=Comparative Treatment Choice). Multiple cues were resolved with the frozen primary-information-need hierarchy.",pilot; three_way_disagreement; multi_cue_boundary; low_candidate_prototype_margin; long_query
Q068,Labetalol resistance in Hypertension in Pregnancy alternative therapy,EN,Obstetrics,medium,2-3 entities,multiple slots,0,Interaction / Combination,0.40348408,0.18624467,Pharmacotherapy,0.018035889,Treatment Change / Escalation,1,Treatment Change / Escalation,Comparative Treatment Choice,0.5853206,0.09347534,Prophylaxis / Maintenance,Comparative Treatment Choice,Comparative Treatment Choice,2,prototype_cluster_against_rule,Management / Treatment,Treatment Change / Escalation,low,model_assisted_schema_review,True,pilot_reviewed,"failure, resistance, progression, switch, or add-on framing overrides initial selection Three-signal status: prototype_cluster_against_rule (rule=Treatment Change / Escalation; prototype=Comparative Treatment Choice; cluster=Comparative Treatment Choice). Phase 2 suggestion 'Interaction / Combination' was not retained because the explicit request maps to 'Treatment Change / Escalation'.",pilot; prototype_cluster_against_rule; phase2_model_disagreement
Q069,dosis titrasi Alendronate Osteoporosis toleransi pasien,MIXED,Rheumatology,short,2-3 entities,one slot,5,Dosing / Administration,0.91047275,0.8685019,Epidemiology / Prognosis,0.0049081445,Dosing / Administration,1,Dosing / Administration,Efficacy / Outcomes,0.53874236,0.0329507,Efficacy / Outcomes,Efficacy / Outcomes,Efficacy / Outcomes,2,prototype_cluster_against_rule,Pharmacotherapy,Dosing / Administration,low,model_assisted_schema_review,True,gold_reviewed,requested regimen or adjustment determines the primary information need Three-signal status: prototype_cluster_against_rule (rule=Dosing / Administration; prototype=Efficacy / Outcomes; cluster=Efficacy / Outcomes).,prototype_cluster_against_rule; low_prototype_margin; short_query
Q071,Vancomycin vs Piperacillin-tazobactam in Sepsis patients,EN,Critical Care,short,4+ entities,one slot,0,Comparative Treatment Choice,0.98690945,0.982131,Pharmacotherapy,0.037023067,Comparative Treatment Choice,1,Comparative Treatment Choice,Comparative Treatment Choice,0.60442096,0.10131985,Prophylaxis / Maintenance,Comparative Treatment Choice,Comparative Treatment Choice,3,unanimous,Pharmacotherapy,Comparative Treatment Choice,high,model_assisted_schema_review,False,gold_reviewed,explicit comparison overrides single-treatment efficacy Three-signal status: unanimous (rule=Comparative Treatment Choice; prototype=Comparative Treatment Choice; cluster=Comparative Treatment Choice).,rare_intent; short_query
Q073,is Valproate safe in Epilepsy with hypertension,EN,Neurology,medium,2-3 entities,none,1,Safety / Contraindication,0.899799,0.87759966,Evidence / Guideline Lookup,0.009879857,Safety / Contraindication,1,Safety / Contraindication,Comparative Treatment Choice,0.39009082,0.009806633,Dosing / Administration,Dosing / Administration,,1,three_way_disagreement,Pharmacotherapy,Safety / Contraindication,low,model_assisted_schema_review,True,gold_reviewed,"harm, suitability, contraindication, or pregnancy-safety wording overrides dose when safety is explicit Three-signal status: three_way_disagreement (rule=Safety / Contraindication; prototype=Comparative Treatment Choice; cluster=Dosing / Administration).",three_way_disagreement; low_prototype_margin; low_candidate_prototype_margin
Q080,Urinary Tract Infection dengan obesity pilihan drug terbaik,MIXED,Infectious Disease,medium,2-3 entities,none,2,Management / Treatment Selection,0.992386,0.98802394,Pharmacotherapy,0.14652044,Management / Treatment Selection,1,Management / Treatment Selection,Comparative Treatment Choice,0.42079872,0.008530647,Comparative Treatment Choice,Safety / Contraindication,,1,three_way_disagreement,Management / Treatment,Management / Treatment Selection,low,model_assisted_schema_review,True,gold_reviewed,initial treatment choice overrides demographic safety context unless safety is asked Three-signal status: three_way_disagreement (rule=Management / Treatment Selection; prototype=Comparative Treatment Choice; cluster=Safety / Contraindication).,three_way_disagreement; low_candidate_prototype_margin
Q081,Stable Angina dengan hypertension pilihan drug terbaik,MIXED,Cardiology,medium,2-3 entities,none,1,Management / Treatment Selection,0.9922327,0.98775274,Pharmacotherapy,0.043848574,Management / Treatment Selection,1,Management / Treatment Selection,Comparative Treatment Choice,0.4422769,0.012139976,Dosing / Administration,Dosing / Administration,,1,three_way_disagreement,Management / Treatment,Management / Treatment Selection,low,model_assisted_schema_review,True,pilot_reviewed,initial treatment choice overrides demographic safety context unless safety is asked Three-signal status: three_way_disagreement (rule=Management / Treatment Selection; prototype=Comparative Treatment Choice; cluster=Dosing / Administration).,pilot; three_way_disagreement; low_candidate_prototype_margin
Q085,Methylphenidate vs Methylphenidate efficacy in Breast Cancer HER2-positive,EN,Oncology,medium,2-3 entities,one slot,0,Comparative Treatment Choice,0.9547989,0.93330324,Pharmacotherapy,0.096405566,Comparative Treatment Choice; Efficacy / Outcomes,2,Comparative Treatment Choice,Comparative Treatment Choice,0.64594364,0.043855608,Prophylaxis / Maintenance,Comparative Treatment Choice,Comparative Treatment Choice,3,unanimous,Pharmacotherapy,Comparative Treatment Choice,medium,model_assisted_schema_review,True,pilot_reviewed,explicit comparison overrides single-treatment efficacy Three-signal status: unanimous (rule=Comparative Treatment Choice; prototype=Comparative Treatment Choice; cluster=Comparative Treatment Choice). Multiple cues were resolved with the frozen primary-information-need hierarchy.,pilot; multi_cue_boundary; rare_intent
Q087,Rheumatoid Arthritis dengan renal impairment pilihan drug terbaik,MIXED,Rheumatology,medium,2-3 entities,one slot,1,Management / Treatment Selection,0.9917514,0.9880166,Pharmacotherapy,0.106499076,Management / Treatment Selection,1,Management / Treatment Selection,Comparative Treatment Choice,0.43345293,0.049470782,Dosing / Administration,Dosing / Administration,,1,three_way_disagreement,Management / Treatment,Management / Treatment Selection,low,model_assisted_schema_review,True,gold_reviewed,initial treatment choice overrides demographic safety context unless safety is asked Three-signal status: three_way_disagreement (rule=Management / Treatment Selection; prototype=Comparative Treatment Choice; cluster=Dosing / Administration).,three_way_disagreement
Q089,biomarkers Community-acquired Pneumonia treatment response Rivaroxaban,EN,Pulmonology,short,2-3 entities,none,0,Safety / Contraindication,0.41025126,0.022016495,Evidence / Guideline Lookup,0.017547905,Monitoring / Response / Risk Assessment,1,Monitoring / Response / Risk Assessment,Efficacy / Outcomes,0.5303659,0.054282725,Prophylaxis / Maintenance,Comparative Treatment Choice,,1,three_way_disagreement,Management / Treatment; Epidemiology / Prognosis,Monitoring / Response / Risk Assessment,low,model_assisted_schema_review,True,pilot_reviewed,"monitoring action, response biomarker, or risk score is the requested output Three-signal status: three_way_disagreement (rule=Monitoring / Response / Risk Assessment; prototype=Efficacy / Outcomes; cluster=Comparative Treatment Choice). Phase 2 suggestion 'Safety / Contraindication' was not retained because the explicit request maps to 'Monitoring / Response / Risk Assessment'.",pilot; three_way_disagreement; phase2_model_disagreement; short_query
Q093,penggantian Ezetimibe ke Amlodipine pada Acute Coronary Syndrome,ID,Cardiology,medium,4+ entities,none,0,Treatment Change / Escalation,0.99038905,0.98548526,Pharmacotherapy,0.008090973,Treatment Change / Escalation,1,Treatment Change / Escalation,Comparative Treatment Choice,0.52078336,0.015999794,Prophylaxis / Maintenance,Comparative Treatment Choice,Comparative Treatment Choice,2,prototype_cluster_against_rule,Management / Treatment,Treatment Change / Escalation,low,model_assisted_schema_review,True,pilot_reviewed,"failure, resistance, progression, switch, or add-on framing overrides initial selection Three-signal status: prototype_cluster_against_rule (rule=Treatment Change / Escalation; prototype=Comparative Treatment Choice; cluster=Comparative Treatment Choice).",pilot; prototype_cluster_against_rule; low_prototype_margin; low_candidate_prototype_margin
Q094,kapan start Azithromycin di Asthma evidence terbaru 2022,MIXED,Pulmonology,medium,2-3 entities,multiple slots,0,Guideline / Evidence Lookup,0.940628,0.9118047,Evidence / Guideline Lookup,0.06332886,Guideline / Evidence Lookup; Management / Treatment Selection,2,Guideline / Evidence Lookup,Management / Treatment Selection,0.4684108,0.011188477,Prophylaxis / Maintenance,Comparative Treatment Choice,,1,three_way_disagreement,Evidence / Guideline Lookup,Guideline / Evidence Lookup,low,model_assisted_schema_review,True,gold_reviewed,"explicit evidence, guideline, recency, or year constraint overrides treatment choice Three-signal status: three_way_disagreement (rule=Guideline / Evidence Lookup; prototype=Management / Treatment Selection; cluster=Comparative Treatment Choice). Multiple cues were resolved with the frozen primary-information-need hierarchy.",three_way_disagreement; multi_cue_boundary; low_candidate_prototype_margin
Q095,monitoring parameters Empagliflozin in Atrial Fibrillation,EN,Cardiology,short,2-3 entities,none,6,Monitoring / Response / Risk Assessment,0.9854785,0.97904205,Pharmacotherapy,0.068030894,Monitoring / Response / Risk Assessment,1,Monitoring / Response / Risk Assessment,Prophylaxis / Maintenance,0.51753473,0.005389273,Management / Treatment Selection,Mechanism / Background Knowledge,,1,three_way_disagreement,Management / Treatment; Epidemiology / Prognosis,Monitoring / Response / Risk Assessment,low,model_assisted_schema_review,True,gold_reviewed,"monitoring action, response biomarker, or risk score is the requested output Three-signal status: three_way_disagreement (rule=Monitoring / Response / Risk Assessment; prototype=Prophylaxis / Maintenance; cluster=Mechanism / Background Knowledge).",three_way_disagreement; low_candidate_prototype_margin; short_query
Q098,ARBs terbaru untuk Hypertension 2022,MIXED,Cardiology,short,2-3 entities,multiple slots,6,Guideline / Evidence Lookup,0.8981066,0.84910643,Pharmacotherapy,0.08498266,Guideline / Evidence Lookup,1,Guideline / Evidence Lookup,Comparative Treatment Choice,0.43399033,0.000780344,Management / Treatment Selection,Mechanism / Background Knowledge,,1,three_way_disagreement,Evidence / Guideline Lookup,Guideline / Evidence Lookup,low,model_assisted_schema_review,True,gold_reviewed,"explicit evidence, guideline, recency, or year constraint overrides treatment choice Three-signal status: three_way_disagreement (rule=Guideline / Evidence Lookup; prototype=Comparative Treatment Choice; cluster=Mechanism / Background Knowledge).",three_way_disagreement; low_candidate_prototype_margin; short_query
Q103,biomarkers Ischaemic Stroke treatment response Alteplase,EN,Neurology,short,2-3 entities,none,0,Safety / Contraindication,0.41025126,0.022016495,Evidence / Guideline Lookup,0.017547905,Monitoring / Response / Risk Assessment,1,Monitoring / Response / Risk Assessment,Efficacy / Outcomes,0.5303659,0.054282725,Prophylaxis / Maintenance,Comparative Treatment Choice,,1,three_way_disagreement,Management / Treatment; Epidemiology / Prognosis,Monitoring / Response / Risk Assessment,low,model_assisted_schema_review,True,pilot_reviewed,"monitoring action, response biomarker, or risk score is the requested output Three-signal status: three_way_disagreement (rule=Monitoring / Response / Risk Assessment; prototype=Efficacy / Outcomes; cluster=Comparative Treatment Choice). Phase 2 suggestion 'Safety / Contraindication' was not retained because the explicit request maps to 'Monitoring / Response / Risk Assessment'.",pilot; three_way_disagreement; phase2_model_disagreement; short_query
Q105,tatalaksana Breast Cancer HER2-positive panduan terbaru 2025,ID,Oncology,medium,2-3 entities,multiple slots,0,Guideline / Evidence Lookup,0.9142974,0.8779667,Epidemiology / Prognosis,0.03427881,Guideline / Evidence Lookup; Management / Treatment Selection,2,Guideline / Evidence Lookup,Efficacy / Outcomes,0.4687352,0.03992787,Prophylaxis / Maintenance,Comparative Treatment Choice,,1,three_way_disagreement,Evidence / Guideline Lookup,Guideline / Evidence Lookup,low,model_assisted_schema_review,True,gold_reviewed,"explicit evidence, guideline, recency, or year constraint overrides treatment choice Three-signal status: three_way_disagreement (rule=Guideline / Evidence Lookup; prototype=Efficacy / Outcomes; cluster=Comparative Treatment Choice). Multiple cues were resolved with the frozen primary-information-need hierarchy.",three_way_disagreement; multi_cue_boundary
Q106,titration protocol Metoprolol in Heart Failure,EN,Cardiology,short,2-3 entities,none,5,Dosing / Administration,0.37508363,0.10218626,Procedures / Techniques,0.0025033057,Dosing / Administration,1,Dosing / Administration,Efficacy / Outcomes,0.51963717,0.0312908,Efficacy / Outcomes,Efficacy / Outcomes,Efficacy / Outcomes,2,prototype_cluster_against_rule,Pharmacotherapy,Dosing / Administration,low,model_assisted_schema_review,True,gold_reviewed,requested regimen or adjustment determines the primary information need Three-signal status: prototype_cluster_against_rule (rule=Dosing / Administration; prototype=Efficacy / Outcomes; cluster=Efficacy / Outcomes).,prototype_cluster_against_rule; low_prototype_margin; short_query
Q108,Antituberculotics adverse effects monitoring in Tuberculosis,EN,Pulmonology,short,2-3 entities,none,6,Monitoring / Response / Risk Assessment,0.890431,0.8371518,Pharmacotherapy,0.14702606,Safety / Contraindication; Monitoring / Response / Risk Assessment,2,Safety / Contraindication,Monitoring / Response / Risk Assessment,0.5217008,0.059375703,Management / Treatment Selection,Mechanism / Background Knowledge,,1,three_way_disagreement,Pharmacotherapy,Safety / Contraindication,low,model_assisted_schema_review,True,pilot_reviewed,"harm, suitability, contraindication, or pregnancy-safety wording overrides dose when safety is explicit Three-signal status: three_way_disagreement (rule=Safety / Contraindication; prototype=Monitoring / Response / Risk Assessment; cluster=Mechanism / Background Knowledge). Phase 2 suggestion 'Monitoring / Response / Risk Assessment' was not retained because the explicit request maps to 'Safety / Contraindication'. Multiple cues were resolved with the frozen primary-information-need hierarchy.",pilot; three_way_disagreement; phase2_model_disagreement; multi_cue_boundary; short_query
Q109,kapan start Levetiracetam di Epilepsy evidence terbaru terbaru,MIXED,Neurology,medium,2-3 entities,one slot,0,Guideline / Evidence Lookup,0.9389991,0.90862304,Evidence / Guideline Lookup,0.061739504,Guideline / Evidence Lookup; Management / Treatment Selection,2,Guideline / Evidence Lookup,Management / Treatment Selection,0.52072036,0.050660193,Prophylaxis / Maintenance,Comparative Treatment Choice,,1,three_way_disagreement,Evidence / Guideline Lookup,Guideline / Evidence Lookup,low,model_assisted_schema_review,True,gold_reviewed,"explicit evidence, guideline, recency, or year constraint overrides treatment choice Three-signal status: three_way_disagreement (rule=Guideline / Evidence Lookup; prototype=Management / Treatment Selection; cluster=Comparative Treatment Choice). Multiple cues were resolved with the frozen primary-information-need hierarchy.",three_way_disagreement; multi_cue_boundary
Q111,Erythropoietin contraindication in Iron Deficiency Anaemia with anaemia,EN,Haematology,medium,2-3 entities,none,12,Dosing / Administration,0.40504202,0.0021919012,Pharmacotherapy,0.001208812,Safety / Contraindication,1,Safety / Contraindication,Comparative Treatment Choice,0.41774553,0.038000643,Comparative Treatment Choice,Safety / Contraindication,Safety / Contraindication,2,two_signal_including_rule,Pharmacotherapy,Safety / Contraindication,medium,model_assisted_schema_review,True,pilot_reviewed,"harm, suitability, contraindication, or pregnancy-safety wording overrides dose when safety is explicit Three-signal status: two_signal_including_rule (rule=Safety / Contraindication; prototype=Comparative Treatment Choice; cluster=Safety / Contraindication). Phase 2 suggestion 'Dosing / Administration' was not retained because the explicit request maps to 'Safety / Contraindication'.",pilot; two_signal_including_rule; phase2_model_disagreement; low_prototype_margin
Q116,Osteoporosis dengan elderly patients pilihan drug terbaik,MIXED,Rheumatology,medium,2-3 entities,one slot,8,Management / Treatment Selection,0.9921794,0.987661,Pharmacotherapy,0.10332903,Management / Treatment Selection,1,Management / Treatment Selection,Comparative Treatment Choice,0.43838927,0.045255184,Efficacy / Outcomes,Efficacy / Outcomes,,1,three_way_disagreement,Management / Treatment,Management / Treatment Selection,low,model_assisted_schema_review,True,gold_reviewed,initial treatment choice overrides demographic safety context unless safety is asked Three-signal status: three_way_disagreement (rule=Management / Treatment Selection; prototype=Comparative Treatment Choice; cluster=Efficacy / Outcomes).,three_way_disagreement
Q119,Gout first line TNF inhibitors evidence based,MIXED,Rheumatology,medium,2-3 entities,none,6,Guideline / Evidence Lookup,0.7298272,0.48857287,Pharmacotherapy,0.09217778,Guideline / Evidence Lookup; Management / Treatment Selection,2,Guideline / Evidence Lookup,Management / Treatment Selection,0.4985875,0.058719575,Management / Treatment Selection,Mechanism / Background Knowledge,,1,three_way_disagreement,Evidence / Guideline Lookup,Guideline / Evidence Lookup,low,model_assisted_schema_review,True,gold_reviewed,"explicit evidence, guideline, recency, or year constraint overrides treatment choice Three-signal status: three_way_disagreement (rule=Guideline / Evidence Lookup; prototype=Management / Treatment Selection; cluster=Mechanism / Background Knowledge). Multiple cues were resolved with the frozen primary-information-need hierarchy.",three_way_disagreement; multi_cue_boundary
Q128,kapan start Alendronate di Osteoporosis evidence terbaru 2022,MIXED,Rheumatology,medium,2-3 entities,multiple slots,0,Guideline / Evidence Lookup,0.940628,0.9118047,Evidence / Guideline Lookup,0.06332886,Guideline / Evidence Lookup; Management / Treatment Selection,2,Guideline / Evidence Lookup,Management / Treatment Selection,0.4684108,0.011188477,Prophylaxis / Maintenance,Comparative Treatment Choice,,1,three_way_disagreement,Evidence / Guideline Lookup,Guideline / Evidence Lookup,low,model_assisted_schema_review,True,pilot_reviewed,"explicit evidence, guideline, recency, or year constraint overrides treatment choice Three-signal status: three_way_disagreement (rule=Guideline / Evidence Lookup; prototype=Management / Treatment Selection; cluster=Comparative Treatment Choice). Multiple cues were resolved with the frozen primary-information-need hierarchy.",pilot; three_way_disagreement; multi_cue_boundary; low_candidate_prototype_margin
Q132,Methotrexate dosing in Systemic Lupus Erythematosus with heart failure,EN,Rheumatology,medium,2-3 entities,one slot,7,Treatment Change / Escalation,0.9160713,0.86669624,Evidence / Guideline Lookup,0.024967551,Dosing / Administration,1,Dosing / Administration,Dosing / Administration,0.4281673,0.0039898455,Comparative Treatment Choice,Safety / Contraindication,Dosing / Administration,2,two_signal_including_rule,Pharmacotherapy,Dosing / Administration,medium,model_assisted_schema_review,True,pilot_reviewed,requested regimen or adjustment determines the primary information need Three-signal status: two_signal_including_rule (rule=Dosing / Administration; prototype=Dosing / Administration; cluster=Safety / Contraindication). Phase 2 suggestion 'Treatment Change / Escalation' was not retained because the explicit request maps to 'Dosing / Administration'.,pilot; two_signal_including_rule; phase2_model_disagreement; low_candidate_prototype_margin
Q133,Omeprazole contraindication in Peptic Ulcer Disease with hypertension,EN,Gastroenterology,medium,2-3 entities,none,1,Dosing / Administration,0.40195975,0.0023902655,Evidence / Guideline Lookup,0.07654327,Safety / Contraindication,1,Safety / Contraindication,Comparative Treatment Choice,0.4354076,0.0028132498,Dosing / Administration,Dosing / Administration,,1,three_way_disagreement,Pharmacotherapy,Safety / Contraindication,low,model_assisted_schema_review,True,pilot_reviewed,"harm, suitability, contraindication, or pregnancy-safety wording overrides dose when safety is explicit Three-signal status: three_way_disagreement (rule=Safety / Contraindication; prototype=Comparative Treatment Choice; cluster=Dosing / Administration). Phase 2 suggestion 'Dosing / Administration' was not retained because the explicit request maps to 'Safety / Contraindication'.",pilot; three_way_disagreement; phase2_model_disagreement; low_candidate_prototype_margin
Q134,Non-Small Cell Lung Cancer prophylaxis Pembrolizumab indication,EN,Oncology,medium,2-3 entities,none,0,Prophylaxis / Maintenance,0.98185766,0.97619903,Diagnosis / Differential Diagnosis,0.069550365,Prophylaxis / Maintenance; Management / Treatment Selection,2,Prophylaxis / Maintenance,Prophylaxis / Maintenance,0.5617696,0.2258121,Prophylaxis / Maintenance,Comparative Treatment Choice,Prophylaxis / Maintenance,2,two_signal_including_rule,Management / Treatment,Prophylaxis / Maintenance,medium,model_assisted_schema_review,True,gold_reviewed,prevention or maintenance framing overrides generic indication Three-signal status: two_signal_including_rule (rule=Prophylaxis / Maintenance; prototype=Prophylaxis / Maintenance; cluster=Comparative Treatment Choice). Multiple cues were resolved with the frozen primary-information-need hierarchy.,two_signal_including_rule; multi_cue_boundary; rare_intent
Q136,add on therapy Hypertension in Pregnancy after Methyldopa failure,EN,Obstetrics,medium,2-3 entities,multiple slots,0,Treatment Change / Escalation,0.99019414,0.98607105,Management / Treatment,0.04653284,Treatment Change / Escalation,1,Treatment Change / Escalation,Efficacy / Outcomes,0.5598161,0.01823467,Prophylaxis / Maintenance,Comparative Treatment Choice,,1,three_way_disagreement,Management / Treatment,Treatment Change / Escalation,low,model_assisted_schema_review,True,gold_reviewed,"failure, resistance, progression, switch, or add-on framing overrides initial selection Three-signal status: three_way_disagreement (rule=Treatment Change / Escalation; prototype=Efficacy / Outcomes; cluster=Comparative Treatment Choice).",three_way_disagreement; low_candidate_prototype_margin
Q142,Vitamin A kontraindikasi pada Stunting / Malnutrition dengan COPD,ID,Pediatrics,medium,2-3 entities,none,4,Safety / Contraindication,0.84266317,0.8127981,Diagnosis / Differential Diagnosis,0.014530271,Safety / Contraindication,1,Safety / Contraindication,Guideline / Evidence Lookup,0.3951083,0.0018842816,Comparative Treatment Choice,Safety / Contraindication,Safety / Contraindication,2,two_signal_including_rule,Pharmacotherapy,Safety / Contraindication,medium,model_assisted_schema_review,True,gold_reviewed,"harm, suitability, contraindication, or pregnancy-safety wording overrides dose when safety is explicit Three-signal status: two_signal_including_rule (rule=Safety / Contraindication; prototype=Guideline / Evidence Lookup; cluster=Safety / Contraindication).",two_signal_including_rule; low_prototype_margin; low_candidate_prototype_margin
Q145,titration protocol Rivaroxaban in Community-acquired Pneumonia,EN,Pulmonology,short,2-3 entities,none,5,Dosing / Administration,0.37508363,0.10218626,Procedures / Techniques,0.0025033057,Dosing / Administration,1,Dosing / Administration,Efficacy / Outcomes,0.51963717,0.0312908,Efficacy / Outcomes,Efficacy / Outcomes,Efficacy / Outcomes,2,prototype_cluster_against_rule,Pharmacotherapy,Dosing / Administration,low,model_assisted_schema_review,True,gold_reviewed,requested regimen or adjustment determines the primary information need Three-signal status: prototype_cluster_against_rule (rule=Dosing / Administration; prototype=Efficacy / Outcomes; cluster=Efficacy / Outcomes).,prototype_cluster_against_rule; low_prototype_margin; short_query
Q147,Chronic Kidney Disease first line ARBs evidence based,MIXED,Nephrology,medium,2-3 entities,none,6,Guideline / Evidence Lookup,0.7298272,0.48857287,Pharmacotherapy,0.09217778,Guideline / Evidence Lookup; Management / Treatment Selection,2,Guideline / Evidence Lookup,Management / Treatment Selection,0.4985875,0.058719575,Management / Treatment Selection,Mechanism / Background Knowledge,,1,three_way_disagreement,Evidence / Guideline Lookup,Guideline / Evidence Lookup,low,model_assisted_schema_review,True,gold_reviewed,"explicit evidence, guideline, recency, or year constraint overrides treatment choice Three-signal status: three_way_disagreement (rule=Guideline / Evidence Lookup; prototype=Management / Treatment Selection; cluster=Mechanism / Background Knowledge). Multiple cues were resolved with the frozen primary-information-need hierarchy.",three_way_disagreement; multi_cue_boundary
Q151,latest guideline Preeclampsia management 2024,MIXED,Obstetrics,short,2-3 entities,multiple slots,0,Guideline / Evidence Lookup,0.9227654,0.881417,Management / Treatment,0.0025249124,Guideline / Evidence Lookup,1,Guideline / Evidence Lookup,Management / Treatment Selection,0.5035444,0.04024288,Prophylaxis / Maintenance,Comparative Treatment Choice,,1,three_way_disagreement,Evidence / Guideline Lookup,Guideline / Evidence Lookup,low,model_assisted_schema_review,True,gold_reviewed,"explicit evidence, guideline, recency, or year constraint overrides treatment choice Three-signal status: three_way_disagreement (rule=Guideline / Evidence Lookup; prototype=Management / Treatment Selection; cluster=Comparative Treatment Choice).",three_way_disagreement; low_prototype_margin; short_query
Q155,kombinasi Artemether-lumefantrine dan Artemether-lumefantrine pada Typhoid Fever aman atau tidak,MIXED,Infectious Disease,long,2-3 entities,one slot,0,Interaction / Combination,0.9430835,0.9159338,Pharmacotherapy,0.05207646,Interaction / Combination; Safety / Contraindication,2,Interaction / Combination,Comparative Treatment Choice,0.5549678,0.039941847,Prophylaxis / Maintenance,Comparative Treatment Choice,Comparative Treatment Choice,2,prototype_cluster_against_rule,Pharmacotherapy,Interaction / Combination,low,model_assisted_schema_review,True,pilot_reviewed,co-administration or interaction overrides general safety Three-signal status: prototype_cluster_against_rule (rule=Interaction / Combination; prototype=Comparative Treatment Choice; cluster=Comparative Treatment Choice). Multiple cues were resolved with the frozen primary-information-need hierarchy.,pilot; prototype_cluster_against_rule; multi_cue_boundary; rare_intent; long_query
Q156,indikasi Tenofovir+Lamivudine pada Urinary Tract Infection guideline terbaru,MIXED,Infectious Disease,medium,2-3 entities,one slot,0,Guideline / Evidence Lookup,0.9326238,0.8989352,Evidence / Guideline Lookup,0.0035655499,Guideline / Evidence Lookup; Management / Treatment Selection,2,Guideline / Evidence Lookup,Management / Treatment Selection,0.51540405,0.036907732,Prophylaxis / Maintenance,Comparative Treatment Choice,,1,three_way_disagreement,Evidence / Guideline Lookup,Guideline / Evidence Lookup,low,model_assisted_schema_review,True,pilot_reviewed,"explicit evidence, guideline, recency, or year constraint overrides treatment choice Three-signal status: three_way_disagreement (rule=Guideline / Evidence Lookup; prototype=Management / Treatment Selection; cluster=Comparative Treatment Choice). Multiple cues were resolved with the frozen primary-information-need hierarchy.",pilot; three_way_disagreement; multi_cue_boundary; low_prototype_margin
Q159,titration protocol Cyclosporine in Psoriasis,EN,Dermatology,short,2-3 entities,none,5,Dosing / Administration,0.37508363,0.10218626,Procedures / Techniques,0.0025033057,Dosing / Administration,1,Dosing / Administration,Efficacy / Outcomes,0.51963717,0.0312908,Efficacy / Outcomes,Efficacy / Outcomes,Efficacy / Outcomes,2,prototype_cluster_against_rule,Pharmacotherapy,Dosing / Administration,low,model_assisted_schema_review,True,gold_reviewed,requested regimen or adjustment determines the primary information need Three-signal status: prototype_cluster_against_rule (rule=Dosing / Administration; prototype=Efficacy / Outcomes; cluster=Efficacy / Outcomes).,prototype_cluster_against_rule; low_prototype_margin; short_query
Q164,Systemic Lupus Erythematosus first line TNF inhibitors evidence based,MIXED,Rheumatology,medium,2-3 entities,none,6,Guideline / Evidence Lookup,0.7298272,0.48857287,Pharmacotherapy,0.09217778,Guideline / Evidence Lookup; Management / Treatment Selection,2,Guideline / Evidence Lookup,Management / Treatment Selection,0.4985875,0.058719575,Management / Treatment Selection,Mechanism / Background Knowledge,,1,three_way_disagreement,Evidence / Guideline Lookup,Guideline / Evidence Lookup,low,model_assisted_schema_review,True,gold_reviewed,"explicit evidence, guideline, recency, or year constraint overrides treatment choice Three-signal status: three_way_disagreement (rule=Guideline / Evidence Lookup; prototype=Management / Treatment Selection; cluster=Mechanism / Background Knowledge). Multiple cues were resolved with the frozen primary-information-need hierarchy.",three_way_disagreement; multi_cue_boundary
Q167,penggantian Omeprazole ke Lansoprazole pada Peptic Ulcer Disease,ID,Gastroenterology,medium,4+ entities,none,0,Treatment Change / Escalation,0.99038905,0.98548526,Pharmacotherapy,0.008090973,Treatment Change / Escalation,1,Treatment Change / Escalation,Comparative Treatment Choice,0.52078336,0.015999794,Prophylaxis / Maintenance,Comparative Treatment Choice,Comparative Treatment Choice,2,prototype_cluster_against_rule,Management / Treatment,Treatment Change / Escalation,low,model_assisted_schema_review,True,gold_reviewed,"failure, resistance, progression, switch, or add-on framing overrides initial selection Three-signal status: prototype_cluster_against_rule (rule=Treatment Change / Escalation; prototype=Comparative Treatment Choice; cluster=Comparative Treatment Choice).",prototype_cluster_against_rule; low_prototype_margin; low_candidate_prototype_margin
Q171,Hyperthyroidism prophylaxis Methimazole indication,EN,Endocrinology,short,2-3 entities,none,0,Prophylaxis / Maintenance,0.98185766,0.97619903,Diagnosis / Differential Diagnosis,0.069550365,Prophylaxis / Maintenance; Management / Treatment Selection,2,Prophylaxis / Maintenance,Prophylaxis / Maintenance,0.5617696,0.2258121,Prophylaxis / Maintenance,Comparative Treatment Choice,Prophylaxis / Maintenance,2,two_signal_including_rule,Management / Treatment,Prophylaxis / Maintenance,medium,model_assisted_schema_review,True,pilot_reviewed,prevention or maintenance framing overrides generic indication Three-signal status: two_signal_including_rule (rule=Prophylaxis / Maintenance; prototype=Prophylaxis / Maintenance; cluster=Comparative Treatment Choice). Multiple cues were resolved with the frozen primary-information-need hierarchy.,pilot; two_signal_including_rule; multi_cue_boundary; rare_intent; short_query
Q173,Stunting / Malnutrition first line Zinc supplements evidence based,MIXED,Pediatrics,medium,2-3 entities,none,6,Guideline / Evidence Lookup,0.7298272,0.48857287,Pharmacotherapy,0.09217778,Guideline / Evidence Lookup; Management / Treatment Selection,2,Guideline / Evidence Lookup,Management / Treatment Selection,0.4985875,0.058719575,Management / Treatment Selection,Mechanism / Background Knowledge,,1,three_way_disagreement,Evidence / Guideline Lookup,Guideline / Evidence Lookup,low,model_assisted_schema_review,True,gold_reviewed,"explicit evidence, guideline, recency, or year constraint overrides treatment choice Three-signal status: three_way_disagreement (rule=Guideline / Evidence Lookup; prototype=Management / Treatment Selection; cluster=Mechanism / Background Knowledge). Multiple cues were resolved with the frozen primary-information-need hierarchy.",three_way_disagreement; multi_cue_boundary
Q180,tatalaksana Type 1 Diabetes Mellitus panduan terbaru 2023,ID,Endocrinology,medium,2-3 entities,multiple slots,0,Guideline / Evidence Lookup,0.9125965,0.87502193,Epidemiology / Prognosis,0.029857993,Guideline / Evidence Lookup; Management / Treatment Selection,2,Guideline / Evidence Lookup,Efficacy / Outcomes,0.4857589,0.055467457,Prophylaxis / Maintenance,Comparative Treatment Choice,,1,three_way_disagreement,Evidence / Guideline Lookup,Guideline / Evidence Lookup,low,model_assisted_schema_review,True,gold_reviewed,"explicit evidence, guideline, recency, or year constraint overrides treatment choice Three-signal status: three_way_disagreement (rule=Guideline / Evidence Lookup; prototype=Efficacy / Outcomes; cluster=Comparative Treatment Choice). Multiple cues were resolved with the frozen primary-information-need hierarchy.",three_way_disagreement; multi_cue_boundary
Q184,Proton pump inhibitors mechanism of action in Peptic Ulcer Disease,EN,Gastroenterology,long,2-3 entities,none,6,Mechanism / Background Knowledge,0.9610921,0.9522671,Pharmacotherapy,0.20812738,Mechanism / Background Knowledge,1,Mechanism / Background Knowledge,Mechanism / Background Knowledge,0.57746506,0.10379565,Management / Treatment Selection,Mechanism / Background Knowledge,Mechanism / Background Knowledge,3,unanimous,New dataset-specific class,Mechanism / Background Knowledge,high,model_assisted_schema_review,False,gold_reviewed,mechanism or pathophysiology is explanatory rather than management-oriented Three-signal status: unanimous (rule=Mechanism / Background Knowledge; prototype=Mechanism / Background Knowledge; cluster=Mechanism / Background Knowledge).,rare_intent; long_query
Q188,interaksi obat Zinc dan Vitamin A pada Stunting / Malnutrition,ID,Pediatrics,long,4+ entities,none,0,Interaction / Combination,0.9658287,0.9564689,Pharmacotherapy,0.18101364,Interaction / Combination,1,Interaction / Combination,Comparative Treatment Choice,0.5584078,0.011051476,Prophylaxis / Maintenance,Comparative Treatment Choice,Comparative Treatment Choice,2,prototype_cluster_against_rule,Pharmacotherapy,Interaction / Combination,low,model_assisted_schema_review,True,gold_reviewed,co-administration or interaction overrides general safety Three-signal status: prototype_cluster_against_rule (rule=Interaction / Combination; prototype=Comparative Treatment Choice; cluster=Comparative Treatment Choice).,prototype_cluster_against_rule; low_candidate_prototype_margin; rare_intent; long_query
Q190,Macrolides mechanism of action in Asthma,EN,Pulmonology,short,2-3 entities,none,6,Mechanism / Background Knowledge,0.9610921,0.9522671,Pharmacotherapy,0.20812747,Mechanism / Background Knowledge,1,Mechanism / Background Knowledge,Mechanism / Background Knowledge,0.5774651,0.103795886,Management / Treatment Selection,Mechanism / Background Knowledge,Mechanism / Background Knowledge,3,unanimous,New dataset-specific class,Mechanism / Background Knowledge,high,model_assisted_schema_review,False,gold_reviewed,mechanism or pathophysiology is explanatory rather than management-oriented Three-signal status: unanimous (rule=Mechanism / Background Knowledge; prototype=Mechanism / Background Knowledge; cluster=Mechanism / Background Knowledge).,rare_intent; short_query
Q194,Chronic Kidney Disease prophylaxis Losartan indication,EN,Nephrology,short,2-3 entities,none,0,Prophylaxis / Maintenance,0.98185766,0.97619903,Diagnosis / Differential Diagnosis,0.069550365,Prophylaxis / Maintenance; Management / Treatment Selection,2,Prophylaxis / Maintenance,Prophylaxis / Maintenance,0.5617696,0.2258121,Prophylaxis / Maintenance,Comparative Treatment Choice,Prophylaxis / Maintenance,2,two_signal_including_rule,Management / Treatment,Prophylaxis / Maintenance,medium,model_assisted_schema_review,True,gold_reviewed,prevention or maintenance framing overrides generic indication Three-signal status: two_signal_including_rule (rule=Prophylaxis / Maintenance; prototype=Prophylaxis / Maintenance; cluster=Comparative Treatment Choice). Multiple cues were resolved with the frozen primary-information-need hierarchy.,two_signal_including_rule; multi_cue_boundary; rare_intent; short_query
Q195,add on therapy Asthma after Amoxicillin failure,EN,Pulmonology,medium,2-3 entities,one slot,0,Treatment Change / Escalation,0.99019414,0.98607105,Management / Treatment,0.04653284,Treatment Change / Escalation,1,Treatment Change / Escalation,Efficacy / Outcomes,0.5598161,0.01823467,Prophylaxis / Maintenance,Comparative Treatment Choice,,1,three_way_disagreement,Management / Treatment,Treatment Change / Escalation,low,model_assisted_schema_review,True,gold_reviewed,"failure, resistance, progression, switch, or add-on framing overrides initial selection Three-signal status: three_way_disagreement (rule=Treatment Change / Escalation; prototype=Efficacy / Outcomes; cluster=Comparative Treatment Choice).",three_way_disagreement; low_candidate_prototype_margin
Q196,Gout risk stratification approach,EN,Rheumatology,short,2-3 entities,none,9,Monitoring / Response / Risk Assessment,0.98009765,0.9730854,Epidemiology / Prognosis,0.025828153,Monitoring / Response / Risk Assessment,1,Monitoring / Response / Risk Assessment,Monitoring / Response / Risk Assessment,0.5332895,0.119047016,Monitoring / Response / Risk Assessment,Monitoring / Response / Risk Assessment,Monitoring / Response / Risk Assessment,3,unanimous,Management / Treatment; Epidemiology / Prognosis,Monitoring / Response / Risk Assessment,high,model_assisted_schema_review,False,pilot_reviewed,"monitoring action, response biomarker, or risk score is the requested output Three-signal status: unanimous (rule=Monitoring / Response / Risk Assessment; prototype=Monitoring / Response / Risk Assessment; cluster=Monitoring / Response / Risk Assessment).",pilot; short_query
Q197,monitoring terapi Bedaquiline pada MDR Tuberculosis,ID,Pulmonology,short,2-3 entities,none,6,Monitoring / Response / Risk Assessment,0.9323255,0.9089796,Pharmacotherapy,0.017736495,Monitoring / Response / Risk Assessment,1,Monitoring / Response / Risk Assessment,Management / Treatment Selection,0.54489547,0.006013751,Management / Treatment Selection,Mechanism / Background Knowledge,,1,three_way_disagreement,Management / Treatment; Epidemiology / Prognosis,Monitoring / Response / Risk Assessment,low,model_assisted_schema_review,True,gold_reviewed,"monitoring action, response biomarker, or risk score is the requested output Three-signal status: three_way_disagreement (rule=Monitoring / Response / Risk Assessment; prototype=Management / Treatment Selection; cluster=Mechanism / Background Knowledge).",three_way_disagreement; low_candidate_prototype_margin; short_query
Q201,interaksi obat Semaglutide dan Liraglutide pada Obesity,ID,Endocrinology,medium,4+ entities,none,0,Interaction / Combination,0.9658287,0.9564689,Pharmacotherapy,0.18101364,Interaction / Combination,1,Interaction / Combination,Comparative Treatment Choice,0.5584078,0.011051476,Prophylaxis / Maintenance,Comparative Treatment Choice,Comparative Treatment Choice,2,prototype_cluster_against_rule,Pharmacotherapy,Interaction / Combination,low,model_assisted_schema_review,True,gold_reviewed,co-administration or interaction overrides general safety Three-signal status: prototype_cluster_against_rule (rule=Interaction / Combination; prototype=Comparative Treatment Choice; cluster=Comparative Treatment Choice).,prototype_cluster_against_rule; low_candidate_prototype_margin; rare_intent
Q204,Iron preparations mechanism untuk Iron Deficiency Anaemia bagaimana cara kerjanya,MIXED,Haematology,long,2-3 entities,none,6,Mechanism / Background Knowledge,0.96171975,0.9523075,Pharmacotherapy,0.18969372,Mechanism / Background Knowledge,1,Mechanism / Background Knowledge,Mechanism / Background Knowledge,0.5507506,0.10586411,Management / Treatment Selection,Mechanism / Background Knowledge,Mechanism / Background Knowledge,3,unanimous,New dataset-specific class,Mechanism / Background Knowledge,high,model_assisted_schema_review,False,gold_reviewed,mechanism or pathophysiology is explanatory rather than management-oriented Three-signal status: unanimous (rule=Mechanism / Background Knowledge; prototype=Mechanism / Background Knowledge; cluster=Mechanism / Background Knowledge).,rare_intent; long_query
Q206,Ischaemic Stroke pada anak dosis Aspirin,ID,Neurology,short,2-3 entities,multiple slots,10,Dosing / Administration,0.9359979,0.9093259,Epidemiology / Prognosis,0.017439306,Dosing / Administration,1,Dosing / Administration,Dosing / Administration,0.41690025,0.0358662,Dosing / Administration,Dosing / Administration,Dosing / Administration,3,unanimous,Pharmacotherapy,Dosing / Administration,high,model_assisted_schema_review,False,gold_reviewed,requested regimen or adjustment determines the primary information need Three-signal status: unanimous (rule=Dosing / Administration; prototype=Dosing / Administration; cluster=Dosing / Administration).,low_prototype_margin; short_query
Q217,algoritma terapi Heart Failure step up,ID,Cardiology,short,2-3 entities,none,11,Management / Treatment Selection,0.984469,0.97610027,Management / Treatment,0.0891943,Management / Treatment Selection,1,Management / Treatment Selection,Management / Treatment Selection,0.4450853,0.045702726,Management / Treatment Selection,Management / Treatment Selection,Management / Treatment Selection,3,unanimous,Management / Treatment,Management / Treatment Selection,high,model_assisted_schema_review,False,gold_reviewed,initial treatment choice overrides demographic safety context unless safety is asked Three-signal status: unanimous (rule=Management / Treatment Selection; prototype=Management / Treatment Selection; cluster=Management / Treatment Selection).,short_query
Q223,Rivaroxaban efficacy pada Community-acquired Pneumonia clinical outcome data,MIXED,Pulmonology,medium,2-3 entities,none,0,Efficacy / Outcomes,0.985386,0.97804695,Epidemiology / Prognosis,0.003800869,Efficacy / Outcomes,1,Efficacy / Outcomes,Efficacy / Outcomes,0.69424725,0.1489231,Prophylaxis / Maintenance,Comparative Treatment Choice,Efficacy / Outcomes,2,two_signal_including_rule,Pharmacotherapy; Epidemiology / Prognosis,Efficacy / Outcomes,medium,model_assisted_schema_review,True,gold_reviewed,single-treatment efficacy or outcome evidence is the requested output Three-signal status: two_signal_including_rule (rule=Efficacy / Outcomes; prototype=Efficacy / Outcomes; cluster=Comparative Treatment Choice).,two_signal_including_rule; low_prototype_margin; rare_intent
Q225,Psoriasis dengan elderly patients pilihan drug terbaik,MIXED,Dermatology,medium,2-3 entities,one slot,8,Management / Treatment Selection,0.9921794,0.987661,Pharmacotherapy,0.10332903,Management / Treatment Selection,1,Management / Treatment Selection,Comparative Treatment Choice,0.43838927,0.045255184,Efficacy / Outcomes,Efficacy / Outcomes,,1,three_way_disagreement,Management / Treatment,Management / Treatment Selection,low,model_assisted_schema_review,True,gold_reviewed,initial treatment choice overrides demographic safety context unless safety is asked Three-signal status: three_way_disagreement (rule=Management / Treatment Selection; prototype=Comparative Treatment Choice; cluster=Efficacy / Outcomes).,three_way_disagreement
Q227,Spironolactone contraindication in Heart Failure with hypertension,EN,Cardiology,medium,2-3 entities,none,1,Dosing / Administration,0.40195975,0.0023902655,Evidence / Guideline Lookup,0.07654327,Safety / Contraindication,1,Safety / Contraindication,Comparative Treatment Choice,0.4354076,0.0028132498,Dosing / Administration,Dosing / Administration,,1,three_way_disagreement,Pharmacotherapy,Safety / Contraindication,low,model_assisted_schema_review,True,pilot_reviewed,"harm, suitability, contraindication, or pregnancy-safety wording overrides dose when safety is explicit Three-signal status: three_way_disagreement (rule=Safety / Contraindication; prototype=Comparative Treatment Choice; cluster=Dosing / Administration). Phase 2 suggestion 'Dosing / Administration' was not retained because the explicit request maps to 'Safety / Contraindication'.",pilot; three_way_disagreement; phase2_model_disagreement; low_candidate_prototype_margin
Q231,kombinasi Piperacillin-tazobactam dan Norepinephrine pada Sepsis aman atau tidak,MIXED,Critical Care,medium,4+ entities,one slot,0,Interaction / Combination,0.9430835,0.9159338,Pharmacotherapy,0.05207646,Interaction / Combination; Safety / Contraindication,2,Interaction / Combination,Comparative Treatment Choice,0.5549678,0.039941847,Prophylaxis / Maintenance,Comparative Treatment Choice,Comparative Treatment Choice,2,prototype_cluster_against_rule,Pharmacotherapy,Interaction / Combination,low,model_assisted_schema_review,True,gold_reviewed,co-administration or interaction overrides general safety Three-signal status: prototype_cluster_against_rule (rule=Interaction / Combination; prototype=Comparative Treatment Choice; cluster=Comparative Treatment Choice). Multiple cues were resolved with the frozen primary-information-need hierarchy.,prototype_cluster_against_rule; multi_cue_boundary; rare_intent
Q232,Prednisolone side effect pada pasien Rheumatoid Arthritis apa saja,MIXED,Rheumatology,medium,2-3 entities,none,0,Safety / Contraindication,0.41915825,0.036764055,Pharmacotherapy,0.0040703714,Safety / Contraindication,1,Safety / Contraindication,Comparative Treatment Choice,0.52935207,0.0002015233,Prophylaxis / Maintenance,Comparative Treatment Choice,Comparative Treatment Choice,2,prototype_cluster_against_rule,Pharmacotherapy,Safety / Contraindication,low,model_assisted_schema_review,True,gold_reviewed,"harm, suitability, contraindication, or pregnancy-safety wording overrides dose when safety is explicit Three-signal status: prototype_cluster_against_rule (rule=Safety / Contraindication; prototype=Comparative Treatment Choice; cluster=Comparative Treatment Choice).",prototype_cluster_against_rule; low_prototype_margin; low_candidate_prototype_margin
Q234,PD-1 inhibitors mechanism untuk Non-Small Cell Lung Cancer bagaimana cara kerjanya,MIXED,Oncology,long,2-3 entities,none,6,Mechanism / Background Knowledge,0.96171975,0.9523075,Pharmacotherapy,0.18969372,Mechanism / Background Knowledge,1,Mechanism / Background Knowledge,Mechanism / Background Knowledge,0.5507506,0.10586411,Management / Treatment Selection,Mechanism / Background Knowledge,Mechanism / Background Knowledge,3,unanimous,New dataset-specific class,Mechanism / Background Knowledge,high,model_assisted_schema_review,False,gold_reviewed,mechanism or pathophysiology is explanatory rather than management-oriented Three-signal status: unanimous (rule=Mechanism / Background Knowledge; prototype=Mechanism / Background Knowledge; cluster=Mechanism / Background Knowledge).,rare_intent; long_query
Q235,Artemether-lumefantrine vs Artemether-lumefantrine untuk Typhoid Fever,ID,Infectious Disease,short,2-3 entities,one slot,0,Comparative Treatment Choice,0.98687124,0.9820754,Pharmacotherapy,0.047557205,Comparative Treatment Choice,1,Comparative Treatment Choice,Comparative Treatment Choice,0.5567372,0.095769495,Prophylaxis / Maintenance,Comparative Treatment Choice,Comparative Treatment Choice,3,unanimous,Pharmacotherapy,Comparative Treatment Choice,high,model_assisted_schema_review,False,gold_reviewed,explicit comparison overrides single-treatment efficacy Three-signal status: unanimous (rule=Comparative Treatment Choice; prototype=Comparative Treatment Choice; cluster=Comparative Treatment Choice).,rare_intent; short_query
Q236,biomarkers Chronic Myeloid Leukaemia treatment response Imatinib,EN,Oncology,medium,2-3 entities,none,0,Safety / Contraindication,0.41025126,0.022016495,Evidence / Guideline Lookup,0.017547905,Monitoring / Response / Risk Assessment,1,Monitoring / Response / Risk Assessment,Efficacy / Outcomes,0.5303659,0.054282725,Prophylaxis / Maintenance,Comparative Treatment Choice,,1,three_way_disagreement,Management / Treatment; Epidemiology / Prognosis,Monitoring / Response / Risk Assessment,low,model_assisted_schema_review,True,pilot_reviewed,"monitoring action, response biomarker, or risk score is the requested output Three-signal status: three_way_disagreement (rule=Monitoring / Response / Risk Assessment; prototype=Efficacy / Outcomes; cluster=Comparative Treatment Choice). Phase 2 suggestion 'Safety / Contraindication' was not retained because the explicit request maps to 'Monitoring / Response / Risk Assessment'.",pilot; three_way_disagreement; phase2_model_disagreement
Q240,Antituberculotics terbaru untuk Tuberculosis 2024,MIXED,Pulmonology,short,2-3 entities,multiple slots,6,Guideline / Evidence Lookup,0.8966595,0.8470768,Pharmacotherapy,0.07572538,Guideline / Evidence Lookup,1,Guideline / Evidence Lookup,Management / Treatment Selection,0.3999927,0.012185276,Management / Treatment Selection,Mechanism / Background Knowledge,,1,three_way_disagreement,Evidence / Guideline Lookup,Guideline / Evidence Lookup,low,model_assisted_schema_review,True,gold_reviewed,"explicit evidence, guideline, recency, or year constraint overrides treatment choice Three-signal status: three_way_disagreement (rule=Guideline / Evidence Lookup; prototype=Management / Treatment Selection; cluster=Mechanism / Background Knowledge).",three_way_disagreement; low_candidate_prototype_margin; short_query
Q242,penanganan Type 2 Diabetes Mellitus di ICU panduan 2023,ID,Endocrinology,medium,2-3 entities,one slot,0,Guideline / Evidence Lookup,0.91573614,0.88077676,Epidemiology / Prognosis,0.033718884,Guideline / Evidence Lookup; Management / Treatment Selection,2,Guideline / Evidence Lookup,Efficacy / Outcomes,0.4808632,0.031840354,Prophylaxis / Maintenance,Comparative Treatment Choice,,1,three_way_disagreement,Evidence / Guideline Lookup,Guideline / Evidence Lookup,low,model_assisted_schema_review,True,gold_reviewed,"explicit evidence, guideline, recency, or year constraint overrides treatment choice Three-signal status: three_way_disagreement (rule=Guideline / Evidence Lookup; prototype=Efficacy / Outcomes; cluster=Comparative Treatment Choice). Multiple cues were resolved with the frozen primary-information-need hierarchy.",three_way_disagreement; multi_cue_boundary
Q243,Mycophenolate mofetil dosing in Rheumatoid Arthritis with diabetes,EN,Rheumatology,medium,2-3 entities,one slot,2,Dosing / Administration,0.41855136,0.028951436,Pharmacotherapy,0.1284061,Dosing / Administration,1,Dosing / Administration,Comparative Treatment Choice,0.4289724,0.007306546,Comparative Treatment Choice,Safety / Contraindication,,1,three_way_disagreement,Pharmacotherapy,Dosing / Administration,low,model_assisted_schema_review,True,pilot_reviewed,requested regimen or adjustment determines the primary information need Three-signal status: three_way_disagreement (rule=Dosing / Administration; prototype=Comparative Treatment Choice; cluster=Safety / Contraindication).,pilot; three_way_disagreement; low_candidate_prototype_margin
Q244,Semaglutide vs Liraglutide untuk Obesity,ID,Endocrinology,short,4+ entities,one slot,0,Comparative Treatment Choice,0.98687124,0.9820754,Pharmacotherapy,0.047557205,Comparative Treatment Choice,1,Comparative Treatment Choice,Comparative Treatment Choice,0.5567372,0.095769495,Prophylaxis / Maintenance,Comparative Treatment Choice,Comparative Treatment Choice,3,unanimous,Pharmacotherapy,Comparative Treatment Choice,high,model_assisted_schema_review,False,gold_reviewed,explicit comparison overrides single-treatment efficacy Three-signal status: unanimous (rule=Comparative Treatment Choice; prototype=Comparative Treatment Choice; cluster=Comparative Treatment Choice).,rare_intent; short_query
Q248,Type 1 Diabetes Mellitus first line Basal insulins evidence based,MIXED,Endocrinology,long,2-3 entities,none,6,Guideline / Evidence Lookup,0.7298272,0.48857287,Pharmacotherapy,0.09217778,Guideline / Evidence Lookup; Management / Treatment Selection,2,Guideline / Evidence Lookup,Management / Treatment Selection,0.4985875,0.058719575,Management / Treatment Selection,Mechanism / Background Knowledge,,1,three_way_disagreement,Evidence / Guideline Lookup,Guideline / Evidence Lookup,low,model_assisted_schema_review,True,gold_reviewed,"explicit evidence, guideline, recency, or year constraint overrides treatment choice Three-signal status: three_way_disagreement (rule=Guideline / Evidence Lookup; prototype=Management / Treatment Selection; cluster=Mechanism / Background Knowledge). Multiple cues were resolved with the frozen primary-information-need hierarchy.",three_way_disagreement; multi_cue_boundary; long_query
Q249,Sitagliptin pada pasien elderly Type 2 Diabetes Mellitus apa perlu adjustment,MIXED,Endocrinology,long,2-3 entities,multiple slots,8,Dosing / Administration,0.92477244,0.89046913,Management / Treatment,0.011871427,Dosing / Administration,1,Dosing / Administration,Efficacy / Outcomes,0.45368794,0.02272445,Efficacy / Outcomes,Efficacy / Outcomes,Efficacy / Outcomes,2,prototype_cluster_against_rule,Pharmacotherapy,Dosing / Administration,low,model_assisted_schema_review,True,pilot_reviewed,requested regimen or adjustment determines the primary information need Three-signal status: prototype_cluster_against_rule (rule=Dosing / Administration; prototype=Efficacy / Outcomes; cluster=Efficacy / Outcomes).,pilot; prototype_cluster_against_rule; low_prototype_margin; long_query
Q250,efek samping Vitamin K antagonists pada Atrial Fibrillation,ID,Cardiology,medium,2-3 entities,none,0,Monitoring / Response / Risk Assessment,0.58801824,0.4597299,Pharmacotherapy,0.14162001,Safety / Contraindication,1,Safety / Contraindication,Comparative Treatment Choice,0.4656067,0.017686933,Prophylaxis / Maintenance,Comparative Treatment Choice,Comparative Treatment Choice,2,prototype_cluster_against_rule,Pharmacotherapy,Safety / Contraindication,low,model_assisted_schema_review,True,pilot_reviewed,"harm, suitability, contraindication, or pregnancy-safety wording overrides dose when safety is explicit Three-signal status: prototype_cluster_against_rule (rule=Safety / Contraindication; prototype=Comparative Treatment Choice; cluster=Comparative Treatment Choice). Phase 2 suggestion 'Monitoring / Response / Risk Assessment' was not retained because the explicit request maps to 'Safety / Contraindication'.",pilot; prototype_cluster_against_rule; phase2_model_disagreement; low_candidate_prototype_margin
Q253,Imatinib side effect pada pasien Chronic Myeloid Leukaemia apa saja,MIXED,Oncology,long,2-3 entities,none,0,Safety / Contraindication,0.41915825,0.036764055,Pharmacotherapy,0.0040703714,Safety / Contraindication,1,Safety / Contraindication,Comparative Treatment Choice,0.52935207,0.0002015233,Prophylaxis / Maintenance,Comparative Treatment Choice,Comparative Treatment Choice,2,prototype_cluster_against_rule,Pharmacotherapy,Safety / Contraindication,low,model_assisted_schema_review,True,gold_reviewed,"harm, suitability, contraindication, or pregnancy-safety wording overrides dose when safety is explicit Three-signal status: prototype_cluster_against_rule (rule=Safety / Contraindication; prototype=Comparative Treatment Choice; cluster=Comparative Treatment Choice).",prototype_cluster_against_rule; low_prototype_margin; low_candidate_prototype_margin; long_query
Q255,kontraindikasi Salmeterol pada Asthma dengan immunocompromised,MIXED,Pulmonology,short,2-3 entities,none,0,Safety / Contraindication,0.8615675,0.82925475,Diagnosis / Differential Diagnosis,0.0052369535,Safety / Contraindication,1,Safety / Contraindication,Prophylaxis / Maintenance,0.47429535,0.02401504,Prophylaxis / Maintenance,Comparative Treatment Choice,,1,three_way_disagreement,Pharmacotherapy,Safety / Contraindication,low,model_assisted_schema_review,True,gold_reviewed,"harm, suitability, contraindication, or pregnancy-safety wording overrides dose when safety is explicit Three-signal status: three_way_disagreement (rule=Safety / Contraindication; prototype=Prophylaxis / Maintenance; cluster=Comparative Treatment Choice).",three_way_disagreement; low_prototype_margin; short_query
Q256,Antituberculotics role in MDR Tuberculosis pathophysiology,EN,Pulmonology,short,2-3 entities,none,6,Mechanism / Background Knowledge,0.9630916,0.953808,Pharmacotherapy,0.118331194,Mechanism / Background Knowledge,1,Mechanism / Background Knowledge,Mechanism / Background Knowledge,0.5368707,0.12084818,Management / Treatment Selection,Mechanism / Background Knowledge,Mechanism / Background Knowledge,3,unanimous,New dataset-specific class,Mechanism / Background Knowledge,high,model_assisted_schema_review,False,gold_reviewed,mechanism or pathophysiology is explanatory rather than management-oriented Three-signal status: unanimous (rule=Mechanism / Background Knowledge; prototype=Mechanism / Background Knowledge; cluster=Mechanism / Background Knowledge).,rare_intent; short_query
Q261,Penicillins role in HIV/AIDS pathophysiology,EN,Infectious Disease,short,2-3 entities,none,6,Mechanism / Background Knowledge,0.9630916,0.953808,Pharmacotherapy,0.118331194,Mechanism / Background Knowledge,1,Mechanism / Background Knowledge,Mechanism / Background Knowledge,0.5368707,0.12084818,Management / Treatment Selection,Mechanism / Background Knowledge,Mechanism / Background Knowledge,3,unanimous,New dataset-specific class,Mechanism / Background Knowledge,high,model_assisted_schema_review,False,pilot_reviewed,mechanism or pathophysiology is explanatory rather than management-oriented Three-signal status: unanimous (rule=Mechanism / Background Knowledge; prototype=Mechanism / Background Knowledge; cluster=Mechanism / Background Knowledge).,pilot; rare_intent; short_query
Q262,kombinasi Piperacillin-tazobactam dan Meropenem pada Sepsis aman atau tidak,MIXED,Critical Care,medium,4+ entities,one slot,0,Interaction / Combination,0.9430835,0.9159338,Pharmacotherapy,0.05207646,Interaction / Combination; Safety / Contraindication,2,Interaction / Combination,Comparative Treatment Choice,0.5549678,0.039941847,Prophylaxis / Maintenance,Comparative Treatment Choice,Comparative Treatment Choice,2,prototype_cluster_against_rule,Pharmacotherapy,Interaction / Combination,low,model_assisted_schema_review,True,gold_reviewed,co-administration or interaction overrides general safety Three-signal status: prototype_cluster_against_rule (rule=Interaction / Combination; prototype=Comparative Treatment Choice; cluster=Comparative Treatment Choice). Multiple cues were resolved with the frozen primary-information-need hierarchy.,prototype_cluster_against_rule; multi_cue_boundary; rare_intent
Q263,titration protocol Levothyroxine in Hypothyroidism,EN,Endocrinology,short,2-3 entities,none,5,Dosing / Administration,0.37508363,0.10218626,Procedures / Techniques,0.0025033057,Dosing / Administration,1,Dosing / Administration,Efficacy / Outcomes,0.51963717,0.0312908,Efficacy / Outcomes,Efficacy / Outcomes,Efficacy / Outcomes,2,prototype_cluster_against_rule,Pharmacotherapy,Dosing / Administration,low,model_assisted_schema_review,True,pilot_reviewed,requested regimen or adjustment determines the primary information need Three-signal status: prototype_cluster_against_rule (rule=Dosing / Administration; prototype=Efficacy / Outcomes; cluster=Efficacy / Outcomes).,pilot; prototype_cluster_against_rule; low_prototype_margin; short_query
Q266,monitoring terapi Artemether-lumefantrine pada Typhoid Fever,ID,Infectious Disease,short,2-3 entities,none,6,Monitoring / Response / Risk Assessment,0.9323255,0.9089796,Pharmacotherapy,0.017736495,Monitoring / Response / Risk Assessment,1,Monitoring / Response / Risk Assessment,Management / Treatment Selection,0.54489547,0.006013751,Management / Treatment Selection,Mechanism / Background Knowledge,,1,three_way_disagreement,Management / Treatment; Epidemiology / Prognosis,Monitoring / Response / Risk Assessment,low,model_assisted_schema_review,True,gold_reviewed,"monitoring action, response biomarker, or risk score is the requested output Three-signal status: three_way_disagreement (rule=Monitoring / Response / Risk Assessment; prototype=Management / Treatment Selection; cluster=Mechanism / Background Knowledge).",three_way_disagreement; low_candidate_prototype_margin; short_query
Q267,Adalimumab side effect pada pasien Gout apa saja,MIXED,Rheumatology,medium,2-3 entities,none,0,Safety / Contraindication,0.41915825,0.036764055,Pharmacotherapy,0.0040703714,Safety / Contraindication,1,Safety / Contraindication,Comparative Treatment Choice,0.52935207,0.0002015233,Prophylaxis / Maintenance,Comparative Treatment Choice,Comparative Treatment Choice,2,prototype_cluster_against_rule,Pharmacotherapy,Safety / Contraindication,low,model_assisted_schema_review,True,gold_reviewed,"harm, suitability, contraindication, or pregnancy-safety wording overrides dose when safety is explicit Three-signal status: prototype_cluster_against_rule (rule=Safety / Contraindication; prototype=Comparative Treatment Choice; cluster=Comparative Treatment Choice).",prototype_cluster_against_rule; low_prototype_margin; low_candidate_prototype_margin
Q268,Beta blockers non-selective mechanism of action in Hypertension in Pregnancy,EN,Obstetrics,long,2-3 entities,one slot,6,Mechanism / Background Knowledge,0.9610921,0.9522671,Pharmacotherapy,0.20812738,Mechanism / Background Knowledge,1,Mechanism / Background Knowledge,Mechanism / Background Knowledge,0.57746506,0.10379565,Management / Treatment Selection,Mechanism / Background Knowledge,Mechanism / Background Knowledge,3,unanimous,New dataset-specific class,Mechanism / Background Knowledge,high,model_assisted_schema_review,False,gold_reviewed,mechanism or pathophysiology is explanatory rather than management-oriented Three-signal status: unanimous (rule=Mechanism / Background Knowledge; prototype=Mechanism / Background Knowledge; cluster=Mechanism / Background Knowledge).,rare_intent; long_query
Q269,Sertraline efficacy pada Major Depressive Disorder clinical outcome data,MIXED,Psychiatry,medium,2-3 entities,none,0,Efficacy / Outcomes,0.985386,0.97804695,Epidemiology / Prognosis,0.003800869,Efficacy / Outcomes,1,Efficacy / Outcomes,Efficacy / Outcomes,0.69424725,0.1489231,Prophylaxis / Maintenance,Comparative Treatment Choice,Efficacy / Outcomes,2,two_signal_including_rule,Pharmacotherapy; Epidemiology / Prognosis,Efficacy / Outcomes,medium,model_assisted_schema_review,True,gold_reviewed,single-treatment efficacy or outcome evidence is the requested output Three-signal status: two_signal_including_rule (rule=Efficacy / Outcomes; prototype=Efficacy / Outcomes; cluster=Comparative Treatment Choice).,two_signal_including_rule; low_prototype_margin; rare_intent
Q284,Proton pump inhibitors adverse effects monitoring in Peptic Ulcer Disease,EN,Gastroenterology,long,2-3 entities,none,6,Monitoring / Response / Risk Assessment,0.890431,0.8371518,Pharmacotherapy,0.14702606,Safety / Contraindication; Monitoring / Response / Risk Assessment,2,Safety / Contraindication,Monitoring / Response / Risk Assessment,0.5217008,0.059375703,Management / Treatment Selection,Mechanism / Background Knowledge,,1,three_way_disagreement,Pharmacotherapy,Safety / Contraindication,low,model_assisted_schema_review,True,pilot_reviewed,"harm, suitability, contraindication, or pregnancy-safety wording overrides dose when safety is explicit Three-signal status: three_way_disagreement (rule=Safety / Contraindication; prototype=Monitoring / Response / Risk Assessment; cluster=Mechanism / Background Knowledge). Phase 2 suggestion 'Monitoring / Response / Risk Assessment' was not retained because the explicit request maps to 'Safety / Contraindication'. Multiple cues were resolved with the frozen primary-information-need hierarchy.",pilot; three_way_disagreement; phase2_model_disagreement; multi_cue_boundary; long_query
Q288,apakah Trastuzumab aman untuk Non-Small Cell Lung Cancer dengan hypertension,ID,Oncology,long,2-3 entities,none,1,Safety / Contraindication,0.6357328,0.3621818,Evidence / Guideline Lookup,0.035170525,Safety / Contraindication,1,Safety / Contraindication,Comparative Treatment Choice,0.4127983,0.017146975,Dosing / Administration,Dosing / Administration,,1,three_way_disagreement,Pharmacotherapy,Safety / Contraindication,low,model_assisted_schema_review,True,gold_reviewed,"harm, suitability, contraindication, or pregnancy-safety wording overrides dose when safety is explicit Three-signal status: three_way_disagreement (rule=Safety / Contraindication; prototype=Comparative Treatment Choice; cluster=Dosing / Administration).",three_way_disagreement; low_candidate_prototype_margin; long_query
Q292,Amoxicillin vs Amoxicillin efficacy in HIV/AIDS,EN,Infectious Disease,short,2-3 entities,one slot,0,Comparative Treatment Choice,0.9547989,0.93330324,Pharmacotherapy,0.096405566,Comparative Treatment Choice; Efficacy / Outcomes,2,Comparative Treatment Choice,Comparative Treatment Choice,0.64594364,0.043855608,Prophylaxis / Maintenance,Comparative Treatment Choice,Comparative Treatment Choice,3,unanimous,Pharmacotherapy,Comparative Treatment Choice,medium,model_assisted_schema_review,True,pilot_reviewed,explicit comparison overrides single-treatment efficacy Three-signal status: unanimous (rule=Comparative Treatment Choice; prototype=Comparative Treatment Choice; cluster=Comparative Treatment Choice). Multiple cues were resolved with the frozen primary-information-need hierarchy.,pilot; multi_cue_boundary; rare_intent; short_query
Q298,penggantian Apixaban ke Rivaroxaban pada Deep Vein Thrombosis,ID,Haematology,medium,4+ entities,none,0,Treatment Change / Escalation,0.99038905,0.98548526,Pharmacotherapy,0.008090973,Treatment Change / Escalation,1,Treatment Change / Escalation,Comparative Treatment Choice,0.52078336,0.015999794,Prophylaxis / Maintenance,Comparative Treatment Choice,Comparative Treatment Choice,2,prototype_cluster_against_rule,Management / Treatment,Treatment Change / Escalation,low,model_assisted_schema_review,True,pilot_reviewed,"failure, resistance, progression, switch, or add-on framing overrides initial selection Three-signal status: prototype_cluster_against_rule (rule=Treatment Change / Escalation; prototype=Comparative Treatment Choice; cluster=Comparative Treatment Choice).",pilot; prototype_cluster_against_rule; low_prototype_margin; low_candidate_prototype_margin
Q301,monitoring parameters Topiramate in Epilepsy,EN,Neurology,short,2-3 entities,none,6,Monitoring / Response / Risk Assessment,0.9854785,0.97904205,Pharmacotherapy,0.068030894,Monitoring / Response / Risk Assessment,1,Monitoring / Response / Risk Assessment,Prophylaxis / Maintenance,0.51753473,0.005389273,Management / Treatment Selection,Mechanism / Background Knowledge,,1,three_way_disagreement,Management / Treatment; Epidemiology / Prognosis,Monitoring / Response / Risk Assessment,low,model_assisted_schema_review,True,gold_reviewed,"monitoring action, response biomarker, or risk score is the requested output Three-signal status: three_way_disagreement (rule=Monitoring / Response / Risk Assessment; prototype=Prophylaxis / Maintenance; cluster=Mechanism / Background Knowledge).",three_way_disagreement; low_candidate_prototype_margin; short_query
Q304,target Major Depressive Disorder sudah tercapai kapan maintenance Venlafaxine,MIXED,Psychiatry,medium,2-3 entities,none,0,Prophylaxis / Maintenance,0.9632334,0.9523321,Management / Treatment,0.0067189336,Prophylaxis / Maintenance,1,Prophylaxis / Maintenance,Prophylaxis / Maintenance,0.6348169,0.1253137,Prophylaxis / Maintenance,Comparative Treatment Choice,Prophylaxis / Maintenance,2,two_signal_including_rule,Management / Treatment,Prophylaxis / Maintenance,medium,model_assisted_schema_review,True,gold_reviewed,prevention or maintenance framing overrides generic indication Three-signal status: two_signal_including_rule (rule=Prophylaxis / Maintenance; prototype=Prophylaxis / Maintenance; cluster=Comparative Treatment Choice).,two_signal_including_rule; low_prototype_margin; rare_intent
Q308,MDR Tuberculosis dengan CKD pilihan drug terbaik,MIXED,Pulmonology,medium,2-3 entities,none,4,Management / Treatment Selection,0.9922599,0.98781425,Pharmacotherapy,0.10994035,Management / Treatment Selection,1,Management / Treatment Selection,Comparative Treatment Choice,0.4793575,0.010097295,Comparative Treatment Choice,Safety / Contraindication,,1,three_way_disagreement,Management / Treatment,Management / Treatment Selection,low,model_assisted_schema_review,True,pilot_reviewed,initial treatment choice overrides demographic safety context unless safety is asked Three-signal status: three_way_disagreement (rule=Management / Treatment Selection; prototype=Comparative Treatment Choice; cluster=Safety / Contraindication).,pilot; three_way_disagreement; low_candidate_prototype_margin
Q309,Bedaquiline long term outcomes MDR Tuberculosis,EN,Pulmonology,short,2-3 entities,none,0,Efficacy / Outcomes,0.9887477,0.9833311,Epidemiology / Prognosis,0.06624815,Efficacy / Outcomes,1,Efficacy / Outcomes,Efficacy / Outcomes,0.6288654,0.16190714,Prophylaxis / Maintenance,Comparative Treatment Choice,Efficacy / Outcomes,2,two_signal_including_rule,Pharmacotherapy; Epidemiology / Prognosis,Efficacy / Outcomes,medium,model_assisted_schema_review,True,gold_reviewed,single-treatment efficacy or outcome evidence is the requested output Three-signal status: two_signal_including_rule (rule=Efficacy / Outcomes; prototype=Efficacy / Outcomes; cluster=Comparative Treatment Choice).,two_signal_including_rule; rare_intent; short_query
Q312,Tuberculosis prophylaxis Isoniazid indication,EN,Pulmonology,short,2-3 entities,none,0,Prophylaxis / Maintenance,0.98185766,0.97619903,Diagnosis / Differential Diagnosis,0.069550365,Prophylaxis / Maintenance; Management / Treatment Selection,2,Prophylaxis / Maintenance,Prophylaxis / Maintenance,0.5617696,0.2258121,Prophylaxis / Maintenance,Comparative Treatment Choice,Prophylaxis / Maintenance,2,two_signal_including_rule,Management / Treatment,Prophylaxis / Maintenance,medium,model_assisted_schema_review,True,pilot_reviewed,prevention or maintenance framing overrides generic indication Three-signal status: two_signal_including_rule (rule=Prophylaxis / Maintenance; prototype=Prophylaxis / Maintenance; cluster=Comparative Treatment Choice). Multiple cues were resolved with the frozen primary-information-need hierarchy.,pilot; two_signal_including_rule; multi_cue_boundary; rare_intent; short_query
Q313,indikasi Losartan pada Chronic Kidney Disease guideline terbaru,MIXED,Nephrology,medium,2-3 entities,one slot,0,Guideline / Evidence Lookup,0.9326238,0.8989352,Evidence / Guideline Lookup,0.0035655499,Guideline / Evidence Lookup; Management / Treatment Selection,2,Guideline / Evidence Lookup,Management / Treatment Selection,0.51540405,0.036907732,Prophylaxis / Maintenance,Comparative Treatment Choice,,1,three_way_disagreement,Evidence / Guideline Lookup,Guideline / Evidence Lookup,low,model_assisted_schema_review,True,pilot_reviewed,"explicit evidence, guideline, recency, or year constraint overrides treatment choice Three-signal status: three_way_disagreement (rule=Guideline / Evidence Lookup; prototype=Management / Treatment Selection; cluster=Comparative Treatment Choice). Multiple cues were resolved with the frozen primary-information-need hierarchy.",pilot; three_way_disagreement; multi_cue_boundary; low_prototype_margin
Q315,latest guideline Rheumatoid Arthritis management 2023,MIXED,Rheumatology,short,2-3 entities,multiple slots,0,Guideline / Evidence Lookup,0.9235269,0.88221776,Management / Treatment,0.013147533,Guideline / Evidence Lookup,1,Guideline / Evidence Lookup,Management / Treatment Selection,0.51731664,0.05448541,Prophylaxis / Maintenance,Comparative Treatment Choice,,1,three_way_disagreement,Evidence / Guideline Lookup,Guideline / Evidence Lookup,low,model_assisted_schema_review,True,gold_reviewed,"explicit evidence, guideline, recency, or year constraint overrides treatment choice Three-signal status: three_way_disagreement (rule=Guideline / Evidence Lookup; prototype=Management / Treatment Selection; cluster=Comparative Treatment Choice).",three_way_disagreement; low_prototype_margin; short_query
Q316,Lansoprazole vs Omeprazole untuk pasien Peptic Ulcer Disease mana lebih efektif,MIXED,Gastroenterology,long,4+ entities,one slot,0,Comparative Treatment Choice,0.9871715,0.98253447,Pharmacotherapy,0.038450897,Comparative Treatment Choice,1,Comparative Treatment Choice,Comparative Treatment Choice,0.6681697,0.13081044,Prophylaxis / Maintenance,Comparative Treatment Choice,Comparative Treatment Choice,3,unanimous,Pharmacotherapy,Comparative Treatment Choice,high,model_assisted_schema_review,False,gold_reviewed,explicit comparison overrides single-treatment efficacy Three-signal status: unanimous (rule=Comparative Treatment Choice; prototype=Comparative Treatment Choice; cluster=Comparative Treatment Choice).,rare_intent; long_query
Q317,Methylphenidate efficacy pada Breast Cancer HER2-positive clinical outcome data,MIXED,Oncology,medium,2-3 entities,none,0,Efficacy / Outcomes,0.985386,0.97804695,Epidemiology / Prognosis,0.003800869,Efficacy / Outcomes,1,Efficacy / Outcomes,Efficacy / Outcomes,0.69424725,0.1489231,Prophylaxis / Maintenance,Comparative Treatment Choice,Efficacy / Outcomes,2,two_signal_including_rule,Pharmacotherapy; Epidemiology / Prognosis,Efficacy / Outcomes,medium,model_assisted_schema_review,True,gold_reviewed,single-treatment efficacy or outcome evidence is the requested output Three-signal status: two_signal_including_rule (rule=Efficacy / Outcomes; prototype=Efficacy / Outcomes; cluster=Comparative Treatment Choice).,two_signal_including_rule; low_prototype_margin; rare_intent
Q318,Venlafaxine vs Escitalopram efficacy in Major Depressive Disorder,EN,Psychiatry,medium,4+ entities,one slot,0,Comparative Treatment Choice,0.9547989,0.93330324,Pharmacotherapy,0.096405566,Comparative Treatment Choice; Efficacy / Outcomes,2,Comparative Treatment Choice,Comparative Treatment Choice,0.64594364,0.043855608,Prophylaxis / Maintenance,Comparative Treatment Choice,Comparative Treatment Choice,3,unanimous,Pharmacotherapy,Comparative Treatment Choice,medium,model_assisted_schema_review,True,pilot_reviewed,explicit comparison overrides single-treatment efficacy Three-signal status: unanimous (rule=Comparative Treatment Choice; prototype=Comparative Treatment Choice; cluster=Comparative Treatment Choice). Multiple cues were resolved with the frozen primary-information-need hierarchy.,pilot; multi_cue_boundary; rare_intent
Q320,is Bedaquiline safe in Tuberculosis with hepatic impairment,EN,Pulmonology,medium,2-3 entities,one slot,3,Safety / Contraindication,0.8764966,0.83311677,Pharmacotherapy,0.086012155,Safety / Contraindication,1,Safety / Contraindication,Dosing / Administration,0.3437913,0.008082509,Dosing / Administration,Dosing / Administration,Dosing / Administration,2,prototype_cluster_against_rule,Pharmacotherapy,Safety / Contraindication,low,model_assisted_schema_review,True,pilot_reviewed,"harm, suitability, contraindication, or pregnancy-safety wording overrides dose when safety is explicit Three-signal status: prototype_cluster_against_rule (rule=Safety / Contraindication; prototype=Dosing / Administration; cluster=Dosing / Administration).",pilot; prototype_cluster_against_rule; low_candidate_prototype_margin
Q323,efek samping Inhaled corticosteroids pada Asthma,ID,Pulmonology,short,2-3 entities,one slot,0,Monitoring / Response / Risk Assessment,0.58801824,0.4597299,Pharmacotherapy,0.14162001,Safety / Contraindication,1,Safety / Contraindication,Comparative Treatment Choice,0.4656067,0.017686933,Prophylaxis / Maintenance,Comparative Treatment Choice,Comparative Treatment Choice,2,prototype_cluster_against_rule,Pharmacotherapy,Safety / Contraindication,low,model_assisted_schema_review,True,pilot_reviewed,"harm, suitability, contraindication, or pregnancy-safety wording overrides dose when safety is explicit Three-signal status: prototype_cluster_against_rule (rule=Safety / Contraindication; prototype=Comparative Treatment Choice; cluster=Comparative Treatment Choice). Phase 2 suggestion 'Monitoring / Response / Risk Assessment' was not retained because the explicit request maps to 'Safety / Contraindication'.",pilot; prototype_cluster_against_rule; phase2_model_disagreement; low_candidate_prototype_margin; short_query
Q324,monitoring parameters Aspirin in Stable Angina,EN,Cardiology,short,2-3 entities,none,6,Monitoring / Response / Risk Assessment,0.9854785,0.97904205,Pharmacotherapy,0.068030894,Monitoring / Response / Risk Assessment,1,Monitoring / Response / Risk Assessment,Prophylaxis / Maintenance,0.51753473,0.005389273,Management / Treatment Selection,Mechanism / Background Knowledge,,1,three_way_disagreement,Management / Treatment; Epidemiology / Prognosis,Monitoring / Response / Risk Assessment,low,model_assisted_schema_review,True,gold_reviewed,"monitoring action, response biomarker, or risk score is the requested output Three-signal status: three_way_disagreement (rule=Monitoring / Response / Risk Assessment; prototype=Prophylaxis / Maintenance; cluster=Mechanism / Background Knowledge).",three_way_disagreement; low_candidate_prototype_margin; short_query
Q327,kombinasi Desmopressin dan Desmopressin pada Diabetes Insipidus aman atau tidak,MIXED,Endocrinology,long,2-3 entities,one slot,0,Interaction / Combination,0.9430835,0.9159338,Pharmacotherapy,0.05207646,Interaction / Combination; Safety / Contraindication,2,Interaction / Combination,Comparative Treatment Choice,0.5549678,0.039941847,Prophylaxis / Maintenance,Comparative Treatment Choice,Comparative Treatment Choice,2,prototype_cluster_against_rule,Pharmacotherapy,Interaction / Combination,low,model_assisted_schema_review,True,pilot_reviewed,co-administration or interaction overrides general safety Three-signal status: prototype_cluster_against_rule (rule=Interaction / Combination; prototype=Comparative Treatment Choice; cluster=Comparative Treatment Choice). Multiple cues were resolved with the frozen primary-information-need hierarchy.,pilot; prototype_cluster_against_rule; multi_cue_boundary; rare_intent; long_query
Q328,kombinasi Piperacillin-tazobactam dan Hydrocortisone pada Sepsis aman atau tidak,MIXED,Critical Care,medium,4+ entities,one slot,0,Interaction / Combination,0.9430835,0.9159338,Pharmacotherapy,0.05207646,Interaction / Combination; Safety / Contraindication,2,Interaction / Combination,Comparative Treatment Choice,0.5549678,0.039941847,Prophylaxis / Maintenance,Comparative Treatment Choice,Comparative Treatment Choice,2,prototype_cluster_against_rule,Pharmacotherapy,Interaction / Combination,low,model_assisted_schema_review,True,gold_reviewed,co-administration or interaction overrides general safety Three-signal status: prototype_cluster_against_rule (rule=Interaction / Combination; prototype=Comparative Treatment Choice; cluster=Comparative Treatment Choice). Multiple cues were resolved with the frozen primary-information-need hierarchy.,prototype_cluster_against_rule; multi_cue_boundary; rare_intent
Q330,Lithium side effect pada pasien Bipolar Disorder apa saja,MIXED,Psychiatry,medium,2-3 entities,none,0,Safety / Contraindication,0.41915825,0.036764055,Pharmacotherapy,0.0040703714,Safety / Contraindication,1,Safety / Contraindication,Comparative Treatment Choice,0.52935207,0.0002015233,Prophylaxis / Maintenance,Comparative Treatment Choice,Comparative Treatment Choice,2,prototype_cluster_against_rule,Pharmacotherapy,Safety / Contraindication,low,model_assisted_schema_review,True,gold_reviewed,"harm, suitability, contraindication, or pregnancy-safety wording overrides dose when safety is explicit Three-signal status: prototype_cluster_against_rule (rule=Safety / Contraindication; prototype=Comparative Treatment Choice; cluster=Comparative Treatment Choice).",prototype_cluster_against_rule; low_prototype_margin; low_candidate_prototype_margin
Q334,Community-acquired Pneumonia prophylaxis Apixaban indication,EN,Pulmonology,short,2-3 entities,none,0,Prophylaxis / Maintenance,0.98185766,0.97619903,Diagnosis / Differential Diagnosis,0.069550365,Prophylaxis / Maintenance; Management / Treatment Selection,2,Prophylaxis / Maintenance,Prophylaxis / Maintenance,0.5617696,0.2258121,Prophylaxis / Maintenance,Comparative Treatment Choice,Prophylaxis / Maintenance,2,two_signal_including_rule,Management / Treatment,Prophylaxis / Maintenance,medium,model_assisted_schema_review,True,gold_reviewed,prevention or maintenance framing overrides generic indication Three-signal status: two_signal_including_rule (rule=Prophylaxis / Maintenance; prototype=Prophylaxis / Maintenance; cluster=Comparative Treatment Choice). Multiple cues were resolved with the frozen primary-information-need hierarchy.,two_signal_including_rule; multi_cue_boundary; rare_intent; short_query
Q335,Metronidazole vs Omeprazole untuk pasien Pulmonary Embolism mana lebih efektif,MIXED,Pulmonology,long,4+ entities,one slot,0,Comparative Treatment Choice,0.9871715,0.98253447,Pharmacotherapy,0.038450897,Comparative Treatment Choice,1,Comparative Treatment Choice,Comparative Treatment Choice,0.6681697,0.13081044,Prophylaxis / Maintenance,Comparative Treatment Choice,Comparative Treatment Choice,3,unanimous,Pharmacotherapy,Comparative Treatment Choice,high,model_assisted_schema_review,False,gold_reviewed,explicit comparison overrides single-treatment efficacy Three-signal status: unanimous (rule=Comparative Treatment Choice; prototype=Comparative Treatment Choice; cluster=Comparative Treatment Choice).,rare_intent; long_query
Q336,Lithium contraindication in Bipolar Disorder with anaemia,EN,Psychiatry,medium,2-3 entities,none,12,Dosing / Administration,0.40504202,0.0021919012,Pharmacotherapy,0.001208812,Safety / Contraindication,1,Safety / Contraindication,Comparative Treatment Choice,0.41774553,0.038000643,Comparative Treatment Choice,Safety / Contraindication,Safety / Contraindication,2,two_signal_including_rule,Pharmacotherapy,Safety / Contraindication,medium,model_assisted_schema_review,True,gold_reviewed,"harm, suitability, contraindication, or pregnancy-safety wording overrides dose when safety is explicit Three-signal status: two_signal_including_rule (rule=Safety / Contraindication; prototype=Comparative Treatment Choice; cluster=Safety / Contraindication). Phase 2 suggestion 'Dosing / Administration' was not retained because the explicit request maps to 'Safety / Contraindication'.",two_signal_including_rule; phase2_model_disagreement; low_prototype_margin
Q339,Clozapine vs Clozapine in Schizophrenia patients,EN,Psychiatry,short,2-3 entities,one slot,0,Comparative Treatment Choice,0.98690945,0.982131,Pharmacotherapy,0.037023067,Comparative Treatment Choice,1,Comparative Treatment Choice,Comparative Treatment Choice,0.60442096,0.10131985,Prophylaxis / Maintenance,Comparative Treatment Choice,Comparative Treatment Choice,3,unanimous,Pharmacotherapy,Comparative Treatment Choice,high,model_assisted_schema_review,False,gold_reviewed,explicit comparison overrides single-treatment efficacy Three-signal status: unanimous (rule=Comparative Treatment Choice; prototype=Comparative Treatment Choice; cluster=Comparative Treatment Choice).,rare_intent; short_query
Q345,monitoring parameters Apixaban in Community-acquired Pneumonia,EN,Pulmonology,short,2-3 entities,none,6,Monitoring / Response / Risk Assessment,0.9854785,0.97904205,Pharmacotherapy,0.068030894,Monitoring / Response / Risk Assessment,1,Monitoring / Response / Risk Assessment,Prophylaxis / Maintenance,0.51753473,0.005389273,Management / Treatment Selection,Mechanism / Background Knowledge,,1,three_way_disagreement,Management / Treatment; Epidemiology / Prognosis,Monitoring / Response / Risk Assessment,low,model_assisted_schema_review,True,gold_reviewed,"monitoring action, response biomarker, or risk score is the requested output Three-signal status: three_way_disagreement (rule=Monitoring / Response / Risk Assessment; prototype=Prophylaxis / Maintenance; cluster=Mechanism / Background Knowledge).",three_way_disagreement; low_candidate_prototype_margin; short_query
Q348,Ramipril side effect pada pasien Hypertension apa saja,MIXED,Cardiology,medium,2-3 entities,none,0,Safety / Contraindication,0.41915825,0.036764055,Pharmacotherapy,0.0040703714,Safety / Contraindication,1,Safety / Contraindication,Comparative Treatment Choice,0.52935207,0.0002015233,Prophylaxis / Maintenance,Comparative Treatment Choice,Comparative Treatment Choice,2,prototype_cluster_against_rule,Pharmacotherapy,Safety / Contraindication,low,model_assisted_schema_review,True,gold_reviewed,"harm, suitability, contraindication, or pregnancy-safety wording overrides dose when safety is explicit Three-signal status: prototype_cluster_against_rule (rule=Safety / Contraindication; prototype=Comparative Treatment Choice; cluster=Comparative Treatment Choice).",prototype_cluster_against_rule; low_prototype_margin; low_candidate_prototype_margin
Q350,Valproate resistance in Epilepsy alternative therapy,EN,Neurology,short,2-3 entities,one slot,0,Interaction / Combination,0.40348408,0.18624467,Pharmacotherapy,0.018035889,Treatment Change / Escalation,1,Treatment Change / Escalation,Comparative Treatment Choice,0.5853206,0.09347534,Prophylaxis / Maintenance,Comparative Treatment Choice,Comparative Treatment Choice,2,prototype_cluster_against_rule,Management / Treatment,Treatment Change / Escalation,low,model_assisted_schema_review,True,pilot_reviewed,"failure, resistance, progression, switch, or add-on framing overrides initial selection Three-signal status: prototype_cluster_against_rule (rule=Treatment Change / Escalation; prototype=Comparative Treatment Choice; cluster=Comparative Treatment Choice). Phase 2 suggestion 'Interaction / Combination' was not retained because the explicit request maps to 'Treatment Change / Escalation'.",pilot; prototype_cluster_against_rule; phase2_model_disagreement; short_query
Q353,Nivolumab efficacy pada Non-Small Cell Lung Cancer clinical outcome data,MIXED,Oncology,long,2-3 entities,none,0,Efficacy / Outcomes,0.985386,0.97804695,Epidemiology / Prognosis,0.003800869,Efficacy / Outcomes,1,Efficacy / Outcomes,Efficacy / Outcomes,0.69424725,0.1489231,Prophylaxis / Maintenance,Comparative Treatment Choice,Efficacy / Outcomes,2,two_signal_including_rule,Pharmacotherapy; Epidemiology / Prognosis,Efficacy / Outcomes,medium,model_assisted_schema_review,True,pilot_reviewed,single-treatment efficacy or outcome evidence is the requested output Three-signal status: two_signal_including_rule (rule=Efficacy / Outcomes; prototype=Efficacy / Outcomes; cluster=Comparative Treatment Choice).,pilot; two_signal_including_rule; low_prototype_margin; rare_intent; long_query
Q361,penanganan Type 2 Diabetes Mellitus di ICU panduan 2022,ID,Endocrinology,medium,2-3 entities,one slot,0,Guideline / Evidence Lookup,0.9162629,0.88135135,Epidemiology / Prognosis,0.024650395,Guideline / Evidence Lookup; Management / Treatment Selection,2,Guideline / Evidence Lookup,Efficacy / Outcomes,0.4823911,0.025653422,Prophylaxis / Maintenance,Comparative Treatment Choice,,1,three_way_disagreement,Evidence / Guideline Lookup,Guideline / Evidence Lookup,low,model_assisted_schema_review,True,gold_reviewed,"explicit evidence, guideline, recency, or year constraint overrides treatment choice Three-signal status: three_way_disagreement (rule=Guideline / Evidence Lookup; prototype=Efficacy / Outcomes; cluster=Comparative Treatment Choice). Multiple cues were resolved with the frozen primary-information-need hierarchy.",three_way_disagreement; multi_cue_boundary
Q362,tatalaksana ADHD panduan terbaru terbaru,ID,Psychiatry,short,2-3 entities,one slot,0,Guideline / Evidence Lookup,0.9116215,0.87368613,Diagnosis / Differential Diagnosis,0.036275446,Guideline / Evidence Lookup; Management / Treatment Selection,2,Guideline / Evidence Lookup,Efficacy / Outcomes,0.51867145,0.030341446,Prophylaxis / Maintenance,Comparative Treatment Choice,,1,three_way_disagreement,Evidence / Guideline Lookup,Guideline / Evidence Lookup,low,model_assisted_schema_review,True,pilot_reviewed,"explicit evidence, guideline, recency, or year constraint overrides treatment choice Three-signal status: three_way_disagreement (rule=Guideline / Evidence Lookup; prototype=Efficacy / Outcomes; cluster=Comparative Treatment Choice). Multiple cues were resolved with the frozen primary-information-need hierarchy.",pilot; three_way_disagreement; multi_cue_boundary; short_query
Q363,target Type 2 Diabetes Mellitus sudah tercapai kapan maintenance Liraglutide,MIXED,Endocrinology,long,2-3 entities,none,0,Prophylaxis / Maintenance,0.9632334,0.9523321,Management / Treatment,0.0067189336,Prophylaxis / Maintenance,1,Prophylaxis / Maintenance,Prophylaxis / Maintenance,0.6348169,0.1253137,Prophylaxis / Maintenance,Comparative Treatment Choice,Prophylaxis / Maintenance,2,two_signal_including_rule,Management / Treatment,Prophylaxis / Maintenance,medium,model_assisted_schema_review,True,gold_reviewed,prevention or maintenance framing overrides generic indication Three-signal status: two_signal_including_rule (rule=Prophylaxis / Maintenance; prototype=Prophylaxis / Maintenance; cluster=Comparative Treatment Choice).,two_signal_including_rule; low_prototype_margin; rare_intent; long_query
Q371,kapan start Losartan di Hypertension evidence terbaru terbaru,MIXED,Cardiology,medium,2-3 entities,one slot,0,Guideline / Evidence Lookup,0.9389991,0.90862304,Evidence / Guideline Lookup,0.061739504,Guideline / Evidence Lookup; Management / Treatment Selection,2,Guideline / Evidence Lookup,Management / Treatment Selection,0.52072036,0.050660193,Prophylaxis / Maintenance,Comparative Treatment Choice,,1,three_way_disagreement,Evidence / Guideline Lookup,Guideline / Evidence Lookup,low,model_assisted_schema_review,True,gold_reviewed,"explicit evidence, guideline, recency, or year constraint overrides treatment choice Three-signal status: three_way_disagreement (rule=Guideline / Evidence Lookup; prototype=Management / Treatment Selection; cluster=Comparative Treatment Choice). Multiple cues were resolved with the frozen primary-information-need hierarchy.",three_way_disagreement; multi_cue_boundary
Q372,indikasi Semaglutide pada Type 2 Diabetes Mellitus guideline terbaru,MIXED,Endocrinology,medium,2-3 entities,one slot,0,Guideline / Evidence Lookup,0.9326238,0.8989352,Evidence / Guideline Lookup,0.0035655499,Guideline / Evidence Lookup; Management / Treatment Selection,2,Guideline / Evidence Lookup,Management / Treatment Selection,0.51540405,0.036907732,Prophylaxis / Maintenance,Comparative Treatment Choice,,1,three_way_disagreement,Evidence / Guideline Lookup,Guideline / Evidence Lookup,low,model_assisted_schema_review,True,pilot_reviewed,"explicit evidence, guideline, recency, or year constraint overrides treatment choice Three-signal status: three_way_disagreement (rule=Guideline / Evidence Lookup; prototype=Management / Treatment Selection; cluster=Comparative Treatment Choice). Multiple cues were resolved with the frozen primary-information-need hierarchy.",pilot; three_way_disagreement; multi_cue_boundary; low_prototype_margin
Q373,add on therapy Stable Angina after Metoprolol failure,EN,Cardiology,medium,2-3 entities,one slot,0,Treatment Change / Escalation,0.99019414,0.98607105,Management / Treatment,0.04653284,Treatment Change / Escalation,1,Treatment Change / Escalation,Efficacy / Outcomes,0.5598161,0.01823467,Prophylaxis / Maintenance,Comparative Treatment Choice,,1,three_way_disagreement,Management / Treatment,Treatment Change / Escalation,low,model_assisted_schema_review,True,gold_reviewed,"failure, resistance, progression, switch, or add-on framing overrides initial selection Three-signal status: three_way_disagreement (rule=Treatment Change / Escalation; prototype=Efficacy / Outcomes; cluster=Comparative Treatment Choice).",three_way_disagreement; low_candidate_prototype_margin
Q375,Tuberculosis pada anak dosis Bedaquiline,ID,Pulmonology,short,2-3 entities,multiple slots,10,Dosing / Administration,0.9359979,0.9093259,Epidemiology / Prognosis,0.017439306,Dosing / Administration,1,Dosing / Administration,Dosing / Administration,0.41690025,0.0358662,Dosing / Administration,Dosing / Administration,Dosing / Administration,3,unanimous,Pharmacotherapy,Dosing / Administration,high,model_assisted_schema_review,False,pilot_reviewed,requested regimen or adjustment determines the primary information need Three-signal status: unanimous (rule=Dosing / Administration; prototype=Dosing / Administration; cluster=Dosing / Administration).,pilot; low_prototype_margin; short_query
Q376,Antimalarials role in Typhoid Fever pathophysiology,EN,Infectious Disease,short,2-3 entities,none,6,Mechanism / Background Knowledge,0.9630916,0.953808,Pharmacotherapy,0.118331194,Mechanism / Background Knowledge,1,Mechanism / Background Knowledge,Mechanism / Background Knowledge,0.5368707,0.12084818,Management / Treatment Selection,Mechanism / Background Knowledge,Mechanism / Background Knowledge,3,unanimous,New dataset-specific class,Mechanism / Background Knowledge,high,model_assisted_schema_review,False,pilot_reviewed,mechanism or pathophysiology is explanatory rather than management-oriented Three-signal status: unanimous (rule=Mechanism / Background Knowledge; prototype=Mechanism / Background Knowledge; cluster=Mechanism / Background Knowledge).,pilot; rare_intent; short_query
Q377,latest Preeclampsia management guidelines 2024,EN,Obstetrics,short,2-3 entities,multiple slots,0,Guideline / Evidence Lookup,0.9272061,0.8877268,Management / Treatment,0.01295048,Guideline / Evidence Lookup,1,Guideline / Evidence Lookup,Management / Treatment Selection,0.4947723,0.026872307,Prophylaxis / Maintenance,Comparative Treatment Choice,,1,three_way_disagreement,Evidence / Guideline Lookup,Guideline / Evidence Lookup,low,model_assisted_schema_review,True,gold_reviewed,"explicit evidence, guideline, recency, or year constraint overrides treatment choice Three-signal status: three_way_disagreement (rule=Guideline / Evidence Lookup; prototype=Management / Treatment Selection; cluster=Comparative Treatment Choice).",three_way_disagreement; low_prototype_margin; short_query
Q383,SSRIs terbaru untuk ADHD 2023,MIXED,Psychiatry,short,2-3 entities,multiple slots,6,Guideline / Evidence Lookup,0.89931685,0.85113144,Pharmacotherapy,0.09263694,Guideline / Evidence Lookup,1,Guideline / Evidence Lookup,Management / Treatment Selection,0.4337328,0.015063584,Management / Treatment Selection,Mechanism / Background Knowledge,,1,three_way_disagreement,Evidence / Guideline Lookup,Guideline / Evidence Lookup,low,model_assisted_schema_review,True,gold_reviewed,"explicit evidence, guideline, recency, or year constraint overrides treatment choice Three-signal status: three_way_disagreement (rule=Guideline / Evidence Lookup; prototype=Management / Treatment Selection; cluster=Mechanism / Background Knowledge).",three_way_disagreement; low_candidate_prototype_margin; short_query
Q386,Zinc side effect pada pasien Stunting / Malnutrition apa saja,MIXED,Pediatrics,long,2-3 entities,none,0,Safety / Contraindication,0.41915825,0.036764055,Pharmacotherapy,0.0040703714,Safety / Contraindication,1,Safety / Contraindication,Comparative Treatment Choice,0.52935207,0.0002015233,Prophylaxis / Maintenance,Comparative Treatment Choice,Comparative Treatment Choice,2,prototype_cluster_against_rule,Pharmacotherapy,Safety / Contraindication,low,model_assisted_schema_review,True,gold_reviewed,"harm, suitability, contraindication, or pregnancy-safety wording overrides dose when safety is explicit Three-signal status: prototype_cluster_against_rule (rule=Safety / Contraindication; prototype=Comparative Treatment Choice; cluster=Comparative Treatment Choice).",prototype_cluster_against_rule; low_prototype_margin; low_candidate_prototype_margin; long_query
Q387,monitoring parameters Escitalopram in ADHD,EN,Psychiatry,short,2-3 entities,none,6,Monitoring / Response / Risk Assessment,0.9854785,0.97904205,Pharmacotherapy,0.068030894,Monitoring / Response / Risk Assessment,1,Monitoring / Response / Risk Assessment,Prophylaxis / Maintenance,0.51753473,0.005389273,Management / Treatment Selection,Mechanism / Background Knowledge,,1,three_way_disagreement,Management / Treatment; Epidemiology / Prognosis,Monitoring / Response / Risk Assessment,low,model_assisted_schema_review,True,gold_reviewed,"monitoring action, response biomarker, or risk score is the requested output Three-signal status: three_way_disagreement (rule=Monitoring / Response / Risk Assessment; prototype=Prophylaxis / Maintenance; cluster=Mechanism / Background Knowledge).",three_way_disagreement; low_candidate_prototype_margin; short_query
Q388,Magnesium role in Preeclampsia pathophysiology,EN,Obstetrics,short,2-3 entities,one slot,6,Mechanism / Background Knowledge,0.9630916,0.953808,Pharmacotherapy,0.118331194,Mechanism / Background Knowledge,1,Mechanism / Background Knowledge,Mechanism / Background Knowledge,0.5368707,0.12084818,Management / Treatment Selection,Mechanism / Background Knowledge,Mechanism / Background Knowledge,3,unanimous,New dataset-specific class,Mechanism / Background Knowledge,high,model_assisted_schema_review,False,gold_reviewed,mechanism or pathophysiology is explanatory rather than management-oriented Three-signal status: unanimous (rule=Mechanism / Background Knowledge; prototype=Mechanism / Background Knowledge; cluster=Mechanism / Background Knowledge).,rare_intent; short_query
Q389,algoritma terapi Pulmonary Embolism step up,ID,Pulmonology,short,2-3 entities,none,11,Management / Treatment Selection,0.984469,0.97610027,Management / Treatment,0.0891943,Management / Treatment Selection,1,Management / Treatment Selection,Management / Treatment Selection,0.4450853,0.045702726,Management / Treatment Selection,Management / Treatment Selection,Management / Treatment Selection,3,unanimous,Management / Treatment,Management / Treatment Selection,high,model_assisted_schema_review,False,pilot_reviewed,initial treatment choice overrides demographic safety context unless safety is asked Three-signal status: unanimous (rule=Management / Treatment Selection; prototype=Management / Treatment Selection; cluster=Management / Treatment Selection).,pilot; short_query
Q394,Topical calcineurin inhibitors adverse effects monitoring in Psoriasis,EN,Dermatology,medium,2-3 entities,one slot,6,Monitoring / Response / Risk Assessment,0.890431,0.8371518,Pharmacotherapy,0.14702606,Safety / Contraindication; Monitoring / Response / Risk Assessment,2,Safety / Contraindication,Monitoring / Response / Risk Assessment,0.5217008,0.059375703,Management / Treatment Selection,Mechanism / Background Knowledge,,1,three_way_disagreement,Pharmacotherapy,Safety / Contraindication,low,model_assisted_schema_review,True,pilot_reviewed,"harm, suitability, contraindication, or pregnancy-safety wording overrides dose when safety is explicit Three-signal status: three_way_disagreement (rule=Safety / Contraindication; prototype=Monitoring / Response / Risk Assessment; cluster=Mechanism / Background Knowledge). Phase 2 suggestion 'Monitoring / Response / Risk Assessment' was not retained because the explicit request maps to 'Safety / Contraindication'. Multiple cues were resolved with the frozen primary-information-need hierarchy.",pilot; three_way_disagreement; phase2_model_disagreement; multi_cue_boundary
Q396,Norepinephrine dosing in Sepsis with diabetes,EN,Critical Care,short,2-3 entities,one slot,2,Dosing / Administration,0.41855136,0.028951436,Pharmacotherapy,0.12840608,Dosing / Administration,1,Dosing / Administration,Comparative Treatment Choice,0.42897224,0.007306367,Comparative Treatment Choice,Safety / Contraindication,,1,three_way_disagreement,Pharmacotherapy,Dosing / Administration,low,model_assisted_schema_review,True,pilot_reviewed,requested regimen or adjustment determines the primary information need Three-signal status: three_way_disagreement (rule=Dosing / Administration; prototype=Comparative Treatment Choice; cluster=Safety / Contraindication).,pilot; three_way_disagreement; low_candidate_prototype_margin; short_query
Q398,Corticosteroids terbaru untuk Sepsis 2024,MIXED,Critical Care,short,2-3 entities,multiple slots,6,Guideline / Evidence Lookup,0.8966595,0.8470768,Pharmacotherapy,0.07572538,Guideline / Evidence Lookup,1,Guideline / Evidence Lookup,Management / Treatment Selection,0.3999927,0.012185276,Management / Treatment Selection,Mechanism / Background Knowledge,,1,three_way_disagreement,Evidence / Guideline Lookup,Guideline / Evidence Lookup,low,model_assisted_schema_review,True,gold_reviewed,"explicit evidence, guideline, recency, or year constraint overrides treatment choice Three-signal status: three_way_disagreement (rule=Guideline / Evidence Lookup; prototype=Management / Treatment Selection; cluster=Mechanism / Background Knowledge).",three_way_disagreement; low_candidate_prototype_margin; short_query
Q399,Beta blockers selective mechanism untuk Atrial Fibrillation bagaimana cara kerjanya,MIXED,Cardiology,long,2-3 entities,none,6,Mechanism / Background Knowledge,0.96171975,0.9523075,Pharmacotherapy,0.18969372,Mechanism / Background Knowledge,1,Mechanism / Background Knowledge,Mechanism / Background Knowledge,0.5507506,0.10586411,Management / Treatment Selection,Mechanism / Background Knowledge,Mechanism / Background Knowledge,3,unanimous,New dataset-specific class,Mechanism / Background Knowledge,high,model_assisted_schema_review,False,gold_reviewed,mechanism or pathophysiology is explanatory rather than management-oriented Three-signal status: unanimous (rule=Mechanism / Background Knowledge; prototype=Mechanism / Background Knowledge; cluster=Mechanism / Background Knowledge).,rare_intent; long_query
Q403,interaksi obat Artemether-lumefantrine dan Artemether-lumefantrine pada Typhoid Fever,ID,Infectious Disease,medium,2-3 entities,none,0,Interaction / Combination,0.9658287,0.9564689,Pharmacotherapy,0.18101364,Interaction / Combination,1,Interaction / Combination,Comparative Treatment Choice,0.5584078,0.011051476,Prophylaxis / Maintenance,Comparative Treatment Choice,Comparative Treatment Choice,2,prototype_cluster_against_rule,Pharmacotherapy,Interaction / Combination,low,model_assisted_schema_review,True,gold_reviewed,co-administration or interaction overrides general safety Three-signal status: prototype_cluster_against_rule (rule=Interaction / Combination; prototype=Comparative Treatment Choice; cluster=Comparative Treatment Choice).,prototype_cluster_against_rule; low_candidate_prototype_margin; rare_intent
Q406,Ischaemic Stroke with pregnancy first line drug,EN,Neurology,medium,2-3 entities,one slot,14,Management / Treatment Selection,0.98180884,0.96883786,Pharmacotherapy,0.069200516,Management / Treatment Selection; Safety / Contraindication,2,Management / Treatment Selection,Safety / Contraindication,0.45546934,0.06764141,Safety / Contraindication,Safety / Contraindication,Safety / Contraindication,2,prototype_cluster_against_rule,Management / Treatment,Management / Treatment Selection,low,model_assisted_schema_review,True,gold_reviewed,initial treatment choice overrides demographic safety context unless safety is asked Three-signal status: prototype_cluster_against_rule (rule=Management / Treatment Selection; prototype=Safety / Contraindication; cluster=Safety / Contraindication). Multiple cues were resolved with the frozen primary-information-need hierarchy.,prototype_cluster_against_rule; multi_cue_boundary
Q416,Urinary Tract Infection risk stratification approach,EN,Infectious Disease,short,2-3 entities,none,9,Monitoring / Response / Risk Assessment,0.98009765,0.9730854,Epidemiology / Prognosis,0.025828153,Monitoring / Response / Risk Assessment,1,Monitoring / Response / Risk Assessment,Monitoring / Response / Risk Assessment,0.5332895,0.119047016,Monitoring / Response / Risk Assessment,Monitoring / Response / Risk Assessment,Monitoring / Response / Risk Assessment,3,unanimous,Management / Treatment; Epidemiology / Prognosis,Monitoring / Response / Risk Assessment,high,model_assisted_schema_review,False,gold_reviewed,"monitoring action, response biomarker, or risk score is the requested output Three-signal status: unanimous (rule=Monitoring / Response / Risk Assessment; prototype=Monitoring / Response / Risk Assessment; cluster=Monitoring / Response / Risk Assessment).",short_query
Q419,add on therapy Systemic Lupus Erythematosus after Methotrexate failure,EN,Rheumatology,medium,2-3 entities,one slot,0,Treatment Change / Escalation,0.99019414,0.98607105,Management / Treatment,0.04653284,Treatment Change / Escalation,1,Treatment Change / Escalation,Efficacy / Outcomes,0.5598161,0.01823467,Prophylaxis / Maintenance,Comparative Treatment Choice,,1,three_way_disagreement,Management / Treatment,Treatment Change / Escalation,low,model_assisted_schema_review,True,gold_reviewed,"failure, resistance, progression, switch, or add-on framing overrides initial selection Three-signal status: three_way_disagreement (rule=Treatment Change / Escalation; prototype=Efficacy / Outcomes; cluster=Comparative Treatment Choice).",three_way_disagreement; low_candidate_prototype_margin
Q422,kapan start Rivaroxaban di Deep Vein Thrombosis evidence terbaru terbaru,MIXED,Haematology,long,2-3 entities,one slot,0,Guideline / Evidence Lookup,0.9389991,0.90862304,Evidence / Guideline Lookup,0.061739504,Guideline / Evidence Lookup; Management / Treatment Selection,2,Guideline / Evidence Lookup,Management / Treatment Selection,0.52072036,0.050660193,Prophylaxis / Maintenance,Comparative Treatment Choice,,1,three_way_disagreement,Evidence / Guideline Lookup,Guideline / Evidence Lookup,low,model_assisted_schema_review,True,gold_reviewed,"explicit evidence, guideline, recency, or year constraint overrides treatment choice Three-signal status: three_way_disagreement (rule=Guideline / Evidence Lookup; prototype=Management / Treatment Selection; cluster=Comparative Treatment Choice). Multiple cues were resolved with the frozen primary-information-need hierarchy.",three_way_disagreement; multi_cue_boundary; long_query
Q424,monitoring parameters Prednisolone in COPD,EN,Pulmonology,short,2-3 entities,none,6,Monitoring / Response / Risk Assessment,0.9854785,0.97904205,Pharmacotherapy,0.068030894,Monitoring / Response / Risk Assessment,1,Monitoring / Response / Risk Assessment,Prophylaxis / Maintenance,0.51753473,0.005389273,Management / Treatment Selection,Mechanism / Background Knowledge,,1,three_way_disagreement,Management / Treatment; Epidemiology / Prognosis,Monitoring / Response / Risk Assessment,low,model_assisted_schema_review,True,gold_reviewed,"monitoring action, response biomarker, or risk score is the requested output Three-signal status: three_way_disagreement (rule=Monitoring / Response / Risk Assessment; prototype=Prophylaxis / Maintenance; cluster=Mechanism / Background Knowledge).",three_way_disagreement; low_candidate_prototype_margin; short_query
Q425,target Urinary Tract Infection sudah tercapai kapan maintenance Tenofovir+Lamivudine,MIXED,Infectious Disease,medium,2-3 entities,none,0,Prophylaxis / Maintenance,0.9632334,0.9523321,Management / Treatment,0.0067189336,Prophylaxis / Maintenance,1,Prophylaxis / Maintenance,Prophylaxis / Maintenance,0.6348169,0.1253137,Prophylaxis / Maintenance,Comparative Treatment Choice,Prophylaxis / Maintenance,2,two_signal_including_rule,Management / Treatment,Prophylaxis / Maintenance,medium,model_assisted_schema_review,True,gold_reviewed,prevention or maintenance framing overrides generic indication Three-signal status: two_signal_including_rule (rule=Prophylaxis / Maintenance; prototype=Prophylaxis / Maintenance; cluster=Comparative Treatment Choice).,two_signal_including_rule; low_prototype_margin; rare_intent
Q428,penggantian Sertraline ke Venlafaxine pada Major Depressive Disorder,ID,Psychiatry,medium,4+ entities,none,0,Treatment Change / Escalation,0.99038905,0.98548526,Pharmacotherapy,0.008090973,Treatment Change / Escalation,1,Treatment Change / Escalation,Comparative Treatment Choice,0.52078336,0.015999794,Prophylaxis / Maintenance,Comparative Treatment Choice,Comparative Treatment Choice,2,prototype_cluster_against_rule,Management / Treatment,Treatment Change / Escalation,low,model_assisted_schema_review,True,gold_reviewed,"failure, resistance, progression, switch, or add-on framing overrides initial selection Three-signal status: prototype_cluster_against_rule (rule=Treatment Change / Escalation; prototype=Comparative Treatment Choice; cluster=Comparative Treatment Choice).",prototype_cluster_against_rule; low_prototype_margin; low_candidate_prototype_margin
Q445,indikasi Losartan pada Heart Failure guideline terbaru,MIXED,Cardiology,medium,2-3 entities,one slot,0,Guideline / Evidence Lookup,0.9326238,0.8989352,Evidence / Guideline Lookup,0.0035655499,Guideline / Evidence Lookup; Management / Treatment Selection,2,Guideline / Evidence Lookup,Management / Treatment Selection,0.51540405,0.036907732,Prophylaxis / Maintenance,Comparative Treatment Choice,,1,three_way_disagreement,Evidence / Guideline Lookup,Guideline / Evidence Lookup,low,model_assisted_schema_review,True,pilot_reviewed,"explicit evidence, guideline, recency, or year constraint overrides treatment choice Three-signal status: three_way_disagreement (rule=Guideline / Evidence Lookup; prototype=Management / Treatment Selection; cluster=Comparative Treatment Choice). Multiple cues were resolved with the frozen primary-information-need hierarchy.",pilot; three_way_disagreement; multi_cue_boundary; low_prototype_margin
Q446,Type 1 Diabetes Mellitus dengan pregnancy pilihan terapi,ID,Endocrinology,medium,2-3 entities,one slot,14,Management / Treatment Selection,0.9692162,0.95698476,Management / Treatment,0.025593877,Management / Treatment Selection; Safety / Contraindication,2,Management / Treatment Selection,Safety / Contraindication,0.49146622,0.06783083,Safety / Contraindication,Safety / Contraindication,Safety / Contraindication,2,prototype_cluster_against_rule,Management / Treatment,Management / Treatment Selection,low,model_assisted_schema_review,True,gold_reviewed,initial treatment choice overrides demographic safety context unless safety is asked Three-signal status: prototype_cluster_against_rule (rule=Management / Treatment Selection; prototype=Safety / Contraindication; cluster=Safety / Contraindication). Multiple cues were resolved with the frozen primary-information-need hierarchy.,prototype_cluster_against_rule; multi_cue_boundary
Q448,Pembrolizumab vs Pembrolizumab untuk pasien Non-Small Cell Lung Cancer mana lebih efektif,MIXED,Oncology,long,2-3 entities,one slot,0,Comparative Treatment Choice,0.9871715,0.98253447,Pharmacotherapy,0.038450897,Comparative Treatment Choice,1,Comparative Treatment Choice,Comparative Treatment Choice,0.6681697,0.13081044,Prophylaxis / Maintenance,Comparative Treatment Choice,Comparative Treatment Choice,3,unanimous,Pharmacotherapy,Comparative Treatment Choice,high,model_assisted_schema_review,False,gold_reviewed,explicit comparison overrides single-treatment efficacy Three-signal status: unanimous (rule=Comparative Treatment Choice; prototype=Comparative Treatment Choice; cluster=Comparative Treatment Choice).,rare_intent; long_query
Q451,Colorectal Cancer prophylaxis Pembrolizumab indication,EN,Oncology,short,2-3 entities,none,0,Prophylaxis / Maintenance,0.98185766,0.97619903,Diagnosis / Differential Diagnosis,0.069550365,Prophylaxis / Maintenance; Management / Treatment Selection,2,Prophylaxis / Maintenance,Prophylaxis / Maintenance,0.5617696,0.2258121,Prophylaxis / Maintenance,Comparative Treatment Choice,Prophylaxis / Maintenance,2,two_signal_including_rule,Management / Treatment,Prophylaxis / Maintenance,medium,model_assisted_schema_review,True,pilot_reviewed,prevention or maintenance framing overrides generic indication Three-signal status: two_signal_including_rule (rule=Prophylaxis / Maintenance; prototype=Prophylaxis / Maintenance; cluster=Comparative Treatment Choice). Multiple cues were resolved with the frozen primary-information-need hierarchy.,pilot; two_signal_including_rule; multi_cue_boundary; rare_intent; short_query
Q456,kapan start Zinc di Stunting / Malnutrition evidence terbaru 2023,MIXED,Pediatrics,long,2-3 entities,multiple slots,0,Guideline / Evidence Lookup,0.9412879,0.91276723,Evidence / Guideline Lookup,0.04704377,Guideline / Evidence Lookup; Management / Treatment Selection,2,Guideline / Evidence Lookup,Management / Treatment Selection,0.45754528,0.016293257,Prophylaxis / Maintenance,Comparative Treatment Choice,,1,three_way_disagreement,Evidence / Guideline Lookup,Guideline / Evidence Lookup,low,model_assisted_schema_review,True,pilot_reviewed,"explicit evidence, guideline, recency, or year constraint overrides treatment choice Three-signal status: three_way_disagreement (rule=Guideline / Evidence Lookup; prototype=Management / Treatment Selection; cluster=Comparative Treatment Choice). Multiple cues were resolved with the frozen primary-information-need hierarchy.",pilot; three_way_disagreement; multi_cue_boundary; low_candidate_prototype_margin; long_query
Q463,Tuberculosis with renal impairment first line drug,EN,Pulmonology,medium,2-3 entities,one slot,1,Management / Treatment Selection,0.9874352,0.978567,Pharmacotherapy,0.050129145,Management / Treatment Selection,1,Management / Treatment Selection,Comparative Treatment Choice,0.36399767,0.015126318,Dosing / Administration,Dosing / Administration,,1,three_way_disagreement,Management / Treatment,Management / Treatment Selection,low,model_assisted_schema_review,True,pilot_reviewed,initial treatment choice overrides demographic safety context unless safety is asked Three-signal status: three_way_disagreement (rule=Management / Treatment Selection; prototype=Comparative Treatment Choice; cluster=Dosing / Administration).,pilot; three_way_disagreement; low_candidate_prototype_margin
Q465,Hypertension prophylaxis Ramipril indication,EN,Cardiology,short,2-3 entities,none,0,Prophylaxis / Maintenance,0.98185766,0.97619903,Diagnosis / Differential Diagnosis,0.069550365,Prophylaxis / Maintenance; Management / Treatment Selection,2,Prophylaxis / Maintenance,Prophylaxis / Maintenance,0.5617696,0.2258121,Prophylaxis / Maintenance,Comparative Treatment Choice,Prophylaxis / Maintenance,2,two_signal_including_rule,Management / Treatment,Prophylaxis / Maintenance,medium,model_assisted_schema_review,True,gold_reviewed,prevention or maintenance framing overrides generic indication Three-signal status: two_signal_including_rule (rule=Prophylaxis / Maintenance; prototype=Prophylaxis / Maintenance; cluster=Comparative Treatment Choice). Multiple cues were resolved with the frozen primary-information-need hierarchy.,two_signal_including_rule; multi_cue_boundary; rare_intent; short_query
Q467,Artemether-lumefantrine side effect pada pasien Typhoid Fever apa saja,MIXED,Infectious Disease,medium,2-3 entities,none,0,Safety / Contraindication,0.41915825,0.036764055,Pharmacotherapy,0.0040703714,Safety / Contraindication,1,Safety / Contraindication,Comparative Treatment Choice,0.52935207,0.0002015233,Prophylaxis / Maintenance,Comparative Treatment Choice,Comparative Treatment Choice,2,prototype_cluster_against_rule,Pharmacotherapy,Safety / Contraindication,low,model_assisted_schema_review,True,gold_reviewed,"harm, suitability, contraindication, or pregnancy-safety wording overrides dose when safety is explicit Three-signal status: prototype_cluster_against_rule (rule=Safety / Contraindication; prototype=Comparative Treatment Choice; cluster=Comparative Treatment Choice).",prototype_cluster_against_rule; low_prototype_margin; low_candidate_prototype_margin
Q468,Systemic Lupus Erythematosus prophylaxis Methotrexate indication,EN,Rheumatology,short,2-3 entities,none,0,Prophylaxis / Maintenance,0.98185766,0.97619903,Diagnosis / Differential Diagnosis,0.069550365,Prophylaxis / Maintenance; Management / Treatment Selection,2,Prophylaxis / Maintenance,Prophylaxis / Maintenance,0.5617696,0.2258121,Prophylaxis / Maintenance,Comparative Treatment Choice,Prophylaxis / Maintenance,2,two_signal_including_rule,Management / Treatment,Prophylaxis / Maintenance,medium,model_assisted_schema_review,True,gold_reviewed,prevention or maintenance framing overrides generic indication Three-signal status: two_signal_including_rule (rule=Prophylaxis / Maintenance; prototype=Prophylaxis / Maintenance; cluster=Comparative Treatment Choice). Multiple cues were resolved with the frozen primary-information-need hierarchy.,two_signal_including_rule; multi_cue_boundary; rare_intent; short_query
Q469,indikasi Bedaquiline pada MDR Tuberculosis guideline terbaru,MIXED,Pulmonology,medium,2-3 entities,one slot,0,Guideline / Evidence Lookup,0.9326238,0.8989352,Evidence / Guideline Lookup,0.0035655499,Guideline / Evidence Lookup; Management / Treatment Selection,2,Guideline / Evidence Lookup,Management / Treatment Selection,0.51540405,0.036907732,Prophylaxis / Maintenance,Comparative Treatment Choice,,1,three_way_disagreement,Evidence / Guideline Lookup,Guideline / Evidence Lookup,low,model_assisted_schema_review,True,pilot_reviewed,"explicit evidence, guideline, recency, or year constraint overrides treatment choice Three-signal status: three_way_disagreement (rule=Guideline / Evidence Lookup; prototype=Management / Treatment Selection; cluster=Comparative Treatment Choice). Multiple cues were resolved with the frozen primary-information-need hierarchy.",pilot; three_way_disagreement; multi_cue_boundary; low_prototype_margin
Q473,Tenofovir+Lamivudine efficacy pada Urinary Tract Infection clinical outcome data,MIXED,Infectious Disease,medium,2-3 entities,none,0,Efficacy / Outcomes,0.985386,0.97804695,Epidemiology / Prognosis,0.003800869,Efficacy / Outcomes,1,Efficacy / Outcomes,Efficacy / Outcomes,0.69424725,0.1489231,Prophylaxis / Maintenance,Comparative Treatment Choice,Efficacy / Outcomes,2,two_signal_including_rule,Pharmacotherapy; Epidemiology / Prognosis,Efficacy / Outcomes,medium,model_assisted_schema_review,True,gold_reviewed,single-treatment efficacy or outcome evidence is the requested output Three-signal status: two_signal_including_rule (rule=Efficacy / Outcomes; prototype=Efficacy / Outcomes; cluster=Comparative Treatment Choice).,two_signal_including_rule; low_prototype_margin; rare_intent
Q475,Vitamin K antagonists kontraindikasi pada Deep Vein Thrombosis dengan heart failure,ID,Haematology,long,2-3 entities,none,7,Safety / Contraindication,0.36930543,0.05818674,Evidence / Guideline Lookup,0.01733157,Safety / Contraindication,1,Safety / Contraindication,Comparative Treatment Choice,0.41548434,0.01996383,Comparative Treatment Choice,Safety / Contraindication,Safety / Contraindication,2,two_signal_including_rule,Pharmacotherapy,Safety / Contraindication,medium,model_assisted_schema_review,True,gold_reviewed,"harm, suitability, contraindication, or pregnancy-safety wording overrides dose when safety is explicit Three-signal status: two_signal_including_rule (rule=Safety / Contraindication; prototype=Comparative Treatment Choice; cluster=Safety / Contraindication).",two_signal_including_rule; low_prototype_margin; long_query
Q476,Bortezomib vs Prednisolone untuk Rheumatoid Arthritis,ID,Rheumatology,short,4+ entities,one slot,0,Comparative Treatment Choice,0.98687124,0.9820754,Pharmacotherapy,0.047557205,Comparative Treatment Choice,1,Comparative Treatment Choice,Comparative Treatment Choice,0.5567372,0.095769495,Prophylaxis / Maintenance,Comparative Treatment Choice,Comparative Treatment Choice,3,unanimous,Pharmacotherapy,Comparative Treatment Choice,high,model_assisted_schema_review,False,gold_reviewed,explicit comparison overrides single-treatment efficacy Three-signal status: unanimous (rule=Comparative Treatment Choice; prototype=Comparative Treatment Choice; cluster=Comparative Treatment Choice).,rare_intent; short_query
Q477,Losartan long term outcomes Heart Failure,EN,Cardiology,short,2-3 entities,none,0,Efficacy / Outcomes,0.9887477,0.9833311,Epidemiology / Prognosis,0.06624815,Efficacy / Outcomes,1,Efficacy / Outcomes,Efficacy / Outcomes,0.6288654,0.16190714,Prophylaxis / Maintenance,Comparative Treatment Choice,Efficacy / Outcomes,2,two_signal_including_rule,Pharmacotherapy; Epidemiology / Prognosis,Efficacy / Outcomes,medium,model_assisted_schema_review,True,gold_reviewed,single-treatment efficacy or outcome evidence is the requested output Three-signal status: two_signal_including_rule (rule=Efficacy / Outcomes; prototype=Efficacy / Outcomes; cluster=Comparative Treatment Choice).,two_signal_including_rule; rare_intent; short_query
Q478,kontraindikasi Bedaquiline pada Tuberculosis dengan immunocompromised,MIXED,Pulmonology,short,2-3 entities,none,0,Safety / Contraindication,0.8615675,0.82925475,Diagnosis / Differential Diagnosis,0.0052369535,Safety / Contraindication,1,Safety / Contraindication,Prophylaxis / Maintenance,0.47429535,0.02401504,Prophylaxis / Maintenance,Comparative Treatment Choice,,1,three_way_disagreement,Pharmacotherapy,Safety / Contraindication,low,model_assisted_schema_review,True,gold_reviewed,"harm, suitability, contraindication, or pregnancy-safety wording overrides dose when safety is explicit Three-signal status: three_way_disagreement (rule=Safety / Contraindication; prototype=Prophylaxis / Maintenance; cluster=Comparative Treatment Choice).",three_way_disagreement; low_prototype_margin; short_query
Q480,Venlafaxine dosing in Major Depressive Disorder with atrial fibrillation,EN,Psychiatry,medium,2-3 entities,one slot,13,Safety / Contraindication,0.44479293,0.06095299,Evidence / Guideline Lookup,0.018948331,Dosing / Administration,1,Dosing / Administration,Dosing / Administration,0.36817703,0.03508684,Prophylaxis / Maintenance,Prophylaxis / Maintenance,Dosing / Administration,2,two_signal_including_rule,Pharmacotherapy,Dosing / Administration,medium,model_assisted_schema_review,True,gold_reviewed,requested regimen or adjustment determines the primary information need Three-signal status: two_signal_including_rule (rule=Dosing / Administration; prototype=Dosing / Administration; cluster=Prophylaxis / Maintenance). Phase 2 suggestion 'Safety / Contraindication' was not retained because the explicit request maps to 'Dosing / Administration'.,two_signal_including_rule; phase2_model_disagreement
Q481,Metoprolol long term outcomes Stable Angina,EN,Cardiology,short,2-3 entities,none,0,Efficacy / Outcomes,0.9887477,0.9833311,Epidemiology / Prognosis,0.06624815,Efficacy / Outcomes,1,Efficacy / Outcomes,Efficacy / Outcomes,0.6288654,0.16190714,Prophylaxis / Maintenance,Comparative Treatment Choice,Efficacy / Outcomes,2,two_signal_including_rule,Pharmacotherapy; Epidemiology / Prognosis,Efficacy / Outcomes,medium,model_assisted_schema_review,True,gold_reviewed,single-treatment efficacy or outcome evidence is the requested output Three-signal status: two_signal_including_rule (rule=Efficacy / Outcomes; prototype=Efficacy / Outcomes; cluster=Comparative Treatment Choice).,two_signal_including_rule; rare_intent; short_query
Q483,Hypertension dengan pregnancy pilihan drug terbaik,MIXED,Cardiology,short,2-3 entities,one slot,14,Management / Treatment Selection,0.9890631,0.98356974,Pharmacotherapy,0.13606599,Management / Treatment Selection; Safety / Contraindication,2,Management / Treatment Selection,Safety / Contraindication,0.48555988,0.054035187,Safety / Contraindication,Safety / Contraindication,Safety / Contraindication,2,prototype_cluster_against_rule,Management / Treatment,Management / Treatment Selection,low,model_assisted_schema_review,True,gold_reviewed,initial treatment choice overrides demographic safety context unless safety is asked Three-signal status: prototype_cluster_against_rule (rule=Management / Treatment Selection; prototype=Safety / Contraindication; cluster=Safety / Contraindication). Multiple cues were resolved with the frozen primary-information-need hierarchy.,prototype_cluster_against_rule; multi_cue_boundary; short_query
Q484,titration protocol Bedaquiline in Tuberculosis,EN,Pulmonology,short,2-3 entities,none,5,Dosing / Administration,0.37508363,0.10218626,Procedures / Techniques,0.0025033057,Dosing / Administration,1,Dosing / Administration,Efficacy / Outcomes,0.51963717,0.0312908,Efficacy / Outcomes,Efficacy / Outcomes,Efficacy / Outcomes,2,prototype_cluster_against_rule,Pharmacotherapy,Dosing / Administration,low,model_assisted_schema_review,True,gold_reviewed,requested regimen or adjustment determines the primary information need Three-signal status: prototype_cluster_against_rule (rule=Dosing / Administration; prototype=Efficacy / Outcomes; cluster=Efficacy / Outcomes).,prototype_cluster_against_rule; low_prototype_margin; short_query
Q485,Lansoprazole resistance in Peptic Ulcer Disease alternative therapy,EN,Gastroenterology,medium,2-3 entities,one slot,0,Interaction / Combination,0.40348408,0.18624467,Pharmacotherapy,0.018035889,Treatment Change / Escalation,1,Treatment Change / Escalation,Comparative Treatment Choice,0.5853206,0.09347534,Prophylaxis / Maintenance,Comparative Treatment Choice,Comparative Treatment Choice,2,prototype_cluster_against_rule,Management / Treatment,Treatment Change / Escalation,low,model_assisted_schema_review,True,pilot_reviewed,"failure, resistance, progression, switch, or add-on framing overrides initial selection Three-signal status: prototype_cluster_against_rule (rule=Treatment Change / Escalation; prototype=Comparative Treatment Choice; cluster=Comparative Treatment Choice). Phase 2 suggestion 'Interaction / Combination' was not retained because the explicit request maps to 'Treatment Change / Escalation'.",pilot; prototype_cluster_against_rule; phase2_model_disagreement
Q492,titration protocol Alendronate in Osteoporosis,EN,Rheumatology,short,2-3 entities,none,5,Dosing / Administration,0.37508363,0.10218626,Procedures / Techniques,0.0025033057,Dosing / Administration,1,Dosing / Administration,Efficacy / Outcomes,0.51963717,0.0312908,Efficacy / Outcomes,Efficacy / Outcomes,Efficacy / Outcomes,2,prototype_cluster_against_rule,Pharmacotherapy,Dosing / Administration,low,model_assisted_schema_review,True,gold_reviewed,requested regimen or adjustment determines the primary information need Three-signal status: prototype_cluster_against_rule (rule=Dosing / Administration; prototype=Efficacy / Outcomes; cluster=Efficacy / Outcomes).,prototype_cluster_against_rule; low_prototype_margin; short_query
Q493,monitoring parameters Isoniazid in Tuberculosis,EN,Pulmonology,short,2-3 entities,none,6,Monitoring / Response / Risk Assessment,0.9854785,0.97904205,Pharmacotherapy,0.068030894,Monitoring / Response / Risk Assessment,1,Monitoring / Response / Risk Assessment,Prophylaxis / Maintenance,0.51753473,0.005389273,Management / Treatment Selection,Mechanism / Background Knowledge,,1,three_way_disagreement,Management / Treatment; Epidemiology / Prognosis,Monitoring / Response / Risk Assessment,low,model_assisted_schema_review,True,gold_reviewed,"monitoring action, response biomarker, or risk score is the requested output Three-signal status: three_way_disagreement (rule=Monitoring / Response / Risk Assessment; prototype=Prophylaxis / Maintenance; cluster=Mechanism / Background Knowledge).",three_way_disagreement; low_candidate_prototype_margin; short_query
Q494,Corticosteroids terbaru untuk COPD terbaru,MIXED,Pulmonology,short,2-3 entities,one slot,6,Guideline / Evidence Lookup,0.8998325,0.852914,Pharmacotherapy,0.16027996,Guideline / Evidence Lookup,1,Guideline / Evidence Lookup,Comparative Treatment Choice,0.46547943,0.004900992,Management / Treatment Selection,Mechanism / Background Knowledge,,1,three_way_disagreement,Evidence / Guideline Lookup,Guideline / Evidence Lookup,low,model_assisted_schema_review,True,gold_reviewed,"explicit evidence, guideline, recency, or year constraint overrides treatment choice Three-signal status: three_way_disagreement (rule=Guideline / Evidence Lookup; prototype=Comparative Treatment Choice; cluster=Mechanism / Background Knowledge).",three_way_disagreement; low_candidate_prototype_margin; short_query
Q495,TNF inhibitors adverse effects monitoring in Systemic Lupus Erythematosus,EN,Rheumatology,medium,2-3 entities,none,6,Monitoring / Response / Risk Assessment,0.890431,0.8371518,Pharmacotherapy,0.14702606,Safety / Contraindication; Monitoring / Response / Risk Assessment,2,Safety / Contraindication,Monitoring / Response / Risk Assessment,0.5217008,0.059375703,Management / Treatment Selection,Mechanism / Background Knowledge,,1,three_way_disagreement,Pharmacotherapy,Safety / Contraindication,low,model_assisted_schema_review,True,pilot_reviewed,"harm, suitability, contraindication, or pregnancy-safety wording overrides dose when safety is explicit Three-signal status: three_way_disagreement (rule=Safety / Contraindication; prototype=Monitoring / Response / Risk Assessment; cluster=Mechanism / Background Knowledge). Phase 2 suggestion 'Monitoring / Response / Risk Assessment' was not retained because the explicit request maps to 'Safety / Contraindication'. Multiple cues were resolved with the frozen primary-information-need hierarchy.",pilot; three_way_disagreement; phase2_model_disagreement; multi_cue_boundary
Q496,Insulin degludec side effect pada pasien Type 1 Diabetes Mellitus apa saja,MIXED,Endocrinology,long,2-3 entities,none,0,Safety / Contraindication,0.41915825,0.036764055,Pharmacotherapy,0.0040703714,Safety / Contraindication,1,Safety / Contraindication,Comparative Treatment Choice,0.52935207,0.0002015233,Prophylaxis / Maintenance,Comparative Treatment Choice,Comparative Treatment Choice,2,prototype_cluster_against_rule,Pharmacotherapy,Safety / Contraindication,low,model_assisted_schema_review,True,gold_reviewed,"harm, suitability, contraindication, or pregnancy-safety wording overrides dose when safety is explicit Three-signal status: prototype_cluster_against_rule (rule=Safety / Contraindication; prototype=Comparative Treatment Choice; cluster=Comparative Treatment Choice).",prototype_cluster_against_rule; low_prototype_margin; low_candidate_prototype_margin; long_query
