query_id,query_text,liang_final_intent,rule_intent_signal,prototype_intent_signal,cluster_intent_signal,signal_plurality_intent,signal_agreement,schema_adjudicated_intent,matched_annotation_rules,n_rule_matches,label_confidence,annotation_notes,rule_matches_final,prototype_matches_final,cluster_matches_final,passes_agree,review_design
Q002,SGLT2 inhibitors adverse effects monitoring in Atrial Fibrillation,Monitoring / Response / Risk Assessment,Safety / Contraindication,Monitoring / Response / Risk Assessment,Mechanism / Background Knowledge,,three_way_disagreement,Safety / Contraindication,Safety / Contraindication; Monitoring / Response / Risk Assessment,2,low,"harm, suitability, contraindication, or pregnancy-safety wording overrides dose when safety is explicit Three-signal status: three_way_disagreement (rule=Safety / Contraindication; prototype=Monitoring / Response / Risk Assessment; cluster=Mechanism / Background Knowledge). Phase 2 suggestion 'Monitoring / Response / Risk Assessment' was not retained because the explicit request maps to 'Safety / Contraindication'. Multiple cues were resolved with the frozen primary-information-need hierarchy.",True,False,False,False,single model-assisted schema review; not time-separated and not inter-annotator agreement
Q003,interaksi obat Nivolumab dan Nivolumab pada Colorectal Cancer,Interaction / Combination,Interaction / Combination,Comparative Treatment Choice,Comparative Treatment Choice,Comparative Treatment Choice,prototype_cluster_against_rule,Interaction / Combination,Interaction / Combination,1,low,co-administration or interaction overrides general safety Three-signal status: prototype_cluster_against_rule (rule=Interaction / Combination; prototype=Comparative Treatment Choice; cluster=Comparative Treatment Choice).,True,False,False,True,single model-assisted schema review; not time-separated and not inter-annotator agreement
Q004,Apixaban efficacy pada Deep Vein Thrombosis clinical outcome data,Efficacy / Outcomes,Efficacy / Outcomes,Efficacy / Outcomes,Comparative Treatment Choice,Efficacy / Outcomes,two_signal_including_rule,Efficacy / Outcomes,Efficacy / Outcomes,1,medium,single-treatment efficacy or outcome evidence is the requested output Three-signal status: two_signal_including_rule (rule=Efficacy / Outcomes; prototype=Efficacy / Outcomes; cluster=Comparative Treatment Choice).,True,True,False,True,single model-assisted schema review; not time-separated and not inter-annotator agreement
Q006,kombinasi Metoprolol dan Metoprolol pada Heart Failure aman atau tidak,Interaction / Combination,Interaction / Combination,Comparative Treatment Choice,Comparative Treatment Choice,Comparative Treatment Choice,prototype_cluster_against_rule,Interaction / Combination,Interaction / Combination; Safety / Contraindication,2,low,co-administration or interaction overrides general safety Three-signal status: prototype_cluster_against_rule (rule=Interaction / Combination; prototype=Comparative Treatment Choice; cluster=Comparative Treatment Choice). Multiple cues were resolved with the frozen primary-information-need hierarchy.,True,False,False,True,single model-assisted schema review; not time-separated and not inter-annotator agreement
Q008,Short-acting beta2-agonists adverse effects monitoring in Asthma,Monitoring / Response / Risk Assessment,Safety / Contraindication,Monitoring / Response / Risk Assessment,Mechanism / Background Knowledge,,three_way_disagreement,Safety / Contraindication,Safety / Contraindication; Monitoring / Response / Risk Assessment,2,low,"harm, suitability, contraindication, or pregnancy-safety wording overrides dose when safety is explicit Three-signal status: three_way_disagreement (rule=Safety / Contraindication; prototype=Monitoring / Response / Risk Assessment; cluster=Mechanism / Background Knowledge). Phase 2 suggestion 'Monitoring / Response / Risk Assessment' was not retained because the explicit request maps to 'Safety / Contraindication'. Multiple cues were resolved with the frozen primary-information-need hierarchy.",True,False,False,False,single model-assisted schema review; not time-separated and not inter-annotator agreement
Q015,Peptic Ulcer Disease prophylaxis Lansoprazole indication,Prophylaxis / Maintenance,Prophylaxis / Maintenance,Prophylaxis / Maintenance,Comparative Treatment Choice,Prophylaxis / Maintenance,two_signal_including_rule,Prophylaxis / Maintenance,Prophylaxis / Maintenance; Management / Treatment Selection,2,medium,prevention or maintenance framing overrides generic indication Three-signal status: two_signal_including_rule (rule=Prophylaxis / Maintenance; prototype=Prophylaxis / Maintenance; cluster=Comparative Treatment Choice). Multiple cues were resolved with the frozen primary-information-need hierarchy.,True,True,False,True,single model-assisted schema review; not time-separated and not inter-annotator agreement
Q018,interaksi obat Losartan dan Empagliflozin pada Chronic Kidney Disease,Interaction / Combination,Interaction / Combination,Comparative Treatment Choice,Comparative Treatment Choice,Comparative Treatment Choice,prototype_cluster_against_rule,Interaction / Combination,Interaction / Combination,1,low,co-administration or interaction overrides general safety Three-signal status: prototype_cluster_against_rule (rule=Interaction / Combination; prototype=Comparative Treatment Choice; cluster=Comparative Treatment Choice).,True,False,False,True,single model-assisted schema review; not time-separated and not inter-annotator agreement
Q023,indikasi Sitagliptin pada Type 2 Diabetes Mellitus guideline terbaru,Guideline / Evidence Lookup,Guideline / Evidence Lookup,Management / Treatment Selection,Comparative Treatment Choice,,three_way_disagreement,Guideline / Evidence Lookup,Guideline / Evidence Lookup; Management / Treatment Selection,2,low,"explicit evidence, guideline, recency, or year constraint overrides treatment choice Three-signal status: three_way_disagreement (rule=Guideline / Evidence Lookup; prototype=Management / Treatment Selection; cluster=Comparative Treatment Choice). Multiple cues were resolved with the frozen primary-information-need hierarchy.",True,False,False,True,single model-assisted schema review; not time-separated and not inter-annotator agreement
Q026,kontraindikasi Labetalol pada Hypertension in Pregnancy dengan atrial fibrillation,Safety / Contraindication,Safety / Contraindication,Prophylaxis / Maintenance,Prophylaxis / Maintenance,Prophylaxis / Maintenance,prototype_cluster_against_rule,Safety / Contraindication,Safety / Contraindication,1,low,"harm, suitability, contraindication, or pregnancy-safety wording overrides dose when safety is explicit Three-signal status: prototype_cluster_against_rule (rule=Safety / Contraindication; prototype=Prophylaxis / Maintenance; cluster=Prophylaxis / Maintenance).",True,False,False,True,single model-assisted schema review; not time-separated and not inter-annotator agreement
Q027,Vitamin A adverse effects monitoring in Stunting / Malnutrition,Monitoring / Response / Risk Assessment,Safety / Contraindication,Monitoring / Response / Risk Assessment,Mechanism / Background Knowledge,,three_way_disagreement,Safety / Contraindication,Safety / Contraindication; Monitoring / Response / Risk Assessment,2,low,"harm, suitability, contraindication, or pregnancy-safety wording overrides dose when safety is explicit Three-signal status: three_way_disagreement (rule=Safety / Contraindication; prototype=Monitoring / Response / Risk Assessment; cluster=Mechanism / Background Knowledge). Phase 2 suggestion 'Monitoring / Response / Risk Assessment' was not retained because the explicit request maps to 'Safety / Contraindication'. Multiple cues were resolved with the frozen primary-information-need hierarchy.",True,False,False,False,single model-assisted schema review; not time-separated and not inter-annotator agreement
Q028,ACE inhibitors adverse effects monitoring in Hypertension,Monitoring / Response / Risk Assessment,Safety / Contraindication,Monitoring / Response / Risk Assessment,Mechanism / Background Knowledge,,three_way_disagreement,Safety / Contraindication,Safety / Contraindication; Monitoring / Response / Risk Assessment,2,low,"harm, suitability, contraindication, or pregnancy-safety wording overrides dose when safety is explicit Three-signal status: three_way_disagreement (rule=Safety / Contraindication; prototype=Monitoring / Response / Risk Assessment; cluster=Mechanism / Background Knowledge). Phase 2 suggestion 'Monitoring / Response / Risk Assessment' was not retained because the explicit request maps to 'Safety / Contraindication'. Multiple cues were resolved with the frozen primary-information-need hierarchy.",True,False,False,False,single model-assisted schema review; not time-separated and not inter-annotator agreement
Q029,Empagliflozin efficacy pada Type 2 Diabetes Mellitus clinical outcome data,Efficacy / Outcomes,Efficacy / Outcomes,Efficacy / Outcomes,Comparative Treatment Choice,Efficacy / Outcomes,two_signal_including_rule,Efficacy / Outcomes,Efficacy / Outcomes,1,medium,single-treatment efficacy or outcome evidence is the requested output Three-signal status: two_signal_including_rule (rule=Efficacy / Outcomes; prototype=Efficacy / Outcomes; cluster=Comparative Treatment Choice).,True,True,False,True,single model-assisted schema review; not time-separated and not inter-annotator agreement
Q030,is Losartan safe in Hypertension with liver disease,Safety / Contraindication,Safety / Contraindication,Comparative Treatment Choice,Dosing / Administration,,three_way_disagreement,Safety / Contraindication,Safety / Contraindication,1,low,"harm, suitability, contraindication, or pregnancy-safety wording overrides dose when safety is explicit Three-signal status: three_way_disagreement (rule=Safety / Contraindication; prototype=Comparative Treatment Choice; cluster=Dosing / Administration).",True,False,False,True,single model-assisted schema review; not time-separated and not inter-annotator agreement
Q031,Ibuprofen side effect pada pasien Psoriatic Arthritis apa saja,Safety / Contraindication,Safety / Contraindication,Comparative Treatment Choice,Comparative Treatment Choice,Comparative Treatment Choice,prototype_cluster_against_rule,Safety / Contraindication,Safety / Contraindication,1,low,"harm, suitability, contraindication, or pregnancy-safety wording overrides dose when safety is explicit Three-signal status: prototype_cluster_against_rule (rule=Safety / Contraindication; prototype=Comparative Treatment Choice; cluster=Comparative Treatment Choice).",True,False,False,True,single model-assisted schema review; not time-separated and not inter-annotator agreement
Q032,interaksi obat Ramipril dan Spironolactone pada Heart Failure,Interaction / Combination,Interaction / Combination,Comparative Treatment Choice,Comparative Treatment Choice,Comparative Treatment Choice,prototype_cluster_against_rule,Interaction / Combination,Interaction / Combination,1,low,co-administration or interaction overrides general safety Three-signal status: prototype_cluster_against_rule (rule=Interaction / Combination; prototype=Comparative Treatment Choice; cluster=Comparative Treatment Choice).,True,False,False,True,single model-assisted schema review; not time-separated and not inter-annotator agreement
Q044,Malaria with pregnancy first line drug,Management / Treatment Selection,Management / Treatment Selection,Safety / Contraindication,Safety / Contraindication,Safety / Contraindication,prototype_cluster_against_rule,Management / Treatment Selection,Management / Treatment Selection; Safety / Contraindication,2,low,initial treatment choice overrides demographic safety context unless safety is asked Three-signal status: prototype_cluster_against_rule (rule=Management / Treatment Selection; prototype=Safety / Contraindication; cluster=Safety / Contraindication). Multiple cues were resolved with the frozen primary-information-need hierarchy.,True,False,False,True,single model-assisted schema review; not time-separated and not inter-annotator agreement
Q047,Tiotropium long term outcomes COPD,Efficacy / Outcomes,Efficacy / Outcomes,Efficacy / Outcomes,Comparative Treatment Choice,Efficacy / Outcomes,two_signal_including_rule,Efficacy / Outcomes,Efficacy / Outcomes,1,medium,single-treatment efficacy or outcome evidence is the requested output Three-signal status: two_signal_including_rule (rule=Efficacy / Outcomes; prototype=Efficacy / Outcomes; cluster=Comparative Treatment Choice).,True,True,False,True,single model-assisted schema review; not time-separated and not inter-annotator agreement
Q049,Calcium channel blockers mechanism untuk Atrial Fibrillation bagaimana cara kerjanya,Mechanism / Background Knowledge,Mechanism / Background Knowledge,Mechanism / Background Knowledge,Mechanism / Background Knowledge,Mechanism / Background Knowledge,unanimous,Mechanism / Background Knowledge,Mechanism / Background Knowledge,1,high,mechanism or pathophysiology is explanatory rather than management-oriented Three-signal status: unanimous (rule=Mechanism / Background Knowledge; prototype=Mechanism / Background Knowledge; cluster=Mechanism / Background Knowledge).,True,True,True,True,single model-assisted schema review; not time-separated and not inter-annotator agreement
Q051,add on therapy Malaria after Dolutegravir failure,Treatment Change / Escalation,Treatment Change / Escalation,Efficacy / Outcomes,Comparative Treatment Choice,,three_way_disagreement,Treatment Change / Escalation,Treatment Change / Escalation,1,low,"failure, resistance, progression, switch, or add-on framing overrides initial selection Three-signal status: three_way_disagreement (rule=Treatment Change / Escalation; prototype=Efficacy / Outcomes; cluster=Comparative Treatment Choice).",True,False,False,True,single model-assisted schema review; not time-separated and not inter-annotator agreement
Q052,HIV/AIDS first line Penicillins evidence based,Guideline / Evidence Lookup,Guideline / Evidence Lookup,Management / Treatment Selection,Mechanism / Background Knowledge,,three_way_disagreement,Guideline / Evidence Lookup,Guideline / Evidence Lookup; Management / Treatment Selection,2,low,"explicit evidence, guideline, recency, or year constraint overrides treatment choice Three-signal status: three_way_disagreement (rule=Guideline / Evidence Lookup; prototype=Management / Treatment Selection; cluster=Mechanism / Background Knowledge). Multiple cues were resolved with the frozen primary-information-need hierarchy.",True,False,False,True,single model-assisted schema review; not time-separated and not inter-annotator agreement
Q054,is Empagliflozin safe in Chronic Kidney Disease with renal impairment,Safety / Contraindication,Safety / Contraindication,Comparative Treatment Choice,Dosing / Administration,,three_way_disagreement,Safety / Contraindication,Safety / Contraindication,1,low,"harm, suitability, contraindication, or pregnancy-safety wording overrides dose when safety is explicit Three-signal status: three_way_disagreement (rule=Safety / Contraindication; prototype=Comparative Treatment Choice; cluster=Dosing / Administration).",True,False,False,True,single model-assisted schema review; not time-separated and not inter-annotator agreement
Q055,Methimazole side effect pada pasien Hyperthyroidism apa saja,Safety / Contraindication,Safety / Contraindication,Comparative Treatment Choice,Comparative Treatment Choice,Comparative Treatment Choice,prototype_cluster_against_rule,Safety / Contraindication,Safety / Contraindication,1,low,"harm, suitability, contraindication, or pregnancy-safety wording overrides dose when safety is explicit Three-signal status: prototype_cluster_against_rule (rule=Safety / Contraindication; prototype=Comparative Treatment Choice; cluster=Comparative Treatment Choice).",True,False,False,True,single model-assisted schema review; not time-separated and not inter-annotator agreement
Q057,Dapagliflozin vs Dapagliflozin untuk pasien Chronic Kidney Disease mana lebih efektif,Comparative Treatment Choice,Comparative Treatment Choice,Comparative Treatment Choice,Comparative Treatment Choice,Comparative Treatment Choice,unanimous,Comparative Treatment Choice,Comparative Treatment Choice,1,high,explicit comparison overrides single-treatment efficacy Three-signal status: unanimous (rule=Comparative Treatment Choice; prototype=Comparative Treatment Choice; cluster=Comparative Treatment Choice).,True,True,True,True,single model-assisted schema review; not time-separated and not inter-annotator agreement
Q058,Thrombolytics role in Ischaemic Stroke pathophysiology,Mechanism / Background Knowledge,Mechanism / Background Knowledge,Mechanism / Background Knowledge,Mechanism / Background Knowledge,Mechanism / Background Knowledge,unanimous,Mechanism / Background Knowledge,Mechanism / Background Knowledge,1,high,mechanism or pathophysiology is explanatory rather than management-oriented Three-signal status: unanimous (rule=Mechanism / Background Knowledge; prototype=Mechanism / Background Knowledge; cluster=Mechanism / Background Knowledge).,True,True,True,True,single model-assisted schema review; not time-separated and not inter-annotator agreement
Q061,Epilepsy first line Antiepileptics other evidence based,Guideline / Evidence Lookup,Guideline / Evidence Lookup,Management / Treatment Selection,Mechanism / Background Knowledge,,three_way_disagreement,Guideline / Evidence Lookup,Guideline / Evidence Lookup; Management / Treatment Selection,2,low,"explicit evidence, guideline, recency, or year constraint overrides treatment choice Three-signal status: three_way_disagreement (rule=Guideline / Evidence Lookup; prototype=Management / Treatment Selection; cluster=Mechanism / Background Knowledge). Multiple cues were resolved with the frozen primary-information-need hierarchy.",True,False,False,True,single model-assisted schema review; not time-separated and not inter-annotator agreement
Q065,Semaglutide efficacy pada Type 2 Diabetes Mellitus clinical outcome data,Efficacy / Outcomes,Efficacy / Outcomes,Efficacy / Outcomes,Comparative Treatment Choice,Efficacy / Outcomes,two_signal_including_rule,Efficacy / Outcomes,Efficacy / Outcomes,1,medium,single-treatment efficacy or outcome evidence is the requested output Three-signal status: two_signal_including_rule (rule=Efficacy / Outcomes; prototype=Efficacy / Outcomes; cluster=Comparative Treatment Choice).,True,True,False,True,single model-assisted schema review; not time-separated and not inter-annotator agreement
Q067,kapan start Atorvastatin di Acute Coronary Syndrome evidence terbaru 2025,Guideline / Evidence Lookup,Guideline / Evidence Lookup,Management / Treatment Selection,Comparative Treatment Choice,,three_way_disagreement,Guideline / Evidence Lookup,Guideline / Evidence Lookup; Management / Treatment Selection,2,low,"explicit evidence, guideline, recency, or year constraint overrides treatment choice Three-signal status: three_way_disagreement (rule=Guideline / Evidence Lookup; prototype=Management / Treatment Selection; cluster=Comparative Treatment Choice). Multiple cues were resolved with the frozen primary-information-need hierarchy.",True,False,False,True,single model-assisted schema review; not time-separated and not inter-annotator agreement
Q068,Labetalol resistance in Hypertension in Pregnancy alternative therapy,Interaction / Combination,Treatment Change / Escalation,Comparative Treatment Choice,Comparative Treatment Choice,Comparative Treatment Choice,prototype_cluster_against_rule,Treatment Change / Escalation,Treatment Change / Escalation,1,low,"failure, resistance, progression, switch, or add-on framing overrides initial selection Three-signal status: prototype_cluster_against_rule (rule=Treatment Change / Escalation; prototype=Comparative Treatment Choice; cluster=Comparative Treatment Choice). Phase 2 suggestion 'Interaction / Combination' was not retained because the explicit request maps to 'Treatment Change / Escalation'.",True,False,False,False,single model-assisted schema review; not time-separated and not inter-annotator agreement
Q069,dosis titrasi Alendronate Osteoporosis toleransi pasien,Dosing / Administration,Dosing / Administration,Efficacy / Outcomes,Efficacy / Outcomes,Efficacy / Outcomes,prototype_cluster_against_rule,Dosing / Administration,Dosing / Administration,1,low,requested regimen or adjustment determines the primary information need Three-signal status: prototype_cluster_against_rule (rule=Dosing / Administration; prototype=Efficacy / Outcomes; cluster=Efficacy / Outcomes).,True,False,False,True,single model-assisted schema review; not time-separated and not inter-annotator agreement
Q071,Vancomycin vs Piperacillin-tazobactam in Sepsis patients,Comparative Treatment Choice,Comparative Treatment Choice,Comparative Treatment Choice,Comparative Treatment Choice,Comparative Treatment Choice,unanimous,Comparative Treatment Choice,Comparative Treatment Choice,1,high,explicit comparison overrides single-treatment efficacy Three-signal status: unanimous (rule=Comparative Treatment Choice; prototype=Comparative Treatment Choice; cluster=Comparative Treatment Choice).,True,True,True,True,single model-assisted schema review; not time-separated and not inter-annotator agreement
Q073,is Valproate safe in Epilepsy with hypertension,Safety / Contraindication,Safety / Contraindication,Comparative Treatment Choice,Dosing / Administration,,three_way_disagreement,Safety / Contraindication,Safety / Contraindication,1,low,"harm, suitability, contraindication, or pregnancy-safety wording overrides dose when safety is explicit Three-signal status: three_way_disagreement (rule=Safety / Contraindication; prototype=Comparative Treatment Choice; cluster=Dosing / Administration).",True,False,False,True,single model-assisted schema review; not time-separated and not inter-annotator agreement
Q080,Urinary Tract Infection dengan obesity pilihan drug terbaik,Management / Treatment Selection,Management / Treatment Selection,Comparative Treatment Choice,Safety / Contraindication,,three_way_disagreement,Management / Treatment Selection,Management / Treatment Selection,1,low,initial treatment choice overrides demographic safety context unless safety is asked Three-signal status: three_way_disagreement (rule=Management / Treatment Selection; prototype=Comparative Treatment Choice; cluster=Safety / Contraindication).,True,False,False,True,single model-assisted schema review; not time-separated and not inter-annotator agreement
Q081,Stable Angina dengan hypertension pilihan drug terbaik,Management / Treatment Selection,Management / Treatment Selection,Comparative Treatment Choice,Dosing / Administration,,three_way_disagreement,Management / Treatment Selection,Management / Treatment Selection,1,low,initial treatment choice overrides demographic safety context unless safety is asked Three-signal status: three_way_disagreement (rule=Management / Treatment Selection; prototype=Comparative Treatment Choice; cluster=Dosing / Administration).,True,False,False,True,single model-assisted schema review; not time-separated and not inter-annotator agreement
Q085,Methylphenidate vs Methylphenidate efficacy in Breast Cancer HER2-positive,Comparative Treatment Choice,Comparative Treatment Choice,Comparative Treatment Choice,Comparative Treatment Choice,Comparative Treatment Choice,unanimous,Comparative Treatment Choice,Comparative Treatment Choice; Efficacy / Outcomes,2,medium,explicit comparison overrides single-treatment efficacy Three-signal status: unanimous (rule=Comparative Treatment Choice; prototype=Comparative Treatment Choice; cluster=Comparative Treatment Choice). Multiple cues were resolved with the frozen primary-information-need hierarchy.,True,True,True,True,single model-assisted schema review; not time-separated and not inter-annotator agreement
Q087,Rheumatoid Arthritis dengan renal impairment pilihan drug terbaik,Management / Treatment Selection,Management / Treatment Selection,Comparative Treatment Choice,Dosing / Administration,,three_way_disagreement,Management / Treatment Selection,Management / Treatment Selection,1,low,initial treatment choice overrides demographic safety context unless safety is asked Three-signal status: three_way_disagreement (rule=Management / Treatment Selection; prototype=Comparative Treatment Choice; cluster=Dosing / Administration).,True,False,False,True,single model-assisted schema review; not time-separated and not inter-annotator agreement
Q089,biomarkers Community-acquired Pneumonia treatment response Rivaroxaban,Safety / Contraindication,Monitoring / Response / Risk Assessment,Efficacy / Outcomes,Comparative Treatment Choice,,three_way_disagreement,Monitoring / Response / Risk Assessment,Monitoring / Response / Risk Assessment,1,low,"monitoring action, response biomarker, or risk score is the requested output Three-signal status: three_way_disagreement (rule=Monitoring / Response / Risk Assessment; prototype=Efficacy / Outcomes; cluster=Comparative Treatment Choice). Phase 2 suggestion 'Safety / Contraindication' was not retained because the explicit request maps to 'Monitoring / Response / Risk Assessment'.",True,False,False,False,single model-assisted schema review; not time-separated and not inter-annotator agreement
Q093,penggantian Ezetimibe ke Amlodipine pada Acute Coronary Syndrome,Treatment Change / Escalation,Treatment Change / Escalation,Comparative Treatment Choice,Comparative Treatment Choice,Comparative Treatment Choice,prototype_cluster_against_rule,Treatment Change / Escalation,Treatment Change / Escalation,1,low,"failure, resistance, progression, switch, or add-on framing overrides initial selection Three-signal status: prototype_cluster_against_rule (rule=Treatment Change / Escalation; prototype=Comparative Treatment Choice; cluster=Comparative Treatment Choice).",True,False,False,True,single model-assisted schema review; not time-separated and not inter-annotator agreement
Q094,kapan start Azithromycin di Asthma evidence terbaru 2022,Guideline / Evidence Lookup,Guideline / Evidence Lookup,Management / Treatment Selection,Comparative Treatment Choice,,three_way_disagreement,Guideline / Evidence Lookup,Guideline / Evidence Lookup; Management / Treatment Selection,2,low,"explicit evidence, guideline, recency, or year constraint overrides treatment choice Three-signal status: three_way_disagreement (rule=Guideline / Evidence Lookup; prototype=Management / Treatment Selection; cluster=Comparative Treatment Choice). Multiple cues were resolved with the frozen primary-information-need hierarchy.",True,False,False,True,single model-assisted schema review; not time-separated and not inter-annotator agreement
Q095,monitoring parameters Empagliflozin in Atrial Fibrillation,Monitoring / Response / Risk Assessment,Monitoring / Response / Risk Assessment,Prophylaxis / Maintenance,Mechanism / Background Knowledge,,three_way_disagreement,Monitoring / Response / Risk Assessment,Monitoring / Response / Risk Assessment,1,low,"monitoring action, response biomarker, or risk score is the requested output Three-signal status: three_way_disagreement (rule=Monitoring / Response / Risk Assessment; prototype=Prophylaxis / Maintenance; cluster=Mechanism / Background Knowledge).",True,False,False,True,single model-assisted schema review; not time-separated and not inter-annotator agreement
Q098,ARBs terbaru untuk Hypertension 2022,Guideline / Evidence Lookup,Guideline / Evidence Lookup,Comparative Treatment Choice,Mechanism / Background Knowledge,,three_way_disagreement,Guideline / Evidence Lookup,Guideline / Evidence Lookup,1,low,"explicit evidence, guideline, recency, or year constraint overrides treatment choice Three-signal status: three_way_disagreement (rule=Guideline / Evidence Lookup; prototype=Comparative Treatment Choice; cluster=Mechanism / Background Knowledge).",True,False,False,True,single model-assisted schema review; not time-separated and not inter-annotator agreement
Q103,biomarkers Ischaemic Stroke treatment response Alteplase,Safety / Contraindication,Monitoring / Response / Risk Assessment,Efficacy / Outcomes,Comparative Treatment Choice,,three_way_disagreement,Monitoring / Response / Risk Assessment,Monitoring / Response / Risk Assessment,1,low,"monitoring action, response biomarker, or risk score is the requested output Three-signal status: three_way_disagreement (rule=Monitoring / Response / Risk Assessment; prototype=Efficacy / Outcomes; cluster=Comparative Treatment Choice). Phase 2 suggestion 'Safety / Contraindication' was not retained because the explicit request maps to 'Monitoring / Response / Risk Assessment'.",True,False,False,False,single model-assisted schema review; not time-separated and not inter-annotator agreement
Q105,tatalaksana Breast Cancer HER2-positive panduan terbaru 2025,Guideline / Evidence Lookup,Guideline / Evidence Lookup,Efficacy / Outcomes,Comparative Treatment Choice,,three_way_disagreement,Guideline / Evidence Lookup,Guideline / Evidence Lookup; Management / Treatment Selection,2,low,"explicit evidence, guideline, recency, or year constraint overrides treatment choice Three-signal status: three_way_disagreement (rule=Guideline / Evidence Lookup; prototype=Efficacy / Outcomes; cluster=Comparative Treatment Choice). Multiple cues were resolved with the frozen primary-information-need hierarchy.",True,False,False,True,single model-assisted schema review; not time-separated and not inter-annotator agreement
Q106,titration protocol Metoprolol in Heart Failure,Dosing / Administration,Dosing / Administration,Efficacy / Outcomes,Efficacy / Outcomes,Efficacy / Outcomes,prototype_cluster_against_rule,Dosing / Administration,Dosing / Administration,1,low,requested regimen or adjustment determines the primary information need Three-signal status: prototype_cluster_against_rule (rule=Dosing / Administration; prototype=Efficacy / Outcomes; cluster=Efficacy / Outcomes).,True,False,False,True,single model-assisted schema review; not time-separated and not inter-annotator agreement
Q108,Antituberculotics adverse effects monitoring in Tuberculosis,Monitoring / Response / Risk Assessment,Safety / Contraindication,Monitoring / Response / Risk Assessment,Mechanism / Background Knowledge,,three_way_disagreement,Safety / Contraindication,Safety / Contraindication; Monitoring / Response / Risk Assessment,2,low,"harm, suitability, contraindication, or pregnancy-safety wording overrides dose when safety is explicit Three-signal status: three_way_disagreement (rule=Safety / Contraindication; prototype=Monitoring / Response / Risk Assessment; cluster=Mechanism / Background Knowledge). Phase 2 suggestion 'Monitoring / Response / Risk Assessment' was not retained because the explicit request maps to 'Safety / Contraindication'. Multiple cues were resolved with the frozen primary-information-need hierarchy.",True,False,False,False,single model-assisted schema review; not time-separated and not inter-annotator agreement
Q109,kapan start Levetiracetam di Epilepsy evidence terbaru terbaru,Guideline / Evidence Lookup,Guideline / Evidence Lookup,Management / Treatment Selection,Comparative Treatment Choice,,three_way_disagreement,Guideline / Evidence Lookup,Guideline / Evidence Lookup; Management / Treatment Selection,2,low,"explicit evidence, guideline, recency, or year constraint overrides treatment choice Three-signal status: three_way_disagreement (rule=Guideline / Evidence Lookup; prototype=Management / Treatment Selection; cluster=Comparative Treatment Choice). Multiple cues were resolved with the frozen primary-information-need hierarchy.",True,False,False,True,single model-assisted schema review; not time-separated and not inter-annotator agreement
Q111,Erythropoietin contraindication in Iron Deficiency Anaemia with anaemia,Dosing / Administration,Safety / Contraindication,Comparative Treatment Choice,Safety / Contraindication,Safety / Contraindication,two_signal_including_rule,Safety / Contraindication,Safety / Contraindication,1,medium,"harm, suitability, contraindication, or pregnancy-safety wording overrides dose when safety is explicit Three-signal status: two_signal_including_rule (rule=Safety / Contraindication; prototype=Comparative Treatment Choice; cluster=Safety / Contraindication). Phase 2 suggestion 'Dosing / Administration' was not retained because the explicit request maps to 'Safety / Contraindication'.",True,False,True,False,single model-assisted schema review; not time-separated and not inter-annotator agreement
Q116,Osteoporosis dengan elderly patients pilihan drug terbaik,Management / Treatment Selection,Management / Treatment Selection,Comparative Treatment Choice,Efficacy / Outcomes,,three_way_disagreement,Management / Treatment Selection,Management / Treatment Selection,1,low,initial treatment choice overrides demographic safety context unless safety is asked Three-signal status: three_way_disagreement (rule=Management / Treatment Selection; prototype=Comparative Treatment Choice; cluster=Efficacy / Outcomes).,True,False,False,True,single model-assisted schema review; not time-separated and not inter-annotator agreement
Q119,Gout first line TNF inhibitors evidence based,Guideline / Evidence Lookup,Guideline / Evidence Lookup,Management / Treatment Selection,Mechanism / Background Knowledge,,three_way_disagreement,Guideline / Evidence Lookup,Guideline / Evidence Lookup; Management / Treatment Selection,2,low,"explicit evidence, guideline, recency, or year constraint overrides treatment choice Three-signal status: three_way_disagreement (rule=Guideline / Evidence Lookup; prototype=Management / Treatment Selection; cluster=Mechanism / Background Knowledge). Multiple cues were resolved with the frozen primary-information-need hierarchy.",True,False,False,True,single model-assisted schema review; not time-separated and not inter-annotator agreement
Q128,kapan start Alendronate di Osteoporosis evidence terbaru 2022,Guideline / Evidence Lookup,Guideline / Evidence Lookup,Management / Treatment Selection,Comparative Treatment Choice,,three_way_disagreement,Guideline / Evidence Lookup,Guideline / Evidence Lookup; Management / Treatment Selection,2,low,"explicit evidence, guideline, recency, or year constraint overrides treatment choice Three-signal status: three_way_disagreement (rule=Guideline / Evidence Lookup; prototype=Management / Treatment Selection; cluster=Comparative Treatment Choice). Multiple cues were resolved with the frozen primary-information-need hierarchy.",True,False,False,True,single model-assisted schema review; not time-separated and not inter-annotator agreement
Q132,Methotrexate dosing in Systemic Lupus Erythematosus with heart failure,Treatment Change / Escalation,Dosing / Administration,Dosing / Administration,Safety / Contraindication,Dosing / Administration,two_signal_including_rule,Dosing / Administration,Dosing / Administration,1,medium,requested regimen or adjustment determines the primary information need Three-signal status: two_signal_including_rule (rule=Dosing / Administration; prototype=Dosing / Administration; cluster=Safety / Contraindication). Phase 2 suggestion 'Treatment Change / Escalation' was not retained because the explicit request maps to 'Dosing / Administration'.,True,True,False,False,single model-assisted schema review; not time-separated and not inter-annotator agreement
Q133,Omeprazole contraindication in Peptic Ulcer Disease with hypertension,Dosing / Administration,Safety / Contraindication,Comparative Treatment Choice,Dosing / Administration,,three_way_disagreement,Safety / Contraindication,Safety / Contraindication,1,low,"harm, suitability, contraindication, or pregnancy-safety wording overrides dose when safety is explicit Three-signal status: three_way_disagreement (rule=Safety / Contraindication; prototype=Comparative Treatment Choice; cluster=Dosing / Administration). Phase 2 suggestion 'Dosing / Administration' was not retained because the explicit request maps to 'Safety / Contraindication'.",True,False,False,False,single model-assisted schema review; not time-separated and not inter-annotator agreement
Q134,Non-Small Cell Lung Cancer prophylaxis Pembrolizumab indication,Prophylaxis / Maintenance,Prophylaxis / Maintenance,Prophylaxis / Maintenance,Comparative Treatment Choice,Prophylaxis / Maintenance,two_signal_including_rule,Prophylaxis / Maintenance,Prophylaxis / Maintenance; Management / Treatment Selection,2,medium,prevention or maintenance framing overrides generic indication Three-signal status: two_signal_including_rule (rule=Prophylaxis / Maintenance; prototype=Prophylaxis / Maintenance; cluster=Comparative Treatment Choice). Multiple cues were resolved with the frozen primary-information-need hierarchy.,True,True,False,True,single model-assisted schema review; not time-separated and not inter-annotator agreement
Q136,add on therapy Hypertension in Pregnancy after Methyldopa failure,Treatment Change / Escalation,Treatment Change / Escalation,Efficacy / Outcomes,Comparative Treatment Choice,,three_way_disagreement,Treatment Change / Escalation,Treatment Change / Escalation,1,low,"failure, resistance, progression, switch, or add-on framing overrides initial selection Three-signal status: three_way_disagreement (rule=Treatment Change / Escalation; prototype=Efficacy / Outcomes; cluster=Comparative Treatment Choice).",True,False,False,True,single model-assisted schema review; not time-separated and not inter-annotator agreement
Q142,Vitamin A kontraindikasi pada Stunting / Malnutrition dengan COPD,Safety / Contraindication,Safety / Contraindication,Guideline / Evidence Lookup,Safety / Contraindication,Safety / Contraindication,two_signal_including_rule,Safety / Contraindication,Safety / Contraindication,1,medium,"harm, suitability, contraindication, or pregnancy-safety wording overrides dose when safety is explicit Three-signal status: two_signal_including_rule (rule=Safety / Contraindication; prototype=Guideline / Evidence Lookup; cluster=Safety / Contraindication).",True,False,True,True,single model-assisted schema review; not time-separated and not inter-annotator agreement
Q145,titration protocol Rivaroxaban in Community-acquired Pneumonia,Dosing / Administration,Dosing / Administration,Efficacy / Outcomes,Efficacy / Outcomes,Efficacy / Outcomes,prototype_cluster_against_rule,Dosing / Administration,Dosing / Administration,1,low,requested regimen or adjustment determines the primary information need Three-signal status: prototype_cluster_against_rule (rule=Dosing / Administration; prototype=Efficacy / Outcomes; cluster=Efficacy / Outcomes).,True,False,False,True,single model-assisted schema review; not time-separated and not inter-annotator agreement
Q147,Chronic Kidney Disease first line ARBs evidence based,Guideline / Evidence Lookup,Guideline / Evidence Lookup,Management / Treatment Selection,Mechanism / Background Knowledge,,three_way_disagreement,Guideline / Evidence Lookup,Guideline / Evidence Lookup; Management / Treatment Selection,2,low,"explicit evidence, guideline, recency, or year constraint overrides treatment choice Three-signal status: three_way_disagreement (rule=Guideline / Evidence Lookup; prototype=Management / Treatment Selection; cluster=Mechanism / Background Knowledge). Multiple cues were resolved with the frozen primary-information-need hierarchy.",True,False,False,True,single model-assisted schema review; not time-separated and not inter-annotator agreement
Q151,latest guideline Preeclampsia management 2024,Guideline / Evidence Lookup,Guideline / Evidence Lookup,Management / Treatment Selection,Comparative Treatment Choice,,three_way_disagreement,Guideline / Evidence Lookup,Guideline / Evidence Lookup,1,low,"explicit evidence, guideline, recency, or year constraint overrides treatment choice Three-signal status: three_way_disagreement (rule=Guideline / Evidence Lookup; prototype=Management / Treatment Selection; cluster=Comparative Treatment Choice).",True,False,False,True,single model-assisted schema review; not time-separated and not inter-annotator agreement
Q155,kombinasi Artemether-lumefantrine dan Artemether-lumefantrine pada Typhoid Fever aman atau tidak,Interaction / Combination,Interaction / Combination,Comparative Treatment Choice,Comparative Treatment Choice,Comparative Treatment Choice,prototype_cluster_against_rule,Interaction / Combination,Interaction / Combination; Safety / Contraindication,2,low,co-administration or interaction overrides general safety Three-signal status: prototype_cluster_against_rule (rule=Interaction / Combination; prototype=Comparative Treatment Choice; cluster=Comparative Treatment Choice). Multiple cues were resolved with the frozen primary-information-need hierarchy.,True,False,False,True,single model-assisted schema review; not time-separated and not inter-annotator agreement
Q156,indikasi Tenofovir+Lamivudine pada Urinary Tract Infection guideline terbaru,Guideline / Evidence Lookup,Guideline / Evidence Lookup,Management / Treatment Selection,Comparative Treatment Choice,,three_way_disagreement,Guideline / Evidence Lookup,Guideline / Evidence Lookup; Management / Treatment Selection,2,low,"explicit evidence, guideline, recency, or year constraint overrides treatment choice Three-signal status: three_way_disagreement (rule=Guideline / Evidence Lookup; prototype=Management / Treatment Selection; cluster=Comparative Treatment Choice). Multiple cues were resolved with the frozen primary-information-need hierarchy.",True,False,False,True,single model-assisted schema review; not time-separated and not inter-annotator agreement
Q159,titration protocol Cyclosporine in Psoriasis,Dosing / Administration,Dosing / Administration,Efficacy / Outcomes,Efficacy / Outcomes,Efficacy / Outcomes,prototype_cluster_against_rule,Dosing / Administration,Dosing / Administration,1,low,requested regimen or adjustment determines the primary information need Three-signal status: prototype_cluster_against_rule (rule=Dosing / Administration; prototype=Efficacy / Outcomes; cluster=Efficacy / Outcomes).,True,False,False,True,single model-assisted schema review; not time-separated and not inter-annotator agreement
Q164,Systemic Lupus Erythematosus first line TNF inhibitors evidence based,Guideline / Evidence Lookup,Guideline / Evidence Lookup,Management / Treatment Selection,Mechanism / Background Knowledge,,three_way_disagreement,Guideline / Evidence Lookup,Guideline / Evidence Lookup; Management / Treatment Selection,2,low,"explicit evidence, guideline, recency, or year constraint overrides treatment choice Three-signal status: three_way_disagreement (rule=Guideline / Evidence Lookup; prototype=Management / Treatment Selection; cluster=Mechanism / Background Knowledge). Multiple cues were resolved with the frozen primary-information-need hierarchy.",True,False,False,True,single model-assisted schema review; not time-separated and not inter-annotator agreement
Q167,penggantian Omeprazole ke Lansoprazole pada Peptic Ulcer Disease,Treatment Change / Escalation,Treatment Change / Escalation,Comparative Treatment Choice,Comparative Treatment Choice,Comparative Treatment Choice,prototype_cluster_against_rule,Treatment Change / Escalation,Treatment Change / Escalation,1,low,"failure, resistance, progression, switch, or add-on framing overrides initial selection Three-signal status: prototype_cluster_against_rule (rule=Treatment Change / Escalation; prototype=Comparative Treatment Choice; cluster=Comparative Treatment Choice).",True,False,False,True,single model-assisted schema review; not time-separated and not inter-annotator agreement
Q171,Hyperthyroidism prophylaxis Methimazole indication,Prophylaxis / Maintenance,Prophylaxis / Maintenance,Prophylaxis / Maintenance,Comparative Treatment Choice,Prophylaxis / Maintenance,two_signal_including_rule,Prophylaxis / Maintenance,Prophylaxis / Maintenance; Management / Treatment Selection,2,medium,prevention or maintenance framing overrides generic indication Three-signal status: two_signal_including_rule (rule=Prophylaxis / Maintenance; prototype=Prophylaxis / Maintenance; cluster=Comparative Treatment Choice). Multiple cues were resolved with the frozen primary-information-need hierarchy.,True,True,False,True,single model-assisted schema review; not time-separated and not inter-annotator agreement
Q173,Stunting / Malnutrition first line Zinc supplements evidence based,Guideline / Evidence Lookup,Guideline / Evidence Lookup,Management / Treatment Selection,Mechanism / Background Knowledge,,three_way_disagreement,Guideline / Evidence Lookup,Guideline / Evidence Lookup; Management / Treatment Selection,2,low,"explicit evidence, guideline, recency, or year constraint overrides treatment choice Three-signal status: three_way_disagreement (rule=Guideline / Evidence Lookup; prototype=Management / Treatment Selection; cluster=Mechanism / Background Knowledge). Multiple cues were resolved with the frozen primary-information-need hierarchy.",True,False,False,True,single model-assisted schema review; not time-separated and not inter-annotator agreement
Q180,tatalaksana Type 1 Diabetes Mellitus panduan terbaru 2023,Guideline / Evidence Lookup,Guideline / Evidence Lookup,Efficacy / Outcomes,Comparative Treatment Choice,,three_way_disagreement,Guideline / Evidence Lookup,Guideline / Evidence Lookup; Management / Treatment Selection,2,low,"explicit evidence, guideline, recency, or year constraint overrides treatment choice Three-signal status: three_way_disagreement (rule=Guideline / Evidence Lookup; prototype=Efficacy / Outcomes; cluster=Comparative Treatment Choice). Multiple cues were resolved with the frozen primary-information-need hierarchy.",True,False,False,True,single model-assisted schema review; not time-separated and not inter-annotator agreement
Q184,Proton pump inhibitors mechanism of action in Peptic Ulcer Disease,Mechanism / Background Knowledge,Mechanism / Background Knowledge,Mechanism / Background Knowledge,Mechanism / Background Knowledge,Mechanism / Background Knowledge,unanimous,Mechanism / Background Knowledge,Mechanism / Background Knowledge,1,high,mechanism or pathophysiology is explanatory rather than management-oriented Three-signal status: unanimous (rule=Mechanism / Background Knowledge; prototype=Mechanism / Background Knowledge; cluster=Mechanism / Background Knowledge).,True,True,True,True,single model-assisted schema review; not time-separated and not inter-annotator agreement
Q188,interaksi obat Zinc dan Vitamin A pada Stunting / Malnutrition,Interaction / Combination,Interaction / Combination,Comparative Treatment Choice,Comparative Treatment Choice,Comparative Treatment Choice,prototype_cluster_against_rule,Interaction / Combination,Interaction / Combination,1,low,co-administration or interaction overrides general safety Three-signal status: prototype_cluster_against_rule (rule=Interaction / Combination; prototype=Comparative Treatment Choice; cluster=Comparative Treatment Choice).,True,False,False,True,single model-assisted schema review; not time-separated and not inter-annotator agreement
Q190,Macrolides mechanism of action in Asthma,Mechanism / Background Knowledge,Mechanism / Background Knowledge,Mechanism / Background Knowledge,Mechanism / Background Knowledge,Mechanism / Background Knowledge,unanimous,Mechanism / Background Knowledge,Mechanism / Background Knowledge,1,high,mechanism or pathophysiology is explanatory rather than management-oriented Three-signal status: unanimous (rule=Mechanism / Background Knowledge; prototype=Mechanism / Background Knowledge; cluster=Mechanism / Background Knowledge).,True,True,True,True,single model-assisted schema review; not time-separated and not inter-annotator agreement
Q194,Chronic Kidney Disease prophylaxis Losartan indication,Prophylaxis / Maintenance,Prophylaxis / Maintenance,Prophylaxis / Maintenance,Comparative Treatment Choice,Prophylaxis / Maintenance,two_signal_including_rule,Prophylaxis / Maintenance,Prophylaxis / Maintenance; Management / Treatment Selection,2,medium,prevention or maintenance framing overrides generic indication Three-signal status: two_signal_including_rule (rule=Prophylaxis / Maintenance; prototype=Prophylaxis / Maintenance; cluster=Comparative Treatment Choice). Multiple cues were resolved with the frozen primary-information-need hierarchy.,True,True,False,True,single model-assisted schema review; not time-separated and not inter-annotator agreement
Q195,add on therapy Asthma after Amoxicillin failure,Treatment Change / Escalation,Treatment Change / Escalation,Efficacy / Outcomes,Comparative Treatment Choice,,three_way_disagreement,Treatment Change / Escalation,Treatment Change / Escalation,1,low,"failure, resistance, progression, switch, or add-on framing overrides initial selection Three-signal status: three_way_disagreement (rule=Treatment Change / Escalation; prototype=Efficacy / Outcomes; cluster=Comparative Treatment Choice).",True,False,False,True,single model-assisted schema review; not time-separated and not inter-annotator agreement
Q196,Gout risk stratification approach,Monitoring / Response / Risk Assessment,Monitoring / Response / Risk Assessment,Monitoring / Response / Risk Assessment,Monitoring / Response / Risk Assessment,Monitoring / Response / Risk Assessment,unanimous,Monitoring / Response / Risk Assessment,Monitoring / Response / Risk Assessment,1,high,"monitoring action, response biomarker, or risk score is the requested output Three-signal status: unanimous (rule=Monitoring / Response / Risk Assessment; prototype=Monitoring / Response / Risk Assessment; cluster=Monitoring / Response / Risk Assessment).",True,True,True,True,single model-assisted schema review; not time-separated and not inter-annotator agreement
Q197,monitoring terapi Bedaquiline pada MDR Tuberculosis,Monitoring / Response / Risk Assessment,Monitoring / Response / Risk Assessment,Management / Treatment Selection,Mechanism / Background Knowledge,,three_way_disagreement,Monitoring / Response / Risk Assessment,Monitoring / Response / Risk Assessment,1,low,"monitoring action, response biomarker, or risk score is the requested output Three-signal status: three_way_disagreement (rule=Monitoring / Response / Risk Assessment; prototype=Management / Treatment Selection; cluster=Mechanism / Background Knowledge).",True,False,False,True,single model-assisted schema review; not time-separated and not inter-annotator agreement
Q201,interaksi obat Semaglutide dan Liraglutide pada Obesity,Interaction / Combination,Interaction / Combination,Comparative Treatment Choice,Comparative Treatment Choice,Comparative Treatment Choice,prototype_cluster_against_rule,Interaction / Combination,Interaction / Combination,1,low,co-administration or interaction overrides general safety Three-signal status: prototype_cluster_against_rule (rule=Interaction / Combination; prototype=Comparative Treatment Choice; cluster=Comparative Treatment Choice).,True,False,False,True,single model-assisted schema review; not time-separated and not inter-annotator agreement
Q204,Iron preparations mechanism untuk Iron Deficiency Anaemia bagaimana cara kerjanya,Mechanism / Background Knowledge,Mechanism / Background Knowledge,Mechanism / Background Knowledge,Mechanism / Background Knowledge,Mechanism / Background Knowledge,unanimous,Mechanism / Background Knowledge,Mechanism / Background Knowledge,1,high,mechanism or pathophysiology is explanatory rather than management-oriented Three-signal status: unanimous (rule=Mechanism / Background Knowledge; prototype=Mechanism / Background Knowledge; cluster=Mechanism / Background Knowledge).,True,True,True,True,single model-assisted schema review; not time-separated and not inter-annotator agreement
Q206,Ischaemic Stroke pada anak dosis Aspirin,Dosing / Administration,Dosing / Administration,Dosing / Administration,Dosing / Administration,Dosing / Administration,unanimous,Dosing / Administration,Dosing / Administration,1,high,requested regimen or adjustment determines the primary information need Three-signal status: unanimous (rule=Dosing / Administration; prototype=Dosing / Administration; cluster=Dosing / Administration).,True,True,True,True,single model-assisted schema review; not time-separated and not inter-annotator agreement
Q217,algoritma terapi Heart Failure step up,Management / Treatment Selection,Management / Treatment Selection,Management / Treatment Selection,Management / Treatment Selection,Management / Treatment Selection,unanimous,Management / Treatment Selection,Management / Treatment Selection,1,high,initial treatment choice overrides demographic safety context unless safety is asked Three-signal status: unanimous (rule=Management / Treatment Selection; prototype=Management / Treatment Selection; cluster=Management / Treatment Selection).,True,True,True,True,single model-assisted schema review; not time-separated and not inter-annotator agreement
Q223,Rivaroxaban efficacy pada Community-acquired Pneumonia clinical outcome data,Efficacy / Outcomes,Efficacy / Outcomes,Efficacy / Outcomes,Comparative Treatment Choice,Efficacy / Outcomes,two_signal_including_rule,Efficacy / Outcomes,Efficacy / Outcomes,1,medium,single-treatment efficacy or outcome evidence is the requested output Three-signal status: two_signal_including_rule (rule=Efficacy / Outcomes; prototype=Efficacy / Outcomes; cluster=Comparative Treatment Choice).,True,True,False,True,single model-assisted schema review; not time-separated and not inter-annotator agreement
Q225,Psoriasis dengan elderly patients pilihan drug terbaik,Management / Treatment Selection,Management / Treatment Selection,Comparative Treatment Choice,Efficacy / Outcomes,,three_way_disagreement,Management / Treatment Selection,Management / Treatment Selection,1,low,initial treatment choice overrides demographic safety context unless safety is asked Three-signal status: three_way_disagreement (rule=Management / Treatment Selection; prototype=Comparative Treatment Choice; cluster=Efficacy / Outcomes).,True,False,False,True,single model-assisted schema review; not time-separated and not inter-annotator agreement
Q227,Spironolactone contraindication in Heart Failure with hypertension,Dosing / Administration,Safety / Contraindication,Comparative Treatment Choice,Dosing / Administration,,three_way_disagreement,Safety / Contraindication,Safety / Contraindication,1,low,"harm, suitability, contraindication, or pregnancy-safety wording overrides dose when safety is explicit Three-signal status: three_way_disagreement (rule=Safety / Contraindication; prototype=Comparative Treatment Choice; cluster=Dosing / Administration). Phase 2 suggestion 'Dosing / Administration' was not retained because the explicit request maps to 'Safety / Contraindication'.",True,False,False,False,single model-assisted schema review; not time-separated and not inter-annotator agreement
Q231,kombinasi Piperacillin-tazobactam dan Norepinephrine pada Sepsis aman atau tidak,Interaction / Combination,Interaction / Combination,Comparative Treatment Choice,Comparative Treatment Choice,Comparative Treatment Choice,prototype_cluster_against_rule,Interaction / Combination,Interaction / Combination; Safety / Contraindication,2,low,co-administration or interaction overrides general safety Three-signal status: prototype_cluster_against_rule (rule=Interaction / Combination; prototype=Comparative Treatment Choice; cluster=Comparative Treatment Choice). Multiple cues were resolved with the frozen primary-information-need hierarchy.,True,False,False,True,single model-assisted schema review; not time-separated and not inter-annotator agreement
Q232,Prednisolone side effect pada pasien Rheumatoid Arthritis apa saja,Safety / Contraindication,Safety / Contraindication,Comparative Treatment Choice,Comparative Treatment Choice,Comparative Treatment Choice,prototype_cluster_against_rule,Safety / Contraindication,Safety / Contraindication,1,low,"harm, suitability, contraindication, or pregnancy-safety wording overrides dose when safety is explicit Three-signal status: prototype_cluster_against_rule (rule=Safety / Contraindication; prototype=Comparative Treatment Choice; cluster=Comparative Treatment Choice).",True,False,False,True,single model-assisted schema review; not time-separated and not inter-annotator agreement
Q234,PD-1 inhibitors mechanism untuk Non-Small Cell Lung Cancer bagaimana cara kerjanya,Mechanism / Background Knowledge,Mechanism / Background Knowledge,Mechanism / Background Knowledge,Mechanism / Background Knowledge,Mechanism / Background Knowledge,unanimous,Mechanism / Background Knowledge,Mechanism / Background Knowledge,1,high,mechanism or pathophysiology is explanatory rather than management-oriented Three-signal status: unanimous (rule=Mechanism / Background Knowledge; prototype=Mechanism / Background Knowledge; cluster=Mechanism / Background Knowledge).,True,True,True,True,single model-assisted schema review; not time-separated and not inter-annotator agreement
Q235,Artemether-lumefantrine vs Artemether-lumefantrine untuk Typhoid Fever,Comparative Treatment Choice,Comparative Treatment Choice,Comparative Treatment Choice,Comparative Treatment Choice,Comparative Treatment Choice,unanimous,Comparative Treatment Choice,Comparative Treatment Choice,1,high,explicit comparison overrides single-treatment efficacy Three-signal status: unanimous (rule=Comparative Treatment Choice; prototype=Comparative Treatment Choice; cluster=Comparative Treatment Choice).,True,True,True,True,single model-assisted schema review; not time-separated and not inter-annotator agreement
Q236,biomarkers Chronic Myeloid Leukaemia treatment response Imatinib,Safety / Contraindication,Monitoring / Response / Risk Assessment,Efficacy / Outcomes,Comparative Treatment Choice,,three_way_disagreement,Monitoring / Response / Risk Assessment,Monitoring / Response / Risk Assessment,1,low,"monitoring action, response biomarker, or risk score is the requested output Three-signal status: three_way_disagreement (rule=Monitoring / Response / Risk Assessment; prototype=Efficacy / Outcomes; cluster=Comparative Treatment Choice). Phase 2 suggestion 'Safety / Contraindication' was not retained because the explicit request maps to 'Monitoring / Response / Risk Assessment'.",True,False,False,False,single model-assisted schema review; not time-separated and not inter-annotator agreement
Q240,Antituberculotics terbaru untuk Tuberculosis 2024,Guideline / Evidence Lookup,Guideline / Evidence Lookup,Management / Treatment Selection,Mechanism / Background Knowledge,,three_way_disagreement,Guideline / Evidence Lookup,Guideline / Evidence Lookup,1,low,"explicit evidence, guideline, recency, or year constraint overrides treatment choice Three-signal status: three_way_disagreement (rule=Guideline / Evidence Lookup; prototype=Management / Treatment Selection; cluster=Mechanism / Background Knowledge).",True,False,False,True,single model-assisted schema review; not time-separated and not inter-annotator agreement
Q242,penanganan Type 2 Diabetes Mellitus di ICU panduan 2023,Guideline / Evidence Lookup,Guideline / Evidence Lookup,Efficacy / Outcomes,Comparative Treatment Choice,,three_way_disagreement,Guideline / Evidence Lookup,Guideline / Evidence Lookup; Management / Treatment Selection,2,low,"explicit evidence, guideline, recency, or year constraint overrides treatment choice Three-signal status: three_way_disagreement (rule=Guideline / Evidence Lookup; prototype=Efficacy / Outcomes; cluster=Comparative Treatment Choice). Multiple cues were resolved with the frozen primary-information-need hierarchy.",True,False,False,True,single model-assisted schema review; not time-separated and not inter-annotator agreement
Q243,Mycophenolate mofetil dosing in Rheumatoid Arthritis with diabetes,Dosing / Administration,Dosing / Administration,Comparative Treatment Choice,Safety / Contraindication,,three_way_disagreement,Dosing / Administration,Dosing / Administration,1,low,requested regimen or adjustment determines the primary information need Three-signal status: three_way_disagreement (rule=Dosing / Administration; prototype=Comparative Treatment Choice; cluster=Safety / Contraindication).,True,False,False,True,single model-assisted schema review; not time-separated and not inter-annotator agreement
Q244,Semaglutide vs Liraglutide untuk Obesity,Comparative Treatment Choice,Comparative Treatment Choice,Comparative Treatment Choice,Comparative Treatment Choice,Comparative Treatment Choice,unanimous,Comparative Treatment Choice,Comparative Treatment Choice,1,high,explicit comparison overrides single-treatment efficacy Three-signal status: unanimous (rule=Comparative Treatment Choice; prototype=Comparative Treatment Choice; cluster=Comparative Treatment Choice).,True,True,True,True,single model-assisted schema review; not time-separated and not inter-annotator agreement
Q248,Type 1 Diabetes Mellitus first line Basal insulins evidence based,Guideline / Evidence Lookup,Guideline / Evidence Lookup,Management / Treatment Selection,Mechanism / Background Knowledge,,three_way_disagreement,Guideline / Evidence Lookup,Guideline / Evidence Lookup; Management / Treatment Selection,2,low,"explicit evidence, guideline, recency, or year constraint overrides treatment choice Three-signal status: three_way_disagreement (rule=Guideline / Evidence Lookup; prototype=Management / Treatment Selection; cluster=Mechanism / Background Knowledge). Multiple cues were resolved with the frozen primary-information-need hierarchy.",True,False,False,True,single model-assisted schema review; not time-separated and not inter-annotator agreement
Q249,Sitagliptin pada pasien elderly Type 2 Diabetes Mellitus apa perlu adjustment,Dosing / Administration,Dosing / Administration,Efficacy / Outcomes,Efficacy / Outcomes,Efficacy / Outcomes,prototype_cluster_against_rule,Dosing / Administration,Dosing / Administration,1,low,requested regimen or adjustment determines the primary information need Three-signal status: prototype_cluster_against_rule (rule=Dosing / Administration; prototype=Efficacy / Outcomes; cluster=Efficacy / Outcomes).,True,False,False,True,single model-assisted schema review; not time-separated and not inter-annotator agreement
Q250,efek samping Vitamin K antagonists pada Atrial Fibrillation,Monitoring / Response / Risk Assessment,Safety / Contraindication,Comparative Treatment Choice,Comparative Treatment Choice,Comparative Treatment Choice,prototype_cluster_against_rule,Safety / Contraindication,Safety / Contraindication,1,low,"harm, suitability, contraindication, or pregnancy-safety wording overrides dose when safety is explicit Three-signal status: prototype_cluster_against_rule (rule=Safety / Contraindication; prototype=Comparative Treatment Choice; cluster=Comparative Treatment Choice). Phase 2 suggestion 'Monitoring / Response / Risk Assessment' was not retained because the explicit request maps to 'Safety / Contraindication'.",True,False,False,False,single model-assisted schema review; not time-separated and not inter-annotator agreement
Q253,Imatinib side effect pada pasien Chronic Myeloid Leukaemia apa saja,Safety / Contraindication,Safety / Contraindication,Comparative Treatment Choice,Comparative Treatment Choice,Comparative Treatment Choice,prototype_cluster_against_rule,Safety / Contraindication,Safety / Contraindication,1,low,"harm, suitability, contraindication, or pregnancy-safety wording overrides dose when safety is explicit Three-signal status: prototype_cluster_against_rule (rule=Safety / Contraindication; prototype=Comparative Treatment Choice; cluster=Comparative Treatment Choice).",True,False,False,True,single model-assisted schema review; not time-separated and not inter-annotator agreement
Q255,kontraindikasi Salmeterol pada Asthma dengan immunocompromised,Safety / Contraindication,Safety / Contraindication,Prophylaxis / Maintenance,Comparative Treatment Choice,,three_way_disagreement,Safety / Contraindication,Safety / Contraindication,1,low,"harm, suitability, contraindication, or pregnancy-safety wording overrides dose when safety is explicit Three-signal status: three_way_disagreement (rule=Safety / Contraindication; prototype=Prophylaxis / Maintenance; cluster=Comparative Treatment Choice).",True,False,False,True,single model-assisted schema review; not time-separated and not inter-annotator agreement
Q256,Antituberculotics role in MDR Tuberculosis pathophysiology,Mechanism / Background Knowledge,Mechanism / Background Knowledge,Mechanism / Background Knowledge,Mechanism / Background Knowledge,Mechanism / Background Knowledge,unanimous,Mechanism / Background Knowledge,Mechanism / Background Knowledge,1,high,mechanism or pathophysiology is explanatory rather than management-oriented Three-signal status: unanimous (rule=Mechanism / Background Knowledge; prototype=Mechanism / Background Knowledge; cluster=Mechanism / Background Knowledge).,True,True,True,True,single model-assisted schema review; not time-separated and not inter-annotator agreement
Q261,Penicillins role in HIV/AIDS pathophysiology,Mechanism / Background Knowledge,Mechanism / Background Knowledge,Mechanism / Background Knowledge,Mechanism / Background Knowledge,Mechanism / Background Knowledge,unanimous,Mechanism / Background Knowledge,Mechanism / Background Knowledge,1,high,mechanism or pathophysiology is explanatory rather than management-oriented Three-signal status: unanimous (rule=Mechanism / Background Knowledge; prototype=Mechanism / Background Knowledge; cluster=Mechanism / Background Knowledge).,True,True,True,True,single model-assisted schema review; not time-separated and not inter-annotator agreement
Q262,kombinasi Piperacillin-tazobactam dan Meropenem pada Sepsis aman atau tidak,Interaction / Combination,Interaction / Combination,Comparative Treatment Choice,Comparative Treatment Choice,Comparative Treatment Choice,prototype_cluster_against_rule,Interaction / Combination,Interaction / Combination; Safety / Contraindication,2,low,co-administration or interaction overrides general safety Three-signal status: prototype_cluster_against_rule (rule=Interaction / Combination; prototype=Comparative Treatment Choice; cluster=Comparative Treatment Choice). Multiple cues were resolved with the frozen primary-information-need hierarchy.,True,False,False,True,single model-assisted schema review; not time-separated and not inter-annotator agreement
Q263,titration protocol Levothyroxine in Hypothyroidism,Dosing / Administration,Dosing / Administration,Efficacy / Outcomes,Efficacy / Outcomes,Efficacy / Outcomes,prototype_cluster_against_rule,Dosing / Administration,Dosing / Administration,1,low,requested regimen or adjustment determines the primary information need Three-signal status: prototype_cluster_against_rule (rule=Dosing / Administration; prototype=Efficacy / Outcomes; cluster=Efficacy / Outcomes).,True,False,False,True,single model-assisted schema review; not time-separated and not inter-annotator agreement
Q266,monitoring terapi Artemether-lumefantrine pada Typhoid Fever,Monitoring / Response / Risk Assessment,Monitoring / Response / Risk Assessment,Management / Treatment Selection,Mechanism / Background Knowledge,,three_way_disagreement,Monitoring / Response / Risk Assessment,Monitoring / Response / Risk Assessment,1,low,"monitoring action, response biomarker, or risk score is the requested output Three-signal status: three_way_disagreement (rule=Monitoring / Response / Risk Assessment; prototype=Management / Treatment Selection; cluster=Mechanism / Background Knowledge).",True,False,False,True,single model-assisted schema review; not time-separated and not inter-annotator agreement
Q267,Adalimumab side effect pada pasien Gout apa saja,Safety / Contraindication,Safety / Contraindication,Comparative Treatment Choice,Comparative Treatment Choice,Comparative Treatment Choice,prototype_cluster_against_rule,Safety / Contraindication,Safety / Contraindication,1,low,"harm, suitability, contraindication, or pregnancy-safety wording overrides dose when safety is explicit Three-signal status: prototype_cluster_against_rule (rule=Safety / Contraindication; prototype=Comparative Treatment Choice; cluster=Comparative Treatment Choice).",True,False,False,True,single model-assisted schema review; not time-separated and not inter-annotator agreement
Q268,Beta blockers non-selective mechanism of action in Hypertension in Pregnancy,Mechanism / Background Knowledge,Mechanism / Background Knowledge,Mechanism / Background Knowledge,Mechanism / Background Knowledge,Mechanism / Background Knowledge,unanimous,Mechanism / Background Knowledge,Mechanism / Background Knowledge,1,high,mechanism or pathophysiology is explanatory rather than management-oriented Three-signal status: unanimous (rule=Mechanism / Background Knowledge; prototype=Mechanism / Background Knowledge; cluster=Mechanism / Background Knowledge).,True,True,True,True,single model-assisted schema review; not time-separated and not inter-annotator agreement
Q269,Sertraline efficacy pada Major Depressive Disorder clinical outcome data,Efficacy / Outcomes,Efficacy / Outcomes,Efficacy / Outcomes,Comparative Treatment Choice,Efficacy / Outcomes,two_signal_including_rule,Efficacy / Outcomes,Efficacy / Outcomes,1,medium,single-treatment efficacy or outcome evidence is the requested output Three-signal status: two_signal_including_rule (rule=Efficacy / Outcomes; prototype=Efficacy / Outcomes; cluster=Comparative Treatment Choice).,True,True,False,True,single model-assisted schema review; not time-separated and not inter-annotator agreement
Q284,Proton pump inhibitors adverse effects monitoring in Peptic Ulcer Disease,Monitoring / Response / Risk Assessment,Safety / Contraindication,Monitoring / Response / Risk Assessment,Mechanism / Background Knowledge,,three_way_disagreement,Safety / Contraindication,Safety / Contraindication; Monitoring / Response / Risk Assessment,2,low,"harm, suitability, contraindication, or pregnancy-safety wording overrides dose when safety is explicit Three-signal status: three_way_disagreement (rule=Safety / Contraindication; prototype=Monitoring / Response / Risk Assessment; cluster=Mechanism / Background Knowledge). Phase 2 suggestion 'Monitoring / Response / Risk Assessment' was not retained because the explicit request maps to 'Safety / Contraindication'. Multiple cues were resolved with the frozen primary-information-need hierarchy.",True,False,False,False,single model-assisted schema review; not time-separated and not inter-annotator agreement
Q288,apakah Trastuzumab aman untuk Non-Small Cell Lung Cancer dengan hypertension,Safety / Contraindication,Safety / Contraindication,Comparative Treatment Choice,Dosing / Administration,,three_way_disagreement,Safety / Contraindication,Safety / Contraindication,1,low,"harm, suitability, contraindication, or pregnancy-safety wording overrides dose when safety is explicit Three-signal status: three_way_disagreement (rule=Safety / Contraindication; prototype=Comparative Treatment Choice; cluster=Dosing / Administration).",True,False,False,True,single model-assisted schema review; not time-separated and not inter-annotator agreement
Q292,Amoxicillin vs Amoxicillin efficacy in HIV/AIDS,Comparative Treatment Choice,Comparative Treatment Choice,Comparative Treatment Choice,Comparative Treatment Choice,Comparative Treatment Choice,unanimous,Comparative Treatment Choice,Comparative Treatment Choice; Efficacy / Outcomes,2,medium,explicit comparison overrides single-treatment efficacy Three-signal status: unanimous (rule=Comparative Treatment Choice; prototype=Comparative Treatment Choice; cluster=Comparative Treatment Choice). Multiple cues were resolved with the frozen primary-information-need hierarchy.,True,True,True,True,single model-assisted schema review; not time-separated and not inter-annotator agreement
Q298,penggantian Apixaban ke Rivaroxaban pada Deep Vein Thrombosis,Treatment Change / Escalation,Treatment Change / Escalation,Comparative Treatment Choice,Comparative Treatment Choice,Comparative Treatment Choice,prototype_cluster_against_rule,Treatment Change / Escalation,Treatment Change / Escalation,1,low,"failure, resistance, progression, switch, or add-on framing overrides initial selection Three-signal status: prototype_cluster_against_rule (rule=Treatment Change / Escalation; prototype=Comparative Treatment Choice; cluster=Comparative Treatment Choice).",True,False,False,True,single model-assisted schema review; not time-separated and not inter-annotator agreement
Q301,monitoring parameters Topiramate in Epilepsy,Monitoring / Response / Risk Assessment,Monitoring / Response / Risk Assessment,Prophylaxis / Maintenance,Mechanism / Background Knowledge,,three_way_disagreement,Monitoring / Response / Risk Assessment,Monitoring / Response / Risk Assessment,1,low,"monitoring action, response biomarker, or risk score is the requested output Three-signal status: three_way_disagreement (rule=Monitoring / Response / Risk Assessment; prototype=Prophylaxis / Maintenance; cluster=Mechanism / Background Knowledge).",True,False,False,True,single model-assisted schema review; not time-separated and not inter-annotator agreement
Q304,target Major Depressive Disorder sudah tercapai kapan maintenance Venlafaxine,Prophylaxis / Maintenance,Prophylaxis / Maintenance,Prophylaxis / Maintenance,Comparative Treatment Choice,Prophylaxis / Maintenance,two_signal_including_rule,Prophylaxis / Maintenance,Prophylaxis / Maintenance,1,medium,prevention or maintenance framing overrides generic indication Three-signal status: two_signal_including_rule (rule=Prophylaxis / Maintenance; prototype=Prophylaxis / Maintenance; cluster=Comparative Treatment Choice).,True,True,False,True,single model-assisted schema review; not time-separated and not inter-annotator agreement
Q308,MDR Tuberculosis dengan CKD pilihan drug terbaik,Management / Treatment Selection,Management / Treatment Selection,Comparative Treatment Choice,Safety / Contraindication,,three_way_disagreement,Management / Treatment Selection,Management / Treatment Selection,1,low,initial treatment choice overrides demographic safety context unless safety is asked Three-signal status: three_way_disagreement (rule=Management / Treatment Selection; prototype=Comparative Treatment Choice; cluster=Safety / Contraindication).,True,False,False,True,single model-assisted schema review; not time-separated and not inter-annotator agreement
Q309,Bedaquiline long term outcomes MDR Tuberculosis,Efficacy / Outcomes,Efficacy / Outcomes,Efficacy / Outcomes,Comparative Treatment Choice,Efficacy / Outcomes,two_signal_including_rule,Efficacy / Outcomes,Efficacy / Outcomes,1,medium,single-treatment efficacy or outcome evidence is the requested output Three-signal status: two_signal_including_rule (rule=Efficacy / Outcomes; prototype=Efficacy / Outcomes; cluster=Comparative Treatment Choice).,True,True,False,True,single model-assisted schema review; not time-separated and not inter-annotator agreement
Q312,Tuberculosis prophylaxis Isoniazid indication,Prophylaxis / Maintenance,Prophylaxis / Maintenance,Prophylaxis / Maintenance,Comparative Treatment Choice,Prophylaxis / Maintenance,two_signal_including_rule,Prophylaxis / Maintenance,Prophylaxis / Maintenance; Management / Treatment Selection,2,medium,prevention or maintenance framing overrides generic indication Three-signal status: two_signal_including_rule (rule=Prophylaxis / Maintenance; prototype=Prophylaxis / Maintenance; cluster=Comparative Treatment Choice). Multiple cues were resolved with the frozen primary-information-need hierarchy.,True,True,False,True,single model-assisted schema review; not time-separated and not inter-annotator agreement
Q313,indikasi Losartan pada Chronic Kidney Disease guideline terbaru,Guideline / Evidence Lookup,Guideline / Evidence Lookup,Management / Treatment Selection,Comparative Treatment Choice,,three_way_disagreement,Guideline / Evidence Lookup,Guideline / Evidence Lookup; Management / Treatment Selection,2,low,"explicit evidence, guideline, recency, or year constraint overrides treatment choice Three-signal status: three_way_disagreement (rule=Guideline / Evidence Lookup; prototype=Management / Treatment Selection; cluster=Comparative Treatment Choice). Multiple cues were resolved with the frozen primary-information-need hierarchy.",True,False,False,True,single model-assisted schema review; not time-separated and not inter-annotator agreement
Q315,latest guideline Rheumatoid Arthritis management 2023,Guideline / Evidence Lookup,Guideline / Evidence Lookup,Management / Treatment Selection,Comparative Treatment Choice,,three_way_disagreement,Guideline / Evidence Lookup,Guideline / Evidence Lookup,1,low,"explicit evidence, guideline, recency, or year constraint overrides treatment choice Three-signal status: three_way_disagreement (rule=Guideline / Evidence Lookup; prototype=Management / Treatment Selection; cluster=Comparative Treatment Choice).",True,False,False,True,single model-assisted schema review; not time-separated and not inter-annotator agreement
Q316,Lansoprazole vs Omeprazole untuk pasien Peptic Ulcer Disease mana lebih efektif,Comparative Treatment Choice,Comparative Treatment Choice,Comparative Treatment Choice,Comparative Treatment Choice,Comparative Treatment Choice,unanimous,Comparative Treatment Choice,Comparative Treatment Choice,1,high,explicit comparison overrides single-treatment efficacy Three-signal status: unanimous (rule=Comparative Treatment Choice; prototype=Comparative Treatment Choice; cluster=Comparative Treatment Choice).,True,True,True,True,single model-assisted schema review; not time-separated and not inter-annotator agreement
Q317,Methylphenidate efficacy pada Breast Cancer HER2-positive clinical outcome data,Efficacy / Outcomes,Efficacy / Outcomes,Efficacy / Outcomes,Comparative Treatment Choice,Efficacy / Outcomes,two_signal_including_rule,Efficacy / Outcomes,Efficacy / Outcomes,1,medium,single-treatment efficacy or outcome evidence is the requested output Three-signal status: two_signal_including_rule (rule=Efficacy / Outcomes; prototype=Efficacy / Outcomes; cluster=Comparative Treatment Choice).,True,True,False,True,single model-assisted schema review; not time-separated and not inter-annotator agreement
Q318,Venlafaxine vs Escitalopram efficacy in Major Depressive Disorder,Comparative Treatment Choice,Comparative Treatment Choice,Comparative Treatment Choice,Comparative Treatment Choice,Comparative Treatment Choice,unanimous,Comparative Treatment Choice,Comparative Treatment Choice; Efficacy / Outcomes,2,medium,explicit comparison overrides single-treatment efficacy Three-signal status: unanimous (rule=Comparative Treatment Choice; prototype=Comparative Treatment Choice; cluster=Comparative Treatment Choice). Multiple cues were resolved with the frozen primary-information-need hierarchy.,True,True,True,True,single model-assisted schema review; not time-separated and not inter-annotator agreement
Q320,is Bedaquiline safe in Tuberculosis with hepatic impairment,Safety / Contraindication,Safety / Contraindication,Dosing / Administration,Dosing / Administration,Dosing / Administration,prototype_cluster_against_rule,Safety / Contraindication,Safety / Contraindication,1,low,"harm, suitability, contraindication, or pregnancy-safety wording overrides dose when safety is explicit Three-signal status: prototype_cluster_against_rule (rule=Safety / Contraindication; prototype=Dosing / Administration; cluster=Dosing / Administration).",True,False,False,True,single model-assisted schema review; not time-separated and not inter-annotator agreement
Q323,efek samping Inhaled corticosteroids pada Asthma,Monitoring / Response / Risk Assessment,Safety / Contraindication,Comparative Treatment Choice,Comparative Treatment Choice,Comparative Treatment Choice,prototype_cluster_against_rule,Safety / Contraindication,Safety / Contraindication,1,low,"harm, suitability, contraindication, or pregnancy-safety wording overrides dose when safety is explicit Three-signal status: prototype_cluster_against_rule (rule=Safety / Contraindication; prototype=Comparative Treatment Choice; cluster=Comparative Treatment Choice). Phase 2 suggestion 'Monitoring / Response / Risk Assessment' was not retained because the explicit request maps to 'Safety / Contraindication'.",True,False,False,False,single model-assisted schema review; not time-separated and not inter-annotator agreement
Q324,monitoring parameters Aspirin in Stable Angina,Monitoring / Response / Risk Assessment,Monitoring / Response / Risk Assessment,Prophylaxis / Maintenance,Mechanism / Background Knowledge,,three_way_disagreement,Monitoring / Response / Risk Assessment,Monitoring / Response / Risk Assessment,1,low,"monitoring action, response biomarker, or risk score is the requested output Three-signal status: three_way_disagreement (rule=Monitoring / Response / Risk Assessment; prototype=Prophylaxis / Maintenance; cluster=Mechanism / Background Knowledge).",True,False,False,True,single model-assisted schema review; not time-separated and not inter-annotator agreement
Q327,kombinasi Desmopressin dan Desmopressin pada Diabetes Insipidus aman atau tidak,Interaction / Combination,Interaction / Combination,Comparative Treatment Choice,Comparative Treatment Choice,Comparative Treatment Choice,prototype_cluster_against_rule,Interaction / Combination,Interaction / Combination; Safety / Contraindication,2,low,co-administration or interaction overrides general safety Three-signal status: prototype_cluster_against_rule (rule=Interaction / Combination; prototype=Comparative Treatment Choice; cluster=Comparative Treatment Choice). Multiple cues were resolved with the frozen primary-information-need hierarchy.,True,False,False,True,single model-assisted schema review; not time-separated and not inter-annotator agreement
Q328,kombinasi Piperacillin-tazobactam dan Hydrocortisone pada Sepsis aman atau tidak,Interaction / Combination,Interaction / Combination,Comparative Treatment Choice,Comparative Treatment Choice,Comparative Treatment Choice,prototype_cluster_against_rule,Interaction / Combination,Interaction / Combination; Safety / Contraindication,2,low,co-administration or interaction overrides general safety Three-signal status: prototype_cluster_against_rule (rule=Interaction / Combination; prototype=Comparative Treatment Choice; cluster=Comparative Treatment Choice). Multiple cues were resolved with the frozen primary-information-need hierarchy.,True,False,False,True,single model-assisted schema review; not time-separated and not inter-annotator agreement
Q330,Lithium side effect pada pasien Bipolar Disorder apa saja,Safety / Contraindication,Safety / Contraindication,Comparative Treatment Choice,Comparative Treatment Choice,Comparative Treatment Choice,prototype_cluster_against_rule,Safety / Contraindication,Safety / Contraindication,1,low,"harm, suitability, contraindication, or pregnancy-safety wording overrides dose when safety is explicit Three-signal status: prototype_cluster_against_rule (rule=Safety / Contraindication; prototype=Comparative Treatment Choice; cluster=Comparative Treatment Choice).",True,False,False,True,single model-assisted schema review; not time-separated and not inter-annotator agreement
Q334,Community-acquired Pneumonia prophylaxis Apixaban indication,Prophylaxis / Maintenance,Prophylaxis / Maintenance,Prophylaxis / Maintenance,Comparative Treatment Choice,Prophylaxis / Maintenance,two_signal_including_rule,Prophylaxis / Maintenance,Prophylaxis / Maintenance; Management / Treatment Selection,2,medium,prevention or maintenance framing overrides generic indication Three-signal status: two_signal_including_rule (rule=Prophylaxis / Maintenance; prototype=Prophylaxis / Maintenance; cluster=Comparative Treatment Choice). Multiple cues were resolved with the frozen primary-information-need hierarchy.,True,True,False,True,single model-assisted schema review; not time-separated and not inter-annotator agreement
Q335,Metronidazole vs Omeprazole untuk pasien Pulmonary Embolism mana lebih efektif,Comparative Treatment Choice,Comparative Treatment Choice,Comparative Treatment Choice,Comparative Treatment Choice,Comparative Treatment Choice,unanimous,Comparative Treatment Choice,Comparative Treatment Choice,1,high,explicit comparison overrides single-treatment efficacy Three-signal status: unanimous (rule=Comparative Treatment Choice; prototype=Comparative Treatment Choice; cluster=Comparative Treatment Choice).,True,True,True,True,single model-assisted schema review; not time-separated and not inter-annotator agreement
Q336,Lithium contraindication in Bipolar Disorder with anaemia,Dosing / Administration,Safety / Contraindication,Comparative Treatment Choice,Safety / Contraindication,Safety / Contraindication,two_signal_including_rule,Safety / Contraindication,Safety / Contraindication,1,medium,"harm, suitability, contraindication, or pregnancy-safety wording overrides dose when safety is explicit Three-signal status: two_signal_including_rule (rule=Safety / Contraindication; prototype=Comparative Treatment Choice; cluster=Safety / Contraindication). Phase 2 suggestion 'Dosing / Administration' was not retained because the explicit request maps to 'Safety / Contraindication'.",True,False,True,False,single model-assisted schema review; not time-separated and not inter-annotator agreement
Q339,Clozapine vs Clozapine in Schizophrenia patients,Comparative Treatment Choice,Comparative Treatment Choice,Comparative Treatment Choice,Comparative Treatment Choice,Comparative Treatment Choice,unanimous,Comparative Treatment Choice,Comparative Treatment Choice,1,high,explicit comparison overrides single-treatment efficacy Three-signal status: unanimous (rule=Comparative Treatment Choice; prototype=Comparative Treatment Choice; cluster=Comparative Treatment Choice).,True,True,True,True,single model-assisted schema review; not time-separated and not inter-annotator agreement
Q345,monitoring parameters Apixaban in Community-acquired Pneumonia,Monitoring / Response / Risk Assessment,Monitoring / Response / Risk Assessment,Prophylaxis / Maintenance,Mechanism / Background Knowledge,,three_way_disagreement,Monitoring / Response / Risk Assessment,Monitoring / Response / Risk Assessment,1,low,"monitoring action, response biomarker, or risk score is the requested output Three-signal status: three_way_disagreement (rule=Monitoring / Response / Risk Assessment; prototype=Prophylaxis / Maintenance; cluster=Mechanism / Background Knowledge).",True,False,False,True,single model-assisted schema review; not time-separated and not inter-annotator agreement
Q348,Ramipril side effect pada pasien Hypertension apa saja,Safety / Contraindication,Safety / Contraindication,Comparative Treatment Choice,Comparative Treatment Choice,Comparative Treatment Choice,prototype_cluster_against_rule,Safety / Contraindication,Safety / Contraindication,1,low,"harm, suitability, contraindication, or pregnancy-safety wording overrides dose when safety is explicit Three-signal status: prototype_cluster_against_rule (rule=Safety / Contraindication; prototype=Comparative Treatment Choice; cluster=Comparative Treatment Choice).",True,False,False,True,single model-assisted schema review; not time-separated and not inter-annotator agreement
Q350,Valproate resistance in Epilepsy alternative therapy,Interaction / Combination,Treatment Change / Escalation,Comparative Treatment Choice,Comparative Treatment Choice,Comparative Treatment Choice,prototype_cluster_against_rule,Treatment Change / Escalation,Treatment Change / Escalation,1,low,"failure, resistance, progression, switch, or add-on framing overrides initial selection Three-signal status: prototype_cluster_against_rule (rule=Treatment Change / Escalation; prototype=Comparative Treatment Choice; cluster=Comparative Treatment Choice). Phase 2 suggestion 'Interaction / Combination' was not retained because the explicit request maps to 'Treatment Change / Escalation'.",True,False,False,False,single model-assisted schema review; not time-separated and not inter-annotator agreement
Q353,Nivolumab efficacy pada Non-Small Cell Lung Cancer clinical outcome data,Efficacy / Outcomes,Efficacy / Outcomes,Efficacy / Outcomes,Comparative Treatment Choice,Efficacy / Outcomes,two_signal_including_rule,Efficacy / Outcomes,Efficacy / Outcomes,1,medium,single-treatment efficacy or outcome evidence is the requested output Three-signal status: two_signal_including_rule (rule=Efficacy / Outcomes; prototype=Efficacy / Outcomes; cluster=Comparative Treatment Choice).,True,True,False,True,single model-assisted schema review; not time-separated and not inter-annotator agreement
Q361,penanganan Type 2 Diabetes Mellitus di ICU panduan 2022,Guideline / Evidence Lookup,Guideline / Evidence Lookup,Efficacy / Outcomes,Comparative Treatment Choice,,three_way_disagreement,Guideline / Evidence Lookup,Guideline / Evidence Lookup; Management / Treatment Selection,2,low,"explicit evidence, guideline, recency, or year constraint overrides treatment choice Three-signal status: three_way_disagreement (rule=Guideline / Evidence Lookup; prototype=Efficacy / Outcomes; cluster=Comparative Treatment Choice). Multiple cues were resolved with the frozen primary-information-need hierarchy.",True,False,False,True,single model-assisted schema review; not time-separated and not inter-annotator agreement
Q362,tatalaksana ADHD panduan terbaru terbaru,Guideline / Evidence Lookup,Guideline / Evidence Lookup,Efficacy / Outcomes,Comparative Treatment Choice,,three_way_disagreement,Guideline / Evidence Lookup,Guideline / Evidence Lookup; Management / Treatment Selection,2,low,"explicit evidence, guideline, recency, or year constraint overrides treatment choice Three-signal status: three_way_disagreement (rule=Guideline / Evidence Lookup; prototype=Efficacy / Outcomes; cluster=Comparative Treatment Choice). Multiple cues were resolved with the frozen primary-information-need hierarchy.",True,False,False,True,single model-assisted schema review; not time-separated and not inter-annotator agreement
Q363,target Type 2 Diabetes Mellitus sudah tercapai kapan maintenance Liraglutide,Prophylaxis / Maintenance,Prophylaxis / Maintenance,Prophylaxis / Maintenance,Comparative Treatment Choice,Prophylaxis / Maintenance,two_signal_including_rule,Prophylaxis / Maintenance,Prophylaxis / Maintenance,1,medium,prevention or maintenance framing overrides generic indication Three-signal status: two_signal_including_rule (rule=Prophylaxis / Maintenance; prototype=Prophylaxis / Maintenance; cluster=Comparative Treatment Choice).,True,True,False,True,single model-assisted schema review; not time-separated and not inter-annotator agreement
Q371,kapan start Losartan di Hypertension evidence terbaru terbaru,Guideline / Evidence Lookup,Guideline / Evidence Lookup,Management / Treatment Selection,Comparative Treatment Choice,,three_way_disagreement,Guideline / Evidence Lookup,Guideline / Evidence Lookup; Management / Treatment Selection,2,low,"explicit evidence, guideline, recency, or year constraint overrides treatment choice Three-signal status: three_way_disagreement (rule=Guideline / Evidence Lookup; prototype=Management / Treatment Selection; cluster=Comparative Treatment Choice). Multiple cues were resolved with the frozen primary-information-need hierarchy.",True,False,False,True,single model-assisted schema review; not time-separated and not inter-annotator agreement
Q372,indikasi Semaglutide pada Type 2 Diabetes Mellitus guideline terbaru,Guideline / Evidence Lookup,Guideline / Evidence Lookup,Management / Treatment Selection,Comparative Treatment Choice,,three_way_disagreement,Guideline / Evidence Lookup,Guideline / Evidence Lookup; Management / Treatment Selection,2,low,"explicit evidence, guideline, recency, or year constraint overrides treatment choice Three-signal status: three_way_disagreement (rule=Guideline / Evidence Lookup; prototype=Management / Treatment Selection; cluster=Comparative Treatment Choice). Multiple cues were resolved with the frozen primary-information-need hierarchy.",True,False,False,True,single model-assisted schema review; not time-separated and not inter-annotator agreement
Q373,add on therapy Stable Angina after Metoprolol failure,Treatment Change / Escalation,Treatment Change / Escalation,Efficacy / Outcomes,Comparative Treatment Choice,,three_way_disagreement,Treatment Change / Escalation,Treatment Change / Escalation,1,low,"failure, resistance, progression, switch, or add-on framing overrides initial selection Three-signal status: three_way_disagreement (rule=Treatment Change / Escalation; prototype=Efficacy / Outcomes; cluster=Comparative Treatment Choice).",True,False,False,True,single model-assisted schema review; not time-separated and not inter-annotator agreement
Q375,Tuberculosis pada anak dosis Bedaquiline,Dosing / Administration,Dosing / Administration,Dosing / Administration,Dosing / Administration,Dosing / Administration,unanimous,Dosing / Administration,Dosing / Administration,1,high,requested regimen or adjustment determines the primary information need Three-signal status: unanimous (rule=Dosing / Administration; prototype=Dosing / Administration; cluster=Dosing / Administration).,True,True,True,True,single model-assisted schema review; not time-separated and not inter-annotator agreement
Q376,Antimalarials role in Typhoid Fever pathophysiology,Mechanism / Background Knowledge,Mechanism / Background Knowledge,Mechanism / Background Knowledge,Mechanism / Background Knowledge,Mechanism / Background Knowledge,unanimous,Mechanism / Background Knowledge,Mechanism / Background Knowledge,1,high,mechanism or pathophysiology is explanatory rather than management-oriented Three-signal status: unanimous (rule=Mechanism / Background Knowledge; prototype=Mechanism / Background Knowledge; cluster=Mechanism / Background Knowledge).,True,True,True,True,single model-assisted schema review; not time-separated and not inter-annotator agreement
Q377,latest Preeclampsia management guidelines 2024,Guideline / Evidence Lookup,Guideline / Evidence Lookup,Management / Treatment Selection,Comparative Treatment Choice,,three_way_disagreement,Guideline / Evidence Lookup,Guideline / Evidence Lookup,1,low,"explicit evidence, guideline, recency, or year constraint overrides treatment choice Three-signal status: three_way_disagreement (rule=Guideline / Evidence Lookup; prototype=Management / Treatment Selection; cluster=Comparative Treatment Choice).",True,False,False,True,single model-assisted schema review; not time-separated and not inter-annotator agreement
Q383,SSRIs terbaru untuk ADHD 2023,Guideline / Evidence Lookup,Guideline / Evidence Lookup,Management / Treatment Selection,Mechanism / Background Knowledge,,three_way_disagreement,Guideline / Evidence Lookup,Guideline / Evidence Lookup,1,low,"explicit evidence, guideline, recency, or year constraint overrides treatment choice Three-signal status: three_way_disagreement (rule=Guideline / Evidence Lookup; prototype=Management / Treatment Selection; cluster=Mechanism / Background Knowledge).",True,False,False,True,single model-assisted schema review; not time-separated and not inter-annotator agreement
Q386,Zinc side effect pada pasien Stunting / Malnutrition apa saja,Safety / Contraindication,Safety / Contraindication,Comparative Treatment Choice,Comparative Treatment Choice,Comparative Treatment Choice,prototype_cluster_against_rule,Safety / Contraindication,Safety / Contraindication,1,low,"harm, suitability, contraindication, or pregnancy-safety wording overrides dose when safety is explicit Three-signal status: prototype_cluster_against_rule (rule=Safety / Contraindication; prototype=Comparative Treatment Choice; cluster=Comparative Treatment Choice).",True,False,False,True,single model-assisted schema review; not time-separated and not inter-annotator agreement
Q387,monitoring parameters Escitalopram in ADHD,Monitoring / Response / Risk Assessment,Monitoring / Response / Risk Assessment,Prophylaxis / Maintenance,Mechanism / Background Knowledge,,three_way_disagreement,Monitoring / Response / Risk Assessment,Monitoring / Response / Risk Assessment,1,low,"monitoring action, response biomarker, or risk score is the requested output Three-signal status: three_way_disagreement (rule=Monitoring / Response / Risk Assessment; prototype=Prophylaxis / Maintenance; cluster=Mechanism / Background Knowledge).",True,False,False,True,single model-assisted schema review; not time-separated and not inter-annotator agreement
Q388,Magnesium role in Preeclampsia pathophysiology,Mechanism / Background Knowledge,Mechanism / Background Knowledge,Mechanism / Background Knowledge,Mechanism / Background Knowledge,Mechanism / Background Knowledge,unanimous,Mechanism / Background Knowledge,Mechanism / Background Knowledge,1,high,mechanism or pathophysiology is explanatory rather than management-oriented Three-signal status: unanimous (rule=Mechanism / Background Knowledge; prototype=Mechanism / Background Knowledge; cluster=Mechanism / Background Knowledge).,True,True,True,True,single model-assisted schema review; not time-separated and not inter-annotator agreement
Q389,algoritma terapi Pulmonary Embolism step up,Management / Treatment Selection,Management / Treatment Selection,Management / Treatment Selection,Management / Treatment Selection,Management / Treatment Selection,unanimous,Management / Treatment Selection,Management / Treatment Selection,1,high,initial treatment choice overrides demographic safety context unless safety is asked Three-signal status: unanimous (rule=Management / Treatment Selection; prototype=Management / Treatment Selection; cluster=Management / Treatment Selection).,True,True,True,True,single model-assisted schema review; not time-separated and not inter-annotator agreement
Q394,Topical calcineurin inhibitors adverse effects monitoring in Psoriasis,Monitoring / Response / Risk Assessment,Safety / Contraindication,Monitoring / Response / Risk Assessment,Mechanism / Background Knowledge,,three_way_disagreement,Safety / Contraindication,Safety / Contraindication; Monitoring / Response / Risk Assessment,2,low,"harm, suitability, contraindication, or pregnancy-safety wording overrides dose when safety is explicit Three-signal status: three_way_disagreement (rule=Safety / Contraindication; prototype=Monitoring / Response / Risk Assessment; cluster=Mechanism / Background Knowledge). Phase 2 suggestion 'Monitoring / Response / Risk Assessment' was not retained because the explicit request maps to 'Safety / Contraindication'. Multiple cues were resolved with the frozen primary-information-need hierarchy.",True,False,False,False,single model-assisted schema review; not time-separated and not inter-annotator agreement
Q396,Norepinephrine dosing in Sepsis with diabetes,Dosing / Administration,Dosing / Administration,Comparative Treatment Choice,Safety / Contraindication,,three_way_disagreement,Dosing / Administration,Dosing / Administration,1,low,requested regimen or adjustment determines the primary information need Three-signal status: three_way_disagreement (rule=Dosing / Administration; prototype=Comparative Treatment Choice; cluster=Safety / Contraindication).,True,False,False,True,single model-assisted schema review; not time-separated and not inter-annotator agreement
Q398,Corticosteroids terbaru untuk Sepsis 2024,Guideline / Evidence Lookup,Guideline / Evidence Lookup,Management / Treatment Selection,Mechanism / Background Knowledge,,three_way_disagreement,Guideline / Evidence Lookup,Guideline / Evidence Lookup,1,low,"explicit evidence, guideline, recency, or year constraint overrides treatment choice Three-signal status: three_way_disagreement (rule=Guideline / Evidence Lookup; prototype=Management / Treatment Selection; cluster=Mechanism / Background Knowledge).",True,False,False,True,single model-assisted schema review; not time-separated and not inter-annotator agreement
Q399,Beta blockers selective mechanism untuk Atrial Fibrillation bagaimana cara kerjanya,Mechanism / Background Knowledge,Mechanism / Background Knowledge,Mechanism / Background Knowledge,Mechanism / Background Knowledge,Mechanism / Background Knowledge,unanimous,Mechanism / Background Knowledge,Mechanism / Background Knowledge,1,high,mechanism or pathophysiology is explanatory rather than management-oriented Three-signal status: unanimous (rule=Mechanism / Background Knowledge; prototype=Mechanism / Background Knowledge; cluster=Mechanism / Background Knowledge).,True,True,True,True,single model-assisted schema review; not time-separated and not inter-annotator agreement
Q403,interaksi obat Artemether-lumefantrine dan Artemether-lumefantrine pada Typhoid Fever,Interaction / Combination,Interaction / Combination,Comparative Treatment Choice,Comparative Treatment Choice,Comparative Treatment Choice,prototype_cluster_against_rule,Interaction / Combination,Interaction / Combination,1,low,co-administration or interaction overrides general safety Three-signal status: prototype_cluster_against_rule (rule=Interaction / Combination; prototype=Comparative Treatment Choice; cluster=Comparative Treatment Choice).,True,False,False,True,single model-assisted schema review; not time-separated and not inter-annotator agreement
Q406,Ischaemic Stroke with pregnancy first line drug,Management / Treatment Selection,Management / Treatment Selection,Safety / Contraindication,Safety / Contraindication,Safety / Contraindication,prototype_cluster_against_rule,Management / Treatment Selection,Management / Treatment Selection; Safety / Contraindication,2,low,initial treatment choice overrides demographic safety context unless safety is asked Three-signal status: prototype_cluster_against_rule (rule=Management / Treatment Selection; prototype=Safety / Contraindication; cluster=Safety / Contraindication). Multiple cues were resolved with the frozen primary-information-need hierarchy.,True,False,False,True,single model-assisted schema review; not time-separated and not inter-annotator agreement
Q416,Urinary Tract Infection risk stratification approach,Monitoring / Response / Risk Assessment,Monitoring / Response / Risk Assessment,Monitoring / Response / Risk Assessment,Monitoring / Response / Risk Assessment,Monitoring / Response / Risk Assessment,unanimous,Monitoring / Response / Risk Assessment,Monitoring / Response / Risk Assessment,1,high,"monitoring action, response biomarker, or risk score is the requested output Three-signal status: unanimous (rule=Monitoring / Response / Risk Assessment; prototype=Monitoring / Response / Risk Assessment; cluster=Monitoring / Response / Risk Assessment).",True,True,True,True,single model-assisted schema review; not time-separated and not inter-annotator agreement
Q419,add on therapy Systemic Lupus Erythematosus after Methotrexate failure,Treatment Change / Escalation,Treatment Change / Escalation,Efficacy / Outcomes,Comparative Treatment Choice,,three_way_disagreement,Treatment Change / Escalation,Treatment Change / Escalation,1,low,"failure, resistance, progression, switch, or add-on framing overrides initial selection Three-signal status: three_way_disagreement (rule=Treatment Change / Escalation; prototype=Efficacy / Outcomes; cluster=Comparative Treatment Choice).",True,False,False,True,single model-assisted schema review; not time-separated and not inter-annotator agreement
Q422,kapan start Rivaroxaban di Deep Vein Thrombosis evidence terbaru terbaru,Guideline / Evidence Lookup,Guideline / Evidence Lookup,Management / Treatment Selection,Comparative Treatment Choice,,three_way_disagreement,Guideline / Evidence Lookup,Guideline / Evidence Lookup; Management / Treatment Selection,2,low,"explicit evidence, guideline, recency, or year constraint overrides treatment choice Three-signal status: three_way_disagreement (rule=Guideline / Evidence Lookup; prototype=Management / Treatment Selection; cluster=Comparative Treatment Choice). Multiple cues were resolved with the frozen primary-information-need hierarchy.",True,False,False,True,single model-assisted schema review; not time-separated and not inter-annotator agreement
Q424,monitoring parameters Prednisolone in COPD,Monitoring / Response / Risk Assessment,Monitoring / Response / Risk Assessment,Prophylaxis / Maintenance,Mechanism / Background Knowledge,,three_way_disagreement,Monitoring / Response / Risk Assessment,Monitoring / Response / Risk Assessment,1,low,"monitoring action, response biomarker, or risk score is the requested output Three-signal status: three_way_disagreement (rule=Monitoring / Response / Risk Assessment; prototype=Prophylaxis / Maintenance; cluster=Mechanism / Background Knowledge).",True,False,False,True,single model-assisted schema review; not time-separated and not inter-annotator agreement
Q425,target Urinary Tract Infection sudah tercapai kapan maintenance Tenofovir+Lamivudine,Prophylaxis / Maintenance,Prophylaxis / Maintenance,Prophylaxis / Maintenance,Comparative Treatment Choice,Prophylaxis / Maintenance,two_signal_including_rule,Prophylaxis / Maintenance,Prophylaxis / Maintenance,1,medium,prevention or maintenance framing overrides generic indication Three-signal status: two_signal_including_rule (rule=Prophylaxis / Maintenance; prototype=Prophylaxis / Maintenance; cluster=Comparative Treatment Choice).,True,True,False,True,single model-assisted schema review; not time-separated and not inter-annotator agreement
Q428,penggantian Sertraline ke Venlafaxine pada Major Depressive Disorder,Treatment Change / Escalation,Treatment Change / Escalation,Comparative Treatment Choice,Comparative Treatment Choice,Comparative Treatment Choice,prototype_cluster_against_rule,Treatment Change / Escalation,Treatment Change / Escalation,1,low,"failure, resistance, progression, switch, or add-on framing overrides initial selection Three-signal status: prototype_cluster_against_rule (rule=Treatment Change / Escalation; prototype=Comparative Treatment Choice; cluster=Comparative Treatment Choice).",True,False,False,True,single model-assisted schema review; not time-separated and not inter-annotator agreement
Q445,indikasi Losartan pada Heart Failure guideline terbaru,Guideline / Evidence Lookup,Guideline / Evidence Lookup,Management / Treatment Selection,Comparative Treatment Choice,,three_way_disagreement,Guideline / Evidence Lookup,Guideline / Evidence Lookup; Management / Treatment Selection,2,low,"explicit evidence, guideline, recency, or year constraint overrides treatment choice Three-signal status: three_way_disagreement (rule=Guideline / Evidence Lookup; prototype=Management / Treatment Selection; cluster=Comparative Treatment Choice). Multiple cues were resolved with the frozen primary-information-need hierarchy.",True,False,False,True,single model-assisted schema review; not time-separated and not inter-annotator agreement
Q446,Type 1 Diabetes Mellitus dengan pregnancy pilihan terapi,Management / Treatment Selection,Management / Treatment Selection,Safety / Contraindication,Safety / Contraindication,Safety / Contraindication,prototype_cluster_against_rule,Management / Treatment Selection,Management / Treatment Selection; Safety / Contraindication,2,low,initial treatment choice overrides demographic safety context unless safety is asked Three-signal status: prototype_cluster_against_rule (rule=Management / Treatment Selection; prototype=Safety / Contraindication; cluster=Safety / Contraindication). Multiple cues were resolved with the frozen primary-information-need hierarchy.,True,False,False,True,single model-assisted schema review; not time-separated and not inter-annotator agreement
Q448,Pembrolizumab vs Pembrolizumab untuk pasien Non-Small Cell Lung Cancer mana lebih efektif,Comparative Treatment Choice,Comparative Treatment Choice,Comparative Treatment Choice,Comparative Treatment Choice,Comparative Treatment Choice,unanimous,Comparative Treatment Choice,Comparative Treatment Choice,1,high,explicit comparison overrides single-treatment efficacy Three-signal status: unanimous (rule=Comparative Treatment Choice; prototype=Comparative Treatment Choice; cluster=Comparative Treatment Choice).,True,True,True,True,single model-assisted schema review; not time-separated and not inter-annotator agreement
Q451,Colorectal Cancer prophylaxis Pembrolizumab indication,Prophylaxis / Maintenance,Prophylaxis / Maintenance,Prophylaxis / Maintenance,Comparative Treatment Choice,Prophylaxis / Maintenance,two_signal_including_rule,Prophylaxis / Maintenance,Prophylaxis / Maintenance; Management / Treatment Selection,2,medium,prevention or maintenance framing overrides generic indication Three-signal status: two_signal_including_rule (rule=Prophylaxis / Maintenance; prototype=Prophylaxis / Maintenance; cluster=Comparative Treatment Choice). Multiple cues were resolved with the frozen primary-information-need hierarchy.,True,True,False,True,single model-assisted schema review; not time-separated and not inter-annotator agreement
Q456,kapan start Zinc di Stunting / Malnutrition evidence terbaru 2023,Guideline / Evidence Lookup,Guideline / Evidence Lookup,Management / Treatment Selection,Comparative Treatment Choice,,three_way_disagreement,Guideline / Evidence Lookup,Guideline / Evidence Lookup; Management / Treatment Selection,2,low,"explicit evidence, guideline, recency, or year constraint overrides treatment choice Three-signal status: three_way_disagreement (rule=Guideline / Evidence Lookup; prototype=Management / Treatment Selection; cluster=Comparative Treatment Choice). Multiple cues were resolved with the frozen primary-information-need hierarchy.",True,False,False,True,single model-assisted schema review; not time-separated and not inter-annotator agreement
Q463,Tuberculosis with renal impairment first line drug,Management / Treatment Selection,Management / Treatment Selection,Comparative Treatment Choice,Dosing / Administration,,three_way_disagreement,Management / Treatment Selection,Management / Treatment Selection,1,low,initial treatment choice overrides demographic safety context unless safety is asked Three-signal status: three_way_disagreement (rule=Management / Treatment Selection; prototype=Comparative Treatment Choice; cluster=Dosing / Administration).,True,False,False,True,single model-assisted schema review; not time-separated and not inter-annotator agreement
Q465,Hypertension prophylaxis Ramipril indication,Prophylaxis / Maintenance,Prophylaxis / Maintenance,Prophylaxis / Maintenance,Comparative Treatment Choice,Prophylaxis / Maintenance,two_signal_including_rule,Prophylaxis / Maintenance,Prophylaxis / Maintenance; Management / Treatment Selection,2,medium,prevention or maintenance framing overrides generic indication Three-signal status: two_signal_including_rule (rule=Prophylaxis / Maintenance; prototype=Prophylaxis / Maintenance; cluster=Comparative Treatment Choice). Multiple cues were resolved with the frozen primary-information-need hierarchy.,True,True,False,True,single model-assisted schema review; not time-separated and not inter-annotator agreement
Q467,Artemether-lumefantrine side effect pada pasien Typhoid Fever apa saja,Safety / Contraindication,Safety / Contraindication,Comparative Treatment Choice,Comparative Treatment Choice,Comparative Treatment Choice,prototype_cluster_against_rule,Safety / Contraindication,Safety / Contraindication,1,low,"harm, suitability, contraindication, or pregnancy-safety wording overrides dose when safety is explicit Three-signal status: prototype_cluster_against_rule (rule=Safety / Contraindication; prototype=Comparative Treatment Choice; cluster=Comparative Treatment Choice).",True,False,False,True,single model-assisted schema review; not time-separated and not inter-annotator agreement
Q468,Systemic Lupus Erythematosus prophylaxis Methotrexate indication,Prophylaxis / Maintenance,Prophylaxis / Maintenance,Prophylaxis / Maintenance,Comparative Treatment Choice,Prophylaxis / Maintenance,two_signal_including_rule,Prophylaxis / Maintenance,Prophylaxis / Maintenance; Management / Treatment Selection,2,medium,prevention or maintenance framing overrides generic indication Three-signal status: two_signal_including_rule (rule=Prophylaxis / Maintenance; prototype=Prophylaxis / Maintenance; cluster=Comparative Treatment Choice). Multiple cues were resolved with the frozen primary-information-need hierarchy.,True,True,False,True,single model-assisted schema review; not time-separated and not inter-annotator agreement
Q469,indikasi Bedaquiline pada MDR Tuberculosis guideline terbaru,Guideline / Evidence Lookup,Guideline / Evidence Lookup,Management / Treatment Selection,Comparative Treatment Choice,,three_way_disagreement,Guideline / Evidence Lookup,Guideline / Evidence Lookup; Management / Treatment Selection,2,low,"explicit evidence, guideline, recency, or year constraint overrides treatment choice Three-signal status: three_way_disagreement (rule=Guideline / Evidence Lookup; prototype=Management / Treatment Selection; cluster=Comparative Treatment Choice). Multiple cues were resolved with the frozen primary-information-need hierarchy.",True,False,False,True,single model-assisted schema review; not time-separated and not inter-annotator agreement
Q473,Tenofovir+Lamivudine efficacy pada Urinary Tract Infection clinical outcome data,Efficacy / Outcomes,Efficacy / Outcomes,Efficacy / Outcomes,Comparative Treatment Choice,Efficacy / Outcomes,two_signal_including_rule,Efficacy / Outcomes,Efficacy / Outcomes,1,medium,single-treatment efficacy or outcome evidence is the requested output Three-signal status: two_signal_including_rule (rule=Efficacy / Outcomes; prototype=Efficacy / Outcomes; cluster=Comparative Treatment Choice).,True,True,False,True,single model-assisted schema review; not time-separated and not inter-annotator agreement
Q475,Vitamin K antagonists kontraindikasi pada Deep Vein Thrombosis dengan heart failure,Safety / Contraindication,Safety / Contraindication,Comparative Treatment Choice,Safety / Contraindication,Safety / Contraindication,two_signal_including_rule,Safety / Contraindication,Safety / Contraindication,1,medium,"harm, suitability, contraindication, or pregnancy-safety wording overrides dose when safety is explicit Three-signal status: two_signal_including_rule (rule=Safety / Contraindication; prototype=Comparative Treatment Choice; cluster=Safety / Contraindication).",True,False,True,True,single model-assisted schema review; not time-separated and not inter-annotator agreement
Q476,Bortezomib vs Prednisolone untuk Rheumatoid Arthritis,Comparative Treatment Choice,Comparative Treatment Choice,Comparative Treatment Choice,Comparative Treatment Choice,Comparative Treatment Choice,unanimous,Comparative Treatment Choice,Comparative Treatment Choice,1,high,explicit comparison overrides single-treatment efficacy Three-signal status: unanimous (rule=Comparative Treatment Choice; prototype=Comparative Treatment Choice; cluster=Comparative Treatment Choice).,True,True,True,True,single model-assisted schema review; not time-separated and not inter-annotator agreement
Q477,Losartan long term outcomes Heart Failure,Efficacy / Outcomes,Efficacy / Outcomes,Efficacy / Outcomes,Comparative Treatment Choice,Efficacy / Outcomes,two_signal_including_rule,Efficacy / Outcomes,Efficacy / Outcomes,1,medium,single-treatment efficacy or outcome evidence is the requested output Three-signal status: two_signal_including_rule (rule=Efficacy / Outcomes; prototype=Efficacy / Outcomes; cluster=Comparative Treatment Choice).,True,True,False,True,single model-assisted schema review; not time-separated and not inter-annotator agreement
Q478,kontraindikasi Bedaquiline pada Tuberculosis dengan immunocompromised,Safety / Contraindication,Safety / Contraindication,Prophylaxis / Maintenance,Comparative Treatment Choice,,three_way_disagreement,Safety / Contraindication,Safety / Contraindication,1,low,"harm, suitability, contraindication, or pregnancy-safety wording overrides dose when safety is explicit Three-signal status: three_way_disagreement (rule=Safety / Contraindication; prototype=Prophylaxis / Maintenance; cluster=Comparative Treatment Choice).",True,False,False,True,single model-assisted schema review; not time-separated and not inter-annotator agreement
Q480,Venlafaxine dosing in Major Depressive Disorder with atrial fibrillation,Safety / Contraindication,Dosing / Administration,Dosing / Administration,Prophylaxis / Maintenance,Dosing / Administration,two_signal_including_rule,Dosing / Administration,Dosing / Administration,1,medium,requested regimen or adjustment determines the primary information need Three-signal status: two_signal_including_rule (rule=Dosing / Administration; prototype=Dosing / Administration; cluster=Prophylaxis / Maintenance). Phase 2 suggestion 'Safety / Contraindication' was not retained because the explicit request maps to 'Dosing / Administration'.,True,True,False,False,single model-assisted schema review; not time-separated and not inter-annotator agreement
Q481,Metoprolol long term outcomes Stable Angina,Efficacy / Outcomes,Efficacy / Outcomes,Efficacy / Outcomes,Comparative Treatment Choice,Efficacy / Outcomes,two_signal_including_rule,Efficacy / Outcomes,Efficacy / Outcomes,1,medium,single-treatment efficacy or outcome evidence is the requested output Three-signal status: two_signal_including_rule (rule=Efficacy / Outcomes; prototype=Efficacy / Outcomes; cluster=Comparative Treatment Choice).,True,True,False,True,single model-assisted schema review; not time-separated and not inter-annotator agreement
Q483,Hypertension dengan pregnancy pilihan drug terbaik,Management / Treatment Selection,Management / Treatment Selection,Safety / Contraindication,Safety / Contraindication,Safety / Contraindication,prototype_cluster_against_rule,Management / Treatment Selection,Management / Treatment Selection; Safety / Contraindication,2,low,initial treatment choice overrides demographic safety context unless safety is asked Three-signal status: prototype_cluster_against_rule (rule=Management / Treatment Selection; prototype=Safety / Contraindication; cluster=Safety / Contraindication). Multiple cues were resolved with the frozen primary-information-need hierarchy.,True,False,False,True,single model-assisted schema review; not time-separated and not inter-annotator agreement
Q484,titration protocol Bedaquiline in Tuberculosis,Dosing / Administration,Dosing / Administration,Efficacy / Outcomes,Efficacy / Outcomes,Efficacy / Outcomes,prototype_cluster_against_rule,Dosing / Administration,Dosing / Administration,1,low,requested regimen or adjustment determines the primary information need Three-signal status: prototype_cluster_against_rule (rule=Dosing / Administration; prototype=Efficacy / Outcomes; cluster=Efficacy / Outcomes).,True,False,False,True,single model-assisted schema review; not time-separated and not inter-annotator agreement
Q485,Lansoprazole resistance in Peptic Ulcer Disease alternative therapy,Interaction / Combination,Treatment Change / Escalation,Comparative Treatment Choice,Comparative Treatment Choice,Comparative Treatment Choice,prototype_cluster_against_rule,Treatment Change / Escalation,Treatment Change / Escalation,1,low,"failure, resistance, progression, switch, or add-on framing overrides initial selection Three-signal status: prototype_cluster_against_rule (rule=Treatment Change / Escalation; prototype=Comparative Treatment Choice; cluster=Comparative Treatment Choice). Phase 2 suggestion 'Interaction / Combination' was not retained because the explicit request maps to 'Treatment Change / Escalation'.",True,False,False,False,single model-assisted schema review; not time-separated and not inter-annotator agreement
Q492,titration protocol Alendronate in Osteoporosis,Dosing / Administration,Dosing / Administration,Efficacy / Outcomes,Efficacy / Outcomes,Efficacy / Outcomes,prototype_cluster_against_rule,Dosing / Administration,Dosing / Administration,1,low,requested regimen or adjustment determines the primary information need Three-signal status: prototype_cluster_against_rule (rule=Dosing / Administration; prototype=Efficacy / Outcomes; cluster=Efficacy / Outcomes).,True,False,False,True,single model-assisted schema review; not time-separated and not inter-annotator agreement
Q493,monitoring parameters Isoniazid in Tuberculosis,Monitoring / Response / Risk Assessment,Monitoring / Response / Risk Assessment,Prophylaxis / Maintenance,Mechanism / Background Knowledge,,three_way_disagreement,Monitoring / Response / Risk Assessment,Monitoring / Response / Risk Assessment,1,low,"monitoring action, response biomarker, or risk score is the requested output Three-signal status: three_way_disagreement (rule=Monitoring / Response / Risk Assessment; prototype=Prophylaxis / Maintenance; cluster=Mechanism / Background Knowledge).",True,False,False,True,single model-assisted schema review; not time-separated and not inter-annotator agreement
Q494,Corticosteroids terbaru untuk COPD terbaru,Guideline / Evidence Lookup,Guideline / Evidence Lookup,Comparative Treatment Choice,Mechanism / Background Knowledge,,three_way_disagreement,Guideline / Evidence Lookup,Guideline / Evidence Lookup,1,low,"explicit evidence, guideline, recency, or year constraint overrides treatment choice Three-signal status: three_way_disagreement (rule=Guideline / Evidence Lookup; prototype=Comparative Treatment Choice; cluster=Mechanism / Background Knowledge).",True,False,False,True,single model-assisted schema review; not time-separated and not inter-annotator agreement
Q495,TNF inhibitors adverse effects monitoring in Systemic Lupus Erythematosus,Monitoring / Response / Risk Assessment,Safety / Contraindication,Monitoring / Response / Risk Assessment,Mechanism / Background Knowledge,,three_way_disagreement,Safety / Contraindication,Safety / Contraindication; Monitoring / Response / Risk Assessment,2,low,"harm, suitability, contraindication, or pregnancy-safety wording overrides dose when safety is explicit Three-signal status: three_way_disagreement (rule=Safety / Contraindication; prototype=Monitoring / Response / Risk Assessment; cluster=Mechanism / Background Knowledge). Phase 2 suggestion 'Monitoring / Response / Risk Assessment' was not retained because the explicit request maps to 'Safety / Contraindication'. Multiple cues were resolved with the frozen primary-information-need hierarchy.",True,False,False,False,single model-assisted schema review; not time-separated and not inter-annotator agreement
Q496,Insulin degludec side effect pada pasien Type 1 Diabetes Mellitus apa saja,Safety / Contraindication,Safety / Contraindication,Comparative Treatment Choice,Comparative Treatment Choice,Comparative Treatment Choice,prototype_cluster_against_rule,Safety / Contraindication,Safety / Contraindication,1,low,"harm, suitability, contraindication, or pregnancy-safety wording overrides dose when safety is explicit Three-signal status: prototype_cluster_against_rule (rule=Safety / Contraindication; prototype=Comparative Treatment Choice; cluster=Comparative Treatment Choice).",True,False,False,True,single model-assisted schema review; not time-separated and not inter-annotator agreement
