query_id,liang_final_intent,liang_top_probability,liang_second_intent,liang_second_probability,liang_probability_margin,attention_semantic,attention_sentence_tfidf,attention_class_centroid_tfidf,weak_anchor_label,used_as_weak_anchor,probability_management___treatment_selection,probability_dosing___administration,probability_safety___contraindication,probability_interaction___combination,probability_comparative_treatment_choice,probability_monitoring___response___risk_assessment,probability_efficacy___outcomes,probability_guideline___evidence_lookup,probability_treatment_change___escalation,probability_prophylaxis___maintenance,probability_mechanism___background_knowledge
Q001,Safety / Contraindication,0.8990935,Efficacy / Outcomes,0.022822302,0.8762712,0.08010235,0.26189202,0.65800565,Safety / Contraindication,True,0.0061390633,0.021541167,0.8990935,0.018495213,0.0053785024,0.0048387274,0.022822302,0.0057445364,0.002531223,0.010254758,0.0031609493
Q002,Monitoring / Response / Risk Assessment,0.890431,Safety / Contraindication,0.05327918,0.8371518,0.15212123,0.14367965,0.70419914,Safety / Contraindication,True,0.0068379124,0.00059416913,0.05327918,0.0024491253,0.0041898075,0.890431,0.0017557619,0.019456545,0.0018665736,0.0032776715,0.015862267
Q003,Interaction / Combination,0.9658287,Safety / Contraindication,0.0093598245,0.9564689,0.059179965,0.17512545,0.76569456,Interaction / Combination,True,0.0073426496,0.0067133796,0.0093598245,0.9658287,0.0008911213,0.0013587686,0.0004055369,0.0035923512,0.0017799377,0.0014922882,0.0012353742
Q004,Efficacy / Outcomes,0.985386,Safety / Contraindication,0.007339046,0.97804695,0.25569043,0.34933466,0.39497498,Efficacy / Outcomes,True,0.00062200014,0.0010590008,0.007339046,0.0004650272,0.00034547818,0.0006852665,0.985386,0.0015773235,0.00031874055,0.0015134864,0.0006884901
Q005,Safety / Contraindication,0.73063,Efficacy / Outcomes,0.05275428,0.6778757,0.21928418,0.19392462,0.5867912,Safety / Contraindication,True,0.042467862,0.015543464,0.73063,0.036064792,0.015563455,0.022194685,0.05275428,0.03814801,0.005654433,0.01356263,0.02741628
Q006,Interaction / Combination,0.9430835,Safety / Contraindication,0.027149757,0.9159338,0.055518784,0.17306238,0.7714188,Interaction / Combination,True,0.008334557,0.007169365,0.027149757,0.9430835,0.0010950831,0.0021870113,0.0009822141,0.004935825,0.0014888656,0.0020402197,0.0015335305
Q007,Dosing / Administration,0.9290329,Safety / Contraindication,0.028950522,0.9000824,0.23898493,0.3060625,0.45495266,Dosing / Administration,True,0.0017207923,0.9290329,0.028950522,0.0039640944,0.004264655,0.0003087001,0.002007983,0.00048359288,0.0061528217,0.022316057,0.0007978815
Q008,Monitoring / Response / Risk Assessment,0.890431,Safety / Contraindication,0.05327918,0.8371518,0.15212123,0.14367965,0.70419914,Safety / Contraindication,True,0.0068379124,0.00059416913,0.05327918,0.0024491253,0.0041898075,0.890431,0.0017557619,0.019456545,0.0018665736,0.0032776715,0.015862267
Q009,Interaction / Combination,0.96815825,Management / Treatment Selection,0.011496757,0.95666146,0.056410003,0.12776594,0.81582403,Interaction / Combination,True,0.011496757,0.005260282,0.008127491,0.96815825,0.0006864637,0.0007660525,0.00031749677,0.0027614604,0.00086142827,0.0008724832,0.00069178373
Q010,Dosing / Administration,0.9370421,Safety / Contraindication,0.02476116,0.912281,0.11514645,0.30007026,0.58478326,Dosing / Administration,True,0.0008336398,0.9370421,0.02476116,0.004608833,0.0041895746,0.00026082367,0.0004221735,0.00028491154,0.010789378,0.016507117,0.00030031818
Q011,Dosing / Administration,0.93447703,Safety / Contraindication,0.026299171,0.90817785,0.12735051,0.38163197,0.49101758,Dosing / Administration,True,0.0008006031,0.93447703,0.026299171,0.0026559276,0.003138339,0.00023807125,0.001242675,0.00025766695,0.005222585,0.025038477,0.0006294292
Q012,Dosing / Administration,0.92477244,Safety / Contraindication,0.034303326,0.89046913,0.09765041,0.3836799,0.51866966,Dosing / Administration,True,0.00052305625,0.92477244,0.034303326,0.0033727584,0.0031130316,0.00027727074,0.0007957046,0.00021741739,0.008122877,0.02414709,0.00035511696
Q013,Safety / Contraindication,0.8616851,Dosing / Administration,0.034556855,0.82712823,0.05406603,0.2873255,0.6586085,Safety / Contraindication,True,0.006563477,0.034556855,0.8616851,0.021825211,0.016154157,0.007248508,0.013372398,0.0084392205,0.008381891,0.018982213,0.002790905
Q014,Dosing / Administration,0.46515778,Safety / Contraindication,0.36602956,0.09912822,0.13818632,0.31531486,0.54649884,Dosing / Administration,True,0.002984406,0.46515778,0.36602956,0.023220306,0.02027045,0.00352106,0.0082141915,0.0028694402,0.051322546,0.05498807,0.0014221744
Q015,Prophylaxis / Maintenance,0.98185766,Dosing / Administration,0.0056586284,0.97619903,0.10218652,0.6636613,0.23415214,Prophylaxis / Maintenance,True,0.00026789977,0.0056586284,0.0038981976,0.00013537068,0.0007915965,0.0014179507,0.00039673716,0.0003729436,0.00089366414,0.98185766,0.0043093925
Q016,Safety / Contraindication,0.88405836,Dosing / Administration,0.041609846,0.84244853,0.09786671,0.26063073,0.64150256,Safety / Contraindication,True,0.005092098,0.041609846,0.88405836,0.017500758,0.005848484,0.0029168404,0.021762542,0.0037000377,0.0027002732,0.0122628715,0.002547817
Q017,Mechanism / Background Knowledge,0.96171975,Prophylaxis / Maintenance,0.009412251,0.9523075,0.15438461,0.42697334,0.418642,Mechanism / Background Knowledge,True,0.003361197,0.0034955468,0.0037484686,0.0015181827,0.00101667,0.0052321088,0.0014139896,0.0025214988,0.0065603037,0.009412251,0.96171975
Q018,Interaction / Combination,0.9658287,Safety / Contraindication,0.0093598245,0.9564689,0.059179965,0.17512545,0.76569456,Interaction / Combination,True,0.0073426496,0.0067133796,0.0093598245,0.9658287,0.0008911213,0.0013587686,0.0004055369,0.0035923512,0.0017799377,0.0014922882,0.0012353742
Q019,Dosing / Administration,0.93447703,Safety / Contraindication,0.026299171,0.90817785,0.12735051,0.38163197,0.49101758,Dosing / Administration,True,0.0008006031,0.93447703,0.026299171,0.0026559276,0.003138339,0.00023807125,0.001242675,0.00025766695,0.005222585,0.025038477,0.0006294292
Q020,Guideline / Evidence Lookup,0.92699105,Management / Treatment Selection,0.03833121,0.88865983,0.21537267,0.2558986,0.5287287,Guideline / Evidence Lookup,True,0.03833121,0.0016593204,0.0030930375,0.0030428362,0.0015731389,0.012696883,0.0032239337,0.92699105,0.005289026,0.0034117822,0.0006877833
Q021,Dosing / Administration,0.91047275,Safety / Contraindication,0.041970864,0.8685019,0.11794164,0.30305544,0.5790029,Dosing / Administration,True,0.0007902704,0.91047275,0.041970864,0.004909365,0.0052201394,0.00039273326,0.0006085273,0.00031913552,0.011753359,0.023253744,0.0003091108
Q022,Treatment Change / Escalation,0.93789786,Dosing / Administration,0.030666366,0.9072315,0.051295042,0.22648612,0.7222189,Treatment Change / Escalation,True,0.0019218964,0.030666366,0.014545687,0.0023232459,0.0024792012,0.0025215242,0.00026023464,0.003023732,0.93789786,0.003906262,0.00045399406
Q023,Guideline / Evidence Lookup,0.9326238,Management / Treatment Selection,0.033688597,0.8989352,0.09947687,0.3768578,0.52366537,Guideline / Evidence Lookup,True,0.033688597,0.0019277667,0.0034863264,0.005157698,0.0019262672,0.009662211,0.0014769499,0.9326238,0.0064983875,0.0029824795,0.00056946
Q024,Dosing / Administration,0.93447703,Safety / Contraindication,0.026299171,0.90817785,0.12735051,0.38163197,0.49101758,Dosing / Administration,True,0.0008006031,0.93447703,0.026299171,0.0026559276,0.003138339,0.00023807125,0.001242675,0.00025766695,0.005222585,0.025038477,0.0006294292
Q025,Guideline / Evidence Lookup,0.8995319,Management / Treatment Selection,0.046889957,0.85264194,0.34313723,0.27667108,0.38019165,Guideline / Evidence Lookup,True,0.046889957,0.002213211,0.0040615587,0.0031670511,0.002007302,0.023734571,0.004376806,0.8995319,0.007774679,0.0049545546,0.0012884068
Q026,Safety / Contraindication,0.8575469,Dosing / Administration,0.02935046,0.82819647,0.17402212,0.25088906,0.5750888,Safety / Contraindication,True,0.006746737,0.02935046,0.8575469,0.017511114,0.016335798,0.010276254,0.019693956,0.00937719,0.008982293,0.021111812,0.00306757
Q027,Monitoring / Response / Risk Assessment,0.95744383,Safety / Contraindication,0.025715064,0.9317288,0.116592534,0.13519408,0.7482134,Safety / Contraindication,True,0.0007859507,0.00028169889,0.025715064,0.0011112427,0.002656752,0.95744383,0.0008431819,0.0049423245,0.001838235,0.0021310644,0.002250623
Q028,Monitoring / Response / Risk Assessment,0.890431,Safety / Contraindication,0.05327918,0.8371518,0.15212123,0.14367965,0.70419914,Safety / Contraindication,True,0.0068379124,0.00059416913,0.05327918,0.0024491253,0.0041898075,0.890431,0.0017557619,0.019456545,0.0018665736,0.0032776715,0.015862267
Q029,Efficacy / Outcomes,0.985386,Safety / Contraindication,0.007339046,0.97804695,0.25569043,0.34933466,0.39497498,Efficacy / Outcomes,True,0.00062200014,0.0010590008,0.007339046,0.0004650272,0.00034547818,0.0006852665,0.985386,0.0015773235,0.00031874055,0.0015134864,0.0006884901
Q030,Safety / Contraindication,0.8954512,Dosing / Administration,0.02418861,0.87126255,0.10168158,0.25574848,0.64256996,Safety / Contraindication,True,0.0061267517,0.02418861,0.8954512,0.018420387,0.005945842,0.004536995,0.022625646,0.005683256,0.0026619767,0.01096728,0.003392098
Q031,Safety / Contraindication,0.41915825,Dosing / Administration,0.3823942,0.036764055,0.075281054,0.3383302,0.5863887,Safety / Contraindication,True,0.0031189218,0.3823942,0.41915825,0.032759763,0.022015397,0.0047938107,0.009152789,0.0030827266,0.0646372,0.05715932,0.0017276556
Q032,Interaction / Combination,0.9658287,Safety / Contraindication,0.0093598245,0.9564689,0.059179965,0.17512545,0.76569456,Interaction / Combination,True,0.0073426496,0.0067133796,0.0093598245,0.9658287,0.0008911213,0.0013587686,0.0004055369,0.0035923512,0.0017799377,0.0014922882,0.0012353742
Q033,Safety / Contraindication,0.43469965,Dosing / Administration,0.26065686,0.17404279,0.108635366,0.22080563,0.6705589,Safety / Contraindication,True,0.008165965,0.26065686,0.43469965,0.23636624,0.012261621,0.0026449577,0.0078889225,0.0041008946,0.007974246,0.0232884,0.0019522384
Q034,Management / Treatment Selection,0.9139531,Guideline / Evidence Lookup,0.07021824,0.84373486,0.036884844,0.17585123,0.78726393,Management / Treatment Selection,True,0.9139531,0.0006008318,0.0025975087,0.0024557821,0.0013327209,0.0030144895,0.00078517833,0.07021824,0.0008576804,0.0012937404,0.0028907296
Q035,Management / Treatment Selection,0.984469,Guideline / Evidence Lookup,0.008368756,0.97610027,0.0488273,0.14333789,0.8078348,Management / Treatment Selection,True,0.984469,0.00045869395,0.00084554404,0.001505146,0.00046605823,0.0009946771,0.00046399934,0.008368756,0.00047666932,0.0008606629,0.0010907843
Q036,Dosing / Administration,0.46515778,Safety / Contraindication,0.36602956,0.09912822,0.13818632,0.31531486,0.54649884,Dosing / Administration,True,0.002984406,0.46515778,0.36602956,0.023220306,0.02027045,0.00352106,0.0082141915,0.0028694402,0.051322546,0.05498807,0.0014221744
Q037,Safety / Contraindication,0.73063,Efficacy / Outcomes,0.05275428,0.6778757,0.21928418,0.19392462,0.5867912,Safety / Contraindication,True,0.042467862,0.015543464,0.73063,0.036064792,0.015563455,0.022194685,0.05275428,0.03814801,0.005654433,0.01356263,0.02741628
Q038,Guideline / Evidence Lookup,0.8998325,Management / Treatment Selection,0.046918485,0.852914,0.06880169,0.46415398,0.4670443,Guideline / Evidence Lookup,True,0.046918485,0.0026425899,0.0058692,0.0062688678,0.0026363775,0.019536069,0.0025363287,0.8998325,0.0065889643,0.005398925,0.0017717036
Q039,Management / Treatment Selection,0.984469,Guideline / Evidence Lookup,0.008368756,0.97610027,0.0488273,0.14333789,0.8078348,Management / Treatment Selection,True,0.984469,0.00045869395,0.00084554404,0.001505146,0.00046605823,0.0009946771,0.00046399934,0.008368756,0.00047666932,0.0008606629,0.0010907843
Q040,Treatment Change / Escalation,0.93789786,Dosing / Administration,0.030666366,0.9072315,0.051295042,0.22648612,0.7222189,Treatment Change / Escalation,True,0.0019218964,0.030666366,0.014545687,0.0023232459,0.0024792012,0.0025215242,0.00026023464,0.003023732,0.93789786,0.003906262,0.00045399406
Q041,Mechanism / Background Knowledge,0.9610921,Prophylaxis / Maintenance,0.008824999,0.9522671,0.14974128,0.42445752,0.42580116,Mechanism / Background Knowledge,True,0.0034623244,0.0033220772,0.0039274776,0.0016313721,0.0010819362,0.006173529,0.0014241693,0.002710104,0.0063499655,0.008824999,0.9610921
Q042,Treatment Change / Escalation,0.9863862,Dosing / Administration,0.006705008,0.9796812,0.03939372,0.30122343,0.6593829,Treatment Change / Escalation,True,0.0005512554,0.006705008,0.002524249,0.00066998013,0.00034643078,0.00059008424,5.5899392e-05,0.0009023163,0.9863862,0.0010458053,0.00022271417
Q043,Safety / Contraindication,0.65628165,Efficacy / Outcomes,0.05371031,0.60257137,0.16496353,0.2933747,0.5416618,Safety / Contraindication,True,0.03137751,0.048519187,0.65628165,0.036885094,0.028877988,0.016388938,0.05371031,0.030487264,0.010222228,0.048823223,0.03842653
Q044,Management / Treatment Selection,0.98180884,Guideline / Evidence Lookup,0.0129710045,0.96883786,0.07745891,0.06796144,0.85457957,Management / Treatment Selection,True,0.98180884,0.0002494175,0.0009074252,0.0017276431,0.00030353194,0.00057336764,0.00026146133,0.0129710045,0.0002553771,0.00037652298,0.00056538323
Q045,Treatment Change / Escalation,0.9863862,Dosing / Administration,0.006705008,0.9796812,0.03939372,0.30122343,0.6593829,Treatment Change / Escalation,True,0.0005512554,0.006705008,0.002524249,0.00066998013,0.00034643078,0.00059008424,5.5899392e-05,0.0009023163,0.9863862,0.0010458053,0.00022271417
Q046,Management / Treatment Selection,0.9812088,Guideline / Evidence Lookup,0.009835744,0.9713731,0.025013724,0.12852103,0.8464653,Management / Treatment Selection,True,0.9812088,0.0006308346,0.0012609626,0.0020752833,0.00051879784,0.0015108364,0.00023764519,0.009835744,0.0006251403,0.0012888364,0.00080716953
Q047,Efficacy / Outcomes,0.9887477,Safety / Contraindication,0.0054166606,0.9833311,0.32741308,0.2560794,0.4165075,Efficacy / Outcomes,True,0.0004406123,0.0009160599,0.0054166606,0.00031277363,0.00017508688,0.000457426,0.9887477,0.0012014321,0.00025081233,0.0015783312,0.00050305855
Q048,Efficacy / Outcomes,0.9887477,Safety / Contraindication,0.0054166606,0.9833311,0.32741308,0.2560794,0.4165075,Efficacy / Outcomes,True,0.0004406123,0.0009160599,0.0054166606,0.00031277363,0.00017508688,0.000457426,0.9887477,0.0012014321,0.00025081233,0.0015783312,0.00050305855
Q049,Mechanism / Background Knowledge,0.96171975,Prophylaxis / Maintenance,0.009412251,0.9523075,0.15438461,0.42697334,0.418642,Mechanism / Background Knowledge,True,0.003361197,0.0034955468,0.0037484686,0.0015181827,0.00101667,0.0052321088,0.0014139896,0.0025214988,0.0065603037,0.009412251,0.96171975
Q050,Dosing / Administration,0.9290329,Safety / Contraindication,0.028950522,0.9000824,0.23898493,0.3060625,0.45495266,Dosing / Administration,True,0.0017207923,0.9290329,0.028950522,0.0039640944,0.004264655,0.0003087001,0.002007983,0.00048359288,0.0061528217,0.022316057,0.0007978815
Q051,Treatment Change / Escalation,0.99019414,Dosing / Administration,0.0041230964,0.98607105,0.063120574,0.26901764,0.6678618,Treatment Change / Escalation,True,0.00062880805,0.0041230964,0.0015642243,0.00033722428,0.0002891673,0.00042371365,7.109106e-05,0.0011110898,0.99019414,0.0010504981,0.0002068942
Q052,Guideline / Evidence Lookup,0.7298272,Management / Treatment Selection,0.24125436,0.48857287,0.13691023,0.1882803,0.67480946,Guideline / Evidence Lookup,True,0.24125436,0.0010232405,0.0040316246,0.0040122066,0.0023789092,0.009159516,0.0015533479,0.7298272,0.0023313756,0.0023016743,0.0021265105
Q053,Mechanism / Background Knowledge,0.9610921,Prophylaxis / Maintenance,0.008824999,0.9522671,0.14974128,0.42445752,0.42580116,Mechanism / Background Knowledge,True,0.0034623244,0.0033220772,0.0039274776,0.0016313721,0.0010819362,0.006173529,0.0014241693,0.002710104,0.0063499655,0.008824999,0.9610921
Q054,Safety / Contraindication,0.88405836,Dosing / Administration,0.041609846,0.84244853,0.09786671,0.26063073,0.64150256,Safety / Contraindication,True,0.005092098,0.041609846,0.88405836,0.017500758,0.005848484,0.0029168404,0.021762542,0.0037000377,0.0027002732,0.0122628715,0.002547817
Q055,Safety / Contraindication,0.41915825,Dosing / Administration,0.3823942,0.036764055,0.075281054,0.3383302,0.5863887,Safety / Contraindication,True,0.0031189218,0.3823942,0.41915825,0.032759763,0.022015397,0.0047938107,0.009152789,0.0030827266,0.0646372,0.05715932,0.0017276556
Q056,Dosing / Administration,0.9398804,Prophylaxis / Maintenance,0.02592304,0.91395736,0.18925025,0.35632086,0.45442888,Dosing / Administration,True,0.0011036793,0.9398804,0.018906377,0.002655495,0.0034362427,0.00028292774,0.0011172052,0.0003816462,0.0056452653,0.02592304,0.00066782115
Q057,Comparative Treatment Choice,0.9871715,Safety / Contraindication,0.0046370034,0.98253447,0.021237668,0.8594299,0.119332485,Comparative Treatment Choice,True,0.0006632035,0.0024613484,0.0046370034,0.00046102202,0.9871715,0.00064344006,0.00023193938,0.00030956455,0.0008884729,0.0023991433,0.00013340388
Q058,Mechanism / Background Knowledge,0.9630916,Prophylaxis / Maintenance,0.009283573,0.953808,0.16779414,0.41705677,0.4151491,Mechanism / Background Knowledge,True,0.0033464015,0.0031130675,0.003581385,0.0014153247,0.0009389338,0.0054953704,0.0012939762,0.0026520707,0.0057883062,0.009283573,0.9630916
Q059,Treatment Change / Escalation,0.99218833,Dosing / Administration,0.0035329384,0.9886554,0.049029365,0.3188914,0.63207924,Treatment Change / Escalation,True,0.00037003463,0.0035329384,0.0013499956,0.00018100263,0.00024305518,0.00041107825,4.3860993e-05,0.0007197344,0.99218833,0.0007478613,0.00021198983
Q060,Management / Treatment Selection,0.9850181,Guideline / Evidence Lookup,0.011684702,0.97333336,0.03942622,0.09368171,0.8668921,Management / Treatment Selection,True,0.9850181,0.0001834958,0.00033074006,0.0011936594,0.00021662781,0.0003648834,0.00017645913,0.011684702,0.00021237729,0.0003052155,0.00031369313
Q061,Guideline / Evidence Lookup,0.7298272,Management / Treatment Selection,0.24125436,0.48857287,0.13691023,0.1882803,0.67480946,Guideline / Evidence Lookup,True,0.24125436,0.0010232405,0.0040316246,0.0040122066,0.0023789092,0.009159516,0.0015533479,0.7298272,0.0023313756,0.0023016743,0.0021265105
Q062,Guideline / Evidence Lookup,0.9292537,Management / Treatment Selection,0.039107595,0.8901461,0.15030879,0.26743743,0.5822538,Guideline / Evidence Lookup,True,0.039107595,0.001570275,0.0030206968,0.0035865626,0.0017287816,0.010383553,0.0026917749,0.9292537,0.0049484246,0.0030384222,0.0006702495
Q063,Dosing / Administration,0.9359979,Prophylaxis / Maintenance,0.026671981,0.9093259,0.099171415,0.40157285,0.4992557,Dosing / Administration,True,0.00067632255,0.9359979,0.023463823,0.0025786082,0.0030644035,0.00025468788,0.0009340544,0.00024960394,0.005522859,0.026671981,0.0005856395
Q064,Monitoring / Response / Risk Assessment,0.9854785,Safety / Contraindication,0.006436455,0.97904205,0.06933048,0.14198625,0.7886833,Monitoring / Response / Risk Assessment,True,0.00040784042,7.76619e-05,0.006436455,0.00038513963,0.0009845658,0.9854785,0.0002085844,0.0031146058,0.000685258,0.00088724867,0.0013339646
Q065,Efficacy / Outcomes,0.985386,Safety / Contraindication,0.007339046,0.97804695,0.25569043,0.34933466,0.39497498,Efficacy / Outcomes,True,0.00062200014,0.0010590008,0.007339046,0.0004650272,0.00034547818,0.0006852665,0.985386,0.0015773235,0.00031874055,0.0015134864,0.0006884901
Q066,Monitoring / Response / Risk Assessment,0.9854785,Safety / Contraindication,0.006436455,0.97904205,0.06933048,0.14198625,0.7886833,Monitoring / Response / Risk Assessment,True,0.00040784042,7.76619e-05,0.006436455,0.00038513963,0.0009845658,0.9854785,0.0002085844,0.0031146058,0.000685258,0.00088724867,0.0013339646
Q067,Guideline / Evidence Lookup,0.94005793,Management / Treatment Selection,0.028276995,0.91178095,0.15640968,0.30461428,0.538976,Guideline / Evidence Lookup,True,0.028276995,0.0020387277,0.0033353174,0.004003721,0.0016539891,0.009187229,0.0010953395,0.94005793,0.006091839,0.0038448789,0.00041400708
Q068,Interaction / Combination,0.40348408,Treatment Change / Escalation,0.21723941,0.18624467,0.06778472,0.18726723,0.744948,Treatment Change / Escalation,True,0.015831979,0.17889424,0.14233454,0.40348408,0.00658848,0.004918532,0.0022792676,0.00972685,0.21723941,0.016995147,0.001707502
Q069,Dosing / Administration,0.91047275,Safety / Contraindication,0.041970864,0.8685019,0.11794164,0.30305544,0.5790029,Dosing / Administration,True,0.0007902704,0.91047275,0.041970864,0.004909365,0.0052201394,0.00039273326,0.0006085273,0.00031913552,0.011753359,0.023253744,0.0003091108
Q070,Efficacy / Outcomes,0.9887477,Safety / Contraindication,0.0054166606,0.9833311,0.32741308,0.2560794,0.4165075,Efficacy / Outcomes,True,0.0004406123,0.0009160599,0.0054166606,0.00031277363,0.00017508688,0.000457426,0.9887477,0.0012014321,0.00025081233,0.0015783312,0.00050305855
Q071,Comparative Treatment Choice,0.98690945,Safety / Contraindication,0.004778459,0.982131,0.021289317,0.85115695,0.12755372,Comparative Treatment Choice,True,0.00065552985,0.0025432212,0.004778459,0.00046613917,0.98690945,0.000643919,0.00023063968,0.00030668004,0.00091201585,0.0024213537,0.00013267493
Q072,Prophylaxis / Maintenance,0.98110205,Dosing / Administration,0.0068763373,0.9742257,0.0927259,0.65266055,0.2546135,Prophylaxis / Maintenance,True,0.00047711443,0.0068763373,0.004561182,0.0002038534,0.0012674354,0.0014874511,0.0005453847,0.0005784802,0.00091132114,0.98110205,0.0019893555
Q073,Safety / Contraindication,0.899799,Efficacy / Outcomes,0.022199323,0.87759966,0.072014146,0.2641947,0.6637912,Safety / Contraindication,True,0.0061315796,0.02187402,0.899799,0.018168176,0.005511088,0.0047542993,0.022199323,0.005825767,0.0025902535,0.0100873085,0.003059201
Q074,Mechanism / Background Knowledge,0.9630916,Prophylaxis / Maintenance,0.009283573,0.953808,0.16779414,0.41705677,0.4151491,Mechanism / Background Knowledge,True,0.0033464015,0.0031130675,0.003581385,0.0014153247,0.0009389338,0.0054953704,0.0012939762,0.0026520707,0.0057883062,0.009283573,0.9630916
Q075,Guideline / Evidence Lookup,0.9088194,Management / Treatment Selection,0.041700598,0.8671188,0.2930321,0.31573683,0.3912311,Guideline / Evidence Lookup,True,0.041700598,0.0018905976,0.0038126272,0.003369961,0.0018632438,0.02223475,0.0033048084,0.9088194,0.0069526467,0.0047746846,0.0012766604
Q076,Dosing / Administration,0.93447703,Safety / Contraindication,0.026299171,0.90817785,0.12735051,0.38163197,0.49101758,Dosing / Administration,True,0.0008006031,0.93447703,0.026299171,0.0026559276,0.003138339,0.00023807125,0.001242675,0.00025766695,0.005222585,0.025038477,0.0006294292
Q077,Management / Treatment Selection,0.984469,Guideline / Evidence Lookup,0.008368756,0.97610027,0.0488273,0.14333789,0.8078348,Management / Treatment Selection,True,0.984469,0.00045869395,0.00084554404,0.001505146,0.00046605823,0.0009946771,0.00046399934,0.008368756,0.00047666932,0.0008606629,0.0010907843
Q078,Safety / Contraindication,0.6465199,Interaction / Combination,0.25957885,0.38694105,0.08284629,0.21724896,0.6999048,Safety / Contraindication,True,0.008513435,0.03398736,0.6465199,0.25957885,0.005307743,0.0061648595,0.012961158,0.008405445,0.0046764677,0.0107797915,0.003105055
Q079,Mechanism / Background Knowledge,0.9610921,Prophylaxis / Maintenance,0.008824999,0.9522671,0.14974128,0.42445752,0.42580116,Mechanism / Background Knowledge,True,0.0034623244,0.0033220772,0.0039274776,0.0016313721,0.0010819362,0.006173529,0.0014241693,0.002710104,0.0063499655,0.008824999,0.9610921
Q080,Management / Treatment Selection,0.992386,Guideline / Evidence Lookup,0.004362032,0.98802394,0.024404591,0.09008714,0.8855083,Management / Treatment Selection,True,0.992386,0.0001951212,0.00034671393,0.0011245313,0.00018862227,0.0003029963,0.00018241667,0.004362032,0.00018595599,0.00031046817,0.00041515328
Q081,Management / Treatment Selection,0.9922327,Guideline / Evidence Lookup,0.0044799307,0.98775274,0.028421257,0.08971623,0.8818625,Management / Treatment Selection,True,0.9922327,0.00019757361,0.00035066527,0.0011328555,0.00019221543,0.00030874854,0.00018424932,0.0044799307,0.00018843457,0.0003149065,0.00041775586
Q082,Treatment Change / Escalation,0.99019414,Dosing / Administration,0.0041230964,0.98607105,0.063120574,0.26901764,0.6678618,Treatment Change / Escalation,True,0.00062880805,0.0041230964,0.0015642243,0.00033722428,0.0002891673,0.00042371365,7.109106e-05,0.0011110898,0.99019414,0.0010504981,0.0002068942
Q083,Guideline / Evidence Lookup,0.9292537,Management / Treatment Selection,0.039107595,0.8901461,0.15030879,0.26743743,0.5822538,Guideline / Evidence Lookup,True,0.039107595,0.001570275,0.0030206968,0.0035865626,0.0017287816,0.010383553,0.0026917749,0.9292537,0.0049484246,0.0030384222,0.0006702495
Q084,Management / Treatment Selection,0.984469,Guideline / Evidence Lookup,0.008368756,0.97610027,0.0488273,0.14333789,0.8078348,Management / Treatment Selection,True,0.984469,0.00045869395,0.00084554404,0.001505146,0.00046605823,0.0009946771,0.00046399934,0.008368756,0.00047666932,0.0008606629,0.0010907843
Q085,Comparative Treatment Choice,0.9547989,Safety / Contraindication,0.02149563,0.93330324,0.04129908,0.8265778,0.13212314,Comparative Treatment Choice,True,0.0012964542,0.0047185915,0.02149563,0.00095794443,0.9547989,0.0025487514,0.0042997077,0.0010125812,0.0017056195,0.0064960876,0.0006698806
Q086,Treatment Change / Escalation,0.99029225,Dosing / Administration,0.0043945983,0.98589766,0.046095613,0.3221867,0.63171774,Treatment Change / Escalation,True,0.00045609317,0.0043945983,0.0016847509,0.00035322265,0.00026988643,0.00047705002,6.0274444e-05,0.00081861607,0.99029225,0.0009352023,0.00025818992
Q087,Management / Treatment Selection,0.9917514,Guideline / Evidence Lookup,0.003734738,0.9880166,0.029837033,0.09045421,0.87970877,Management / Treatment Selection,True,0.9917514,0.00040520096,0.00052399037,0.0017249559,0.0002646951,0.00027200417,0.0002272717,0.003734738,0.00022353596,0.00039372224,0.0004785071
Q088,Dosing / Administration,0.9370421,Safety / Contraindication,0.02476116,0.912281,0.11514645,0.30007026,0.58478326,Dosing / Administration,True,0.0008336398,0.9370421,0.02476116,0.004608833,0.0041895746,0.00026082367,0.0004221735,0.00028491154,0.010789378,0.016507117,0.00030031818
Q089,Safety / Contraindication,0.41025126,Dosing / Administration,0.38823476,0.022016495,0.08477539,0.33485648,0.5803681,Monitoring / Response / Risk Assessment,True,0.0029758022,0.38823476,0.41025126,0.030308373,0.021144183,0.00517788,0.009237082,0.0031443597,0.06732616,0.060526393,0.00167369
Q090,Management / Treatment Selection,0.984469,Guideline / Evidence Lookup,0.008368756,0.97610027,0.0488273,0.14333789,0.8078348,Management / Treatment Selection,True,0.984469,0.00045869395,0.00084554404,0.001505146,0.00046605823,0.0009946771,0.00046399934,0.008368756,0.00047666932,0.0008606629,0.0010907843
Q091,Dosing / Administration,0.92477244,Safety / Contraindication,0.034303326,0.89046913,0.09765041,0.3836799,0.51866966,Dosing / Administration,True,0.00052305625,0.92477244,0.034303326,0.0033727584,0.0031130316,0.00027727074,0.0007957046,0.00021741739,0.008122877,0.02414709,0.00035511696
Q092,Treatment Change / Escalation,0.99218833,Dosing / Administration,0.0035329384,0.9886554,0.049029365,0.3188914,0.63207924,Treatment Change / Escalation,True,0.00037003463,0.0035329384,0.0013499956,0.00018100263,0.00024305518,0.00041107825,4.3860993e-05,0.0007197344,0.99218833,0.0007478613,0.00021198983
Q093,Treatment Change / Escalation,0.99038905,Dosing / Administration,0.00490377,0.98548526,0.037377242,0.31200257,0.65062016,Treatment Change / Escalation,True,0.00033171865,0.00490377,0.0018043661,0.00022721417,0.00026717584,0.000397814,3.8790327e-05,0.0006184458,0.99038905,0.00085334206,0.00016830495
Q094,Guideline / Evidence Lookup,0.940628,Management / Treatment Selection,0.028823292,0.9118047,0.15762483,0.27590325,0.5664719,Guideline / Evidence Lookup,True,0.028823292,0.0019900515,0.0033034736,0.004032663,0.0017347807,0.008335561,0.0010814503,0.940628,0.0061536147,0.0035348206,0.00038226374
Q095,Monitoring / Response / Risk Assessment,0.9854785,Safety / Contraindication,0.006436455,0.97904205,0.06933048,0.14198625,0.7886833,Monitoring / Response / Risk Assessment,True,0.00040784042,7.76619e-05,0.006436455,0.00038513963,0.0009845658,0.9854785,0.0002085844,0.0031146058,0.000685258,0.00088724867,0.0013339646
Q096,Monitoring / Response / Risk Assessment,0.98009765,Safety / Contraindication,0.007012265,0.9730854,0.1537722,0.15504873,0.69117904,Monitoring / Response / Risk Assessment,True,0.0008031459,0.00012086152,0.007012265,0.00057860406,0.0010294305,0.98009765,0.00042226276,0.005531471,0.0008897635,0.0012693278,0.0022450977
Q097,Dosing / Administration,0.9359979,Prophylaxis / Maintenance,0.026671981,0.9093259,0.099171415,0.40157285,0.4992557,Dosing / Administration,True,0.00067632255,0.9359979,0.023463823,0.0025786082,0.0030644035,0.00025468788,0.0009340544,0.00024960394,0.005522859,0.026671981,0.0005856395
Q098,Guideline / Evidence Lookup,0.8981066,Management / Treatment Selection,0.049000163,0.84910643,0.07604229,0.45705265,0.46690512,Guideline / Evidence Lookup,True,0.049000163,0.0025629008,0.0059590256,0.0059595765,0.0025856574,0.019870423,0.002573295,0.8981066,0.0063109435,0.0052788425,0.0017926091
Q099,Dosing / Administration,0.9398804,Prophylaxis / Maintenance,0.02592304,0.91395736,0.18925025,0.35632086,0.45442888,Dosing / Administration,True,0.0011036793,0.9398804,0.018906377,0.002655495,0.0034362427,0.00028292774,0.0011172052,0.0003816462,0.0056452653,0.02592304,0.00066782115
Q100,Prophylaxis / Maintenance,0.98110205,Dosing / Administration,0.0068763373,0.9742257,0.0927259,0.65266055,0.2546135,Prophylaxis / Maintenance,True,0.00047711443,0.0068763373,0.004561182,0.0002038534,0.0012674354,0.0014874511,0.0005453847,0.0005784802,0.00091132114,0.98110205,0.0019893555
Q101,Interaction / Combination,0.96815825,Management / Treatment Selection,0.011496757,0.95666146,0.056410003,0.12776594,0.81582403,Interaction / Combination,True,0.011496757,0.005260282,0.008127491,0.96815825,0.0006864637,0.0007660525,0.00031749677,0.0027614604,0.00086142827,0.0008724832,0.00069178373
Q102,Safety / Contraindication,0.5550423,Mechanism / Background Knowledge,0.07580669,0.47923565,0.0565505,0.33151737,0.61193216,Safety / Contraindication,True,0.06448899,0.01863874,0.5550423,0.039532498,0.026027938,0.04362154,0.053342022,0.074821174,0.009869309,0.03880883,0.07580669
Q103,Safety / Contraindication,0.41025126,Dosing / Administration,0.38823476,0.022016495,0.08477539,0.33485648,0.5803681,Monitoring / Response / Risk Assessment,True,0.0029758022,0.38823476,0.41025126,0.030308373,0.021144183,0.00517788,0.009237082,0.0031443597,0.06732616,0.060526393,0.00167369
Q104,Dosing / Administration,0.9449216,Prophylaxis / Maintenance,0.024700452,0.92022115,0.17482379,0.36387566,0.46130064,Dosing / Administration,True,0.001062072,0.9449216,0.0162771,0.0025352815,0.0030233508,0.00024687662,0.0009706704,0.0003293514,0.00529106,0.024700452,0.0006421037
Q105,Guideline / Evidence Lookup,0.9142974,Management / Treatment Selection,0.0363307,0.8779667,0.1749277,0.42183003,0.40324226,Guideline / Evidence Lookup,True,0.0363307,0.002289391,0.004248882,0.0038102427,0.0017400414,0.02071354,0.0030198037,0.9142974,0.0070672175,0.005454679,0.0010281854
Q106,Dosing / Administration,0.37508363,Safety / Contraindication,0.27289736,0.10218626,0.07496158,0.2319428,0.69309556,Dosing / Administration,True,0.007898822,0.37508363,0.27289736,0.06544229,0.043056898,0.008644456,0.002235305,0.006650602,0.1811591,0.035885625,0.0010459034
Q107,Management / Treatment Selection,0.984469,Guideline / Evidence Lookup,0.008368756,0.97610027,0.0488273,0.14333789,0.8078348,Management / Treatment Selection,True,0.984469,0.00045869395,0.00084554404,0.001505146,0.00046605823,0.0009946771,0.00046399934,0.008368756,0.00047666932,0.0008606629,0.0010907843
Q108,Monitoring / Response / Risk Assessment,0.890431,Safety / Contraindication,0.05327918,0.8371518,0.15212123,0.14367965,0.70419914,Safety / Contraindication,True,0.0068379124,0.00059416913,0.05327918,0.0024491253,0.0041898075,0.890431,0.0017557619,0.019456545,0.0018665736,0.0032776715,0.015862267
Q109,Guideline / Evidence Lookup,0.9389991,Management / Treatment Selection,0.030376082,0.90862304,0.11241233,0.31411198,0.5734757,Guideline / Evidence Lookup,True,0.030376082,0.0019914214,0.0032348663,0.0045705196,0.0017360653,0.008091497,0.0011563249,0.9389991,0.006022207,0.0033721167,0.00044984822
Q110,Dosing / Administration,0.91047275,Safety / Contraindication,0.041970864,0.8685019,0.11794164,0.30305544,0.5790029,Dosing / Administration,True,0.0007902704,0.91047275,0.041970864,0.004909365,0.0052201394,0.00039273326,0.0006085273,0.00031913552,0.011753359,0.023253744,0.0003091108
Q111,Dosing / Administration,0.40504202,Safety / Contraindication,0.40285012,0.0021919012,0.07290639,0.33919907,0.58789456,Safety / Contraindication,True,0.0029255813,0.40504202,0.40285012,0.030697864,0.02201794,0.0042109834,0.007811221,0.0028304385,0.063002825,0.057014983,0.0015960957
Q112,Comparative Treatment Choice,0.98690945,Safety / Contraindication,0.0047784615,0.982131,0.021289317,0.85115695,0.12755372,Comparative Treatment Choice,True,0.00065552985,0.0025432212,0.0047784615,0.00046613917,0.98690945,0.000643919,0.00023063968,0.00030668004,0.00091201585,0.0024213549,0.00013267493
Q113,Guideline / Evidence Lookup,0.92699105,Management / Treatment Selection,0.03833121,0.88865983,0.21537267,0.2558986,0.5287287,Guideline / Evidence Lookup,True,0.03833121,0.0016593204,0.0030930375,0.0030428362,0.0015731389,0.012696883,0.0032239337,0.92699105,0.005289026,0.0034117822,0.0006877833
Q114,Comparative Treatment Choice,0.98690945,Safety / Contraindication,0.0047784615,0.982131,0.021289317,0.85115695,0.12755372,Comparative Treatment Choice,True,0.00065552985,0.0025432212,0.0047784615,0.00046613917,0.98690945,0.000643919,0.00023063968,0.00030668004,0.00091201585,0.0024213549,0.00013267493
Q115,Dosing / Administration,0.93178225,Safety / Contraindication,0.028436065,0.9033462,0.087837555,0.3468386,0.56532377,Dosing / Administration,True,0.00068523234,0.93178225,0.028436065,0.0035827316,0.0040662917,0.00029380608,0.00055431115,0.00027342915,0.00788193,0.022076674,0.00036729296
Q116,Management / Treatment Selection,0.9921794,Guideline / Evidence Lookup,0.0045183976,0.987661,0.028620584,0.08969783,0.8816816,Management / Treatment Selection,True,0.9921794,0.0002002998,0.0003512588,0.0011402497,0.00019254947,0.00031067955,0.00018916589,0.0045183976,0.00018868699,0.00031581166,0.00041344904
Q117,Treatment Change / Escalation,0.99218833,Dosing / Administration,0.0035329384,0.9886554,0.049029365,0.3188914,0.63207924,Treatment Change / Escalation,True,0.00037003463,0.0035329384,0.0013499956,0.00018100263,0.00024305518,0.00041107825,4.3860993e-05,0.0007197344,0.99218833,0.0007478613,0.00021198983
Q118,Dosing / Administration,0.9398804,Prophylaxis / Maintenance,0.02592304,0.91395736,0.18925025,0.35632086,0.45442888,Dosing / Administration,True,0.0011036793,0.9398804,0.018906377,0.002655495,0.0034362427,0.00028292774,0.0011172052,0.0003816462,0.0056452653,0.02592304,0.00066782115
Q119,Guideline / Evidence Lookup,0.7298272,Management / Treatment Selection,0.24125436,0.48857287,0.13691023,0.1882803,0.67480946,Guideline / Evidence Lookup,True,0.24125436,0.0010232405,0.0040316246,0.0040122066,0.0023789092,0.009159516,0.0015533479,0.7298272,0.0023313756,0.0023016743,0.0021265105
Q120,Guideline / Evidence Lookup,0.9292537,Management / Treatment Selection,0.039107595,0.8901461,0.15030879,0.26743743,0.5822538,Guideline / Evidence Lookup,True,0.039107595,0.001570275,0.0030206968,0.0035865626,0.0017287816,0.010383553,0.0026917749,0.9292537,0.0049484246,0.0030384222,0.0006702495
Q121,Management / Treatment Selection,0.9559435,Interaction / Combination,0.01427071,0.9416728,0.02353667,0.07813453,0.89832884,Management / Treatment Selection,True,0.9559435,0.0040165875,0.0051689963,0.01427071,0.0021750117,0.0008567011,0.00021904917,0.010258207,0.0057281773,0.0010855532,0.00027743884
Q122,Dosing / Administration,0.92477244,Safety / Contraindication,0.034303326,0.89046913,0.09765041,0.3836799,0.51866966,Dosing / Administration,True,0.00052305625,0.92477244,0.034303326,0.0033727584,0.0031130316,0.00027727074,0.0007957046,0.00021741739,0.008122877,0.02414709,0.00035511696
Q123,Management / Treatment Selection,0.9812088,Guideline / Evidence Lookup,0.009835744,0.9713731,0.025013724,0.12852103,0.8464653,Management / Treatment Selection,True,0.9812088,0.0006308346,0.0012609626,0.0020752833,0.00051879784,0.0015108364,0.00023764519,0.009835744,0.0006251403,0.0012888364,0.00080716953
Q124,Treatment Change / Escalation,0.99029225,Dosing / Administration,0.0043945983,0.98589766,0.046095613,0.3221867,0.63171774,Treatment Change / Escalation,True,0.00045609317,0.0043945983,0.0016847509,0.00035322265,0.00026988643,0.00047705002,6.0274444e-05,0.00081861607,0.99029225,0.0009352023,0.00025818992
Q125,Safety / Contraindication,0.5923927,Treatment Change / Escalation,0.2465193,0.3458734,0.06386336,0.32722732,0.60890937,Safety / Contraindication,True,0.009847609,0.06292986,0.5923927,0.013142335,0.012889126,0.0076806927,0.0085191615,0.011547406,0.2465193,0.031328112,0.0032037715
Q126,Treatment Change / Escalation,0.99019414,Dosing / Administration,0.0041230964,0.98607105,0.063120574,0.26901764,0.6678618,Treatment Change / Escalation,True,0.00062880805,0.0041230964,0.0015642243,0.00033722428,0.0002891673,0.00042371365,7.109106e-05,0.0011110898,0.99019414,0.0010504981,0.0002068942
Q127,Management / Treatment Selection,0.9847149,Guideline / Evidence Lookup,0.012026111,0.9726888,0.04322683,0.09331105,0.86346215,Management / Treatment Selection,True,0.9847149,0.00018008989,0.00032655627,0.0011587135,0.00021289809,0.00037037444,0.00017589849,0.012026111,0.00021362519,0.00030521906,0.00031546413
Q128,Guideline / Evidence Lookup,0.940628,Management / Treatment Selection,0.028823292,0.9118047,0.15762483,0.27590325,0.5664719,Guideline / Evidence Lookup,True,0.028823292,0.0019900515,0.0033034736,0.004032663,0.0017347807,0.008335561,0.0010814503,0.940628,0.0061536147,0.0035348206,0.00038226374
Q129,Safety / Contraindication,0.4391546,Dosing / Administration,0.335014,0.10414061,0.15489729,0.30920076,0.53590196,Safety / Contraindication,True,0.0048387554,0.335014,0.4391546,0.038075186,0.024456041,0.0063779387,0.011414817,0.004672182,0.06931115,0.0636431,0.003042248
Q130,Dosing / Administration,0.4291751,Safety / Contraindication,0.38725096,0.04192415,0.08651657,0.33421946,0.579264,Dosing / Administration,True,0.0028077331,0.4291751,0.38725096,0.028364578,0.022021452,0.0037982939,0.0070890314,0.0027597924,0.059709262,0.055529054,0.0014946925
Q131,Safety / Contraindication,0.84237653,Dosing / Administration,0.026793176,0.81558335,0.13850378,0.26167768,0.59981847,Safety / Contraindication,True,0.008601082,0.026793176,0.84237653,0.023321996,0.019367158,0.013335273,0.014236913,0.015071289,0.010440636,0.022531923,0.00392398
Q132,Treatment Change / Escalation,0.9160713,Dosing / Administration,0.049375046,0.86669624,0.062237855,0.3146995,0.62306255,Dosing / Administration,True,0.0008223792,0.049375046,0.022693774,0.0011278313,0.0011311694,0.00071985007,0.00026616323,0.00091056165,0.9160713,0.0065723206,0.0003095923
Q133,Dosing / Administration,0.40195975,Safety / Contraindication,0.39956948,0.0023902655,0.06935967,0.3404967,0.5901436,Safety / Contraindication,True,0.0029080887,0.40195975,0.39956948,0.030814752,0.022693243,0.0044373684,0.0075378935,0.0029185019,0.06769844,0.05785806,0.0016043916
Q134,Prophylaxis / Maintenance,0.98185766,Dosing / Administration,0.0056586284,0.97619903,0.10218652,0.6636613,0.23415214,Prophylaxis / Maintenance,True,0.00026789977,0.0056586284,0.0038981976,0.00013537068,0.0007915965,0.0014179507,0.00039673716,0.0003729436,0.00089366414,0.98185766,0.0043093925
Q135,Dosing / Administration,0.9290329,Safety / Contraindication,0.028950522,0.9000824,0.23898493,0.3060625,0.45495266,Dosing / Administration,True,0.0017207923,0.9290329,0.028950522,0.0039640944,0.004264655,0.0003087001,0.002007983,0.00048359288,0.0061528217,0.022316057,0.0007978815
Q136,Treatment Change / Escalation,0.99019414,Dosing / Administration,0.0041230964,0.98607105,0.063120574,0.26901764,0.6678618,Treatment Change / Escalation,True,0.00062880805,0.0041230964,0.0015642243,0.00033722428,0.0002891673,0.00042371365,7.109106e-05,0.0011110898,0.99019414,0.0010504981,0.0002068942
Q137,Mechanism / Background Knowledge,0.96171975,Prophylaxis / Maintenance,0.009412251,0.9523075,0.15438461,0.42697334,0.418642,Mechanism / Background Knowledge,True,0.003361197,0.0034955468,0.0037484686,0.0015181827,0.00101667,0.0052321088,0.0014139896,0.0025214988,0.0065603037,0.009412251,0.96171975
Q138,Safety / Contraindication,0.4391546,Dosing / Administration,0.335014,0.10414061,0.15489729,0.30920076,0.53590196,Safety / Contraindication,True,0.0048387554,0.335014,0.4391546,0.038075186,0.024456041,0.0063779387,0.011414817,0.004672182,0.06931115,0.0636431,0.003042248
Q139,Dosing / Administration,0.91047275,Safety / Contraindication,0.041970864,0.8685019,0.11794164,0.30305544,0.5790029,Dosing / Administration,True,0.0007902704,0.91047275,0.041970864,0.004909365,0.0052201394,0.00039273326,0.0006085273,0.00031913552,0.011753359,0.023253744,0.0003091108
Q140,Mechanism / Background Knowledge,0.9630916,Prophylaxis / Maintenance,0.009283573,0.953808,0.16779414,0.41705677,0.4151491,Mechanism / Background Knowledge,True,0.0033464015,0.0031130675,0.003581385,0.0014153247,0.0009389338,0.0054953704,0.0012939762,0.0026520707,0.0057883062,0.009283573,0.9630916
Q141,Prophylaxis / Maintenance,0.98110205,Dosing / Administration,0.0068763373,0.9742257,0.0927259,0.65266055,0.2546135,Prophylaxis / Maintenance,True,0.00047711443,0.0068763373,0.004561182,0.0002038534,0.0012674354,0.0014874511,0.0005453847,0.0005784802,0.00091132114,0.98110205,0.0019893555
Q142,Safety / Contraindication,0.84266317,Dosing / Administration,0.029865067,0.8127981,0.13503191,0.30043522,0.5645328,Safety / Contraindication,True,0.0075300136,0.029865067,0.84266317,0.019540463,0.015625311,0.010788963,0.02177248,0.011959617,0.008914483,0.026933229,0.004407315
Q143,Treatment Change / Escalation,0.99218833,Dosing / Administration,0.0035329384,0.9886554,0.049029365,0.3188914,0.63207924,Treatment Change / Escalation,True,0.00037003463,0.0035329384,0.0013499956,0.00018100263,0.00024305518,0.00041107825,4.3860993e-05,0.0007197344,0.99218833,0.0007478613,0.00021198983
Q144,Dosing / Administration,0.9449216,Prophylaxis / Maintenance,0.024700452,0.92022115,0.17482379,0.36387566,0.46130064,Dosing / Administration,True,0.001062072,0.9449216,0.0162771,0.0025352815,0.0030233508,0.00024687662,0.0009706704,0.0003293514,0.00529106,0.024700452,0.0006421037
Q145,Dosing / Administration,0.37508363,Safety / Contraindication,0.27289736,0.10218626,0.07496158,0.2319428,0.69309556,Dosing / Administration,True,0.007898822,0.37508363,0.27289736,0.06544229,0.043056898,0.008644456,0.002235305,0.006650602,0.1811591,0.035885625,0.0010459034
Q146,Comparative Treatment Choice,0.9871715,Safety / Contraindication,0.0046370034,0.98253447,0.021237668,0.8594299,0.119332485,Comparative Treatment Choice,True,0.0006632035,0.0024613484,0.0046370034,0.00046102202,0.9871715,0.00064344006,0.00023193938,0.00030956455,0.0008884729,0.0023991433,0.00013340388
Q147,Guideline / Evidence Lookup,0.7298272,Management / Treatment Selection,0.24125436,0.48857287,0.13691023,0.1882803,0.67480946,Guideline / Evidence Lookup,True,0.24125436,0.0010232405,0.0040316246,0.0040122066,0.0023789092,0.009159516,0.0015533479,0.7298272,0.0023313756,0.0023016743,0.0021265105
Q148,Dosing / Administration,0.934477,Safety / Contraindication,0.026299201,0.9081778,0.12735051,0.3816319,0.49101752,Dosing / Administration,True,0.0008006046,0.934477,0.026299201,0.0026559313,0.0031383433,0.00023807195,0.0012426772,0.00025766742,0.0052225925,0.025038505,0.00062943035
Q149,Mechanism / Background Knowledge,0.9610921,Prophylaxis / Maintenance,0.008824999,0.9522671,0.14974128,0.42445752,0.42580116,Mechanism / Background Knowledge,True,0.0034623244,0.0033220772,0.0039274776,0.0016313721,0.0010819362,0.006173529,0.0014241693,0.002710104,0.0063499655,0.008824999,0.9610921
Q150,Comparative Treatment Choice,0.98687124,Safety / Contraindication,0.004795867,0.9820754,0.021655308,0.85083866,0.12750602,Comparative Treatment Choice,True,0.00065813586,0.0025355718,0.004795867,0.00046835444,0.98687124,0.0006493416,0.00023076386,0.00030874225,0.00091581716,0.0024319214,0.00013412975
Q151,Guideline / Evidence Lookup,0.9227654,Management / Treatment Selection,0.04134839,0.881417,0.25853133,0.24681257,0.49465612,Guideline / Evidence Lookup,True,0.04134839,0.0015295566,0.0029317967,0.0029325588,0.0016162209,0.013753202,0.0034415303,0.9227654,0.005522122,0.003362306,0.00079697726
Q152,Safety / Contraindication,0.62733513,Interaction / Combination,0.28218332,0.3451518,0.054509576,0.22396116,0.7215293,Safety / Contraindication,True,0.0084717665,0.031908542,0.62733513,0.28218332,0.005008434,0.006500796,0.011881652,0.008537108,0.0046845768,0.010343224,0.0031455152
Q153,Guideline / Evidence Lookup,0.8995319,Management / Treatment Selection,0.046889957,0.85264194,0.34313723,0.27667108,0.38019165,Guideline / Evidence Lookup,True,0.046889957,0.002213211,0.0040615587,0.0031670511,0.002007302,0.023734571,0.004376806,0.8995319,0.007774679,0.0049545546,0.0012884068
Q154,Dosing / Administration,0.9290329,Safety / Contraindication,0.028950522,0.9000824,0.23898493,0.3060625,0.45495266,Dosing / Administration,True,0.0017207923,0.9290329,0.028950522,0.0039640944,0.004264655,0.0003087001,0.002007983,0.00048359288,0.0061528217,0.022316057,0.0007978815
Q155,Interaction / Combination,0.9430835,Safety / Contraindication,0.027149757,0.9159338,0.055518784,0.17306238,0.7714188,Interaction / Combination,True,0.008334557,0.007169365,0.027149757,0.9430835,0.0010950831,0.0021870113,0.0009822141,0.004935825,0.0014888656,0.0020402197,0.0015335305
Q156,Guideline / Evidence Lookup,0.9326238,Management / Treatment Selection,0.033688597,0.8989352,0.09947687,0.3768578,0.52366537,Guideline / Evidence Lookup,True,0.033688597,0.0019277667,0.0034863264,0.005157698,0.0019262672,0.009662211,0.0014769499,0.9326238,0.0064983875,0.0029824795,0.00056946
Q157,Safety / Contraindication,0.73063,Efficacy / Outcomes,0.05275428,0.6778757,0.21928418,0.19392462,0.5867912,Safety / Contraindication,True,0.042467862,0.015543464,0.73063,0.036064792,0.015563455,0.022194685,0.05275428,0.03814801,0.005654433,0.01356263,0.02741628
Q158,Management / Treatment Selection,0.9559435,Interaction / Combination,0.01427071,0.9416728,0.02353667,0.07813453,0.89832884,Management / Treatment Selection,True,0.9559435,0.0040165875,0.0051689963,0.01427071,0.0021750117,0.0008567011,0.00021904917,0.010258207,0.0057281773,0.0010855532,0.00027743884
Q159,Dosing / Administration,0.37508363,Safety / Contraindication,0.27289736,0.10218626,0.07496158,0.2319428,0.69309556,Dosing / Administration,True,0.007898822,0.37508363,0.27289736,0.06544229,0.043056898,0.008644456,0.002235305,0.006650602,0.1811591,0.035885625,0.0010459034
Q160,Dosing / Administration,0.9359979,Prophylaxis / Maintenance,0.026671981,0.9093259,0.099171415,0.40157285,0.4992557,Dosing / Administration,True,0.00067632255,0.9359979,0.023463823,0.0025786082,0.0030644035,0.00025468788,0.0009340544,0.00024960394,0.005522859,0.026671981,0.0005856395
Q161,Dosing / Administration,0.92477244,Safety / Contraindication,0.034303326,0.89046913,0.09765041,0.3836799,0.51866966,Dosing / Administration,True,0.00052305625,0.92477244,0.034303326,0.0033727584,0.0031130316,0.00027727074,0.0007957046,0.00021741739,0.008122877,0.02414709,0.00035511696
Q162,Safety / Contraindication,0.4010025,Dosing / Administration,0.3952823,0.005720198,0.058648568,0.3444156,0.5969358,Safety / Contraindication,True,0.0030058613,0.3952823,0.4010025,0.032910563,0.022716047,0.004839184,0.0076629105,0.0030876095,0.06879494,0.05897525,0.0017228695
Q163,Safety / Contraindication,0.8987315,Efficacy / Outcomes,0.022775734,0.8759558,0.059666246,0.2677101,0.67262363,Safety / Contraindication,True,0.0062540905,0.021998677,0.8987315,0.018589953,0.0053594206,0.0047558197,0.022775734,0.0057659713,0.0025561086,0.009990244,0.0032224937
Q164,Guideline / Evidence Lookup,0.7298272,Management / Treatment Selection,0.24125436,0.48857287,0.13691023,0.1882803,0.67480946,Guideline / Evidence Lookup,True,0.24125436,0.0010232405,0.0040316246,0.0040122066,0.0023789092,0.009159516,0.0015533479,0.7298272,0.0023313756,0.0023016743,0.0021265105
Q165,Dosing / Administration,0.93178225,Safety / Contraindication,0.028436065,0.9033462,0.087837555,0.3468386,0.56532377,Dosing / Administration,True,0.00068523234,0.93178225,0.028436065,0.0035827316,0.0040662917,0.00029380608,0.00055431115,0.00027342915,0.00788193,0.022076674,0.00036729296
Q166,Mechanism / Background Knowledge,0.9630916,Prophylaxis / Maintenance,0.009283573,0.953808,0.16779414,0.41705677,0.4151491,Mechanism / Background Knowledge,True,0.0033464015,0.0031130675,0.003581385,0.0014153247,0.0009389338,0.0054953704,0.0012939762,0.0026520707,0.0057883062,0.009283573,0.9630916
Q167,Treatment Change / Escalation,0.99038905,Dosing / Administration,0.00490377,0.98548526,0.037377242,0.31200257,0.65062016,Treatment Change / Escalation,True,0.00033171865,0.00490377,0.0018043661,0.00022721417,0.00026717584,0.000397814,3.8790327e-05,0.0006184458,0.99038905,0.00085334206,0.00016830495
Q168,Guideline / Evidence Lookup,0.8981066,Management / Treatment Selection,0.049000163,0.84910643,0.07604229,0.45705265,0.46690512,Guideline / Evidence Lookup,True,0.049000163,0.0025629008,0.0059590256,0.0059595765,0.0025856574,0.019870423,0.002573295,0.8981066,0.0063109435,0.0052788425,0.0017926091
Q169,Mechanism / Background Knowledge,0.9610921,Prophylaxis / Maintenance,0.008824999,0.9522671,0.14974128,0.42445752,0.42580116,Mechanism / Background Knowledge,True,0.0034623244,0.0033220772,0.0039274776,0.0016313721,0.0010819362,0.006173529,0.0014241693,0.002710104,0.0063499655,0.008824999,0.9610921
Q170,Comparative Treatment Choice,0.98690945,Safety / Contraindication,0.0047784615,0.982131,0.021289317,0.85115695,0.12755372,Comparative Treatment Choice,True,0.00065552985,0.0025432212,0.0047784615,0.00046613917,0.98690945,0.000643919,0.00023063968,0.00030668004,0.00091201585,0.0024213549,0.00013267493
Q171,Prophylaxis / Maintenance,0.98185766,Dosing / Administration,0.0056586284,0.97619903,0.10218652,0.6636613,0.23415214,Prophylaxis / Maintenance,True,0.00026789977,0.0056586284,0.0038981976,0.00013537068,0.0007915965,0.0014179507,0.00039673716,0.0003729436,0.00089366414,0.98185766,0.0043093925
Q172,Management / Treatment Selection,0.9812088,Guideline / Evidence Lookup,0.009835744,0.9713731,0.025013724,0.12852103,0.8464653,Management / Treatment Selection,True,0.9812088,0.0006308346,0.0012609626,0.0020752833,0.00051879784,0.0015108364,0.00023764519,0.009835744,0.0006251403,0.0012888364,0.00080716953
Q173,Guideline / Evidence Lookup,0.7298272,Management / Treatment Selection,0.24125436,0.48857287,0.13691023,0.1882803,0.67480946,Guideline / Evidence Lookup,True,0.24125436,0.0010232405,0.0040316246,0.0040122066,0.0023789092,0.009159516,0.0015533479,0.7298272,0.0023313756,0.0023016743,0.0021265105
Q174,Monitoring / Response / Risk Assessment,0.97772866,Safety / Contraindication,0.009149787,0.9685789,0.09599276,0.13766247,0.7663448,Monitoring / Response / Risk Assessment,True,0.0009847793,0.000100371835,0.009149787,0.0004714144,0.00095264567,0.97772866,0.00025147424,0.005281346,0.0006044059,0.0010055065,0.0034696083
Q175,Dosing / Administration,0.4510012,Safety / Contraindication,0.37020648,0.08079472,0.11042337,0.3254726,0.5641041,Dosing / Administration,True,0.00276551,0.4510012,0.37020648,0.025749365,0.021318344,0.003503288,0.0070520868,0.002727068,0.056841474,0.05722036,0.0016148192
Q176,Guideline / Evidence Lookup,0.925583,Management / Treatment Selection,0.040504407,0.8850786,0.18735904,0.29256612,0.52007484,Guideline / Evidence Lookup,True,0.040504407,0.0014988282,0.003011137,0.0034977903,0.0016850781,0.012192954,0.002771743,0.925583,0.0052655484,0.003184826,0.0008045339
Q177,Efficacy / Outcomes,0.9887477,Safety / Contraindication,0.0054166606,0.9833311,0.32741308,0.2560794,0.4165075,Efficacy / Outcomes,True,0.0004406123,0.0009160599,0.0054166606,0.00031277363,0.00017508688,0.000457426,0.9887477,0.0012014321,0.00025081233,0.0015783312,0.00050305855
Q178,Treatment Change / Escalation,0.99029225,Dosing / Administration,0.0043945983,0.98589766,0.046095613,0.3221867,0.63171774,Treatment Change / Escalation,True,0.00045609317,0.0043945983,0.0016847509,0.00035322265,0.00026988643,0.00047705002,6.0274444e-05,0.00081861607,0.99029225,0.0009352023,0.00025818992
Q179,Management / Treatment Selection,0.9139531,Guideline / Evidence Lookup,0.07021824,0.84373486,0.036884844,0.17585123,0.78726393,Management / Treatment Selection,True,0.9139531,0.0006008318,0.0025975087,0.0024557821,0.0013327209,0.0030144895,0.00078517833,0.07021824,0.0008576804,0.0012937404,0.0028907296
Q180,Guideline / Evidence Lookup,0.9125965,Management / Treatment Selection,0.037574586,0.87502193,0.17451346,0.42195347,0.40353304,Guideline / Evidence Lookup,True,0.037574586,0.0023761636,0.00432927,0.0039405692,0.0018057585,0.020279458,0.00320994,0.9125965,0.007410312,0.0054254546,0.0010519905
Q181,Dosing / Administration,0.93178225,Safety / Contraindication,0.028436065,0.9033462,0.087837555,0.3468386,0.56532377,Dosing / Administration,True,0.00068523234,0.93178225,0.028436065,0.0035827316,0.0040662917,0.00029380608,0.00055431115,0.00027342915,0.00788193,0.022076674,0.00036729296
Q182,Safety / Contraindication,0.75197846,Interaction / Combination,0.103321396,0.6486571,0.09177192,0.22842957,0.67979854,Safety / Contraindication,True,0.0061348765,0.08503631,0.75197846,0.103321396,0.008682948,0.0029573939,0.014645847,0.004295855,0.0049863686,0.015809309,0.0021512185
Q183,Dosing / Administration,0.46515778,Safety / Contraindication,0.36602956,0.09912822,0.13818632,0.31531486,0.54649884,Dosing / Administration,True,0.002984406,0.46515778,0.36602956,0.023220306,0.02027045,0.00352106,0.0082141915,0.0028694402,0.051322546,0.05498807,0.0014221744
Q184,Mechanism / Background Knowledge,0.9610921,Prophylaxis / Maintenance,0.008825004,0.9522671,0.14974125,0.42445755,0.4258012,Mechanism / Background Knowledge,True,0.0034623244,0.0033220772,0.0039274776,0.0016313721,0.0010819362,0.006173529,0.0014241693,0.002710104,0.0063499655,0.008825004,0.9610921
Q185,Dosing / Administration,0.9290329,Safety / Contraindication,0.028950522,0.9000824,0.23898493,0.3060625,0.45495266,Dosing / Administration,True,0.0017207923,0.9290329,0.028950522,0.0039640944,0.004264655,0.0003087001,0.002007983,0.00048359288,0.0061528217,0.022316057,0.0007978815
Q186,Dosing / Administration,0.91047275,Safety / Contraindication,0.041970864,0.8685019,0.11794164,0.30305544,0.5790029,Dosing / Administration,True,0.0007902704,0.91047275,0.041970864,0.004909365,0.0052201394,0.00039273326,0.0006085273,0.00031913552,0.011753359,0.023253744,0.0003091108
Q187,Safety / Contraindication,0.43469965,Dosing / Administration,0.26065686,0.17404279,0.108635366,0.22080563,0.6705589,Safety / Contraindication,True,0.008165965,0.26065686,0.43469965,0.23636624,0.012261621,0.0026449577,0.0078889225,0.0041008946,0.007974246,0.0232884,0.0019522384
Q188,Interaction / Combination,0.9658287,Safety / Contraindication,0.0093598245,0.9564689,0.059179965,0.17512545,0.76569456,Interaction / Combination,True,0.0073426496,0.0067133796,0.0093598245,0.9658287,0.0008911213,0.0013587686,0.0004055369,0.0035923512,0.0017799377,0.0014922882,0.0012353742
Q189,Dosing / Administration,0.9370421,Safety / Contraindication,0.02476116,0.912281,0.11514645,0.30007026,0.58478326,Dosing / Administration,True,0.0008336398,0.9370421,0.02476116,0.004608833,0.0041895746,0.00026082367,0.0004221735,0.00028491154,0.010789378,0.016507117,0.00030031818
Q190,Mechanism / Background Knowledge,0.9610921,Prophylaxis / Maintenance,0.008824999,0.9522671,0.14974128,0.42445752,0.42580116,Mechanism / Background Knowledge,True,0.0034623244,0.0033220772,0.0039274776,0.0016313721,0.0010819362,0.006173529,0.0014241693,0.002710104,0.0063499655,0.008824999,0.9610921
Q191,Dosing / Administration,0.934477,Safety / Contraindication,0.026299201,0.9081778,0.12735051,0.3816319,0.49101752,Dosing / Administration,True,0.0008006046,0.934477,0.026299201,0.0026559313,0.0031383433,0.00023807195,0.0012426772,0.00025766742,0.0052225925,0.025038505,0.00062943035
Q192,Dosing / Administration,0.9398804,Prophylaxis / Maintenance,0.02592304,0.91395736,0.18925025,0.35632086,0.45442888,Dosing / Administration,True,0.0011036793,0.9398804,0.018906377,0.002655495,0.0034362427,0.00028292774,0.0011172052,0.0003816462,0.0056452653,0.02592304,0.00066782115
Q193,Management / Treatment Selection,0.9814817,Guideline / Evidence Lookup,0.00957313,0.97190857,0.029747924,0.14660022,0.8236519,Management / Treatment Selection,True,0.9814817,0.00048478576,0.0010337225,0.0015477752,0.00047627641,0.0015709741,0.00048454732,0.00957313,0.00051632256,0.0012421208,0.0015886248
Q194,Prophylaxis / Maintenance,0.98185766,Dosing / Administration,0.0056586284,0.97619903,0.10218652,0.6636613,0.23415214,Prophylaxis / Maintenance,True,0.00026789977,0.0056586284,0.0038981976,0.00013537068,0.0007915965,0.0014179507,0.00039673716,0.0003729436,0.00089366414,0.98185766,0.0043093925
Q195,Treatment Change / Escalation,0.99019414,Dosing / Administration,0.0041230964,0.98607105,0.063120574,0.26901764,0.6678618,Treatment Change / Escalation,True,0.00062880805,0.0041230964,0.0015642243,0.00033722428,0.0002891673,0.00042371365,7.109106e-05,0.0011110898,0.99019414,0.0010504981,0.0002068942
Q196,Monitoring / Response / Risk Assessment,0.98009765,Safety / Contraindication,0.007012265,0.9730854,0.1537722,0.15504873,0.69117904,Monitoring / Response / Risk Assessment,True,0.0008031459,0.00012086152,0.007012265,0.00057860406,0.0010294305,0.98009765,0.00042226276,0.005531471,0.0008897635,0.0012693278,0.0022450977
Q197,Monitoring / Response / Risk Assessment,0.9323255,Management / Treatment Selection,0.02334587,0.9089796,0.024235934,0.07558217,0.9001819,Monitoring / Response / Risk Assessment,True,0.02334587,0.000307674,0.017199632,0.0017137208,0.0029965164,0.9323255,0.00037006466,0.01393707,0.0022180919,0.0025962656,0.0029896062
Q198,Guideline / Evidence Lookup,0.8053465,Management / Treatment Selection,0.093634665,0.7117118,0.30156973,0.20186539,0.4965649,Guideline / Evidence Lookup,True,0.093634665,0.0028394854,0.016678566,0.010105027,0.007699891,0.036575686,0.00456884,0.8053465,0.007723293,0.006357565,0.008470528
Q199,Dosing / Administration,0.9449216,Prophylaxis / Maintenance,0.024700452,0.92022115,0.17482379,0.36387566,0.46130064,Dosing / Administration,True,0.001062072,0.9449216,0.0162771,0.0025352815,0.0030233508,0.00024687662,0.0009706704,0.0003293514,0.00529106,0.024700452,0.0006421037
Q200,Monitoring / Response / Risk Assessment,0.98009765,Safety / Contraindication,0.007012265,0.9730854,0.1537722,0.15504873,0.69117904,Monitoring / Response / Risk Assessment,True,0.0008031459,0.00012086152,0.007012265,0.00057860406,0.0010294305,0.98009765,0.00042226276,0.005531471,0.0008897635,0.0012693278,0.0022450977
Q201,Interaction / Combination,0.9658287,Safety / Contraindication,0.0093598245,0.9564689,0.059179965,0.17512545,0.76569456,Interaction / Combination,True,0.0073426496,0.0067133796,0.0093598245,0.9658287,0.0008911213,0.0013587686,0.0004055369,0.0035923512,0.0017799377,0.0014922882,0.0012353742
Q202,Management / Treatment Selection,0.9855253,Guideline / Evidence Lookup,0.011373369,0.97415197,0.029088575,0.0946899,0.8762215,Management / Treatment Selection,True,0.9855253,0.00017262014,0.00030752245,0.0011187835,0.00020206935,0.00034975808,0.00017192929,0.011373369,0.00020286217,0.00028751197,0.00028824387
Q203,Safety / Contraindication,0.73063,Efficacy / Outcomes,0.05275428,0.6778757,0.21928418,0.19392462,0.5867912,Safety / Contraindication,True,0.042467862,0.015543464,0.73063,0.036064792,0.015563455,0.022194685,0.05275428,0.03814801,0.005654433,0.01356263,0.02741628
Q204,Mechanism / Background Knowledge,0.96171975,Prophylaxis / Maintenance,0.009412251,0.9523075,0.15438461,0.42697334,0.418642,Mechanism / Background Knowledge,True,0.003361197,0.0034955468,0.0037484686,0.0015181827,0.00101667,0.0052321088,0.0014139896,0.0025214988,0.0065603037,0.009412251,0.96171975
Q205,Prophylaxis / Maintenance,0.97614247,Dosing / Administration,0.008312286,0.9678302,0.056691796,0.58971846,0.3535897,Prophylaxis / Maintenance,True,0.0010076594,0.008312286,0.0053002797,0.0003323849,0.0014193803,0.00200479,0.00068693486,0.0008588521,0.0011096827,0.97614247,0.0028252876
Q206,Dosing / Administration,0.9359979,Prophylaxis / Maintenance,0.026671981,0.9093259,0.099171415,0.40157285,0.4992557,Dosing / Administration,True,0.00067632255,0.9359979,0.023463823,0.0025786082,0.0030644035,0.00025468788,0.0009340544,0.00024960394,0.005522859,0.026671981,0.0005856395
Q207,Interaction / Combination,0.9626987,Safety / Contraindication,0.009370143,0.95332855,0.06538383,0.18824223,0.74637395,Interaction / Combination,True,0.008530338,0.006540643,0.009370143,0.9626987,0.00097435556,0.0015421888,0.00054250297,0.0043423628,0.002088398,0.0017085907,0.0016617355
Q208,Prophylaxis / Maintenance,0.97614247,Dosing / Administration,0.008312286,0.9678302,0.056691796,0.58971846,0.3535897,Prophylaxis / Maintenance,True,0.0010076594,0.008312286,0.0053002797,0.0003323849,0.0014193803,0.00200479,0.00068693486,0.0008588521,0.0011096827,0.97614247,0.0028252876
Q209,Treatment Change / Escalation,0.9863862,Dosing / Administration,0.006705008,0.9796812,0.03939372,0.30122343,0.6593829,Treatment Change / Escalation,True,0.0005512554,0.006705008,0.002524249,0.00066998013,0.00034643078,0.00059008424,5.5899392e-05,0.0009023163,0.9863862,0.0010458053,0.00022271417
Q210,Treatment Change / Escalation,0.99218833,Dosing / Administration,0.0035329384,0.9886554,0.049029365,0.3188914,0.63207924,Treatment Change / Escalation,True,0.00037003463,0.0035329384,0.0013499956,0.00018100263,0.00024305518,0.00041107825,4.3860993e-05,0.0007197344,0.99218833,0.0007478613,0.00021198983
Q211,Management / Treatment Selection,0.97358173,Guideline / Evidence Lookup,0.01293426,0.96064746,0.08308732,0.13854091,0.7783718,Management / Treatment Selection,True,0.97358173,0.00076963304,0.0017060569,0.0022395293,0.0007511688,0.0023163073,0.0008593221,0.01293426,0.0008652408,0.0018239543,0.0021527547
Q212,Safety / Contraindication,0.8957231,Efficacy / Outcomes,0.024162287,0.8715608,0.08957937,0.25919393,0.6512267,Safety / Contraindication,True,0.006269432,0.023444695,0.8957231,0.018485423,0.0056744544,0.0045378143,0.024162287,0.0057160966,0.0025818013,0.01028456,0.003120246
Q213,Prophylaxis / Maintenance,0.98110205,Dosing / Administration,0.0068763373,0.9742257,0.0927259,0.65266055,0.2546135,Prophylaxis / Maintenance,True,0.00047711443,0.0068763373,0.004561182,0.0002038534,0.0012674354,0.0014874511,0.0005453847,0.0005784802,0.00091132114,0.98110205,0.0019893555
Q214,Dosing / Administration,0.9290329,Safety / Contraindication,0.028950522,0.9000824,0.23898493,0.3060625,0.45495266,Dosing / Administration,True,0.0017207923,0.9290329,0.028950522,0.0039640944,0.004264655,0.0003087001,0.002007983,0.00048359288,0.0061528217,0.022316057,0.0007978815
Q215,Interaction / Combination,0.96815825,Management / Treatment Selection,0.011496757,0.95666146,0.056410003,0.12776594,0.81582403,Interaction / Combination,True,0.011496757,0.005260282,0.008127491,0.96815825,0.0006864637,0.0007660525,0.00031749677,0.0027614604,0.00086142827,0.0008724832,0.00069178373
Q216,Guideline / Evidence Lookup,0.88576233,Management / Treatment Selection,0.049776744,0.8359856,0.37271202,0.26425123,0.3630367,Guideline / Evidence Lookup,True,0.049776744,0.0027395538,0.0048792646,0.0033826828,0.0023660671,0.02902691,0.0051778816,0.88576233,0.009191876,0.006071405,0.0016252097
Q217,Management / Treatment Selection,0.984469,Guideline / Evidence Lookup,0.008368756,0.97610027,0.0488273,0.14333789,0.8078348,Management / Treatment Selection,True,0.984469,0.00045869395,0.00084554404,0.001505146,0.00046605823,0.0009946771,0.00046399934,0.008368756,0.00047666932,0.0008606629,0.0010907843
Q218,Management / Treatment Selection,0.9812088,Guideline / Evidence Lookup,0.009835744,0.9713731,0.025013724,0.12852103,0.8464653,Management / Treatment Selection,True,0.9812088,0.0006308346,0.0012609626,0.0020752833,0.00051879784,0.0015108364,0.00023764519,0.009835744,0.0006251403,0.0012888364,0.00080716953
Q219,Management / Treatment Selection,0.9922964,Guideline / Evidence Lookup,0.004435505,0.9878609,0.02431116,0.090095766,0.8855931,Management / Treatment Selection,True,0.9922964,0.0001939582,0.0003489274,0.0011266586,0.00018856855,0.00030933422,0.00018286525,0.004435505,0.00018486523,0.00031294985,0.00041998381
Q220,Dosing / Administration,0.91047275,Safety / Contraindication,0.041970864,0.8685019,0.11794164,0.30305544,0.5790029,Dosing / Administration,True,0.0007902704,0.91047275,0.041970864,0.004909365,0.0052201394,0.00039273326,0.0006085273,0.00031913552,0.011753359,0.023253744,0.0003091108
Q221,Monitoring / Response / Risk Assessment,0.98009765,Safety / Contraindication,0.007012265,0.9730854,0.1537722,0.15504873,0.69117904,Monitoring / Response / Risk Assessment,True,0.0008031459,0.00012086152,0.007012265,0.00057860406,0.0010294305,0.98009765,0.00042226276,0.005531471,0.0008897635,0.0012693278,0.0022450977
Q222,Management / Treatment Selection,0.97614527,Guideline / Evidence Lookup,0.018485148,0.95766014,0.03195738,0.1407747,0.82726794,Management / Treatment Selection,True,0.97614527,0.00030886036,0.00051042024,0.0014971484,0.00033184944,0.0005159677,0.0002697468,0.018485148,0.0010632218,0.0004471088,0.00042514983
Q223,Efficacy / Outcomes,0.985386,Safety / Contraindication,0.007339046,0.97804695,0.25569043,0.34933466,0.39497498,Efficacy / Outcomes,True,0.00062200014,0.0010590008,0.007339046,0.0004650272,0.00034547818,0.0006852665,0.985386,0.0015773235,0.00031874055,0.0015134864,0.0006884901
Q224,Dosing / Administration,0.9290329,Safety / Contraindication,0.028950522,0.9000824,0.23898493,0.3060625,0.45495266,Dosing / Administration,True,0.0017207923,0.9290329,0.028950522,0.0039640944,0.004264655,0.0003087001,0.002007983,0.00048359288,0.0061528217,0.022316057,0.0007978815
Q225,Management / Treatment Selection,0.9921794,Guideline / Evidence Lookup,0.0045183976,0.987661,0.028620584,0.08969783,0.8816816,Management / Treatment Selection,True,0.9921794,0.0002002998,0.0003512588,0.0011402497,0.00019254947,0.00031067955,0.00018916589,0.0045183976,0.00018868699,0.00031581166,0.00041344904
Q226,Prophylaxis / Maintenance,0.9632334,Dosing / Administration,0.010901309,0.9523321,0.12038701,0.5232157,0.35639727,Prophylaxis / Maintenance,True,0.0006509863,0.010901309,0.009520922,0.000336963,0.0011700969,0.0024610902,0.0039022209,0.0012607283,0.0024832888,0.9632334,0.0040791
Q227,Dosing / Administration,0.40195975,Safety / Contraindication,0.39956948,0.0023902655,0.06935967,0.3404967,0.5901436,Safety / Contraindication,True,0.0029080887,0.40195975,0.39956948,0.030814752,0.022693243,0.0044373684,0.0075378935,0.0029185019,0.06769844,0.05785806,0.0016043916
Q228,Safety / Contraindication,0.8976659,Efficacy / Outcomes,0.02269203,0.8749739,0.060788386,0.26739064,0.671821,Safety / Contraindication,True,0.006544827,0.020949628,0.8976659,0.01921511,0.0054412032,0.005212274,0.02269203,0.0062774424,0.0026044287,0.010035382,0.003361754
Q229,Management / Treatment Selection,0.9139531,Guideline / Evidence Lookup,0.07021824,0.84373486,0.036884844,0.17585123,0.78726393,Management / Treatment Selection,True,0.9139531,0.0006008318,0.0025975087,0.0024557821,0.0013327209,0.0030144895,0.00078517833,0.07021824,0.0008576804,0.0012937404,0.0028907296
Q230,Safety / Contraindication,0.40720198,Dosing / Administration,0.3927858,0.014416188,0.072514705,0.33934236,0.58814293,Safety / Contraindication,True,0.0029448213,0.3927858,0.40720198,0.03197302,0.022169303,0.004565957,0.007855468,0.0028925352,0.06660527,0.059322443,0.0016835466
Q231,Interaction / Combination,0.9430835,Safety / Contraindication,0.027149757,0.9159338,0.055518784,0.17306238,0.7714188,Interaction / Combination,True,0.008334557,0.007169365,0.027149757,0.9430835,0.0010950831,0.0021870113,0.0009822141,0.004935825,0.0014888656,0.0020402197,0.0015335305
Q232,Safety / Contraindication,0.41915825,Dosing / Administration,0.3823942,0.036764055,0.075281054,0.3383302,0.5863887,Safety / Contraindication,True,0.0031189218,0.3823942,0.41915825,0.032759763,0.022015397,0.0047938107,0.009152789,0.0030827266,0.0646372,0.05715932,0.0017276556
Q233,Safety / Contraindication,0.84237653,Dosing / Administration,0.026793176,0.81558335,0.13850378,0.26167768,0.59981847,Safety / Contraindication,True,0.008601082,0.026793176,0.84237653,0.023321996,0.019367158,0.013335273,0.014236913,0.015071289,0.010440636,0.022531923,0.00392398
Q234,Mechanism / Background Knowledge,0.96171975,Prophylaxis / Maintenance,0.009412251,0.9523075,0.15438461,0.42697334,0.418642,Mechanism / Background Knowledge,True,0.003361197,0.0034955468,0.0037484686,0.0015181827,0.00101667,0.0052321088,0.0014139896,0.0025214988,0.0065603037,0.009412251,0.96171975
Q235,Comparative Treatment Choice,0.98687124,Safety / Contraindication,0.004795867,0.9820754,0.021655308,0.85083866,0.12750602,Comparative Treatment Choice,True,0.00065813586,0.0025355718,0.004795867,0.00046835444,0.98687124,0.0006493416,0.00023076386,0.00030874225,0.00091581716,0.0024319214,0.00013412975
Q236,Safety / Contraindication,0.41025126,Dosing / Administration,0.38823476,0.022016495,0.08477539,0.33485648,0.5803681,Monitoring / Response / Risk Assessment,True,0.0029758022,0.38823476,0.41025126,0.030308373,0.021144183,0.00517788,0.009237082,0.0031443597,0.06732616,0.060526393,0.00167369
Q237,Monitoring / Response / Risk Assessment,0.97772866,Safety / Contraindication,0.009149787,0.9685789,0.09599276,0.13766247,0.7663448,Monitoring / Response / Risk Assessment,True,0.0009847793,0.000100371835,0.009149787,0.0004714144,0.00095264567,0.97772866,0.00025147424,0.005281346,0.0006044059,0.0010055065,0.0034696083
Q238,Safety / Contraindication,0.73063,Efficacy / Outcomes,0.05275428,0.6778757,0.21928418,0.19392462,0.5867912,Safety / Contraindication,True,0.042467862,0.015543464,0.73063,0.036064792,0.015563455,0.022194685,0.05275428,0.03814801,0.005654433,0.01356263,0.02741628
Q239,Dosing / Administration,0.92477244,Safety / Contraindication,0.034303326,0.89046913,0.09765041,0.3836799,0.51866966,Dosing / Administration,True,0.00052305625,0.92477244,0.034303326,0.0033727584,0.0031130316,0.00027727074,0.0007957046,0.00021741739,0.008122877,0.02414709,0.00035511696
Q240,Guideline / Evidence Lookup,0.8966595,Management / Treatment Selection,0.049582694,0.8470768,0.08730637,0.4494459,0.4632478,Guideline / Evidence Lookup,True,0.049582694,0.0025114347,0.006139239,0.005953056,0.0026478863,0.020519303,0.0025338542,0.8966595,0.0062288446,0.005295697,0.0019285723
Q241,Dosing / Administration,0.93178225,Safety / Contraindication,0.028436065,0.9033462,0.087837555,0.3468386,0.56532377,Dosing / Administration,True,0.00068523234,0.93178225,0.028436065,0.0035827316,0.0040662917,0.00029380608,0.00055431115,0.00027342915,0.00788193,0.022076674,0.00036729296
Q242,Guideline / Evidence Lookup,0.91573614,Management / Treatment Selection,0.034959402,0.88077676,0.16302583,0.42776036,0.40921387,Guideline / Evidence Lookup,True,0.034959402,0.0021511798,0.004316736,0.0039957254,0.0017368288,0.021301316,0.0027847602,0.91573614,0.006589638,0.0054044896,0.0010237761
Q243,Dosing / Administration,0.41855136,Safety / Contraindication,0.38959992,0.028951436,0.06273669,0.3429199,0.5943434,Dosing / Administration,True,0.0028333918,0.41855136,0.38959992,0.03074801,0.021815948,0.0043221354,0.007174428,0.0028888606,0.06307605,0.057383895,0.0016059906
Q244,Comparative Treatment Choice,0.98687124,Safety / Contraindication,0.004795867,0.9820754,0.021655308,0.85083866,0.12750602,Comparative Treatment Choice,True,0.00065813586,0.0025355718,0.004795867,0.00046835444,0.98687124,0.0006493416,0.00023076386,0.00030874225,0.00091581716,0.0024319214,0.00013412975
Q245,Management / Treatment Selection,0.9812088,Guideline / Evidence Lookup,0.009835744,0.9713731,0.02501373,0.12852103,0.8464653,Management / Treatment Selection,True,0.9812088,0.0006308346,0.001260962,0.0020752843,0.00051879784,0.0015108364,0.00023764519,0.009835744,0.0006251407,0.0012888364,0.00080716953
Q246,Treatment Change / Escalation,0.99019414,Dosing / Administration,0.0041230964,0.98607105,0.063120574,0.26901764,0.6678618,Treatment Change / Escalation,True,0.00062880805,0.0041230964,0.0015642243,0.00033722428,0.0002891673,0.00042371365,7.109106e-05,0.0011110898,0.99019414,0.0010504981,0.0002068942
Q247,Treatment Change / Escalation,0.93789786,Dosing / Administration,0.030666366,0.9072315,0.051295042,0.22648612,0.7222189,Treatment Change / Escalation,True,0.0019218964,0.030666366,0.014545687,0.0023232459,0.0024792012,0.0025215242,0.00026023464,0.003023732,0.93789786,0.003906262,0.00045399406
Q248,Guideline / Evidence Lookup,0.7298272,Management / Treatment Selection,0.24125436,0.48857287,0.13691023,0.1882803,0.67480946,Guideline / Evidence Lookup,True,0.24125436,0.0010232405,0.0040316246,0.0040122066,0.0023789092,0.009159516,0.0015533479,0.7298272,0.0023313756,0.0023016743,0.0021265105
Q249,Dosing / Administration,0.92477244,Safety / Contraindication,0.034303326,0.89046913,0.09765041,0.3836799,0.51866966,Dosing / Administration,True,0.00052305625,0.92477244,0.034303326,0.0033727584,0.0031130316,0.00027727074,0.0007957046,0.00021741739,0.008122877,0.02414709,0.00035511696
Q250,Monitoring / Response / Risk Assessment,0.58801824,Mechanism / Background Knowledge,0.12828833,0.4597299,0.054819994,0.24465396,0.7005261,Safety / Contraindication,True,0.041420955,0.003220464,0.11039248,0.010886451,0.014480125,0.58801824,0.005173361,0.07541806,0.008359887,0.014341652,0.12828833
Q251,Monitoring / Response / Risk Assessment,0.98009765,Safety / Contraindication,0.007012265,0.9730854,0.1537722,0.15504873,0.69117904,Monitoring / Response / Risk Assessment,True,0.0008031459,0.00012086152,0.007012265,0.00057860406,0.0010294305,0.98009765,0.00042226276,0.005531471,0.0008897635,0.0012693278,0.0022450977
Q252,Guideline / Evidence Lookup,0.9247701,Management / Treatment Selection,0.04111006,0.8836601,0.23626325,0.25428602,0.5094507,Guideline / Evidence Lookup,True,0.04111006,0.0015011937,0.0029010223,0.002980587,0.0016066937,0.012562871,0.0033576167,0.9247701,0.005302297,0.003174061,0.0007335692
Q253,Safety / Contraindication,0.41915825,Dosing / Administration,0.3823942,0.036764055,0.075281054,0.3383302,0.5863887,Safety / Contraindication,True,0.0031189218,0.3823942,0.41915825,0.032759763,0.022015397,0.0047938107,0.009152789,0.0030827266,0.0646372,0.05715932,0.0017276556
Q254,Mechanism / Background Knowledge,0.9630916,Prophylaxis / Maintenance,0.009283573,0.953808,0.16779414,0.41705677,0.4151491,Mechanism / Background Knowledge,True,0.0033464015,0.0031130675,0.003581385,0.0014153247,0.0009389338,0.0054953704,0.0012939762,0.0026520707,0.0057883062,0.009283573,0.9630916
Q255,Safety / Contraindication,0.8615675,Dosing / Administration,0.032312725,0.82925475,0.056854025,0.28647864,0.65666735,Safety / Contraindication,True,0.0065404945,0.032312725,0.8615675,0.022605851,0.016216805,0.008109686,0.012967543,0.008722335,0.008503289,0.019532721,0.0029210967
Q256,Mechanism / Background Knowledge,0.9630916,Prophylaxis / Maintenance,0.009283573,0.953808,0.16779414,0.41705677,0.4151491,Mechanism / Background Knowledge,True,0.0033464015,0.0031130675,0.003581385,0.0014153247,0.0009389338,0.0054953704,0.0012939762,0.0026520707,0.0057883062,0.009283573,0.9630916
Q257,Treatment Change / Escalation,0.9863862,Dosing / Administration,0.006705008,0.9796812,0.03939372,0.30122343,0.6593829,Treatment Change / Escalation,True,0.0005512554,0.006705008,0.002524249,0.00066998013,0.00034643078,0.00059008424,5.5899392e-05,0.0009023163,0.9863862,0.0010458053,0.00022271417
Q258,Management / Treatment Selection,0.9559435,Interaction / Combination,0.01427071,0.9416728,0.02353667,0.07813453,0.89832884,Management / Treatment Selection,True,0.9559435,0.0040165875,0.0051689963,0.01427071,0.0021750117,0.0008567011,0.00021904917,0.010258207,0.0057281773,0.0010855532,0.00027743884
Q259,Monitoring / Response / Risk Assessment,0.97772866,Safety / Contraindication,0.009149787,0.9685789,0.09599276,0.13766247,0.7663448,Monitoring / Response / Risk Assessment,True,0.0009847793,0.000100371835,0.009149787,0.0004714144,0.00095264567,0.97772866,0.00025147424,0.005281346,0.0006044059,0.0010055065,0.0034696083
Q260,Prophylaxis / Maintenance,0.97614247,Dosing / Administration,0.008312286,0.9678302,0.056691796,0.58971846,0.3535897,Prophylaxis / Maintenance,True,0.0010076594,0.008312286,0.0053002797,0.0003323849,0.0014193803,0.00200479,0.00068693486,0.0008588521,0.0011096827,0.97614247,0.0028252876
Q261,Mechanism / Background Knowledge,0.9630916,Prophylaxis / Maintenance,0.009283573,0.953808,0.16779414,0.41705677,0.4151491,Mechanism / Background Knowledge,True,0.0033464015,0.0031130675,0.003581385,0.0014153247,0.0009389338,0.0054953704,0.0012939762,0.0026520707,0.0057883062,0.009283573,0.9630916
Q262,Interaction / Combination,0.9430835,Safety / Contraindication,0.027149757,0.9159338,0.055518784,0.17306238,0.7714188,Interaction / Combination,True,0.008334557,0.007169365,0.027149757,0.9430835,0.0010950831,0.0021870113,0.0009822141,0.004935825,0.0014888656,0.0020402197,0.0015335305
Q263,Dosing / Administration,0.37508363,Safety / Contraindication,0.27289736,0.10218626,0.07496158,0.2319428,0.69309556,Dosing / Administration,True,0.007898822,0.37508363,0.27289736,0.06544229,0.043056898,0.008644456,0.002235305,0.006650602,0.1811591,0.035885625,0.0010459034
Q264,Dosing / Administration,0.93178225,Safety / Contraindication,0.028436065,0.9033462,0.087837555,0.3468386,0.56532377,Dosing / Administration,True,0.00068523234,0.93178225,0.028436065,0.0035827316,0.0040662917,0.00029380608,0.00055431115,0.00027342915,0.00788193,0.022076674,0.00036729296
Q265,Dosing / Administration,0.9370421,Safety / Contraindication,0.02476116,0.912281,0.11514645,0.30007026,0.58478326,Dosing / Administration,True,0.0008336398,0.9370421,0.02476116,0.004608833,0.0041895746,0.00026082367,0.0004221735,0.00028491154,0.010789378,0.016507117,0.00030031818
Q266,Monitoring / Response / Risk Assessment,0.9323255,Management / Treatment Selection,0.02334587,0.9089796,0.024235934,0.07558217,0.9001819,Monitoring / Response / Risk Assessment,True,0.02334587,0.000307674,0.017199632,0.0017137208,0.0029965164,0.9323255,0.00037006466,0.01393707,0.0022180919,0.0025962656,0.0029896062
Q267,Safety / Contraindication,0.41915825,Dosing / Administration,0.3823942,0.036764055,0.075281054,0.3383302,0.5863887,Safety / Contraindication,True,0.0031189218,0.3823942,0.41915825,0.032759763,0.022015397,0.0047938107,0.009152789,0.0030827266,0.0646372,0.05715932,0.0017276556
Q268,Mechanism / Background Knowledge,0.9610921,Prophylaxis / Maintenance,0.008825004,0.9522671,0.14974125,0.42445755,0.4258012,Mechanism / Background Knowledge,True,0.0034623244,0.0033220772,0.0039274776,0.0016313721,0.0010819362,0.006173529,0.0014241693,0.002710104,0.0063499655,0.008825004,0.9610921
Q269,Efficacy / Outcomes,0.985386,Safety / Contraindication,0.007339046,0.97804695,0.25569043,0.34933466,0.39497498,Efficacy / Outcomes,True,0.00062200014,0.0010590008,0.007339046,0.0004650272,0.00034547818,0.0006852665,0.985386,0.0015773235,0.00031874055,0.0015134864,0.0006884901
Q270,Dosing / Administration,0.92477244,Safety / Contraindication,0.034303326,0.89046913,0.09765041,0.3836799,0.51866966,Dosing / Administration,True,0.00052305625,0.92477244,0.034303326,0.0033727584,0.0031130316,0.00027727074,0.0007957046,0.00021741739,0.008122877,0.02414709,0.00035511696
Q271,Treatment Change / Escalation,0.99218833,Dosing / Administration,0.0035329384,0.9886554,0.049029365,0.3188914,0.63207924,Treatment Change / Escalation,True,0.00037003463,0.0035329384,0.0013499956,0.00018100263,0.00024305518,0.00041107825,4.3860993e-05,0.0007197344,0.99218833,0.0007478613,0.00021198983
Q272,Mechanism / Background Knowledge,0.9630916,Prophylaxis / Maintenance,0.009283573,0.953808,0.16779414,0.41705677,0.4151491,Mechanism / Background Knowledge,True,0.0033464015,0.0031130675,0.003581385,0.0014153247,0.0009389338,0.0054953704,0.0012939762,0.0026520707,0.0057883062,0.009283573,0.9630916
Q273,Guideline / Evidence Lookup,0.8998918,Management / Treatment Selection,0.04795912,0.85193264,0.085921586,0.452322,0.46175644,Guideline / Evidence Lookup,True,0.04795912,0.0024848133,0.0058308924,0.0057818373,0.0025214835,0.019889629,0.0024877607,0.8998918,0.006175956,0.0052209944,0.0017557256
Q274,Treatment Change / Escalation,0.93789786,Dosing / Administration,0.030666366,0.9072315,0.051295042,0.22648612,0.7222189,Treatment Change / Escalation,True,0.0019218964,0.030666366,0.014545687,0.0023232459,0.0024792012,0.0025215242,0.00026023464,0.003023732,0.93789786,0.003906262,0.00045399406
Q275,Management / Treatment Selection,0.33077404,Interaction / Combination,0.32089895,0.009875089,0.080650195,0.18073949,0.73861027,Management / Treatment Selection,True,0.33077404,0.0076254825,0.05671204,0.32089895,0.010654791,0.023187092,0.006490737,0.094143674,0.0037007309,0.007567696,0.13824484
Q276,Monitoring / Response / Risk Assessment,0.9854785,Safety / Contraindication,0.006436455,0.97904205,0.06933048,0.14198625,0.7886833,Monitoring / Response / Risk Assessment,True,0.00040784042,7.76619e-05,0.006436455,0.00038513963,0.0009845658,0.9854785,0.0002085844,0.0031146058,0.000685258,0.00088724867,0.0013339646
Q277,Dosing / Administration,0.9290329,Safety / Contraindication,0.028950522,0.9000824,0.23898493,0.3060625,0.45495266,Dosing / Administration,True,0.0017207923,0.9290329,0.028950522,0.0039640944,0.004264655,0.0003087001,0.002007983,0.00048359288,0.0061528217,0.022316057,0.0007978815
Q278,Treatment Change / Escalation,0.99029225,Dosing / Administration,0.0043945983,0.98589766,0.046095613,0.3221867,0.63171774,Treatment Change / Escalation,True,0.00045609317,0.0043945983,0.0016847509,0.00035322265,0.00026988643,0.00047705002,6.0274444e-05,0.00081861607,0.99029225,0.0009352023,0.00025818992
Q279,Prophylaxis / Maintenance,0.98110205,Dosing / Administration,0.0068763373,0.9742257,0.0927259,0.65266055,0.2546135,Prophylaxis / Maintenance,True,0.00047711443,0.0068763373,0.004561182,0.0002038534,0.0012674354,0.0014874511,0.0005453847,0.0005784802,0.00091132114,0.98110205,0.0019893555
Q280,Management / Treatment Selection,0.984469,Guideline / Evidence Lookup,0.008368756,0.97610027,0.0488273,0.14333789,0.8078348,Management / Treatment Selection,True,0.984469,0.00045869395,0.00084554404,0.001505146,0.00046605823,0.0009946771,0.00046399934,0.008368756,0.00047666932,0.0008606629,0.0010907843
Q281,Mechanism / Background Knowledge,0.9610921,Prophylaxis / Maintenance,0.008824999,0.9522671,0.14974128,0.42445752,0.42580116,Mechanism / Background Knowledge,True,0.0034623244,0.0033220772,0.0039274776,0.0016313721,0.0010819362,0.006173529,0.0014241693,0.002710104,0.0063499655,0.008824999,0.9610921
Q282,Safety / Contraindication,0.5525787,Guideline / Evidence Lookup,0.079473436,0.47310525,0.07723351,0.32424957,0.5985169,Safety / Contraindication,True,0.06459649,0.018344155,0.5525787,0.039225895,0.027494866,0.04471192,0.05061078,0.079473436,0.010153547,0.04016604,0.072644226
Q283,Monitoring / Response / Risk Assessment,0.97772866,Safety / Contraindication,0.009149787,0.9685789,0.09599276,0.13766247,0.7663448,Monitoring / Response / Risk Assessment,True,0.0009847793,0.000100371835,0.009149787,0.0004714144,0.00095264567,0.97772866,0.00025147424,0.005281346,0.0006044059,0.0010055065,0.0034696083
Q284,Monitoring / Response / Risk Assessment,0.890431,Safety / Contraindication,0.05327918,0.8371518,0.15212123,0.14367965,0.70419914,Safety / Contraindication,True,0.0068379124,0.00059416913,0.05327918,0.0024491253,0.0041898075,0.890431,0.0017557619,0.019456545,0.0018665736,0.0032776715,0.015862267
Q285,Comparative Treatment Choice,0.98690945,Safety / Contraindication,0.0047784615,0.982131,0.021289317,0.85115695,0.12755372,Comparative Treatment Choice,True,0.00065552985,0.0025432212,0.0047784615,0.00046613917,0.98690945,0.000643919,0.00023063968,0.00030668004,0.00091201585,0.0024213549,0.00013267493
Q286,Prophylaxis / Maintenance,0.98110205,Dosing / Administration,0.0068763373,0.9742257,0.0927259,0.65266055,0.2546135,Prophylaxis / Maintenance,True,0.00047711443,0.0068763373,0.004561182,0.0002038534,0.0012674354,0.0014874511,0.0005453847,0.0005784802,0.00091132114,0.98110205,0.0019893555
Q287,Guideline / Evidence Lookup,0.91655445,Management / Treatment Selection,0.03650859,0.8800459,0.097233236,0.4615992,0.44116762,Guideline / Evidence Lookup,True,0.03650859,0.0023182326,0.004386108,0.004785369,0.0019568186,0.018150568,0.0024992062,0.91655445,0.0066025658,0.0051293494,0.0011087565
Q288,Safety / Contraindication,0.6357328,Interaction / Combination,0.27355102,0.3621818,0.06671201,0.22107074,0.71221733,Safety / Contraindication,True,0.0083866725,0.03204383,0.6357328,0.27355102,0.005269586,0.006473513,0.011612708,0.008639095,0.004732581,0.010511953,0.0030461776
Q289,Safety / Contraindication,0.4391546,Dosing / Administration,0.335014,0.10414061,0.15489729,0.30920076,0.53590196,Safety / Contraindication,True,0.0048387554,0.335014,0.4391546,0.038075186,0.024456041,0.0063779387,0.011414817,0.004672182,0.06931115,0.0636431,0.003042248
Q290,Monitoring / Response / Risk Assessment,0.97772866,Safety / Contraindication,0.009149787,0.9685789,0.09599276,0.13766247,0.7663448,Monitoring / Response / Risk Assessment,True,0.0009847793,0.000100371835,0.009149787,0.0004714144,0.00095264567,0.97772866,0.00025147424,0.005281346,0.0006044059,0.0010055065,0.0034696083
Q291,Management / Treatment Selection,0.9814245,Guideline / Evidence Lookup,0.009684746,0.97173977,0.03338315,0.14605094,0.8205659,Management / Treatment Selection,True,0.9814245,0.00049176865,0.0010268235,0.0015377895,0.00048124185,0.0015512715,0.00048477884,0.009684746,0.000521117,0.0012434149,0.0015526279
Q292,Comparative Treatment Choice,0.9547989,Safety / Contraindication,0.02149563,0.93330324,0.04129908,0.8265778,0.13212314,Comparative Treatment Choice,True,0.0012964542,0.0047185915,0.02149563,0.00095794443,0.9547989,0.0025487514,0.0042997077,0.0010125812,0.0017056195,0.0064960876,0.0006698806
Q293,Treatment Change / Escalation,0.93789786,Dosing / Administration,0.030666366,0.9072315,0.051295042,0.22648612,0.7222189,Treatment Change / Escalation,True,0.0019218964,0.030666366,0.014545687,0.0023232459,0.0024792012,0.0025215242,0.00026023464,0.003023732,0.93789786,0.003906262,0.00045399406
Q294,Dosing / Administration,0.91047275,Safety / Contraindication,0.041970864,0.8685019,0.11794164,0.30305544,0.5790029,Dosing / Administration,True,0.0007902704,0.91047275,0.041970864,0.004909365,0.0052201394,0.00039273326,0.0006085273,0.00031913552,0.011753359,0.023253744,0.0003091108
Q295,Treatment Change / Escalation,0.9863862,Dosing / Administration,0.006705008,0.9796812,0.03939372,0.30122343,0.6593829,Treatment Change / Escalation,True,0.0005512554,0.006705008,0.002524249,0.00066998013,0.00034643078,0.00059008424,5.5899392e-05,0.0009023163,0.9863862,0.0010458053,0.00022271417
Q296,Treatment Change / Escalation,0.93789786,Dosing / Administration,0.030666366,0.9072315,0.051295042,0.22648612,0.7222189,Treatment Change / Escalation,True,0.0019218964,0.030666366,0.014545687,0.0023232459,0.0024792012,0.0025215242,0.00026023464,0.003023732,0.93789786,0.003906262,0.00045399406
Q297,Management / Treatment Selection,0.9829118,Guideline / Evidence Lookup,0.013525843,0.969386,0.050409865,0.0926105,0.85697955,Management / Treatment Selection,True,0.9829118,0.00019619624,0.00036702343,0.0012430146,0.00023715489,0.0004177022,0.00019870687,0.013525843,0.0002375193,0.00033036474,0.000334643
Q298,Treatment Change / Escalation,0.99038905,Dosing / Administration,0.00490377,0.98548526,0.037377242,0.31200257,0.65062016,Treatment Change / Escalation,True,0.00033171865,0.00490377,0.0018043661,0.00022721417,0.00026717584,0.000397814,3.8790327e-05,0.0006184458,0.99038905,0.00085334206,0.00016830495
Q299,Dosing / Administration,0.9290329,Safety / Contraindication,0.028950522,0.9000824,0.23898493,0.3060625,0.45495266,Dosing / Administration,True,0.0017207923,0.9290329,0.028950522,0.0039640944,0.004264655,0.0003087001,0.002007983,0.00048359288,0.0061528217,0.022316057,0.0007978815
Q300,Safety / Contraindication,0.44045463,Dosing / Administration,0.29738855,0.14306608,0.14121625,0.21273483,0.6460489,Safety / Contraindication,True,0.00814222,0.29738855,0.44045463,0.18974975,0.012806853,0.0025349953,0.008929113,0.0040793275,0.00812362,0.025734415,0.0020566073
Q301,Monitoring / Response / Risk Assessment,0.9854785,Safety / Contraindication,0.006436455,0.97904205,0.06933048,0.14198625,0.7886833,Monitoring / Response / Risk Assessment,True,0.00040784042,7.76619e-05,0.006436455,0.00038513963,0.0009845658,0.9854785,0.0002085844,0.0031146058,0.000685258,0.00088724867,0.0013339646
Q302,Dosing / Administration,0.91047275,Safety / Contraindication,0.041970864,0.8685019,0.11794164,0.30305544,0.5790029,Dosing / Administration,True,0.0007902704,0.91047275,0.041970864,0.004909365,0.0052201394,0.00039273326,0.0006085273,0.00031913552,0.011753359,0.023253744,0.0003091108
Q303,Management / Treatment Selection,0.9139531,Guideline / Evidence Lookup,0.07021824,0.84373486,0.036884844,0.17585123,0.78726393,Management / Treatment Selection,True,0.9139531,0.0006008318,0.0025975087,0.0024557821,0.0013327209,0.0030144895,0.00078517833,0.07021824,0.0008576804,0.0012937404,0.0028907296
Q304,Prophylaxis / Maintenance,0.9632334,Dosing / Administration,0.010901309,0.9523321,0.12038701,0.5232157,0.35639727,Prophylaxis / Maintenance,True,0.0006509863,0.010901309,0.009520922,0.000336963,0.0011700969,0.0024610902,0.0039022209,0.0012607283,0.0024832888,0.9632334,0.0040791
Q305,Management / Treatment Selection,0.9559435,Interaction / Combination,0.01427071,0.9416728,0.02353667,0.07813453,0.89832884,Management / Treatment Selection,True,0.9559435,0.0040165875,0.0051689963,0.01427071,0.0021750117,0.0008567011,0.00021904917,0.010258207,0.0057281773,0.0010855532,0.00027743884
Q306,Interaction / Combination,0.9626987,Safety / Contraindication,0.009370143,0.95332855,0.06538383,0.18824223,0.74637395,Interaction / Combination,True,0.008530338,0.006540643,0.009370143,0.9626987,0.00097435556,0.0015421888,0.00054250297,0.0043423628,0.002088398,0.0017085907,0.0016617355
Q307,Safety / Contraindication,0.73063,Efficacy / Outcomes,0.05275428,0.6778757,0.21928418,0.19392462,0.5867912,Safety / Contraindication,True,0.042467862,0.015543464,0.73063,0.036064792,0.015563455,0.022194685,0.05275428,0.03814801,0.005654433,0.01356263,0.02741628
Q308,Management / Treatment Selection,0.9922599,Guideline / Evidence Lookup,0.0044456623,0.98781425,0.027487233,0.08980249,0.88271034,Management / Treatment Selection,True,0.9922599,0.00019683484,0.00035246095,0.0011323083,0.00019055484,0.00030993647,0.00018260373,0.0044456623,0.00018621984,0.0003170644,0.0004264666
Q309,Efficacy / Outcomes,0.9887477,Safety / Contraindication,0.0054166606,0.9833311,0.32741308,0.2560794,0.4165075,Efficacy / Outcomes,True,0.0004406123,0.0009160599,0.0054166606,0.00031277363,0.00017508688,0.000457426,0.9887477,0.0012014321,0.00025081233,0.0015783312,0.00050305855
Q310,Management / Treatment Selection,0.93243223,Guideline / Evidence Lookup,0.024508614,0.90792364,0.030090656,0.18426797,0.7856414,Management / Treatment Selection,True,0.93243223,0.0010738596,0.0036142927,0.0019878165,0.0012471034,0.007295309,0.0017200607,0.024508614,0.001036266,0.011681219,0.013403061
Q311,Treatment Change / Escalation,0.99019414,Dosing / Administration,0.0041230964,0.98607105,0.063120574,0.26901764,0.6678618,Treatment Change / Escalation,True,0.00062880805,0.0041230964,0.0015642243,0.00033722428,0.0002891673,0.00042371365,7.109106e-05,0.0011110898,0.99019414,0.0010504981,0.0002068942
Q312,Prophylaxis / Maintenance,0.98185766,Dosing / Administration,0.0056586284,0.97619903,0.10218652,0.6636613,0.23415214,Prophylaxis / Maintenance,True,0.00026789977,0.0056586284,0.0038981976,0.00013537068,0.0007915965,0.0014179507,0.00039673716,0.0003729436,0.00089366414,0.98185766,0.0043093925
Q313,Guideline / Evidence Lookup,0.9326238,Management / Treatment Selection,0.033688597,0.8989352,0.09947687,0.3768578,0.52366537,Guideline / Evidence Lookup,True,0.033688597,0.0019277667,0.0034863264,0.005157698,0.0019262672,0.009662211,0.0014769499,0.9326238,0.0064983875,0.0029824795,0.00056946
Q314,Treatment Change / Escalation,0.99218833,Dosing / Administration,0.0035329384,0.9886554,0.049029365,0.3188914,0.63207924,Treatment Change / Escalation,True,0.00037003463,0.0035329384,0.0013499956,0.00018100263,0.00024305518,0.00041107825,4.3860993e-05,0.0007197344,0.99218833,0.0007478613,0.00021198983
Q315,Guideline / Evidence Lookup,0.9235269,Management / Treatment Selection,0.04130912,0.88221776,0.2501193,0.2496417,0.500239,Guideline / Evidence Lookup,True,0.04130912,0.0015035046,0.0029204616,0.0029871732,0.001616497,0.013263163,0.0034313772,0.9235269,0.005434125,0.0032424238,0.00076531706
Q316,Comparative Treatment Choice,0.9871715,Safety / Contraindication,0.0046370034,0.98253447,0.021237668,0.8594299,0.119332485,Comparative Treatment Choice,True,0.0006632035,0.0024613484,0.0046370034,0.00046102202,0.9871715,0.00064344006,0.00023193938,0.00030956455,0.0008884729,0.0023991433,0.00013340388
Q317,Efficacy / Outcomes,0.985386,Safety / Contraindication,0.007339046,0.97804695,0.25569043,0.34933466,0.39497498,Efficacy / Outcomes,True,0.00062200014,0.0010590008,0.007339046,0.0004650272,0.00034547818,0.0006852665,0.985386,0.0015773235,0.00031874055,0.0015134864,0.0006884901
Q318,Comparative Treatment Choice,0.9547989,Safety / Contraindication,0.02149563,0.93330324,0.04129908,0.8265778,0.13212314,Comparative Treatment Choice,True,0.0012964542,0.0047185915,0.02149563,0.00095794443,0.9547989,0.0025487514,0.0042997077,0.0010125812,0.0017056195,0.0064960876,0.0006698806
Q319,Dosing / Administration,0.91047275,Safety / Contraindication,0.041970864,0.8685019,0.11794164,0.30305544,0.5790029,Dosing / Administration,True,0.0007902704,0.91047275,0.041970864,0.004909365,0.0052201394,0.00039273326,0.0006085273,0.00031913552,0.011753359,0.023253744,0.0003091108
Q320,Safety / Contraindication,0.8764966,Dosing / Administration,0.043379825,0.83311677,0.13966832,0.24855402,0.6117776,Safety / Contraindication,True,0.005443869,0.043379825,0.8764966,0.018467402,0.006838816,0.003130474,0.023302415,0.004060487,0.0028481008,0.013167965,0.0028641126
Q321,Interaction / Combination,0.96815825,Management / Treatment Selection,0.011496757,0.95666146,0.056410003,0.12776594,0.81582403,Interaction / Combination,True,0.011496757,0.005260282,0.008127491,0.96815825,0.0006864637,0.0007660525,0.00031749677,0.0027614604,0.00086142827,0.0008724832,0.00069178373
Q322,Dosing / Administration,0.9290329,Safety / Contraindication,0.028950522,0.9000824,0.23898493,0.3060625,0.45495266,Dosing / Administration,True,0.0017207923,0.9290329,0.028950522,0.0039640944,0.004264655,0.0003087001,0.002007983,0.00048359288,0.0061528217,0.022316057,0.0007978815
Q323,Monitoring / Response / Risk Assessment,0.58801824,Mechanism / Background Knowledge,0.12828833,0.4597299,0.054819994,0.24465396,0.7005261,Safety / Contraindication,True,0.041420955,0.003220464,0.11039248,0.010886451,0.014480125,0.58801824,0.005173361,0.07541806,0.008359887,0.014341652,0.12828833
Q324,Monitoring / Response / Risk Assessment,0.9854785,Safety / Contraindication,0.006436455,0.97904205,0.06933048,0.14198625,0.7886833,Monitoring / Response / Risk Assessment,True,0.00040784042,7.76619e-05,0.006436455,0.00038513963,0.0009845658,0.9854785,0.0002085844,0.0031146058,0.000685258,0.00088724867,0.0013339646
Q325,Prophylaxis / Maintenance,0.9632334,Dosing / Administration,0.010901309,0.9523321,0.12038701,0.5232157,0.35639727,Prophylaxis / Maintenance,True,0.0006509863,0.010901309,0.009520922,0.000336963,0.0011700969,0.0024610902,0.0039022209,0.0012607283,0.0024832888,0.9632334,0.0040791
Q326,Dosing / Administration,0.37508363,Safety / Contraindication,0.27289736,0.10218626,0.07496158,0.2319428,0.69309556,Dosing / Administration,True,0.007898822,0.37508363,0.27289736,0.06544229,0.043056898,0.008644456,0.002235305,0.006650602,0.1811591,0.035885625,0.0010459034
Q327,Interaction / Combination,0.9430835,Safety / Contraindication,0.027149757,0.9159338,0.055518784,0.17306238,0.7714188,Interaction / Combination,True,0.008334557,0.007169365,0.027149757,0.9430835,0.0010950831,0.0021870113,0.0009822141,0.004935825,0.0014888656,0.0020402197,0.0015335305
Q328,Interaction / Combination,0.9430835,Safety / Contraindication,0.027149757,0.9159338,0.055518784,0.17306238,0.7714188,Interaction / Combination,True,0.008334557,0.007169365,0.027149757,0.9430835,0.0010950831,0.0021870113,0.0009822141,0.004935825,0.0014888656,0.0020402197,0.0015335305
Q329,Management / Treatment Selection,0.984469,Guideline / Evidence Lookup,0.008368756,0.97610027,0.0488273,0.14333789,0.8078348,Management / Treatment Selection,True,0.984469,0.00045869395,0.00084554404,0.001505146,0.00046605823,0.0009946771,0.00046399934,0.008368756,0.00047666932,0.0008606629,0.0010907843
Q330,Safety / Contraindication,0.41915825,Dosing / Administration,0.3823942,0.036764055,0.075281054,0.3383302,0.5863887,Safety / Contraindication,True,0.0031189218,0.3823942,0.41915825,0.032759763,0.022015397,0.0047938107,0.009152789,0.0030827266,0.0646372,0.05715932,0.0017276556
Q331,Dosing / Administration,0.93447703,Safety / Contraindication,0.026299171,0.90817785,0.12735051,0.38163197,0.49101758,Dosing / Administration,True,0.0008006031,0.93447703,0.026299171,0.0026559276,0.003138339,0.00023807125,0.001242675,0.00025766695,0.005222585,0.025038477,0.0006294292
Q332,Management / Treatment Selection,0.9812088,Guideline / Evidence Lookup,0.009835744,0.9713731,0.02501373,0.12852103,0.8464653,Management / Treatment Selection,True,0.9812088,0.0006308346,0.001260962,0.0020752843,0.00051879784,0.0015108364,0.00023764519,0.009835744,0.0006251407,0.0012888364,0.00080716953
Q333,Safety / Contraindication,0.8592082,Dosing / Administration,0.033183865,0.82602435,0.05874096,0.28590548,0.65535355,Safety / Contraindication,True,0.006762973,0.033183865,0.8592082,0.02256075,0.017125877,0.007931219,0.0126608,0.009099881,0.008846683,0.019755568,0.0028641433
Q334,Prophylaxis / Maintenance,0.98185766,Dosing / Administration,0.0056586284,0.97619903,0.10218652,0.6636613,0.23415214,Prophylaxis / Maintenance,True,0.00026789977,0.0056586284,0.0038981976,0.00013537068,0.0007915965,0.0014179507,0.00039673716,0.0003729436,0.00089366414,0.98185766,0.0043093925
Q335,Comparative Treatment Choice,0.9871715,Safety / Contraindication,0.0046370034,0.98253447,0.021237668,0.8594299,0.119332485,Comparative Treatment Choice,True,0.0006632035,0.0024613484,0.0046370034,0.00046102202,0.9871715,0.00064344006,0.00023193938,0.00030956455,0.0008884729,0.0023991433,0.00013340388
Q336,Dosing / Administration,0.40504202,Safety / Contraindication,0.40285012,0.0021919012,0.07290639,0.33919907,0.58789456,Safety / Contraindication,True,0.0029255813,0.40504202,0.40285012,0.030697864,0.02201794,0.0042109834,0.007811221,0.0028304385,0.063002825,0.057014983,0.0015960957
Q337,Management / Treatment Selection,0.98544854,Guideline / Evidence Lookup,0.01142902,0.9740195,0.028791578,0.094718866,0.8764895,Management / Treatment Selection,True,0.98544854,0.00017248857,0.0003100344,0.0011229361,0.00020298435,0.0003560187,0.00017268721,0.01142902,0.00020276476,0.0002908651,0.00029168706
Q338,Comparative Treatment Choice,0.98690945,Safety / Contraindication,0.0047784615,0.982131,0.021289317,0.85115695,0.12755372,Comparative Treatment Choice,True,0.00065552985,0.0025432212,0.0047784615,0.00046613917,0.98690945,0.000643919,0.00023063968,0.00030668004,0.00091201585,0.0024213549,0.00013267493
Q339,Comparative Treatment Choice,0.98690945,Safety / Contraindication,0.004778459,0.982131,0.021289317,0.85115695,0.12755372,Comparative Treatment Choice,True,0.00065552985,0.0025432212,0.004778459,0.00046613917,0.98690945,0.000643919,0.00023063968,0.00030668004,0.00091201585,0.0024213537,0.00013267493
Q340,Guideline / Evidence Lookup,0.9235269,Management / Treatment Selection,0.041309107,0.88221776,0.25011933,0.2496417,0.500239,Guideline / Evidence Lookup,True,0.041309107,0.0015035046,0.0029204616,0.0029871732,0.001616497,0.013263163,0.0034313789,0.9235269,0.005434125,0.003242422,0.0007653167
Q341,Treatment Change / Escalation,0.9863862,Dosing / Administration,0.006705008,0.9796812,0.03939372,0.30122343,0.6593829,Treatment Change / Escalation,True,0.0005512554,0.006705008,0.002524249,0.00066998013,0.00034643078,0.00059008424,5.5899392e-05,0.0009023163,0.9863862,0.0010458053,0.00022271417
Q342,Dosing / Administration,0.91047275,Safety / Contraindication,0.041970864,0.8685019,0.11794164,0.30305544,0.5790029,Dosing / Administration,True,0.0007902704,0.91047275,0.041970864,0.004909365,0.0052201394,0.00039273326,0.0006085273,0.00031913552,0.011753359,0.023253744,0.0003091108
Q343,Management / Treatment Selection,0.33077404,Interaction / Combination,0.32089895,0.009875089,0.080650195,0.18073949,0.73861027,Management / Treatment Selection,True,0.33077404,0.0076254825,0.05671204,0.32089895,0.010654791,0.023187092,0.006490737,0.094143674,0.0037007309,0.007567696,0.13824484
Q344,Guideline / Evidence Lookup,0.91655445,Management / Treatment Selection,0.03650859,0.8800459,0.097233236,0.4615992,0.44116762,Guideline / Evidence Lookup,True,0.03650859,0.0023182326,0.004386108,0.004785369,0.0019568186,0.018150568,0.0024992062,0.91655445,0.0066025658,0.0051293494,0.0011087565
Q345,Monitoring / Response / Risk Assessment,0.9854785,Safety / Contraindication,0.006436455,0.97904205,0.06933048,0.14198625,0.7886833,Monitoring / Response / Risk Assessment,True,0.00040784042,7.76619e-05,0.006436455,0.00038513963,0.0009845658,0.9854785,0.0002085844,0.0031146058,0.000685258,0.00088724867,0.0013339646
Q346,Dosing / Administration,0.93447703,Safety / Contraindication,0.026299171,0.90817785,0.12735051,0.38163197,0.49101758,Dosing / Administration,True,0.0008006031,0.93447703,0.026299171,0.0026559276,0.003138339,0.00023807125,0.001242675,0.00025766695,0.005222585,0.025038477,0.0006294292
Q347,Dosing / Administration,0.9290329,Safety / Contraindication,0.028950522,0.9000824,0.23898493,0.3060625,0.45495266,Dosing / Administration,True,0.0017207923,0.9290329,0.028950522,0.0039640944,0.004264655,0.0003087001,0.002007983,0.00048359288,0.0061528217,0.022316057,0.0007978815
Q348,Safety / Contraindication,0.41915825,Dosing / Administration,0.3823942,0.036764055,0.075281054,0.3383302,0.5863887,Safety / Contraindication,True,0.0031189218,0.3823942,0.41915825,0.032759763,0.022015397,0.0047938107,0.009152789,0.0030827266,0.0646372,0.05715932,0.0017276556
Q349,Dosing / Administration,0.93178225,Safety / Contraindication,0.028436065,0.9033462,0.087837555,0.3468386,0.56532377,Dosing / Administration,True,0.00068523234,0.93178225,0.028436065,0.0035827316,0.0040662917,0.00029380608,0.00055431115,0.00027342915,0.00788193,0.022076674,0.00036729296
Q350,Interaction / Combination,0.40348408,Treatment Change / Escalation,0.21723941,0.18624467,0.06778472,0.18726723,0.744948,Treatment Change / Escalation,True,0.015831979,0.17889424,0.14233454,0.40348408,0.00658848,0.004918532,0.0022792676,0.00972685,0.21723941,0.016995147,0.001707502
Q351,Safety / Contraindication,0.6223118,Interaction / Combination,0.15301307,0.46929872,0.20804197,0.17888065,0.6130774,Safety / Contraindication,True,0.014359056,0.13143434,0.6223118,0.15301307,0.0133249825,0.0050434084,0.019892186,0.007613925,0.008399879,0.020361051,0.0042464044
Q352,Guideline / Evidence Lookup,0.91655445,Management / Treatment Selection,0.03650859,0.8800459,0.097233236,0.4615992,0.44116762,Guideline / Evidence Lookup,True,0.03650859,0.0023182326,0.004386108,0.004785369,0.0019568186,0.018150568,0.0024992062,0.91655445,0.0066025658,0.0051293494,0.0011087565
Q353,Efficacy / Outcomes,0.985386,Safety / Contraindication,0.007339046,0.97804695,0.25569043,0.34933466,0.39497498,Efficacy / Outcomes,True,0.00062200014,0.0010590008,0.007339046,0.0004650272,0.00034547818,0.0006852665,0.985386,0.0015773235,0.00031874055,0.0015134864,0.0006884901
Q354,Safety / Contraindication,0.6357328,Interaction / Combination,0.27355102,0.3621818,0.06671201,0.22107074,0.71221733,Safety / Contraindication,True,0.0083866725,0.03204383,0.6357328,0.27355102,0.005269586,0.006473513,0.011612708,0.008639095,0.004732581,0.010511953,0.0030461776
Q355,Prophylaxis / Maintenance,0.97614247,Dosing / Administration,0.008312286,0.9678302,0.056691796,0.58971846,0.3535897,Prophylaxis / Maintenance,True,0.0010076594,0.008312286,0.0053002797,0.0003323849,0.0014193803,0.00200479,0.00068693486,0.0008588521,0.0011096827,0.97614247,0.0028252876
Q356,Safety / Contraindication,0.8337688,Interaction / Combination,0.060753606,0.7730152,0.16422114,0.17961513,0.65616375,Safety / Contraindication,True,0.012534425,0.019209102,0.8337688,0.060753606,0.0061353645,0.007971484,0.029128509,0.0115424795,0.003635258,0.009745011,0.005575899
Q357,Efficacy / Outcomes,0.9887477,Safety / Contraindication,0.0054166606,0.9833311,0.32741308,0.2560794,0.4165075,Efficacy / Outcomes,True,0.0004406123,0.0009160599,0.0054166606,0.00031277363,0.00017508688,0.000457426,0.9887477,0.0012014321,0.00025081233,0.0015783312,0.00050305855
Q358,Dosing / Administration,0.9449216,Prophylaxis / Maintenance,0.024700452,0.92022115,0.17482379,0.36387566,0.46130064,Dosing / Administration,True,0.001062072,0.9449216,0.0162771,0.0025352815,0.0030233508,0.00024687662,0.0009706704,0.0003293514,0.00529106,0.024700452,0.0006421037
Q359,Dosing / Administration,0.93178225,Safety / Contraindication,0.028436065,0.9033462,0.087837555,0.3468386,0.56532377,Dosing / Administration,True,0.00068523234,0.93178225,0.028436065,0.0035827316,0.0040662917,0.00029380608,0.00055431115,0.00027342915,0.00788193,0.022076674,0.00036729296
Q360,Safety / Contraindication,0.8996977,Efficacy / Outcomes,0.024241554,0.87545615,0.095990956,0.25736856,0.6466405,Safety / Contraindication,True,0.0058549414,0.022325782,0.8996977,0.017046161,0.0052027074,0.00449807,0.024241554,0.005448874,0.0024115222,0.01051812,0.0027545074
Q361,Guideline / Evidence Lookup,0.9162629,Management / Treatment Selection,0.034911565,0.88135135,0.14817616,0.43550032,0.4163235,Guideline / Evidence Lookup,True,0.034911565,0.0022087367,0.0043680035,0.0040923,0.0017579583,0.02062618,0.0027321717,0.9162629,0.0066312333,0.005389227,0.001019641
Q362,Guideline / Evidence Lookup,0.9116215,Management / Treatment Selection,0.037935376,0.87368613,0.11819586,0.4508315,0.43097267,Guideline / Evidence Lookup,True,0.037935376,0.0024921796,0.00468606,0.00489931,0.002035645,0.019440278,0.0028539158,0.9116215,0.0073706955,0.005469092,0.0011959069
Q363,Prophylaxis / Maintenance,0.9632334,Dosing / Administration,0.010901309,0.9523321,0.12038701,0.5232157,0.35639727,Prophylaxis / Maintenance,True,0.0006509863,0.010901309,0.009520922,0.000336963,0.0011700969,0.0024610902,0.0039022209,0.0012607283,0.0024832888,0.9632334,0.0040791
Q364,Treatment Change / Escalation,0.9863862,Dosing / Administration,0.006705008,0.9796812,0.03939372,0.30122343,0.6593829,Treatment Change / Escalation,True,0.0005512554,0.006705008,0.002524249,0.00066998013,0.00034643078,0.00059008424,5.5899392e-05,0.0009023163,0.9863862,0.0010458053,0.00022271417
Q365,Safety / Contraindication,0.73063,Efficacy / Outcomes,0.05275428,0.6778757,0.21928418,0.19392462,0.5867912,Safety / Contraindication,True,0.042467862,0.015543464,0.73063,0.036064792,0.015563455,0.022194685,0.05275428,0.03814801,0.005654433,0.01356263,0.02741628
Q366,Efficacy / Outcomes,0.9887477,Safety / Contraindication,0.0054166606,0.9833311,0.32741308,0.2560794,0.4165075,Efficacy / Outcomes,True,0.0004406123,0.0009160599,0.0054166606,0.00031277363,0.00017508688,0.000457426,0.9887477,0.0012014321,0.00025081233,0.0015783312,0.00050305855
Q367,Safety / Contraindication,0.73063,Efficacy / Outcomes,0.05275428,0.6778757,0.21928418,0.19392462,0.5867912,Safety / Contraindication,True,0.042467862,0.015543464,0.73063,0.036064792,0.015563455,0.022194685,0.05275428,0.03814801,0.005654433,0.01356263,0.02741628
Q368,Management / Treatment Selection,0.991581,Guideline / Evidence Lookup,0.0037940072,0.987787,0.030507978,0.09039166,0.8791004,Management / Treatment Selection,True,0.991581,0.00040968164,0.0005397627,0.0017675813,0.00027082022,0.00028045973,0.0002299101,0.0037940072,0.0002270836,0.00040061562,0.0004990023
Q369,Comparative Treatment Choice,0.98687124,Safety / Contraindication,0.004795867,0.9820754,0.021655308,0.85083866,0.12750602,Comparative Treatment Choice,True,0.00065813586,0.0025355718,0.004795867,0.00046835444,0.98687124,0.0006493416,0.00023076386,0.00030874225,0.00091581716,0.0024319214,0.00013412975
Q370,Management / Treatment Selection,0.33077404,Interaction / Combination,0.32089895,0.009875089,0.080650195,0.18073949,0.73861027,Management / Treatment Selection,True,0.33077404,0.0076254825,0.05671204,0.32089895,0.010654791,0.023187092,0.006490737,0.094143674,0.0037007309,0.007567696,0.13824484
Q371,Guideline / Evidence Lookup,0.9389991,Management / Treatment Selection,0.030376082,0.90862304,0.11241233,0.31411198,0.5734757,Guideline / Evidence Lookup,True,0.030376082,0.0019914214,0.0032348663,0.0045705196,0.0017360653,0.008091497,0.0011563249,0.9389991,0.006022207,0.0033721167,0.00044984822
Q372,Guideline / Evidence Lookup,0.9326238,Management / Treatment Selection,0.033688597,0.8989352,0.09947687,0.3768578,0.52366537,Guideline / Evidence Lookup,True,0.033688597,0.0019277667,0.0034863264,0.005157698,0.0019262672,0.009662211,0.0014769499,0.9326238,0.0064983875,0.0029824795,0.00056946
Q373,Treatment Change / Escalation,0.99019414,Dosing / Administration,0.0041230964,0.98607105,0.063120574,0.26901764,0.6678618,Treatment Change / Escalation,True,0.00062880805,0.0041230964,0.0015642243,0.00033722428,0.0002891673,0.00042371365,7.109106e-05,0.0011110898,0.99019414,0.0010504981,0.0002068942
Q374,Safety / Contraindication,0.8583038,Dosing / Administration,0.032023847,0.82627994,0.052379094,0.2878379,0.659783,Safety / Contraindication,True,0.0069327387,0.032023847,0.8583038,0.02339091,0.016812362,0.008545539,0.012910533,0.009548447,0.008876952,0.01958976,0.0030650818
Q375,Dosing / Administration,0.9359979,Prophylaxis / Maintenance,0.026671981,0.9093259,0.099171415,0.40157285,0.4992557,Dosing / Administration,True,0.00067632255,0.9359979,0.023463823,0.0025786082,0.0030644035,0.00025468788,0.0009340544,0.00024960394,0.005522859,0.026671981,0.0005856395
Q376,Mechanism / Background Knowledge,0.9630916,Prophylaxis / Maintenance,0.009283573,0.953808,0.16779414,0.41705677,0.4151491,Mechanism / Background Knowledge,True,0.0033464015,0.0031130675,0.003581385,0.0014153247,0.0009389338,0.0054953704,0.0012939762,0.0026520707,0.0057883062,0.009283573,0.9630916
Q377,Guideline / Evidence Lookup,0.9272061,Management / Treatment Selection,0.039479315,0.8877268,0.22397663,0.19700691,0.5790165,Guideline / Evidence Lookup,True,0.039479315,0.0016489354,0.0030530498,0.0031166477,0.0017381267,0.011125554,0.0035473038,0.9272061,0.0052201273,0.003207518,0.00065731857
Q378,Treatment Change / Escalation,0.99019414,Dosing / Administration,0.0041230964,0.98607105,0.063120574,0.26901764,0.6678618,Treatment Change / Escalation,True,0.00062880805,0.0041230964,0.0015642243,0.00033722428,0.0002891673,0.00042371365,7.109106e-05,0.0011110898,0.99019414,0.0010504981,0.0002068942
Q379,Safety / Contraindication,0.83051604,Dosing / Administration,0.06555777,0.76495826,0.07218944,0.29021436,0.63759625,Safety / Contraindication,True,0.006058028,0.06555777,0.83051604,0.020321283,0.016969409,0.0044269627,0.0140254935,0.0056615476,0.009119816,0.024889203,0.0024544059
Q380,Dosing / Administration,0.93447703,Safety / Contraindication,0.026299171,0.90817785,0.12735051,0.38163197,0.49101758,Dosing / Administration,True,0.0008006031,0.93447703,0.026299171,0.0026559276,0.003138339,0.00023807125,0.001242675,0.00025766695,0.005222585,0.025038477,0.0006294292
Q381,Dosing / Administration,0.9370421,Safety / Contraindication,0.02476116,0.912281,0.11514645,0.30007026,0.58478326,Dosing / Administration,True,0.0008336398,0.9370421,0.02476116,0.004608833,0.0041895746,0.00026082367,0.0004221735,0.00028491154,0.010789378,0.016507117,0.00030031818
Q382,Management / Treatment Selection,0.9559435,Interaction / Combination,0.01427071,0.9416728,0.02353667,0.07813453,0.89832884,Management / Treatment Selection,True,0.9559435,0.0040165875,0.0051689963,0.01427071,0.0021750117,0.0008567011,0.00021904917,0.010258207,0.0057281773,0.0010855532,0.00027743884
Q383,Guideline / Evidence Lookup,0.89931685,Management / Treatment Selection,0.048185404,0.85113144,0.08167752,0.45445564,0.46386686,Guideline / Evidence Lookup,True,0.048185404,0.0025093518,0.005882304,0.005913552,0.0025735307,0.019841585,0.002504458,0.89931685,0.006252905,0.005230081,0.001790033
Q384,Safety / Contraindication,0.73063,Efficacy / Outcomes,0.05275428,0.6778757,0.21928418,0.19392462,0.5867912,Safety / Contraindication,True,0.042467862,0.015543464,0.73063,0.036064792,0.015563455,0.022194685,0.05275428,0.03814801,0.005654433,0.01356263,0.02741628
Q385,Prophylaxis / Maintenance,0.97614247,Dosing / Administration,0.008312286,0.9678302,0.056691796,0.58971846,0.3535897,Prophylaxis / Maintenance,True,0.0010076594,0.008312286,0.0053002797,0.0003323849,0.0014193803,0.00200479,0.00068693486,0.0008588521,0.0011096827,0.97614247,0.0028252876
Q386,Safety / Contraindication,0.41915825,Dosing / Administration,0.3823942,0.036764055,0.075281054,0.3383302,0.5863887,Safety / Contraindication,True,0.0031189218,0.3823942,0.41915825,0.032759763,0.022015397,0.0047938107,0.009152789,0.0030827266,0.0646372,0.05715932,0.0017276556
Q387,Monitoring / Response / Risk Assessment,0.9854785,Safety / Contraindication,0.006436455,0.97904205,0.06933048,0.14198625,0.7886833,Monitoring / Response / Risk Assessment,True,0.00040784042,7.76619e-05,0.006436455,0.00038513963,0.0009845658,0.9854785,0.0002085844,0.0031146058,0.000685258,0.00088724867,0.0013339646
Q388,Mechanism / Background Knowledge,0.9630916,Prophylaxis / Maintenance,0.009283573,0.953808,0.16779414,0.41705677,0.4151491,Mechanism / Background Knowledge,True,0.0033464015,0.0031130675,0.003581385,0.0014153247,0.0009389338,0.0054953704,0.0012939762,0.0026520707,0.0057883062,0.009283573,0.9630916
Q389,Management / Treatment Selection,0.984469,Guideline / Evidence Lookup,0.008368756,0.97610027,0.0488273,0.14333789,0.8078348,Management / Treatment Selection,True,0.984469,0.00045869395,0.00084554404,0.001505146,0.00046605823,0.0009946771,0.00046399934,0.008368756,0.00047666932,0.0008606629,0.0010907843
Q390,Guideline / Evidence Lookup,0.91655445,Management / Treatment Selection,0.03650859,0.8800459,0.097233236,0.4615992,0.44116762,Guideline / Evidence Lookup,True,0.03650859,0.0023182326,0.004386108,0.004785369,0.0019568186,0.018150568,0.0024992062,0.91655445,0.0066025658,0.0051293494,0.0011087565
Q391,Management / Treatment Selection,0.9559435,Interaction / Combination,0.01427071,0.9416728,0.02353667,0.07813453,0.89832884,Management / Treatment Selection,True,0.9559435,0.0040165875,0.0051689963,0.01427071,0.0021750117,0.0008567011,0.00021904917,0.010258207,0.0057281773,0.0010855532,0.00027743884
Q392,Treatment Change / Escalation,0.9863862,Dosing / Administration,0.006705008,0.9796812,0.03939372,0.30122343,0.6593829,Treatment Change / Escalation,True,0.0005512554,0.006705008,0.002524249,0.00066998013,0.00034643078,0.00059008424,5.5899392e-05,0.0009023163,0.9863862,0.0010458053,0.00022271417
Q393,Monitoring / Response / Risk Assessment,0.97772866,Safety / Contraindication,0.009149787,0.9685789,0.09599276,0.13766247,0.7663448,Monitoring / Response / Risk Assessment,True,0.0009847793,0.000100371835,0.009149787,0.0004714144,0.00095264567,0.97772866,0.00025147424,0.005281346,0.0006044059,0.0010055065,0.0034696083
Q394,Monitoring / Response / Risk Assessment,0.890431,Safety / Contraindication,0.05327918,0.8371518,0.15212123,0.14367965,0.70419914,Safety / Contraindication,True,0.0068379124,0.00059416913,0.05327918,0.0024491253,0.0041898075,0.890431,0.0017557619,0.019456545,0.0018665736,0.0032776715,0.015862267
Q395,Dosing / Administration,0.9290329,Safety / Contraindication,0.028950522,0.9000824,0.23898493,0.3060625,0.45495266,Dosing / Administration,True,0.0017207923,0.9290329,0.028950522,0.0039640944,0.004264655,0.0003087001,0.002007983,0.00048359288,0.0061528217,0.022316057,0.0007978815
Q396,Dosing / Administration,0.41855136,Safety / Contraindication,0.38959992,0.028951436,0.06273669,0.3429199,0.5943434,Dosing / Administration,True,0.0028333906,0.41855136,0.38959992,0.030748017,0.021815948,0.0043221354,0.007174428,0.0028888592,0.06307605,0.057383887,0.0016059906
Q397,Monitoring / Response / Risk Assessment,0.98009765,Safety / Contraindication,0.007012265,0.9730854,0.1537722,0.15504873,0.69117904,Monitoring / Response / Risk Assessment,True,0.0008031459,0.00012086152,0.007012265,0.00057860406,0.0010294305,0.98009765,0.00042226276,0.005531471,0.0008897635,0.0012693278,0.0022450977
Q398,Guideline / Evidence Lookup,0.8966595,Management / Treatment Selection,0.049582694,0.8470768,0.08730637,0.4494459,0.4632478,Guideline / Evidence Lookup,True,0.049582694,0.0025114347,0.006139239,0.005953056,0.0026478863,0.020519303,0.0025338542,0.8966595,0.0062288446,0.005295697,0.0019285723
Q399,Mechanism / Background Knowledge,0.96171975,Prophylaxis / Maintenance,0.009412251,0.9523075,0.15438461,0.42697334,0.418642,Mechanism / Background Knowledge,True,0.003361197,0.0034955468,0.0037484686,0.0015181827,0.00101667,0.0052321088,0.0014139896,0.0025214988,0.0065603037,0.009412251,0.96171975
Q400,Dosing / Administration,0.9359979,Prophylaxis / Maintenance,0.026671981,0.9093259,0.099171415,0.40157285,0.4992557,Dosing / Administration,True,0.00067632255,0.9359979,0.023463823,0.0025786082,0.0030644035,0.00025468788,0.0009340544,0.00024960394,0.005522859,0.026671981,0.0005856395
Q401,Management / Treatment Selection,0.9559435,Interaction / Combination,0.01427071,0.9416728,0.02353667,0.07813453,0.89832884,Management / Treatment Selection,True,0.9559435,0.0040165875,0.0051689963,0.01427071,0.0021750117,0.0008567011,0.00021904917,0.010258207,0.0057281773,0.0010855532,0.00027743884
Q402,Prophylaxis / Maintenance,0.9632334,Dosing / Administration,0.010901309,0.9523321,0.12038701,0.5232157,0.35639727,Prophylaxis / Maintenance,True,0.0006509863,0.010901309,0.009520922,0.000336963,0.0011700969,0.0024610902,0.0039022209,0.0012607283,0.0024832888,0.9632334,0.0040791
Q403,Interaction / Combination,0.9658287,Safety / Contraindication,0.0093598245,0.9564689,0.059179965,0.17512545,0.76569456,Interaction / Combination,True,0.0073426496,0.0067133796,0.0093598245,0.9658287,0.0008911213,0.0013587686,0.0004055369,0.0035923512,0.0017799377,0.0014922882,0.0012353742
Q404,Dosing / Administration,0.9449216,Prophylaxis / Maintenance,0.024700452,0.92022115,0.17482379,0.36387566,0.46130064,Dosing / Administration,True,0.001062072,0.9449216,0.0162771,0.0025352815,0.0030233508,0.00024687662,0.0009706704,0.0003293514,0.00529106,0.024700452,0.0006421037
Q405,Management / Treatment Selection,0.984469,Guideline / Evidence Lookup,0.008368756,0.97610027,0.0488273,0.14333789,0.8078348,Management / Treatment Selection,True,0.984469,0.00045869395,0.00084554404,0.001505146,0.00046605823,0.0009946771,0.00046399934,0.008368756,0.00047666932,0.0008606629,0.0010907843
Q406,Management / Treatment Selection,0.98180884,Guideline / Evidence Lookup,0.0129710045,0.96883786,0.07745891,0.06796144,0.85457957,Management / Treatment Selection,True,0.98180884,0.0002494175,0.0009074252,0.0017276431,0.00030353194,0.00057336764,0.00026146133,0.0129710045,0.0002553771,0.00037652298,0.00056538323
Q407,Dosing / Administration,0.9359979,Prophylaxis / Maintenance,0.026671981,0.9093259,0.099171415,0.40157285,0.4992557,Dosing / Administration,True,0.00067632255,0.9359979,0.023463823,0.0025786082,0.0030644035,0.00025468788,0.0009340544,0.00024960394,0.005522859,0.026671981,0.0005856395
Q408,Prophylaxis / Maintenance,0.98110205,Dosing / Administration,0.0068763373,0.9742257,0.0927259,0.65266055,0.2546135,Prophylaxis / Maintenance,True,0.00047711443,0.0068763373,0.004561182,0.0002038534,0.0012674354,0.0014874511,0.0005453847,0.0005784802,0.00091132114,0.98110205,0.0019893555
Q409,Dosing / Administration,0.4276565,Safety / Contraindication,0.3842029,0.043453604,0.06856056,0.34078908,0.5906504,Dosing / Administration,True,0.0027686819,0.4276565,0.3842029,0.029434742,0.021228084,0.0040107383,0.007129413,0.0027267495,0.06239983,0.05686996,0.0015723866
Q410,Management / Treatment Selection,0.9812088,Guideline / Evidence Lookup,0.009835744,0.9713731,0.025013724,0.12852103,0.8464653,Management / Treatment Selection,True,0.9812088,0.0006308346,0.0012609626,0.0020752833,0.00051879784,0.0015108364,0.00023764519,0.009835744,0.0006251403,0.0012888364,0.00080716953
Q411,Dosing / Administration,0.92477244,Safety / Contraindication,0.034303326,0.89046913,0.09765041,0.3836799,0.51866966,Dosing / Administration,True,0.00052305625,0.92477244,0.034303326,0.0033727584,0.0031130316,0.00027727074,0.0007957046,0.00021741739,0.008122877,0.02414709,0.00035511696
Q412,Efficacy / Outcomes,0.9887477,Safety / Contraindication,0.0054166606,0.9833311,0.32741308,0.2560794,0.4165075,Efficacy / Outcomes,True,0.0004406123,0.0009160599,0.0054166606,0.00031277363,0.00017508688,0.000457426,0.9887477,0.0012014321,0.00025081233,0.0015783312,0.00050305855
Q413,Guideline / Evidence Lookup,0.8966595,Management / Treatment Selection,0.049582694,0.8470768,0.08730637,0.4494459,0.4632478,Guideline / Evidence Lookup,True,0.049582694,0.0025114347,0.006139239,0.005953056,0.0026478863,0.020519303,0.0025338542,0.8966595,0.0062288446,0.005295697,0.0019285723
Q414,Dosing / Administration,0.9398804,Prophylaxis / Maintenance,0.02592304,0.91395736,0.18925025,0.35632086,0.45442888,Dosing / Administration,True,0.0011036793,0.9398804,0.018906377,0.002655495,0.0034362427,0.00028292774,0.0011172052,0.0003816462,0.0056452653,0.02592304,0.00066782115
Q415,Guideline / Evidence Lookup,0.9263954,Management / Treatment Selection,0.039764453,0.88663095,0.22241466,0.19744585,0.58013946,Guideline / Evidence Lookup,True,0.039764453,0.0016889619,0.0031560764,0.003212993,0.0017748005,0.01115429,0.0036704661,0.9263954,0.0053238603,0.0031985184,0.0006601725
Q416,Monitoring / Response / Risk Assessment,0.98009765,Safety / Contraindication,0.007012265,0.9730854,0.1537722,0.15504873,0.69117904,Monitoring / Response / Risk Assessment,True,0.0008031459,0.00012086152,0.007012265,0.00057860406,0.0010294305,0.98009765,0.00042226276,0.005531471,0.0008897635,0.0012693278,0.0022450977
Q417,Comparative Treatment Choice,0.98687124,Safety / Contraindication,0.004795867,0.9820754,0.021655308,0.85083866,0.12750602,Comparative Treatment Choice,True,0.00065813586,0.0025355718,0.004795867,0.00046835444,0.98687124,0.0006493416,0.00023076386,0.00030874225,0.00091581716,0.0024319214,0.00013412975
Q418,Monitoring / Response / Risk Assessment,0.97772866,Safety / Contraindication,0.009149787,0.9685789,0.09599276,0.13766247,0.7663448,Monitoring / Response / Risk Assessment,True,0.0009847793,0.000100371835,0.009149787,0.0004714144,0.00095264567,0.97772866,0.00025147424,0.005281346,0.0006044059,0.0010055065,0.0034696083
Q419,Treatment Change / Escalation,0.99019414,Dosing / Administration,0.0041230964,0.98607105,0.063120574,0.26901764,0.6678618,Treatment Change / Escalation,True,0.00062880805,0.0041230964,0.0015642243,0.00033722428,0.0002891673,0.00042371365,7.109106e-05,0.0011110898,0.99019414,0.0010504981,0.0002068942
Q420,Dosing / Administration,0.9359979,Prophylaxis / Maintenance,0.026671981,0.9093259,0.099171415,0.40157285,0.4992557,Dosing / Administration,True,0.00067632255,0.9359979,0.023463823,0.0025786082,0.0030644035,0.00025468788,0.0009340544,0.00024960394,0.005522859,0.026671981,0.0005856395
Q421,Dosing / Administration,0.9449216,Prophylaxis / Maintenance,0.024700452,0.92022115,0.17482379,0.36387566,0.46130064,Dosing / Administration,True,0.001062072,0.9449216,0.0162771,0.0025352815,0.0030233508,0.00024687662,0.0009706704,0.0003293514,0.00529106,0.024700452,0.0006421037
Q422,Guideline / Evidence Lookup,0.9389991,Management / Treatment Selection,0.030376082,0.90862304,0.11241233,0.31411198,0.5734757,Guideline / Evidence Lookup,True,0.030376082,0.0019914214,0.0032348663,0.0045705196,0.0017360653,0.008091497,0.0011563249,0.9389991,0.006022207,0.0033721167,0.00044984822
Q423,Prophylaxis / Maintenance,0.98110205,Dosing / Administration,0.0068763373,0.9742257,0.0927259,0.65266055,0.2546135,Prophylaxis / Maintenance,True,0.00047711443,0.0068763373,0.004561182,0.0002038534,0.0012674354,0.0014874511,0.0005453847,0.0005784802,0.00091132114,0.98110205,0.0019893555
Q424,Monitoring / Response / Risk Assessment,0.9854785,Safety / Contraindication,0.006436455,0.97904205,0.06933048,0.14198625,0.7886833,Monitoring / Response / Risk Assessment,True,0.00040784042,7.76619e-05,0.006436455,0.00038513963,0.0009845658,0.9854785,0.0002085844,0.0031146058,0.000685258,0.00088724867,0.0013339646
Q425,Prophylaxis / Maintenance,0.9632334,Dosing / Administration,0.010901309,0.9523321,0.12038701,0.5232157,0.35639727,Prophylaxis / Maintenance,True,0.0006509863,0.010901309,0.009520922,0.000336963,0.0011700969,0.0024610902,0.0039022209,0.0012607283,0.0024832888,0.9632334,0.0040791
Q426,Prophylaxis / Maintenance,0.9632334,Dosing / Administration,0.010901309,0.9523321,0.12038701,0.5232157,0.35639727,Prophylaxis / Maintenance,True,0.0006509863,0.010901309,0.009520922,0.000336963,0.0011700969,0.0024610902,0.0039022209,0.0012607283,0.0024832888,0.9632334,0.0040791
Q427,Safety / Contraindication,0.83051604,Dosing / Administration,0.06555777,0.76495826,0.07218944,0.29021436,0.63759625,Safety / Contraindication,True,0.006058028,0.06555777,0.83051604,0.020321283,0.016969409,0.0044269627,0.0140254935,0.0056615476,0.009119816,0.024889203,0.0024544059
Q428,Treatment Change / Escalation,0.99038905,Dosing / Administration,0.00490377,0.98548526,0.037377242,0.31200257,0.65062016,Treatment Change / Escalation,True,0.00033171865,0.00490377,0.0018043661,0.00022721417,0.00026717584,0.000397814,3.8790327e-05,0.0006184458,0.99038905,0.00085334206,0.00016830495
Q429,Dosing / Administration,0.93178225,Safety / Contraindication,0.028436065,0.9033462,0.087837555,0.3468386,0.56532377,Dosing / Administration,True,0.00068523234,0.93178225,0.028436065,0.0035827316,0.0040662917,0.00029380608,0.00055431115,0.00027342915,0.00788193,0.022076674,0.00036729296
Q430,Dosing / Administration,0.93447703,Safety / Contraindication,0.026299171,0.90817785,0.12735051,0.38163197,0.49101758,Dosing / Administration,True,0.0008006031,0.93447703,0.026299171,0.0026559276,0.003138339,0.00023807125,0.001242675,0.00025766695,0.005222585,0.025038477,0.0006294292
Q431,Safety / Contraindication,0.57139087,Guideline / Evidence Lookup,0.071930125,0.49946076,0.06540742,0.32840514,0.60618746,Safety / Contraindication,True,0.062463585,0.019482838,0.57139087,0.040003568,0.026036903,0.040099222,0.055916436,0.071930125,0.009423863,0.03675835,0.06649417
Q432,Interaction / Combination,0.9626987,Safety / Contraindication,0.009370143,0.95332855,0.06538383,0.18824223,0.74637395,Interaction / Combination,True,0.008530338,0.006540643,0.009370143,0.9626987,0.00097435556,0.0015421888,0.00054250297,0.0043423628,0.002088398,0.0017085907,0.0016617355
Q433,Monitoring / Response / Risk Assessment,0.9854785,Safety / Contraindication,0.006436455,0.97904205,0.06933048,0.14198625,0.7886833,Monitoring / Response / Risk Assessment,True,0.00040784042,7.76619e-05,0.006436455,0.00038513963,0.0009845658,0.9854785,0.0002085844,0.0031146058,0.000685258,0.00088724867,0.0013339646
Q434,Dosing / Administration,0.40504202,Safety / Contraindication,0.40285012,0.0021919012,0.07290639,0.33919907,0.58789456,Safety / Contraindication,True,0.0029255813,0.40504202,0.40285012,0.030697864,0.02201794,0.0042109834,0.007811221,0.0028304385,0.063002825,0.057014983,0.0015960957
Q435,Dosing / Administration,0.9290329,Safety / Contraindication,0.028950522,0.9000824,0.23898493,0.3060625,0.45495266,Dosing / Administration,True,0.0017207923,0.9290329,0.028950522,0.0039640944,0.004264655,0.0003087001,0.002007983,0.00048359288,0.0061528217,0.022316057,0.0007978815
Q436,Comparative Treatment Choice,0.9871715,Safety / Contraindication,0.0046370034,0.98253447,0.021237668,0.8594299,0.119332485,Comparative Treatment Choice,True,0.0006632035,0.0024613484,0.0046370034,0.00046102202,0.9871715,0.00064344006,0.00023193938,0.00030956455,0.0008884729,0.0023991433,0.00013340388
Q437,Management / Treatment Selection,0.98507327,Guideline / Evidence Lookup,0.011782589,0.9732907,0.03367524,0.09424258,0.8720822,Management / Treatment Selection,True,0.98507327,0.00017853657,0.0003101937,0.0011298449,0.00020610316,0.0003572169,0.00018000379,0.011782589,0.00020690134,0.0002920956,0.00028331293
Q438,Dosing / Administration,0.9398804,Prophylaxis / Maintenance,0.02592304,0.91395736,0.18925025,0.35632086,0.45442888,Dosing / Administration,True,0.0011036793,0.9398804,0.018906377,0.002655495,0.0034362427,0.00028292774,0.0011172052,0.0003816462,0.0056452653,0.02592304,0.00066782115
Q439,Dosing / Administration,0.9449216,Prophylaxis / Maintenance,0.024700452,0.92022115,0.17482379,0.36387566,0.46130064,Dosing / Administration,True,0.001062072,0.9449216,0.0162771,0.0025352815,0.0030233508,0.00024687662,0.0009706704,0.0003293514,0.00529106,0.024700452,0.0006421037
Q440,Monitoring / Response / Risk Assessment,0.98009765,Safety / Contraindication,0.007012265,0.9730854,0.1537722,0.15504873,0.69117904,Monitoring / Response / Risk Assessment,True,0.0008031459,0.00012086152,0.007012265,0.00057860406,0.0010294305,0.98009765,0.00042226276,0.005531471,0.0008897635,0.0012693278,0.0022450977
Q441,Dosing / Administration,0.9290329,Safety / Contraindication,0.028950522,0.9000824,0.23898493,0.3060625,0.45495266,Dosing / Administration,True,0.0017207923,0.9290329,0.028950522,0.0039640944,0.004264655,0.0003087001,0.002007983,0.00048359288,0.0061528217,0.022316057,0.0007978815
Q442,Treatment Change / Escalation,0.99029225,Dosing / Administration,0.0043945983,0.98589766,0.046095613,0.3221867,0.63171774,Treatment Change / Escalation,True,0.00045609317,0.0043945983,0.0016847509,0.00035322265,0.00026988643,0.00047705002,6.0274444e-05,0.00081861607,0.99029225,0.0009352023,0.00025818992
Q443,Prophylaxis / Maintenance,0.98110205,Dosing / Administration,0.0068763373,0.9742257,0.0927259,0.65266055,0.2546135,Prophylaxis / Maintenance,True,0.00047711443,0.0068763373,0.004561182,0.0002038534,0.0012674354,0.0014874511,0.0005453847,0.0005784802,0.00091132114,0.98110205,0.0019893555
Q444,Dosing / Administration,0.9290329,Safety / Contraindication,0.028950522,0.9000824,0.23898493,0.3060625,0.45495266,Dosing / Administration,True,0.0017207923,0.9290329,0.028950522,0.0039640944,0.004264655,0.0003087001,0.002007983,0.00048359288,0.0061528217,0.022316057,0.0007978815
Q445,Guideline / Evidence Lookup,0.9326238,Management / Treatment Selection,0.033688597,0.8989352,0.09947687,0.3768578,0.52366537,Guideline / Evidence Lookup,True,0.033688597,0.0019277667,0.0034863264,0.005157698,0.0019262672,0.009662211,0.0014769499,0.9326238,0.0064983875,0.0029824795,0.00056946
Q446,Management / Treatment Selection,0.9692162,Guideline / Evidence Lookup,0.012231452,0.95698476,0.063786864,0.09356439,0.84264874,Management / Treatment Selection,True,0.9692162,0.0005242157,0.0068753054,0.0028051338,0.00065974676,0.002493589,0.0011205687,0.012231452,0.0004993207,0.0012247057,0.0023498232
Q447,Comparative Treatment Choice,0.98687124,Safety / Contraindication,0.004795867,0.9820754,0.021655308,0.85083866,0.12750602,Comparative Treatment Choice,True,0.00065813586,0.0025355718,0.004795867,0.00046835444,0.98687124,0.0006493416,0.00023076386,0.00030874225,0.00091581716,0.0024319214,0.00013412975
Q448,Comparative Treatment Choice,0.9871715,Safety / Contraindication,0.0046370034,0.98253447,0.021237668,0.8594299,0.119332485,Comparative Treatment Choice,True,0.0006632035,0.0024613484,0.0046370034,0.00046102202,0.9871715,0.00064344006,0.00023193938,0.00030956455,0.0008884729,0.0023991433,0.00013340388
Q449,Mechanism / Background Knowledge,0.9610921,Prophylaxis / Maintenance,0.008825004,0.9522671,0.14974125,0.42445755,0.4258012,Mechanism / Background Knowledge,True,0.0034623244,0.0033220772,0.0039274776,0.0016313721,0.0010819362,0.006173529,0.0014241693,0.002710104,0.0063499655,0.008825004,0.9610921
Q450,Safety / Contraindication,0.85820323,Dosing / Administration,0.032274168,0.82592905,0.06826277,0.28301325,0.64872396,Safety / Contraindication,True,0.0067081344,0.032274168,0.85820323,0.022436595,0.016463544,0.008410929,0.012986701,0.0095132645,0.0087727895,0.021090245,0.0031403564
Q451,Prophylaxis / Maintenance,0.98185766,Dosing / Administration,0.0056586284,0.97619903,0.10218652,0.6636613,0.23415214,Prophylaxis / Maintenance,True,0.00026789977,0.0056586284,0.0038981976,0.00013537068,0.0007915965,0.0014179507,0.00039673716,0.0003729436,0.00089366414,0.98185766,0.0043093925
Q452,Interaction / Combination,0.9626987,Safety / Contraindication,0.009370143,0.95332855,0.06538383,0.18824223,0.74637395,Interaction / Combination,True,0.008530338,0.006540643,0.009370143,0.9626987,0.00097435556,0.0015421888,0.00054250297,0.0043423628,0.002088398,0.0017085907,0.0016617355
Q453,Dosing / Administration,0.92477244,Safety / Contraindication,0.034303326,0.89046913,0.09765041,0.3836799,0.51866966,Dosing / Administration,True,0.00052305625,0.92477244,0.034303326,0.0033727584,0.0031130316,0.00027727074,0.0007957046,0.00021741739,0.008122877,0.02414709,0.00035511696
Q454,Treatment Change / Escalation,0.99218833,Dosing / Administration,0.0035329384,0.9886554,0.049029365,0.3188914,0.63207924,Treatment Change / Escalation,True,0.00037003463,0.0035329384,0.0013499956,0.00018100263,0.00024305518,0.00041107825,4.3860993e-05,0.0007197344,0.99218833,0.0007478613,0.00021198983
Q455,Management / Treatment Selection,0.33077404,Interaction / Combination,0.32089895,0.009875089,0.080650195,0.18073949,0.73861027,Management / Treatment Selection,True,0.33077404,0.0076254825,0.05671204,0.32089895,0.010654791,0.023187092,0.006490737,0.094143674,0.0037007309,0.007567696,0.13824484
Q456,Guideline / Evidence Lookup,0.9412879,Management / Treatment Selection,0.028520662,0.91276723,0.15944636,0.2758878,0.56466585,Guideline / Evidence Lookup,True,0.028520662,0.0019356743,0.0032203847,0.0039983084,0.001715426,0.008325756,0.0010809784,0.9412879,0.0060263216,0.0035010073,0.00038758255
Q457,Safety / Contraindication,0.8881545,Efficacy / Outcomes,0.030467028,0.8576875,0.18901825,0.23088399,0.58009773,Safety / Contraindication,True,0.006592686,0.020464608,0.8881545,0.016593795,0.0066897236,0.006332993,0.030467028,0.0066547166,0.0030036464,0.011711973,0.003334288
Q458,Mechanism / Background Knowledge,0.9610921,Prophylaxis / Maintenance,0.008824999,0.9522671,0.14974128,0.42445752,0.42580116,Mechanism / Background Knowledge,True,0.0034623244,0.0033220772,0.0039274776,0.0016313721,0.0010819362,0.006173529,0.0014241693,0.002710104,0.0063499655,0.008824999,0.9610921
Q459,Prophylaxis / Maintenance,0.98110205,Dosing / Administration,0.0068763373,0.9742257,0.0927259,0.65266055,0.2546135,Prophylaxis / Maintenance,True,0.00047711443,0.0068763373,0.004561182,0.0002038534,0.0012674354,0.0014874511,0.0005453847,0.0005784802,0.00091132114,0.98110205,0.0019893555
Q460,Guideline / Evidence Lookup,0.9088194,Management / Treatment Selection,0.04170058,0.8671188,0.293032,0.31573686,0.39123112,Guideline / Evidence Lookup,True,0.04170058,0.0018905967,0.0038126255,0.003369961,0.0018632428,0.022234734,0.0033048051,0.9088194,0.0069526467,0.0047746827,0.0012766592
Q461,Safety / Contraindication,0.8930269,Efficacy / Outcomes,0.022864789,0.8701621,0.12885419,0.24801251,0.6231333,Safety / Contraindication,True,0.0070909164,0.019696746,0.8930269,0.018745689,0.006337505,0.0065351813,0.022864789,0.007856643,0.0029618258,0.011296261,0.003587581
Q462,Interaction / Combination,0.9626987,Safety / Contraindication,0.009370143,0.95332855,0.06538383,0.18824223,0.74637395,Interaction / Combination,True,0.008530338,0.006540643,0.009370143,0.9626987,0.00097435556,0.0015421888,0.00054250297,0.0043423628,0.002088398,0.0017085907,0.0016617355
Q463,Management / Treatment Selection,0.9874352,Guideline / Evidence Lookup,0.008868202,0.978567,0.03614598,0.0930994,0.8707546,Management / Treatment Selection,True,0.9874352,0.00030245757,0.00038565692,0.0014421869,0.0002611274,0.0002828821,0.00017618468,0.008868202,0.0002103539,0.00033906187,0.00029673366
Q464,Safety / Contraindication,0.8583038,Dosing / Administration,0.032023847,0.82627994,0.052379094,0.2878379,0.659783,Safety / Contraindication,True,0.0069327387,0.032023847,0.8583038,0.02339091,0.016812362,0.008545539,0.012910533,0.009548447,0.008876952,0.01958976,0.0030650818
Q465,Prophylaxis / Maintenance,0.98185766,Dosing / Administration,0.0056586284,0.97619903,0.10218652,0.6636613,0.23415214,Prophylaxis / Maintenance,True,0.00026789977,0.0056586284,0.0038981976,0.00013537068,0.0007915965,0.0014179507,0.00039673716,0.0003729436,0.00089366414,0.98185766,0.0043093925
Q466,Guideline / Evidence Lookup,0.91655445,Management / Treatment Selection,0.03650859,0.8800459,0.097233236,0.4615992,0.44116762,Guideline / Evidence Lookup,True,0.03650859,0.0023182326,0.004386108,0.004785369,0.0019568186,0.018150568,0.0024992062,0.91655445,0.0066025658,0.0051293494,0.0011087565
Q467,Safety / Contraindication,0.41915825,Dosing / Administration,0.3823942,0.036764055,0.075281054,0.3383302,0.5863887,Safety / Contraindication,True,0.0031189218,0.3823942,0.41915825,0.032759763,0.022015397,0.0047938107,0.009152789,0.0030827266,0.0646372,0.05715932,0.0017276556
Q468,Prophylaxis / Maintenance,0.98185766,Dosing / Administration,0.0056586284,0.97619903,0.10218652,0.6636613,0.23415214,Prophylaxis / Maintenance,True,0.00026789977,0.0056586284,0.0038981976,0.00013537068,0.0007915965,0.0014179507,0.00039673716,0.0003729436,0.00089366414,0.98185766,0.0043093925
Q469,Guideline / Evidence Lookup,0.9326238,Management / Treatment Selection,0.033688597,0.8989352,0.09947687,0.3768578,0.52366537,Guideline / Evidence Lookup,True,0.033688597,0.0019277667,0.0034863264,0.005157698,0.0019262672,0.009662211,0.0014769499,0.9326238,0.0064983875,0.0029824795,0.00056946
Q470,Dosing / Administration,0.9359979,Prophylaxis / Maintenance,0.026671981,0.9093259,0.099171415,0.40157285,0.4992557,Dosing / Administration,True,0.00067632255,0.9359979,0.023463823,0.0025786082,0.0030644035,0.00025468788,0.0009340544,0.00024960394,0.005522859,0.026671981,0.0005856395
Q471,Monitoring / Response / Risk Assessment,0.9323255,Management / Treatment Selection,0.02334587,0.9089796,0.024235934,0.07558217,0.9001819,Monitoring / Response / Risk Assessment,True,0.02334587,0.000307674,0.017199632,0.0017137208,0.0029965164,0.9323255,0.00037006466,0.01393707,0.0022180919,0.0025962656,0.0029896062
Q472,Mechanism / Background Knowledge,0.96171975,Prophylaxis / Maintenance,0.009412251,0.9523075,0.15438461,0.42697334,0.418642,Mechanism / Background Knowledge,True,0.003361197,0.0034955468,0.0037484686,0.0015181827,0.00101667,0.0052321088,0.0014139896,0.0025214988,0.0065603037,0.009412251,0.96171975
Q473,Efficacy / Outcomes,0.985386,Safety / Contraindication,0.007339046,0.97804695,0.25569043,0.34933466,0.39497498,Efficacy / Outcomes,True,0.00062200014,0.0010590008,0.007339046,0.0004650272,0.00034547818,0.0006852665,0.985386,0.0015773235,0.00031874055,0.0015134864,0.0006884901
Q474,Mechanism / Background Knowledge,0.96171975,Prophylaxis / Maintenance,0.009412251,0.9523075,0.15438461,0.42697334,0.418642,Mechanism / Background Knowledge,True,0.003361197,0.0034955468,0.0037484686,0.0015181827,0.00101667,0.0052321088,0.0014139896,0.0025214988,0.0065603037,0.009412251,0.96171975
Q475,Safety / Contraindication,0.36930543,Treatment Change / Escalation,0.3111187,0.05818674,0.06876268,0.36668214,0.56455517,Safety / Contraindication,True,0.052293885,0.032662842,0.36930543,0.018347425,0.01831117,0.022668365,0.022462249,0.06957889,0.3111187,0.043615513,0.0396355
Q476,Comparative Treatment Choice,0.98687124,Safety / Contraindication,0.004795867,0.9820754,0.021655308,0.85083866,0.12750602,Comparative Treatment Choice,True,0.00065813586,0.0025355718,0.004795867,0.00046835444,0.98687124,0.0006493416,0.00023076386,0.00030874225,0.00091581716,0.0024319214,0.00013412975
Q477,Efficacy / Outcomes,0.9887477,Safety / Contraindication,0.0054166606,0.9833311,0.32741308,0.2560794,0.4165075,Efficacy / Outcomes,True,0.0004406123,0.0009160599,0.0054166606,0.00031277363,0.00017508688,0.000457426,0.9887477,0.0012014321,0.00025081233,0.0015783312,0.00050305855
Q478,Safety / Contraindication,0.8615675,Dosing / Administration,0.032312725,0.82925475,0.056854025,0.28647864,0.65666735,Safety / Contraindication,True,0.0065404945,0.032312725,0.8615675,0.022605851,0.016216805,0.008109686,0.012967543,0.008722335,0.008503289,0.019532721,0.0029210967
Q479,Safety / Contraindication,0.73063,Efficacy / Outcomes,0.05275428,0.6778757,0.21928418,0.19392462,0.5867912,Safety / Contraindication,True,0.042467862,0.015543464,0.73063,0.036064792,0.015563455,0.022194685,0.05275428,0.03814801,0.005654433,0.01356263,0.02741628
Q480,Safety / Contraindication,0.44479293,Dosing / Administration,0.38383994,0.06095299,0.18266825,0.29904008,0.51829165,Dosing / Administration,True,0.0032145893,0.38383994,0.44479293,0.023439493,0.02320573,0.0044405987,0.011224968,0.0031809963,0.046603985,0.05460357,0.0014531558
Q481,Efficacy / Outcomes,0.9887477,Safety / Contraindication,0.0054166606,0.9833311,0.32741308,0.2560794,0.4165075,Efficacy / Outcomes,True,0.0004406123,0.0009160599,0.0054166606,0.00031277363,0.00017508688,0.000457426,0.9887477,0.0012014321,0.00025081233,0.0015783312,0.00050305855
Q482,Efficacy / Outcomes,0.9887477,Safety / Contraindication,0.0054166606,0.9833311,0.32741308,0.2560794,0.4165075,Efficacy / Outcomes,True,0.0004406123,0.0009160599,0.0054166606,0.00031277363,0.00017508688,0.000457426,0.9887477,0.0012014321,0.00025081233,0.0015783312,0.00050305855
Q483,Management / Treatment Selection,0.9890631,Guideline / Evidence Lookup,0.0054933354,0.98356974,0.053752244,0.06744867,0.8787991,Management / Treatment Selection,True,0.9890631,0.00025017982,0.0010621146,0.0017798482,0.00026197854,0.00046529208,0.00030193856,0.0054933354,0.00021776377,0.00037132986,0.00073307677
Q484,Dosing / Administration,0.37508363,Safety / Contraindication,0.27289736,0.10218626,0.07496158,0.2319428,0.69309556,Dosing / Administration,True,0.007898822,0.37508363,0.27289736,0.06544229,0.043056898,0.008644456,0.002235305,0.006650602,0.1811591,0.035885625,0.0010459034
Q485,Interaction / Combination,0.40348408,Treatment Change / Escalation,0.21723941,0.18624467,0.06778472,0.18726723,0.744948,Treatment Change / Escalation,True,0.015831979,0.17889424,0.14233454,0.40348408,0.00658848,0.004918532,0.0022792676,0.00972685,0.21723941,0.016995147,0.001707502
Q486,Treatment Change / Escalation,0.9863862,Dosing / Administration,0.006705008,0.9796812,0.03939372,0.30122343,0.6593829,Treatment Change / Escalation,True,0.0005512554,0.006705008,0.002524249,0.00066998013,0.00034643078,0.00059008424,5.5899392e-05,0.0009023163,0.9863862,0.0010458053,0.00022271417
Q487,Guideline / Evidence Lookup,0.8998918,Management / Treatment Selection,0.04795912,0.85193264,0.085921586,0.452322,0.46175644,Guideline / Evidence Lookup,True,0.04795912,0.0024848133,0.0058308924,0.0057818373,0.0025214835,0.019889629,0.0024877607,0.8998918,0.006175956,0.0052209944,0.0017557256
Q488,Safety / Contraindication,0.4391546,Dosing / Administration,0.335014,0.10414061,0.15489729,0.30920076,0.53590196,Safety / Contraindication,True,0.0048387554,0.335014,0.4391546,0.038075186,0.024456041,0.0063779387,0.011414817,0.004672182,0.06931115,0.0636431,0.003042248
Q489,Treatment Change / Escalation,0.9863862,Dosing / Administration,0.006705008,0.9796812,0.03939372,0.30122343,0.6593829,Treatment Change / Escalation,True,0.0005512554,0.006705008,0.002524249,0.00066998013,0.00034643078,0.00059008424,5.5899392e-05,0.0009023163,0.9863862,0.0010458053,0.00022271417
Q490,Management / Treatment Selection,0.93243223,Guideline / Evidence Lookup,0.024508614,0.90792364,0.030090656,0.18426797,0.7856414,Management / Treatment Selection,True,0.93243223,0.0010738596,0.0036142927,0.0019878165,0.0012471034,0.007295309,0.0017200607,0.024508614,0.001036266,0.011681219,0.013403061
Q491,Efficacy / Outcomes,0.9887477,Safety / Contraindication,0.0054166606,0.9833311,0.32741308,0.2560794,0.4165075,Efficacy / Outcomes,True,0.0004406123,0.0009160599,0.0054166606,0.00031277363,0.00017508688,0.000457426,0.9887477,0.0012014321,0.00025081233,0.0015783312,0.00050305855
Q492,Dosing / Administration,0.37508363,Safety / Contraindication,0.27289736,0.10218626,0.07496158,0.2319428,0.69309556,Dosing / Administration,True,0.007898822,0.37508363,0.27289736,0.06544229,0.043056898,0.008644456,0.002235305,0.006650602,0.1811591,0.035885625,0.0010459034
Q493,Monitoring / Response / Risk Assessment,0.9854785,Safety / Contraindication,0.006436455,0.97904205,0.06933048,0.14198625,0.7886833,Monitoring / Response / Risk Assessment,True,0.00040784042,7.76619e-05,0.006436455,0.00038513963,0.0009845658,0.9854785,0.0002085844,0.0031146058,0.000685258,0.00088724867,0.0013339646
Q494,Guideline / Evidence Lookup,0.8998325,Management / Treatment Selection,0.046918485,0.852914,0.06880169,0.46415398,0.4670443,Guideline / Evidence Lookup,True,0.046918485,0.0026425899,0.0058692,0.0062688678,0.0026363775,0.019536069,0.0025363287,0.8998325,0.0065889643,0.005398925,0.0017717036
Q495,Monitoring / Response / Risk Assessment,0.890431,Safety / Contraindication,0.05327918,0.8371518,0.15212123,0.14367965,0.70419914,Safety / Contraindication,True,0.0068379124,0.00059416913,0.05327918,0.0024491253,0.0041898075,0.890431,0.0017557619,0.019456545,0.0018665736,0.0032776715,0.015862267
Q496,Safety / Contraindication,0.41915825,Dosing / Administration,0.3823942,0.036764055,0.075281054,0.3383302,0.5863887,Safety / Contraindication,True,0.0031189218,0.3823942,0.41915825,0.032759763,0.022015397,0.0047938107,0.009152789,0.0030827266,0.0646372,0.05715932,0.0017276556
Q497,Safety / Contraindication,0.8976659,Efficacy / Outcomes,0.02269203,0.8749739,0.060788386,0.26739064,0.671821,Safety / Contraindication,True,0.006544827,0.020949628,0.8976659,0.01921511,0.0054412032,0.005212274,0.02269203,0.0062774424,0.0026044287,0.010035382,0.003361754
Q498,Monitoring / Response / Risk Assessment,0.97772866,Safety / Contraindication,0.009149787,0.9685789,0.09599276,0.13766247,0.7663448,Monitoring / Response / Risk Assessment,True,0.0009847793,0.000100371835,0.009149787,0.0004714144,0.00095264567,0.97772866,0.00025147424,0.005281346,0.0006044059,0.0010055065,0.0034696083
Q499,Safety / Contraindication,0.65628165,Efficacy / Outcomes,0.05371031,0.60257137,0.16496353,0.2933747,0.5416618,Safety / Contraindication,True,0.03137751,0.048519187,0.65628165,0.036885094,0.028877988,0.016388938,0.05371031,0.030487264,0.010222228,0.048823223,0.03842653
Q500,Guideline / Evidence Lookup,0.8998918,Management / Treatment Selection,0.04795912,0.85193264,0.085921586,0.452322,0.46175644,Guideline / Evidence Lookup,True,0.04795912,0.0024848133,0.0058308924,0.0057818373,0.0025214835,0.019889629,0.0024877607,0.8998918,0.006175956,0.0052209944,0.0017557256
