query_id,query_text,language,intent_text,cluster_id,liang_final_intent,liang_top_probability,liang_second_intent,liang_second_probability,liang_probability_margin,attention_semantic,attention_sentence_tfidf,attention_class_centroid_tfidf,anchor_rule_intent,matched_candidate_intents,n_anchor_matches,used_as_weak_anchor,prototype_top_intent,prototype_top_score,prototype_second_intent,prototype_second_score,ambiguity_margin,margin_is_calibrated_confidence,similarity_management_treatment,similarity_diagnosis_differential_diagnosis,similarity_work_up_test_selection,similarity_test_clinical_data_interpretation,similarity_pharmacotherapy,similarity_evidence_guideline_lookup,similarity_procedures_techniques,similarity_epidemiology_prognosis,similarity_patient_communication_education,similarity_other_ambiguous
Q001,is Diazepam safe in Febrile Seizure with immunocompromised,EN,is medicine safe in disease with immunocompromised,0,Safety / Contraindication,0.8990935,Efficacy / Outcomes,0.022822302,0.8762712,0.08010235,0.26189202,0.65800565,Safety / Contraindication,Safety / Contraindication,1,True,Pharmacotherapy,0.3710782,Epidemiology / Prognosis,0.36095768,0.010120511,False,0.300391,0.276318,0.220339,0.274394,0.371078,0.259395,0.204407,0.360958,0.267062,0.063277
Q002,SGLT2 inhibitors adverse effects monitoring in Atrial Fibrillation,EN,drugclass adverse effects monitoring in disease,6,Monitoring / Response / Risk Assessment,0.890431,Safety / Contraindication,0.05327918,0.8371518,0.15212123,0.14367965,0.70419914,Safety / Contraindication,Safety / Contraindication; Monitoring / Response / Risk Assessment,2,True,Pharmacotherapy,0.6137334,Diagnosis / Differential Diagnosis,0.46670735,0.14702606,False,0.335202,0.466707,0.287495,0.368173,0.613733,0.375557,0.22477,0.414124,0.334353,0.130501
Q003,interaksi obat Nivolumab dan Nivolumab pada Colorectal Cancer,ID,interaksi obat medicine dan medicine pada disease,0,Interaction / Combination,0.9658287,Safety / Contraindication,0.0093598245,0.9564689,0.059179965,0.17512545,0.76569456,Interaction / Combination,Interaction / Combination,1,True,Pharmacotherapy,0.56351763,Patient Communication / Education,0.382504,0.18101364,False,0.372536,0.295362,0.232078,0.35834,0.563518,0.299618,0.348382,0.361048,0.382504,0.068566
Q004,Apixaban efficacy pada Deep Vein Thrombosis clinical outcome data,MIXED,medicine efficacy pada disease clinical outcome data,0,Efficacy / Outcomes,0.985386,Safety / Contraindication,0.007339046,0.97804695,0.25569043,0.34933466,0.39497498,Efficacy / Outcomes,Efficacy / Outcomes,1,True,Epidemiology / Prognosis,0.5372452,Pharmacotherapy,0.53344434,0.003800869,False,0.482681,0.432297,0.295658,0.447422,0.533444,0.509802,0.453467,0.537245,0.427836,0.10155
Q005,Penicillins in pregnancy and HIV/AIDS,EN,drugclass in pregnancy and disease,14,Safety / Contraindication,0.73063,Efficacy / Outcomes,0.05275428,0.6778757,0.21928418,0.19392462,0.5867912,Safety / Contraindication,Safety / Contraindication,1,True,Pharmacotherapy,0.43012902,Epidemiology / Prognosis,0.24261546,0.18751356,False,0.237437,0.152368,0.091062,0.183811,0.430129,0.22596,0.210254,0.242615,0.173574,0.061209
Q006,kombinasi Metoprolol dan Metoprolol pada Heart Failure aman atau tidak,MIXED,kombinasi medicine dan medicine pada disease aman atau tidak,0,Interaction / Combination,0.9430835,Safety / Contraindication,0.027149757,0.9159338,0.055518784,0.17306238,0.7714188,Interaction / Combination,Interaction / Combination; Safety / Contraindication,2,True,Pharmacotherapy,0.5262046,Epidemiology / Prognosis,0.47412813,0.05207646,False,0.441305,0.374096,0.314286,0.374025,0.526205,0.396766,0.377754,0.474128,0.394969,0.158756
Q007,Hydroxychloroquine hepatic impairment dose in Rheumatoid Arthritis,EN,medicine hepatic impairment dose in disease,3,Dosing / Administration,0.9290329,Safety / Contraindication,0.028950522,0.9000824,0.23898493,0.3060625,0.45495266,Dosing / Administration,Dosing / Administration,1,True,Pharmacotherapy,0.32883036,Evidence / Guideline Lookup,0.26495534,0.06387502,False,0.197985,0.202103,0.118141,0.204014,0.32883,0.264955,0.15193,0.25321,0.206036,-0.02566
Q008,Short-acting beta2-agonists adverse effects monitoring in Asthma,EN,drugclass adverse effects monitoring in disease,6,Monitoring / Response / Risk Assessment,0.890431,Safety / Contraindication,0.05327918,0.8371518,0.15212123,0.14367965,0.70419914,Safety / Contraindication,Safety / Contraindication; Monitoring / Response / Risk Assessment,2,True,Pharmacotherapy,0.6137334,Diagnosis / Differential Diagnosis,0.46670735,0.14702606,False,0.335202,0.466707,0.287495,0.368173,0.613733,0.375557,0.22477,0.414124,0.334353,0.130501
Q009,Tenofovir+Lamivudine drug interaction with Tenofovir+Lamivudine in Urinary Tract Infection,EN,medicine drug interaction with medicine in disease,0,Interaction / Combination,0.96815825,Management / Treatment Selection,0.011496757,0.95666146,0.056410003,0.12776594,0.81582403,Interaction / Combination,Interaction / Combination,1,True,Pharmacotherapy,0.57278866,Patient Communication / Education,0.31114024,0.26164842,False,0.306634,0.235826,0.176833,0.291503,0.572789,0.259075,0.303478,0.284987,0.31114,0.037864
Q010,renal dose adjustment Magnesium sulphate in Preeclampsia,EN,renal dose adjustment medicine in disease,1,Dosing / Administration,0.9370421,Safety / Contraindication,0.02476116,0.912281,0.11514645,0.30007026,0.58478326,Dosing / Administration,Dosing / Administration,1,True,Pharmacotherapy,0.36038262,Evidence / Guideline Lookup,0.29834503,0.062037587,False,0.24936,0.149486,0.173452,0.241743,0.360383,0.298345,0.2658,0.261541,0.248634,-0.074709
Q011,Psoriasis dengan renal impairment penyesuaian dosis Tacrolimus topical,MIXED,disease dengan renal impairment penyesuaian dosis medicine,1,Dosing / Administration,0.93447703,Safety / Contraindication,0.026299171,0.90817785,0.12735051,0.38163197,0.49101758,Dosing / Administration,Dosing / Administration,1,True,Epidemiology / Prognosis,0.3254621,Pharmacotherapy,0.31451082,0.010951281,False,0.248229,0.281574,0.172108,0.30487,0.314511,0.272935,0.225793,0.325462,0.273432,0.003097
Q012,Artemether-lumefantrine pada pasien elderly Typhoid Fever apa perlu adjustment,MIXED,medicine pada pasien elderly disease apa perlu adjustment,8,Dosing / Administration,0.92477244,Safety / Contraindication,0.034303326,0.89046913,0.09765041,0.3836799,0.51866966,Dosing / Administration,Dosing / Administration,1,True,Management / Treatment,0.4471611,Patient Communication / Education,0.43528968,0.011871427,False,0.447161,0.201959,0.203671,0.27731,0.417105,0.420793,0.425101,0.387648,0.43529,0.049074
Q013,kontraindikasi Bedaquiline pada Tuberculosis dengan anaemia,MIXED,kontraindikasi medicine pada disease dengan anaemia,12,Safety / Contraindication,0.8616851,Dosing / Administration,0.034556855,0.82712823,0.05406603,0.2873255,0.6586085,Safety / Contraindication,Safety / Contraindication,1,True,Diagnosis / Differential Diagnosis,0.426436,Test / Clinical Data Interpretation,0.38258734,0.043848664,False,0.325358,0.426436,0.245706,0.382587,0.344367,0.3709,0.257359,0.359643,0.280924,0.073408
Q014,Malaria pediatric dosing Tenofovir disoproxil,EN,disease pediatric dosing medicine,10,Dosing / Administration,0.46515778,Safety / Contraindication,0.36602956,0.09912822,0.13818632,0.31531486,0.54649884,Dosing / Administration,Dosing / Administration,1,True,Pharmacotherapy,0.39037088,Evidence / Guideline Lookup,0.3580201,0.03235078,False,0.287668,0.264299,0.188446,0.311853,0.390371,0.35802,0.321095,0.315835,0.226708,-0.022429
Q015,Peptic Ulcer Disease prophylaxis Lansoprazole indication,EN,disease prophylaxis medicine indication,0,Prophylaxis / Maintenance,0.98185766,Dosing / Administration,0.0056586284,0.97619903,0.10218652,0.6636613,0.23415214,Prophylaxis / Maintenance,Prophylaxis / Maintenance; Management / Treatment Selection,2,True,Diagnosis / Differential Diagnosis,0.48598784,Epidemiology / Prognosis,0.41643748,0.069550365,False,0.317798,0.485988,0.212731,0.38313,0.282958,0.371821,0.286917,0.416437,0.32907,0.010429
Q016,is Bortezomib safe in Rheumatoid Arthritis with renal impairment,EN,is medicine safe in disease with renal impairment,1,Safety / Contraindication,0.88405836,Dosing / Administration,0.041609846,0.84244853,0.09786671,0.26063073,0.64150256,Safety / Contraindication,Safety / Contraindication,1,True,Pharmacotherapy,0.3607349,Epidemiology / Prognosis,0.31709737,0.043637544,False,0.262886,0.242748,0.189404,0.257575,0.360735,0.27408,0.229396,0.317097,0.275795,0.065024
Q017,PD-1 inhibitors mechanism untuk Colorectal Cancer bagaimana cara kerjanya,MIXED,drugclass mechanism untuk disease bagaimana cara kerjanya,6,Mechanism / Background Knowledge,0.96171975,Prophylaxis / Maintenance,0.009412251,0.9523075,0.15438461,0.42697334,0.418642,Mechanism / Background Knowledge,Mechanism / Background Knowledge,1,True,Pharmacotherapy,0.48622504,Test / Clinical Data Interpretation,0.29653132,0.18969372,False,0.286505,0.268812,0.208812,0.296531,0.486225,0.202821,0.183406,0.261964,0.28767,0.082469
Q018,interaksi obat Losartan dan Empagliflozin pada Chronic Kidney Disease,ID,interaksi obat medicine dan medicine pada disease,0,Interaction / Combination,0.9658287,Safety / Contraindication,0.0093598245,0.9564689,0.059179965,0.17512545,0.76569456,Interaction / Combination,Interaction / Combination,1,True,Pharmacotherapy,0.56351763,Patient Communication / Education,0.382504,0.18101364,False,0.372536,0.295362,0.232078,0.35834,0.563518,0.299618,0.348382,0.361048,0.382504,0.068566
Q019,Rheumatoid Arthritis dengan renal impairment penyesuaian dosis Bortezomib,MIXED,disease dengan renal impairment penyesuaian dosis medicine,1,Dosing / Administration,0.93447703,Safety / Contraindication,0.026299171,0.90817785,0.12735051,0.38163197,0.49101758,Dosing / Administration,Dosing / Administration,1,True,Epidemiology / Prognosis,0.3254621,Pharmacotherapy,0.31451082,0.010951281,False,0.248229,0.281574,0.172108,0.30487,0.314511,0.272935,0.225793,0.325462,0.273432,0.003097
Q020,latest Malaria management guidelines 2025,EN,latest disease management guidelines 2025,0,Guideline / Evidence Lookup,0.92699105,Management / Treatment Selection,0.03833121,0.88865983,0.21537267,0.2558986,0.5287287,Guideline / Evidence Lookup,Guideline / Evidence Lookup,1,True,Management / Treatment,0.5440733,Evidence / Guideline Lookup,0.5188918,0.025181472,False,0.544073,0.414244,0.430927,0.436246,0.428217,0.518892,0.431184,0.518356,0.396172,0.200957
Q021,dosis titrasi Tenofovir disoproxil Malaria toleransi pasien,MIXED,dosis titrasi medicine disease toleransi pasien,5,Dosing / Administration,0.91047275,Safety / Contraindication,0.041970864,0.8685019,0.11794164,0.30305544,0.5790029,Dosing / Administration,Dosing / Administration,1,True,Epidemiology / Prognosis,0.39480203,Pharmacotherapy,0.3898939,0.0049081445,False,0.349012,0.325368,0.193371,0.275941,0.389894,0.343839,0.283977,0.394802,0.315215,-0.001069
Q022,resistensi Methyldopa pada Hypertension in Pregnancy alternatif Methyldopa,ID,resistensi medicine pada disease alternatif medicine,0,Treatment Change / Escalation,0.93789786,Dosing / Administration,0.030666366,0.9072315,0.051295042,0.22648612,0.7222189,Treatment Change / Escalation,Treatment Change / Escalation,1,True,Pharmacotherapy,0.41444623,Epidemiology / Prognosis,0.35917714,0.055269092,False,0.326603,0.277037,0.207236,0.322361,0.414446,0.347899,0.305079,0.359177,0.301297,0.09555
Q023,indikasi Sitagliptin pada Type 2 Diabetes Mellitus guideline terbaru,MIXED,indikasi medicine pada disease guideline terbaru,0,Guideline / Evidence Lookup,0.9326238,Management / Treatment Selection,0.033688597,0.8989352,0.09947687,0.3768578,0.52366537,Guideline / Evidence Lookup,Guideline / Evidence Lookup; Management / Treatment Selection,2,True,Evidence / Guideline Lookup,0.56445384,Diagnosis / Differential Diagnosis,0.5608883,0.0035655499,False,0.507323,0.560888,0.357313,0.531261,0.512631,0.564454,0.425113,0.54769,0.486233,0.147116
Q024,Gout dengan renal impairment penyesuaian dosis Adalimumab,MIXED,disease dengan renal impairment penyesuaian dosis medicine,1,Dosing / Administration,0.93447703,Safety / Contraindication,0.026299171,0.90817785,0.12735051,0.38163197,0.49101758,Dosing / Administration,Dosing / Administration,1,True,Epidemiology / Prognosis,0.3254621,Pharmacotherapy,0.31451082,0.010951281,False,0.248229,0.281574,0.172108,0.30487,0.314511,0.272935,0.225793,0.325462,0.273432,0.003097
Q025,Acute Coronary Syndrome guideline update 2023 summary,EN,disease guideline update 2023 summary,0,Guideline / Evidence Lookup,0.8995319,Management / Treatment Selection,0.046889957,0.85264194,0.34313723,0.27667108,0.38019165,Guideline / Evidence Lookup,Guideline / Evidence Lookup,1,True,Evidence / Guideline Lookup,0.5306182,Epidemiology / Prognosis,0.46520084,0.06541735,False,0.387847,0.446615,0.3463,0.431173,0.341503,0.530618,0.270745,0.465201,0.367204,0.132687
Q026,kontraindikasi Labetalol pada Hypertension in Pregnancy dengan atrial fibrillation,MIXED,kontraindikasi medicine pada disease dengan atrial fibrillation,13,Safety / Contraindication,0.8575469,Dosing / Administration,0.02935046,0.82819647,0.17402212,0.25088906,0.5750888,Safety / Contraindication,Safety / Contraindication,1,True,Evidence / Guideline Lookup,0.30428728,Epidemiology / Prognosis,0.2975444,0.0067428946,False,0.204837,0.272119,0.138238,0.28864,0.219178,0.304287,0.225434,0.297544,0.252361,-0.022496
Q027,Vitamin A adverse effects monitoring in Stunting / Malnutrition,EN,medicine adverse effects monitoring in disease,6,Monitoring / Response / Risk Assessment,0.95744383,Safety / Contraindication,0.025715064,0.9317288,0.116592534,0.13519408,0.7482134,Safety / Contraindication,Safety / Contraindication; Monitoring / Response / Risk Assessment,2,True,Pharmacotherapy,0.53955275,Diagnosis / Differential Diagnosis,0.51086396,0.028688788,False,0.397458,0.510864,0.316,0.446217,0.539553,0.401033,0.321359,0.479871,0.409984,0.109818
Q028,ACE inhibitors adverse effects monitoring in Hypertension,EN,drugclass adverse effects monitoring in disease,6,Monitoring / Response / Risk Assessment,0.890431,Safety / Contraindication,0.05327918,0.8371518,0.15212123,0.14367965,0.70419914,Safety / Contraindication,Safety / Contraindication; Monitoring / Response / Risk Assessment,2,True,Pharmacotherapy,0.6137334,Diagnosis / Differential Diagnosis,0.46670735,0.14702606,False,0.335202,0.466707,0.287495,0.368173,0.613733,0.375557,0.22477,0.414124,0.334353,0.130501
Q029,Empagliflozin efficacy pada Type 2 Diabetes Mellitus clinical outcome data,MIXED,medicine efficacy pada disease clinical outcome data,0,Efficacy / Outcomes,0.985386,Safety / Contraindication,0.007339046,0.97804695,0.25569043,0.34933466,0.39497498,Efficacy / Outcomes,Efficacy / Outcomes,1,True,Epidemiology / Prognosis,0.5372452,Pharmacotherapy,0.53344434,0.003800869,False,0.482681,0.432297,0.295658,0.447422,0.533444,0.509802,0.453467,0.537245,0.427836,0.10155
Q030,is Losartan safe in Hypertension with liver disease,EN,is medicine safe in disease with liver disease,3,Safety / Contraindication,0.8954512,Dosing / Administration,0.02418861,0.87126255,0.10168158,0.25574848,0.64256996,Safety / Contraindication,Safety / Contraindication,1,True,Pharmacotherapy,0.36568013,Epidemiology / Prognosis,0.29613116,0.069548965,False,0.245407,0.235453,0.165046,0.200414,0.36568,0.271853,0.147143,0.296131,0.23464,0.062421
Q031,Ibuprofen side effect pada pasien Psoriatic Arthritis apa saja,MIXED,medicine side effect pada pasien disease apa saja,0,Safety / Contraindication,0.41915825,Dosing / Administration,0.3823942,0.036764055,0.075281054,0.3383302,0.5863887,Safety / Contraindication,Safety / Contraindication,1,True,Pharmacotherapy,0.49910206,Epidemiology / Prognosis,0.49503168,0.0040703714,False,0.414928,0.405403,0.18851,0.352944,0.499102,0.404142,0.329019,0.495032,0.438269,0.01451
Q032,interaksi obat Ramipril dan Spironolactone pada Heart Failure,ID,interaksi obat medicine dan medicine pada disease,0,Interaction / Combination,0.9658287,Safety / Contraindication,0.0093598245,0.9564689,0.059179965,0.17512545,0.76569456,Interaction / Combination,Interaction / Combination,1,True,Pharmacotherapy,0.56351763,Patient Communication / Education,0.382504,0.18101364,False,0.372536,0.295362,0.232078,0.35834,0.563518,0.299618,0.348382,0.361048,0.382504,0.068566
Q033,dosis Semaglutide pada Obesity pasien hypertension aman tidak,MIXED,dosis medicine pada disease pasien hypertension aman tidak,1,Safety / Contraindication,0.43469965,Dosing / Administration,0.26065686,0.17404279,0.108635366,0.22080563,0.6705589,Safety / Contraindication,Safety / Contraindication; Dosing / Administration,2,True,Evidence / Guideline Lookup,0.38379747,Pharmacotherapy,0.35447127,0.0293262,False,0.262347,0.213972,0.105765,0.180788,0.354471,0.383797,0.240398,0.292359,0.216106,0.073078
Q034,Typhoid Fever treatment algorithm Antimalarials first line,EN,disease treatment algorithm drugclass first line,6,Management / Treatment Selection,0.9139531,Guideline / Evidence Lookup,0.07021824,0.84373486,0.036884844,0.17585123,0.78726393,Management / Treatment Selection,Management / Treatment Selection,1,True,Pharmacotherapy,0.5402144,Management / Treatment,0.5134928,0.026721597,False,0.513493,0.295708,0.342317,0.281455,0.540214,0.337696,0.34342,0.350368,0.35834,0.154298
Q035,algoritma terapi HIV/AIDS step up,ID,algoritma terapi disease step up,11,Management / Treatment Selection,0.984469,Guideline / Evidence Lookup,0.008368756,0.97610027,0.0488273,0.14333789,0.8078348,Management / Treatment Selection,Management / Treatment Selection,1,True,Management / Treatment,0.3736121,Pharmacotherapy,0.2844178,0.0891943,False,0.373612,0.242224,0.225396,0.244146,0.284418,0.265559,0.242228,0.267169,0.255031,0.158703
Q036,Atrial Fibrillation pediatric dosing Empagliflozin,EN,disease pediatric dosing medicine,10,Dosing / Administration,0.46515778,Safety / Contraindication,0.36602956,0.09912822,0.13818632,0.31531486,0.54649884,Dosing / Administration,Dosing / Administration,1,True,Pharmacotherapy,0.39037088,Evidence / Guideline Lookup,0.3580201,0.03235078,False,0.287668,0.264299,0.188446,0.311853,0.390371,0.35802,0.321095,0.315835,0.226708,-0.022429
Q037,SSRIs in pregnancy and ADHD,EN,drugclass in pregnancy and disease,14,Safety / Contraindication,0.73063,Efficacy / Outcomes,0.05275428,0.6778757,0.21928418,0.19392462,0.5867912,Safety / Contraindication,Safety / Contraindication,1,True,Pharmacotherapy,0.43012902,Epidemiology / Prognosis,0.24261546,0.18751356,False,0.237437,0.152368,0.091062,0.183811,0.430129,0.22596,0.210254,0.242615,0.173574,0.061209
Q038,Integrase inhibitors terbaru untuk Malaria terbaru,MIXED,drugclass terbaru untuk disease terbaru,6,Guideline / Evidence Lookup,0.8998325,Management / Treatment Selection,0.046918485,0.852914,0.06880169,0.46415398,0.4670443,Guideline / Evidence Lookup,Guideline / Evidence Lookup,1,True,Pharmacotherapy,0.55750495,Evidence / Guideline Lookup,0.397225,0.16027996,False,0.36257,0.331146,0.295757,0.377677,0.557505,0.397225,0.280093,0.379943,0.314067,0.140841
Q039,algoritma terapi Chronic Kidney Disease step up,ID,algoritma terapi disease step up,11,Management / Treatment Selection,0.984469,Guideline / Evidence Lookup,0.008368756,0.97610027,0.0488273,0.14333789,0.8078348,Management / Treatment Selection,Management / Treatment Selection,1,True,Management / Treatment,0.3736121,Pharmacotherapy,0.2844178,0.0891943,False,0.373612,0.242224,0.225396,0.244146,0.284418,0.265559,0.242228,0.267169,0.255031,0.158703
Q040,resistensi Desmopressin pada Diabetes Insipidus alternatif Desmopressin,ID,resistensi medicine pada disease alternatif medicine,0,Treatment Change / Escalation,0.93789786,Dosing / Administration,0.030666366,0.9072315,0.051295042,0.22648612,0.7222189,Treatment Change / Escalation,Treatment Change / Escalation,1,True,Pharmacotherapy,0.41444623,Epidemiology / Prognosis,0.35917714,0.055269092,False,0.326603,0.277037,0.207236,0.322361,0.414446,0.347899,0.305079,0.359177,0.301297,0.09555
Q041,SGLT2 inhibitors mechanism of action in Chronic Kidney Disease,EN,drugclass mechanism of action in disease,6,Mechanism / Background Knowledge,0.9610921,Prophylaxis / Maintenance,0.008824999,0.9522671,0.14974128,0.42445752,0.42580116,Mechanism / Background Knowledge,Mechanism / Background Knowledge,1,True,Pharmacotherapy,0.47425747,Management / Treatment,0.26613,0.20812747,False,0.26613,0.222665,0.163268,0.215239,0.474257,0.175935,0.149279,0.216707,0.245985,0.053999
Q042,switch from Piperacillin-tazobactam to Norepinephrine in Sepsis,EN,switch from medicine to medicine in disease,0,Treatment Change / Escalation,0.9863862,Dosing / Administration,0.006705008,0.9796812,0.03939372,0.30122343,0.6593829,Treatment Change / Escalation,Treatment Change / Escalation,1,True,Management / Treatment,0.42528063,Pharmacotherapy,0.4076186,0.017662019,False,0.425281,0.240374,0.272614,0.373262,0.407619,0.346428,0.401849,0.330152,0.349958,0.072468
Q043,Thyroid hormones kontraindikasi pada Hyperthyroidism dengan hepatic impairment,ID,drugclass kontraindikasi pada disease dengan hepatic impairment,3,Safety / Contraindication,0.65628165,Efficacy / Outcomes,0.05371031,0.60257137,0.16496353,0.2933747,0.5416618,Safety / Contraindication,Safety / Contraindication,1,True,Pharmacotherapy,0.43281126,Evidence / Guideline Lookup,0.33863205,0.09417921,False,0.297549,0.335627,0.176822,0.27267,0.432811,0.338632,0.152292,0.313364,0.287499,0.106483
Q044,Malaria with pregnancy first line drug,EN,disease with pregnancy first line drug,14,Management / Treatment Selection,0.98180884,Guideline / Evidence Lookup,0.0129710045,0.96883786,0.07745891,0.06796144,0.85457957,Management / Treatment Selection,Management / Treatment Selection; Safety / Contraindication,2,True,Pharmacotherapy,0.3425098,Management / Treatment,0.2733093,0.069200516,False,0.273309,0.215925,0.093627,0.187074,0.34251,0.257382,0.187263,0.256555,0.132907,0.00201
Q045,switch from Diazepam to Diazepam in Febrile Seizure,EN,switch from medicine to medicine in disease,0,Treatment Change / Escalation,0.9863862,Dosing / Administration,0.006705008,0.9796812,0.03939372,0.30122343,0.6593829,Treatment Change / Escalation,Treatment Change / Escalation,1,True,Management / Treatment,0.42528063,Pharmacotherapy,0.4076186,0.017662019,False,0.425281,0.240374,0.272614,0.373262,0.407619,0.346428,0.401849,0.330152,0.349958,0.072468
Q046,kapan mulai terapi Adalimumab pada Gout,ID,kapan mulai terapi medicine pada disease,0,Management / Treatment Selection,0.9812088,Guideline / Evidence Lookup,0.009835744,0.9713731,0.025013724,0.12852103,0.8464653,Management / Treatment Selection,Management / Treatment Selection,1,True,Management / Treatment,0.52135503,Procedures / Techniques,0.48233718,0.039017856,False,0.521355,0.332444,0.329157,0.421322,0.443465,0.468114,0.482337,0.464131,0.406137,0.057801
Q047,Tiotropium long term outcomes COPD,EN,medicine long term outcomes disease,0,Efficacy / Outcomes,0.9887477,Safety / Contraindication,0.0054166606,0.9833311,0.32741308,0.2560794,0.4165075,Efficacy / Outcomes,Efficacy / Outcomes,1,True,Epidemiology / Prognosis,0.5110607,Test / Clinical Data Interpretation,0.44481257,0.06624815,False,0.404389,0.388199,0.235139,0.444813,0.380207,0.436837,0.301888,0.511061,0.413811,0.086811
Q048,Ibuprofen long term outcomes Systemic Lupus Erythematosus,EN,medicine long term outcomes disease,0,Efficacy / Outcomes,0.9887477,Safety / Contraindication,0.0054166606,0.9833311,0.32741308,0.2560794,0.4165075,Efficacy / Outcomes,Efficacy / Outcomes,1,True,Epidemiology / Prognosis,0.5110607,Test / Clinical Data Interpretation,0.44481257,0.06624815,False,0.404389,0.388199,0.235139,0.444813,0.380207,0.436837,0.301888,0.511061,0.413811,0.086811
Q049,Calcium channel blockers mechanism untuk Atrial Fibrillation bagaimana cara kerjanya,MIXED,drugclass mechanism untuk disease bagaimana cara kerjanya,6,Mechanism / Background Knowledge,0.96171975,Prophylaxis / Maintenance,0.009412251,0.9523075,0.15438461,0.42697334,0.418642,Mechanism / Background Knowledge,Mechanism / Background Knowledge,1,True,Pharmacotherapy,0.48622504,Test / Clinical Data Interpretation,0.29653132,0.18969372,False,0.286505,0.268812,0.208812,0.296531,0.486225,0.202821,0.183406,0.261964,0.28767,0.082469
Q050,Levofloxacin hepatic impairment dose in HIV/AIDS,EN,medicine hepatic impairment dose in disease,3,Dosing / Administration,0.9290329,Safety / Contraindication,0.028950522,0.9000824,0.23898493,0.3060625,0.45495266,Dosing / Administration,Dosing / Administration,1,True,Pharmacotherapy,0.32883036,Evidence / Guideline Lookup,0.26495534,0.06387502,False,0.197985,0.202103,0.118141,0.204014,0.32883,0.264955,0.15193,0.25321,0.206036,-0.02566
Q051,add on therapy Malaria after Dolutegravir failure,EN,add on therapy disease after medicine failure,0,Treatment Change / Escalation,0.99019414,Dosing / Administration,0.0041230964,0.98607105,0.063120574,0.26901764,0.6678618,Treatment Change / Escalation,Treatment Change / Escalation,1,True,Management / Treatment,0.5005618,Diagnosis / Differential Diagnosis,0.45402893,0.04653284,False,0.500562,0.454029,0.273193,0.374329,0.345319,0.422058,0.39688,0.446749,0.452204,0.084918
Q052,HIV/AIDS first line Penicillins evidence based,MIXED,disease first line drugclass evidence based,6,Guideline / Evidence Lookup,0.7298272,Management / Treatment Selection,0.24125436,0.48857287,0.13691023,0.1882803,0.67480946,Guideline / Evidence Lookup,Guideline / Evidence Lookup; Management / Treatment Selection,2,True,Pharmacotherapy,0.533338,Evidence / Guideline Lookup,0.44116023,0.09217778,False,0.401374,0.407281,0.351618,0.35421,0.533338,0.44116,0.218159,0.367855,0.289911,0.190495
Q053,Atypical antipsychotics mechanism of action in Schizophrenia,EN,drugclass mechanism of action in disease,6,Mechanism / Background Knowledge,0.9610921,Prophylaxis / Maintenance,0.008824999,0.9522671,0.14974128,0.42445752,0.42580116,Mechanism / Background Knowledge,Mechanism / Background Knowledge,1,True,Pharmacotherapy,0.47425747,Management / Treatment,0.26613,0.20812747,False,0.26613,0.222665,0.163268,0.215239,0.474257,0.175935,0.149279,0.216707,0.245985,0.053999
Q054,is Empagliflozin safe in Chronic Kidney Disease with renal impairment,EN,is medicine safe in disease with renal impairment,1,Safety / Contraindication,0.88405836,Dosing / Administration,0.041609846,0.84244853,0.09786671,0.26063073,0.64150256,Safety / Contraindication,Safety / Contraindication,1,True,Pharmacotherapy,0.3607349,Epidemiology / Prognosis,0.31709737,0.043637544,False,0.262886,0.242748,0.189404,0.257575,0.360735,0.27408,0.229396,0.317097,0.275795,0.065024
Q055,Methimazole side effect pada pasien Hyperthyroidism apa saja,MIXED,medicine side effect pada pasien disease apa saja,0,Safety / Contraindication,0.41915825,Dosing / Administration,0.3823942,0.036764055,0.075281054,0.3383302,0.5863887,Safety / Contraindication,Safety / Contraindication,1,True,Pharmacotherapy,0.49910206,Epidemiology / Prognosis,0.49503168,0.0040703714,False,0.414928,0.405403,0.18851,0.352944,0.499102,0.404142,0.329019,0.495032,0.438269,0.01451
Q056,Sepsis emergency Piperacillin-tazobactam loading dose berapa,MIXED,disease emergency medicine loading dose berapa,10,Dosing / Administration,0.9398804,Prophylaxis / Maintenance,0.02592304,0.91395736,0.18925025,0.35632086,0.45442888,Dosing / Administration,Dosing / Administration,1,True,Pharmacotherapy,0.3817642,Epidemiology / Prognosis,0.32823867,0.053525537,False,0.270469,0.217183,0.230319,0.307744,0.381764,0.278425,0.272719,0.328239,0.2432,0.04358
Q057,Dapagliflozin vs Dapagliflozin untuk pasien Chronic Kidney Disease mana lebih efektif,MIXED,medicine vs medicine untuk pasien disease mana lebih efektif,0,Comparative Treatment Choice,0.9871715,Safety / Contraindication,0.0046370034,0.98253447,0.021237668,0.8594299,0.119332485,Comparative Treatment Choice,Comparative Treatment Choice,1,True,Pharmacotherapy,0.5386045,Management / Treatment,0.5001536,0.038450897,False,0.500154,0.318894,0.321434,0.354512,0.538604,0.374143,0.441864,0.429394,0.429246,0.150252
Q058,Thrombolytics role in Ischaemic Stroke pathophysiology,EN,drugclass role in disease pathophysiology,6,Mechanism / Background Knowledge,0.9630916,Prophylaxis / Maintenance,0.009283573,0.953808,0.16779414,0.41705677,0.4151491,Mechanism / Background Knowledge,Mechanism / Background Knowledge,1,True,Pharmacotherapy,0.50907475,Diagnosis / Differential Diagnosis,0.39074355,0.118331194,False,0.321668,0.390744,0.259506,0.366749,0.509075,0.306616,0.198685,0.341589,0.297963,0.127923
Q059,switch dari Dupilumab ke Cyclosporine Psoriasis progresif,MIXED,switch dari medicine ke medicine disease progresif,0,Treatment Change / Escalation,0.99218833,Dosing / Administration,0.0035329384,0.9886554,0.049029365,0.3188914,0.63207924,Treatment Change / Escalation,Treatment Change / Escalation,1,True,Management / Treatment,0.3716695,Procedures / Techniques,0.34782794,0.02384156,False,0.37167,0.226748,0.234984,0.337939,0.327019,0.341015,0.347828,0.315691,0.32162,0.022536
Q060,Migraine with liver disease first line drug,EN,disease with liver disease first line drug,3,Management / Treatment Selection,0.9850181,Guideline / Evidence Lookup,0.011684702,0.97333336,0.03942622,0.09368171,0.8668921,Management / Treatment Selection,Management / Treatment Selection,1,True,Pharmacotherapy,0.36040938,Management / Treatment,0.2908879,0.06952149,False,0.290888,0.269215,0.16635,0.212606,0.360409,0.27893,0.115746,0.256193,0.183378,0.006287
Q061,Epilepsy first line Antiepileptics other evidence based,MIXED,disease first line drugclass evidence based,6,Guideline / Evidence Lookup,0.7298272,Management / Treatment Selection,0.24125436,0.48857287,0.13691023,0.1882803,0.67480946,Guideline / Evidence Lookup,Guideline / Evidence Lookup; Management / Treatment Selection,2,True,Pharmacotherapy,0.533338,Evidence / Guideline Lookup,0.44116023,0.09217778,False,0.401374,0.407281,0.351618,0.35421,0.533338,0.44116,0.218159,0.367855,0.289911,0.190495
Q062,latest COPD management guidelines terbaru,EN,latest disease management guidelines terbaru,0,Guideline / Evidence Lookup,0.9292537,Management / Treatment Selection,0.039107595,0.8901461,0.15030879,0.26743743,0.5822538,Guideline / Evidence Lookup,Guideline / Evidence Lookup,1,True,Management / Treatment,0.5543601,Evidence / Guideline Lookup,0.50384086,0.050519228,False,0.55436,0.454364,0.37776,0.448654,0.430171,0.503841,0.446277,0.497728,0.413438,0.187467
Q063,Malaria pada anak dosis Tenofovir disoproxil,ID,disease pada anak dosis medicine,10,Dosing / Administration,0.9359979,Prophylaxis / Maintenance,0.026671981,0.9093259,0.099171415,0.40157285,0.4992557,Dosing / Administration,Dosing / Administration,1,True,Epidemiology / Prognosis,0.3919183,Diagnosis / Differential Diagnosis,0.374479,0.017439306,False,0.3242,0.374479,0.238274,0.36668,0.365594,0.337571,0.28756,0.391918,0.297087,0.035287
Q064,monitoring parameters Methyldopa in Hypertension in Pregnancy,EN,monitoring parameters medicine in disease,6,Monitoring / Response / Risk Assessment,0.9854785,Safety / Contraindication,0.006436455,0.97904205,0.06933048,0.14198625,0.7886833,Monitoring / Response / Risk Assessment,Monitoring / Response / Risk Assessment,1,True,Pharmacotherapy,0.5805537,Diagnosis / Differential Diagnosis,0.5125228,0.068030894,False,0.509286,0.512523,0.450211,0.511347,0.580554,0.440554,0.447351,0.496787,0.459461,0.158099
Q065,Semaglutide efficacy pada Type 2 Diabetes Mellitus clinical outcome data,MIXED,medicine efficacy pada disease clinical outcome data,0,Efficacy / Outcomes,0.985386,Safety / Contraindication,0.007339046,0.97804695,0.25569043,0.34933466,0.39497498,Efficacy / Outcomes,Efficacy / Outcomes,1,True,Epidemiology / Prognosis,0.5372452,Pharmacotherapy,0.53344434,0.003800869,False,0.482681,0.432297,0.295658,0.447422,0.533444,0.509802,0.453467,0.537245,0.427836,0.10155
Q066,monitoring parameters Rosuvastatin in Acute Coronary Syndrome,EN,monitoring parameters medicine in disease,6,Monitoring / Response / Risk Assessment,0.9854785,Safety / Contraindication,0.006436455,0.97904205,0.06933048,0.14198625,0.7886833,Monitoring / Response / Risk Assessment,Monitoring / Response / Risk Assessment,1,True,Pharmacotherapy,0.5805537,Diagnosis / Differential Diagnosis,0.5125228,0.068030894,False,0.509286,0.512523,0.450211,0.511347,0.580554,0.440554,0.447351,0.496787,0.459461,0.158099
Q067,kapan start Atorvastatin di Acute Coronary Syndrome evidence terbaru 2025,MIXED,kapan start medicine di disease evidence terbaru 2025,0,Guideline / Evidence Lookup,0.94005793,Management / Treatment Selection,0.028276995,0.91178095,0.15640968,0.30461428,0.538976,Guideline / Evidence Lookup,Guideline / Evidence Lookup; Management / Treatment Selection,2,True,Evidence / Guideline Lookup,0.5532579,Epidemiology / Prognosis,0.5036628,0.049595058,False,0.442041,0.367255,0.463606,0.471616,0.45618,0.553258,0.3751,0.503663,0.335231,0.147727
Q068,Labetalol resistance in Hypertension in Pregnancy alternative therapy,EN,medicine resistance in disease alternative therapy,0,Interaction / Combination,0.40348408,Treatment Change / Escalation,0.21723941,0.18624467,0.06778472,0.18726723,0.744948,Treatment Change / Escalation,Treatment Change / Escalation,1,True,Pharmacotherapy,0.40112028,Evidence / Guideline Lookup,0.3830844,0.018035889,False,0.352638,0.221449,0.176431,0.249411,0.40112,0.383084,0.351894,0.318592,0.297085,0.05811
Q069,dosis titrasi Alendronate Osteoporosis toleransi pasien,MIXED,dosis titrasi medicine disease toleransi pasien,5,Dosing / Administration,0.91047275,Safety / Contraindication,0.041970864,0.8685019,0.11794164,0.30305544,0.5790029,Dosing / Administration,Dosing / Administration,1,True,Epidemiology / Prognosis,0.39480203,Pharmacotherapy,0.3898939,0.0049081445,False,0.349012,0.325368,0.193371,0.275941,0.389894,0.343839,0.283977,0.394802,0.315215,-0.001069
Q070,Furosemide long term outcomes Nephrotic Syndrome,EN,medicine long term outcomes disease,0,Efficacy / Outcomes,0.9887477,Safety / Contraindication,0.0054166606,0.9833311,0.32741308,0.2560794,0.4165075,Efficacy / Outcomes,Efficacy / Outcomes,1,True,Epidemiology / Prognosis,0.5110607,Test / Clinical Data Interpretation,0.44481257,0.06624815,False,0.404389,0.388199,0.235139,0.444813,0.380207,0.436837,0.301888,0.511061,0.413811,0.086811
Q071,Vancomycin vs Piperacillin-tazobactam in Sepsis patients,EN,medicine vs medicine in disease patients,0,Comparative Treatment Choice,0.98690945,Safety / Contraindication,0.004778459,0.982131,0.021289317,0.85115695,0.12755372,Comparative Treatment Choice,Comparative Treatment Choice,1,True,Pharmacotherapy,0.5007163,Management / Treatment,0.46369326,0.037023067,False,0.463693,0.343376,0.299476,0.380712,0.500716,0.31922,0.381206,0.425953,0.446629,0.127506
Q072,prophylaxis Typhoid Fever Artemether-lumefantrine kapan bisa dihentikan,MIXED,prophylaxis disease medicine kapan bisa dihentikan,0,Prophylaxis / Maintenance,0.98110205,Dosing / Administration,0.0068763373,0.9742257,0.0927259,0.65266055,0.2546135,Prophylaxis / Maintenance,Prophylaxis / Maintenance,1,True,Epidemiology / Prognosis,0.40883318,Management / Treatment,0.38686827,0.021964908,False,0.386868,0.348267,0.242204,0.299433,0.355644,0.374215,0.344953,0.408833,0.306948,0.042691
Q073,is Valproate safe in Epilepsy with hypertension,EN,is medicine safe in disease with hypertension,1,Safety / Contraindication,0.899799,Efficacy / Outcomes,0.022199323,0.87759966,0.072014146,0.2641947,0.6637912,Safety / Contraindication,Safety / Contraindication,1,True,Evidence / Guideline Lookup,0.36414906,Pharmacotherapy,0.3542692,0.009879857,False,0.290132,0.215487,0.111003,0.184299,0.354269,0.364149,0.230956,0.320358,0.263923,0.082319
Q074,Zinc supplements role in Stunting / Malnutrition pathophysiology,EN,drugclass role in disease pathophysiology,6,Mechanism / Background Knowledge,0.9630916,Prophylaxis / Maintenance,0.009283573,0.953808,0.16779414,0.41705677,0.4151491,Mechanism / Background Knowledge,Mechanism / Background Knowledge,1,True,Pharmacotherapy,0.50907475,Diagnosis / Differential Diagnosis,0.39074355,0.118331194,False,0.321668,0.390744,0.259506,0.366749,0.509075,0.306616,0.198685,0.341589,0.297963,0.127923
Q075,Psoriasis guideline update terbaru summary,EN,disease guideline update terbaru summary,0,Guideline / Evidence Lookup,0.9088194,Management / Treatment Selection,0.041700598,0.8671188,0.2930321,0.31573683,0.3912311,Guideline / Evidence Lookup,Guideline / Evidence Lookup,1,True,Evidence / Guideline Lookup,0.52301615,Diagnosis / Differential Diagnosis,0.49098724,0.032028913,False,0.37088,0.490987,0.287453,0.444838,0.335052,0.523016,0.25256,0.432099,0.36436,0.12604
Q076,Acute Coronary Syndrome dengan renal impairment penyesuaian dosis Ezetimibe,MIXED,disease dengan renal impairment penyesuaian dosis medicine,1,Dosing / Administration,0.93447703,Safety / Contraindication,0.026299171,0.90817785,0.12735051,0.38163197,0.49101758,Dosing / Administration,Dosing / Administration,1,True,Epidemiology / Prognosis,0.3254621,Pharmacotherapy,0.31451082,0.010951281,False,0.248229,0.281574,0.172108,0.30487,0.314511,0.272935,0.225793,0.325462,0.273432,0.003097
Q077,algoritma terapi Iron Deficiency Anaemia step up,ID,algoritma terapi disease step up,11,Management / Treatment Selection,0.984469,Guideline / Evidence Lookup,0.008368756,0.97610027,0.0488273,0.14333789,0.8078348,Management / Treatment Selection,Management / Treatment Selection,1,True,Management / Treatment,0.3736121,Pharmacotherapy,0.2844178,0.0891943,False,0.373612,0.242224,0.225396,0.244146,0.284418,0.265559,0.242228,0.267169,0.255031,0.158703
Q078,apakah Risperidone aman untuk Schizophrenia dengan anaemia,ID,apakah medicine aman untuk disease dengan anaemia,12,Safety / Contraindication,0.6465199,Interaction / Combination,0.25957885,0.38694105,0.08284629,0.21724896,0.6999048,Safety / Contraindication,Safety / Contraindication,1,True,Pharmacotherapy,0.34960404,Epidemiology / Prognosis,0.31580785,0.03379619,False,0.300292,0.284491,0.215575,0.277102,0.349604,0.308284,0.244653,0.315808,0.226772,0.082329
Q079,Benzodiazepines mechanism of action in Febrile Seizure,EN,drugclass mechanism of action in disease,6,Mechanism / Background Knowledge,0.9610921,Prophylaxis / Maintenance,0.008824999,0.9522671,0.14974128,0.42445752,0.42580116,Mechanism / Background Knowledge,Mechanism / Background Knowledge,1,True,Pharmacotherapy,0.47425747,Management / Treatment,0.26613,0.20812747,False,0.26613,0.222665,0.163268,0.215239,0.474257,0.175935,0.149279,0.216707,0.245985,0.053999
Q080,Urinary Tract Infection dengan obesity pilihan drug terbaik,MIXED,disease dengan obesity pilihan drug terbaik,2,Management / Treatment Selection,0.992386,Guideline / Evidence Lookup,0.004362032,0.98802394,0.024404591,0.09008714,0.8855083,Management / Treatment Selection,Management / Treatment Selection,1,True,Pharmacotherapy,0.4239501,Management / Treatment,0.27742967,0.14652044,False,0.27743,0.235046,0.154749,0.185118,0.42395,0.25969,0.163353,0.23682,0.170563,0.022362
Q081,Stable Angina dengan hypertension pilihan drug terbaik,MIXED,disease dengan hypertension pilihan drug terbaik,1,Management / Treatment Selection,0.9922327,Guideline / Evidence Lookup,0.0044799307,0.98775274,0.028421257,0.08971623,0.8818625,Management / Treatment Selection,Management / Treatment Selection,1,True,Pharmacotherapy,0.43295264,Evidence / Guideline Lookup,0.38910407,0.043848574,False,0.358002,0.269525,0.168461,0.199969,0.432953,0.389104,0.238373,0.339525,0.253076,0.126944
Q082,add on therapy Tuberculosis after Isoniazid failure,EN,add on therapy disease after medicine failure,0,Treatment Change / Escalation,0.99019414,Dosing / Administration,0.0041230964,0.98607105,0.063120574,0.26901764,0.6678618,Treatment Change / Escalation,Treatment Change / Escalation,1,True,Management / Treatment,0.5005618,Diagnosis / Differential Diagnosis,0.45402893,0.04653284,False,0.500562,0.454029,0.273193,0.374329,0.345319,0.422058,0.39688,0.446749,0.452204,0.084918
Q083,latest Pulmonary Embolism management guidelines terbaru,EN,latest disease management guidelines terbaru,0,Guideline / Evidence Lookup,0.9292537,Management / Treatment Selection,0.039107595,0.8901461,0.15030879,0.26743743,0.5822538,Guideline / Evidence Lookup,Guideline / Evidence Lookup,1,True,Management / Treatment,0.5543601,Evidence / Guideline Lookup,0.50384086,0.050519228,False,0.55436,0.454364,0.37776,0.448654,0.430171,0.503841,0.446277,0.497728,0.413438,0.187467
Q084,algoritma terapi COPD step up,ID,algoritma terapi disease step up,11,Management / Treatment Selection,0.984469,Guideline / Evidence Lookup,0.008368756,0.97610027,0.0488273,0.14333789,0.8078348,Management / Treatment Selection,Management / Treatment Selection,1,True,Management / Treatment,0.3736121,Pharmacotherapy,0.2844178,0.0891943,False,0.373612,0.242224,0.225396,0.244146,0.284418,0.265559,0.242228,0.267169,0.255031,0.158703
Q085,Methylphenidate vs Methylphenidate efficacy in Breast Cancer HER2-positive,EN,medicine vs medicine efficacy in disease,0,Comparative Treatment Choice,0.9547989,Safety / Contraindication,0.02149563,0.93330324,0.04129908,0.8265778,0.13212314,Comparative Treatment Choice,Comparative Treatment Choice; Efficacy / Outcomes,2,True,Pharmacotherapy,0.5286352,Management / Treatment,0.43222964,0.096405566,False,0.43223,0.342168,0.306134,0.367672,0.528635,0.329424,0.401019,0.419474,0.39375,0.136194
Q086,add on Norepinephrine setelah Piperacillin-tazobactam gagal Sepsis,MIXED,add on medicine setelah medicine gagal disease,0,Treatment Change / Escalation,0.99029225,Dosing / Administration,0.0043945983,0.98589766,0.046095613,0.3221867,0.63171774,Treatment Change / Escalation,Treatment Change / Escalation,1,True,Management / Treatment,0.48695514,Procedures / Techniques,0.43216544,0.054789692,False,0.486955,0.365138,0.298429,0.376707,0.418626,0.375679,0.432165,0.401876,0.404557,0.071249
Q087,Rheumatoid Arthritis dengan renal impairment pilihan drug terbaik,MIXED,disease dengan renal impairment pilihan drug terbaik,1,Management / Treatment Selection,0.9917514,Guideline / Evidence Lookup,0.003734738,0.9880166,0.029837033,0.09045421,0.87970877,Management / Treatment Selection,Management / Treatment Selection,1,True,Pharmacotherapy,0.42591822,Epidemiology / Prognosis,0.31941915,0.106499076,False,0.304937,0.276381,0.214826,0.258191,0.425918,0.303244,0.225319,0.319419,0.245343,0.090538
Q088,renal dose adjustment Diazepam in Febrile Seizure,EN,renal dose adjustment medicine in disease,1,Dosing / Administration,0.9370421,Safety / Contraindication,0.02476116,0.912281,0.11514645,0.30007026,0.58478326,Dosing / Administration,Dosing / Administration,1,True,Pharmacotherapy,0.36038262,Evidence / Guideline Lookup,0.29834503,0.062037587,False,0.24936,0.149486,0.173452,0.241743,0.360383,0.298345,0.2658,0.261541,0.248634,-0.074709
Q089,biomarkers Community-acquired Pneumonia treatment response Rivaroxaban,EN,biomarkers disease treatment response medicine,0,Safety / Contraindication,0.41025126,Dosing / Administration,0.38823476,0.022016495,0.08477539,0.33485648,0.5803681,Monitoring / Response / Risk Assessment,Monitoring / Response / Risk Assessment,1,True,Evidence / Guideline Lookup,0.42787552,Epidemiology / Prognosis,0.4103276,0.017547905,False,0.400153,0.384197,0.243361,0.368582,0.386112,0.427876,0.314677,0.410328,0.357468,0.015107
Q090,algoritma terapi Community-acquired Pneumonia step up,ID,algoritma terapi disease step up,11,Management / Treatment Selection,0.984469,Guideline / Evidence Lookup,0.008368756,0.97610027,0.0488273,0.14333789,0.8078348,Management / Treatment Selection,Management / Treatment Selection,1,True,Management / Treatment,0.3736121,Pharmacotherapy,0.2844178,0.0891943,False,0.373612,0.242224,0.225396,0.244146,0.284418,0.265559,0.242228,0.267169,0.255031,0.158703
Q091,Liraglutide pada pasien elderly Obesity apa perlu adjustment,MIXED,medicine pada pasien elderly disease apa perlu adjustment,8,Dosing / Administration,0.92477244,Safety / Contraindication,0.034303326,0.89046913,0.09765041,0.3836799,0.51866966,Dosing / Administration,Dosing / Administration,1,True,Management / Treatment,0.4471611,Patient Communication / Education,0.43528968,0.011871427,False,0.447161,0.201959,0.203671,0.27731,0.417105,0.420793,0.425101,0.387648,0.43529,0.049074
Q092,switch dari Levothyroxine ke Levothyroxine Hyperthyroidism progresif,MIXED,switch dari medicine ke medicine disease progresif,0,Treatment Change / Escalation,0.99218833,Dosing / Administration,0.0035329384,0.9886554,0.049029365,0.3188914,0.63207924,Treatment Change / Escalation,Treatment Change / Escalation,1,True,Management / Treatment,0.3716695,Procedures / Techniques,0.34782794,0.02384156,False,0.37167,0.226748,0.234984,0.337939,0.327019,0.341015,0.347828,0.315691,0.32162,0.022536
Q093,penggantian Ezetimibe ke Amlodipine pada Acute Coronary Syndrome,ID,penggantian medicine ke medicine pada disease,0,Treatment Change / Escalation,0.99038905,Dosing / Administration,0.00490377,0.98548526,0.037377242,0.31200257,0.65062016,Treatment Change / Escalation,Treatment Change / Escalation,1,True,Pharmacotherapy,0.39711893,Procedures / Techniques,0.38902795,0.008090973,False,0.378805,0.222499,0.249126,0.334792,0.397119,0.335479,0.389028,0.322685,0.324192,0.030509
Q094,kapan start Azithromycin di Asthma evidence terbaru 2022,MIXED,kapan start medicine di disease evidence terbaru 2022,0,Guideline / Evidence Lookup,0.940628,Management / Treatment Selection,0.028823292,0.9118047,0.15762483,0.27590325,0.5664719,Guideline / Evidence Lookup,Guideline / Evidence Lookup; Management / Treatment Selection,2,True,Evidence / Guideline Lookup,0.5657343,Epidemiology / Prognosis,0.50240546,0.06332886,False,0.43394,0.378091,0.466849,0.47469,0.462108,0.565734,0.379463,0.502405,0.34117,0.148757
Q095,monitoring parameters Empagliflozin in Atrial Fibrillation,EN,monitoring parameters medicine in disease,6,Monitoring / Response / Risk Assessment,0.9854785,Safety / Contraindication,0.006436455,0.97904205,0.06933048,0.14198625,0.7886833,Monitoring / Response / Risk Assessment,Monitoring / Response / Risk Assessment,1,True,Pharmacotherapy,0.5805537,Diagnosis / Differential Diagnosis,0.5125228,0.068030894,False,0.509286,0.512523,0.450211,0.511347,0.580554,0.440554,0.447351,0.496787,0.459461,0.158099
Q096,Epilepsy risk stratification approach,EN,disease risk stratification approach,9,Monitoring / Response / Risk Assessment,0.98009765,Safety / Contraindication,0.007012265,0.9730854,0.1537722,0.15504873,0.69117904,Monitoring / Response / Risk Assessment,Monitoring / Response / Risk Assessment,1,True,Epidemiology / Prognosis,0.41271687,Diagnosis / Differential Diagnosis,0.3868887,0.025828153,False,0.324219,0.386889,0.253353,0.288347,0.271104,0.282816,0.162188,0.412717,0.32964,0.106946
Q097,Iron Deficiency Anaemia pada anak dosis Ferrous sulphate,ID,disease pada anak dosis medicine,10,Dosing / Administration,0.9359979,Prophylaxis / Maintenance,0.026671981,0.9093259,0.099171415,0.40157285,0.4992557,Dosing / Administration,Dosing / Administration,1,True,Epidemiology / Prognosis,0.3919183,Diagnosis / Differential Diagnosis,0.374479,0.017439306,False,0.3242,0.374479,0.238274,0.36668,0.365594,0.337571,0.28756,0.391918,0.297087,0.035287
Q098,ARBs terbaru untuk Hypertension 2022,MIXED,drugclass terbaru untuk disease 2022,6,Guideline / Evidence Lookup,0.8981066,Management / Treatment Selection,0.049000163,0.84910643,0.07604229,0.45705265,0.46690512,Guideline / Evidence Lookup,Guideline / Evidence Lookup,1,True,Pharmacotherapy,0.532095,Evidence / Guideline Lookup,0.44711235,0.08498266,False,0.343926,0.28711,0.337109,0.36445,0.532095,0.447112,0.281858,0.398494,0.280481,0.118139
Q099,Atrial Fibrillation emergency Apixaban loading dose berapa,MIXED,disease emergency medicine loading dose berapa,10,Dosing / Administration,0.9398804,Prophylaxis / Maintenance,0.02592304,0.91395736,0.18925025,0.35632086,0.45442888,Dosing / Administration,Dosing / Administration,1,True,Pharmacotherapy,0.3817642,Epidemiology / Prognosis,0.32823867,0.053525537,False,0.270469,0.217183,0.230319,0.307744,0.381764,0.278425,0.272719,0.328239,0.2432,0.04358
Q100,prophylaxis Ischaemic Stroke Alteplase kapan bisa dihentikan,MIXED,prophylaxis disease medicine kapan bisa dihentikan,0,Prophylaxis / Maintenance,0.98110205,Dosing / Administration,0.0068763373,0.9742257,0.0927259,0.65266055,0.2546135,Prophylaxis / Maintenance,Prophylaxis / Maintenance,1,True,Epidemiology / Prognosis,0.40883318,Management / Treatment,0.38686827,0.021964908,False,0.386868,0.348267,0.242204,0.299433,0.355644,0.374215,0.344953,0.408833,0.306948,0.042691
Q101,Dolutegravir drug interaction with Tenofovir disoproxil in Malaria,EN,medicine drug interaction with medicine in disease,0,Interaction / Combination,0.96815825,Management / Treatment Selection,0.011496757,0.95666146,0.056410003,0.12776594,0.81582403,Interaction / Combination,Interaction / Combination,1,True,Pharmacotherapy,0.57278866,Patient Communication / Education,0.31114024,0.26164842,False,0.306634,0.235826,0.176833,0.291503,0.572789,0.259075,0.303478,0.284987,0.31114,0.037864
Q102,Antimalarials kontraindikasi pada Typhoid Fever dengan obesity,ID,drugclass kontraindikasi pada disease dengan obesity,2,Safety / Contraindication,0.5550423,Mechanism / Background Knowledge,0.07580669,0.47923565,0.0565505,0.33151737,0.61193216,Safety / Contraindication,Safety / Contraindication,1,True,Pharmacotherapy,0.39400157,Diagnosis / Differential Diagnosis,0.2888975,0.10510406,False,0.243698,0.288898,0.151631,0.232283,0.394002,0.261393,0.129882,0.220847,0.199414,0.026616
Q103,biomarkers Ischaemic Stroke treatment response Alteplase,EN,biomarkers disease treatment response medicine,0,Safety / Contraindication,0.41025126,Dosing / Administration,0.38823476,0.022016495,0.08477539,0.33485648,0.5803681,Monitoring / Response / Risk Assessment,Monitoring / Response / Risk Assessment,1,True,Evidence / Guideline Lookup,0.42787552,Epidemiology / Prognosis,0.4103276,0.017547905,False,0.400153,0.384197,0.243361,0.368582,0.386112,0.427876,0.314677,0.410328,0.357468,0.015107
Q104,Erythropoietin loading dose Iron Deficiency Anaemia emergency,EN,medicine loading dose disease emergency,10,Dosing / Administration,0.9449216,Prophylaxis / Maintenance,0.024700452,0.92022115,0.17482379,0.36387566,0.46130064,Dosing / Administration,Dosing / Administration,1,True,Pharmacotherapy,0.4226651,Epidemiology / Prognosis,0.3820325,0.040632576,False,0.327804,0.286103,0.248012,0.344021,0.422665,0.351439,0.328099,0.382032,0.291569,0.071336
Q105,tatalaksana Breast Cancer HER2-positive panduan terbaru 2025,ID,tatalaksana disease panduan terbaru 2025,0,Guideline / Evidence Lookup,0.9142974,Management / Treatment Selection,0.0363307,0.8779667,0.1749277,0.42183003,0.40324226,Guideline / Evidence Lookup,Guideline / Evidence Lookup; Management / Treatment Selection,2,True,Epidemiology / Prognosis,0.5630514,Evidence / Guideline Lookup,0.5287726,0.03427881,False,0.482573,0.492262,0.406657,0.471015,0.356216,0.528773,0.362244,0.563051,0.411902,0.141169
Q106,titration protocol Metoprolol in Heart Failure,EN,titration protocol medicine in disease,5,Dosing / Administration,0.37508363,Safety / Contraindication,0.27289736,0.10218626,0.07496158,0.2319428,0.69309556,Dosing / Administration,Dosing / Administration,1,True,Procedures / Techniques,0.38592738,Management / Treatment,0.38342407,0.0025033057,False,0.383424,0.216584,0.21026,0.271932,0.345126,0.329211,0.385927,0.340985,0.312514,0.050287
Q107,algoritma terapi Asthma step up,ID,algoritma terapi disease step up,11,Management / Treatment Selection,0.984469,Guideline / Evidence Lookup,0.008368756,0.97610027,0.0488273,0.14333789,0.8078348,Management / Treatment Selection,Management / Treatment Selection,1,True,Management / Treatment,0.3736121,Pharmacotherapy,0.2844178,0.0891943,False,0.373612,0.242224,0.225396,0.244146,0.284418,0.265559,0.242228,0.267169,0.255031,0.158703
Q108,Antituberculotics adverse effects monitoring in Tuberculosis,EN,drugclass adverse effects monitoring in disease,6,Monitoring / Response / Risk Assessment,0.890431,Safety / Contraindication,0.05327918,0.8371518,0.15212123,0.14367965,0.70419914,Safety / Contraindication,Safety / Contraindication; Monitoring / Response / Risk Assessment,2,True,Pharmacotherapy,0.6137334,Diagnosis / Differential Diagnosis,0.46670735,0.14702606,False,0.335202,0.466707,0.287495,0.368173,0.613733,0.375557,0.22477,0.414124,0.334353,0.130501
Q109,kapan start Levetiracetam di Epilepsy evidence terbaru terbaru,MIXED,kapan start medicine di disease evidence terbaru terbaru,0,Guideline / Evidence Lookup,0.9389991,Management / Treatment Selection,0.030376082,0.90862304,0.11241233,0.31411198,0.5734757,Guideline / Evidence Lookup,Guideline / Evidence Lookup; Management / Treatment Selection,2,True,Evidence / Guideline Lookup,0.54101753,Epidemiology / Prognosis,0.47927803,0.061739504,False,0.45544,0.407959,0.403036,0.47692,0.4673,0.541018,0.385323,0.479278,0.349878,0.144649
Q110,dosis titrasi Topiramate Epilepsy toleransi pasien,MIXED,dosis titrasi medicine disease toleransi pasien,5,Dosing / Administration,0.91047275,Safety / Contraindication,0.041970864,0.8685019,0.11794164,0.30305544,0.5790029,Dosing / Administration,Dosing / Administration,1,True,Epidemiology / Prognosis,0.39480203,Pharmacotherapy,0.3898939,0.0049081445,False,0.349012,0.325368,0.193371,0.275941,0.389894,0.343839,0.283977,0.394802,0.315215,-0.001069
Q111,Erythropoietin contraindication in Iron Deficiency Anaemia with anaemia,EN,medicine contraindication in disease with anaemia,12,Dosing / Administration,0.40504202,Safety / Contraindication,0.40285012,0.0021919012,0.07290639,0.33919907,0.58789456,Safety / Contraindication,Safety / Contraindication,1,True,Pharmacotherapy,0.31550953,Evidence / Guideline Lookup,0.31430072,0.001208812,False,0.304468,0.289717,0.208535,0.296103,0.31551,0.314301,0.264803,0.309448,0.23835,0.034868
Q112,Alteplase vs Aspirin in Ischaemic Stroke patients,EN,medicine vs medicine in disease patients,0,Comparative Treatment Choice,0.98690945,Safety / Contraindication,0.0047784615,0.982131,0.021289317,0.85115695,0.12755372,Comparative Treatment Choice,Comparative Treatment Choice,1,True,Pharmacotherapy,0.5007164,Management / Treatment,0.4636933,0.037023097,False,0.463693,0.343376,0.299476,0.380712,0.500716,0.31922,0.381207,0.425953,0.446629,0.127506
Q113,latest Obesity management guidelines 2025,EN,latest disease management guidelines 2025,0,Guideline / Evidence Lookup,0.92699105,Management / Treatment Selection,0.03833121,0.88865983,0.21537267,0.2558986,0.5287287,Guideline / Evidence Lookup,Guideline / Evidence Lookup,1,True,Management / Treatment,0.5440733,Evidence / Guideline Lookup,0.5188918,0.025181472,False,0.544073,0.414244,0.430927,0.436246,0.428217,0.518892,0.431184,0.518356,0.396172,0.200957
Q114,Colchicine vs Colchicine in Psoriatic Arthritis patients,EN,medicine vs medicine in disease patients,0,Comparative Treatment Choice,0.98690945,Safety / Contraindication,0.0047784615,0.982131,0.021289317,0.85115695,0.12755372,Comparative Treatment Choice,Comparative Treatment Choice,1,True,Pharmacotherapy,0.5007164,Management / Treatment,0.4636933,0.037023097,False,0.463693,0.343376,0.299476,0.380712,0.500716,0.31922,0.381207,0.425953,0.446629,0.127506
Q115,dosis Artemether-lumefantrine untuk pasien Typhoid Fever,ID,dosis medicine untuk pasien disease,10,Dosing / Administration,0.93178225,Safety / Contraindication,0.028436065,0.9033462,0.087837555,0.3468386,0.56532377,Dosing / Administration,Dosing / Administration,1,True,Pharmacotherapy,0.4773904,Epidemiology / Prognosis,0.3711667,0.1062237,False,0.337772,0.265517,0.224131,0.304987,0.47739,0.362375,0.330342,0.371167,0.288422,-0.021122
Q116,Osteoporosis dengan elderly patients pilihan drug terbaik,MIXED,disease dengan elderly patients pilihan drug terbaik,8,Management / Treatment Selection,0.9921794,Guideline / Evidence Lookup,0.0045183976,0.987661,0.028620584,0.08969783,0.8816816,Management / Treatment Selection,Management / Treatment Selection,1,True,Pharmacotherapy,0.48823145,Evidence / Guideline Lookup,0.38490242,0.10332903,False,0.360294,0.238588,0.188814,0.241513,0.488231,0.384902,0.270913,0.381783,0.314755,0.087323
Q117,switch dari Artemether-lumefantrine ke Artemether-lumefantrine Typhoid Fever progresif,MIXED,switch dari medicine ke medicine disease progresif,0,Treatment Change / Escalation,0.99218833,Dosing / Administration,0.0035329384,0.9886554,0.049029365,0.3188914,0.63207924,Treatment Change / Escalation,Treatment Change / Escalation,1,True,Management / Treatment,0.3716695,Procedures / Techniques,0.34782794,0.02384156,False,0.37167,0.226748,0.234984,0.337939,0.327019,0.341015,0.347828,0.315691,0.32162,0.022536
Q118,Chronic Lymphocytic Leukaemia emergency Ibrutinib loading dose berapa,MIXED,disease emergency medicine loading dose berapa,10,Dosing / Administration,0.9398804,Prophylaxis / Maintenance,0.02592304,0.91395736,0.18925025,0.35632086,0.45442888,Dosing / Administration,Dosing / Administration,1,True,Pharmacotherapy,0.3817642,Epidemiology / Prognosis,0.32823867,0.053525537,False,0.270469,0.217183,0.230319,0.307744,0.381764,0.278425,0.272719,0.328239,0.2432,0.04358
Q119,Gout first line TNF inhibitors evidence based,MIXED,disease first line drugclass evidence based,6,Guideline / Evidence Lookup,0.7298272,Management / Treatment Selection,0.24125436,0.48857287,0.13691023,0.1882803,0.67480946,Guideline / Evidence Lookup,Guideline / Evidence Lookup; Management / Treatment Selection,2,True,Pharmacotherapy,0.533338,Evidence / Guideline Lookup,0.44116023,0.09217778,False,0.401374,0.407281,0.351618,0.35421,0.533338,0.44116,0.218159,0.367855,0.289911,0.190495
Q120,latest Hypertension management guidelines terbaru,EN,latest disease management guidelines terbaru,0,Guideline / Evidence Lookup,0.9292537,Management / Treatment Selection,0.039107595,0.8901461,0.15030879,0.26743743,0.5822538,Guideline / Evidence Lookup,Guideline / Evidence Lookup,1,True,Management / Treatment,0.5543601,Evidence / Guideline Lookup,0.50384086,0.050519228,False,0.55436,0.454364,0.37776,0.448654,0.430171,0.503841,0.446277,0.497728,0.413438,0.187467
Q121,when to start Venlafaxine in Major Depressive Disorder,EN,when to start medicine in disease,0,Management / Treatment Selection,0.9559435,Interaction / Combination,0.01427071,0.9416728,0.02353667,0.07813453,0.89832884,Management / Treatment Selection,Management / Treatment Selection,1,True,Management / Treatment,0.49333054,Pharmacotherapy,0.42713398,0.06619656,False,0.493331,0.264366,0.317885,0.349373,0.427134,0.386254,0.417558,0.396777,0.307661,0.070351
Q122,Tenofovir+Lamivudine pada pasien elderly Urinary Tract Infection apa perlu adjustment,MIXED,medicine pada pasien elderly disease apa perlu adjustment,8,Dosing / Administration,0.92477244,Safety / Contraindication,0.034303326,0.89046913,0.09765041,0.3836799,0.51866966,Dosing / Administration,Dosing / Administration,1,True,Management / Treatment,0.4471611,Patient Communication / Education,0.43528968,0.011871427,False,0.447161,0.201959,0.203671,0.27731,0.417105,0.420793,0.425101,0.387648,0.43529,0.049074
Q123,kapan mulai terapi Rivaroxaban pada Deep Vein Thrombosis,ID,kapan mulai terapi medicine pada disease,0,Management / Treatment Selection,0.9812088,Guideline / Evidence Lookup,0.009835744,0.9713731,0.025013724,0.12852103,0.8464653,Management / Treatment Selection,Management / Treatment Selection,1,True,Management / Treatment,0.52135503,Procedures / Techniques,0.48233718,0.039017856,False,0.521355,0.332444,0.329157,0.421322,0.443465,0.468114,0.482337,0.464131,0.406137,0.057801
Q124,add on Tenofovir disoproxil setelah Tenofovir disoproxil gagal Malaria,MIXED,add on medicine setelah medicine gagal disease,0,Treatment Change / Escalation,0.99029225,Dosing / Administration,0.0043945983,0.98589766,0.046095613,0.3221867,0.63171774,Treatment Change / Escalation,Treatment Change / Escalation,1,True,Management / Treatment,0.48695514,Procedures / Techniques,0.43216544,0.054789692,False,0.486955,0.365138,0.298429,0.376707,0.418626,0.375679,0.432165,0.401876,0.404557,0.071249
Q125,kontraindikasi Secukinumab pada Gout dengan heart failure,MIXED,kontraindikasi medicine pada disease dengan heart failure,7,Safety / Contraindication,0.5923927,Treatment Change / Escalation,0.2465193,0.3458734,0.06386336,0.32722732,0.60890937,Safety / Contraindication,Safety / Contraindication,1,True,Evidence / Guideline Lookup,0.4270871,Diagnosis / Differential Diagnosis,0.38713244,0.039954662,False,0.359831,0.387132,0.161074,0.306197,0.305535,0.427087,0.290408,0.379657,0.34552,0.081622
Q126,add on therapy HIV/AIDS after Levofloxacin failure,EN,add on therapy disease after medicine failure,0,Treatment Change / Escalation,0.99019414,Dosing / Administration,0.0041230964,0.98607105,0.063120574,0.26901764,0.6678618,Treatment Change / Escalation,Treatment Change / Escalation,1,True,Management / Treatment,0.5005618,Diagnosis / Differential Diagnosis,0.45402893,0.04653284,False,0.500562,0.454029,0.273193,0.374329,0.345319,0.422058,0.39688,0.446749,0.452204,0.084918
Q127,Tuberculosis with CKD first line drug,EN,disease with ckd first line drug,4,Management / Treatment Selection,0.9847149,Guideline / Evidence Lookup,0.012026111,0.9726888,0.04322683,0.09331105,0.86346215,Management / Treatment Selection,Management / Treatment Selection,1,True,Pharmacotherapy,0.32773888,Diagnosis / Differential Diagnosis,0.3158816,0.011857271,False,0.312448,0.315882,0.152523,0.280759,0.327739,0.305568,0.170269,0.303328,0.197195,-0.018017
Q128,kapan start Alendronate di Osteoporosis evidence terbaru 2022,MIXED,kapan start medicine di disease evidence terbaru 2022,0,Guideline / Evidence Lookup,0.940628,Management / Treatment Selection,0.028823292,0.9118047,0.15762483,0.27590325,0.5664719,Guideline / Evidence Lookup,Guideline / Evidence Lookup; Management / Treatment Selection,2,True,Evidence / Guideline Lookup,0.5657343,Epidemiology / Prognosis,0.50240546,0.06332886,False,0.43394,0.378091,0.466849,0.47469,0.462108,0.565734,0.379463,0.502405,0.34117,0.148757
Q129,Imatinib pada ibu hamil dengan Chronic Myeloid Leukaemia,ID,medicine pada ibu hamil dengan disease,14,Safety / Contraindication,0.4391546,Dosing / Administration,0.335014,0.10414061,0.15489729,0.30920076,0.53590196,Safety / Contraindication,Safety / Contraindication,1,True,Procedures / Techniques,0.3559426,Management / Treatment,0.31004274,0.045899868,False,0.310043,0.188095,0.093516,0.218541,0.262597,0.257865,0.355943,0.292583,0.262079,0.012205
Q130,Bisoprolol dosing in Heart Failure with hypertension,EN,medicine dosing in disease with hypertension,1,Dosing / Administration,0.4291751,Safety / Contraindication,0.38725096,0.04192415,0.08651657,0.33421946,0.579264,Dosing / Administration,Dosing / Administration,1,True,Pharmacotherapy,0.36391428,Evidence / Guideline Lookup,0.35583425,0.008080035,False,0.242586,0.159693,0.077072,0.166185,0.363914,0.355834,0.237276,0.265578,0.188745,-0.018512
Q131,kontraindikasi Rifampicin pada Tuberculosis dengan COPD,MIXED,kontraindikasi medicine pada disease dengan copd,4,Safety / Contraindication,0.84237653,Dosing / Administration,0.026793176,0.81558335,0.13850378,0.26167768,0.59981847,Safety / Contraindication,Safety / Contraindication,1,True,Diagnosis / Differential Diagnosis,0.39096862,Pharmacotherapy,0.38294923,0.008019388,False,0.311183,0.390969,0.191963,0.369492,0.382949,0.359212,0.275066,0.370041,0.307877,-0.013851
Q132,Methotrexate dosing in Systemic Lupus Erythematosus with heart failure,EN,medicine dosing in disease with heart failure,7,Treatment Change / Escalation,0.9160713,Dosing / Administration,0.049375046,0.86669624,0.062237855,0.3146995,0.62306255,Dosing / Administration,Dosing / Administration,1,True,Evidence / Guideline Lookup,0.36424905,Pharmacotherapy,0.3392815,0.024967551,False,0.268027,0.228333,0.115733,0.216248,0.339282,0.364249,0.245495,0.30527,0.217397,-0.005713
Q133,Omeprazole contraindication in Peptic Ulcer Disease with hypertension,EN,medicine contraindication in disease with hypertension,1,Dosing / Administration,0.40195975,Safety / Contraindication,0.39956948,0.0023902655,0.06935967,0.3404967,0.5901436,Safety / Contraindication,Safety / Contraindication,1,True,Evidence / Guideline Lookup,0.40671644,Epidemiology / Prognosis,0.33017316,0.07654327,False,0.326589,0.235629,0.115651,0.223868,0.330079,0.406716,0.307082,0.330173,0.295584,0.030778
Q134,Non-Small Cell Lung Cancer prophylaxis Pembrolizumab indication,EN,disease prophylaxis medicine indication,0,Prophylaxis / Maintenance,0.98185766,Dosing / Administration,0.0056586284,0.97619903,0.10218652,0.6636613,0.23415214,Prophylaxis / Maintenance,Prophylaxis / Maintenance; Management / Treatment Selection,2,True,Diagnosis / Differential Diagnosis,0.48598784,Epidemiology / Prognosis,0.41643748,0.069550365,False,0.317798,0.485988,0.212731,0.38313,0.282958,0.371821,0.286917,0.416437,0.32907,0.010429
Q135,Rosuvastatin hepatic impairment dose in Acute Coronary Syndrome,EN,medicine hepatic impairment dose in disease,3,Dosing / Administration,0.9290329,Safety / Contraindication,0.028950522,0.9000824,0.23898493,0.3060625,0.45495266,Dosing / Administration,Dosing / Administration,1,True,Pharmacotherapy,0.32883036,Evidence / Guideline Lookup,0.26495534,0.06387502,False,0.197985,0.202103,0.118141,0.204014,0.32883,0.264955,0.15193,0.25321,0.206036,-0.02566
Q136,add on therapy Hypertension in Pregnancy after Methyldopa failure,EN,add on therapy disease after medicine failure,0,Treatment Change / Escalation,0.99019414,Dosing / Administration,0.0041230964,0.98607105,0.063120574,0.26901764,0.6678618,Treatment Change / Escalation,Treatment Change / Escalation,1,True,Management / Treatment,0.5005618,Diagnosis / Differential Diagnosis,0.45402893,0.04653284,False,0.500562,0.454029,0.273193,0.374329,0.345319,0.422058,0.39688,0.446749,0.452204,0.084918
Q137,ARBs mechanism untuk Heart Failure bagaimana cara kerjanya,MIXED,drugclass mechanism untuk disease bagaimana cara kerjanya,6,Mechanism / Background Knowledge,0.96171975,Prophylaxis / Maintenance,0.009412251,0.9523075,0.15438461,0.42697334,0.418642,Mechanism / Background Knowledge,Mechanism / Background Knowledge,1,True,Pharmacotherapy,0.48622504,Test / Clinical Data Interpretation,0.29653132,0.18969372,False,0.286505,0.268812,0.208812,0.296531,0.486225,0.202821,0.183406,0.261964,0.28767,0.082469
Q138,Pembrolizumab pada ibu hamil dengan Non-Small Cell Lung Cancer,ID,medicine pada ibu hamil dengan disease,14,Safety / Contraindication,0.4391546,Dosing / Administration,0.335014,0.10414061,0.15489729,0.30920076,0.53590196,Safety / Contraindication,Safety / Contraindication,1,True,Procedures / Techniques,0.3559426,Management / Treatment,0.31004274,0.045899868,False,0.310043,0.188095,0.093516,0.218541,0.262597,0.257865,0.355943,0.292583,0.262079,0.012205
Q139,dosis titrasi Artemether-lumefantrine Typhoid Fever toleransi pasien,MIXED,dosis titrasi medicine disease toleransi pasien,5,Dosing / Administration,0.91047275,Safety / Contraindication,0.041970864,0.8685019,0.11794164,0.30305544,0.5790029,Dosing / Administration,Dosing / Administration,1,True,Epidemiology / Prognosis,0.39480203,Pharmacotherapy,0.3898939,0.0049081445,False,0.349012,0.325368,0.193371,0.275941,0.389894,0.343839,0.283977,0.394802,0.315215,-0.001069
Q140,Beta blockers selective role in Stable Angina pathophysiology,EN,drugclass role in disease pathophysiology,6,Mechanism / Background Knowledge,0.9630916,Prophylaxis / Maintenance,0.009283573,0.953808,0.16779414,0.41705677,0.4151491,Mechanism / Background Knowledge,Mechanism / Background Knowledge,1,True,Pharmacotherapy,0.50907475,Diagnosis / Differential Diagnosis,0.39074355,0.118331194,False,0.321668,0.390744,0.259506,0.366749,0.509075,0.306616,0.198685,0.341589,0.297963,0.127923
Q141,prophylaxis Colorectal Cancer Pembrolizumab kapan bisa dihentikan,MIXED,prophylaxis disease medicine kapan bisa dihentikan,0,Prophylaxis / Maintenance,0.98110205,Dosing / Administration,0.0068763373,0.9742257,0.0927259,0.65266055,0.2546135,Prophylaxis / Maintenance,Prophylaxis / Maintenance,1,True,Epidemiology / Prognosis,0.40883318,Management / Treatment,0.38686827,0.021964908,False,0.386868,0.348267,0.242204,0.299433,0.355644,0.374215,0.344953,0.408833,0.306948,0.042691
Q142,Vitamin A kontraindikasi pada Stunting / Malnutrition dengan COPD,ID,medicine kontraindikasi pada disease dengan copd,4,Safety / Contraindication,0.84266317,Dosing / Administration,0.029865067,0.8127981,0.13503191,0.30043522,0.5645328,Safety / Contraindication,Safety / Contraindication,1,True,Diagnosis / Differential Diagnosis,0.37676564,Epidemiology / Prognosis,0.36223537,0.014530271,False,0.301383,0.376766,0.169737,0.357068,0.360704,0.351731,0.27675,0.362235,0.296381,-0.033156
Q143,switch dari Adalimumab ke Adalimumab Systemic Lupus Erythematosus progresif,MIXED,switch dari medicine ke medicine disease progresif,0,Treatment Change / Escalation,0.99218833,Dosing / Administration,0.0035329384,0.9886554,0.049029365,0.3188914,0.63207924,Treatment Change / Escalation,Treatment Change / Escalation,1,True,Management / Treatment,0.3716695,Procedures / Techniques,0.34782794,0.02384156,False,0.37167,0.226748,0.234984,0.337939,0.327019,0.341015,0.347828,0.315691,0.32162,0.022536
Q144,Colchicine loading dose Psoriatic Arthritis emergency,EN,medicine loading dose disease emergency,10,Dosing / Administration,0.9449216,Prophylaxis / Maintenance,0.024700452,0.92022115,0.17482379,0.36387566,0.46130064,Dosing / Administration,Dosing / Administration,1,True,Pharmacotherapy,0.4226651,Epidemiology / Prognosis,0.3820325,0.040632576,False,0.327804,0.286103,0.248012,0.344021,0.422665,0.351439,0.328099,0.382032,0.291569,0.071336
Q145,titration protocol Rivaroxaban in Community-acquired Pneumonia,EN,titration protocol medicine in disease,5,Dosing / Administration,0.37508363,Safety / Contraindication,0.27289736,0.10218626,0.07496158,0.2319428,0.69309556,Dosing / Administration,Dosing / Administration,1,True,Procedures / Techniques,0.38592738,Management / Treatment,0.38342407,0.0025033057,False,0.383424,0.216584,0.21026,0.271932,0.345126,0.329211,0.385927,0.340985,0.312514,0.050287
Q146,Bedaquiline vs Rifampicin untuk pasien Tuberculosis mana lebih efektif,MIXED,medicine vs medicine untuk pasien disease mana lebih efektif,0,Comparative Treatment Choice,0.9871715,Safety / Contraindication,0.0046370034,0.98253447,0.021237668,0.8594299,0.119332485,Comparative Treatment Choice,Comparative Treatment Choice,1,True,Pharmacotherapy,0.5386045,Management / Treatment,0.5001536,0.038450897,False,0.500154,0.318894,0.321434,0.354512,0.538604,0.374143,0.441864,0.429394,0.429246,0.150252
Q147,Chronic Kidney Disease first line ARBs evidence based,MIXED,disease first line drugclass evidence based,6,Guideline / Evidence Lookup,0.7298272,Management / Treatment Selection,0.24125436,0.48857287,0.13691023,0.1882803,0.67480946,Guideline / Evidence Lookup,Guideline / Evidence Lookup; Management / Treatment Selection,2,True,Pharmacotherapy,0.533338,Evidence / Guideline Lookup,0.44116023,0.09217778,False,0.401374,0.407281,0.351618,0.35421,0.533338,0.44116,0.218159,0.367855,0.289911,0.190495
Q148,MDR Tuberculosis dengan renal impairment penyesuaian dosis Bedaquiline,MIXED,disease dengan renal impairment penyesuaian dosis medicine,1,Dosing / Administration,0.934477,Safety / Contraindication,0.026299201,0.9081778,0.12735051,0.3816319,0.49101752,Dosing / Administration,Dosing / Administration,1,True,Epidemiology / Prognosis,0.32546213,Pharmacotherapy,0.3145109,0.010951221,False,0.248229,0.281574,0.172108,0.30487,0.314511,0.272935,0.225793,0.325462,0.273432,0.003097
Q149,Factor Xa inhibitors mechanism of action in Community-acquired Pneumonia,EN,drugclass mechanism of action in disease,6,Mechanism / Background Knowledge,0.9610921,Prophylaxis / Maintenance,0.008824999,0.9522671,0.14974128,0.42445752,0.42580116,Mechanism / Background Knowledge,Mechanism / Background Knowledge,1,True,Pharmacotherapy,0.47425747,Management / Treatment,0.26613,0.20812747,False,0.26613,0.222665,0.163268,0.215239,0.474257,0.175935,0.149279,0.216707,0.245985,0.053999
Q150,Magnesium sulphate vs Magnesium sulphate untuk Preeclampsia,ID,medicine vs medicine untuk disease,0,Comparative Treatment Choice,0.98687124,Safety / Contraindication,0.004795867,0.9820754,0.021655308,0.85083866,0.12750602,Comparative Treatment Choice,Comparative Treatment Choice,1,True,Pharmacotherapy,0.43699035,Management / Treatment,0.38943315,0.047557205,False,0.389433,0.273161,0.279578,0.352282,0.43699,0.249742,0.330145,0.372411,0.386755,0.134663
Q151,latest guideline Preeclampsia management 2024,MIXED,latest guideline disease management 2024,0,Guideline / Evidence Lookup,0.9227654,Management / Treatment Selection,0.04134839,0.881417,0.25853133,0.24681257,0.49465612,Guideline / Evidence Lookup,Guideline / Evidence Lookup,1,True,Management / Treatment,0.5233817,Evidence / Guideline Lookup,0.5208568,0.0025249124,False,0.523382,0.440759,0.34197,0.414528,0.370681,0.520857,0.371007,0.505761,0.420732,0.151347
Q152,apakah Bedaquiline aman untuk Tuberculosis dengan obesity,ID,apakah medicine aman untuk disease dengan obesity,2,Safety / Contraindication,0.62733513,Interaction / Combination,0.28218332,0.3451518,0.054509576,0.22396116,0.7215293,Safety / Contraindication,Safety / Contraindication,1,True,Pharmacotherapy,0.33853233,Management / Treatment,0.26940906,0.06912327,False,0.269409,0.223621,0.155884,0.21512,0.338532,0.266904,0.206973,0.25293,0.214659,0.019042
Q153,Rheumatoid Arthritis guideline update 2023 summary,EN,disease guideline update 2023 summary,0,Guideline / Evidence Lookup,0.8995319,Management / Treatment Selection,0.046889957,0.85264194,0.34313723,0.27667108,0.38019165,Guideline / Evidence Lookup,Guideline / Evidence Lookup,1,True,Evidence / Guideline Lookup,0.5306182,Epidemiology / Prognosis,0.46520084,0.06541735,False,0.387847,0.446615,0.3463,0.431173,0.341503,0.530618,0.270745,0.465201,0.367204,0.132687
Q154,Apixaban hepatic impairment dose in Community-acquired Pneumonia,EN,medicine hepatic impairment dose in disease,3,Dosing / Administration,0.9290329,Safety / Contraindication,0.028950522,0.9000824,0.23898493,0.3060625,0.45495266,Dosing / Administration,Dosing / Administration,1,True,Pharmacotherapy,0.32883036,Evidence / Guideline Lookup,0.26495534,0.06387502,False,0.197985,0.202103,0.118141,0.204014,0.32883,0.264955,0.15193,0.25321,0.206036,-0.02566
Q155,kombinasi Artemether-lumefantrine dan Artemether-lumefantrine pada Typhoid Fever aman atau tidak,MIXED,kombinasi medicine dan medicine pada disease aman atau tidak,0,Interaction / Combination,0.9430835,Safety / Contraindication,0.027149757,0.9159338,0.055518784,0.17306238,0.7714188,Interaction / Combination,Interaction / Combination; Safety / Contraindication,2,True,Pharmacotherapy,0.5262046,Epidemiology / Prognosis,0.47412813,0.05207646,False,0.441305,0.374096,0.314286,0.374025,0.526205,0.396766,0.377754,0.474128,0.394969,0.158756
Q156,indikasi Tenofovir+Lamivudine pada Urinary Tract Infection guideline terbaru,MIXED,indikasi medicine pada disease guideline terbaru,0,Guideline / Evidence Lookup,0.9326238,Management / Treatment Selection,0.033688597,0.8989352,0.09947687,0.3768578,0.52366537,Guideline / Evidence Lookup,Guideline / Evidence Lookup; Management / Treatment Selection,2,True,Evidence / Guideline Lookup,0.56445384,Diagnosis / Differential Diagnosis,0.5608883,0.0035655499,False,0.507323,0.560888,0.357313,0.531261,0.512631,0.564454,0.425113,0.54769,0.486233,0.147116
Q157,Benzodiazepines in pregnancy and Febrile Seizure,EN,drugclass in pregnancy and disease,14,Safety / Contraindication,0.73063,Efficacy / Outcomes,0.05275428,0.6778757,0.21928418,0.19392462,0.5867912,Safety / Contraindication,Safety / Contraindication,1,True,Pharmacotherapy,0.43012902,Epidemiology / Prognosis,0.24261546,0.18751356,False,0.237437,0.152368,0.091062,0.183811,0.430129,0.22596,0.210254,0.242615,0.173574,0.061209
Q158,when to start Sertraline in ADHD,EN,when to start medicine in disease,0,Management / Treatment Selection,0.9559435,Interaction / Combination,0.01427071,0.9416728,0.02353667,0.07813453,0.89832884,Management / Treatment Selection,Management / Treatment Selection,1,True,Management / Treatment,0.49333054,Pharmacotherapy,0.42713398,0.06619656,False,0.493331,0.264366,0.317885,0.349373,0.427134,0.386254,0.417558,0.396777,0.307661,0.070351
Q159,titration protocol Cyclosporine in Psoriasis,EN,titration protocol medicine in disease,5,Dosing / Administration,0.37508363,Safety / Contraindication,0.27289736,0.10218626,0.07496158,0.2319428,0.69309556,Dosing / Administration,Dosing / Administration,1,True,Procedures / Techniques,0.38592738,Management / Treatment,0.38342407,0.0025033057,False,0.383424,0.216584,0.21026,0.271932,0.345126,0.329211,0.385927,0.340985,0.312514,0.050287
Q160,Obesity pada anak dosis Liraglutide,ID,disease pada anak dosis medicine,10,Dosing / Administration,0.9359979,Prophylaxis / Maintenance,0.026671981,0.9093259,0.099171415,0.40157285,0.4992557,Dosing / Administration,Dosing / Administration,1,True,Epidemiology / Prognosis,0.3919183,Diagnosis / Differential Diagnosis,0.374479,0.017439306,False,0.3242,0.374479,0.238274,0.36668,0.365594,0.337571,0.28756,0.391918,0.297087,0.035287
Q161,Magnesium sulphate pada pasien elderly Preeclampsia apa perlu adjustment,MIXED,medicine pada pasien elderly disease apa perlu adjustment,8,Dosing / Administration,0.92477244,Safety / Contraindication,0.034303326,0.89046913,0.09765041,0.3836799,0.51866966,Dosing / Administration,Dosing / Administration,1,True,Management / Treatment,0.4471611,Patient Communication / Education,0.43528968,0.011871427,False,0.447161,0.201959,0.203671,0.27731,0.417105,0.420793,0.425101,0.387648,0.43529,0.049074
Q162,Diazepam contraindication in Febrile Seizure with diabetes,EN,medicine contraindication in disease with diabetes,2,Safety / Contraindication,0.4010025,Dosing / Administration,0.3952823,0.005720198,0.058648568,0.3444156,0.5969358,Safety / Contraindication,Safety / Contraindication,1,True,Pharmacotherapy,0.36532682,Evidence / Guideline Lookup,0.32511365,0.040213168,False,0.312026,0.235878,0.139764,0.237959,0.365327,0.325114,0.273638,0.300074,0.261192,-0.019202
Q163,is Amlodipine safe in Acute Coronary Syndrome with obesity,EN,is medicine safe in disease with obesity,2,Safety / Contraindication,0.8987315,Efficacy / Outcomes,0.022775734,0.8759558,0.059666246,0.2677101,0.67262363,Safety / Contraindication,Safety / Contraindication,1,True,Pharmacotherapy,0.33612126,Management / Treatment,0.24169037,0.09443089,False,0.24169,0.207792,0.146672,0.204316,0.336121,0.241667,0.176143,0.240831,0.203603,0.013162
Q164,Systemic Lupus Erythematosus first line TNF inhibitors evidence based,MIXED,disease first line drugclass evidence based,6,Guideline / Evidence Lookup,0.7298272,Management / Treatment Selection,0.24125436,0.48857287,0.13691023,0.1882803,0.67480946,Guideline / Evidence Lookup,Guideline / Evidence Lookup; Management / Treatment Selection,2,True,Pharmacotherapy,0.533338,Evidence / Guideline Lookup,0.44116023,0.09217778,False,0.401374,0.407281,0.351618,0.35421,0.533338,0.44116,0.218159,0.367855,0.289911,0.190495
Q165,dosis Escitalopram untuk pasien ADHD,ID,dosis medicine untuk pasien disease,10,Dosing / Administration,0.93178225,Safety / Contraindication,0.028436065,0.9033462,0.087837555,0.3468386,0.56532377,Dosing / Administration,Dosing / Administration,1,True,Pharmacotherapy,0.4773904,Epidemiology / Prognosis,0.3711667,0.1062237,False,0.337772,0.265517,0.224131,0.304987,0.47739,0.362375,0.330342,0.371167,0.288422,-0.021122
Q166,SGLT2 inhibitors role in Chronic Kidney Disease pathophysiology,EN,drugclass role in disease pathophysiology,6,Mechanism / Background Knowledge,0.9630916,Prophylaxis / Maintenance,0.009283573,0.953808,0.16779414,0.41705677,0.4151491,Mechanism / Background Knowledge,Mechanism / Background Knowledge,1,True,Pharmacotherapy,0.50907475,Diagnosis / Differential Diagnosis,0.39074355,0.118331194,False,0.321668,0.390744,0.259506,0.366749,0.509075,0.306616,0.198685,0.341589,0.297963,0.127923
Q167,penggantian Omeprazole ke Lansoprazole pada Peptic Ulcer Disease,ID,penggantian medicine ke medicine pada disease,0,Treatment Change / Escalation,0.99038905,Dosing / Administration,0.00490377,0.98548526,0.037377242,0.31200257,0.65062016,Treatment Change / Escalation,Treatment Change / Escalation,1,True,Pharmacotherapy,0.39711893,Procedures / Techniques,0.38902795,0.008090973,False,0.378805,0.222499,0.249126,0.334792,0.397119,0.335479,0.389028,0.322685,0.324192,0.030509
Q168,Factor Xa inhibitors terbaru untuk Deep Vein Thrombosis 2022,MIXED,drugclass terbaru untuk disease 2022,6,Guideline / Evidence Lookup,0.8981066,Management / Treatment Selection,0.049000163,0.84910643,0.07604229,0.45705265,0.46690512,Guideline / Evidence Lookup,Guideline / Evidence Lookup,1,True,Pharmacotherapy,0.532095,Evidence / Guideline Lookup,0.44711235,0.08498266,False,0.343926,0.28711,0.337109,0.36445,0.532095,0.447112,0.281858,0.398494,0.280481,0.118139
Q169,Basal insulins mechanism of action in Type 1 Diabetes Mellitus,EN,drugclass mechanism of action in disease,6,Mechanism / Background Knowledge,0.9610921,Prophylaxis / Maintenance,0.008824999,0.9522671,0.14974128,0.42445752,0.42580116,Mechanism / Background Knowledge,Mechanism / Background Knowledge,1,True,Pharmacotherapy,0.47425747,Management / Treatment,0.26613,0.20812747,False,0.26613,0.222665,0.163268,0.215239,0.474257,0.175935,0.149279,0.216707,0.245985,0.053999
Q170,Magnesium sulphate vs Magnesium sulphate in Preeclampsia patients,EN,medicine vs medicine in disease patients,0,Comparative Treatment Choice,0.98690945,Safety / Contraindication,0.0047784615,0.982131,0.021289317,0.85115695,0.12755372,Comparative Treatment Choice,Comparative Treatment Choice,1,True,Pharmacotherapy,0.5007164,Management / Treatment,0.4636933,0.037023097,False,0.463693,0.343376,0.299476,0.380712,0.500716,0.31922,0.381207,0.425953,0.446629,0.127506
Q171,Hyperthyroidism prophylaxis Methimazole indication,EN,disease prophylaxis medicine indication,0,Prophylaxis / Maintenance,0.98185766,Dosing / Administration,0.0056586284,0.97619903,0.10218652,0.6636613,0.23415214,Prophylaxis / Maintenance,Prophylaxis / Maintenance; Management / Treatment Selection,2,True,Diagnosis / Differential Diagnosis,0.48598784,Epidemiology / Prognosis,0.41643748,0.069550365,False,0.317798,0.485988,0.212731,0.38313,0.282958,0.371821,0.286917,0.416437,0.32907,0.010429
Q172,kapan mulai terapi Aspirin pada Stable Angina,ID,kapan mulai terapi medicine pada disease,0,Management / Treatment Selection,0.9812088,Guideline / Evidence Lookup,0.009835744,0.9713731,0.025013724,0.12852103,0.8464653,Management / Treatment Selection,Management / Treatment Selection,1,True,Management / Treatment,0.52135503,Procedures / Techniques,0.48233718,0.039017856,False,0.521355,0.332444,0.329157,0.421322,0.443465,0.468114,0.482337,0.464131,0.406137,0.057801
Q173,Stunting / Malnutrition first line Zinc supplements evidence based,MIXED,disease first line drugclass evidence based,6,Guideline / Evidence Lookup,0.7298272,Management / Treatment Selection,0.24125436,0.48857287,0.13691023,0.1882803,0.67480946,Guideline / Evidence Lookup,Guideline / Evidence Lookup; Management / Treatment Selection,2,True,Pharmacotherapy,0.533338,Evidence / Guideline Lookup,0.44116023,0.09217778,False,0.401374,0.407281,0.351618,0.35421,0.533338,0.44116,0.218159,0.367855,0.289911,0.190495
Q174,monitoring Thyroid hormones pada Hypothyroidism parameter apa,MIXED,monitoring drugclass pada disease parameter apa,6,Monitoring / Response / Risk Assessment,0.97772866,Safety / Contraindication,0.009149787,0.9685789,0.09599276,0.13766247,0.7663448,Monitoring / Response / Risk Assessment,Monitoring / Response / Risk Assessment,1,True,Pharmacotherapy,0.659453,Diagnosis / Differential Diagnosis,0.48401013,0.17544284,False,0.44704,0.48401,0.412973,0.437754,0.659453,0.413069,0.315688,0.455548,0.381279,0.184289
Q175,Warfarin dosing in Atrial Fibrillation with CKD,EN,medicine dosing in disease with ckd,4,Dosing / Administration,0.4510012,Safety / Contraindication,0.37020648,0.08079472,0.11042337,0.3254726,0.5641041,Dosing / Administration,Dosing / Administration,1,True,Pharmacotherapy,0.39686385,Evidence / Guideline Lookup,0.3385972,0.05826664,False,0.246711,0.245436,0.140344,0.277242,0.396864,0.338597,0.24842,0.31962,0.19809,-0.062542
Q176,latest guideline Major Depressive Disorder management terbaru,MIXED,latest guideline disease management terbaru,0,Guideline / Evidence Lookup,0.925583,Management / Treatment Selection,0.040504407,0.8850786,0.18735904,0.29256612,0.52007484,Guideline / Evidence Lookup,Guideline / Evidence Lookup,1,True,Management / Treatment,0.53582036,Evidence / Guideline Lookup,0.49459022,0.041230142,False,0.53582,0.4722,0.310201,0.419751,0.373484,0.49459,0.385383,0.479831,0.427944,0.142571
Q177,Bedaquiline long term outcomes Tuberculosis,EN,medicine long term outcomes disease,0,Efficacy / Outcomes,0.9887477,Safety / Contraindication,0.0054166606,0.9833311,0.32741308,0.2560794,0.4165075,Efficacy / Outcomes,Efficacy / Outcomes,1,True,Epidemiology / Prognosis,0.5110607,Test / Clinical Data Interpretation,0.44481257,0.06624815,False,0.404389,0.388199,0.235139,0.444813,0.380207,0.436837,0.301888,0.511061,0.413811,0.086811
Q178,add on Valproate setelah Valproate gagal Parkinson Disease,MIXED,add on medicine setelah medicine gagal disease,0,Treatment Change / Escalation,0.99029225,Dosing / Administration,0.0043945983,0.98589766,0.046095613,0.3221867,0.63171774,Treatment Change / Escalation,Treatment Change / Escalation,1,True,Management / Treatment,0.48695514,Procedures / Techniques,0.43216544,0.054789692,False,0.486955,0.365138,0.298429,0.376707,0.418626,0.375679,0.432165,0.401876,0.404557,0.071249
Q179,Type 2 Diabetes Mellitus treatment algorithm GLP-1 receptor agonists first line,EN,disease treatment algorithm drugclass first line,6,Management / Treatment Selection,0.9139531,Guideline / Evidence Lookup,0.07021824,0.84373486,0.036884844,0.17585123,0.78726393,Management / Treatment Selection,Management / Treatment Selection,1,True,Pharmacotherapy,0.5402144,Management / Treatment,0.5134928,0.026721597,False,0.513493,0.295708,0.342317,0.281455,0.540214,0.337696,0.34342,0.350368,0.35834,0.154298
Q180,tatalaksana Type 1 Diabetes Mellitus panduan terbaru 2023,ID,tatalaksana disease panduan terbaru 2023,0,Guideline / Evidence Lookup,0.9125965,Management / Treatment Selection,0.037574586,0.87502193,0.17451346,0.42195347,0.40353304,Guideline / Evidence Lookup,Guideline / Evidence Lookup; Management / Treatment Selection,2,True,Epidemiology / Prognosis,0.5781518,Evidence / Guideline Lookup,0.5482938,0.029857993,False,0.475286,0.523481,0.39059,0.481672,0.342679,0.548294,0.36162,0.578152,0.42693,0.124326
Q181,dosis Alteplase untuk pasien Ischaemic Stroke,ID,dosis medicine untuk pasien disease,10,Dosing / Administration,0.93178225,Safety / Contraindication,0.028436065,0.9033462,0.087837555,0.3468386,0.56532377,Dosing / Administration,Dosing / Administration,1,True,Pharmacotherapy,0.4773904,Epidemiology / Prognosis,0.3711667,0.1062237,False,0.337772,0.265517,0.224131,0.304987,0.47739,0.362375,0.330342,0.371167,0.288422,-0.021122
Q182,apakah Olanzapine aman untuk Schizophrenia dengan renal impairment,ID,apakah medicine aman untuk disease dengan renal impairment,1,Safety / Contraindication,0.75197846,Interaction / Combination,0.103321396,0.6486571,0.09177192,0.22842957,0.67979854,Safety / Contraindication,Safety / Contraindication,1,True,Pharmacotherapy,0.35759804,Epidemiology / Prognosis,0.32439587,0.03320217,False,0.289896,0.247759,0.189495,0.261465,0.357598,0.303525,0.267284,0.324396,0.280641,0.063637
Q183,Hypertension in Pregnancy pediatric dosing Methyldopa,EN,disease pediatric dosing medicine,10,Dosing / Administration,0.46515778,Safety / Contraindication,0.36602956,0.09912822,0.13818632,0.31531486,0.54649884,Dosing / Administration,Dosing / Administration,1,True,Pharmacotherapy,0.39037088,Evidence / Guideline Lookup,0.3580201,0.03235078,False,0.287668,0.264299,0.188446,0.311853,0.390371,0.35802,0.321095,0.315835,0.226708,-0.022429
Q184,Proton pump inhibitors mechanism of action in Peptic Ulcer Disease,EN,drugclass mechanism of action in disease,6,Mechanism / Background Knowledge,0.9610921,Prophylaxis / Maintenance,0.008825004,0.9522671,0.14974125,0.42445755,0.4258012,Mechanism / Background Knowledge,Mechanism / Background Knowledge,1,True,Pharmacotherapy,0.47425747,Management / Treatment,0.2661301,0.20812738,False,0.26613,0.222665,0.163268,0.215239,0.474257,0.175935,0.149279,0.216707,0.245986,0.053999
Q185,Isoniazid hepatic impairment dose in Tuberculosis,EN,medicine hepatic impairment dose in disease,3,Dosing / Administration,0.9290329,Safety / Contraindication,0.028950522,0.9000824,0.23898493,0.3060625,0.45495266,Dosing / Administration,Dosing / Administration,1,True,Pharmacotherapy,0.32883036,Evidence / Guideline Lookup,0.26495534,0.06387502,False,0.197985,0.202103,0.118141,0.204014,0.32883,0.264955,0.15193,0.25321,0.206036,-0.02566
Q186,dosis titrasi Rivaroxaban Deep Vein Thrombosis toleransi pasien,MIXED,dosis titrasi medicine disease toleransi pasien,5,Dosing / Administration,0.91047275,Safety / Contraindication,0.041970864,0.8685019,0.11794164,0.30305544,0.5790029,Dosing / Administration,Dosing / Administration,1,True,Epidemiology / Prognosis,0.39480203,Pharmacotherapy,0.3898939,0.0049081445,False,0.349012,0.325368,0.193371,0.275941,0.389894,0.343839,0.283977,0.394802,0.315215,-0.001069
Q187,dosis Venlafaxine pada Major Depressive Disorder pasien hypertension aman tidak,MIXED,dosis medicine pada disease pasien hypertension aman tidak,1,Safety / Contraindication,0.43469965,Dosing / Administration,0.26065686,0.17404279,0.108635366,0.22080563,0.6705589,Safety / Contraindication,Safety / Contraindication; Dosing / Administration,2,True,Evidence / Guideline Lookup,0.38379747,Pharmacotherapy,0.35447127,0.0293262,False,0.262347,0.213972,0.105765,0.180788,0.354471,0.383797,0.240398,0.292359,0.216106,0.073078
Q188,interaksi obat Zinc dan Vitamin A pada Stunting / Malnutrition,ID,interaksi obat medicine dan medicine pada disease,0,Interaction / Combination,0.9658287,Safety / Contraindication,0.0093598245,0.9564689,0.059179965,0.17512545,0.76569456,Interaction / Combination,Interaction / Combination,1,True,Pharmacotherapy,0.56351763,Patient Communication / Education,0.382504,0.18101364,False,0.372536,0.295362,0.232078,0.35834,0.563518,0.299618,0.348382,0.361048,0.382504,0.068566
Q189,renal dose adjustment Lansoprazole in Peptic Ulcer Disease,EN,renal dose adjustment medicine in disease,1,Dosing / Administration,0.9370421,Safety / Contraindication,0.02476116,0.912281,0.11514645,0.30007026,0.58478326,Dosing / Administration,Dosing / Administration,1,True,Pharmacotherapy,0.36038262,Evidence / Guideline Lookup,0.29834503,0.062037587,False,0.24936,0.149486,0.173452,0.241743,0.360383,0.298345,0.2658,0.261541,0.248634,-0.074709
Q190,Macrolides mechanism of action in Asthma,EN,drugclass mechanism of action in disease,6,Mechanism / Background Knowledge,0.9610921,Prophylaxis / Maintenance,0.008824999,0.9522671,0.14974128,0.42445752,0.42580116,Mechanism / Background Knowledge,Mechanism / Background Knowledge,1,True,Pharmacotherapy,0.47425747,Management / Treatment,0.26613,0.20812747,False,0.26613,0.222665,0.163268,0.215239,0.474257,0.175935,0.149279,0.216707,0.245985,0.053999
Q191,Heart Failure dengan renal impairment penyesuaian dosis Bisoprolol,MIXED,disease dengan renal impairment penyesuaian dosis medicine,1,Dosing / Administration,0.934477,Safety / Contraindication,0.026299201,0.9081778,0.12735051,0.3816319,0.49101752,Dosing / Administration,Dosing / Administration,1,True,Epidemiology / Prognosis,0.32546213,Pharmacotherapy,0.3145109,0.010951221,False,0.248229,0.281574,0.172108,0.30487,0.314511,0.272935,0.225793,0.325462,0.273432,0.003097
Q192,Diabetes Insipidus emergency Desmopressin loading dose berapa,MIXED,disease emergency medicine loading dose berapa,10,Dosing / Administration,0.9398804,Prophylaxis / Maintenance,0.02592304,0.91395736,0.18925025,0.35632086,0.45442888,Dosing / Administration,Dosing / Administration,1,True,Pharmacotherapy,0.3817642,Epidemiology / Prognosis,0.32823867,0.053525537,False,0.270469,0.217183,0.230319,0.307744,0.381764,0.278425,0.272719,0.328239,0.2432,0.04358
Q193,Obesity dengan obesity pilihan terapi,ID,disease dengan disease pilihan terapi,0,Management / Treatment Selection,0.9814817,Guideline / Evidence Lookup,0.00957313,0.97190857,0.029747924,0.14660022,0.8236519,Management / Treatment Selection,Management / Treatment Selection,1,True,Management / Treatment,0.5447617,Epidemiology / Prognosis,0.50526017,0.039501548,False,0.544762,0.485243,0.312306,0.389668,0.379815,0.411475,0.353384,0.50526,0.429554,0.14478
Q194,Chronic Kidney Disease prophylaxis Losartan indication,EN,disease prophylaxis medicine indication,0,Prophylaxis / Maintenance,0.98185766,Dosing / Administration,0.0056586284,0.97619903,0.10218652,0.6636613,0.23415214,Prophylaxis / Maintenance,Prophylaxis / Maintenance; Management / Treatment Selection,2,True,Diagnosis / Differential Diagnosis,0.48598784,Epidemiology / Prognosis,0.41643748,0.069550365,False,0.317798,0.485988,0.212731,0.38313,0.282958,0.371821,0.286917,0.416437,0.32907,0.010429
Q195,add on therapy Asthma after Amoxicillin failure,EN,add on therapy disease after medicine failure,0,Treatment Change / Escalation,0.99019414,Dosing / Administration,0.0041230964,0.98607105,0.063120574,0.26901764,0.6678618,Treatment Change / Escalation,Treatment Change / Escalation,1,True,Management / Treatment,0.5005618,Diagnosis / Differential Diagnosis,0.45402893,0.04653284,False,0.500562,0.454029,0.273193,0.374329,0.345319,0.422058,0.39688,0.446749,0.452204,0.084918
Q196,Gout risk stratification approach,EN,disease risk stratification approach,9,Monitoring / Response / Risk Assessment,0.98009765,Safety / Contraindication,0.007012265,0.9730854,0.1537722,0.15504873,0.69117904,Monitoring / Response / Risk Assessment,Monitoring / Response / Risk Assessment,1,True,Epidemiology / Prognosis,0.41271687,Diagnosis / Differential Diagnosis,0.3868887,0.025828153,False,0.324219,0.386889,0.253353,0.288347,0.271104,0.282816,0.162188,0.412717,0.32964,0.106946
Q197,monitoring terapi Bedaquiline pada MDR Tuberculosis,ID,monitoring terapi medicine pada disease,6,Monitoring / Response / Risk Assessment,0.9323255,Management / Treatment Selection,0.02334587,0.9089796,0.024235934,0.07558217,0.9001819,Monitoring / Response / Risk Assessment,Monitoring / Response / Risk Assessment,1,True,Pharmacotherapy,0.5618754,Management / Treatment,0.5441389,0.017736495,False,0.544139,0.440887,0.368271,0.442302,0.561875,0.471306,0.51239,0.474312,0.487222,0.101224
Q198,Calcium channel blockers new evidence Hypertension 2022,EN,drugclass new evidence disease 2022,6,Guideline / Evidence Lookup,0.8053465,Management / Treatment Selection,0.093634665,0.7117118,0.30156973,0.20186539,0.4965649,Guideline / Evidence Lookup,Guideline / Evidence Lookup,1,True,Evidence / Guideline Lookup,0.49201965,Pharmacotherapy,0.4737435,0.018276155,False,0.321838,0.395096,0.382496,0.398047,0.473744,0.49202,0.226481,0.420995,0.291743,0.179074
Q199,Rivaroxaban loading dose Community-acquired Pneumonia emergency,EN,medicine loading dose disease emergency,10,Dosing / Administration,0.9449216,Prophylaxis / Maintenance,0.024700452,0.92022115,0.17482379,0.36387566,0.46130064,Dosing / Administration,Dosing / Administration,1,True,Pharmacotherapy,0.4226651,Epidemiology / Prognosis,0.3820325,0.040632576,False,0.327804,0.286103,0.248012,0.344021,0.422665,0.351439,0.328099,0.382032,0.291569,0.071336
Q200,Tuberculosis risk stratification approach,EN,disease risk stratification approach,9,Monitoring / Response / Risk Assessment,0.98009765,Safety / Contraindication,0.007012265,0.9730854,0.1537722,0.15504873,0.69117904,Monitoring / Response / Risk Assessment,Monitoring / Response / Risk Assessment,1,True,Epidemiology / Prognosis,0.41271687,Diagnosis / Differential Diagnosis,0.3868887,0.025828153,False,0.324219,0.386889,0.253353,0.288347,0.271104,0.282816,0.162188,0.412717,0.32964,0.106946
Q201,interaksi obat Semaglutide dan Liraglutide pada Obesity,ID,interaksi obat medicine dan medicine pada disease,0,Interaction / Combination,0.9658287,Safety / Contraindication,0.0093598245,0.9564689,0.059179965,0.17512545,0.76569456,Interaction / Combination,Interaction / Combination,1,True,Pharmacotherapy,0.56351763,Patient Communication / Education,0.382504,0.18101364,False,0.372536,0.295362,0.232078,0.35834,0.563518,0.299618,0.348382,0.361048,0.382504,0.068566
Q202,HIV/AIDS with obesity first line drug,EN,disease with obesity first line drug,2,Management / Treatment Selection,0.9855253,Guideline / Evidence Lookup,0.011373369,0.97415197,0.029088575,0.0946899,0.8762215,Management / Treatment Selection,Management / Treatment Selection,1,True,Pharmacotherapy,0.34476787,Management / Treatment,0.2756059,0.06916198,False,0.275606,0.253862,0.123596,0.196807,0.344768,0.246083,0.124681,0.212986,0.159016,-0.035248
Q203,Corticosteroids in pregnancy and Sepsis,EN,drugclass in pregnancy and disease,14,Safety / Contraindication,0.73063,Efficacy / Outcomes,0.05275428,0.6778757,0.21928418,0.19392462,0.5867912,Safety / Contraindication,Safety / Contraindication,1,True,Pharmacotherapy,0.43012902,Epidemiology / Prognosis,0.24261546,0.18751356,False,0.237437,0.152368,0.091062,0.183811,0.430129,0.22596,0.210254,0.242615,0.173574,0.061209
Q204,Iron preparations mechanism untuk Iron Deficiency Anaemia bagaimana cara kerjanya,MIXED,drugclass mechanism untuk disease bagaimana cara kerjanya,6,Mechanism / Background Knowledge,0.96171975,Prophylaxis / Maintenance,0.009412251,0.9523075,0.15438461,0.42697334,0.418642,Mechanism / Background Knowledge,Mechanism / Background Knowledge,1,True,Pharmacotherapy,0.48622504,Test / Clinical Data Interpretation,0.29653132,0.18969372,False,0.286505,0.268812,0.208812,0.296531,0.486225,0.202821,0.183406,0.261964,0.28767,0.082469
Q205,terapi profilaksis Typhoid Fever dengan Artemether-lumefantrine,ID,terapi profilaksis disease dengan medicine,0,Prophylaxis / Maintenance,0.97614247,Dosing / Administration,0.008312286,0.9678302,0.056691796,0.58971846,0.3535897,Prophylaxis / Maintenance,Prophylaxis / Maintenance,1,True,Management / Treatment,0.4606164,Procedures / Techniques,0.43000045,0.030615956,False,0.460616,0.251048,0.1787,0.229905,0.414917,0.392896,0.43,0.39489,0.388076,0.015938
Q206,Ischaemic Stroke pada anak dosis Aspirin,ID,disease pada anak dosis medicine,10,Dosing / Administration,0.9359979,Prophylaxis / Maintenance,0.026671981,0.9093259,0.099171415,0.40157285,0.4992557,Dosing / Administration,Dosing / Administration,1,True,Epidemiology / Prognosis,0.3919183,Diagnosis / Differential Diagnosis,0.374479,0.017439306,False,0.3242,0.374479,0.238274,0.36668,0.365594,0.337571,0.28756,0.391918,0.297087,0.035287
Q207,Ramipril combination therapy Hypertension,EN,medicine combination therapy disease,0,Interaction / Combination,0.9626987,Safety / Contraindication,0.009370143,0.95332855,0.06538383,0.18824223,0.74637395,Interaction / Combination,Interaction / Combination,1,True,Management / Treatment,0.47082534,Pharmacotherapy,0.42574722,0.04507813,False,0.470825,0.334165,0.245566,0.325421,0.425747,0.402825,0.364302,0.412593,0.38769,0.11699
Q208,terapi profilaksis Hypertension dengan Ramipril,ID,terapi profilaksis disease dengan medicine,0,Prophylaxis / Maintenance,0.97614247,Dosing / Administration,0.008312286,0.9678302,0.056691796,0.58971846,0.3535897,Prophylaxis / Maintenance,Prophylaxis / Maintenance,1,True,Management / Treatment,0.4606164,Procedures / Techniques,0.43000045,0.030615956,False,0.460616,0.251048,0.1787,0.229905,0.414917,0.392896,0.43,0.39489,0.388076,0.015938
Q209,switch from Tenofovir+Lamivudine to Tenofovir+Lamivudine in Urinary Tract Infection,EN,switch from medicine to medicine in disease,0,Treatment Change / Escalation,0.9863862,Dosing / Administration,0.006705008,0.9796812,0.03939372,0.30122343,0.6593829,Treatment Change / Escalation,Treatment Change / Escalation,1,True,Management / Treatment,0.42528063,Pharmacotherapy,0.4076186,0.017662019,False,0.425281,0.240374,0.272614,0.373262,0.407619,0.346428,0.401849,0.330152,0.349958,0.072468
Q210,switch dari Venlafaxine ke Escitalopram Major Depressive Disorder progresif,MIXED,switch dari medicine ke medicine disease progresif,0,Treatment Change / Escalation,0.99218833,Dosing / Administration,0.0035329384,0.9886554,0.049029365,0.3188914,0.63207924,Treatment Change / Escalation,Treatment Change / Escalation,1,True,Management / Treatment,0.3716695,Procedures / Techniques,0.34782794,0.02384156,False,0.37167,0.226748,0.234984,0.337939,0.327019,0.341015,0.347828,0.315691,0.32162,0.022536
Q211,Tuberculosis dengan atrial fibrillation pilihan terapi,ID,disease dengan atrial fibrillation pilihan terapi,13,Management / Treatment Selection,0.97358173,Guideline / Evidence Lookup,0.01293426,0.96064746,0.08308732,0.13854091,0.7783718,Management / Treatment Selection,Management / Treatment Selection,1,True,Epidemiology / Prognosis,0.29543522,Evidence / Guideline Lookup,0.26310834,0.032326877,False,0.224842,0.233655,0.132697,0.258387,0.14709,0.263108,0.20819,0.295435,0.248837,-0.012149
Q212,is Salmeterol safe in COPD with anaemia,EN,is medicine safe in disease with anaemia,12,Safety / Contraindication,0.8957231,Efficacy / Outcomes,0.024162287,0.8715608,0.08957937,0.25919393,0.6512267,Safety / Contraindication,Safety / Contraindication,1,True,Pharmacotherapy,0.35071862,Epidemiology / Prognosis,0.30502385,0.04569477,False,0.275861,0.268513,0.203252,0.25513,0.350719,0.276722,0.202828,0.305024,0.217031,0.096022
Q213,prophylaxis Hypertension Amlodipine kapan bisa dihentikan,MIXED,prophylaxis disease medicine kapan bisa dihentikan,0,Prophylaxis / Maintenance,0.98110205,Dosing / Administration,0.0068763373,0.9742257,0.0927259,0.65266055,0.2546135,Prophylaxis / Maintenance,Prophylaxis / Maintenance,1,True,Epidemiology / Prognosis,0.40883318,Management / Treatment,0.38686827,0.021964908,False,0.386868,0.348267,0.242204,0.299433,0.355644,0.374215,0.344953,0.408833,0.306948,0.042691
Q214,Clozapine hepatic impairment dose in Schizophrenia,EN,medicine hepatic impairment dose in disease,3,Dosing / Administration,0.9290329,Safety / Contraindication,0.028950522,0.9000824,0.23898493,0.3060625,0.45495266,Dosing / Administration,Dosing / Administration,1,True,Pharmacotherapy,0.32883036,Evidence / Guideline Lookup,0.26495534,0.06387502,False,0.197985,0.202103,0.118141,0.204014,0.32883,0.264955,0.15193,0.25321,0.206036,-0.02566
Q215,Ferrous sulphate drug interaction with Erythropoietin in Iron Deficiency Anaemia,EN,medicine drug interaction with medicine in disease,0,Interaction / Combination,0.96815825,Management / Treatment Selection,0.011496757,0.95666146,0.056410003,0.12776594,0.81582403,Interaction / Combination,Interaction / Combination,1,True,Pharmacotherapy,0.57278866,Patient Communication / Education,0.31114024,0.26164842,False,0.306634,0.235826,0.176833,0.291503,0.572789,0.259075,0.303478,0.284987,0.31114,0.037864
Q216,Hyperthyroidism guideline update 2024 summary,EN,disease guideline update 2024 summary,0,Guideline / Evidence Lookup,0.88576233,Management / Treatment Selection,0.049776744,0.8359856,0.37271202,0.26425123,0.3630367,Guideline / Evidence Lookup,Guideline / Evidence Lookup,1,True,Evidence / Guideline Lookup,0.5300192,Epidemiology / Prognosis,0.4475094,0.082509816,False,0.351532,0.420524,0.339597,0.424397,0.330987,0.530019,0.242394,0.447509,0.340079,0.134393
Q217,algoritma terapi Heart Failure step up,ID,algoritma terapi disease step up,11,Management / Treatment Selection,0.984469,Guideline / Evidence Lookup,0.008368756,0.97610027,0.0488273,0.14333789,0.8078348,Management / Treatment Selection,Management / Treatment Selection,1,True,Management / Treatment,0.3736121,Pharmacotherapy,0.2844178,0.0891943,False,0.373612,0.242224,0.225396,0.244146,0.284418,0.265559,0.242228,0.267169,0.255031,0.158703
Q218,kapan mulai terapi Methimazole pada Hyperthyroidism,ID,kapan mulai terapi medicine pada disease,0,Management / Treatment Selection,0.9812088,Guideline / Evidence Lookup,0.009835744,0.9713731,0.025013724,0.12852103,0.8464653,Management / Treatment Selection,Management / Treatment Selection,1,True,Management / Treatment,0.52135503,Procedures / Techniques,0.48233718,0.039017856,False,0.521355,0.332444,0.329157,0.421322,0.443465,0.468114,0.482337,0.464131,0.406137,0.057801
Q219,Diabetes Insipidus dengan diabetes pilihan drug terbaik,MIXED,disease dengan diabetes pilihan drug terbaik,2,Management / Treatment Selection,0.9922964,Guideline / Evidence Lookup,0.004435505,0.9878609,0.02431116,0.090095766,0.8855931,Management / Treatment Selection,Management / Treatment Selection,1,True,Pharmacotherapy,0.46646628,Management / Treatment,0.3363942,0.13007209,False,0.336394,0.24483,0.182484,0.197072,0.466466,0.308175,0.201398,0.287713,0.199521,0.06951
Q220,dosis titrasi Nivolumab Colorectal Cancer toleransi pasien,MIXED,dosis titrasi medicine disease toleransi pasien,5,Dosing / Administration,0.91047275,Safety / Contraindication,0.041970864,0.8685019,0.11794164,0.30305544,0.5790029,Dosing / Administration,Dosing / Administration,1,True,Epidemiology / Prognosis,0.39480203,Pharmacotherapy,0.3898939,0.0049081445,False,0.349012,0.325368,0.193371,0.275941,0.389894,0.343839,0.283977,0.394802,0.315215,-0.001069
Q221,Chronic Lymphocytic Leukaemia risk stratification approach,EN,disease risk stratification approach,9,Monitoring / Response / Risk Assessment,0.98009765,Safety / Contraindication,0.007012265,0.9730854,0.1537722,0.15504873,0.69117904,Monitoring / Response / Risk Assessment,Monitoring / Response / Risk Assessment,1,True,Epidemiology / Prognosis,0.41271687,Diagnosis / Differential Diagnosis,0.3868887,0.025828153,False,0.324219,0.386889,0.253353,0.288347,0.271104,0.282816,0.162188,0.412717,0.32964,0.106946
Q222,MDR Tuberculosis with heart failure first line drug,EN,disease with heart failure first line drug,7,Management / Treatment Selection,0.97614527,Guideline / Evidence Lookup,0.018485148,0.95766014,0.03195738,0.1407747,0.82726794,Management / Treatment Selection,Management / Treatment Selection,1,True,Evidence / Guideline Lookup,0.35619813,Management / Treatment,0.33173886,0.024459273,False,0.331739,0.306721,0.124846,0.223938,0.305437,0.356198,0.189046,0.312486,0.235566,0.034772
Q223,Rivaroxaban efficacy pada Community-acquired Pneumonia clinical outcome data,MIXED,medicine efficacy pada disease clinical outcome data,0,Efficacy / Outcomes,0.985386,Safety / Contraindication,0.007339046,0.97804695,0.25569043,0.34933466,0.39497498,Efficacy / Outcomes,Efficacy / Outcomes,1,True,Epidemiology / Prognosis,0.5372452,Pharmacotherapy,0.53344434,0.003800869,False,0.482681,0.432297,0.295658,0.447422,0.533444,0.509802,0.453467,0.537245,0.427836,0.10155
Q224,Losartan hepatic impairment dose in Hypertension,EN,medicine hepatic impairment dose in disease,3,Dosing / Administration,0.9290329,Safety / Contraindication,0.028950522,0.9000824,0.23898493,0.3060625,0.45495266,Dosing / Administration,Dosing / Administration,1,True,Pharmacotherapy,0.32883036,Evidence / Guideline Lookup,0.26495534,0.06387502,False,0.197985,0.202103,0.118141,0.204014,0.32883,0.264955,0.15193,0.25321,0.206036,-0.02566
Q225,Psoriasis dengan elderly patients pilihan drug terbaik,MIXED,disease dengan elderly patients pilihan drug terbaik,8,Management / Treatment Selection,0.9921794,Guideline / Evidence Lookup,0.0045183976,0.987661,0.028620584,0.08969783,0.8816816,Management / Treatment Selection,Management / Treatment Selection,1,True,Pharmacotherapy,0.48823145,Evidence / Guideline Lookup,0.38490242,0.10332903,False,0.360294,0.238588,0.188814,0.241513,0.488231,0.384902,0.270913,0.381783,0.314755,0.087323
Q226,target Gout sudah tercapai kapan maintenance Secukinumab,MIXED,target disease sudah tercapai kapan maintenance medicine,0,Prophylaxis / Maintenance,0.9632334,Dosing / Administration,0.010901309,0.9523321,0.12038701,0.5232157,0.35639727,Prophylaxis / Maintenance,Prophylaxis / Maintenance,1,True,Management / Treatment,0.44102842,Test / Clinical Data Interpretation,0.43430948,0.0067189336,False,0.441028,0.414882,0.39689,0.434309,0.415767,0.3698,0.318194,0.421415,0.377205,0.141514
Q227,Spironolactone contraindication in Heart Failure with hypertension,EN,medicine contraindication in disease with hypertension,1,Dosing / Administration,0.40195975,Safety / Contraindication,0.39956948,0.0023902655,0.06935967,0.3404967,0.5901436,Safety / Contraindication,Safety / Contraindication,1,True,Evidence / Guideline Lookup,0.40671644,Epidemiology / Prognosis,0.33017316,0.07654327,False,0.326589,0.235629,0.115651,0.223868,0.330079,0.406716,0.307082,0.330173,0.295584,0.030778
Q228,is Aspirin safe in Ischaemic Stroke with diabetes,EN,is medicine safe in disease with diabetes,2,Safety / Contraindication,0.8976659,Efficacy / Outcomes,0.02269203,0.8749739,0.060788386,0.26739064,0.671821,Safety / Contraindication,Safety / Contraindication,1,True,Pharmacotherapy,0.39370006,Epidemiology / Prognosis,0.2985028,0.09519726,False,0.277802,0.223578,0.133978,0.200423,0.3937,0.282833,0.202543,0.298503,0.23963,0.038049
Q229,Hyperthyroidism treatment algorithm Antithyroid agents first line,EN,disease treatment algorithm drugclass first line,6,Management / Treatment Selection,0.9139531,Guideline / Evidence Lookup,0.07021824,0.84373486,0.036884844,0.17585123,0.78726393,Management / Treatment Selection,Management / Treatment Selection,1,True,Pharmacotherapy,0.5402144,Management / Treatment,0.5134928,0.026721597,False,0.513493,0.295708,0.342317,0.281455,0.540214,0.337696,0.34342,0.350368,0.35834,0.154298
Q230,Cyclosporine contraindication in Disseminated Intravascular Coagulation with immunocompromised,EN,medicine contraindication in disease with immunocompromised,0,Safety / Contraindication,0.40720198,Dosing / Administration,0.3927858,0.014416188,0.072514705,0.33934236,0.58814293,Safety / Contraindication,Safety / Contraindication,1,True,Epidemiology / Prognosis,0.35477117,Pharmacotherapy,0.33268595,0.02208522,False,0.313979,0.286361,0.230788,0.306007,0.332686,0.282742,0.251594,0.354771,0.2724,0.007691
Q231,kombinasi Piperacillin-tazobactam dan Norepinephrine pada Sepsis aman atau tidak,MIXED,kombinasi medicine dan medicine pada disease aman atau tidak,0,Interaction / Combination,0.9430835,Safety / Contraindication,0.027149757,0.9159338,0.055518784,0.17306238,0.7714188,Interaction / Combination,Interaction / Combination; Safety / Contraindication,2,True,Pharmacotherapy,0.5262046,Epidemiology / Prognosis,0.47412813,0.05207646,False,0.441305,0.374096,0.314286,0.374025,0.526205,0.396766,0.377754,0.474128,0.394969,0.158756
Q232,Prednisolone side effect pada pasien Rheumatoid Arthritis apa saja,MIXED,medicine side effect pada pasien disease apa saja,0,Safety / Contraindication,0.41915825,Dosing / Administration,0.3823942,0.036764055,0.075281054,0.3383302,0.5863887,Safety / Contraindication,Safety / Contraindication,1,True,Pharmacotherapy,0.49910206,Epidemiology / Prognosis,0.49503168,0.0040703714,False,0.414928,0.405403,0.18851,0.352944,0.499102,0.404142,0.329019,0.495032,0.438269,0.01451
Q233,kontraindikasi Budesonide pada Asthma dengan COPD,MIXED,kontraindikasi medicine pada disease dengan copd,4,Safety / Contraindication,0.84237653,Dosing / Administration,0.026793176,0.81558335,0.13850378,0.26167768,0.59981847,Safety / Contraindication,Safety / Contraindication,1,True,Diagnosis / Differential Diagnosis,0.39096862,Pharmacotherapy,0.38294923,0.008019388,False,0.311183,0.390969,0.191963,0.369492,0.382949,0.359212,0.275066,0.370041,0.307877,-0.013851
Q234,PD-1 inhibitors mechanism untuk Non-Small Cell Lung Cancer bagaimana cara kerjanya,MIXED,drugclass mechanism untuk disease bagaimana cara kerjanya,6,Mechanism / Background Knowledge,0.96171975,Prophylaxis / Maintenance,0.009412251,0.9523075,0.15438461,0.42697334,0.418642,Mechanism / Background Knowledge,Mechanism / Background Knowledge,1,True,Pharmacotherapy,0.48622504,Test / Clinical Data Interpretation,0.29653132,0.18969372,False,0.286505,0.268812,0.208812,0.296531,0.486225,0.202821,0.183406,0.261964,0.28767,0.082469
Q235,Artemether-lumefantrine vs Artemether-lumefantrine untuk Typhoid Fever,ID,medicine vs medicine untuk disease,0,Comparative Treatment Choice,0.98687124,Safety / Contraindication,0.004795867,0.9820754,0.021655308,0.85083866,0.12750602,Comparative Treatment Choice,Comparative Treatment Choice,1,True,Pharmacotherapy,0.43699035,Management / Treatment,0.38943315,0.047557205,False,0.389433,0.273161,0.279578,0.352282,0.43699,0.249742,0.330145,0.372411,0.386755,0.134663
Q236,biomarkers Chronic Myeloid Leukaemia treatment response Imatinib,EN,biomarkers disease treatment response medicine,0,Safety / Contraindication,0.41025126,Dosing / Administration,0.38823476,0.022016495,0.08477539,0.33485648,0.5803681,Monitoring / Response / Risk Assessment,Monitoring / Response / Risk Assessment,1,True,Evidence / Guideline Lookup,0.42787552,Epidemiology / Prognosis,0.4103276,0.017547905,False,0.400153,0.384197,0.243361,0.368582,0.386112,0.427876,0.314677,0.410328,0.357468,0.015107
Q237,monitoring BCR-ABL inhibitors pada Chronic Myeloid Leukaemia parameter apa,MIXED,monitoring drugclass pada disease parameter apa,6,Monitoring / Response / Risk Assessment,0.97772866,Safety / Contraindication,0.009149787,0.9685789,0.09599276,0.13766247,0.7663448,Monitoring / Response / Risk Assessment,Monitoring / Response / Risk Assessment,1,True,Pharmacotherapy,0.659453,Diagnosis / Differential Diagnosis,0.48401013,0.17544284,False,0.44704,0.48401,0.412973,0.437754,0.659453,0.413069,0.315688,0.455548,0.381279,0.184289
Q238,Basal insulins in pregnancy and Type 1 Diabetes Mellitus,EN,drugclass in pregnancy and disease,14,Safety / Contraindication,0.73063,Efficacy / Outcomes,0.05275428,0.6778757,0.21928418,0.19392462,0.5867912,Safety / Contraindication,Safety / Contraindication,1,True,Pharmacotherapy,0.43012902,Epidemiology / Prognosis,0.24261546,0.18751356,False,0.237437,0.152368,0.091062,0.183811,0.430129,0.22596,0.210254,0.242615,0.173574,0.061209
Q239,Ramipril pada pasien elderly Hypertension apa perlu adjustment,MIXED,medicine pada pasien elderly disease apa perlu adjustment,8,Dosing / Administration,0.92477244,Safety / Contraindication,0.034303326,0.89046913,0.09765041,0.3836799,0.51866966,Dosing / Administration,Dosing / Administration,1,True,Management / Treatment,0.4471611,Patient Communication / Education,0.43528968,0.011871427,False,0.447161,0.201959,0.203671,0.27731,0.417105,0.420793,0.425101,0.387648,0.43529,0.049074
Q240,Antituberculotics terbaru untuk Tuberculosis 2024,MIXED,drugclass terbaru untuk disease 2024,6,Guideline / Evidence Lookup,0.8966595,Management / Treatment Selection,0.049582694,0.8470768,0.08730637,0.4494459,0.4632478,Guideline / Evidence Lookup,Guideline / Evidence Lookup,1,True,Pharmacotherapy,0.51074415,Evidence / Guideline Lookup,0.43501878,0.07572538,False,0.324825,0.30596,0.30808,0.362859,0.510744,0.435019,0.25411,0.403213,0.283246,0.107759
Q241,dosis Dupilumab untuk pasien Psoriasis,ID,dosis medicine untuk pasien disease,10,Dosing / Administration,0.93178225,Safety / Contraindication,0.028436065,0.9033462,0.087837555,0.3468386,0.56532377,Dosing / Administration,Dosing / Administration,1,True,Pharmacotherapy,0.4773904,Epidemiology / Prognosis,0.3711667,0.1062237,False,0.337772,0.265517,0.224131,0.304987,0.47739,0.362375,0.330342,0.371167,0.288422,-0.021122
Q242,penanganan Type 2 Diabetes Mellitus di ICU panduan 2023,ID,penanganan disease di icu panduan 2023,0,Guideline / Evidence Lookup,0.91573614,Management / Treatment Selection,0.034959402,0.88077676,0.16302583,0.42776036,0.40921387,Guideline / Evidence Lookup,Guideline / Evidence Lookup; Management / Treatment Selection,2,True,Epidemiology / Prognosis,0.54630053,Evidence / Guideline Lookup,0.51258165,0.033718884,False,0.503876,0.415285,0.404702,0.429611,0.399029,0.512582,0.397895,0.5463,0.428849,0.146676
Q243,Mycophenolate mofetil dosing in Rheumatoid Arthritis with diabetes,EN,medicine dosing in disease with diabetes,2,Dosing / Administration,0.41855136,Safety / Contraindication,0.38959992,0.028951436,0.06273669,0.3429199,0.5943434,Dosing / Administration,Dosing / Administration,1,True,Pharmacotherapy,0.42001474,Evidence / Guideline Lookup,0.29160863,0.1284061,False,0.239934,0.18076,0.112034,0.197417,0.420015,0.291609,0.207703,0.253892,0.163735,-0.071009
Q244,Semaglutide vs Liraglutide untuk Obesity,ID,medicine vs medicine untuk disease,0,Comparative Treatment Choice,0.98687124,Safety / Contraindication,0.004795867,0.9820754,0.021655308,0.85083866,0.12750602,Comparative Treatment Choice,Comparative Treatment Choice,1,True,Pharmacotherapy,0.43699035,Management / Treatment,0.38943315,0.047557205,False,0.389433,0.273161,0.279578,0.352282,0.43699,0.249742,0.330145,0.372411,0.386755,0.134663
Q245,kapan mulai terapi Pembrolizumab pada Non-Small Cell Lung Cancer,ID,kapan mulai terapi medicine pada disease,0,Management / Treatment Selection,0.9812088,Guideline / Evidence Lookup,0.009835744,0.9713731,0.02501373,0.12852103,0.8464653,Management / Treatment Selection,Management / Treatment Selection,1,True,Management / Treatment,0.5213549,Procedures / Techniques,0.4823371,0.039017826,False,0.521355,0.332444,0.329157,0.421322,0.443465,0.468114,0.482337,0.464131,0.406137,0.057801
Q246,add on therapy Urinary Tract Infection after Tenofovir+Lamivudine failure,EN,add on therapy disease after medicine failure,0,Treatment Change / Escalation,0.99019414,Dosing / Administration,0.0041230964,0.98607105,0.063120574,0.26901764,0.6678618,Treatment Change / Escalation,Treatment Change / Escalation,1,True,Management / Treatment,0.5005618,Diagnosis / Differential Diagnosis,0.45402893,0.04653284,False,0.500562,0.454029,0.273193,0.374329,0.345319,0.422058,0.39688,0.446749,0.452204,0.084918
Q247,resistensi Aspirin pada Ischaemic Stroke alternatif Alteplase,ID,resistensi medicine pada disease alternatif medicine,0,Treatment Change / Escalation,0.93789786,Dosing / Administration,0.030666366,0.9072315,0.051295042,0.22648612,0.7222189,Treatment Change / Escalation,Treatment Change / Escalation,1,True,Pharmacotherapy,0.41444623,Epidemiology / Prognosis,0.35917714,0.055269092,False,0.326603,0.277037,0.207236,0.322361,0.414446,0.347899,0.305079,0.359177,0.301297,0.09555
Q248,Type 1 Diabetes Mellitus first line Basal insulins evidence based,MIXED,disease first line drugclass evidence based,6,Guideline / Evidence Lookup,0.7298272,Management / Treatment Selection,0.24125436,0.48857287,0.13691023,0.1882803,0.67480946,Guideline / Evidence Lookup,Guideline / Evidence Lookup; Management / Treatment Selection,2,True,Pharmacotherapy,0.533338,Evidence / Guideline Lookup,0.44116023,0.09217778,False,0.401374,0.407281,0.351618,0.35421,0.533338,0.44116,0.218159,0.367855,0.289911,0.190495
Q249,Sitagliptin pada pasien elderly Type 2 Diabetes Mellitus apa perlu adjustment,MIXED,medicine pada pasien elderly disease apa perlu adjustment,8,Dosing / Administration,0.92477244,Safety / Contraindication,0.034303326,0.89046913,0.09765041,0.3836799,0.51866966,Dosing / Administration,Dosing / Administration,1,True,Management / Treatment,0.4471611,Patient Communication / Education,0.43528968,0.011871427,False,0.447161,0.201959,0.203671,0.27731,0.417105,0.420793,0.425101,0.387648,0.43529,0.049074
Q250,efek samping Vitamin K antagonists pada Atrial Fibrillation,ID,efek samping drugclass pada disease,0,Monitoring / Response / Risk Assessment,0.58801824,Mechanism / Background Knowledge,0.12828833,0.4597299,0.054819994,0.24465396,0.7005261,Safety / Contraindication,Safety / Contraindication,1,True,Pharmacotherapy,0.5257207,Epidemiology / Prognosis,0.3841007,0.14162001,False,0.275169,0.329945,0.156137,0.279362,0.525721,0.321147,0.155681,0.384101,0.297013,0.044336
Q251,Bipolar Disorder risk stratification approach,EN,disease risk stratification approach,9,Monitoring / Response / Risk Assessment,0.98009765,Safety / Contraindication,0.007012265,0.9730854,0.1537722,0.15504873,0.69117904,Monitoring / Response / Risk Assessment,Monitoring / Response / Risk Assessment,1,True,Epidemiology / Prognosis,0.41271687,Diagnosis / Differential Diagnosis,0.3868887,0.025828153,False,0.324219,0.386889,0.253353,0.288347,0.271104,0.282816,0.162188,0.412717,0.32964,0.106946
Q252,latest guideline Major Depressive Disorder management 2022,MIXED,latest guideline disease management 2022,0,Guideline / Evidence Lookup,0.9247701,Management / Treatment Selection,0.04111006,0.8836601,0.23626325,0.25428602,0.5094507,Guideline / Evidence Lookup,Guideline / Evidence Lookup,1,True,Management / Treatment,0.53104615,Evidence / Guideline Lookup,0.5255281,0.005518079,False,0.531046,0.429106,0.374715,0.418631,0.38231,0.525528,0.389322,0.502853,0.411516,0.157247
Q253,Imatinib side effect pada pasien Chronic Myeloid Leukaemia apa saja,MIXED,medicine side effect pada pasien disease apa saja,0,Safety / Contraindication,0.41915825,Dosing / Administration,0.3823942,0.036764055,0.075281054,0.3383302,0.5863887,Safety / Contraindication,Safety / Contraindication,1,True,Pharmacotherapy,0.49910206,Epidemiology / Prognosis,0.49503168,0.0040703714,False,0.414928,0.405403,0.18851,0.352944,0.499102,0.404142,0.329019,0.495032,0.438269,0.01451
Q254,NRTIs combination role in Urinary Tract Infection pathophysiology,EN,drugclass role in disease pathophysiology,6,Mechanism / Background Knowledge,0.9630916,Prophylaxis / Maintenance,0.009283573,0.953808,0.16779414,0.41705677,0.4151491,Mechanism / Background Knowledge,Mechanism / Background Knowledge,1,True,Pharmacotherapy,0.50907475,Diagnosis / Differential Diagnosis,0.39074355,0.118331194,False,0.321668,0.390744,0.259506,0.366749,0.509075,0.306616,0.198685,0.341589,0.297963,0.127923
Q255,kontraindikasi Salmeterol pada Asthma dengan immunocompromised,MIXED,kontraindikasi medicine pada disease dengan immunocompromised,0,Safety / Contraindication,0.8615675,Dosing / Administration,0.032312725,0.82925475,0.056854025,0.28647864,0.65666735,Safety / Contraindication,Safety / Contraindication,1,True,Diagnosis / Differential Diagnosis,0.4225659,Epidemiology / Prognosis,0.41732895,0.0052369535,False,0.363511,0.422566,0.277925,0.384255,0.399742,0.350616,0.261287,0.417329,0.325819,0.055936
Q256,Antituberculotics role in MDR Tuberculosis pathophysiology,EN,drugclass role in disease pathophysiology,6,Mechanism / Background Knowledge,0.9630916,Prophylaxis / Maintenance,0.009283573,0.953808,0.16779414,0.41705677,0.4151491,Mechanism / Background Knowledge,Mechanism / Background Knowledge,1,True,Pharmacotherapy,0.50907475,Diagnosis / Differential Diagnosis,0.39074355,0.118331194,False,0.321668,0.390744,0.259506,0.366749,0.509075,0.306616,0.198685,0.341589,0.297963,0.127923
Q257,switch from Imatinib to Imatinib in Chronic Myeloid Leukaemia,EN,switch from medicine to medicine in disease,0,Treatment Change / Escalation,0.9863862,Dosing / Administration,0.006705008,0.9796812,0.03939372,0.30122343,0.6593829,Treatment Change / Escalation,Treatment Change / Escalation,1,True,Management / Treatment,0.42528063,Pharmacotherapy,0.4076186,0.017662019,False,0.425281,0.240374,0.272614,0.373262,0.407619,0.346428,0.401849,0.330152,0.349958,0.072468
Q258,when to start Alteplase in Ischaemic Stroke,EN,when to start medicine in disease,0,Management / Treatment Selection,0.9559435,Interaction / Combination,0.01427071,0.9416728,0.02353667,0.07813453,0.89832884,Management / Treatment Selection,Management / Treatment Selection,1,True,Management / Treatment,0.49333054,Pharmacotherapy,0.42713398,0.06619656,False,0.493331,0.264366,0.317885,0.349373,0.427134,0.386254,0.417558,0.396777,0.307661,0.070351
Q259,monitoring Atypical antipsychotics pada Schizophrenia parameter apa,MIXED,monitoring drugclass pada disease parameter apa,6,Monitoring / Response / Risk Assessment,0.97772866,Safety / Contraindication,0.009149787,0.9685789,0.09599276,0.13766247,0.7663448,Monitoring / Response / Risk Assessment,Monitoring / Response / Risk Assessment,1,True,Pharmacotherapy,0.659453,Diagnosis / Differential Diagnosis,0.48401013,0.17544284,False,0.44704,0.48401,0.412973,0.437754,0.659453,0.413069,0.315688,0.455548,0.381279,0.184289
Q260,terapi profilaksis Schizophrenia dengan Risperidone,ID,terapi profilaksis disease dengan medicine,0,Prophylaxis / Maintenance,0.97614247,Dosing / Administration,0.008312286,0.9678302,0.056691796,0.58971846,0.3535897,Prophylaxis / Maintenance,Prophylaxis / Maintenance,1,True,Management / Treatment,0.4606164,Procedures / Techniques,0.43000045,0.030615956,False,0.460616,0.251048,0.1787,0.229905,0.414917,0.392896,0.43,0.39489,0.388076,0.015938
Q261,Penicillins role in HIV/AIDS pathophysiology,EN,drugclass role in disease pathophysiology,6,Mechanism / Background Knowledge,0.9630916,Prophylaxis / Maintenance,0.009283573,0.953808,0.16779414,0.41705677,0.4151491,Mechanism / Background Knowledge,Mechanism / Background Knowledge,1,True,Pharmacotherapy,0.50907475,Diagnosis / Differential Diagnosis,0.39074355,0.118331194,False,0.321668,0.390744,0.259506,0.366749,0.509075,0.306616,0.198685,0.341589,0.297963,0.127923
Q262,kombinasi Piperacillin-tazobactam dan Meropenem pada Sepsis aman atau tidak,MIXED,kombinasi medicine dan medicine pada disease aman atau tidak,0,Interaction / Combination,0.9430835,Safety / Contraindication,0.027149757,0.9159338,0.055518784,0.17306238,0.7714188,Interaction / Combination,Interaction / Combination; Safety / Contraindication,2,True,Pharmacotherapy,0.5262046,Epidemiology / Prognosis,0.47412813,0.05207646,False,0.441305,0.374096,0.314286,0.374025,0.526205,0.396766,0.377754,0.474128,0.394969,0.158756
Q263,titration protocol Levothyroxine in Hypothyroidism,EN,titration protocol medicine in disease,5,Dosing / Administration,0.37508363,Safety / Contraindication,0.27289736,0.10218626,0.07496158,0.2319428,0.69309556,Dosing / Administration,Dosing / Administration,1,True,Procedures / Techniques,0.38592738,Management / Treatment,0.38342407,0.0025033057,False,0.383424,0.216584,0.21026,0.271932,0.345126,0.329211,0.385927,0.340985,0.312514,0.050287
Q264,dosis Levothyroxine untuk pasien Hypothyroidism,ID,dosis medicine untuk pasien disease,10,Dosing / Administration,0.93178225,Safety / Contraindication,0.028436065,0.9033462,0.087837555,0.3468386,0.56532377,Dosing / Administration,Dosing / Administration,1,True,Pharmacotherapy,0.4773904,Epidemiology / Prognosis,0.3711667,0.1062237,False,0.337772,0.265517,0.224131,0.304987,0.47739,0.362375,0.330342,0.371167,0.288422,-0.021122
Q265,renal dose adjustment Allopurinol in Psoriatic Arthritis,EN,renal dose adjustment medicine in disease,1,Dosing / Administration,0.9370421,Safety / Contraindication,0.02476116,0.912281,0.11514645,0.30007026,0.58478326,Dosing / Administration,Dosing / Administration,1,True,Pharmacotherapy,0.36038262,Evidence / Guideline Lookup,0.29834503,0.062037587,False,0.24936,0.149486,0.173452,0.241743,0.360383,0.298345,0.2658,0.261541,0.248634,-0.074709
Q266,monitoring terapi Artemether-lumefantrine pada Typhoid Fever,ID,monitoring terapi medicine pada disease,6,Monitoring / Response / Risk Assessment,0.9323255,Management / Treatment Selection,0.02334587,0.9089796,0.024235934,0.07558217,0.9001819,Monitoring / Response / Risk Assessment,Monitoring / Response / Risk Assessment,1,True,Pharmacotherapy,0.5618754,Management / Treatment,0.5441389,0.017736495,False,0.544139,0.440887,0.368271,0.442302,0.561875,0.471306,0.51239,0.474312,0.487222,0.101224
Q267,Adalimumab side effect pada pasien Gout apa saja,MIXED,medicine side effect pada pasien disease apa saja,0,Safety / Contraindication,0.41915825,Dosing / Administration,0.3823942,0.036764055,0.075281054,0.3383302,0.5863887,Safety / Contraindication,Safety / Contraindication,1,True,Pharmacotherapy,0.49910206,Epidemiology / Prognosis,0.49503168,0.0040703714,False,0.414928,0.405403,0.18851,0.352944,0.499102,0.404142,0.329019,0.495032,0.438269,0.01451
Q268,Beta blockers non-selective mechanism of action in Hypertension in Pregnancy,EN,drugclass mechanism of action in disease,6,Mechanism / Background Knowledge,0.9610921,Prophylaxis / Maintenance,0.008825004,0.9522671,0.14974125,0.42445755,0.4258012,Mechanism / Background Knowledge,Mechanism / Background Knowledge,1,True,Pharmacotherapy,0.47425747,Management / Treatment,0.2661301,0.20812738,False,0.26613,0.222665,0.163268,0.215239,0.474257,0.175935,0.149279,0.216707,0.245986,0.053999
Q269,Sertraline efficacy pada Major Depressive Disorder clinical outcome data,MIXED,medicine efficacy pada disease clinical outcome data,0,Efficacy / Outcomes,0.985386,Safety / Contraindication,0.007339046,0.97804695,0.25569043,0.34933466,0.39497498,Efficacy / Outcomes,Efficacy / Outcomes,1,True,Epidemiology / Prognosis,0.5372452,Pharmacotherapy,0.53344434,0.003800869,False,0.482681,0.432297,0.295658,0.447422,0.533444,0.509802,0.453467,0.537245,0.427836,0.10155
Q270,Bedaquiline pada pasien elderly MDR Tuberculosis apa perlu adjustment,MIXED,medicine pada pasien elderly disease apa perlu adjustment,8,Dosing / Administration,0.92477244,Safety / Contraindication,0.034303326,0.89046913,0.09765041,0.3836799,0.51866966,Dosing / Administration,Dosing / Administration,1,True,Management / Treatment,0.4471611,Patient Communication / Education,0.43528968,0.011871427,False,0.447161,0.201959,0.203671,0.27731,0.417105,0.420793,0.425101,0.387648,0.43529,0.049074
Q271,switch dari Alteplase ke Aspirin Ischaemic Stroke progresif,MIXED,switch dari medicine ke medicine disease progresif,0,Treatment Change / Escalation,0.99218833,Dosing / Administration,0.0035329384,0.9886554,0.049029365,0.3188914,0.63207924,Treatment Change / Escalation,Treatment Change / Escalation,1,True,Management / Treatment,0.3716695,Procedures / Techniques,0.34782794,0.02384156,False,0.37167,0.226748,0.234984,0.337939,0.327019,0.341015,0.347828,0.315691,0.32162,0.022536
Q272,CNS stimulants role in Breast Cancer HER2-positive pathophysiology,EN,drugclass role in disease pathophysiology,6,Mechanism / Background Knowledge,0.9630916,Prophylaxis / Maintenance,0.009283573,0.953808,0.16779414,0.41705677,0.4151491,Mechanism / Background Knowledge,Mechanism / Background Knowledge,1,True,Pharmacotherapy,0.50907475,Diagnosis / Differential Diagnosis,0.39074355,0.118331194,False,0.321668,0.390744,0.259506,0.366749,0.509075,0.306616,0.198685,0.341589,0.297963,0.127923
Q273,Calcium channel blockers terbaru untuk Acute Coronary Syndrome 2025,MIXED,drugclass terbaru untuk disease 2025,6,Guideline / Evidence Lookup,0.8998918,Management / Treatment Selection,0.04795912,0.85193264,0.085921586,0.452322,0.46175644,Guideline / Evidence Lookup,Guideline / Evidence Lookup,1,True,Pharmacotherapy,0.52474326,Evidence / Guideline Lookup,0.44288886,0.0818544,False,0.352629,0.301152,0.334824,0.367458,0.524743,0.442889,0.275122,0.407953,0.289927,0.117407
Q274,resistensi Alendronate pada Osteoporosis alternatif Alendronate,ID,resistensi medicine pada disease alternatif medicine,0,Treatment Change / Escalation,0.93789786,Dosing / Administration,0.030666366,0.9072315,0.051295042,0.22648612,0.7222189,Treatment Change / Escalation,Treatment Change / Escalation,1,True,Pharmacotherapy,0.41444623,Epidemiology / Prognosis,0.35917714,0.055269092,False,0.326603,0.277037,0.207236,0.322361,0.414446,0.347899,0.305079,0.359177,0.301297,0.09555
Q275,obat MDR Tuberculosis lini pertama Antituberculotics,ID,obat disease lini pertama drugclass,6,Management / Treatment Selection,0.33077404,Interaction / Combination,0.32089895,0.009875089,0.080650195,0.18073949,0.73861027,Management / Treatment Selection,Management / Treatment Selection,1,True,Pharmacotherapy,0.56257313,Management / Treatment,0.33475804,0.22781509,False,0.334758,0.232899,0.240251,0.284723,0.562573,0.322557,0.239786,0.27486,0.215046,0.094917
Q276,monitoring parameters Atorvastatin in Acute Coronary Syndrome,EN,monitoring parameters medicine in disease,6,Monitoring / Response / Risk Assessment,0.9854785,Safety / Contraindication,0.006436455,0.97904205,0.06933048,0.14198625,0.7886833,Monitoring / Response / Risk Assessment,Monitoring / Response / Risk Assessment,1,True,Pharmacotherapy,0.5805537,Diagnosis / Differential Diagnosis,0.5125228,0.068030894,False,0.509286,0.512523,0.450211,0.511347,0.580554,0.440554,0.447351,0.496787,0.459461,0.158099
Q277,Amoxicillin hepatic impairment dose in HIV/AIDS,EN,medicine hepatic impairment dose in disease,3,Dosing / Administration,0.9290329,Safety / Contraindication,0.028950522,0.9000824,0.23898493,0.3060625,0.45495266,Dosing / Administration,Dosing / Administration,1,True,Pharmacotherapy,0.32883036,Evidence / Guideline Lookup,0.26495534,0.06387502,False,0.197985,0.202103,0.118141,0.204014,0.32883,0.264955,0.15193,0.25321,0.206036,-0.02566
Q278,add on Furosemide setelah Furosemide gagal Nephrotic Syndrome,MIXED,add on medicine setelah medicine gagal disease,0,Treatment Change / Escalation,0.99029225,Dosing / Administration,0.0043945983,0.98589766,0.046095613,0.3221867,0.63171774,Treatment Change / Escalation,Treatment Change / Escalation,1,True,Management / Treatment,0.48695514,Procedures / Techniques,0.43216544,0.054789692,False,0.486955,0.365138,0.298429,0.376707,0.418626,0.375679,0.432165,0.401876,0.404557,0.071249
Q279,prophylaxis MDR Tuberculosis Bedaquiline kapan bisa dihentikan,MIXED,prophylaxis disease medicine kapan bisa dihentikan,0,Prophylaxis / Maintenance,0.98110205,Dosing / Administration,0.0068763373,0.9742257,0.0927259,0.65266055,0.2546135,Prophylaxis / Maintenance,Prophylaxis / Maintenance,1,True,Epidemiology / Prognosis,0.40883318,Management / Treatment,0.38686827,0.021964908,False,0.386868,0.348267,0.242204,0.299433,0.355644,0.374215,0.344953,0.408833,0.306948,0.042691
Q280,algoritma terapi Malaria step up,ID,algoritma terapi disease step up,11,Management / Treatment Selection,0.984469,Guideline / Evidence Lookup,0.008368756,0.97610027,0.0488273,0.14333789,0.8078348,Management / Treatment Selection,Management / Treatment Selection,1,True,Management / Treatment,0.3736121,Pharmacotherapy,0.2844178,0.0891943,False,0.373612,0.242224,0.225396,0.244146,0.284418,0.265559,0.242228,0.267169,0.255031,0.158703
Q281,NRTIs combination mechanism of action in Urinary Tract Infection,EN,drugclass mechanism of action in disease,6,Mechanism / Background Knowledge,0.9610921,Prophylaxis / Maintenance,0.008824999,0.9522671,0.14974128,0.42445752,0.42580116,Mechanism / Background Knowledge,Mechanism / Background Knowledge,1,True,Pharmacotherapy,0.47425747,Management / Treatment,0.26613,0.20812747,False,0.26613,0.222665,0.163268,0.215239,0.474257,0.175935,0.149279,0.216707,0.245985,0.053999
Q282,Vasopressin analogues kontraindikasi pada Diabetes Insipidus dengan hypertension,ID,drugclass kontraindikasi pada disease dengan hypertension,1,Safety / Contraindication,0.5525787,Guideline / Evidence Lookup,0.079473436,0.47310525,0.07723351,0.32424957,0.5985169,Safety / Contraindication,Safety / Contraindication,1,True,Pharmacotherapy,0.43083078,Evidence / Guideline Lookup,0.40162128,0.029209495,False,0.306945,0.343226,0.145156,0.261752,0.430831,0.401621,0.195869,0.333273,0.280431,0.114051
Q283,monitoring Centrally acting antihypertensives pada Hypertension in Pregnancy parameter apa,MIXED,monitoring drugclass pada disease parameter apa,6,Monitoring / Response / Risk Assessment,0.97772866,Safety / Contraindication,0.009149787,0.9685789,0.09599276,0.13766247,0.7663448,Monitoring / Response / Risk Assessment,Monitoring / Response / Risk Assessment,1,True,Pharmacotherapy,0.659453,Diagnosis / Differential Diagnosis,0.48401013,0.17544284,False,0.44704,0.48401,0.412973,0.437754,0.659453,0.413069,0.315688,0.455548,0.381279,0.184289
Q284,Proton pump inhibitors adverse effects monitoring in Peptic Ulcer Disease,EN,drugclass adverse effects monitoring in disease,6,Monitoring / Response / Risk Assessment,0.890431,Safety / Contraindication,0.05327918,0.8371518,0.15212123,0.14367965,0.70419914,Safety / Contraindication,Safety / Contraindication; Monitoring / Response / Risk Assessment,2,True,Pharmacotherapy,0.6137334,Diagnosis / Differential Diagnosis,0.46670735,0.14702606,False,0.335202,0.466707,0.287495,0.368173,0.613733,0.375557,0.22477,0.414124,0.334353,0.130501
Q285,Olanzapine vs Lithium in Bipolar Disorder patients,EN,medicine vs medicine in disease patients,0,Comparative Treatment Choice,0.98690945,Safety / Contraindication,0.0047784615,0.982131,0.021289317,0.85115695,0.12755372,Comparative Treatment Choice,Comparative Treatment Choice,1,True,Pharmacotherapy,0.5007164,Management / Treatment,0.4636933,0.037023097,False,0.463693,0.343376,0.299476,0.380712,0.500716,0.31922,0.381207,0.425953,0.446629,0.127506
Q286,prophylaxis Urinary Tract Infection Tenofovir+Lamivudine kapan bisa dihentikan,MIXED,prophylaxis disease medicine kapan bisa dihentikan,0,Prophylaxis / Maintenance,0.98110205,Dosing / Administration,0.0068763373,0.9742257,0.0927259,0.65266055,0.2546135,Prophylaxis / Maintenance,Prophylaxis / Maintenance,1,True,Epidemiology / Prognosis,0.40883318,Management / Treatment,0.38686827,0.021964908,False,0.386868,0.348267,0.242204,0.299433,0.355644,0.374215,0.344953,0.408833,0.306948,0.042691
Q287,panduan klinis Epilepsy terbaru,ID,panduan klinis disease terbaru,0,Guideline / Evidence Lookup,0.91655445,Management / Treatment Selection,0.03650859,0.8800459,0.097233236,0.4615992,0.44116762,Guideline / Evidence Lookup,Guideline / Evidence Lookup,1,True,Evidence / Guideline Lookup,0.6158066,Management / Treatment,0.5868623,0.028944254,False,0.586862,0.528321,0.370782,0.541863,0.437197,0.615807,0.545039,0.56875,0.502238,0.130447
Q288,apakah Trastuzumab aman untuk Non-Small Cell Lung Cancer dengan hypertension,ID,apakah medicine aman untuk disease dengan hypertension,1,Safety / Contraindication,0.6357328,Interaction / Combination,0.27355102,0.3621818,0.06671201,0.22107074,0.71221733,Safety / Contraindication,Safety / Contraindication,1,True,Evidence / Guideline Lookup,0.3879628,Pharmacotherapy,0.35279226,0.035170525,False,0.317916,0.230509,0.116485,0.191406,0.352792,0.387963,0.264361,0.330772,0.27485,0.081144
Q289,Apixaban pada ibu hamil dengan Deep Vein Thrombosis,ID,medicine pada ibu hamil dengan disease,14,Safety / Contraindication,0.4391546,Dosing / Administration,0.335014,0.10414061,0.15489729,0.30920076,0.53590196,Safety / Contraindication,Safety / Contraindication,1,True,Procedures / Techniques,0.3559426,Management / Treatment,0.31004274,0.045899868,False,0.310043,0.188095,0.093516,0.218541,0.262597,0.257865,0.355943,0.292583,0.262079,0.012205
Q290,monitoring NRTIs combination pada Urinary Tract Infection parameter apa,MIXED,monitoring drugclass pada disease parameter apa,6,Monitoring / Response / Risk Assessment,0.97772866,Safety / Contraindication,0.009149787,0.9685789,0.09599276,0.13766247,0.7663448,Monitoring / Response / Risk Assessment,Monitoring / Response / Risk Assessment,1,True,Pharmacotherapy,0.659453,Diagnosis / Differential Diagnosis,0.48401013,0.17544284,False,0.44704,0.48401,0.412973,0.437754,0.659453,0.413069,0.315688,0.455548,0.381279,0.184289
Q291,Peptic Ulcer Disease dengan hypertension pilihan terapi,ID,disease dengan hypertension pilihan terapi,1,Management / Treatment Selection,0.9814245,Guideline / Evidence Lookup,0.009684746,0.97173977,0.03338315,0.14605094,0.8205659,Management / Treatment Selection,Management / Treatment Selection,1,True,Management / Treatment,0.41281173,Evidence / Guideline Lookup,0.40712452,0.005687207,False,0.412812,0.326082,0.146677,0.241199,0.288363,0.407125,0.286471,0.377038,0.340556,0.101438
Q292,Amoxicillin vs Amoxicillin efficacy in HIV/AIDS,EN,medicine vs medicine efficacy in disease,0,Comparative Treatment Choice,0.9547989,Safety / Contraindication,0.02149563,0.93330324,0.04129908,0.8265778,0.13212314,Comparative Treatment Choice,Comparative Treatment Choice; Efficacy / Outcomes,2,True,Pharmacotherapy,0.5286352,Management / Treatment,0.43222964,0.096405566,False,0.43223,0.342168,0.306134,0.367672,0.528635,0.329424,0.401019,0.419474,0.39375,0.136194
Q293,resistensi Prednisolone pada Asthma alternatif Azithromycin,ID,resistensi medicine pada disease alternatif medicine,0,Treatment Change / Escalation,0.93789786,Dosing / Administration,0.030666366,0.9072315,0.051295042,0.22648612,0.7222189,Treatment Change / Escalation,Treatment Change / Escalation,1,True,Pharmacotherapy,0.41444623,Epidemiology / Prognosis,0.35917714,0.055269092,False,0.326603,0.277037,0.207236,0.322361,0.414446,0.347899,0.305079,0.359177,0.301297,0.09555
Q294,dosis titrasi Levothyroxine Hyperthyroidism toleransi pasien,MIXED,dosis titrasi medicine disease toleransi pasien,5,Dosing / Administration,0.91047275,Safety / Contraindication,0.041970864,0.8685019,0.11794164,0.30305544,0.5790029,Dosing / Administration,Dosing / Administration,1,True,Epidemiology / Prognosis,0.39480203,Pharmacotherapy,0.3898939,0.0049081445,False,0.349012,0.325368,0.193371,0.275941,0.389894,0.343839,0.283977,0.394802,0.315215,-0.001069
Q295,switch from Sertraline to Venlafaxine in Major Depressive Disorder,EN,switch from medicine to medicine in disease,0,Treatment Change / Escalation,0.9863862,Dosing / Administration,0.006705008,0.9796812,0.03939372,0.30122343,0.6593829,Treatment Change / Escalation,Treatment Change / Escalation,1,True,Management / Treatment,0.42528063,Pharmacotherapy,0.4076186,0.017662019,False,0.425281,0.240374,0.272614,0.373262,0.407619,0.346428,0.401849,0.330152,0.349958,0.072468
Q296,resistensi Bedaquiline pada Tuberculosis alternatif Rifampicin,ID,resistensi medicine pada disease alternatif medicine,0,Treatment Change / Escalation,0.93789786,Dosing / Administration,0.030666366,0.9072315,0.051295042,0.22648612,0.7222189,Treatment Change / Escalation,Treatment Change / Escalation,1,True,Pharmacotherapy,0.41444623,Epidemiology / Prognosis,0.35917714,0.055269092,False,0.326603,0.277037,0.207236,0.322361,0.414446,0.347899,0.305079,0.359177,0.301297,0.09555
Q297,Colorectal Cancer with COPD first line drug,EN,disease with copd first line drug,4,Management / Treatment Selection,0.9829118,Guideline / Evidence Lookup,0.013525843,0.969386,0.050409865,0.0926105,0.85697955,Management / Treatment Selection,Management / Treatment Selection,1,True,Pharmacotherapy,0.3565385,Management / Treatment,0.31361115,0.042927355,False,0.313611,0.302858,0.154372,0.282089,0.356538,0.287889,0.192506,0.299417,0.219786,-0.035713
Q298,penggantian Apixaban ke Rivaroxaban pada Deep Vein Thrombosis,ID,penggantian medicine ke medicine pada disease,0,Treatment Change / Escalation,0.99038905,Dosing / Administration,0.00490377,0.98548526,0.037377242,0.31200257,0.65062016,Treatment Change / Escalation,Treatment Change / Escalation,1,True,Pharmacotherapy,0.39711893,Procedures / Techniques,0.38902795,0.008090973,False,0.378805,0.222499,0.249126,0.334792,0.397119,0.335479,0.389028,0.322685,0.324192,0.030509
Q299,Zinc hepatic impairment dose in Stunting / Malnutrition,EN,medicine hepatic impairment dose in disease,3,Dosing / Administration,0.9290329,Safety / Contraindication,0.028950522,0.9000824,0.23898493,0.3060625,0.45495266,Dosing / Administration,Dosing / Administration,1,True,Pharmacotherapy,0.32883036,Evidence / Guideline Lookup,0.26495534,0.06387502,False,0.197985,0.202103,0.118141,0.204014,0.32883,0.264955,0.15193,0.25321,0.206036,-0.02566
Q300,dosis Apixaban pada Community-acquired Pneumonia pasien CKD aman tidak,MIXED,dosis medicine pada disease pasien ckd aman tidak,4,Safety / Contraindication,0.44045463,Dosing / Administration,0.29738855,0.14306608,0.14121625,0.21273483,0.6460489,Safety / Contraindication,Safety / Contraindication; Dosing / Administration,2,True,Pharmacotherapy,0.42500952,Epidemiology / Prognosis,0.3755155,0.049494028,False,0.304135,0.311173,0.191188,0.313157,0.42501,0.375154,0.30104,0.375516,0.261688,0.06099
Q301,monitoring parameters Topiramate in Epilepsy,EN,monitoring parameters medicine in disease,6,Monitoring / Response / Risk Assessment,0.9854785,Safety / Contraindication,0.006436455,0.97904205,0.06933048,0.14198625,0.7886833,Monitoring / Response / Risk Assessment,Monitoring / Response / Risk Assessment,1,True,Pharmacotherapy,0.5805537,Diagnosis / Differential Diagnosis,0.5125228,0.068030894,False,0.509286,0.512523,0.450211,0.511347,0.580554,0.440554,0.447351,0.496787,0.459461,0.158099
Q302,dosis titrasi Topiramate Migraine toleransi pasien,MIXED,dosis titrasi medicine disease toleransi pasien,5,Dosing / Administration,0.91047275,Safety / Contraindication,0.041970864,0.8685019,0.11794164,0.30305544,0.5790029,Dosing / Administration,Dosing / Administration,1,True,Epidemiology / Prognosis,0.39480203,Pharmacotherapy,0.3898939,0.0049081445,False,0.349012,0.325368,0.193371,0.275941,0.389894,0.343839,0.283977,0.394802,0.315215,-0.001069
Q303,Parkinson Disease treatment algorithm Dopaminergic agents first line,EN,disease treatment algorithm drugclass first line,6,Management / Treatment Selection,0.9139531,Guideline / Evidence Lookup,0.07021824,0.84373486,0.036884844,0.17585123,0.78726393,Management / Treatment Selection,Management / Treatment Selection,1,True,Pharmacotherapy,0.5402144,Management / Treatment,0.5134928,0.026721597,False,0.513493,0.295708,0.342317,0.281455,0.540214,0.337696,0.34342,0.350368,0.35834,0.154298
Q304,target Major Depressive Disorder sudah tercapai kapan maintenance Venlafaxine,MIXED,target disease sudah tercapai kapan maintenance medicine,0,Prophylaxis / Maintenance,0.9632334,Dosing / Administration,0.010901309,0.9523321,0.12038701,0.5232157,0.35639727,Prophylaxis / Maintenance,Prophylaxis / Maintenance,1,True,Management / Treatment,0.44102842,Test / Clinical Data Interpretation,0.43430948,0.0067189336,False,0.441028,0.414882,0.39689,0.434309,0.415767,0.3698,0.318194,0.421415,0.377205,0.141514
Q305,when to start Diazepam in Febrile Seizure,EN,when to start medicine in disease,0,Management / Treatment Selection,0.9559435,Interaction / Combination,0.01427071,0.9416728,0.02353667,0.07813453,0.89832884,Management / Treatment Selection,Management / Treatment Selection,1,True,Management / Treatment,0.49333054,Pharmacotherapy,0.42713398,0.06619656,False,0.493331,0.264366,0.317885,0.349373,0.427134,0.386254,0.417558,0.396777,0.307661,0.070351
Q306,Tenofovir+Lamivudine combination therapy Urinary Tract Infection,EN,medicine combination therapy disease,0,Interaction / Combination,0.9626987,Safety / Contraindication,0.009370143,0.95332855,0.06538383,0.18824223,0.74637395,Interaction / Combination,Interaction / Combination,1,True,Management / Treatment,0.47082534,Pharmacotherapy,0.42574722,0.04507813,False,0.470825,0.334165,0.245566,0.325421,0.425747,0.402825,0.364302,0.412593,0.38769,0.11699
Q307,Fluoroquinolones in pregnancy and HIV/AIDS,EN,drugclass in pregnancy and disease,14,Safety / Contraindication,0.73063,Efficacy / Outcomes,0.05275428,0.6778757,0.21928418,0.19392462,0.5867912,Safety / Contraindication,Safety / Contraindication,1,True,Pharmacotherapy,0.43012902,Epidemiology / Prognosis,0.24261546,0.18751356,False,0.237437,0.152368,0.091062,0.183811,0.430129,0.22596,0.210254,0.242615,0.173574,0.061209
Q308,MDR Tuberculosis dengan CKD pilihan drug terbaik,MIXED,disease dengan ckd pilihan drug terbaik,4,Management / Treatment Selection,0.9922599,Guideline / Evidence Lookup,0.0044456623,0.98781425,0.027487233,0.08980249,0.88271034,Management / Treatment Selection,Management / Treatment Selection,1,True,Pharmacotherapy,0.49594522,Epidemiology / Prognosis,0.38600487,0.10994035,False,0.36458,0.344088,0.236377,0.305868,0.495945,0.366951,0.251896,0.386005,0.248844,0.097499
Q309,Bedaquiline long term outcomes MDR Tuberculosis,EN,medicine long term outcomes disease,0,Efficacy / Outcomes,0.9887477,Safety / Contraindication,0.0054166606,0.9833311,0.32741308,0.2560794,0.4165075,Efficacy / Outcomes,Efficacy / Outcomes,1,True,Epidemiology / Prognosis,0.5110607,Test / Clinical Data Interpretation,0.44481257,0.06624815,False,0.404389,0.388199,0.235139,0.444813,0.380207,0.436837,0.301888,0.511061,0.413811,0.086811
Q310,target terapi Rheumatoid Arthritis dengan Proteasome inhibitors,ID,target terapi disease dengan drugclass,6,Management / Treatment Selection,0.93243223,Guideline / Evidence Lookup,0.024508614,0.90792364,0.030090656,0.18426797,0.7856414,Management / Treatment Selection,Management / Treatment Selection,1,True,Pharmacotherapy,0.5370224,Management / Treatment,0.47573304,0.06128937,False,0.475733,0.312643,0.290331,0.298739,0.537022,0.41425,0.376994,0.382825,0.375278,0.135967
Q311,add on therapy Typhoid Fever after Artemether-lumefantrine failure,EN,add on therapy disease after medicine failure,0,Treatment Change / Escalation,0.99019414,Dosing / Administration,0.0041230964,0.98607105,0.063120574,0.26901764,0.6678618,Treatment Change / Escalation,Treatment Change / Escalation,1,True,Management / Treatment,0.5005618,Diagnosis / Differential Diagnosis,0.45402893,0.04653284,False,0.500562,0.454029,0.273193,0.374329,0.345319,0.422058,0.39688,0.446749,0.452204,0.084918
Q312,Tuberculosis prophylaxis Isoniazid indication,EN,disease prophylaxis medicine indication,0,Prophylaxis / Maintenance,0.98185766,Dosing / Administration,0.0056586284,0.97619903,0.10218652,0.6636613,0.23415214,Prophylaxis / Maintenance,Prophylaxis / Maintenance; Management / Treatment Selection,2,True,Diagnosis / Differential Diagnosis,0.48598784,Epidemiology / Prognosis,0.41643748,0.069550365,False,0.317798,0.485988,0.212731,0.38313,0.282958,0.371821,0.286917,0.416437,0.32907,0.010429
Q313,indikasi Losartan pada Chronic Kidney Disease guideline terbaru,MIXED,indikasi medicine pada disease guideline terbaru,0,Guideline / Evidence Lookup,0.9326238,Management / Treatment Selection,0.033688597,0.8989352,0.09947687,0.3768578,0.52366537,Guideline / Evidence Lookup,Guideline / Evidence Lookup; Management / Treatment Selection,2,True,Evidence / Guideline Lookup,0.56445384,Diagnosis / Differential Diagnosis,0.5608883,0.0035655499,False,0.507323,0.560888,0.357313,0.531261,0.512631,0.564454,0.425113,0.54769,0.486233,0.147116
Q314,switch dari Rifampicin ke Isoniazid Tuberculosis progresif,MIXED,switch dari medicine ke medicine disease progresif,0,Treatment Change / Escalation,0.99218833,Dosing / Administration,0.0035329384,0.9886554,0.049029365,0.3188914,0.63207924,Treatment Change / Escalation,Treatment Change / Escalation,1,True,Management / Treatment,0.3716695,Procedures / Techniques,0.34782794,0.02384156,False,0.37167,0.226748,0.234984,0.337939,0.327019,0.341015,0.347828,0.315691,0.32162,0.022536
Q315,latest guideline Rheumatoid Arthritis management 2023,MIXED,latest guideline disease management 2023,0,Guideline / Evidence Lookup,0.9235269,Management / Treatment Selection,0.04130912,0.88221776,0.2501193,0.2496417,0.500239,Guideline / Evidence Lookup,Guideline / Evidence Lookup,1,True,Management / Treatment,0.53109735,Evidence / Guideline Lookup,0.5179498,0.013147533,False,0.531097,0.431916,0.35546,0.41188,0.362946,0.51795,0.380616,0.503285,0.419866,0.14271
Q316,Lansoprazole vs Omeprazole untuk pasien Peptic Ulcer Disease mana lebih efektif,MIXED,medicine vs medicine untuk pasien disease mana lebih efektif,0,Comparative Treatment Choice,0.9871715,Safety / Contraindication,0.0046370034,0.98253447,0.021237668,0.8594299,0.119332485,Comparative Treatment Choice,Comparative Treatment Choice,1,True,Pharmacotherapy,0.5386045,Management / Treatment,0.5001536,0.038450897,False,0.500154,0.318894,0.321434,0.354512,0.538604,0.374143,0.441864,0.429394,0.429246,0.150252
Q317,Methylphenidate efficacy pada Breast Cancer HER2-positive clinical outcome data,MIXED,medicine efficacy pada disease clinical outcome data,0,Efficacy / Outcomes,0.985386,Safety / Contraindication,0.007339046,0.97804695,0.25569043,0.34933466,0.39497498,Efficacy / Outcomes,Efficacy / Outcomes,1,True,Epidemiology / Prognosis,0.5372452,Pharmacotherapy,0.53344434,0.003800869,False,0.482681,0.432297,0.295658,0.447422,0.533444,0.509802,0.453467,0.537245,0.427836,0.10155
Q318,Venlafaxine vs Escitalopram efficacy in Major Depressive Disorder,EN,medicine vs medicine efficacy in disease,0,Comparative Treatment Choice,0.9547989,Safety / Contraindication,0.02149563,0.93330324,0.04129908,0.8265778,0.13212314,Comparative Treatment Choice,Comparative Treatment Choice; Efficacy / Outcomes,2,True,Pharmacotherapy,0.5286352,Management / Treatment,0.43222964,0.096405566,False,0.43223,0.342168,0.306134,0.367672,0.528635,0.329424,0.401019,0.419474,0.39375,0.136194
Q319,dosis titrasi Adalimumab Gout toleransi pasien,MIXED,dosis titrasi medicine disease toleransi pasien,5,Dosing / Administration,0.91047275,Safety / Contraindication,0.041970864,0.8685019,0.11794164,0.30305544,0.5790029,Dosing / Administration,Dosing / Administration,1,True,Epidemiology / Prognosis,0.39480203,Pharmacotherapy,0.3898939,0.0049081445,False,0.349012,0.325368,0.193371,0.275941,0.389894,0.343839,0.283977,0.394802,0.315215,-0.001069
Q320,is Bedaquiline safe in Tuberculosis with hepatic impairment,EN,is medicine safe in disease with hepatic impairment,3,Safety / Contraindication,0.8764966,Dosing / Administration,0.043379825,0.83311677,0.13966832,0.24855402,0.6117776,Safety / Contraindication,Safety / Contraindication,1,True,Pharmacotherapy,0.37982908,Epidemiology / Prognosis,0.29381692,0.086012155,False,0.270678,0.210854,0.145485,0.201526,0.379829,0.285857,0.187898,0.293817,0.26612,0.073595
Q321,Escitalopram drug interaction with Sertraline in ADHD,EN,medicine drug interaction with medicine in disease,0,Interaction / Combination,0.96815825,Management / Treatment Selection,0.011496757,0.95666146,0.056410003,0.12776594,0.81582403,Interaction / Combination,Interaction / Combination,1,True,Pharmacotherapy,0.57278866,Patient Communication / Education,0.31114024,0.26164842,False,0.306634,0.235826,0.176833,0.291503,0.572789,0.259075,0.303478,0.284987,0.31114,0.037864
Q322,Dolutegravir hepatic impairment dose in Malaria,EN,medicine hepatic impairment dose in disease,3,Dosing / Administration,0.9290329,Safety / Contraindication,0.028950522,0.9000824,0.23898493,0.3060625,0.45495266,Dosing / Administration,Dosing / Administration,1,True,Pharmacotherapy,0.32883036,Evidence / Guideline Lookup,0.26495534,0.06387502,False,0.197985,0.202103,0.118141,0.204014,0.32883,0.264955,0.15193,0.25321,0.206036,-0.02566
Q323,efek samping Inhaled corticosteroids pada Asthma,ID,efek samping drugclass pada disease,0,Monitoring / Response / Risk Assessment,0.58801824,Mechanism / Background Knowledge,0.12828833,0.4597299,0.054819994,0.24465396,0.7005261,Safety / Contraindication,Safety / Contraindication,1,True,Pharmacotherapy,0.5257207,Epidemiology / Prognosis,0.3841007,0.14162001,False,0.275169,0.329945,0.156137,0.279362,0.525721,0.321147,0.155681,0.384101,0.297013,0.044336
Q324,monitoring parameters Aspirin in Stable Angina,EN,monitoring parameters medicine in disease,6,Monitoring / Response / Risk Assessment,0.9854785,Safety / Contraindication,0.006436455,0.97904205,0.06933048,0.14198625,0.7886833,Monitoring / Response / Risk Assessment,Monitoring / Response / Risk Assessment,1,True,Pharmacotherapy,0.5805537,Diagnosis / Differential Diagnosis,0.5125228,0.068030894,False,0.509286,0.512523,0.450211,0.511347,0.580554,0.440554,0.447351,0.496787,0.459461,0.158099
Q325,target Systemic Lupus Erythematosus sudah tercapai kapan maintenance Adalimumab,MIXED,target disease sudah tercapai kapan maintenance medicine,0,Prophylaxis / Maintenance,0.9632334,Dosing / Administration,0.010901309,0.9523321,0.12038701,0.5232157,0.35639727,Prophylaxis / Maintenance,Prophylaxis / Maintenance,1,True,Management / Treatment,0.44102842,Test / Clinical Data Interpretation,0.43430948,0.0067189336,False,0.441028,0.414882,0.39689,0.434309,0.415767,0.3698,0.318194,0.421415,0.377205,0.141514
Q326,titration protocol Ferrous sulphate in Iron Deficiency Anaemia,EN,titration protocol medicine in disease,5,Dosing / Administration,0.37508363,Safety / Contraindication,0.27289736,0.10218626,0.07496158,0.2319428,0.69309556,Dosing / Administration,Dosing / Administration,1,True,Procedures / Techniques,0.38592738,Management / Treatment,0.38342407,0.0025033057,False,0.383424,0.216584,0.21026,0.271932,0.345126,0.329211,0.385927,0.340985,0.312514,0.050287
Q327,kombinasi Desmopressin dan Desmopressin pada Diabetes Insipidus aman atau tidak,MIXED,kombinasi medicine dan medicine pada disease aman atau tidak,0,Interaction / Combination,0.9430835,Safety / Contraindication,0.027149757,0.9159338,0.055518784,0.17306238,0.7714188,Interaction / Combination,Interaction / Combination; Safety / Contraindication,2,True,Pharmacotherapy,0.5262046,Epidemiology / Prognosis,0.47412813,0.05207646,False,0.441305,0.374096,0.314286,0.374025,0.526205,0.396766,0.377754,0.474128,0.394969,0.158756
Q328,kombinasi Piperacillin-tazobactam dan Hydrocortisone pada Sepsis aman atau tidak,MIXED,kombinasi medicine dan medicine pada disease aman atau tidak,0,Interaction / Combination,0.9430835,Safety / Contraindication,0.027149757,0.9159338,0.055518784,0.17306238,0.7714188,Interaction / Combination,Interaction / Combination; Safety / Contraindication,2,True,Pharmacotherapy,0.5262046,Epidemiology / Prognosis,0.47412813,0.05207646,False,0.441305,0.374096,0.314286,0.374025,0.526205,0.396766,0.377754,0.474128,0.394969,0.158756
Q329,algoritma terapi Major Depressive Disorder step up,ID,algoritma terapi disease step up,11,Management / Treatment Selection,0.984469,Guideline / Evidence Lookup,0.008368756,0.97610027,0.0488273,0.14333789,0.8078348,Management / Treatment Selection,Management / Treatment Selection,1,True,Management / Treatment,0.3736121,Pharmacotherapy,0.2844178,0.0891943,False,0.373612,0.242224,0.225396,0.244146,0.284418,0.265559,0.242228,0.267169,0.255031,0.158703
Q330,Lithium side effect pada pasien Bipolar Disorder apa saja,MIXED,medicine side effect pada pasien disease apa saja,0,Safety / Contraindication,0.41915825,Dosing / Administration,0.3823942,0.036764055,0.075281054,0.3383302,0.5863887,Safety / Contraindication,Safety / Contraindication,1,True,Pharmacotherapy,0.49910206,Epidemiology / Prognosis,0.49503168,0.0040703714,False,0.414928,0.405403,0.18851,0.352944,0.499102,0.404142,0.329019,0.495032,0.438269,0.01451
Q331,Osteoporosis dengan renal impairment penyesuaian dosis Alendronate,MIXED,disease dengan renal impairment penyesuaian dosis medicine,1,Dosing / Administration,0.93447703,Safety / Contraindication,0.026299171,0.90817785,0.12735051,0.38163197,0.49101758,Dosing / Administration,Dosing / Administration,1,True,Epidemiology / Prognosis,0.3254621,Pharmacotherapy,0.31451082,0.010951281,False,0.248229,0.281574,0.172108,0.30487,0.314511,0.272935,0.225793,0.325462,0.273432,0.003097
Q332,kapan mulai terapi Desmopressin pada Diabetes Insipidus,ID,kapan mulai terapi medicine pada disease,0,Management / Treatment Selection,0.9812088,Guideline / Evidence Lookup,0.009835744,0.9713731,0.02501373,0.12852103,0.8464653,Management / Treatment Selection,Management / Treatment Selection,1,True,Management / Treatment,0.5213549,Procedures / Techniques,0.4823371,0.039017826,False,0.521355,0.332444,0.329157,0.421322,0.443465,0.468114,0.482337,0.464131,0.406137,0.057801
Q333,kontraindikasi Diazepam pada Febrile Seizure dengan hypertension,MIXED,kontraindikasi medicine pada disease dengan hypertension,1,Safety / Contraindication,0.8592082,Dosing / Administration,0.033183865,0.82602435,0.05874096,0.28590548,0.65535355,Safety / Contraindication,Safety / Contraindication,1,True,Evidence / Guideline Lookup,0.4444986,Epidemiology / Prognosis,0.36504668,0.07945192,False,0.346277,0.353616,0.142944,0.282836,0.362235,0.444499,0.28655,0.365047,0.329261,0.079096
Q334,Community-acquired Pneumonia prophylaxis Apixaban indication,EN,disease prophylaxis medicine indication,0,Prophylaxis / Maintenance,0.98185766,Dosing / Administration,0.0056586284,0.97619903,0.10218652,0.6636613,0.23415214,Prophylaxis / Maintenance,Prophylaxis / Maintenance; Management / Treatment Selection,2,True,Diagnosis / Differential Diagnosis,0.48598784,Epidemiology / Prognosis,0.41643748,0.069550365,False,0.317798,0.485988,0.212731,0.38313,0.282958,0.371821,0.286917,0.416437,0.32907,0.010429
Q335,Metronidazole vs Omeprazole untuk pasien Pulmonary Embolism mana lebih efektif,MIXED,medicine vs medicine untuk pasien disease mana lebih efektif,0,Comparative Treatment Choice,0.9871715,Safety / Contraindication,0.0046370034,0.98253447,0.021237668,0.8594299,0.119332485,Comparative Treatment Choice,Comparative Treatment Choice,1,True,Pharmacotherapy,0.5386045,Management / Treatment,0.5001536,0.038450897,False,0.500154,0.318894,0.321434,0.354512,0.538604,0.374143,0.441864,0.429394,0.429246,0.150252
Q336,Lithium contraindication in Bipolar Disorder with anaemia,EN,medicine contraindication in disease with anaemia,12,Dosing / Administration,0.40504202,Safety / Contraindication,0.40285012,0.0021919012,0.07290639,0.33919907,0.58789456,Safety / Contraindication,Safety / Contraindication,1,True,Pharmacotherapy,0.31550953,Evidence / Guideline Lookup,0.31430072,0.001208812,False,0.304468,0.289717,0.208535,0.296103,0.31551,0.314301,0.264803,0.309448,0.23835,0.034868
Q337,Chronic Kidney Disease with immunocompromised first line drug,EN,disease with immunocompromised first line drug,0,Management / Treatment Selection,0.98544854,Guideline / Evidence Lookup,0.01142902,0.9740195,0.028791578,0.094718866,0.8764895,Management / Treatment Selection,Management / Treatment Selection,1,True,Management / Treatment,0.3417258,Pharmacotherapy,0.3325342,0.0091916025,False,0.341726,0.306338,0.211963,0.279828,0.332534,0.257395,0.153281,0.307158,0.203272,-0.003087
Q338,Metronidazole vs Metronidazole in Inflammatory Bowel Disease patients,EN,medicine vs medicine in disease patients,0,Comparative Treatment Choice,0.98690945,Safety / Contraindication,0.0047784615,0.982131,0.021289317,0.85115695,0.12755372,Comparative Treatment Choice,Comparative Treatment Choice,1,True,Pharmacotherapy,0.5007164,Management / Treatment,0.4636933,0.037023097,False,0.463693,0.343376,0.299476,0.380712,0.500716,0.31922,0.381207,0.425953,0.446629,0.127506
Q339,Clozapine vs Clozapine in Schizophrenia patients,EN,medicine vs medicine in disease patients,0,Comparative Treatment Choice,0.98690945,Safety / Contraindication,0.004778459,0.982131,0.021289317,0.85115695,0.12755372,Comparative Treatment Choice,Comparative Treatment Choice,1,True,Pharmacotherapy,0.5007163,Management / Treatment,0.46369326,0.037023067,False,0.463693,0.343376,0.299476,0.380712,0.500716,0.31922,0.381206,0.425953,0.446629,0.127506
Q340,latest guideline Peptic Ulcer Disease management 2023,MIXED,latest guideline disease management 2023,0,Guideline / Evidence Lookup,0.9235269,Management / Treatment Selection,0.041309107,0.88221776,0.25011933,0.2496417,0.500239,Guideline / Evidence Lookup,Guideline / Evidence Lookup,1,True,Management / Treatment,0.5310973,Evidence / Guideline Lookup,0.51794964,0.013147652,False,0.531097,0.431916,0.35546,0.41188,0.362946,0.51795,0.380616,0.503285,0.419866,0.14271
Q341,switch from Clopidogrel to Rosuvastatin in Stable Angina,EN,switch from medicine to medicine in disease,0,Treatment Change / Escalation,0.9863862,Dosing / Administration,0.006705008,0.9796812,0.03939372,0.30122343,0.6593829,Treatment Change / Escalation,Treatment Change / Escalation,1,True,Management / Treatment,0.42528063,Pharmacotherapy,0.4076186,0.017662019,False,0.425281,0.240374,0.272614,0.373262,0.407619,0.346428,0.401849,0.330152,0.349958,0.072468
Q342,dosis titrasi Vancomycin Sepsis toleransi pasien,MIXED,dosis titrasi medicine disease toleransi pasien,5,Dosing / Administration,0.91047275,Safety / Contraindication,0.041970864,0.8685019,0.11794164,0.30305544,0.5790029,Dosing / Administration,Dosing / Administration,1,True,Epidemiology / Prognosis,0.39480203,Pharmacotherapy,0.3898939,0.0049081445,False,0.349012,0.325368,0.193371,0.275941,0.389894,0.343839,0.283977,0.394802,0.315215,-0.001069
Q343,obat HIV/AIDS lini pertama Penicillins,ID,obat disease lini pertama drugclass,6,Management / Treatment Selection,0.33077404,Interaction / Combination,0.32089895,0.009875089,0.080650195,0.18073949,0.73861027,Management / Treatment Selection,Management / Treatment Selection,1,True,Pharmacotherapy,0.56257313,Management / Treatment,0.33475804,0.22781509,False,0.334758,0.232899,0.240251,0.284723,0.562573,0.322557,0.239786,0.27486,0.215046,0.094917
Q344,panduan klinis MDR Tuberculosis terbaru,ID,panduan klinis disease terbaru,0,Guideline / Evidence Lookup,0.91655445,Management / Treatment Selection,0.03650859,0.8800459,0.097233236,0.4615992,0.44116762,Guideline / Evidence Lookup,Guideline / Evidence Lookup,1,True,Evidence / Guideline Lookup,0.6158066,Management / Treatment,0.5868623,0.028944254,False,0.586862,0.528321,0.370782,0.541863,0.437197,0.615807,0.545039,0.56875,0.502238,0.130447
Q345,monitoring parameters Apixaban in Community-acquired Pneumonia,EN,monitoring parameters medicine in disease,6,Monitoring / Response / Risk Assessment,0.9854785,Safety / Contraindication,0.006436455,0.97904205,0.06933048,0.14198625,0.7886833,Monitoring / Response / Risk Assessment,Monitoring / Response / Risk Assessment,1,True,Pharmacotherapy,0.5805537,Diagnosis / Differential Diagnosis,0.5125228,0.068030894,False,0.509286,0.512523,0.450211,0.511347,0.580554,0.440554,0.447351,0.496787,0.459461,0.158099
Q346,Chronic Kidney Disease dengan renal impairment penyesuaian dosis Losartan,MIXED,disease dengan renal impairment penyesuaian dosis medicine,1,Dosing / Administration,0.93447703,Safety / Contraindication,0.026299171,0.90817785,0.12735051,0.38163197,0.49101758,Dosing / Administration,Dosing / Administration,1,True,Epidemiology / Prognosis,0.3254621,Pharmacotherapy,0.31451082,0.010951281,False,0.248229,0.281574,0.172108,0.30487,0.314511,0.272935,0.225793,0.325462,0.273432,0.003097
Q347,Prednisolone hepatic impairment dose in Rheumatoid Arthritis,EN,medicine hepatic impairment dose in disease,3,Dosing / Administration,0.9290329,Safety / Contraindication,0.028950522,0.9000824,0.23898493,0.3060625,0.45495266,Dosing / Administration,Dosing / Administration,1,True,Pharmacotherapy,0.32883036,Evidence / Guideline Lookup,0.26495534,0.06387502,False,0.197985,0.202103,0.118141,0.204014,0.32883,0.264955,0.15193,0.25321,0.206036,-0.02566
Q348,Ramipril side effect pada pasien Hypertension apa saja,MIXED,medicine side effect pada pasien disease apa saja,0,Safety / Contraindication,0.41915825,Dosing / Administration,0.3823942,0.036764055,0.075281054,0.3383302,0.5863887,Safety / Contraindication,Safety / Contraindication,1,True,Pharmacotherapy,0.49910206,Epidemiology / Prognosis,0.49503168,0.0040703714,False,0.414928,0.405403,0.18851,0.352944,0.499102,0.404142,0.329019,0.495032,0.438269,0.01451
Q349,dosis Liraglutide untuk pasien Obesity,ID,dosis medicine untuk pasien disease,10,Dosing / Administration,0.93178225,Safety / Contraindication,0.028436065,0.9033462,0.087837555,0.3468386,0.56532377,Dosing / Administration,Dosing / Administration,1,True,Pharmacotherapy,0.4773904,Epidemiology / Prognosis,0.3711667,0.1062237,False,0.337772,0.265517,0.224131,0.304987,0.47739,0.362375,0.330342,0.371167,0.288422,-0.021122
Q350,Valproate resistance in Epilepsy alternative therapy,EN,medicine resistance in disease alternative therapy,0,Interaction / Combination,0.40348408,Treatment Change / Escalation,0.21723941,0.18624467,0.06778472,0.18726723,0.744948,Treatment Change / Escalation,Treatment Change / Escalation,1,True,Pharmacotherapy,0.40112028,Evidence / Guideline Lookup,0.3830844,0.018035889,False,0.352638,0.221449,0.176431,0.249411,0.40112,0.383084,0.351894,0.318592,0.297085,0.05811
Q351,dosis Rifampicin pada Tuberculosis pasien pregnancy aman tidak,MIXED,dosis medicine pada disease pasien pregnancy aman tidak,14,Safety / Contraindication,0.6223118,Interaction / Combination,0.15301307,0.46929872,0.20804197,0.17888065,0.6130774,Safety / Contraindication,Safety / Contraindication; Dosing / Administration,2,True,Pharmacotherapy,0.37093773,Epidemiology / Prognosis,0.29957446,0.07136327,False,0.254575,0.210425,0.115501,0.207467,0.370938,0.298009,0.271228,0.299574,0.17668,0.060808
Q352,panduan klinis ADHD terbaru,ID,panduan klinis disease terbaru,0,Guideline / Evidence Lookup,0.91655445,Management / Treatment Selection,0.03650859,0.8800459,0.097233236,0.4615992,0.44116762,Guideline / Evidence Lookup,Guideline / Evidence Lookup,1,True,Evidence / Guideline Lookup,0.6158066,Management / Treatment,0.5868623,0.028944254,False,0.586862,0.528321,0.370782,0.541863,0.437197,0.615807,0.545039,0.56875,0.502238,0.130447
Q353,Nivolumab efficacy pada Non-Small Cell Lung Cancer clinical outcome data,MIXED,medicine efficacy pada disease clinical outcome data,0,Efficacy / Outcomes,0.985386,Safety / Contraindication,0.007339046,0.97804695,0.25569043,0.34933466,0.39497498,Efficacy / Outcomes,Efficacy / Outcomes,1,True,Epidemiology / Prognosis,0.5372452,Pharmacotherapy,0.53344434,0.003800869,False,0.482681,0.432297,0.295658,0.447422,0.533444,0.509802,0.453467,0.537245,0.427836,0.10155
Q354,apakah Topiramate aman untuk Migraine dengan hypertension,ID,apakah medicine aman untuk disease dengan hypertension,1,Safety / Contraindication,0.6357328,Interaction / Combination,0.27355102,0.3621818,0.06671201,0.22107074,0.71221733,Safety / Contraindication,Safety / Contraindication,1,True,Evidence / Guideline Lookup,0.3879628,Pharmacotherapy,0.35279226,0.035170525,False,0.317916,0.230509,0.116485,0.191406,0.352792,0.387963,0.264361,0.330772,0.27485,0.081144
Q355,terapi profilaksis Chronic Kidney Disease dengan Empagliflozin,ID,terapi profilaksis disease dengan medicine,0,Prophylaxis / Maintenance,0.97614247,Dosing / Administration,0.008312286,0.9678302,0.056691796,0.58971846,0.3535897,Prophylaxis / Maintenance,Prophylaxis / Maintenance,1,True,Management / Treatment,0.4606164,Procedures / Techniques,0.43000045,0.030615956,False,0.460616,0.251048,0.1787,0.229905,0.414917,0.392896,0.43,0.39489,0.388076,0.015938
Q356,apakah Dapagliflozin aman untuk Chronic Kidney Disease dengan pregnancy,ID,apakah medicine aman untuk disease dengan pregnancy,14,Safety / Contraindication,0.8337688,Interaction / Combination,0.060753606,0.7730152,0.16422114,0.17961513,0.65616375,Safety / Contraindication,Safety / Contraindication,1,True,Pharmacotherapy,0.35320076,Epidemiology / Prognosis,0.3293776,0.023823172,False,0.279107,0.21476,0.122834,0.204534,0.353201,0.287208,0.273433,0.329378,0.209563,0.073034
Q357,Pembrolizumab long term outcomes Non-Small Cell Lung Cancer,EN,medicine long term outcomes disease,0,Efficacy / Outcomes,0.9887477,Safety / Contraindication,0.0054166606,0.9833311,0.32741308,0.2560794,0.4165075,Efficacy / Outcomes,Efficacy / Outcomes,1,True,Epidemiology / Prognosis,0.5110607,Test / Clinical Data Interpretation,0.44481257,0.06624815,False,0.404389,0.388199,0.235139,0.444813,0.380207,0.436837,0.301888,0.511061,0.413811,0.086811
Q358,Methylphenidate loading dose Breast Cancer HER2-positive emergency,EN,medicine loading dose disease emergency,10,Dosing / Administration,0.9449216,Prophylaxis / Maintenance,0.024700452,0.92022115,0.17482379,0.36387566,0.46130064,Dosing / Administration,Dosing / Administration,1,True,Pharmacotherapy,0.4226651,Epidemiology / Prognosis,0.3820325,0.040632576,False,0.327804,0.286103,0.248012,0.344021,0.422665,0.351439,0.328099,0.382032,0.291569,0.071336
Q359,dosis Adalimumab untuk pasien Systemic Lupus Erythematosus,ID,dosis medicine untuk pasien disease,10,Dosing / Administration,0.93178225,Safety / Contraindication,0.028436065,0.9033462,0.087837555,0.3468386,0.56532377,Dosing / Administration,Dosing / Administration,1,True,Pharmacotherapy,0.4773904,Epidemiology / Prognosis,0.3711667,0.1062237,False,0.337772,0.265517,0.224131,0.304987,0.47739,0.362375,0.330342,0.371167,0.288422,-0.021122
Q360,is Semaglutide safe in Obesity with elderly patients,EN,is medicine safe in disease with elderly patients,8,Safety / Contraindication,0.8996977,Efficacy / Outcomes,0.024241554,0.87545615,0.095990956,0.25736856,0.6466405,Safety / Contraindication,Safety / Contraindication,1,True,Pharmacotherapy,0.40050587,Epidemiology / Prognosis,0.36670825,0.03379762,False,0.310853,0.200513,0.162935,0.240668,0.400506,0.351817,0.273732,0.366708,0.336219,0.072422
Q361,penanganan Type 2 Diabetes Mellitus di ICU panduan 2022,ID,penanganan disease di icu panduan 2022,0,Guideline / Evidence Lookup,0.9162629,Management / Treatment Selection,0.034911565,0.88135135,0.14817616,0.43550032,0.4163235,Guideline / Evidence Lookup,Guideline / Evidence Lookup; Management / Treatment Selection,2,True,Epidemiology / Prognosis,0.54505634,Evidence / Guideline Lookup,0.52040595,0.024650395,False,0.506792,0.411619,0.422103,0.435565,0.415421,0.520406,0.411533,0.545056,0.418132,0.157533
Q362,tatalaksana ADHD panduan terbaru terbaru,ID,tatalaksana disease panduan terbaru terbaru,0,Guideline / Evidence Lookup,0.9116215,Management / Treatment Selection,0.037935376,0.87368613,0.11819586,0.4508315,0.43097267,Guideline / Evidence Lookup,Guideline / Evidence Lookup; Management / Treatment Selection,2,True,Diagnosis / Differential Diagnosis,0.582122,Epidemiology / Prognosis,0.5458466,0.036275446,False,0.514395,0.582122,0.32812,0.484978,0.360748,0.512297,0.407955,0.545847,0.464468,0.131399
Q363,target Type 2 Diabetes Mellitus sudah tercapai kapan maintenance Liraglutide,MIXED,target disease sudah tercapai kapan maintenance medicine,0,Prophylaxis / Maintenance,0.9632334,Dosing / Administration,0.010901309,0.9523321,0.12038701,0.5232157,0.35639727,Prophylaxis / Maintenance,Prophylaxis / Maintenance,1,True,Management / Treatment,0.44102842,Test / Clinical Data Interpretation,0.43430948,0.0067189336,False,0.441028,0.414882,0.39689,0.434309,0.415767,0.3698,0.318194,0.421415,0.377205,0.141514
Q364,switch from Aspirin to Aspirin in Ischaemic Stroke,EN,switch from medicine to medicine in disease,0,Treatment Change / Escalation,0.9863862,Dosing / Administration,0.006705008,0.9796812,0.03939372,0.30122343,0.6593829,Treatment Change / Escalation,Treatment Change / Escalation,1,True,Management / Treatment,0.42528063,Pharmacotherapy,0.4076186,0.017662019,False,0.425281,0.240374,0.272614,0.373262,0.407619,0.346428,0.401849,0.330152,0.349958,0.072468
Q365,Antimalarials in pregnancy and Typhoid Fever,EN,drugclass in pregnancy and disease,14,Safety / Contraindication,0.73063,Efficacy / Outcomes,0.05275428,0.6778757,0.21928418,0.19392462,0.5867912,Safety / Contraindication,Safety / Contraindication,1,True,Pharmacotherapy,0.43012902,Epidemiology / Prognosis,0.24261546,0.18751356,False,0.237437,0.152368,0.091062,0.183811,0.430129,0.22596,0.210254,0.242615,0.173574,0.061209
Q366,Venlafaxine long term outcomes Major Depressive Disorder,EN,medicine long term outcomes disease,0,Efficacy / Outcomes,0.9887477,Safety / Contraindication,0.0054166606,0.9833311,0.32741308,0.2560794,0.4165075,Efficacy / Outcomes,Efficacy / Outcomes,1,True,Epidemiology / Prognosis,0.5110607,Test / Clinical Data Interpretation,0.44481257,0.06624815,False,0.404389,0.388199,0.235139,0.444813,0.380207,0.436837,0.301888,0.511061,0.413811,0.086811
Q367,ARBs in pregnancy and Hypertension,EN,drugclass in pregnancy and disease,14,Safety / Contraindication,0.73063,Efficacy / Outcomes,0.05275428,0.6778757,0.21928418,0.19392462,0.5867912,Safety / Contraindication,Safety / Contraindication,1,True,Pharmacotherapy,0.43012902,Epidemiology / Prognosis,0.24261546,0.18751356,False,0.237437,0.152368,0.091062,0.183811,0.430129,0.22596,0.210254,0.242615,0.173574,0.061209
Q368,Community-acquired Pneumonia dengan hepatic impairment pilihan drug terbaik,MIXED,disease dengan hepatic impairment pilihan drug terbaik,3,Management / Treatment Selection,0.991581,Guideline / Evidence Lookup,0.0037940072,0.987787,0.030507978,0.09039166,0.8791004,Management / Treatment Selection,Management / Treatment Selection,1,True,Pharmacotherapy,0.4534246,Management / Treatment,0.32771188,0.12571272,False,0.327712,0.254199,0.18476,0.197593,0.453425,0.31328,0.177085,0.301029,0.235941,0.107361
Q369,Nivolumab vs Pembrolizumab untuk Non-Small Cell Lung Cancer,ID,medicine vs medicine untuk disease,0,Comparative Treatment Choice,0.98687124,Safety / Contraindication,0.004795867,0.9820754,0.021655308,0.85083866,0.12750602,Comparative Treatment Choice,Comparative Treatment Choice,1,True,Pharmacotherapy,0.43699035,Management / Treatment,0.38943315,0.047557205,False,0.389433,0.273161,0.279578,0.352282,0.43699,0.249742,0.330145,0.372411,0.386755,0.134663
Q370,obat Rheumatoid Arthritis lini pertama Antimalarials,ID,obat disease lini pertama drugclass,6,Management / Treatment Selection,0.33077404,Interaction / Combination,0.32089895,0.009875089,0.080650195,0.18073949,0.73861027,Management / Treatment Selection,Management / Treatment Selection,1,True,Pharmacotherapy,0.56257313,Management / Treatment,0.33475804,0.22781509,False,0.334758,0.232899,0.240251,0.284723,0.562573,0.322557,0.239786,0.27486,0.215046,0.094917
Q371,kapan start Losartan di Hypertension evidence terbaru terbaru,MIXED,kapan start medicine di disease evidence terbaru terbaru,0,Guideline / Evidence Lookup,0.9389991,Management / Treatment Selection,0.030376082,0.90862304,0.11241233,0.31411198,0.5734757,Guideline / Evidence Lookup,Guideline / Evidence Lookup; Management / Treatment Selection,2,True,Evidence / Guideline Lookup,0.54101753,Epidemiology / Prognosis,0.47927803,0.061739504,False,0.45544,0.407959,0.403036,0.47692,0.4673,0.541018,0.385323,0.479278,0.349878,0.144649
Q372,indikasi Semaglutide pada Type 2 Diabetes Mellitus guideline terbaru,MIXED,indikasi medicine pada disease guideline terbaru,0,Guideline / Evidence Lookup,0.9326238,Management / Treatment Selection,0.033688597,0.8989352,0.09947687,0.3768578,0.52366537,Guideline / Evidence Lookup,Guideline / Evidence Lookup; Management / Treatment Selection,2,True,Evidence / Guideline Lookup,0.56445384,Diagnosis / Differential Diagnosis,0.5608883,0.0035655499,False,0.507323,0.560888,0.357313,0.531261,0.512631,0.564454,0.425113,0.54769,0.486233,0.147116
Q373,add on therapy Stable Angina after Metoprolol failure,EN,add on therapy disease after medicine failure,0,Treatment Change / Escalation,0.99019414,Dosing / Administration,0.0041230964,0.98607105,0.063120574,0.26901764,0.6678618,Treatment Change / Escalation,Treatment Change / Escalation,1,True,Management / Treatment,0.5005618,Diagnosis / Differential Diagnosis,0.45402893,0.04653284,False,0.500562,0.454029,0.273193,0.374329,0.345319,0.422058,0.39688,0.446749,0.452204,0.084918
Q374,kontraindikasi Ramipril pada Hypertension dengan diabetes,MIXED,kontraindikasi medicine pada disease dengan diabetes,2,Safety / Contraindication,0.8583038,Dosing / Administration,0.032023847,0.82627994,0.052379094,0.2878379,0.659783,Safety / Contraindication,Safety / Contraindication,1,True,Pharmacotherapy,0.4029591,Evidence / Guideline Lookup,0.37541324,0.02754587,False,0.337822,0.364472,0.17225,0.305505,0.402959,0.375413,0.254643,0.340958,0.296721,0.03715
Q375,Tuberculosis pada anak dosis Bedaquiline,ID,disease pada anak dosis medicine,10,Dosing / Administration,0.9359979,Prophylaxis / Maintenance,0.026671981,0.9093259,0.099171415,0.40157285,0.4992557,Dosing / Administration,Dosing / Administration,1,True,Epidemiology / Prognosis,0.3919183,Diagnosis / Differential Diagnosis,0.374479,0.017439306,False,0.3242,0.374479,0.238274,0.36668,0.365594,0.337571,0.28756,0.391918,0.297087,0.035287
Q376,Antimalarials role in Typhoid Fever pathophysiology,EN,drugclass role in disease pathophysiology,6,Mechanism / Background Knowledge,0.9630916,Prophylaxis / Maintenance,0.009283573,0.953808,0.16779414,0.41705677,0.4151491,Mechanism / Background Knowledge,Mechanism / Background Knowledge,1,True,Pharmacotherapy,0.50907475,Diagnosis / Differential Diagnosis,0.39074355,0.118331194,False,0.321668,0.390744,0.259506,0.366749,0.509075,0.306616,0.198685,0.341589,0.297963,0.127923
Q377,latest Preeclampsia management guidelines 2024,EN,latest disease management guidelines 2024,0,Guideline / Evidence Lookup,0.9272061,Management / Treatment Selection,0.039479315,0.8877268,0.22397663,0.19700691,0.5790165,Guideline / Evidence Lookup,Guideline / Evidence Lookup,1,True,Management / Treatment,0.53025585,Epidemiology / Prognosis,0.5173054,0.01295048,False,0.530256,0.418429,0.406039,0.432114,0.421179,0.516435,0.419536,0.517305,0.401822,0.193681
Q378,add on therapy Schizophrenia after Olanzapine failure,EN,add on therapy disease after medicine failure,0,Treatment Change / Escalation,0.99019414,Dosing / Administration,0.0041230964,0.98607105,0.063120574,0.26901764,0.6678618,Treatment Change / Escalation,Treatment Change / Escalation,1,True,Management / Treatment,0.5005618,Diagnosis / Differential Diagnosis,0.45402893,0.04653284,False,0.500562,0.454029,0.273193,0.374329,0.345319,0.422058,0.39688,0.446749,0.452204,0.084918
Q379,kontraindikasi Prednisolone pada COPD dengan renal impairment,MIXED,kontraindikasi medicine pada disease dengan renal impairment,1,Safety / Contraindication,0.83051604,Dosing / Administration,0.06555777,0.76495826,0.07218944,0.29021436,0.63759625,Safety / Contraindication,Safety / Contraindication,1,True,Diagnosis / Differential Diagnosis,0.36600733,Epidemiology / Prognosis,0.360366,0.005641341,False,0.312601,0.366007,0.211924,0.343709,0.351974,0.349604,0.281316,0.360366,0.331933,0.049867
Q380,Type 2 Diabetes Mellitus dengan renal impairment penyesuaian dosis Liraglutide,MIXED,disease dengan renal impairment penyesuaian dosis medicine,1,Dosing / Administration,0.93447703,Safety / Contraindication,0.026299171,0.90817785,0.12735051,0.38163197,0.49101758,Dosing / Administration,Dosing / Administration,1,True,Epidemiology / Prognosis,0.3254621,Pharmacotherapy,0.31451082,0.010951281,False,0.248229,0.281574,0.172108,0.30487,0.314511,0.272935,0.225793,0.325462,0.273432,0.003097
Q381,renal dose adjustment Artemether-lumefantrine in Typhoid Fever,EN,renal dose adjustment medicine in disease,1,Dosing / Administration,0.9370421,Safety / Contraindication,0.02476116,0.912281,0.11514645,0.30007026,0.58478326,Dosing / Administration,Dosing / Administration,1,True,Pharmacotherapy,0.36038262,Evidence / Guideline Lookup,0.29834503,0.062037587,False,0.24936,0.149486,0.173452,0.241743,0.360383,0.298345,0.2658,0.261541,0.248634,-0.074709
Q382,when to start Methylphenidate in Breast Cancer HER2-positive,EN,when to start medicine in disease,0,Management / Treatment Selection,0.9559435,Interaction / Combination,0.01427071,0.9416728,0.02353667,0.07813453,0.89832884,Management / Treatment Selection,Management / Treatment Selection,1,True,Management / Treatment,0.49333054,Pharmacotherapy,0.42713398,0.06619656,False,0.493331,0.264366,0.317885,0.349373,0.427134,0.386254,0.417558,0.396777,0.307661,0.070351
Q383,SSRIs terbaru untuk ADHD 2023,MIXED,drugclass terbaru untuk disease 2023,6,Guideline / Evidence Lookup,0.89931685,Management / Treatment Selection,0.048185404,0.85113144,0.08167752,0.45445564,0.46386686,Guideline / Evidence Lookup,Guideline / Evidence Lookup,1,True,Pharmacotherapy,0.531242,Evidence / Guideline Lookup,0.43860507,0.09263694,False,0.347668,0.29485,0.334116,0.366365,0.531242,0.438605,0.274278,0.403561,0.293221,0.119037
Q384,Iron preparations in pregnancy and Iron Deficiency Anaemia,EN,drugclass in pregnancy and disease,14,Safety / Contraindication,0.73063,Efficacy / Outcomes,0.05275428,0.6778757,0.21928418,0.19392462,0.5867912,Safety / Contraindication,Safety / Contraindication,1,True,Pharmacotherapy,0.43012902,Epidemiology / Prognosis,0.24261546,0.18751356,False,0.237437,0.152368,0.091062,0.183811,0.430129,0.22596,0.210254,0.242615,0.173574,0.061209
Q385,terapi profilaksis Tuberculosis dengan Isoniazid,ID,terapi profilaksis disease dengan medicine,0,Prophylaxis / Maintenance,0.97614247,Dosing / Administration,0.008312286,0.9678302,0.056691796,0.58971846,0.3535897,Prophylaxis / Maintenance,Prophylaxis / Maintenance,1,True,Management / Treatment,0.4606164,Procedures / Techniques,0.43000045,0.030615956,False,0.460616,0.251048,0.1787,0.229905,0.414917,0.392896,0.43,0.39489,0.388076,0.015938
Q386,Zinc side effect pada pasien Stunting / Malnutrition apa saja,MIXED,medicine side effect pada pasien disease apa saja,0,Safety / Contraindication,0.41915825,Dosing / Administration,0.3823942,0.036764055,0.075281054,0.3383302,0.5863887,Safety / Contraindication,Safety / Contraindication,1,True,Pharmacotherapy,0.49910206,Epidemiology / Prognosis,0.49503168,0.0040703714,False,0.414928,0.405403,0.18851,0.352944,0.499102,0.404142,0.329019,0.495032,0.438269,0.01451
Q387,monitoring parameters Escitalopram in ADHD,EN,monitoring parameters medicine in disease,6,Monitoring / Response / Risk Assessment,0.9854785,Safety / Contraindication,0.006436455,0.97904205,0.06933048,0.14198625,0.7886833,Monitoring / Response / Risk Assessment,Monitoring / Response / Risk Assessment,1,True,Pharmacotherapy,0.5805537,Diagnosis / Differential Diagnosis,0.5125228,0.068030894,False,0.509286,0.512523,0.450211,0.511347,0.580554,0.440554,0.447351,0.496787,0.459461,0.158099
Q388,Magnesium role in Preeclampsia pathophysiology,EN,drugclass role in disease pathophysiology,6,Mechanism / Background Knowledge,0.9630916,Prophylaxis / Maintenance,0.009283573,0.953808,0.16779414,0.41705677,0.4151491,Mechanism / Background Knowledge,Mechanism / Background Knowledge,1,True,Pharmacotherapy,0.50907475,Diagnosis / Differential Diagnosis,0.39074355,0.118331194,False,0.321668,0.390744,0.259506,0.366749,0.509075,0.306616,0.198685,0.341589,0.297963,0.127923
Q389,algoritma terapi Pulmonary Embolism step up,ID,algoritma terapi disease step up,11,Management / Treatment Selection,0.984469,Guideline / Evidence Lookup,0.008368756,0.97610027,0.0488273,0.14333789,0.8078348,Management / Treatment Selection,Management / Treatment Selection,1,True,Management / Treatment,0.3736121,Pharmacotherapy,0.2844178,0.0891943,False,0.373612,0.242224,0.225396,0.244146,0.284418,0.265559,0.242228,0.267169,0.255031,0.158703
Q390,panduan klinis Ischaemic Stroke terbaru,ID,panduan klinis disease terbaru,0,Guideline / Evidence Lookup,0.91655445,Management / Treatment Selection,0.03650859,0.8800459,0.097233236,0.4615992,0.44116762,Guideline / Evidence Lookup,Guideline / Evidence Lookup,1,True,Evidence / Guideline Lookup,0.6158066,Management / Treatment,0.5868623,0.028944254,False,0.586862,0.528321,0.370782,0.541863,0.437197,0.615807,0.545039,0.56875,0.502238,0.130447
Q391,when to start Secukinumab in Disseminated Intravascular Coagulation,EN,when to start medicine in disease,0,Management / Treatment Selection,0.9559435,Interaction / Combination,0.01427071,0.9416728,0.02353667,0.07813453,0.89832884,Management / Treatment Selection,Management / Treatment Selection,1,True,Management / Treatment,0.49333054,Pharmacotherapy,0.42713398,0.06619656,False,0.493331,0.264366,0.317885,0.349373,0.427134,0.386254,0.417558,0.396777,0.307661,0.070351
Q392,switch from Artemether-lumefantrine to Artemether-lumefantrine in Typhoid Fever,EN,switch from medicine to medicine in disease,0,Treatment Change / Escalation,0.9863862,Dosing / Administration,0.006705008,0.9796812,0.03939372,0.30122343,0.6593829,Treatment Change / Escalation,Treatment Change / Escalation,1,True,Management / Treatment,0.42528063,Pharmacotherapy,0.4076186,0.017662019,False,0.425281,0.240374,0.272614,0.373262,0.407619,0.346428,0.401849,0.330152,0.349958,0.072468
Q393,monitoring SSRIs pada ADHD parameter apa,MIXED,monitoring drugclass pada disease parameter apa,6,Monitoring / Response / Risk Assessment,0.97772866,Safety / Contraindication,0.009149787,0.9685789,0.09599276,0.13766247,0.7663448,Monitoring / Response / Risk Assessment,Monitoring / Response / Risk Assessment,1,True,Pharmacotherapy,0.659453,Diagnosis / Differential Diagnosis,0.48401013,0.17544284,False,0.44704,0.48401,0.412973,0.437754,0.659453,0.413069,0.315688,0.455548,0.381279,0.184289
Q394,Topical calcineurin inhibitors adverse effects monitoring in Psoriasis,EN,drugclass adverse effects monitoring in disease,6,Monitoring / Response / Risk Assessment,0.890431,Safety / Contraindication,0.05327918,0.8371518,0.15212123,0.14367965,0.70419914,Safety / Contraindication,Safety / Contraindication; Monitoring / Response / Risk Assessment,2,True,Pharmacotherapy,0.6137334,Diagnosis / Differential Diagnosis,0.46670735,0.14702606,False,0.335202,0.466707,0.287495,0.368173,0.613733,0.375557,0.22477,0.414124,0.334353,0.130501
Q395,Vitamin A hepatic impairment dose in Stunting / Malnutrition,EN,medicine hepatic impairment dose in disease,3,Dosing / Administration,0.9290329,Safety / Contraindication,0.028950522,0.9000824,0.23898493,0.3060625,0.45495266,Dosing / Administration,Dosing / Administration,1,True,Pharmacotherapy,0.32883036,Evidence / Guideline Lookup,0.26495534,0.06387502,False,0.197985,0.202103,0.118141,0.204014,0.32883,0.264955,0.15193,0.25321,0.206036,-0.02566
Q396,Norepinephrine dosing in Sepsis with diabetes,EN,medicine dosing in disease with diabetes,2,Dosing / Administration,0.41855136,Safety / Contraindication,0.38959992,0.028951436,0.06273669,0.3429199,0.5943434,Dosing / Administration,Dosing / Administration,1,True,Pharmacotherapy,0.42001474,Evidence / Guideline Lookup,0.29160866,0.12840608,False,0.239934,0.18076,0.112034,0.197417,0.420015,0.291609,0.207703,0.253892,0.163736,-0.07101
Q397,Malaria risk stratification approach,EN,disease risk stratification approach,9,Monitoring / Response / Risk Assessment,0.98009765,Safety / Contraindication,0.007012265,0.9730854,0.1537722,0.15504873,0.69117904,Monitoring / Response / Risk Assessment,Monitoring / Response / Risk Assessment,1,True,Epidemiology / Prognosis,0.41271687,Diagnosis / Differential Diagnosis,0.3868887,0.025828153,False,0.324219,0.386889,0.253353,0.288347,0.271104,0.282816,0.162188,0.412717,0.32964,0.106946
Q398,Corticosteroids terbaru untuk Sepsis 2024,MIXED,drugclass terbaru untuk disease 2024,6,Guideline / Evidence Lookup,0.8966595,Management / Treatment Selection,0.049582694,0.8470768,0.08730637,0.4494459,0.4632478,Guideline / Evidence Lookup,Guideline / Evidence Lookup,1,True,Pharmacotherapy,0.51074415,Evidence / Guideline Lookup,0.43501878,0.07572538,False,0.324825,0.30596,0.30808,0.362859,0.510744,0.435019,0.25411,0.403213,0.283246,0.107759
Q399,Beta blockers selective mechanism untuk Atrial Fibrillation bagaimana cara kerjanya,MIXED,drugclass mechanism untuk disease bagaimana cara kerjanya,6,Mechanism / Background Knowledge,0.96171975,Prophylaxis / Maintenance,0.009412251,0.9523075,0.15438461,0.42697334,0.418642,Mechanism / Background Knowledge,Mechanism / Background Knowledge,1,True,Pharmacotherapy,0.48622504,Test / Clinical Data Interpretation,0.29653132,0.18969372,False,0.286505,0.268812,0.208812,0.296531,0.486225,0.202821,0.183406,0.261964,0.28767,0.082469
Q400,COPD pada anak dosis Salmeterol,ID,disease pada anak dosis medicine,10,Dosing / Administration,0.9359979,Prophylaxis / Maintenance,0.026671981,0.9093259,0.099171415,0.40157285,0.4992557,Dosing / Administration,Dosing / Administration,1,True,Epidemiology / Prognosis,0.3919183,Diagnosis / Differential Diagnosis,0.374479,0.017439306,False,0.3242,0.374479,0.238274,0.36668,0.365594,0.337571,0.28756,0.391918,0.297087,0.035287
Q401,when to start Bisoprolol in Heart Failure,EN,when to start medicine in disease,0,Management / Treatment Selection,0.9559435,Interaction / Combination,0.01427071,0.9416728,0.02353667,0.07813453,0.89832884,Management / Treatment Selection,Management / Treatment Selection,1,True,Management / Treatment,0.49333054,Pharmacotherapy,0.42713398,0.06619656,False,0.493331,0.264366,0.317885,0.349373,0.427134,0.386254,0.417558,0.396777,0.307661,0.070351
Q402,target Obesity sudah tercapai kapan maintenance Semaglutide,MIXED,target disease sudah tercapai kapan maintenance medicine,0,Prophylaxis / Maintenance,0.9632334,Dosing / Administration,0.010901309,0.9523321,0.12038701,0.5232157,0.35639727,Prophylaxis / Maintenance,Prophylaxis / Maintenance,1,True,Management / Treatment,0.44102842,Test / Clinical Data Interpretation,0.43430948,0.0067189336,False,0.441028,0.414882,0.39689,0.434309,0.415767,0.3698,0.318194,0.421415,0.377205,0.141514
Q403,interaksi obat Artemether-lumefantrine dan Artemether-lumefantrine pada Typhoid Fever,ID,interaksi obat medicine dan medicine pada disease,0,Interaction / Combination,0.9658287,Safety / Contraindication,0.0093598245,0.9564689,0.059179965,0.17512545,0.76569456,Interaction / Combination,Interaction / Combination,1,True,Pharmacotherapy,0.56351763,Patient Communication / Education,0.382504,0.18101364,False,0.372536,0.295362,0.232078,0.35834,0.563518,0.299618,0.348382,0.361048,0.382504,0.068566
Q404,Omeprazole loading dose Peptic Ulcer Disease emergency,EN,medicine loading dose disease emergency,10,Dosing / Administration,0.9449216,Prophylaxis / Maintenance,0.024700452,0.92022115,0.17482379,0.36387566,0.46130064,Dosing / Administration,Dosing / Administration,1,True,Pharmacotherapy,0.4226651,Epidemiology / Prognosis,0.3820325,0.040632576,False,0.327804,0.286103,0.248012,0.344021,0.422665,0.351439,0.328099,0.382032,0.291569,0.071336
Q405,algoritma terapi Parkinson Disease step up,ID,algoritma terapi disease step up,11,Management / Treatment Selection,0.984469,Guideline / Evidence Lookup,0.008368756,0.97610027,0.0488273,0.14333789,0.8078348,Management / Treatment Selection,Management / Treatment Selection,1,True,Management / Treatment,0.3736121,Pharmacotherapy,0.2844178,0.0891943,False,0.373612,0.242224,0.225396,0.244146,0.284418,0.265559,0.242228,0.267169,0.255031,0.158703
Q406,Ischaemic Stroke with pregnancy first line drug,EN,disease with pregnancy first line drug,14,Management / Treatment Selection,0.98180884,Guideline / Evidence Lookup,0.0129710045,0.96883786,0.07745891,0.06796144,0.85457957,Management / Treatment Selection,Management / Treatment Selection; Safety / Contraindication,2,True,Pharmacotherapy,0.3425098,Management / Treatment,0.2733093,0.069200516,False,0.273309,0.215925,0.093627,0.187074,0.34251,0.257382,0.187263,0.256555,0.132907,0.00201
Q407,Breast Cancer HER2-positive pada anak dosis Methylphenidate,ID,disease pada anak dosis medicine,10,Dosing / Administration,0.9359979,Prophylaxis / Maintenance,0.026671981,0.9093259,0.099171415,0.40157285,0.4992557,Dosing / Administration,Dosing / Administration,1,True,Epidemiology / Prognosis,0.3919183,Diagnosis / Differential Diagnosis,0.374479,0.017439306,False,0.3242,0.374479,0.238274,0.36668,0.365594,0.337571,0.28756,0.391918,0.297087,0.035287
Q408,prophylaxis COPD Salmeterol kapan bisa dihentikan,MIXED,prophylaxis disease medicine kapan bisa dihentikan,0,Prophylaxis / Maintenance,0.98110205,Dosing / Administration,0.0068763373,0.9742257,0.0927259,0.65266055,0.2546135,Prophylaxis / Maintenance,Prophylaxis / Maintenance,1,True,Epidemiology / Prognosis,0.40883318,Management / Treatment,0.38686827,0.021964908,False,0.386868,0.348267,0.242204,0.299433,0.355644,0.374215,0.344953,0.408833,0.306948,0.042691
Q409,Spironolactone dosing in Heart Failure with obesity,EN,medicine dosing in disease with obesity,2,Dosing / Administration,0.4276565,Safety / Contraindication,0.3842029,0.043453604,0.06856056,0.34078908,0.5906504,Dosing / Administration,Dosing / Administration,1,True,Pharmacotherapy,0.36597526,Evidence / Guideline Lookup,0.26017612,0.10579914,False,0.222346,0.179001,0.115546,0.19632,0.365975,0.260176,0.19824,0.209744,0.150207,-0.084621
Q410,kapan mulai terapi Alteplase pada Ischaemic Stroke,ID,kapan mulai terapi medicine pada disease,0,Management / Treatment Selection,0.9812088,Guideline / Evidence Lookup,0.009835744,0.9713731,0.025013724,0.12852103,0.8464653,Management / Treatment Selection,Management / Treatment Selection,1,True,Management / Treatment,0.52135503,Procedures / Techniques,0.48233718,0.039017856,False,0.521355,0.332444,0.329157,0.421322,0.443465,0.468114,0.482337,0.464131,0.406137,0.057801
Q411,Alendronate pada pasien elderly Osteoporosis apa perlu adjustment,MIXED,medicine pada pasien elderly disease apa perlu adjustment,8,Dosing / Administration,0.92477244,Safety / Contraindication,0.034303326,0.89046913,0.09765041,0.3836799,0.51866966,Dosing / Administration,Dosing / Administration,1,True,Management / Treatment,0.4471611,Patient Communication / Education,0.43528968,0.011871427,False,0.447161,0.201959,0.203671,0.27731,0.417105,0.420793,0.425101,0.387648,0.43529,0.049074
Q412,Aspirin long term outcomes Ischaemic Stroke,EN,medicine long term outcomes disease,0,Efficacy / Outcomes,0.9887477,Safety / Contraindication,0.0054166606,0.9833311,0.32741308,0.2560794,0.4165075,Efficacy / Outcomes,Efficacy / Outcomes,1,True,Epidemiology / Prognosis,0.5110607,Test / Clinical Data Interpretation,0.44481257,0.06624815,False,0.404389,0.388199,0.235139,0.444813,0.380207,0.436837,0.301888,0.511061,0.413811,0.086811
Q413,SNRIs terbaru untuk Major Depressive Disorder 2024,MIXED,drugclass terbaru untuk disease 2024,6,Guideline / Evidence Lookup,0.8966595,Management / Treatment Selection,0.049582694,0.8470768,0.08730637,0.4494459,0.4632478,Guideline / Evidence Lookup,Guideline / Evidence Lookup,1,True,Pharmacotherapy,0.51074415,Evidence / Guideline Lookup,0.43501878,0.07572538,False,0.324825,0.30596,0.30808,0.362859,0.510744,0.435019,0.25411,0.403213,0.283246,0.107759
Q414,Stable Angina emergency Atorvastatin loading dose berapa,MIXED,disease emergency medicine loading dose berapa,10,Dosing / Administration,0.9398804,Prophylaxis / Maintenance,0.02592304,0.91395736,0.18925025,0.35632086,0.45442888,Dosing / Administration,Dosing / Administration,1,True,Pharmacotherapy,0.3817642,Epidemiology / Prognosis,0.32823867,0.053525537,False,0.270469,0.217183,0.230319,0.307744,0.381764,0.278425,0.272719,0.328239,0.2432,0.04358
Q415,latest Breast Cancer HER2-positive management guidelines 2023,EN,latest disease management guidelines 2023,0,Guideline / Evidence Lookup,0.9263954,Management / Treatment Selection,0.039764453,0.88663095,0.22241466,0.19744585,0.58013946,Guideline / Evidence Lookup,Guideline / Evidence Lookup,1,True,Management / Treatment,0.54494894,Evidence / Guideline Lookup,0.51894975,0.025999188,False,0.544949,0.421164,0.422948,0.434492,0.42649,0.51895,0.433123,0.517817,0.405273,0.196975
Q416,Urinary Tract Infection risk stratification approach,EN,disease risk stratification approach,9,Monitoring / Response / Risk Assessment,0.98009765,Safety / Contraindication,0.007012265,0.9730854,0.1537722,0.15504873,0.69117904,Monitoring / Response / Risk Assessment,Monitoring / Response / Risk Assessment,1,True,Epidemiology / Prognosis,0.41271687,Diagnosis / Differential Diagnosis,0.3868887,0.025828153,False,0.324219,0.386889,0.253353,0.288347,0.271104,0.282816,0.162188,0.412717,0.32964,0.106946
Q417,Venlafaxine vs Venlafaxine untuk Major Depressive Disorder,ID,medicine vs medicine untuk disease,0,Comparative Treatment Choice,0.98687124,Safety / Contraindication,0.004795867,0.9820754,0.021655308,0.85083866,0.12750602,Comparative Treatment Choice,Comparative Treatment Choice,1,True,Pharmacotherapy,0.43699035,Management / Treatment,0.38943315,0.047557205,False,0.389433,0.273161,0.279578,0.352282,0.43699,0.249742,0.330145,0.372411,0.386755,0.134663
Q418,monitoring Xanthine oxidase inhibitors pada Psoriatic Arthritis parameter apa,MIXED,monitoring drugclass pada disease parameter apa,6,Monitoring / Response / Risk Assessment,0.97772866,Safety / Contraindication,0.009149787,0.9685789,0.09599276,0.13766247,0.7663448,Monitoring / Response / Risk Assessment,Monitoring / Response / Risk Assessment,1,True,Pharmacotherapy,0.659453,Diagnosis / Differential Diagnosis,0.48401013,0.17544284,False,0.44704,0.48401,0.412973,0.437754,0.659453,0.413069,0.315688,0.455548,0.381279,0.184289
Q419,add on therapy Systemic Lupus Erythematosus after Methotrexate failure,EN,add on therapy disease after medicine failure,0,Treatment Change / Escalation,0.99019414,Dosing / Administration,0.0041230964,0.98607105,0.063120574,0.26901764,0.6678618,Treatment Change / Escalation,Treatment Change / Escalation,1,True,Management / Treatment,0.5005618,Diagnosis / Differential Diagnosis,0.45402893,0.04653284,False,0.500562,0.454029,0.273193,0.374329,0.345319,0.422058,0.39688,0.446749,0.452204,0.084918
Q420,Atrial Fibrillation pada anak dosis Metoprolol,ID,disease pada anak dosis medicine,10,Dosing / Administration,0.9359979,Prophylaxis / Maintenance,0.026671981,0.9093259,0.099171415,0.40157285,0.4992557,Dosing / Administration,Dosing / Administration,1,True,Epidemiology / Prognosis,0.3919183,Diagnosis / Differential Diagnosis,0.374479,0.017439306,False,0.3242,0.374479,0.238274,0.36668,0.365594,0.337571,0.28756,0.391918,0.297087,0.035287
Q421,Bisoprolol loading dose Heart Failure emergency,EN,medicine loading dose disease emergency,10,Dosing / Administration,0.9449216,Prophylaxis / Maintenance,0.024700452,0.92022115,0.17482379,0.36387566,0.46130064,Dosing / Administration,Dosing / Administration,1,True,Pharmacotherapy,0.4226651,Epidemiology / Prognosis,0.3820325,0.040632576,False,0.327804,0.286103,0.248012,0.344021,0.422665,0.351439,0.328099,0.382032,0.291569,0.071336
Q422,kapan start Rivaroxaban di Deep Vein Thrombosis evidence terbaru terbaru,MIXED,kapan start medicine di disease evidence terbaru terbaru,0,Guideline / Evidence Lookup,0.9389991,Management / Treatment Selection,0.030376082,0.90862304,0.11241233,0.31411198,0.5734757,Guideline / Evidence Lookup,Guideline / Evidence Lookup; Management / Treatment Selection,2,True,Evidence / Guideline Lookup,0.54101753,Epidemiology / Prognosis,0.47927803,0.061739504,False,0.45544,0.407959,0.403036,0.47692,0.4673,0.541018,0.385323,0.479278,0.349878,0.144649
Q423,prophylaxis Hypertension in Pregnancy Methyldopa kapan bisa dihentikan,MIXED,prophylaxis disease medicine kapan bisa dihentikan,0,Prophylaxis / Maintenance,0.98110205,Dosing / Administration,0.0068763373,0.9742257,0.0927259,0.65266055,0.2546135,Prophylaxis / Maintenance,Prophylaxis / Maintenance,1,True,Epidemiology / Prognosis,0.40883318,Management / Treatment,0.38686827,0.021964908,False,0.386868,0.348267,0.242204,0.299433,0.355644,0.374215,0.344953,0.408833,0.306948,0.042691
Q424,monitoring parameters Prednisolone in COPD,EN,monitoring parameters medicine in disease,6,Monitoring / Response / Risk Assessment,0.9854785,Safety / Contraindication,0.006436455,0.97904205,0.06933048,0.14198625,0.7886833,Monitoring / Response / Risk Assessment,Monitoring / Response / Risk Assessment,1,True,Pharmacotherapy,0.5805537,Diagnosis / Differential Diagnosis,0.5125228,0.068030894,False,0.509286,0.512523,0.450211,0.511347,0.580554,0.440554,0.447351,0.496787,0.459461,0.158099
Q425,target Urinary Tract Infection sudah tercapai kapan maintenance Tenofovir+Lamivudine,MIXED,target disease sudah tercapai kapan maintenance medicine,0,Prophylaxis / Maintenance,0.9632334,Dosing / Administration,0.010901309,0.9523321,0.12038701,0.5232157,0.35639727,Prophylaxis / Maintenance,Prophylaxis / Maintenance,1,True,Management / Treatment,0.44102842,Test / Clinical Data Interpretation,0.43430948,0.0067189336,False,0.441028,0.414882,0.39689,0.434309,0.415767,0.3698,0.318194,0.421415,0.377205,0.141514
Q426,target Psoriasis sudah tercapai kapan maintenance Dupilumab,MIXED,target disease sudah tercapai kapan maintenance medicine,0,Prophylaxis / Maintenance,0.9632334,Dosing / Administration,0.010901309,0.9523321,0.12038701,0.5232157,0.35639727,Prophylaxis / Maintenance,Prophylaxis / Maintenance,1,True,Management / Treatment,0.44102842,Test / Clinical Data Interpretation,0.43430948,0.0067189336,False,0.441028,0.414882,0.39689,0.434309,0.415767,0.3698,0.318194,0.421415,0.377205,0.141514
Q427,kontraindikasi Lansoprazole pada Pulmonary Embolism dengan renal impairment,MIXED,kontraindikasi medicine pada disease dengan renal impairment,1,Safety / Contraindication,0.83051604,Dosing / Administration,0.06555777,0.76495826,0.07218944,0.29021436,0.63759625,Safety / Contraindication,Safety / Contraindication,1,True,Diagnosis / Differential Diagnosis,0.36600733,Epidemiology / Prognosis,0.360366,0.005641341,False,0.312601,0.366007,0.211924,0.343709,0.351974,0.349604,0.281316,0.360366,0.331933,0.049867
Q428,penggantian Sertraline ke Venlafaxine pada Major Depressive Disorder,ID,penggantian medicine ke medicine pada disease,0,Treatment Change / Escalation,0.99038905,Dosing / Administration,0.00490377,0.98548526,0.037377242,0.31200257,0.65062016,Treatment Change / Escalation,Treatment Change / Escalation,1,True,Pharmacotherapy,0.39711893,Procedures / Techniques,0.38902795,0.008090973,False,0.378805,0.222499,0.249126,0.334792,0.397119,0.335479,0.389028,0.322685,0.324192,0.030509
Q429,dosis Dupilumab untuk pasien Disseminated Intravascular Coagulation,ID,dosis medicine untuk pasien disease,10,Dosing / Administration,0.93178225,Safety / Contraindication,0.028436065,0.9033462,0.087837555,0.3468386,0.56532377,Dosing / Administration,Dosing / Administration,1,True,Pharmacotherapy,0.4773904,Epidemiology / Prognosis,0.3711667,0.1062237,False,0.337772,0.265517,0.224131,0.304987,0.47739,0.362375,0.330342,0.371167,0.288422,-0.021122
Q430,Major Depressive Disorder dengan renal impairment penyesuaian dosis Venlafaxine,MIXED,disease dengan renal impairment penyesuaian dosis medicine,1,Dosing / Administration,0.93447703,Safety / Contraindication,0.026299171,0.90817785,0.12735051,0.38163197,0.49101758,Dosing / Administration,Dosing / Administration,1,True,Epidemiology / Prognosis,0.3254621,Pharmacotherapy,0.31451082,0.010951281,False,0.248229,0.281574,0.172108,0.30487,0.314511,0.272935,0.225793,0.325462,0.273432,0.003097
Q431,Proton pump inhibitors kontraindikasi pada Peptic Ulcer Disease dengan anaemia,ID,drugclass kontraindikasi pada disease dengan anaemia,12,Safety / Contraindication,0.57139087,Guideline / Evidence Lookup,0.071930125,0.49946076,0.06540742,0.32840514,0.60618746,Safety / Contraindication,Safety / Contraindication,1,True,Diagnosis / Differential Diagnosis,0.4211911,Pharmacotherapy,0.41907984,0.0021112561,False,0.308867,0.421191,0.257251,0.369292,0.41908,0.352662,0.188092,0.344417,0.254985,0.119918
Q432,Semaglutide combination therapy Obesity,EN,medicine combination therapy disease,0,Interaction / Combination,0.9626987,Safety / Contraindication,0.009370143,0.95332855,0.06538383,0.18824223,0.74637395,Interaction / Combination,Interaction / Combination,1,True,Management / Treatment,0.47082534,Pharmacotherapy,0.42574722,0.04507813,False,0.470825,0.334165,0.245566,0.325421,0.425747,0.402825,0.364302,0.412593,0.38769,0.11699
Q433,monitoring parameters Losartan in Chronic Kidney Disease,EN,monitoring parameters medicine in disease,6,Monitoring / Response / Risk Assessment,0.9854785,Safety / Contraindication,0.006436455,0.97904205,0.06933048,0.14198625,0.7886833,Monitoring / Response / Risk Assessment,Monitoring / Response / Risk Assessment,1,True,Pharmacotherapy,0.5805537,Diagnosis / Differential Diagnosis,0.5125228,0.068030894,False,0.509286,0.512523,0.450211,0.511347,0.580554,0.440554,0.447351,0.496787,0.459461,0.158099
Q434,Rosuvastatin contraindication in Acute Coronary Syndrome with anaemia,EN,medicine contraindication in disease with anaemia,12,Dosing / Administration,0.40504202,Safety / Contraindication,0.40285012,0.0021919012,0.07290639,0.33919907,0.58789456,Safety / Contraindication,Safety / Contraindication,1,True,Pharmacotherapy,0.31550953,Evidence / Guideline Lookup,0.31430072,0.001208812,False,0.304468,0.289717,0.208535,0.296103,0.31551,0.314301,0.264803,0.309448,0.23835,0.034868
Q435,Artemether-lumefantrine hepatic impairment dose in Typhoid Fever,EN,medicine hepatic impairment dose in disease,3,Dosing / Administration,0.9290329,Safety / Contraindication,0.028950522,0.9000824,0.23898493,0.3060625,0.45495266,Dosing / Administration,Dosing / Administration,1,True,Pharmacotherapy,0.32883036,Evidence / Guideline Lookup,0.26495534,0.06387502,False,0.197985,0.202103,0.118141,0.204014,0.32883,0.264955,0.15193,0.25321,0.206036,-0.02566
Q436,Dupilumab vs Cyclosporine untuk pasien Psoriasis mana lebih efektif,MIXED,medicine vs medicine untuk pasien disease mana lebih efektif,0,Comparative Treatment Choice,0.9871715,Safety / Contraindication,0.0046370034,0.98253447,0.021237668,0.8594299,0.119332485,Comparative Treatment Choice,Comparative Treatment Choice,1,True,Pharmacotherapy,0.5386045,Management / Treatment,0.5001536,0.038450897,False,0.500154,0.318894,0.321434,0.354512,0.538604,0.374143,0.441864,0.429394,0.429246,0.150252
Q437,Parkinson Disease with elderly patients first line drug,EN,disease with elderly patients first line drug,8,Management / Treatment Selection,0.98507327,Guideline / Evidence Lookup,0.011782589,0.9732907,0.03367524,0.09424258,0.8720822,Management / Treatment Selection,Management / Treatment Selection,1,True,Pharmacotherapy,0.42937905,Evidence / Guideline Lookup,0.37441444,0.054964602,False,0.361627,0.252922,0.152308,0.248844,0.429379,0.374414,0.227736,0.359006,0.292115,0.022862
Q438,Schizophrenia emergency Risperidone loading dose berapa,MIXED,disease emergency medicine loading dose berapa,10,Dosing / Administration,0.9398804,Prophylaxis / Maintenance,0.02592304,0.91395736,0.18925025,0.35632086,0.45442888,Dosing / Administration,Dosing / Administration,1,True,Pharmacotherapy,0.3817642,Epidemiology / Prognosis,0.32823867,0.053525537,False,0.270469,0.217183,0.230319,0.307744,0.381764,0.278425,0.272719,0.328239,0.2432,0.04358
Q439,Secukinumab loading dose Disseminated Intravascular Coagulation emergency,EN,medicine loading dose disease emergency,10,Dosing / Administration,0.9449216,Prophylaxis / Maintenance,0.024700452,0.92022115,0.17482379,0.36387566,0.46130064,Dosing / Administration,Dosing / Administration,1,True,Pharmacotherapy,0.4226651,Epidemiology / Prognosis,0.3820325,0.040632576,False,0.327804,0.286103,0.248012,0.344021,0.422665,0.351439,0.328099,0.382032,0.291569,0.071336
Q440,Atrial Fibrillation risk stratification approach,EN,disease risk stratification approach,9,Monitoring / Response / Risk Assessment,0.98009765,Safety / Contraindication,0.007012265,0.9730854,0.1537722,0.15504873,0.69117904,Monitoring / Response / Risk Assessment,Monitoring / Response / Risk Assessment,1,True,Epidemiology / Prognosis,0.41271687,Diagnosis / Differential Diagnosis,0.3868887,0.025828153,False,0.324219,0.386889,0.253353,0.288347,0.271104,0.282816,0.162188,0.412717,0.32964,0.106946
Q441,Atorvastatin hepatic impairment dose in Stable Angina,EN,medicine hepatic impairment dose in disease,3,Dosing / Administration,0.9290329,Safety / Contraindication,0.028950522,0.9000824,0.23898493,0.3060625,0.45495266,Dosing / Administration,Dosing / Administration,1,True,Pharmacotherapy,0.32883036,Evidence / Guideline Lookup,0.26495534,0.06387502,False,0.197985,0.202103,0.118141,0.204014,0.32883,0.264955,0.15193,0.25321,0.206036,-0.02566
Q442,add on Prednisolone setelah Tiotropium gagal COPD,MIXED,add on medicine setelah medicine gagal disease,0,Treatment Change / Escalation,0.99029225,Dosing / Administration,0.0043945983,0.98589766,0.046095613,0.3221867,0.63171774,Treatment Change / Escalation,Treatment Change / Escalation,1,True,Management / Treatment,0.48695514,Procedures / Techniques,0.43216544,0.054789692,False,0.486955,0.365138,0.298429,0.376707,0.418626,0.375679,0.432165,0.401876,0.404557,0.071249
Q443,prophylaxis Schizophrenia Risperidone kapan bisa dihentikan,MIXED,prophylaxis disease medicine kapan bisa dihentikan,0,Prophylaxis / Maintenance,0.98110205,Dosing / Administration,0.0068763373,0.9742257,0.0927259,0.65266055,0.2546135,Prophylaxis / Maintenance,Prophylaxis / Maintenance,1,True,Epidemiology / Prognosis,0.40883318,Management / Treatment,0.38686827,0.021964908,False,0.386868,0.348267,0.242204,0.299433,0.355644,0.374215,0.344953,0.408833,0.306948,0.042691
Q444,Rivaroxaban hepatic impairment dose in Community-acquired Pneumonia,EN,medicine hepatic impairment dose in disease,3,Dosing / Administration,0.9290329,Safety / Contraindication,0.028950522,0.9000824,0.23898493,0.3060625,0.45495266,Dosing / Administration,Dosing / Administration,1,True,Pharmacotherapy,0.32883036,Evidence / Guideline Lookup,0.26495534,0.06387502,False,0.197985,0.202103,0.118141,0.204014,0.32883,0.264955,0.15193,0.25321,0.206036,-0.02566
Q445,indikasi Losartan pada Heart Failure guideline terbaru,MIXED,indikasi medicine pada disease guideline terbaru,0,Guideline / Evidence Lookup,0.9326238,Management / Treatment Selection,0.033688597,0.8989352,0.09947687,0.3768578,0.52366537,Guideline / Evidence Lookup,Guideline / Evidence Lookup; Management / Treatment Selection,2,True,Evidence / Guideline Lookup,0.56445384,Diagnosis / Differential Diagnosis,0.5608883,0.0035655499,False,0.507323,0.560888,0.357313,0.531261,0.512631,0.564454,0.425113,0.54769,0.486233,0.147116
Q446,Type 1 Diabetes Mellitus dengan pregnancy pilihan terapi,ID,disease dengan pregnancy pilihan terapi,14,Management / Treatment Selection,0.9692162,Guideline / Evidence Lookup,0.012231452,0.95698476,0.063786864,0.09356439,0.84264874,Management / Treatment Selection,Management / Treatment Selection; Safety / Contraindication,2,True,Management / Treatment,0.42247385,Epidemiology / Prognosis,0.39687997,0.025593877,False,0.422474,0.321842,0.169247,0.270312,0.303277,0.350772,0.32588,0.39688,0.291522,0.086018
Q447,Lansoprazole vs Metronidazole untuk Pulmonary Embolism,ID,medicine vs medicine untuk disease,0,Comparative Treatment Choice,0.98687124,Safety / Contraindication,0.004795867,0.9820754,0.021655308,0.85083866,0.12750602,Comparative Treatment Choice,Comparative Treatment Choice,1,True,Pharmacotherapy,0.43699035,Management / Treatment,0.38943315,0.047557205,False,0.389433,0.273161,0.279578,0.352282,0.43699,0.249742,0.330145,0.372411,0.386755,0.134663
Q448,Pembrolizumab vs Pembrolizumab untuk pasien Non-Small Cell Lung Cancer mana lebih efektif,MIXED,medicine vs medicine untuk pasien disease mana lebih efektif,0,Comparative Treatment Choice,0.9871715,Safety / Contraindication,0.0046370034,0.98253447,0.021237668,0.8594299,0.119332485,Comparative Treatment Choice,Comparative Treatment Choice,1,True,Pharmacotherapy,0.5386045,Management / Treatment,0.5001536,0.038450897,False,0.500154,0.318894,0.321434,0.354512,0.538604,0.374143,0.441864,0.429394,0.429246,0.150252
Q449,Beta-lactam combinations mechanism of action in Sepsis,EN,drugclass mechanism of action in disease,6,Mechanism / Background Knowledge,0.9610921,Prophylaxis / Maintenance,0.008825004,0.9522671,0.14974125,0.42445755,0.4258012,Mechanism / Background Knowledge,Mechanism / Background Knowledge,1,True,Pharmacotherapy,0.47425747,Management / Treatment,0.2661301,0.20812738,False,0.26613,0.222665,0.163268,0.215239,0.474257,0.175935,0.149279,0.216707,0.245986,0.053999
Q450,kontraindikasi Liraglutide pada Type 2 Diabetes Mellitus dengan CKD,MIXED,kontraindikasi medicine pada disease dengan ckd,4,Safety / Contraindication,0.85820323,Dosing / Administration,0.032274168,0.82592905,0.06826277,0.28301325,0.64872396,Safety / Contraindication,Safety / Contraindication,1,True,Diagnosis / Differential Diagnosis,0.4676312,Epidemiology / Prognosis,0.4414499,0.02618128,False,0.369012,0.467631,0.246184,0.434569,0.406315,0.432256,0.311557,0.44145,0.356672,0.055426
Q451,Colorectal Cancer prophylaxis Pembrolizumab indication,EN,disease prophylaxis medicine indication,0,Prophylaxis / Maintenance,0.98185766,Dosing / Administration,0.0056586284,0.97619903,0.10218652,0.6636613,0.23415214,Prophylaxis / Maintenance,Prophylaxis / Maintenance; Management / Treatment Selection,2,True,Diagnosis / Differential Diagnosis,0.48598784,Epidemiology / Prognosis,0.41643748,0.069550365,False,0.317798,0.485988,0.212731,0.38313,0.282958,0.371821,0.286917,0.416437,0.32907,0.010429
Q452,Prednisolone combination therapy Rheumatoid Arthritis,EN,medicine combination therapy disease,0,Interaction / Combination,0.9626987,Safety / Contraindication,0.009370143,0.95332855,0.06538383,0.18824223,0.74637395,Interaction / Combination,Interaction / Combination,1,True,Management / Treatment,0.47082534,Pharmacotherapy,0.42574722,0.04507813,False,0.470825,0.334165,0.245566,0.325421,0.425747,0.402825,0.364302,0.412593,0.38769,0.11699
Q453,Topiramate pada pasien elderly Migraine apa perlu adjustment,MIXED,medicine pada pasien elderly disease apa perlu adjustment,8,Dosing / Administration,0.92477244,Safety / Contraindication,0.034303326,0.89046913,0.09765041,0.3836799,0.51866966,Dosing / Administration,Dosing / Administration,1,True,Management / Treatment,0.4471611,Patient Communication / Education,0.43528968,0.011871427,False,0.447161,0.201959,0.203671,0.27731,0.417105,0.420793,0.425101,0.387648,0.43529,0.049074
Q454,switch dari Meropenem ke Vancomycin Sepsis progresif,MIXED,switch dari medicine ke medicine disease progresif,0,Treatment Change / Escalation,0.99218833,Dosing / Administration,0.0035329384,0.9886554,0.049029365,0.3188914,0.63207924,Treatment Change / Escalation,Treatment Change / Escalation,1,True,Management / Treatment,0.3716695,Procedures / Techniques,0.34782794,0.02384156,False,0.37167,0.226748,0.234984,0.337939,0.327019,0.341015,0.347828,0.315691,0.32162,0.022536
Q455,obat Typhoid Fever lini pertama Antimalarials,ID,obat disease lini pertama drugclass,6,Management / Treatment Selection,0.33077404,Interaction / Combination,0.32089895,0.009875089,0.080650195,0.18073949,0.73861027,Management / Treatment Selection,Management / Treatment Selection,1,True,Pharmacotherapy,0.56257313,Management / Treatment,0.33475804,0.22781509,False,0.334758,0.232899,0.240251,0.284723,0.562573,0.322557,0.239786,0.27486,0.215046,0.094917
Q456,kapan start Zinc di Stunting / Malnutrition evidence terbaru 2023,MIXED,kapan start medicine di disease evidence terbaru 2023,0,Guideline / Evidence Lookup,0.9412879,Management / Treatment Selection,0.028520662,0.91276723,0.15944636,0.2758878,0.56466585,Guideline / Evidence Lookup,Guideline / Evidence Lookup; Management / Treatment Selection,2,True,Evidence / Guideline Lookup,0.54187274,Epidemiology / Prognosis,0.49482897,0.04704377,False,0.421756,0.367639,0.449758,0.473521,0.447549,0.541873,0.363461,0.494829,0.344324,0.138202
Q457,is Nivolumab safe in Non-Small Cell Lung Cancer with atrial fibrillation,EN,is medicine safe in disease with atrial fibrillation,13,Safety / Contraindication,0.8881545,Efficacy / Outcomes,0.030467028,0.8576875,0.18901825,0.23088399,0.58009773,Safety / Contraindication,Safety / Contraindication,1,True,Epidemiology / Prognosis,0.27398503,Evidence / Guideline Lookup,0.25045043,0.023534596,False,0.182267,0.191012,0.124885,0.216449,0.222343,0.25045,0.190326,0.273985,0.21682,-0.002438
Q458,NRTIs mechanism of action in Malaria,EN,drugclass mechanism of action in disease,6,Mechanism / Background Knowledge,0.9610921,Prophylaxis / Maintenance,0.008824999,0.9522671,0.14974128,0.42445752,0.42580116,Mechanism / Background Knowledge,Mechanism / Background Knowledge,1,True,Pharmacotherapy,0.47425747,Management / Treatment,0.26613,0.20812747,False,0.26613,0.222665,0.163268,0.215239,0.474257,0.175935,0.149279,0.216707,0.245985,0.053999
Q459,prophylaxis Gout Adalimumab kapan bisa dihentikan,MIXED,prophylaxis disease medicine kapan bisa dihentikan,0,Prophylaxis / Maintenance,0.98110205,Dosing / Administration,0.0068763373,0.9742257,0.0927259,0.65266055,0.2546135,Prophylaxis / Maintenance,Prophylaxis / Maintenance,1,True,Epidemiology / Prognosis,0.40883318,Management / Treatment,0.38686827,0.021964908,False,0.386868,0.348267,0.242204,0.299433,0.355644,0.374215,0.344953,0.408833,0.306948,0.042691
Q460,Sepsis guideline update terbaru summary,EN,disease guideline update terbaru summary,0,Guideline / Evidence Lookup,0.9088194,Management / Treatment Selection,0.04170058,0.8671188,0.293032,0.31573686,0.39123112,Guideline / Evidence Lookup,Guideline / Evidence Lookup,1,True,Evidence / Guideline Lookup,0.52301604,Diagnosis / Differential Diagnosis,0.4909873,0.032028735,False,0.37088,0.490987,0.287453,0.444838,0.335052,0.523016,0.25256,0.432099,0.36436,0.12604
Q461,is Semaglutide safe in Type 2 Diabetes Mellitus with COPD,EN,is medicine safe in disease with copd,4,Safety / Contraindication,0.8930269,Efficacy / Outcomes,0.022864789,0.8701621,0.12885419,0.24801251,0.6231333,Safety / Contraindication,Safety / Contraindication,1,True,Pharmacotherapy,0.38893282,Epidemiology / Prognosis,0.3388872,0.05004561,False,0.290134,0.266353,0.167293,0.277776,0.388933,0.293829,0.256141,0.338887,0.284576,0.019992
Q462,Aspirin combination therapy Ischaemic Stroke,EN,medicine combination therapy disease,0,Interaction / Combination,0.9626987,Safety / Contraindication,0.009370143,0.95332855,0.06538383,0.18824223,0.74637395,Interaction / Combination,Interaction / Combination,1,True,Management / Treatment,0.47082534,Pharmacotherapy,0.42574722,0.04507813,False,0.470825,0.334165,0.245566,0.325421,0.425747,0.402825,0.364302,0.412593,0.38769,0.11699
Q463,Tuberculosis with renal impairment first line drug,EN,disease with renal impairment first line drug,1,Management / Treatment Selection,0.9874352,Guideline / Evidence Lookup,0.008868202,0.978567,0.03614598,0.0930994,0.8707546,Management / Treatment Selection,Management / Treatment Selection,1,True,Pharmacotherapy,0.333651,Management / Treatment,0.28352186,0.050129145,False,0.283522,0.274131,0.161106,0.252014,0.333651,0.267035,0.16878,0.272886,0.21962,0.006957
Q464,kontraindikasi Semaglutide pada Obesity dengan diabetes,MIXED,kontraindikasi medicine pada disease dengan diabetes,2,Safety / Contraindication,0.8583038,Dosing / Administration,0.032023847,0.82627994,0.052379094,0.2878379,0.659783,Safety / Contraindication,Safety / Contraindication,1,True,Pharmacotherapy,0.4029591,Evidence / Guideline Lookup,0.37541324,0.02754587,False,0.337822,0.364472,0.17225,0.305505,0.402959,0.375413,0.254643,0.340958,0.296721,0.03715
Q465,Hypertension prophylaxis Ramipril indication,EN,disease prophylaxis medicine indication,0,Prophylaxis / Maintenance,0.98185766,Dosing / Administration,0.0056586284,0.97619903,0.10218652,0.6636613,0.23415214,Prophylaxis / Maintenance,Prophylaxis / Maintenance; Management / Treatment Selection,2,True,Diagnosis / Differential Diagnosis,0.48598784,Epidemiology / Prognosis,0.41643748,0.069550365,False,0.317798,0.485988,0.212731,0.38313,0.282958,0.371821,0.286917,0.416437,0.32907,0.010429
Q466,panduan klinis Major Depressive Disorder terbaru,ID,panduan klinis disease terbaru,0,Guideline / Evidence Lookup,0.91655445,Management / Treatment Selection,0.03650859,0.8800459,0.097233236,0.4615992,0.44116762,Guideline / Evidence Lookup,Guideline / Evidence Lookup,1,True,Evidence / Guideline Lookup,0.6158066,Management / Treatment,0.5868623,0.028944254,False,0.586862,0.528321,0.370782,0.541863,0.437197,0.615807,0.545039,0.56875,0.502238,0.130447
Q467,Artemether-lumefantrine side effect pada pasien Typhoid Fever apa saja,MIXED,medicine side effect pada pasien disease apa saja,0,Safety / Contraindication,0.41915825,Dosing / Administration,0.3823942,0.036764055,0.075281054,0.3383302,0.5863887,Safety / Contraindication,Safety / Contraindication,1,True,Pharmacotherapy,0.49910206,Epidemiology / Prognosis,0.49503168,0.0040703714,False,0.414928,0.405403,0.18851,0.352944,0.499102,0.404142,0.329019,0.495032,0.438269,0.01451
Q468,Systemic Lupus Erythematosus prophylaxis Methotrexate indication,EN,disease prophylaxis medicine indication,0,Prophylaxis / Maintenance,0.98185766,Dosing / Administration,0.0056586284,0.97619903,0.10218652,0.6636613,0.23415214,Prophylaxis / Maintenance,Prophylaxis / Maintenance; Management / Treatment Selection,2,True,Diagnosis / Differential Diagnosis,0.48598784,Epidemiology / Prognosis,0.41643748,0.069550365,False,0.317798,0.485988,0.212731,0.38313,0.282958,0.371821,0.286917,0.416437,0.32907,0.010429
Q469,indikasi Bedaquiline pada MDR Tuberculosis guideline terbaru,MIXED,indikasi medicine pada disease guideline terbaru,0,Guideline / Evidence Lookup,0.9326238,Management / Treatment Selection,0.033688597,0.8989352,0.09947687,0.3768578,0.52366537,Guideline / Evidence Lookup,Guideline / Evidence Lookup; Management / Treatment Selection,2,True,Evidence / Guideline Lookup,0.56445384,Diagnosis / Differential Diagnosis,0.5608883,0.0035655499,False,0.507323,0.560888,0.357313,0.531261,0.512631,0.564454,0.425113,0.54769,0.486233,0.147116
Q470,HIV/AIDS pada anak dosis Amoxicillin,ID,disease pada anak dosis medicine,10,Dosing / Administration,0.9359979,Prophylaxis / Maintenance,0.026671981,0.9093259,0.099171415,0.40157285,0.4992557,Dosing / Administration,Dosing / Administration,1,True,Epidemiology / Prognosis,0.3919183,Diagnosis / Differential Diagnosis,0.374479,0.017439306,False,0.3242,0.374479,0.238274,0.36668,0.365594,0.337571,0.28756,0.391918,0.297087,0.035287
Q471,monitoring terapi Venlafaxine pada Major Depressive Disorder,ID,monitoring terapi medicine pada disease,6,Monitoring / Response / Risk Assessment,0.9323255,Management / Treatment Selection,0.02334587,0.9089796,0.024235934,0.07558217,0.9001819,Monitoring / Response / Risk Assessment,Monitoring / Response / Risk Assessment,1,True,Pharmacotherapy,0.5618754,Management / Treatment,0.5441389,0.017736495,False,0.544139,0.440887,0.368271,0.442302,0.561875,0.471306,0.51239,0.474312,0.487222,0.101224
Q472,ARBs mechanism untuk Hypertension bagaimana cara kerjanya,MIXED,drugclass mechanism untuk disease bagaimana cara kerjanya,6,Mechanism / Background Knowledge,0.96171975,Prophylaxis / Maintenance,0.009412251,0.9523075,0.15438461,0.42697334,0.418642,Mechanism / Background Knowledge,Mechanism / Background Knowledge,1,True,Pharmacotherapy,0.48622504,Test / Clinical Data Interpretation,0.29653132,0.18969372,False,0.286505,0.268812,0.208812,0.296531,0.486225,0.202821,0.183406,0.261964,0.28767,0.082469
Q473,Tenofovir+Lamivudine efficacy pada Urinary Tract Infection clinical outcome data,MIXED,medicine efficacy pada disease clinical outcome data,0,Efficacy / Outcomes,0.985386,Safety / Contraindication,0.007339046,0.97804695,0.25569043,0.34933466,0.39497498,Efficacy / Outcomes,Efficacy / Outcomes,1,True,Epidemiology / Prognosis,0.5372452,Pharmacotherapy,0.53344434,0.003800869,False,0.482681,0.432297,0.295658,0.447422,0.533444,0.509802,0.453467,0.537245,0.427836,0.10155
Q474,Antituberculotics mechanism untuk Tuberculosis bagaimana cara kerjanya,MIXED,drugclass mechanism untuk disease bagaimana cara kerjanya,6,Mechanism / Background Knowledge,0.96171975,Prophylaxis / Maintenance,0.009412251,0.9523075,0.15438461,0.42697334,0.418642,Mechanism / Background Knowledge,Mechanism / Background Knowledge,1,True,Pharmacotherapy,0.48622504,Test / Clinical Data Interpretation,0.29653132,0.18969372,False,0.286505,0.268812,0.208812,0.296531,0.486225,0.202821,0.183406,0.261964,0.28767,0.082469
Q475,Vitamin K antagonists kontraindikasi pada Deep Vein Thrombosis dengan heart failure,ID,drugclass kontraindikasi pada disease dengan heart failure,7,Safety / Contraindication,0.36930543,Treatment Change / Escalation,0.3111187,0.05818674,0.06876268,0.36668214,0.56455517,Safety / Contraindication,Safety / Contraindication,1,True,Evidence / Guideline Lookup,0.41926318,Pharmacotherapy,0.4019316,0.01733157,False,0.341473,0.395306,0.167519,0.300767,0.401932,0.419263,0.221871,0.370239,0.315006,0.107776
Q476,Bortezomib vs Prednisolone untuk Rheumatoid Arthritis,ID,medicine vs medicine untuk disease,0,Comparative Treatment Choice,0.98687124,Safety / Contraindication,0.004795867,0.9820754,0.021655308,0.85083866,0.12750602,Comparative Treatment Choice,Comparative Treatment Choice,1,True,Pharmacotherapy,0.43699035,Management / Treatment,0.38943315,0.047557205,False,0.389433,0.273161,0.279578,0.352282,0.43699,0.249742,0.330145,0.372411,0.386755,0.134663
Q477,Losartan long term outcomes Heart Failure,EN,medicine long term outcomes disease,0,Efficacy / Outcomes,0.9887477,Safety / Contraindication,0.0054166606,0.9833311,0.32741308,0.2560794,0.4165075,Efficacy / Outcomes,Efficacy / Outcomes,1,True,Epidemiology / Prognosis,0.5110607,Test / Clinical Data Interpretation,0.44481257,0.06624815,False,0.404389,0.388199,0.235139,0.444813,0.380207,0.436837,0.301888,0.511061,0.413811,0.086811
Q478,kontraindikasi Bedaquiline pada Tuberculosis dengan immunocompromised,MIXED,kontraindikasi medicine pada disease dengan immunocompromised,0,Safety / Contraindication,0.8615675,Dosing / Administration,0.032312725,0.82925475,0.056854025,0.28647864,0.65666735,Safety / Contraindication,Safety / Contraindication,1,True,Diagnosis / Differential Diagnosis,0.4225659,Epidemiology / Prognosis,0.41732895,0.0052369535,False,0.363511,0.422566,0.277925,0.384255,0.399742,0.350616,0.261287,0.417329,0.325819,0.055936
Q479,BCR-ABL inhibitors in pregnancy and Chronic Myeloid Leukaemia,EN,drugclass in pregnancy and disease,14,Safety / Contraindication,0.73063,Efficacy / Outcomes,0.05275428,0.6778757,0.21928418,0.19392462,0.5867912,Safety / Contraindication,Safety / Contraindication,1,True,Pharmacotherapy,0.43012902,Epidemiology / Prognosis,0.24261546,0.18751356,False,0.237437,0.152368,0.091062,0.183811,0.430129,0.22596,0.210254,0.242615,0.173574,0.061209
Q480,Venlafaxine dosing in Major Depressive Disorder with atrial fibrillation,EN,medicine dosing in disease with atrial fibrillation,13,Safety / Contraindication,0.44479293,Dosing / Administration,0.38383994,0.06095299,0.18266825,0.29904008,0.51829165,Dosing / Administration,Dosing / Administration,1,True,Evidence / Guideline Lookup,0.25833976,Epidemiology / Prognosis,0.23939143,0.018948331,False,0.151338,0.149283,0.106265,0.210581,0.234044,0.25834,0.195287,0.239391,0.16011,-0.079708
Q481,Metoprolol long term outcomes Stable Angina,EN,medicine long term outcomes disease,0,Efficacy / Outcomes,0.9887477,Safety / Contraindication,0.0054166606,0.9833311,0.32741308,0.2560794,0.4165075,Efficacy / Outcomes,Efficacy / Outcomes,1,True,Epidemiology / Prognosis,0.5110607,Test / Clinical Data Interpretation,0.44481257,0.06624815,False,0.404389,0.388199,0.235139,0.444813,0.380207,0.436837,0.301888,0.511061,0.413811,0.086811
Q482,Lansoprazole long term outcomes Peptic Ulcer Disease,EN,medicine long term outcomes disease,0,Efficacy / Outcomes,0.9887477,Safety / Contraindication,0.0054166606,0.9833311,0.32741308,0.2560794,0.4165075,Efficacy / Outcomes,Efficacy / Outcomes,1,True,Epidemiology / Prognosis,0.5110607,Test / Clinical Data Interpretation,0.44481257,0.06624815,False,0.404389,0.388199,0.235139,0.444813,0.380207,0.436837,0.301888,0.511061,0.413811,0.086811
Q483,Hypertension dengan pregnancy pilihan drug terbaik,MIXED,disease dengan pregnancy pilihan drug terbaik,14,Management / Treatment Selection,0.9890631,Guideline / Evidence Lookup,0.0054933354,0.98356974,0.053752244,0.06744867,0.8787991,Management / Treatment Selection,Management / Treatment Selection; Safety / Contraindication,2,True,Pharmacotherapy,0.45223495,Epidemiology / Prognosis,0.31616896,0.13606599,False,0.312052,0.223226,0.153065,0.194254,0.452235,0.304828,0.24871,0.316169,0.165885,0.085959
Q484,titration protocol Bedaquiline in Tuberculosis,EN,titration protocol medicine in disease,5,Dosing / Administration,0.37508363,Safety / Contraindication,0.27289736,0.10218626,0.07496158,0.2319428,0.69309556,Dosing / Administration,Dosing / Administration,1,True,Procedures / Techniques,0.38592738,Management / Treatment,0.38342407,0.0025033057,False,0.383424,0.216584,0.21026,0.271932,0.345126,0.329211,0.385927,0.340985,0.312514,0.050287
Q485,Lansoprazole resistance in Peptic Ulcer Disease alternative therapy,EN,medicine resistance in disease alternative therapy,0,Interaction / Combination,0.40348408,Treatment Change / Escalation,0.21723941,0.18624467,0.06778472,0.18726723,0.744948,Treatment Change / Escalation,Treatment Change / Escalation,1,True,Pharmacotherapy,0.40112028,Evidence / Guideline Lookup,0.3830844,0.018035889,False,0.352638,0.221449,0.176431,0.249411,0.40112,0.383084,0.351894,0.318592,0.297085,0.05811
Q486,switch from Alteplase to Alteplase in Ischaemic Stroke,EN,switch from medicine to medicine in disease,0,Treatment Change / Escalation,0.9863862,Dosing / Administration,0.006705008,0.9796812,0.03939372,0.30122343,0.6593829,Treatment Change / Escalation,Treatment Change / Escalation,1,True,Management / Treatment,0.42528063,Pharmacotherapy,0.4076186,0.017662019,False,0.425281,0.240374,0.272614,0.373262,0.407619,0.346428,0.401849,0.330152,0.349958,0.072468
Q487,Centrally acting antihypertensives terbaru untuk Hypertension in Pregnancy 2025,MIXED,drugclass terbaru untuk disease 2025,6,Guideline / Evidence Lookup,0.8998918,Management / Treatment Selection,0.04795912,0.85193264,0.085921586,0.452322,0.46175644,Guideline / Evidence Lookup,Guideline / Evidence Lookup,1,True,Pharmacotherapy,0.52474326,Evidence / Guideline Lookup,0.44288886,0.0818544,False,0.352629,0.301152,0.334824,0.367458,0.524743,0.442889,0.275122,0.407953,0.289927,0.117407
Q488,Artemether-lumefantrine pada ibu hamil dengan Typhoid Fever,ID,medicine pada ibu hamil dengan disease,14,Safety / Contraindication,0.4391546,Dosing / Administration,0.335014,0.10414061,0.15489729,0.30920076,0.53590196,Safety / Contraindication,Safety / Contraindication,1,True,Procedures / Techniques,0.3559426,Management / Treatment,0.31004274,0.045899868,False,0.310043,0.188095,0.093516,0.218541,0.262597,0.257865,0.355943,0.292583,0.262079,0.012205
Q489,switch from Bedaquiline to Bedaquiline in MDR Tuberculosis,EN,switch from medicine to medicine in disease,0,Treatment Change / Escalation,0.9863862,Dosing / Administration,0.006705008,0.9796812,0.03939372,0.30122343,0.6593829,Treatment Change / Escalation,Treatment Change / Escalation,1,True,Management / Treatment,0.42528063,Pharmacotherapy,0.4076186,0.017662019,False,0.425281,0.240374,0.272614,0.373262,0.407619,0.346428,0.401849,0.330152,0.349958,0.072468
Q490,target terapi Hypothyroidism dengan Thyroid hormones,ID,target terapi disease dengan drugclass,6,Management / Treatment Selection,0.93243223,Guideline / Evidence Lookup,0.024508614,0.90792364,0.030090656,0.18426797,0.7856414,Management / Treatment Selection,Management / Treatment Selection,1,True,Pharmacotherapy,0.5370224,Management / Treatment,0.47573304,0.06128937,False,0.475733,0.312643,0.290331,0.298739,0.537022,0.41425,0.376994,0.382825,0.375278,0.135967
Q491,Empagliflozin long term outcomes Chronic Kidney Disease,EN,medicine long term outcomes disease,0,Efficacy / Outcomes,0.9887477,Safety / Contraindication,0.0054166606,0.9833311,0.32741308,0.2560794,0.4165075,Efficacy / Outcomes,Efficacy / Outcomes,1,True,Epidemiology / Prognosis,0.5110607,Test / Clinical Data Interpretation,0.44481257,0.06624815,False,0.404389,0.388199,0.235139,0.444813,0.380207,0.436837,0.301888,0.511061,0.413811,0.086811
Q492,titration protocol Alendronate in Osteoporosis,EN,titration protocol medicine in disease,5,Dosing / Administration,0.37508363,Safety / Contraindication,0.27289736,0.10218626,0.07496158,0.2319428,0.69309556,Dosing / Administration,Dosing / Administration,1,True,Procedures / Techniques,0.38592738,Management / Treatment,0.38342407,0.0025033057,False,0.383424,0.216584,0.21026,0.271932,0.345126,0.329211,0.385927,0.340985,0.312514,0.050287
Q493,monitoring parameters Isoniazid in Tuberculosis,EN,monitoring parameters medicine in disease,6,Monitoring / Response / Risk Assessment,0.9854785,Safety / Contraindication,0.006436455,0.97904205,0.06933048,0.14198625,0.7886833,Monitoring / Response / Risk Assessment,Monitoring / Response / Risk Assessment,1,True,Pharmacotherapy,0.5805537,Diagnosis / Differential Diagnosis,0.5125228,0.068030894,False,0.509286,0.512523,0.450211,0.511347,0.580554,0.440554,0.447351,0.496787,0.459461,0.158099
Q494,Corticosteroids terbaru untuk COPD terbaru,MIXED,drugclass terbaru untuk disease terbaru,6,Guideline / Evidence Lookup,0.8998325,Management / Treatment Selection,0.046918485,0.852914,0.06880169,0.46415398,0.4670443,Guideline / Evidence Lookup,Guideline / Evidence Lookup,1,True,Pharmacotherapy,0.55750495,Evidence / Guideline Lookup,0.397225,0.16027996,False,0.36257,0.331146,0.295757,0.377677,0.557505,0.397225,0.280093,0.379943,0.314067,0.140841
Q495,TNF inhibitors adverse effects monitoring in Systemic Lupus Erythematosus,EN,drugclass adverse effects monitoring in disease,6,Monitoring / Response / Risk Assessment,0.890431,Safety / Contraindication,0.05327918,0.8371518,0.15212123,0.14367965,0.70419914,Safety / Contraindication,Safety / Contraindication; Monitoring / Response / Risk Assessment,2,True,Pharmacotherapy,0.6137334,Diagnosis / Differential Diagnosis,0.46670735,0.14702606,False,0.335202,0.466707,0.287495,0.368173,0.613733,0.375557,0.22477,0.414124,0.334353,0.130501
Q496,Insulin degludec side effect pada pasien Type 1 Diabetes Mellitus apa saja,MIXED,medicine side effect pada pasien disease apa saja,0,Safety / Contraindication,0.41915825,Dosing / Administration,0.3823942,0.036764055,0.075281054,0.3383302,0.5863887,Safety / Contraindication,Safety / Contraindication,1,True,Pharmacotherapy,0.49910206,Epidemiology / Prognosis,0.49503168,0.0040703714,False,0.414928,0.405403,0.18851,0.352944,0.499102,0.404142,0.329019,0.495032,0.438269,0.01451
Q497,is Rosuvastatin safe in Acute Coronary Syndrome with diabetes,EN,is medicine safe in disease with diabetes,2,Safety / Contraindication,0.8976659,Efficacy / Outcomes,0.02269203,0.8749739,0.060788386,0.26739064,0.671821,Safety / Contraindication,Safety / Contraindication,1,True,Pharmacotherapy,0.39370006,Epidemiology / Prognosis,0.2985028,0.09519726,False,0.277802,0.223578,0.133978,0.200423,0.3937,0.282833,0.202543,0.298503,0.23963,0.038049
Q498,monitoring Factor Xa inhibitors pada Deep Vein Thrombosis parameter apa,MIXED,monitoring drugclass pada disease parameter apa,6,Monitoring / Response / Risk Assessment,0.97772866,Safety / Contraindication,0.009149787,0.9685789,0.09599276,0.13766247,0.7663448,Monitoring / Response / Risk Assessment,Monitoring / Response / Risk Assessment,1,True,Pharmacotherapy,0.659453,Diagnosis / Differential Diagnosis,0.48401013,0.17544284,False,0.44704,0.48401,0.412973,0.437754,0.659453,0.413069,0.315688,0.455548,0.381279,0.184289
Q499,ACE inhibitors kontraindikasi pada Hypertension dengan hepatic impairment,ID,drugclass kontraindikasi pada disease dengan hepatic impairment,3,Safety / Contraindication,0.65628165,Efficacy / Outcomes,0.05371031,0.60257137,0.16496353,0.2933747,0.5416618,Safety / Contraindication,Safety / Contraindication,1,True,Pharmacotherapy,0.43281126,Evidence / Guideline Lookup,0.33863205,0.09417921,False,0.297549,0.335627,0.176822,0.27267,0.432811,0.338632,0.152292,0.313364,0.287499,0.106483
Q500,Antituberculotics terbaru untuk Tuberculosis 2025,MIXED,drugclass terbaru untuk disease 2025,6,Guideline / Evidence Lookup,0.8998918,Management / Treatment Selection,0.04795912,0.85193264,0.085921586,0.452322,0.46175644,Guideline / Evidence Lookup,Guideline / Evidence Lookup,1,True,Pharmacotherapy,0.52474326,Evidence / Guideline Lookup,0.44288886,0.0818544,False,0.352629,0.301152,0.334824,0.367458,0.524743,0.442889,0.275122,0.407953,0.289927,0.117407
