query_id,content_id,title,rank,score
Q001,C285,Perbandingan Diazepam dan Diazepam pada Febrile Seizure,1,13.175517236249599
Q001,C291,Perbandingan Diazepam dan Diazepam pada Febrile Seizure,2,13.175517236249599
Q001,C278,Diazepam Drug Profile: Efficacy in Febrile Seizure,3,12.649150950907293
Q001,C299,Diazepam in Febrile Seizure: Real-World Outcomes,4,12.649150950907293
Q001,C277,"Diazepam: Pharmacology, Dosing, and Clinical Use in Febrile Seizure",5,11.293978302278243
Q001,C284,Diazepam: Farmakologi dan Penggunaan Klinis pada Febrile Seizure,6,10.888573968129261
Q001,C290,Diazepam Real-World Evidence in Febrile Seizure: A Retrospective Study,7,10.719745833618626
Q001,C286,Systematic Review: Benzodiazepines in Febrile Seizure,8,9.182409509216276
Q001,C137,Asthma in immunocompromised: Special Considerations,9,7.157903640534326
Q001,C282,New Insights into Febrile Seizure Pathophysiology and Treatment,10,7.098327735070085
Q001,C041,Laporan Kasus: Heart Failure dengan immunocompromised,11,5.5230669573648505
Q001,C004,Successful Management of Severe Hypothyroidism with Levothyroxine,12,3.6534100715880893
Q001,C168,Challenging Case: ADHD with Concurrent atrial fibrillation,13,3.6534100715880893
Q001,C177,Successful Management of Severe Schizophrenia with Clozapine,14,3.6534100715880893
Q001,C287,Challenging Case: Stunting / Malnutrition with Concurrent COPD,15,3.6534100715880893
Q001,C301,Successful Management of Severe Sepsis with Norepinephrine,16,3.6534100715880893
Q001,C064,Successful Management of Severe Nephrotic Syndrome with Furosemide,17,3.446628353505714
Q001,C222,Challenging Case: Psoriatic Arthritis with Concurrent renal impairment,18,3.446628353505714
Q001,C324,Successful Management of Severe Psoriasis with Tacrolimus topical,19,3.446628353505714
Q001,C106,Successful Management of Severe Typhoid Fever with Artemether-lumefantrine,20,3.2620002906108967
Q002,C032,Consensus Statement: SGLT2 inhibitors Use in Atrial Fibrillation,1,14.313222905806304
Q002,C037,Atrial Fibrillation in Special Populations: Practical Guidance,2,8.215958542111224
Q002,C042,Atrial Fibrillation in Special Populations: Practical Guidance,3,8.215958542111224
Q002,C081,Parkinson Disease in atrial fibrillation: Special Considerations,4,8.215958542111224
Q002,C030,Treatment Intensification in Atrial Fibrillation: When and How,5,7.750938194068872
Q002,C046,Treatment Intensification in Atrial Fibrillation: When and How,6,7.750938194068872
Q002,C026,Profil Keamanan Rivaroxaban pada Atrial Fibrillation,7,7.562351526090392
Q002,C097,Laporan Kasus: Malaria dengan atrial fibrillation,8,7.562351526090392
Q002,C058,Case Series: SGLT2 inhibitors in Refractory Chronic Kidney Disease,9,7.199438548010087
Q002,C027,National Guideline: Atrial Fibrillation Diagnosis and Treatment,10,7.10864550358951
Q002,C168,Challenging Case: ADHD with Concurrent atrial fibrillation,11,7.10864550358951
Q002,C025,Metoprolol versus Empagliflozin in Atrial Fibrillation: Head-to-Head Comparison,12,6.9627588201611985
Q002,C056,Biomarkers in Chronic Kidney Disease: Implications for SGLT2 inhibitors Therapy,13,6.833389379175303
Q002,C069,Long-term Outcomes of SGLT2 inhibitors Therapy in Chronic Kidney Disease,14,6.502762115449506
Q002,C245,Monitoring Parameters for Factor Xa inhibitors in Deep Vein Thrombosis,15,6.499488270716675
Q002,C328,Monitoring Parameters for IL-4/IL-13 inhibitors in Psoriasis,16,6.499488270716675
Q002,C229,Monitoring Parameters for Bisphosphonates in Osteoporosis,17,5.615910793799579
Q002,C082,Rare Adverse Event of Aspirin in Ischaemic Stroke,18,5.351892141672573
Q002,C279,Rare Adverse Event of Zinc in Stunting / Malnutrition,19,5.351892141672573
Q002,C238,Rare Adverse Event of Warfarin in Deep Vein Thrombosis,20,5.065203419364014
Q003,C202,Drug Interactions: Nivolumab in Non-Small Cell Lung Cancer Patients,1,12.906155337764577
Q003,C189,Clinical Practice Guideline: Colorectal Cancer Management 2020,2,8.327765054169104
Q003,C201,Kasus Sulit: Colorectal Cancer Refrakter terhadap Pembrolizumab,3,8.327765054169104
Q003,C196,Scoping Review: Emerging Therapies in Colorectal Cancer 2024,4,7.856416497082845
Q003,C207,Biomarkers in Colorectal Cancer: Implications for PD-1 inhibitors Therapy,5,7.057511218678344
Q003,C029,Profil Obat ARBs pada Heart Failure,6,6.691536449047856
Q003,C043,Profil Obat Statins pada Acute Coronary Syndrome,7,6.290075292918985
Q003,C266,Profil Obat Centrally acting antihypertensives pada Hypertension in Pregnancy,8,5.616185161647389
Q003,C089,Perbandingan Topiramate dan Topiramate pada Migraine,9,4.982028724354492
Q003,C088,Perbandingan Valproate dan Valproate pada Parkinson Disease,10,4.683130104168213
Q003,C285,Perbandingan Diazepam dan Diazepam pada Febrile Seizure,11,4.683130104168213
Q003,C291,Perbandingan Diazepam dan Diazepam pada Febrile Seizure,12,4.683130104168213
Q003,C294,Perbandingan Zinc dan Zinc pada Stunting / Malnutrition,13,4.683130104168213
Q003,C305,Hydrocortisone: Farmakologi dan Penggunaan Klinis pada Sepsis,14,4.683130104168213
Q003,C315,Perbandingan Hydrocortisone dan Piperacillin-tazobactam pada Sepsis,15,4.683130104168213
Q003,C091,Valproate: Farmakologi dan Penggunaan Klinis pada Parkinson Disease,16,4.418066596385674
Q003,C123,Metronidazole: Farmakologi dan Penggunaan Klinis pada Pulmonary Embolism,17,4.418066596385674
Q003,C165,Lithium: Farmakologi dan Penggunaan Klinis pada Bipolar Disorder,18,4.418066596385674
Q003,C171,Perbandingan Venlafaxine dan Venlafaxine pada Major Depressive Disorder,19,4.418066596385674
Q003,C273,Magnesium sulphate: Farmakologi dan Penggunaan Klinis pada Preeclampsia,20,4.418066596385674
Q004,C250,Rivaroxaban pada Pasien Deep Vein Thrombosis: Studi Kohort,1,11.17550022798667
Q004,C243,Kasus Sulit: Deep Vein Thrombosis Refrakter terhadap Warfarin,2,9.8016390119088
Q004,C249,Ringkasan Klinis: Tatalaksana Deep Vein Thrombosis Terkini 2022,3,9.8016390119088
Q004,C234,New Insights into Deep Vein Thrombosis Pathophysiology and Treatment,4,9.276587443142382
Q004,C238,Rare Adverse Event of Warfarin in Deep Vein Thrombosis,5,9.276587443142382
Q004,C242,Challenging Case: Deep Vein Thrombosis with Concurrent elderly patients,6,9.276587443142382
Q004,C246,Scoping Review: Emerging Therapies in Deep Vein Thrombosis 2024,7,9.276587443142382
Q004,C251,A Case of Deep Vein Thrombosis Resistant to Rivaroxaban,8,9.276587443142382
Q004,C239,Asia-Pacific Guideline: Deep Vein Thrombosis in Primary Care 2024,9,8.804927451805415
Q004,C241,Consensus Statement: Vitamin K antagonists Use in Deep Vein Thrombosis,10,8.804927451805415
Q004,C245,Monitoring Parameters for Factor Xa inhibitors in Deep Vein Thrombosis,11,8.804927451805415
Q004,C248,Rivaroxaban Real-World Evidence in Deep Vein Thrombosis: A Retrospective Study,12,8.37890913071189
Q004,C231,Dose Adjustment of Apixaban in Renal and Hepatic Impairment,13,5.119232797191707
Q004,C076,Levetiracetam Drug Profile: Efficacy in Epilepsy,14,3.781175763045196
Q004,C126,Budesonide Drug Profile: Efficacy in Asthma,15,3.781175763045196
Q004,C278,Diazepam Drug Profile: Efficacy in Febrile Seizure,16,3.554322751794755
Q004,C145,Metronidazole Drug Profile: Efficacy in Inflammatory Bowel Disease,17,3.3531493409720508
Q004,C228,Methotrexate Drug Profile: Efficacy in Systemic Lupus Erythematosus,18,3.3531493409720508
Q004,C268,Methyldopa Drug Profile: Efficacy in Hypertension in Pregnancy,19,3.3531493409720508
Q004,C125,Efficacy of Antituberculotics in MDR Tuberculosis: A Cohort Study,20,3.1735287367398
Q005,C103,Profil Keamanan Amoxicillin pada HIV/AIDS,1,9.714138913620543
Q005,C114,Profil Keamanan Levofloxacin pada HIV/AIDS,2,9.714138913620543
Q005,C100,Case Report: Atypical Presentation of HIV/AIDS,3,9.13133562640039
Q005,C107,A Case of HIV/AIDS Resistant to Levofloxacin,4,8.614505259095605
Q005,C267,Hypertension in Pregnancy in Pregnancy: Safety and Management Guide,5,7.121326868316885
Q005,C075,Migraine in Pregnancy: Safety and Management Guide,6,6.013293763176111
Q005,C118,COPD in Pregnancy: Safety and Management Guide,7,6.013293763176111
Q005,C269,Preeclampsia in Pregnancy: Safety and Management Guide,8,6.013293763176111
Q005,C275,Treatment Intensification in Hypertension in Pregnancy: When and How,9,5.81673589843708
Q005,C272,National Guideline: Hypertension in Pregnancy Diagnosis and Treatment,10,5.672943462684636
Q005,C172,Major Depressive Disorder in Pregnancy: Safety and Management Guide,11,5.369056749351605
Q005,C262,Preeclampsia in pregnancy: Special Considerations,12,4.92512607487174
Q005,C260,Hypertension in Pregnancy in anaemia: Special Considerations,13,4.784419184664649
Q005,C255,Practical Guide: Initiating Labetalol in Hypertension in Pregnancy,14,4.538719182335493
Q005,C268,Methyldopa Drug Profile: Efficacy in Hypertension in Pregnancy,15,4.538719182335493
Q005,C257,Switching Therapy in Hypertension in Pregnancy: A Step-by-Step Guide,16,3.9349805397315776
Q005,C266,Profil Obat Centrally acting antihypertensives pada Hypertension in Pregnancy,17,3.869814746290087
Q005,C263,Tinjauan Sistematis: Beta blockers non-selective pada Hypertension in Pregnancy,18,3.6730573933412787
Q005,C270,Long-term Outcomes of Beta blockers non-selective Therapy in Hypertension in Pregnancy,19,3.6156329814461436
Q005,C080,Treatment Intensification in Epilepsy: When and How,20,2.78645017701261
Q006,C045,Metoprolol pada Pasien Heart Failure: Studi Kohort,1,19.874990483233912
Q006,C029,Profil Obat ARBs pada Heart Failure,2,10.097368674620292
Q006,C025,Metoprolol versus Empagliflozin in Atrial Fibrillation: Head-to-Head Comparison,3,8.799609766291985
Q006,C041,Laporan Kasus: Heart Failure dengan immunocompromised,4,8.548135340886487
Q006,C031,Clinical Practice Guideline: Heart Failure Management 2021,5,8.03528686089552
Q006,C038,Clinical Summary: Heart Failure Management Update 2024,6,8.03528686089552
Q006,C044,Safety Profile of Furosemide in Heart Failure,7,8.03528686089552
Q006,C034,Spironolactone Real-World Evidence in Heart Failure: A Retrospective Study,8,6.809645420733705
Q006,C089,Perbandingan Topiramate dan Topiramate pada Migraine,9,4.982028724354492
Q006,C088,Perbandingan Valproate dan Valproate pada Parkinson Disease,10,4.683130104168213
Q006,C285,Perbandingan Diazepam dan Diazepam pada Febrile Seizure,11,4.683130104168213
Q006,C291,Perbandingan Diazepam dan Diazepam pada Febrile Seizure,12,4.683130104168213
Q006,C294,Perbandingan Zinc dan Zinc pada Stunting / Malnutrition,13,4.683130104168213
Q006,C305,Hydrocortisone: Farmakologi dan Penggunaan Klinis pada Sepsis,14,4.683130104168213
Q006,C315,Perbandingan Hydrocortisone dan Piperacillin-tazobactam pada Sepsis,15,4.683130104168213
Q006,C091,Valproate: Farmakologi dan Penggunaan Klinis pada Parkinson Disease,16,4.418066596385674
Q006,C123,Metronidazole: Farmakologi dan Penggunaan Klinis pada Pulmonary Embolism,17,4.418066596385674
Q006,C165,Lithium: Farmakologi dan Penggunaan Klinis pada Bipolar Disorder,18,4.418066596385674
Q006,C171,Perbandingan Venlafaxine dan Venlafaxine pada Major Depressive Disorder,19,4.418066596385674
Q006,C273,Magnesium sulphate: Farmakologi dan Penggunaan Klinis pada Preeclampsia,20,4.418066596385674
Q007,C016,Dose Adjustment of Desmopressin in Renal and Hepatic Impairment,1,10.68620986098231
Q007,C040,Dose Adjustment of Atorvastatin in Renal and Hepatic Impairment,2,10.68620986098231
Q007,C084,Dose Adjustment of Valproate in Renal and Hepatic Impairment,3,10.68620986098231
Q007,C116,Dose Adjustment of Salmeterol in Renal and Hepatic Impairment,4,10.68620986098231
Q007,C169,Dose Adjustment of Olanzapine in Renal and Hepatic Impairment,5,10.68620986098231
Q007,C231,Dose Adjustment of Apixaban in Renal and Hepatic Impairment,6,10.68620986098231
Q007,C236,Dose Adjustment of Rivaroxaban in Renal and Hepatic Impairment,7,10.68620986098231
Q007,C314,Dose Adjustment of Vancomycin in Renal and Hepatic Impairment,8,10.68620986098231
Q007,C343,Dose Adjustment of Dupilumab in Renal and Hepatic Impairment,9,10.68620986098231
Q007,C021,Dose Adjustment of Insulin glargine in Renal and Hepatic Impairment,10,10.142878848220512
Q007,C224,Risk Stratification in Rheumatoid Arthritis: Current Approaches,11,9.958745243883747
Q007,C209,Long-term Outcomes of Proteasome inhibitors Therapy in Rheumatoid Arthritis,12,8.439714116032018
Q007,C220,Hasil Jangka Panjang Terapi Proteasome inhibitors pada Rheumatoid Arthritis,13,7.903129914365929
Q007,C222,Challenging Case: Psoriatic Arthritis with Concurrent renal impairment,14,7.143395574031227
Q007,C226,Safety Profile of Ibuprofen in Psoriatic Arthritis,15,5.124956468969474
Q007,C227,Consensus Statement: NSAIDs Use in Psoriatic Arthritis,16,5.124956468969474
Q007,C218,Profil Keamanan Colchicine pada Psoriatic Arthritis,17,4.274067670443244
Q007,C260,Hypertension in Pregnancy in anaemia: Special Considerations,18,1.5575755985011488
Q007,C255,Practical Guide: Initiating Labetalol in Hypertension in Pregnancy,19,1.4945138020276896
Q007,C268,Methyldopa Drug Profile: Efficacy in Hypertension in Pregnancy,20,1.4945138020276896
Q008,C137,Asthma in immunocompromised: Special Considerations,1,5.823752790599115
Q008,C266,Profil Obat Centrally acting antihypertensives pada Hypertension in Pregnancy,2,5.624172993659779
Q008,C229,Monitoring Parameters for Bisphosphonates in Osteoporosis,3,5.615910793799579
Q008,C126,Budesonide Drug Profile: Efficacy in Asthma,4,5.452054453227119
Q008,C127,Risk Stratification in Asthma: Current Approaches,5,5.452054453227119
Q008,C082,Rare Adverse Event of Aspirin in Ischaemic Stroke,6,5.351892141672573
Q008,C279,Rare Adverse Event of Zinc in Stunting / Malnutrition,7,5.351892141672573
Q008,C258,"Centrally acting antihypertensives: Mechanism, Indications, and Safety",8,5.19170855216684
Q008,C131,Treatment Intensification in Asthma: When and How,9,5.124956468969474
Q008,C138,Treatment Intensification in Asthma: When and How,10,5.124956468969474
Q008,C238,Rare Adverse Event of Warfarin in Deep Vein Thrombosis,11,5.065203419364014
Q008,C252,Rare Adverse Event of Erythropoietin in Iron Deficiency Anaemia,12,5.065203419364014
Q008,C151,Monitoring Parameters for Nitroimidazoles in Inflammatory Bowel Disease,13,4.980193663893905
Q008,C023,Hasil Jangka Panjang Terapi GLP-1 receptor agonists pada Obesity,14,4.858949874018243
Q008,C090,Monitoring Parameters for Fatty acid derivatives in Parkinson Disease,15,4.713415985914633
Q008,C203,Monitoring Parameters for CNS stimulants in Breast Cancer HER2-positive,16,4.473766464287212
Q008,C245,Monitoring Parameters for Factor Xa inhibitors in Deep Vein Thrombosis,17,4.473766464287212
Q008,C328,Monitoring Parameters for IL-4/IL-13 inhibitors in Psoriasis,18,4.473766464287212
Q008,C124,Konsensus Nasional: Asthma di Indonesia 2024,19,4.274067670443244
Q008,C129,Dosis Corticosteroids pada Asthma: Referensi Cepat,20,4.274067670443244
Q009,C093,Practical Guide: Initiating Tenofovir+Lamivudine in Urinary Tract Infection,1,28.32948447054415
Q009,C109,Panduan Praktis: Memulai Tenofovir+Lamivudine pada Urinary Tract Infection,2,27.34080392752343
Q009,C094,"Tenofovir+Lamivudine: Pharmacology, Dosing, and Clinical Use in Urinary Tract Infection",3,25.588092340365574
Q009,C095,Quick Reference: NRTIs combination Dosing in Urinary Tract Infection,4,11.06581017222703
Q009,C108,Case Series: NRTIs combination in Refractory Urinary Tract Infection,5,11.06581017222703
Q009,C115,Case Series: NRTIs combination in Refractory Urinary Tract Infection,6,11.06581017222703
Q009,C102,Biomarkers in Urinary Tract Infection: Implications for NRTIs combination Therapy,7,10.503178712979867
Q009,C111,Biomarkers in Urinary Tract Infection: Implications for NRTIs combination Therapy,8,10.503178712979867
Q009,C098,Hasil Jangka Panjang Terapi NRTIs combination pada Urinary Tract Infection,9,9.564766769184278
Q009,C076,Levetiracetam Drug Profile: Efficacy in Epilepsy,10,4.959162545829072
Q009,C126,Budesonide Drug Profile: Efficacy in Asthma,11,4.959162545829072
Q009,C268,Methyldopa Drug Profile: Efficacy in Hypertension in Pregnancy,12,4.847663142999741
Q009,C278,Diazepam Drug Profile: Efficacy in Febrile Seizure,13,4.661635790316469
Q009,C283,Drug Interactions: Zinc in Stunting / Malnutrition Patients,14,4.661635790316469
Q009,C047,Drug Interactions: Losartan in Chronic Kidney Disease Patients,15,4.397788853096821
Q009,C078,Drug Interactions: Levodopa-carbidopa in Parkinson Disease Patients,16,4.397788853096821
Q009,C096,Drug Interactions: Artemether-lumefantrine in Typhoid Fever Patients,17,4.397788853096821
Q009,C145,Metronidazole Drug Profile: Efficacy in Inflammatory Bowel Disease,18,4.397788853096821
Q009,C228,Methotrexate Drug Profile: Efficacy in Systemic Lupus Erythematosus,19,4.397788853096821
Q009,C202,Drug Interactions: Nivolumab in Non-Small Cell Lung Cancer Patients,20,3.9505853819783936
Q010,C271,Panduan Praktis: Memulai Magnesium sulphate pada Preeclampsia,1,12.953779339909223
Q010,C273,Magnesium sulphate: Farmakologi dan Penggunaan Klinis pada Preeclampsia,2,12.220600010165368
Q010,C016,Dose Adjustment of Desmopressin in Renal and Hepatic Impairment,3,10.68620986098231
Q010,C040,Dose Adjustment of Atorvastatin in Renal and Hepatic Impairment,4,10.68620986098231
Q010,C084,Dose Adjustment of Valproate in Renal and Hepatic Impairment,5,10.68620986098231
Q010,C116,Dose Adjustment of Salmeterol in Renal and Hepatic Impairment,6,10.68620986098231
Q010,C169,Dose Adjustment of Olanzapine in Renal and Hepatic Impairment,7,10.68620986098231
Q010,C231,Dose Adjustment of Apixaban in Renal and Hepatic Impairment,8,10.68620986098231
Q010,C236,Dose Adjustment of Rivaroxaban in Renal and Hepatic Impairment,9,10.68620986098231
Q010,C314,Dose Adjustment of Vancomycin in Renal and Hepatic Impairment,10,10.68620986098231
Q010,C343,Dose Adjustment of Dupilumab in Renal and Hepatic Impairment,11,10.68620986098231
Q010,C021,Dose Adjustment of Insulin glargine in Renal and Hepatic Impairment,12,10.142878848220512
Q010,C276,Efektivitas Magnesium pada Preeclampsia,13,9.90225951838518
Q010,C262,Preeclampsia in pregnancy: Special Considerations,14,5.297257568330372
Q010,C265,"Magnesium: Mechanism, Indications, and Safety",15,5.1882041982338585
Q010,C264,Preeclampsia in Special Populations: Practical Guidance,16,4.959162545829072
Q010,C269,Preeclampsia in Pregnancy: Safety and Management Guide,17,4.661635790316469
Q010,C274,Treatment Intensification in Preeclampsia: When and How,18,4.661635790316469
Q010,C237,Ferrous sulphate: Farmakologi dan Penggunaan Klinis pada Iron Deficiency Anaemia,19,4.096479461869578
Q010,C259,Panduan Klinis: Tatalaksana Preeclampsia 2020,20,4.038960558940491
Q011,C331,Profil Keamanan Tacrolimus topical pada Psoriasis,1,12.285661766500052
Q011,C334,Panduan Praktis: Memulai Tacrolimus topical pada Psoriasis,2,11.548579033088476
Q011,C324,Successful Management of Severe Psoriasis with Tacrolimus topical,3,10.894933543784266
Q011,C342,Tacrolimus topical: Farmakologi dan Penggunaan Klinis pada Psoriasis,4,10.894933543784266
Q011,C345,Dosis Topical calcineurin inhibitors pada Psoriasis: Referensi Cepat,5,10.377927147295638
Q011,C338,Laporan Kasus: Psoriasis dengan anaemia,6,7.760015373300291
Q011,C222,Challenging Case: Psoriatic Arthritis with Concurrent renal impairment,7,6.7062986819441015
Q011,C341,Consensus Statement: Topical calcineurin inhibitors Use in Psoriasis,8,6.587680914236462
Q011,C016,Dose Adjustment of Desmopressin in Renal and Hepatic Impairment,9,6.3470574734796
Q011,C040,Dose Adjustment of Atorvastatin in Renal and Hepatic Impairment,10,6.3470574734796
Q011,C084,Dose Adjustment of Valproate in Renal and Hepatic Impairment,11,6.3470574734796
Q011,C116,Dose Adjustment of Salmeterol in Renal and Hepatic Impairment,12,6.3470574734796
Q011,C169,Dose Adjustment of Olanzapine in Renal and Hepatic Impairment,13,6.3470574734796
Q011,C231,Dose Adjustment of Apixaban in Renal and Hepatic Impairment,14,6.3470574734796
Q011,C236,Dose Adjustment of Rivaroxaban in Renal and Hepatic Impairment,15,6.3470574734796
Q011,C314,Dose Adjustment of Vancomycin in Renal and Hepatic Impairment,16,6.3470574734796
Q011,C343,Dose Adjustment of Dupilumab in Renal and Hepatic Impairment,17,6.3470574734796
Q011,C021,Dose Adjustment of Insulin glargine in Renal and Hepatic Impairment,18,6.024346876365611
Q011,C083,Laporan Kasus: Migraine dengan COPD,19,4.565455781209233
Q011,C041,Laporan Kasus: Heart Failure dengan immunocompromised,20,4.274067670443244
Q012,C096,Drug Interactions: Artemether-lumefantrine in Typhoid Fever Patients,1,18.916115447447304
Q012,C106,Successful Management of Severe Typhoid Fever with Artemether-lumefantrine,2,17.902822050436683
Q012,C113,Risk Stratification in Typhoid Fever: Current Approaches,3,9.667577549828545
Q012,C135,Prednisolone pada Pasien COPD: Studi Kohort,4,5.987157344749509
Q012,C045,Metoprolol pada Pasien Heart Failure: Studi Kohort,5,5.627955668445315
Q012,C152,Metronidazole pada Pasien Inflammatory Bowel Disease: Studi Kohort,6,5.309415367847006
Q012,C250,Rivaroxaban pada Pasien Deep Vein Thrombosis: Studi Kohort,7,5.309415367847006
Q012,C311,Secukinumab pada Pasien Disseminated Intravascular Coagulation: Studi Kohort,8,5.309415367847006
Q012,C317,Secukinumab pada Pasien Disseminated Intravascular Coagulation: Studi Kohort,9,5.309415367847006
Q012,C332,Psoriasis in elderly patients: Special Considerations,10,5.142303115314051
Q012,C322,Disseminated Intravascular Coagulation and elderly patients: Management Challenges,11,4.560198039645514
Q012,C242,Challenging Case: Deep Vein Thrombosis with Concurrent elderly patients,12,4.315918574579278
Q012,C016,Dose Adjustment of Desmopressin in Renal and Hepatic Impairment,13,3.2620002906108967
Q012,C040,Dose Adjustment of Atorvastatin in Renal and Hepatic Impairment,14,3.2620002906108967
Q012,C084,Dose Adjustment of Valproate in Renal and Hepatic Impairment,15,3.2620002906108967
Q012,C116,Dose Adjustment of Salmeterol in Renal and Hepatic Impairment,16,3.2620002906108967
Q012,C169,Dose Adjustment of Olanzapine in Renal and Hepatic Impairment,17,3.2620002906108967
Q012,C231,Dose Adjustment of Apixaban in Renal and Hepatic Impairment,18,3.2620002906108967
Q012,C236,Dose Adjustment of Rivaroxaban in Renal and Hepatic Impairment,19,3.2620002906108967
Q012,C314,Dose Adjustment of Vancomycin in Renal and Hepatic Impairment,20,3.2620002906108967
Q013,C130,Profil Keamanan Bedaquiline pada MDR Tuberculosis,1,11.320180546157875
Q013,C117,Safety Profile of Bedaquiline in MDR Tuberculosis,2,9.18473569071412
Q013,C120,Safety Profile of Bedaquiline in MDR Tuberculosis,3,9.18473569071412
Q013,C338,Laporan Kasus: Psoriasis dengan anaemia,4,8.717014380475216
Q013,C136,MDR Tuberculosis pada Populasi Khusus: Pendekatan Praktis,5,5.8072334338045595
Q013,C247,Iron Deficiency Anaemia pada Populasi Khusus: Pendekatan Praktis,6,4.820489569583584
Q013,C083,Laporan Kasus: Migraine dengan COPD,7,4.565455781209233
Q013,C237,Ferrous sulphate: Farmakologi dan Penggunaan Klinis pada Iron Deficiency Anaemia,8,4.330302400527041
Q013,C041,Laporan Kasus: Heart Failure dengan immunocompromised,9,4.274067670443244
Q013,C097,Laporan Kasus: Malaria dengan atrial fibrillation,10,4.274067670443244
Q013,C253,Hasil Jangka Panjang Terapi Erythropoiesis stimulating agents pada Iron Deficiency Anaemia,11,4.120784699376474
Q013,C281,Stunting / Malnutrition in anaemia: Special Considerations,12,3.8865872853495445
Q013,C125,Efficacy of Antituberculotics in MDR Tuberculosis: A Cohort Study,13,3.884806201785683
Q013,C024,Laporan Kasus: Acute Coronary Syndrome dengan Presentasi Atipikal,14,3.790246233059176
Q013,C208,Laporan Kasus: Systemic Lupus Erythematosus dengan Presentasi Atipikal,15,3.790246233059176
Q013,C233,WHO Guideline Update: Iron Deficiency Anaemia 2023,16,3.6534100715880893
Q013,C260,Hypertension in Pregnancy in anaemia: Special Considerations,17,3.6534100715880893
Q013,C018,Laporan Kasus: Type 2 Diabetes Mellitus dengan Presentasi Atipikal,18,3.58721133978665
Q013,C232,Consensus Statement: Iron preparations Use in Iron Deficiency Anaemia,19,3.2620002906108967
Q013,C240,Quick Reference: Iron preparations Dosing in Iron Deficiency Anaemia,20,3.2620002906108967
Q014,C094,"Tenofovir+Lamivudine: Pharmacology, Dosing, and Clinical Use in Urinary Tract Infection",1,6.444856360289519
Q014,C110,WHO Guideline Update: Malaria 2025,2,5.1882041982338585
Q014,C097,Laporan Kasus: Malaria dengan atrial fibrillation,3,4.8570694568102715
Q014,C099,Panduan Praktis: Memulai Dolutegravir pada Malaria,4,4.8570694568102715
Q014,C093,Practical Guide: Initiating Tenofovir+Lamivudine in Urinary Tract Infection,5,4.315918574579278
Q014,C109,Panduan Praktis: Memulai Tenofovir+Lamivudine pada Urinary Tract Infection,6,4.315918574579278
Q014,C105,Narrative Review: Current Evidence for Integrase inhibitors in Malaria,7,4.076522876343298
Q014,C073,Quick Reference: Antiepileptics other Dosing in Migraine,8,3.15771356432945
Q014,C339,Quick Reference: Calcineurin inhibitors Dosing in Psoriasis,9,3.15771356432945
Q014,C006,"Methimazole: Pharmacology, Dosing, and Clinical Use in Hyperthyroidism",10,2.978988093262844
Q014,C022,Quick Reference: Vasopressin analogues Dosing in Diabetes Insipidus,11,2.978988093262844
Q014,C146,Quick Reference: Nitroimidazoles Dosing in Inflammatory Bowel Disease,12,2.978988093262844
Q014,C163,"Risperidone: Pharmacology, Dosing, and Clinical Use in Schizophrenia",13,2.978988093262844
Q014,C217,"Adalimumab: Pharmacology, Dosing, and Clinical Use in Gout",14,2.978988093262844
Q014,C329,"Cyclosporine: Pharmacology, Dosing, and Clinical Use in Psoriasis",15,2.978988093262844
Q014,C095,Quick Reference: NRTIs combination Dosing in Urinary Tract Infection,16,2.8194104583587465
Q014,C176,"Lithium: Pharmacology, Dosing, and Clinical Use in Bipolar Disorder",17,2.8194104583587465
Q014,C194,Quick Reference: BTK inhibitors Dosing in Chronic Lymphocytic Leukaemia,18,2.8194104583587465
Q014,C240,Quick Reference: Iron preparations Dosing in Iron Deficiency Anaemia,19,2.8194104583587465
Q014,C277,"Diazepam: Pharmacology, Dosing, and Clinical Use in Febrile Seizure",20,2.8194104583587465
Q015,C157,Profil Keamanan Lansoprazole pada Peptic Ulcer Disease,1,15.113536642252694
Q015,C147,National Guideline: Peptic Ulcer Disease Diagnosis and Treatment,2,8.849136249780818
Q015,C150,Practical Guide: Initiating Omeprazole in Peptic Ulcer Disease,3,8.849136249780818
Q015,C154,Peptic Ulcer Disease pada Populasi Khusus: Pendekatan Praktis,4,8.849136249780818
Q015,C143,Consensus Statement: Proton pump inhibitors Use in Peptic Ulcer Disease,5,7.949283032745352
Q015,C161,Asia-Pacific Guideline: Peptic Ulcer Disease in Primary Care 2025,6,7.949283032745352
Q015,C149,Switching Therapy in Peptic Ulcer Disease: A Step-by-Step Guide,7,7.5646642803429085
Q015,C156,Switching Therapy in Peptic Ulcer Disease: A Step-by-Step Guide,8,7.5646642803429085
Q015,C139,Narrative Review: Current Evidence for Proton pump inhibitors in Peptic Ulcer Disease,9,7.215546686584609
Q015,C141,Efficacy of Proton pump inhibitors in Peptic Ulcer Disease: A Cohort Study,10,7.215546686584609
Q015,C306,Sepsis in liver disease: Special Considerations,11,2.2055457632589763
Q015,C048,Panduan Klinis: Tatalaksana Chronic Kidney Disease 2022,12,2.0732232452909134
Q015,C061,Profil Keamanan Dapagliflozin pada Chronic Kidney Disease,13,2.0732232452909134
Q015,C065,Profil Keamanan Losartan pada Chronic Kidney Disease,14,2.0732232452909134
Q015,C081,Parkinson Disease in atrial fibrillation: Special Considerations,15,2.0732232452909134
Q015,C088,Perbandingan Valproate dan Valproate pada Parkinson Disease,16,2.0732232452909134
Q015,C047,Drug Interactions: Losartan in Chronic Kidney Disease Patients,17,1.9558795427693894
Q015,C050,Chronic Kidney Disease pada Populasi Khusus: Pendekatan Praktis,18,1.9558795427693894
Q015,C052,Clinical Summary: Chronic Kidney Disease Management Update 2024,19,1.9558795427693894
Q015,C059,Safety Profile of Empagliflozin in Chronic Kidney Disease,20,1.9558795427693894
Q016,C222,Challenging Case: Psoriatic Arthritis with Concurrent renal impairment,1,13.94317326850899
Q016,C224,Risk Stratification in Rheumatoid Arthritis: Current Approaches,2,9.958745243883747
Q016,C209,Long-term Outcomes of Proteasome inhibitors Therapy in Rheumatoid Arthritis,3,8.439714116032018
Q016,C220,Hasil Jangka Panjang Terapi Proteasome inhibitors pada Rheumatoid Arthritis,4,7.903129914365929
Q016,C016,Dose Adjustment of Desmopressin in Renal and Hepatic Impairment,5,7.335738016500316
Q016,C040,Dose Adjustment of Atorvastatin in Renal and Hepatic Impairment,6,7.335738016500316
Q016,C084,Dose Adjustment of Valproate in Renal and Hepatic Impairment,7,7.335738016500316
Q016,C116,Dose Adjustment of Salmeterol in Renal and Hepatic Impairment,8,7.335738016500316
Q016,C169,Dose Adjustment of Olanzapine in Renal and Hepatic Impairment,9,7.335738016500316
Q016,C231,Dose Adjustment of Apixaban in Renal and Hepatic Impairment,10,7.335738016500316
Q016,C236,Dose Adjustment of Rivaroxaban in Renal and Hepatic Impairment,11,7.335738016500316
Q016,C314,Dose Adjustment of Vancomycin in Renal and Hepatic Impairment,12,7.335738016500316
Q016,C343,Dose Adjustment of Dupilumab in Renal and Hepatic Impairment,13,7.335738016500316
Q016,C021,Dose Adjustment of Insulin glargine in Renal and Hepatic Impairment,14,6.9627588201611985
Q016,C226,Safety Profile of Ibuprofen in Psoriatic Arthritis,15,5.124956468969474
Q016,C227,Consensus Statement: NSAIDs Use in Psoriatic Arthritis,16,5.124956468969474
Q016,C218,Profil Keamanan Colchicine pada Psoriatic Arthritis,17,4.274067670443244
Q016,C004,Successful Management of Severe Hypothyroidism with Levothyroxine,18,3.6534100715880893
Q016,C168,Challenging Case: ADHD with Concurrent atrial fibrillation,19,3.6534100715880893
Q016,C177,Successful Management of Severe Schizophrenia with Clozapine,20,3.6534100715880893
Q017,C207,Biomarkers in Colorectal Cancer: Implications for PD-1 inhibitors Therapy,1,17.62946952049377
Q017,C189,Clinical Practice Guideline: Colorectal Cancer Management 2020,2,8.327765054169104
Q017,C201,Kasus Sulit: Colorectal Cancer Refrakter terhadap Pembrolizumab,3,8.327765054169104
Q017,C196,Scoping Review: Emerging Therapies in Colorectal Cancer 2024,4,7.856416497082845
Q017,C140,"Proton pump inhibitors: Mechanism, Indications, and Safety",5,6.043733621397591
Q017,C033,"Statins: Mechanism, Indications, and Safety",6,4.151558599265983
Q017,C104,"NRTIs: Mechanism, Indications, and Safety",7,4.151558599265983
Q017,C112,"Antimalarials: Mechanism, Indications, and Safety",8,4.151558599265983
Q017,C265,"Magnesium: Mechanism, Indications, and Safety",9,4.151558599265983
Q017,C292,"Benzodiazepines: Mechanism, Indications, and Safety",10,4.151558599265983
Q017,C199,Pedoman PNPK: Breast Cancer HER2-positive,11,4.0022113632162
Q017,C101,"NRTIs combination: Mechanism, Indications, and Safety",12,3.8865872853495445
Q017,C244,"Iron preparations: Mechanism, Indications, and Safety",13,3.8865872853495445
Q017,C002,Clinical Practice Guideline: Type 1 Diabetes Mellitus Management 2023,14,3.884806201785683
Q017,C023,Hasil Jangka Panjang Terapi GLP-1 receptor agonists pada Obesity,15,3.68728662136772
Q017,C235,"Vitamin K antagonists: Mechanism, Indications, and Safety",16,3.6534100715880893
Q017,C258,"Centrally acting antihypertensives: Mechanism, Indications, and Safety",17,3.6534100715880893
Q017,C003,A Case of Type 1 Diabetes Mellitus Resistant to Insulin degludec,18,3.5088806476190557
Q017,C013,Asia-Pacific Guideline: Type 1 Diabetes Mellitus in Primary Care 2023,19,3.5088806476190557
Q017,C187,Clinical Practice Guideline: Breast Cancer HER2-positive Management 2022,20,3.359043209735438
Q018,C065,Profil Keamanan Losartan pada Chronic Kidney Disease,1,14.205863109157766
Q018,C059,Safety Profile of Empagliflozin in Chronic Kidney Disease,2,12.365616709208416
Q018,C047,Drug Interactions: Losartan in Chronic Kidney Disease Patients,3,12.02795506477579
Q018,C061,Profil Keamanan Dapagliflozin pada Chronic Kidney Disease,4,9.372074334243495
Q018,C050,Chronic Kidney Disease pada Populasi Khusus: Pendekatan Praktis,5,8.841618241208147
Q018,C068,Chronic Kidney Disease pada Populasi Khusus: Pendekatan Praktis,6,8.841618241208147
Q018,C048,Panduan Klinis: Tatalaksana Chronic Kidney Disease 2022,7,7.915787816238781
Q018,C052,Clinical Summary: Chronic Kidney Disease Management Update 2024,8,7.467757025130277
Q018,C060,Case Report: Atypical Presentation of Chronic Kidney Disease,9,7.467757025130277
Q018,C062,Konsensus Nasional: Chronic Kidney Disease di Indonesia 2022,10,7.467757025130277
Q018,C058,Case Series: SGLT2 inhibitors in Refractory Chronic Kidney Disease,11,7.067726220440653
Q018,C088,Perbandingan Valproate dan Valproate pada Parkinson Disease,12,6.756353349459126
Q018,C056,Biomarkers in Chronic Kidney Disease: Implications for SGLT2 inhibitors Therapy,13,6.7083738499340395
Q018,C029,Profil Obat ARBs pada Heart Failure,14,6.691536449047856
Q018,C057,Switching Therapy in Chronic Kidney Disease: A Step-by-Step Guide,15,6.383795347673853
Q018,C069,Long-term Outcomes of SGLT2 inhibitors Therapy in Chronic Kidney Disease,16,6.383795347673853
Q018,C091,Valproate: Farmakologi dan Penggunaan Klinis pada Parkinson Disease,17,6.373946139155063
Q018,C043,Profil Obat Statins pada Acute Coronary Syndrome,18,6.290075292918985
Q018,C266,Profil Obat Centrally acting antihypertensives pada Hypertension in Pregnancy,19,5.616185161647389
Q018,C028,Practical Guide: Initiating Losartan in Hypertension,20,5.142303115314051
Q019,C222,Challenging Case: Psoriatic Arthritis with Concurrent renal impairment,1,10.496544915003277
Q019,C224,Risk Stratification in Rheumatoid Arthritis: Current Approaches,2,8.851432205362032
Q019,C220,Hasil Jangka Panjang Terapi Proteasome inhibitors pada Rheumatoid Arthritis,3,7.903129914365929
Q019,C209,Long-term Outcomes of Proteasome inhibitors Therapy in Rheumatoid Arthritis,4,7.50130217223643
Q019,C016,Dose Adjustment of Desmopressin in Renal and Hepatic Impairment,5,6.3470574734796
Q019,C040,Dose Adjustment of Atorvastatin in Renal and Hepatic Impairment,6,6.3470574734796
Q019,C084,Dose Adjustment of Valproate in Renal and Hepatic Impairment,7,6.3470574734796
Q019,C116,Dose Adjustment of Salmeterol in Renal and Hepatic Impairment,8,6.3470574734796
Q019,C169,Dose Adjustment of Olanzapine in Renal and Hepatic Impairment,9,6.3470574734796
Q019,C231,Dose Adjustment of Apixaban in Renal and Hepatic Impairment,10,6.3470574734796
Q019,C236,Dose Adjustment of Rivaroxaban in Renal and Hepatic Impairment,11,6.3470574734796
Q019,C314,Dose Adjustment of Vancomycin in Renal and Hepatic Impairment,12,6.3470574734796
Q019,C343,Dose Adjustment of Dupilumab in Renal and Hepatic Impairment,13,6.3470574734796
Q019,C021,Dose Adjustment of Insulin glargine in Renal and Hepatic Impairment,14,6.024346876365611
Q019,C083,Laporan Kasus: Migraine dengan COPD,15,4.565455781209233
Q019,C338,Laporan Kasus: Psoriasis dengan anaemia,16,4.565455781209233
Q019,C041,Laporan Kasus: Heart Failure dengan immunocompromised,17,4.274067670443244
Q019,C097,Laporan Kasus: Malaria dengan atrial fibrillation,18,4.274067670443244
Q019,C129,Dosis Corticosteroids pada Asthma: Referensi Cepat,19,4.274067670443244
Q019,C166,Dosis SSRIs pada ADHD: Referensi Cepat,20,4.274067670443244
Q020,C110,WHO Guideline Update: Malaria 2025,1,9.600118706165405
Q020,C119,Clinical Practice Guideline: Pulmonary Embolism Management 2025,2,6.385031423686853
Q020,C144,Clinical Practice Guideline: Inflammatory Bowel Disease Management 2025,3,6.023640903069494
Q020,C097,Laporan Kasus: Malaria dengan atrial fibrillation,4,4.8570694568102715
Q020,C099,Panduan Praktis: Memulai Dolutegravir pada Malaria,5,4.8570694568102715
Q020,C335,WHO Guideline Update: Psoriasis 2025,6,4.411914507931547
Q020,C105,Narrative Review: Current Evidence for Integrase inhibitors in Malaria,7,4.076522876343298
Q020,C308,WHO Guideline Update: Disseminated Intravascular Coagulation 2025,8,3.882525685922526
Q020,C134,Scoping Review: Emerging Therapies in Pulmonary Embolism 2025,9,3.662776105091861
Q020,C121,Asia-Pacific Guideline: Community-acquired Pneumonia in Primary Care 2025,10,3.2903147971840774
Q020,C161,Asia-Pacific Guideline: Peptic Ulcer Disease in Primary Care 2025,11,3.2903147971840774
Q020,C254,Clinical Practice Guideline: Preeclampsia Management 2022,12,2.662227012934592
Q020,C004,Successful Management of Severe Hypothyroidism with Levothyroxine,13,2.502505737764327
Q020,C031,Clinical Practice Guideline: Heart Failure Management 2021,14,2.502505737764327
Q020,C038,Clinical Summary: Heart Failure Management Update 2024,15,2.502505737764327
Q020,C051,Clinical Practice Guideline: Nephrotic Syndrome Management 2022,16,2.502505737764327
Q020,C075,Migraine in Pregnancy: Safety and Management Guide,17,2.502505737764327
Q020,C118,COPD in Pregnancy: Safety and Management Guide,18,2.502505737764327
Q020,C175,Clinical Summary: Bipolar Disorder Management Update 2020,19,2.502505737764327
Q020,C177,Successful Management of Severe Schizophrenia with Clozapine,20,2.502505737764327
Q021,C110,WHO Guideline Update: Malaria 2025,1,5.1882041982338585
Q021,C097,Laporan Kasus: Malaria dengan atrial fibrillation,2,4.8570694568102715
Q021,C099,Panduan Praktis: Memulai Dolutegravir pada Malaria,3,4.8570694568102715
Q021,C135,Prednisolone pada Pasien COPD: Studi Kohort,4,4.437924011015704
Q021,C093,Practical Guide: Initiating Tenofovir+Lamivudine in Urinary Tract Infection,5,4.315918574579278
Q021,C109,Panduan Praktis: Memulai Tenofovir+Lamivudine pada Urinary Tract Infection,6,4.315918574579278
Q021,C129,Dosis Corticosteroids pada Asthma: Referensi Cepat,7,4.274067670443244
Q021,C166,Dosis SSRIs pada ADHD: Referensi Cepat,8,4.274067670443244
Q021,C045,Metoprolol pada Pasien Heart Failure: Studi Kohort,9,4.171669150440603
Q021,C105,Narrative Review: Current Evidence for Integrase inhibitors in Malaria,10,4.076522876343298
Q021,C152,Metronidazole pada Pasien Inflammatory Bowel Disease: Studi Kohort,11,3.935554151769135
Q021,C250,Rivaroxaban pada Pasien Deep Vein Thrombosis: Studi Kohort,12,3.935554151769135
Q021,C311,Secukinumab pada Pasien Disseminated Intravascular Coagulation: Studi Kohort,13,3.935554151769135
Q021,C317,Secukinumab pada Pasien Disseminated Intravascular Coagulation: Studi Kohort,14,3.935554151769135
Q021,C094,"Tenofovir+Lamivudine: Pharmacology, Dosing, and Clinical Use in Urinary Tract Infection",15,3.8982750686713192
Q021,C345,Dosis Topical calcineurin inhibitors pada Psoriasis: Referensi Cepat,16,3.790246233059176
Q021,C036,Dosis Platelet aggregation inhibitors pada Stable Angina: Referensi Cepat,17,3.58721133978665
Q021,C185,Dosis BCR-ABL inhibitors pada Chronic Myeloid Leukaemia: Referensi Cepat,18,3.4048227103668527
Q021,C198,Dosis BCR-ABL inhibitors pada Chronic Myeloid Leukaemia: Referensi Cepat,19,3.4048227103668527
Q021,C010,Dosis DPP-4 inhibitors pada Type 2 Diabetes Mellitus: Referensi Cepat,20,3.240083493305596
Q022,C268,Methyldopa Drug Profile: Efficacy in Hypertension in Pregnancy,1,18.623891312662483
Q022,C267,Hypertension in Pregnancy in Pregnancy: Safety and Management Guide,2,8.714280679636161
Q022,C266,Profil Obat Centrally acting antihypertensives pada Hypertension in Pregnancy,3,8.262277147738992
Q022,C260,Hypertension in Pregnancy in anaemia: Special Considerations,4,8.247649817751334
Q022,C263,Tinjauan Sistematis: Beta blockers non-selective pada Hypertension in Pregnancy,5,7.842188878015731
Q022,C255,Practical Guide: Initiating Labetalol in Hypertension in Pregnancy,6,7.805932186305093
Q022,C275,Treatment Intensification in Hypertension in Pregnancy: When and How,7,7.409689709756355
Q022,C272,National Guideline: Hypertension in Pregnancy Diagnosis and Treatment,8,7.356057896402174
Q022,C257,Switching Therapy in Hypertension in Pregnancy: A Step-by-Step Guide,9,6.727950249968875
Q022,C270,Long-term Outcomes of Beta blockers non-selective Therapy in Hypertension in Pregnancy,10,6.16217819320973
Q022,C262,Preeclampsia in pregnancy: Special Considerations,11,4.92512607487174
Q022,C028,Practical Guide: Initiating Losartan in Hypertension,12,4.8622565146338275
Q022,C170,Major Depressive Disorder in hypertension: Special Considerations,13,4.570543671608399
Q022,C075,Migraine in Pregnancy: Safety and Management Guide,14,4.334156624685214
Q022,C118,COPD in Pregnancy: Safety and Management Guide,15,4.334156624685214
Q022,C269,Preeclampsia in Pregnancy: Safety and Management Guide,16,4.334156624685214
Q022,C172,Major Depressive Disorder in Pregnancy: Safety and Management Guide,17,3.869814746290087
Q022,C276,Efektivitas Magnesium pada Preeclampsia,18,1.7759290382152242
Q022,C212,Profil Keamanan Alendronate pada Osteoporosis,19,1.6548536020730698
Q022,C221,Meta-analisis: Alendronate pada Osteoporosis,20,1.6548536020730698
Q023,C020,Clinical Practice Guideline: Type 2 Diabetes Mellitus Management 2021,1,15.397953946638724
Q023,C005,Liraglutide in Type 2 Diabetes Mellitus: Real-World Outcomes,2,13.128112075112373
Q023,C012,Case Report: Atypical Presentation of Type 2 Diabetes Mellitus,3,13.128112075112373
Q023,C017,Type 2 Diabetes Mellitus in Special Populations: Practical Guidance,4,13.128112075112373
Q023,C018,Laporan Kasus: Type 2 Diabetes Mellitus dengan Presentasi Atipikal,5,13.128112075112373
Q023,C010,Dosis DPP-4 inhibitors pada Type 2 Diabetes Mellitus: Referensi Cepat,6,13.032170984738825
Q023,C008,Treatment Intensification in Type 2 Diabetes Mellitus: When and How,7,12.460624675724404
Q023,C002,Clinical Practice Guideline: Type 1 Diabetes Mellitus Management 2023,8,11.810742606852076
Q023,C013,Asia-Pacific Guideline: Type 1 Diabetes Mellitus in Primary Care 2023,9,10.667838758119698
Q023,C003,A Case of Type 1 Diabetes Mellitus Resistant to Insulin degludec,10,8.61764531153458
Q023,C019,Asia-Pacific Guideline: Diabetes Insipidus in Primary Care 2021,11,5.286742025630282
Q023,C022,Quick Reference: Vasopressin analogues Dosing in Diabetes Insipidus,12,3.187655635948162
Q023,C110,WHO Guideline Update: Malaria 2025,13,2.888835285463581
Q023,C333,WHO Guideline Update: Psoriasis 2023,14,2.888835285463581
Q023,C335,WHO Guideline Update: Psoriasis 2025,15,2.888835285463581
Q023,C007,Efficacy of Vasopressin analogues in Diabetes Insipidus: A Cohort Study,16,2.8635084991154307
Q023,C011,National Guideline: Hypothyroidism Diagnosis and Treatment,17,2.7044567049919497
Q023,C072,National Guideline: Migraine Diagnosis and Treatment,18,2.7044567049919497
Q023,C254,Clinical Practice Guideline: Preeclampsia Management 2022,19,2.7044567049919497
Q023,C027,National Guideline: Atrial Fibrillation Diagnosis and Treatment,20,2.5422018441309535
Q024,C214,Adalimumab versus Adalimumab in Gout: Head-to-Head Comparison,1,10.619271197746448
Q024,C217,"Adalimumab: Pharmacology, Dosing, and Clinical Use in Gout",2,9.002544543085872
Q024,C222,Challenging Case: Psoriatic Arthritis with Concurrent renal impairment,3,6.7062986819441015
Q024,C016,Dose Adjustment of Desmopressin in Renal and Hepatic Impairment,4,6.3470574734796
Q024,C040,Dose Adjustment of Atorvastatin in Renal and Hepatic Impairment,5,6.3470574734796
Q024,C084,Dose Adjustment of Valproate in Renal and Hepatic Impairment,6,6.3470574734796
Q024,C116,Dose Adjustment of Salmeterol in Renal and Hepatic Impairment,7,6.3470574734796
Q024,C169,Dose Adjustment of Olanzapine in Renal and Hepatic Impairment,8,6.3470574734796
Q024,C231,Dose Adjustment of Apixaban in Renal and Hepatic Impairment,9,6.3470574734796
Q024,C236,Dose Adjustment of Rivaroxaban in Renal and Hepatic Impairment,10,6.3470574734796
Q024,C314,Dose Adjustment of Vancomycin in Renal and Hepatic Impairment,11,6.3470574734796
Q024,C343,Dose Adjustment of Dupilumab in Renal and Hepatic Impairment,12,6.3470574734796
Q024,C021,Dose Adjustment of Insulin glargine in Renal and Hepatic Impairment,13,6.024346876365611
Q024,C083,Laporan Kasus: Migraine dengan COPD,14,4.565455781209233
Q024,C338,Laporan Kasus: Psoriasis dengan anaemia,15,4.565455781209233
Q024,C225,Treatment Intensification in Gout: When and How,16,4.350946915799847
Q024,C041,Laporan Kasus: Heart Failure dengan immunocompromised,17,4.274067670443244
Q024,C097,Laporan Kasus: Malaria dengan atrial fibrillation,18,4.274067670443244
Q024,C129,Dosis Corticosteroids pada Asthma: Referensi Cepat,19,4.274067670443244
Q024,C166,Dosis SSRIs pada ADHD: Referensi Cepat,20,4.274067670443244
Q025,C043,Profil Obat Statins pada Acute Coronary Syndrome,1,13.937739856128434
Q025,C024,Laporan Kasus: Acute Coronary Syndrome dengan Presentasi Atipikal,2,13.148868709128328
Q025,C333,WHO Guideline Update: Psoriasis 2023,3,11.668279008199587
Q025,C233,WHO Guideline Update: Iron Deficiency Anaemia 2023,4,10.268193746366311
Q025,C038,Clinical Summary: Heart Failure Management Update 2024,5,7.725991902235357
Q025,C175,Clinical Summary: Bipolar Disorder Management Update 2020,6,7.725991902235357
Q025,C293,Clinical Summary: Stunting / Malnutrition Management Update 2021,7,7.725991902235357
Q025,C052,Clinical Summary: Chronic Kidney Disease Management Update 2024,8,7.288703492741186
Q025,C148,Clinical Summary: Inflammatory Bowel Disease Management Update 2022,9,7.288703492741186
Q025,C164,Clinical Summary: Major Depressive Disorder Management Update 2021,10,7.288703492741186
Q025,C110,WHO Guideline Update: Malaria 2025,11,6.927795844404072
Q025,C335,WHO Guideline Update: Psoriasis 2025,12,6.927795844404072
Q025,C051,Clinical Practice Guideline: Nephrotic Syndrome Management 2022,13,6.096524595925708
Q025,C308,WHO Guideline Update: Disseminated Intravascular Coagulation 2025,14,6.096524595925708
Q025,C002,Clinical Practice Guideline: Type 1 Diabetes Mellitus Management 2023,15,5.994577314420267
Q025,C142,Asia-Pacific Guideline: Inflammatory Bowel Disease in Primary Care 2023,16,5.6897882633260135
Q025,C013,Asia-Pacific Guideline: Type 1 Diabetes Mellitus in Primary Care 2023,17,5.414493088369999
Q025,C197,Konsensus Nasional: Chronic Myeloid Leukaemia di Indonesia 2023,18,3.935554151769135
Q025,C054,Efektivitas Loop diuretics pada Nephrotic Syndrome,19,3.781175763045196
Q025,C049,Safety Profile of Furosemide in Nephrotic Syndrome,20,3.554322751794755
Q026,C255,Practical Guide: Initiating Labetalol in Hypertension in Pregnancy,1,13.214911749483788
Q026,C097,Laporan Kasus: Malaria dengan atrial fibrillation,2,11.836419196533635
Q026,C026,Profil Keamanan Rivaroxaban pada Atrial Fibrillation,3,9.111584859824198
Q026,C267,Hypertension in Pregnancy in Pregnancy: Safety and Management Guide,4,8.714280679636161
Q026,C266,Profil Obat Centrally acting antihypertensives pada Hypertension in Pregnancy,5,8.262277147738992
Q026,C260,Hypertension in Pregnancy in anaemia: Special Considerations,6,8.247649817751334
Q026,C037,Atrial Fibrillation in Special Populations: Practical Guidance,7,8.215958542111224
Q026,C042,Atrial Fibrillation in Special Populations: Practical Guidance,8,8.215958542111224
Q026,C081,Parkinson Disease in atrial fibrillation: Special Considerations,9,8.215958542111224
Q026,C263,Tinjauan Sistematis: Beta blockers non-selective pada Hypertension in Pregnancy,10,7.842188878015731
Q026,C268,Methyldopa Drug Profile: Efficacy in Hypertension in Pregnancy,11,7.805932186305093
Q026,C030,Treatment Intensification in Atrial Fibrillation: When and How,12,7.750938194068872
Q026,C032,Consensus Statement: SGLT2 inhibitors Use in Atrial Fibrillation,13,7.750938194068872
Q026,C046,Treatment Intensification in Atrial Fibrillation: When and How,14,7.750938194068872
Q026,C275,Treatment Intensification in Hypertension in Pregnancy: When and How,15,7.409689709756355
Q026,C272,National Guideline: Hypertension in Pregnancy Diagnosis and Treatment,16,7.356057896402174
Q026,C027,National Guideline: Atrial Fibrillation Diagnosis and Treatment,17,7.10864550358951
Q026,C168,Challenging Case: ADHD with Concurrent atrial fibrillation,18,7.10864550358951
Q026,C025,Metoprolol versus Empagliflozin in Atrial Fibrillation: Head-to-Head Comparison,19,6.9627588201611985
Q026,C257,Switching Therapy in Hypertension in Pregnancy: A Step-by-Step Guide,20,6.727950249968875
Q027,C280,Biomarkers in Stunting / Malnutrition: Implications for Vitamin A Therapy,1,13.29903233965731
Q027,C297,Panduan Praktis: Memulai Vitamin A pada Stunting / Malnutrition,2,13.007113354968983
Q027,C279,Rare Adverse Event of Zinc in Stunting / Malnutrition,3,11.727203413568898
Q027,C281,Stunting / Malnutrition in anaemia: Special Considerations,4,8.367100661074499
Q027,C283,Drug Interactions: Zinc in Stunting / Malnutrition Patients,5,7.865113422356017
Q027,C288,Zinc in Stunting / Malnutrition: Real-World Outcomes,6,7.865113422356017
Q027,C295,Risk Stratification in Stunting / Malnutrition: Current Approaches,7,7.865113422356017
Q027,C287,Challenging Case: Stunting / Malnutrition with Concurrent COPD,8,6.757800383834303
Q027,C289,Case Report: Atypical Presentation of Stunting / Malnutrition,9,6.757800383834303
Q027,C293,Clinical Summary: Stunting / Malnutrition Management Update 2021,10,6.757800383834303
Q027,C294,Perbandingan Zinc dan Zinc pada Stunting / Malnutrition,11,6.757800383834303
Q027,C298,Clinical Practice Guideline: Stunting / Malnutrition Management 2020,12,6.757800383834303
Q027,C296,Narrative Review: Current Evidence for Zinc supplements in Stunting / Malnutrition,13,6.66542894202645
Q027,C229,Monitoring Parameters for Bisphosphonates in Osteoporosis,14,5.615910793799579
Q027,C082,Rare Adverse Event of Aspirin in Ischaemic Stroke,15,5.351892141672573
Q027,C238,Rare Adverse Event of Warfarin in Deep Vein Thrombosis,16,5.065203419364014
Q027,C252,Rare Adverse Event of Erythropoietin in Iron Deficiency Anaemia,17,5.065203419364014
Q027,C151,Monitoring Parameters for Nitroimidazoles in Inflammatory Bowel Disease,18,4.980193663893905
Q027,C241,Consensus Statement: Vitamin K antagonists Use in Deep Vein Thrombosis,19,4.807667572745839
Q027,C090,Monitoring Parameters for Fatty acid derivatives in Parkinson Disease,20,4.713415985914633
Q028,C245,Monitoring Parameters for Factor Xa inhibitors in Deep Vein Thrombosis,1,6.499488270716675
Q028,C328,Monitoring Parameters for IL-4/IL-13 inhibitors in Psoriasis,2,6.499488270716675
Q028,C229,Monitoring Parameters for Bisphosphonates in Osteoporosis,3,5.615910793799579
Q028,C082,Rare Adverse Event of Aspirin in Ischaemic Stroke,4,5.351892141672573
Q028,C279,Rare Adverse Event of Zinc in Stunting / Malnutrition,5,5.351892141672573
Q028,C238,Rare Adverse Event of Warfarin in Deep Vein Thrombosis,6,5.065203419364014
Q028,C252,Rare Adverse Event of Erythropoietin in Iron Deficiency Anaemia,7,5.065203419364014
Q028,C260,Hypertension in Pregnancy in anaemia: Special Considerations,8,5.020806231587834
Q028,C151,Monitoring Parameters for Nitroimidazoles in Inflammatory Bowel Disease,9,4.980193663893905
Q028,C028,Practical Guide: Initiating Losartan in Hypertension,10,4.8622565146338275
Q028,C255,Practical Guide: Initiating Labetalol in Hypertension in Pregnancy,11,4.76172680599729
Q028,C268,Methyldopa Drug Profile: Efficacy in Hypertension in Pregnancy,12,4.76172680599729
Q028,C090,Monitoring Parameters for Fatty acid derivatives in Parkinson Disease,13,4.713415985914633
Q028,C170,Major Depressive Disorder in hypertension: Special Considerations,14,4.570543671608399
Q028,C267,Hypertension in Pregnancy in Pregnancy: Safety and Management Guide,15,4.528555506486985
Q028,C275,Treatment Intensification in Hypertension in Pregnancy: When and How,16,4.528555506486985
Q028,C203,Monitoring Parameters for CNS stimulants in Breast Cancer HER2-positive,17,4.473766464287212
Q028,C272,National Guideline: Hypertension in Pregnancy Diagnosis and Treatment,18,4.311852516094371
Q028,C257,Switching Therapy in Hypertension in Pregnancy: A Step-by-Step Guide,19,4.125618106759697
Q028,C266,Profil Obat Centrally acting antihypertensives pada Hypertension in Pregnancy,20,4.08087635740151
Q029,C020,Clinical Practice Guideline: Type 2 Diabetes Mellitus Management 2021,1,15.552144701880906
Q029,C005,Liraglutide in Type 2 Diabetes Mellitus: Real-World Outcomes,2,13.128112075112373
Q029,C012,Case Report: Atypical Presentation of Type 2 Diabetes Mellitus,3,13.128112075112373
Q029,C017,Type 2 Diabetes Mellitus in Special Populations: Practical Guidance,4,13.128112075112373
Q029,C018,Laporan Kasus: Type 2 Diabetes Mellitus dengan Presentasi Atipikal,5,13.128112075112373
Q029,C010,Dosis DPP-4 inhibitors pada Type 2 Diabetes Mellitus: Referensi Cepat,6,13.032170984738825
Q029,C008,Treatment Intensification in Type 2 Diabetes Mellitus: When and How,7,12.460624675724404
Q029,C002,Clinical Practice Guideline: Type 1 Diabetes Mellitus Management 2023,8,11.964933362094257
Q029,C003,A Case of Type 1 Diabetes Mellitus Resistant to Insulin degludec,9,8.61764531153458
Q029,C013,Asia-Pacific Guideline: Type 1 Diabetes Mellitus in Primary Care 2023,10,8.61764531153458
Q029,C007,Efficacy of Vasopressin analogues in Diabetes Insipidus: A Cohort Study,11,5.875681937298236
Q029,C059,Safety Profile of Empagliflozin in Chronic Kidney Disease,12,4.8978596840781385
Q029,C025,Metoprolol versus Empagliflozin in Atrial Fibrillation: Head-to-Head Comparison,13,4.399804883145992
Q029,C076,Levetiracetam Drug Profile: Efficacy in Epilepsy,14,3.781175763045196
Q029,C126,Budesonide Drug Profile: Efficacy in Asthma,15,3.781175763045196
Q029,C278,Diazepam Drug Profile: Efficacy in Febrile Seizure,16,3.554322751794755
Q029,C145,Metronidazole Drug Profile: Efficacy in Inflammatory Bowel Disease,17,3.3531493409720508
Q029,C228,Methotrexate Drug Profile: Efficacy in Systemic Lupus Erythematosus,18,3.3531493409720508
Q029,C268,Methyldopa Drug Profile: Efficacy in Hypertension in Pregnancy,19,3.3531493409720508
Q029,C022,Quick Reference: Vasopressin analogues Dosing in Diabetes Insipidus,20,3.187655635948162
Q030,C028,Practical Guide: Initiating Losartan in Hypertension,1,10.004559629947877
Q030,C306,Sepsis in liver disease: Special Considerations,2,9.482963363868913
Q030,C047,Drug Interactions: Losartan in Chronic Kidney Disease Patients,3,7.560717094539674
Q030,C065,Profil Keamanan Losartan pada Chronic Kidney Disease,4,6.907012020205186
Q030,C260,Hypertension in Pregnancy in anaemia: Special Considerations,5,5.020806231587834
Q030,C255,Practical Guide: Initiating Labetalol in Hypertension in Pregnancy,6,4.76172680599729
Q030,C268,Methyldopa Drug Profile: Efficacy in Hypertension in Pregnancy,7,4.76172680599729
Q030,C170,Major Depressive Disorder in hypertension: Special Considerations,8,4.570543671608399
Q030,C267,Hypertension in Pregnancy in Pregnancy: Safety and Management Guide,9,4.528555506486985
Q030,C275,Treatment Intensification in Hypertension in Pregnancy: When and How,10,4.528555506486985
Q030,C272,National Guideline: Hypertension in Pregnancy Diagnosis and Treatment,11,4.311852516094371
Q030,C257,Switching Therapy in Hypertension in Pregnancy: A Step-by-Step Guide,12,4.125618106759697
Q030,C266,Profil Obat Centrally acting antihypertensives pada Hypertension in Pregnancy,13,4.08087635740151
Q030,C263,Tinjauan Sistematis: Beta blockers non-selective pada Hypertension in Pregnancy,14,3.87338776106406
Q030,C270,Long-term Outcomes of Beta blockers non-selective Therapy in Hypertension in Pregnancy,15,3.789450542631392
Q030,C004,Successful Management of Severe Hypothyroidism with Levothyroxine,16,3.6534100715880893
Q030,C168,Challenging Case: ADHD with Concurrent atrial fibrillation,17,3.6534100715880893
Q030,C177,Successful Management of Severe Schizophrenia with Clozapine,18,3.6534100715880893
Q030,C287,Challenging Case: Stunting / Malnutrition with Concurrent COPD,19,3.6534100715880893
Q030,C301,Successful Management of Severe Sepsis with Norepinephrine,20,3.6534100715880893
Q031,C226,Safety Profile of Ibuprofen in Psoriatic Arthritis,1,14.316804497433555
Q031,C218,Profil Keamanan Colchicine pada Psoriatic Arthritis,2,10.68037046098732
Q031,C227,Consensus Statement: NSAIDs Use in Psoriatic Arthritis,3,8.583311243647955
Q031,C222,Challenging Case: Psoriatic Arthritis with Concurrent renal impairment,4,8.09749886260698
Q031,C135,Prednisolone pada Pasien COPD: Studi Kohort,5,5.987157344749509
Q031,C045,Metoprolol pada Pasien Heart Failure: Studi Kohort,6,5.627955668445315
Q031,C152,Metronidazole pada Pasien Inflammatory Bowel Disease: Studi Kohort,7,5.309415367847006
Q031,C250,Rivaroxaban pada Pasien Deep Vein Thrombosis: Studi Kohort,8,5.309415367847006
Q031,C311,Secukinumab pada Pasien Disseminated Intravascular Coagulation: Studi Kohort,9,5.309415367847006
Q031,C317,Secukinumab pada Pasien Disseminated Intravascular Coagulation: Studi Kohort,10,5.309415367847006
Q031,C220,Hasil Jangka Panjang Terapi Proteasome inhibitors pada Rheumatoid Arthritis,11,4.88747792685476
Q031,C224,Risk Stratification in Rheumatoid Arthritis: Current Approaches,12,4.01764343044776
Q031,C209,Long-term Outcomes of Proteasome inhibitors Therapy in Rheumatoid Arthritis,13,3.4048227103668527
Q031,C276,Efektivitas Magnesium pada Preeclampsia,14,1.7759290382152242
Q031,C212,Profil Keamanan Alendronate pada Osteoporosis,15,1.6548536020730698
Q031,C221,Meta-analisis: Alendronate pada Osteoporosis,16,1.6548536020730698
Q031,C309,Profil Keamanan Meropenem pada Sepsis,17,1.6548536020730698
Q031,C001,Panduan Praktis: Memulai Levothyroxine pada Hypothyroidism,18,1.5492333337338053
Q031,C026,Profil Keamanan Rivaroxaban pada Atrial Fibrillation,19,1.5492333337338053
Q031,C029,Profil Obat ARBs pada Heart Failure,20,1.5492333337338053
Q032,C029,Profil Obat ARBs pada Heart Failure,1,15.239671789934345
Q032,C034,Spironolactone Real-World Evidence in Heart Failure: A Retrospective Study,2,11.668595294751947
Q032,C045,Metoprolol pada Pasien Heart Failure: Studi Kohort,3,9.491573378900231
Q032,C041,Laporan Kasus: Heart Failure dengan immunocompromised,4,8.548135340886487
Q032,C031,Clinical Practice Guideline: Heart Failure Management 2021,5,8.03528686089552
Q032,C038,Clinical Summary: Heart Failure Management Update 2024,6,8.03528686089552
Q032,C044,Safety Profile of Furosemide in Heart Failure,7,8.03528686089552
Q032,C043,Profil Obat Statins pada Acute Coronary Syndrome,8,6.290075292918985
Q032,C266,Profil Obat Centrally acting antihypertensives pada Hypertension in Pregnancy,9,5.616185161647389
Q032,C089,Perbandingan Topiramate dan Topiramate pada Migraine,10,4.982028724354492
Q032,C088,Perbandingan Valproate dan Valproate pada Parkinson Disease,11,4.683130104168213
Q032,C285,Perbandingan Diazepam dan Diazepam pada Febrile Seizure,12,4.683130104168213
Q032,C291,Perbandingan Diazepam dan Diazepam pada Febrile Seizure,13,4.683130104168213
Q032,C294,Perbandingan Zinc dan Zinc pada Stunting / Malnutrition,14,4.683130104168213
Q032,C305,Hydrocortisone: Farmakologi dan Penggunaan Klinis pada Sepsis,15,4.683130104168213
Q032,C315,Perbandingan Hydrocortisone dan Piperacillin-tazobactam pada Sepsis,16,4.683130104168213
Q032,C091,Valproate: Farmakologi dan Penggunaan Klinis pada Parkinson Disease,17,4.418066596385674
Q032,C123,Metronidazole: Farmakologi dan Penggunaan Klinis pada Pulmonary Embolism,18,4.418066596385674
Q032,C165,Lithium: Farmakologi dan Penggunaan Klinis pada Bipolar Disorder,19,4.418066596385674
Q032,C171,Perbandingan Venlafaxine dan Venlafaxine pada Major Depressive Disorder,20,4.418066596385674
Q033,C135,Prednisolone pada Pasien COPD: Studi Kohort,1,5.987157344749509
Q033,C129,Dosis Corticosteroids pada Asthma: Referensi Cepat,2,5.823301004177049
Q033,C166,Dosis SSRIs pada ADHD: Referensi Cepat,3,5.823301004177049
Q033,C045,Metoprolol pada Pasien Heart Failure: Studi Kohort,4,5.627955668445315
Q033,C023,Hasil Jangka Panjang Terapi GLP-1 receptor agonists pada Obesity,5,5.330635129275559
Q033,C152,Metronidazole pada Pasien Inflammatory Bowel Disease: Studi Kohort,6,5.309415367847006
Q033,C250,Rivaroxaban pada Pasien Deep Vein Thrombosis: Studi Kohort,7,5.309415367847006
Q033,C311,Secukinumab pada Pasien Disseminated Intravascular Coagulation: Studi Kohort,8,5.309415367847006
Q033,C317,Secukinumab pada Pasien Disseminated Intravascular Coagulation: Studi Kohort,9,5.309415367847006
Q033,C345,Dosis Topical calcineurin inhibitors pada Psoriasis: Referensi Cepat,10,5.164107449137047
Q033,C009,Case Report: Atypical Presentation of Obesity,11,5.142303115314051
Q033,C036,Dosis Platelet aggregation inhibitors pada Stable Angina: Referensi Cepat,12,4.88747792685476
Q033,C200,Chronic Lymphocytic Leukaemia and obesity: Management Challenges,13,4.8337887749142725
Q033,C185,Dosis BCR-ABL inhibitors pada Chronic Myeloid Leukaemia: Referensi Cepat,14,4.638978377772834
Q033,C198,Dosis BCR-ABL inhibitors pada Chronic Myeloid Leukaemia: Referensi Cepat,15,4.638978377772834
Q033,C010,Dosis DPP-4 inhibitors pada Type 2 Diabetes Mellitus: Referensi Cepat,16,4.4145256732042455
Q033,C266,Profil Obat Centrally acting antihypertensives pada Hypertension in Pregnancy,17,4.392462401448904
Q033,C263,Tinjauan Sistematis: Beta blockers non-selective pada Hypertension in Pregnancy,18,4.169131484674454
Q033,C028,Practical Guide: Initiating Losartan in Hypertension,19,3.6842697318499518
Q033,C170,Major Depressive Disorder in hypertension: Special Considerations,20,3.463230633086685
Q034,C113,Risk Stratification in Typhoid Fever: Current Approaches,1,9.667577549828545
Q034,C096,Drug Interactions: Artemether-lumefantrine in Typhoid Fever Patients,2,9.120396079291028
Q034,C106,Successful Management of Severe Typhoid Fever with Artemether-lumefantrine,3,8.631837149158557
Q034,C112,"Antimalarials: Mechanism, Indications, and Safety",4,6.515264576155366
Q034,C011,National Guideline: Hypothyroidism Diagnosis and Treatment,5,2.938408316499378
Q034,C072,National Guideline: Migraine Diagnosis and Treatment,6,2.938408316499378
Q034,C027,National Guideline: Atrial Fibrillation Diagnosis and Treatment,7,2.7621174438570595
Q034,C080,Treatment Intensification in Epilepsy: When and How,8,2.7621174438570595
Q034,C131,Treatment Intensification in Asthma: When and How,9,2.7621174438570595
Q034,C138,Treatment Intensification in Asthma: When and How,10,2.7621174438570595
Q034,C225,Treatment Intensification in Gout: When and How,11,2.7621174438570595
Q034,C256,New Insights into Preeclampsia Pathophysiology and Treatment,12,2.7621174438570595
Q034,C274,Treatment Intensification in Preeclampsia: When and How,13,2.7621174438570595
Q034,C326,Treatment Intensification in Psoriasis: When and How,14,2.7621174438570595
Q034,C330,New Insights into Psoriasis Pathophysiology and Treatment,15,2.7621174438570595
Q034,C337,New Insights into Psoriasis Pathophysiology and Treatment,16,2.7621174438570595
Q034,C030,Treatment Intensification in Atrial Fibrillation: When and How,17,2.605782573313007
Q034,C046,Treatment Intensification in Atrial Fibrillation: When and How,18,2.605782573313007
Q034,C147,National Guideline: Peptic Ulcer Disease Diagnosis and Treatment,19,2.605782573313007
Q034,C192,National Guideline: Chronic Myeloid Leukaemia Diagnosis and Treatment,20,2.605782573313007
Q035,C103,Profil Keamanan Amoxicillin pada HIV/AIDS,1,9.714138913620543
Q035,C114,Profil Keamanan Levofloxacin pada HIV/AIDS,2,9.714138913620543
Q035,C100,Case Report: Atypical Presentation of HIV/AIDS,3,9.13133562640039
Q035,C107,A Case of HIV/AIDS Resistant to Levofloxacin,4,8.614505259095605
Q035,C216,Switching Therapy in Osteoporosis: A Step-by-Step Guide,5,4.739049196575517
Q035,C318,Switching Therapy in Sepsis: A Step-by-Step Guide,6,4.739049196575517
Q035,C323,Switching Therapy in Psoriasis: A Step-by-Step Guide,7,4.739049196575517
Q035,C340,Switching Therapy in Psoriasis: A Step-by-Step Guide,8,4.739049196575517
Q035,C039,Switching Therapy in Stable Angina: A Step-by-Step Guide,9,4.561551364759652
Q035,C087,Switching Therapy in Ischaemic Stroke: A Step-by-Step Guide,10,4.561551364759652
Q035,C057,Switching Therapy in Chronic Kidney Disease: A Step-by-Step Guide,11,4.396869633396971
Q035,C149,Switching Therapy in Peptic Ulcer Disease: A Step-by-Step Guide,12,4.396869633396971
Q035,C156,Switching Therapy in Peptic Ulcer Disease: A Step-by-Step Guide,13,4.396869633396971
Q035,C257,Switching Therapy in Hypertension in Pregnancy: A Step-by-Step Guide,14,4.396869633396971
Q035,C092,Hasil Jangka Panjang Terapi Antiepileptics other pada Migraine,15,3.790246233059176
Q035,C077,Hasil Jangka Panjang Terapi Fatty acid derivatives pada Epilepsy,16,3.58721133978665
Q035,C213,Hasil Jangka Panjang Terapi IL-17 inhibitors pada Gout,17,3.58721133978665
Q035,C220,Hasil Jangka Panjang Terapi Proteasome inhibitors pada Rheumatoid Arthritis,18,3.58721133978665
Q035,C023,Hasil Jangka Panjang Terapi GLP-1 receptor agonists pada Obesity,19,3.4048227103668527
Q035,C098,Hasil Jangka Panjang Terapi NRTIs combination pada Urinary Tract Infection,20,3.4048227103668527
Q036,C025,Metoprolol versus Empagliflozin in Atrial Fibrillation: Head-to-Head Comparison,1,10.424151759511602
Q036,C026,Profil Keamanan Rivaroxaban pada Atrial Fibrillation,2,7.562351526090392
Q036,C097,Laporan Kasus: Malaria dengan atrial fibrillation,3,7.562351526090392
Q036,C027,National Guideline: Atrial Fibrillation Diagnosis and Treatment,4,7.10864550358951
Q036,C037,Atrial Fibrillation in Special Populations: Practical Guidance,5,7.10864550358951
Q036,C042,Atrial Fibrillation in Special Populations: Practical Guidance,6,7.10864550358951
Q036,C081,Parkinson Disease in atrial fibrillation: Special Considerations,7,7.10864550358951
Q036,C168,Challenging Case: ADHD with Concurrent atrial fibrillation,8,7.10864550358951
Q036,C030,Treatment Intensification in Atrial Fibrillation: When and How,9,6.7062986819441015
Q036,C032,Consensus Statement: SGLT2 inhibitors Use in Atrial Fibrillation,10,6.7062986819441015
Q036,C046,Treatment Intensification in Atrial Fibrillation: When and How,11,6.7062986819441015
Q036,C059,Safety Profile of Empagliflozin in Chronic Kidney Disease,12,4.8978596840781385
Q036,C073,Quick Reference: Antiepileptics other Dosing in Migraine,13,3.15771356432945
Q036,C339,Quick Reference: Calcineurin inhibitors Dosing in Psoriasis,14,3.15771356432945
Q036,C006,"Methimazole: Pharmacology, Dosing, and Clinical Use in Hyperthyroidism",15,2.978988093262844
Q036,C022,Quick Reference: Vasopressin analogues Dosing in Diabetes Insipidus,16,2.978988093262844
Q036,C146,Quick Reference: Nitroimidazoles Dosing in Inflammatory Bowel Disease,17,2.978988093262844
Q036,C163,"Risperidone: Pharmacology, Dosing, and Clinical Use in Schizophrenia",18,2.978988093262844
Q036,C217,"Adalimumab: Pharmacology, Dosing, and Clinical Use in Gout",19,2.978988093262844
Q036,C329,"Cyclosporine: Pharmacology, Dosing, and Clinical Use in Psoriasis",20,2.978988093262844
Q037,C166,Dosis SSRIs pada ADHD: Referensi Cepat,1,11.241733933140111
Q037,C267,Hypertension in Pregnancy in Pregnancy: Safety and Management Guide,2,7.121326868316885
Q037,C167,Sertraline in ADHD: Real-World Outcomes,3,6.3202898980979265
Q037,C075,Migraine in Pregnancy: Safety and Management Guide,4,6.013293763176111
Q037,C118,COPD in Pregnancy: Safety and Management Guide,5,6.013293763176111
Q037,C269,Preeclampsia in Pregnancy: Safety and Management Guide,6,6.013293763176111
Q037,C275,Treatment Intensification in Hypertension in Pregnancy: When and How,7,5.81673589843708
Q037,C272,National Guideline: Hypertension in Pregnancy Diagnosis and Treatment,8,5.672943462684636
Q037,C172,Major Depressive Disorder in Pregnancy: Safety and Management Guide,9,5.369056749351605
Q037,C262,Preeclampsia in pregnancy: Special Considerations,10,4.92512607487174
Q037,C168,Challenging Case: ADHD with Concurrent atrial fibrillation,11,4.8337887749142725
Q037,C260,Hypertension in Pregnancy in anaemia: Special Considerations,12,4.784419184664649
Q037,C255,Practical Guide: Initiating Labetalol in Hypertension in Pregnancy,13,4.538719182335493
Q037,C268,Methyldopa Drug Profile: Efficacy in Hypertension in Pregnancy,14,4.538719182335493
Q037,C257,Switching Therapy in Hypertension in Pregnancy: A Step-by-Step Guide,15,3.9349805397315776
Q037,C266,Profil Obat Centrally acting antihypertensives pada Hypertension in Pregnancy,16,3.869814746290087
Q037,C263,Tinjauan Sistematis: Beta blockers non-selective pada Hypertension in Pregnancy,17,3.6730573933412787
Q037,C270,Long-term Outcomes of Beta blockers non-selective Therapy in Hypertension in Pregnancy,18,3.6156329814461436
Q037,C080,Treatment Intensification in Epilepsy: When and How,19,2.78645017701261
Q037,C131,Treatment Intensification in Asthma: When and How,20,2.78645017701261
Q038,C105,Narrative Review: Current Evidence for Integrase inhibitors in Malaria,1,11.329990802181078
Q038,C110,WHO Guideline Update: Malaria 2025,2,5.1882041982338585
Q038,C097,Laporan Kasus: Malaria dengan atrial fibrillation,3,4.8570694568102715
Q038,C099,Panduan Praktis: Memulai Dolutegravir pada Malaria,4,4.8570694568102715
Q038,C140,"Proton pump inhibitors: Mechanism, Indications, and Safety",5,2.3903235498095015
Q038,C339,Quick Reference: Calcineurin inhibitors Dosing in Psoriasis,6,2.3903235498095015
Q038,C032,Consensus Statement: SGLT2 inhibitors Use in Atrial Fibrillation,7,2.2550320821896306
Q038,C230,Case Series: IL-17 inhibitors in Refractory Gout,8,2.2550320821896306
Q038,C341,Consensus Statement: Topical calcineurin inhibitors Use in Psoriasis,9,2.2550320821896306
Q038,C345,Dosis Topical calcineurin inhibitors pada Psoriasis: Referensi Cepat,10,2.2550320821896306
Q038,C036,Dosis Platelet aggregation inhibitors pada Stable Angina: Referensi Cepat,11,2.134235128646073
Q038,C058,Case Series: SGLT2 inhibitors in Refractory Chronic Kidney Disease,12,2.134235128646073
Q038,C194,Quick Reference: BTK inhibitors Dosing in Chronic Lymphocytic Leukaemia,13,2.134235128646073
Q038,C213,Hasil Jangka Panjang Terapi IL-17 inhibitors pada Gout,14,2.134235128646073
Q038,C220,Hasil Jangka Panjang Terapi Proteasome inhibitors pada Rheumatoid Arthritis,15,2.134235128646073
Q038,C300,Case Series: Calcineurin inhibitors in Refractory Disseminated Intravascular Coagulation,16,2.134235128646073
Q038,C056,Biomarkers in Chronic Kidney Disease: Implications for SGLT2 inhibitors Therapy,17,2.025721806429464
Q038,C122,Case Series: Factor Xa inhibitors in Refractory Community-acquired Pneumonia,18,2.025721806429464
Q038,C143,Consensus Statement: Proton pump inhibitors Use in Peptic Ulcer Disease,19,2.025721806429464
Q038,C185,Dosis BCR-ABL inhibitors pada Chronic Myeloid Leukaemia: Referensi Cepat,20,2.025721806429464
Q039,C057,Switching Therapy in Chronic Kidney Disease: A Step-by-Step Guide,1,10.780664981070824
Q039,C048,Panduan Klinis: Tatalaksana Chronic Kidney Disease 2022,2,7.915787816238781
Q039,C061,Profil Keamanan Dapagliflozin pada Chronic Kidney Disease,3,7.915787816238781
Q039,C065,Profil Keamanan Losartan pada Chronic Kidney Disease,4,7.915787816238781
Q039,C047,Drug Interactions: Losartan in Chronic Kidney Disease Patients,5,7.467757025130277
Q039,C050,Chronic Kidney Disease pada Populasi Khusus: Pendekatan Praktis,6,7.467757025130277
Q039,C052,Clinical Summary: Chronic Kidney Disease Management Update 2024,7,7.467757025130277
Q039,C059,Safety Profile of Empagliflozin in Chronic Kidney Disease,8,7.467757025130277
Q039,C060,Case Report: Atypical Presentation of Chronic Kidney Disease,9,7.467757025130277
Q039,C062,Konsensus Nasional: Chronic Kidney Disease di Indonesia 2022,10,7.467757025130277
Q039,C068,Chronic Kidney Disease pada Populasi Khusus: Pendekatan Praktis,11,7.467757025130277
Q039,C058,Case Series: SGLT2 inhibitors in Refractory Chronic Kidney Disease,12,7.067726220440653
Q039,C056,Biomarkers in Chronic Kidney Disease: Implications for SGLT2 inhibitors Therapy,13,6.7083738499340395
Q039,C069,Long-term Outcomes of SGLT2 inhibitors Therapy in Chronic Kidney Disease,14,6.383795347673853
Q039,C149,Switching Therapy in Peptic Ulcer Disease: A Step-by-Step Guide,15,6.06884887478423
Q039,C156,Switching Therapy in Peptic Ulcer Disease: A Step-by-Step Guide,16,6.06884887478423
Q039,C216,Switching Therapy in Osteoporosis: A Step-by-Step Guide,17,4.739049196575517
Q039,C318,Switching Therapy in Sepsis: A Step-by-Step Guide,18,4.739049196575517
Q039,C323,Switching Therapy in Psoriasis: A Step-by-Step Guide,19,4.739049196575517
Q039,C340,Switching Therapy in Psoriasis: A Step-by-Step Guide,20,4.739049196575517
Q040,C016,Dose Adjustment of Desmopressin in Renal and Hepatic Impairment,1,10.238465594383413
Q040,C022,Quick Reference: Vasopressin analogues Dosing in Diabetes Insipidus,2,7.747853675593676
Q040,C019,Asia-Pacific Guideline: Diabetes Insipidus in Primary Care 2021,3,7.332818728683209
Q040,C007,Efficacy of Vasopressin analogues in Diabetes Insipidus: A Cohort Study,4,6.959987960985009
Q040,C010,Dosis DPP-4 inhibitors pada Type 2 Diabetes Mellitus: Referensi Cepat,5,3.8994024524775783
Q040,C002,Clinical Practice Guideline: Type 1 Diabetes Mellitus Management 2023,6,3.016900154103931
Q040,C005,Liraglutide in Type 2 Diabetes Mellitus: Real-World Outcomes,7,3.016900154103931
Q040,C012,Case Report: Atypical Presentation of Type 2 Diabetes Mellitus,8,3.016900154103931
Q040,C017,Type 2 Diabetes Mellitus in Special Populations: Practical Guidance,9,3.016900154103931
Q040,C018,Laporan Kasus: Type 2 Diabetes Mellitus dengan Presentasi Atipikal,10,3.016900154103931
Q040,C020,Clinical Practice Guideline: Type 2 Diabetes Mellitus Management 2021,11,3.016900154103931
Q040,C008,Treatment Intensification in Type 2 Diabetes Mellitus: When and How,12,2.8635084991154307
Q040,C003,A Case of Type 1 Diabetes Mellitus Resistant to Insulin degludec,13,2.7249602725789295
Q040,C013,Asia-Pacific Guideline: Type 1 Diabetes Mellitus in Primary Care 2023,14,2.7249602725789295
Q040,C276,Efektivitas Magnesium pada Preeclampsia,15,1.7759290382152242
Q040,C212,Profil Keamanan Alendronate pada Osteoporosis,16,1.6548536020730698
Q040,C221,Meta-analisis: Alendronate pada Osteoporosis,17,1.6548536020730698
Q040,C309,Profil Keamanan Meropenem pada Sepsis,18,1.6548536020730698
Q040,C001,Panduan Praktis: Memulai Levothyroxine pada Hypothyroidism,19,1.5492333337338053
Q040,C026,Profil Keamanan Rivaroxaban pada Atrial Fibrillation,20,1.5492333337338053
Q041,C058,Case Series: SGLT2 inhibitors in Refractory Chronic Kidney Disease,1,14.267164768450739
Q041,C069,Long-term Outcomes of SGLT2 inhibitors Therapy in Chronic Kidney Disease,2,14.258337862349617
Q041,C056,Biomarkers in Chronic Kidney Disease: Implications for SGLT2 inhibitors Therapy,3,13.541763229109343
Q041,C059,Safety Profile of Empagliflozin in Chronic Kidney Disease,4,10.117103792945926
Q041,C060,Case Report: Atypical Presentation of Chronic Kidney Disease,5,9.072464280821155
Q041,C047,Drug Interactions: Losartan in Chronic Kidney Disease Patients,6,8.512396537255048
Q041,C048,Panduan Klinis: Tatalaksana Chronic Kidney Disease 2022,7,7.915787816238781
Q041,C061,Profil Keamanan Dapagliflozin pada Chronic Kidney Disease,8,7.915787816238781
Q041,C065,Profil Keamanan Losartan pada Chronic Kidney Disease,9,7.915787816238781
Q041,C032,Consensus Statement: SGLT2 inhibitors Use in Atrial Fibrillation,10,7.606924223862204
Q041,C050,Chronic Kidney Disease pada Populasi Khusus: Pendekatan Praktis,11,7.467757025130277
Q041,C052,Clinical Summary: Chronic Kidney Disease Management Update 2024,12,7.467757025130277
Q041,C062,Konsensus Nasional: Chronic Kidney Disease di Indonesia 2022,13,7.467757025130277
Q041,C068,Chronic Kidney Disease pada Populasi Khusus: Pendekatan Praktis,14,7.467757025130277
Q041,C057,Switching Therapy in Chronic Kidney Disease: A Step-by-Step Guide,15,7.276803092175564
Q041,C191,Efficacy of BTK inhibitors in Chronic Lymphocytic Leukaemia: A Cohort Study,16,6.242690709221694
Q041,C140,"Proton pump inhibitors: Mechanism, Indications, and Safety",17,6.043733621397591
Q041,C141,Efficacy of Proton pump inhibitors in Peptic Ulcer Disease: A Cohort Study,18,5.59382444996545
Q041,C194,Quick Reference: BTK inhibitors Dosing in Chronic Lymphocytic Leukaemia,19,5.39275754319314
Q041,C195,Biomarkers in Chronic Lymphocytic Leukaemia: Implications for BTK inhibitors Therapy,20,5.118567493059443
Q042,C315,Perbandingan Hydrocortisone dan Piperacillin-tazobactam pada Sepsis,1,15.021309259365959
Q042,C321,Kasus Sulit: Sepsis Refrakter terhadap Norepinephrine,2,9.304242720410047
Q042,C301,Successful Management of Severe Sepsis with Norepinephrine,3,8.746031303961594
Q042,C303,Sepsis in Special Populations: Practical Guidance,4,4.959162545829072
Q042,C306,Sepsis in liver disease: Special Considerations,5,4.959162545829072
Q042,C319,Safety Profile of Meropenem in Sepsis,6,4.959162545829072
Q042,C214,Adalimumab versus Adalimumab in Gout: Head-to-Head Comparison,7,4.250680833631613
Q042,C318,Switching Therapy in Sepsis: A Step-by-Step Guide,8,4.162209279760516
Q042,C309,Profil Keamanan Meropenem pada Sepsis,9,4.038960558940491
Q042,C025,Metoprolol versus Empagliflozin in Atrial Fibrillation: Head-to-Head Comparison,10,4.034558676916648
Q042,C173,Escitalopram versus Sertraline in Major Depressive Disorder: Head-to-Head Comparison,11,3.8393502639795356
Q042,C304,Ringkasan Klinis: Tatalaksana Sepsis Terkini 2024,12,3.781175763045196
Q042,C313,Case Report: Atypical Presentation of Sepsis,13,3.781175763045196
Q042,C178,A Case of Schizophrenia Resistant to Clozapine,14,3.6534100715880893
Q042,C325,A Case of Psoriasis Resistant to Cyclosporine,15,3.6534100715880893
Q042,C336,A Case of Psoriasis Resistant to Cyclosporine,16,3.6534100715880893
Q042,C305,Hydrocortisone: Farmakologi dan Penggunaan Klinis pada Sepsis,17,3.554322751794755
Q042,C107,A Case of HIV/AIDS Resistant to Levofloxacin,18,3.446628353505714
Q042,C251,A Case of Deep Vein Thrombosis Resistant to Rivaroxaban,19,3.2620002906108967
Q042,C312,A Case of Disseminated Intravascular Coagulation Resistant to Cyclosporine,20,3.2620002906108967
Q043,C016,Dose Adjustment of Desmopressin in Renal and Hepatic Impairment,1,6.435529027350697
Q043,C040,Dose Adjustment of Atorvastatin in Renal and Hepatic Impairment,2,6.435529027350697
Q043,C084,Dose Adjustment of Valproate in Renal and Hepatic Impairment,3,6.435529027350697
Q043,C116,Dose Adjustment of Salmeterol in Renal and Hepatic Impairment,4,6.435529027350697
Q043,C169,Dose Adjustment of Olanzapine in Renal and Hepatic Impairment,5,6.435529027350697
Q043,C231,Dose Adjustment of Apixaban in Renal and Hepatic Impairment,6,6.435529027350697
Q043,C236,Dose Adjustment of Rivaroxaban in Renal and Hepatic Impairment,7,6.435529027350697
Q043,C314,Dose Adjustment of Vancomycin in Renal and Hepatic Impairment,8,6.435529027350697
Q043,C343,Dose Adjustment of Dupilumab in Renal and Hepatic Impairment,9,6.435529027350697
Q043,C021,Dose Adjustment of Insulin glargine in Renal and Hepatic Impairment,10,6.108320171303864
Q043,C015,Panduan Klinis: Tatalaksana Hyperthyroidism 2021,11,5.49288389814055
Q043,C014,Practical Guide: Initiating Methimazole in Hyperthyroidism,12,5.142303115314051
Q043,C083,Laporan Kasus: Migraine dengan COPD,13,4.565455781209233
Q043,C338,Laporan Kasus: Psoriasis dengan anaemia,14,4.565455781209233
Q043,C006,"Methimazole: Pharmacology, Dosing, and Clinical Use in Hyperthyroidism",15,4.560198039645514
Q043,C041,Laporan Kasus: Heart Failure dengan immunocompromised,16,4.274067670443244
Q043,C097,Laporan Kasus: Malaria dengan atrial fibrillation,17,4.274067670443244
Q043,C024,Laporan Kasus: Acute Coronary Syndrome dengan Presentasi Atipikal,18,3.790246233059176
Q043,C208,Laporan Kasus: Systemic Lupus Erythematosus dengan Presentasi Atipikal,19,3.790246233059176
Q043,C018,Laporan Kasus: Type 2 Diabetes Mellitus dengan Presentasi Atipikal,20,3.58721133978665
Q044,C268,Methyldopa Drug Profile: Efficacy in Hypertension in Pregnancy,1,6.397354721279854
Q044,C110,WHO Guideline Update: Malaria 2025,2,5.1882041982338585
Q044,C097,Laporan Kasus: Malaria dengan atrial fibrillation,3,4.8570694568102715
Q044,C099,Panduan Praktis: Memulai Dolutegravir pada Malaria,4,4.8570694568102715
Q044,C267,Hypertension in Pregnancy in Pregnancy: Safety and Management Guide,5,4.185725173149176
Q044,C105,Narrative Review: Current Evidence for Integrase inhibitors in Malaria,6,4.076522876343298
Q044,C076,Levetiracetam Drug Profile: Efficacy in Epilepsy,7,3.781175763045196
Q044,C126,Budesonide Drug Profile: Efficacy in Asthma,8,3.781175763045196
Q044,C262,Preeclampsia in pregnancy: Special Considerations,9,3.6668290654818585
Q044,C004,Successful Management of Severe Hypothyroidism with Levothyroxine,10,3.6534100715880893
Q044,C168,Challenging Case: ADHD with Concurrent atrial fibrillation,11,3.6534100715880893
Q044,C177,Successful Management of Severe Schizophrenia with Clozapine,12,3.6534100715880893
Q044,C287,Challenging Case: Stunting / Malnutrition with Concurrent COPD,13,3.6534100715880893
Q044,C301,Successful Management of Severe Sepsis with Norepinephrine,14,3.6534100715880893
Q044,C278,Diazepam Drug Profile: Efficacy in Febrile Seizure,15,3.554322751794755
Q044,C283,Drug Interactions: Zinc in Stunting / Malnutrition Patients,16,3.554322751794755
Q044,C064,Successful Management of Severe Nephrotic Syndrome with Furosemide,17,3.446628353505714
Q044,C222,Challenging Case: Psoriatic Arthritis with Concurrent renal impairment,18,3.446628353505714
Q044,C324,Successful Management of Severe Psoriasis with Tacrolimus topical,19,3.446628353505714
Q044,C047,Drug Interactions: Losartan in Chronic Kidney Disease Patients,20,3.3531493409720508
Q045,C285,Perbandingan Diazepam dan Diazepam pada Febrile Seizure,1,18.82683999056138
Q045,C291,Perbandingan Diazepam dan Diazepam pada Febrile Seizure,2,18.82683999056138
Q045,C278,Diazepam Drug Profile: Efficacy in Febrile Seizure,3,16.66679438135505
Q045,C299,Diazepam in Febrile Seizure: Real-World Outcomes,4,16.66679438135505
Q045,C277,"Diazepam: Pharmacology, Dosing, and Clinical Use in Febrile Seizure",5,14.881189642064891
Q045,C284,Diazepam: Farmakologi dan Penggunaan Klinis pada Febrile Seizure,6,14.678820201188438
Q045,C290,Diazepam Real-World Evidence in Febrile Seizure: A Retrospective Study,7,14.124568543985479
Q045,C286,Systematic Review: Benzodiazepines in Febrile Seizure,8,9.182409509216276
Q045,C282,New Insights into Febrile Seizure Pathophysiology and Treatment,9,7.098327735070085
Q045,C214,Adalimumab versus Adalimumab in Gout: Head-to-Head Comparison,10,4.250680833631613
Q045,C025,Metoprolol versus Empagliflozin in Atrial Fibrillation: Head-to-Head Comparison,11,4.034558676916648
Q045,C173,Escitalopram versus Sertraline in Major Depressive Disorder: Head-to-Head Comparison,12,3.8393502639795356
Q045,C178,A Case of Schizophrenia Resistant to Clozapine,13,3.6534100715880893
Q045,C325,A Case of Psoriasis Resistant to Cyclosporine,14,3.6534100715880893
Q045,C336,A Case of Psoriasis Resistant to Cyclosporine,15,3.6534100715880893
Q045,C107,A Case of HIV/AIDS Resistant to Levofloxacin,16,3.446628353505714
Q045,C251,A Case of Deep Vein Thrombosis Resistant to Rivaroxaban,17,3.2620002906108967
Q045,C312,A Case of Disseminated Intravascular Coagulation Resistant to Cyclosporine,18,3.2620002906108967
Q045,C003,A Case of Type 1 Diabetes Mellitus Resistant to Insulin degludec,19,2.946342519477825
Q045,C260,Hypertension in Pregnancy in anaemia: Special Considerations,20,1.5575755985011488
Q046,C214,Adalimumab versus Adalimumab in Gout: Head-to-Head Comparison,1,10.619271197746448
Q046,C217,"Adalimumab: Pharmacology, Dosing, and Clinical Use in Gout",2,9.002544543085872
Q046,C213,Hasil Jangka Panjang Terapi IL-17 inhibitors pada Gout,3,8.772284128640443
Q046,C092,Hasil Jangka Panjang Terapi Antiepileptics other pada Migraine,4,5.164107449137047
Q046,C077,Hasil Jangka Panjang Terapi Fatty acid derivatives pada Epilepsy,5,4.88747792685476
Q046,C220,Hasil Jangka Panjang Terapi Proteasome inhibitors pada Rheumatoid Arthritis,6,4.88747792685476
Q046,C023,Hasil Jangka Panjang Terapi GLP-1 receptor agonists pada Obesity,7,4.638978377772834
Q046,C098,Hasil Jangka Panjang Terapi NRTIs combination pada Urinary Tract Infection,8,4.638978377772834
Q046,C253,Hasil Jangka Panjang Terapi Erythropoiesis stimulating agents pada Iron Deficiency Anaemia,9,4.4145256732042455
Q046,C225,Treatment Intensification in Gout: When and How,10,4.350946915799847
Q046,C230,Case Series: IL-17 inhibitors in Refractory Gout,11,4.104684859007734
Q046,C276,Efektivitas Magnesium pada Preeclampsia,12,1.7759290382152242
Q046,C212,Profil Keamanan Alendronate pada Osteoporosis,13,1.6548536020730698
Q046,C221,Meta-analisis: Alendronate pada Osteoporosis,14,1.6548536020730698
Q046,C309,Profil Keamanan Meropenem pada Sepsis,15,1.6548536020730698
Q046,C001,Panduan Praktis: Memulai Levothyroxine pada Hypothyroidism,16,1.5492333337338053
Q046,C026,Profil Keamanan Rivaroxaban pada Atrial Fibrillation,17,1.5492333337338053
Q046,C029,Profil Obat ARBs pada Heart Failure,18,1.5492333337338053
Q046,C054,Efektivitas Loop diuretics pada Nephrotic Syndrome,19,1.5492333337338053
Q046,C089,Perbandingan Topiramate dan Topiramate pada Migraine,20,1.5492333337338053
Q047,C159,Long-term Outcomes of Nitroimidazoles Therapy in Inflammatory Bowel Disease,1,10.470719975856499
Q047,C174,Long-term Outcomes of SNRIs Therapy in Major Depressive Disorder,2,10.470719975856499
Q047,C209,Long-term Outcomes of Proteasome inhibitors Therapy in Rheumatoid Arthritis,3,10.470719975856499
Q047,C069,Long-term Outcomes of SGLT2 inhibitors Therapy in Chronic Kidney Disease,4,9.964103814715937
Q047,C270,Long-term Outcomes of Beta blockers non-selective Therapy in Hypertension in Pregnancy,5,9.084968149090425
Q047,C083,Laporan Kasus: Migraine dengan COPD,6,4.565455781209233
Q047,C128,COPD in Special Populations: Practical Guidance,7,4.274067670443244
Q047,C132,Practical Guide: Initiating Prednisolone in COPD,8,4.274067670443244
Q047,C133,Panduan Praktis: Memulai Prednisolone pada COPD,9,4.274067670443244
Q047,C135,Prednisolone pada Pasien COPD: Studi Kohort,10,4.274067670443244
Q047,C118,COPD in Pregnancy: Safety and Management Guide,11,4.01764343044776
Q047,C287,Challenging Case: Stunting / Malnutrition with Concurrent COPD,12,4.01764343044776
Q047,C167,Sertraline in ADHD: Real-World Outcomes,13,3.8865872853495445
Q047,C053,Furosemide in Nephrotic Syndrome: Real-World Outcomes,14,3.6534100715880893
Q047,C288,Zinc in Stunting / Malnutrition: Real-World Outcomes,15,3.6534100715880893
Q047,C299,Diazepam in Febrile Seizure: Real-World Outcomes,16,3.6534100715880893
Q047,C005,Liraglutide in Type 2 Diabetes Mellitus: Real-World Outcomes,17,3.2620002906108967
Q047,C001,Panduan Praktis: Memulai Levothyroxine pada Hypothyroidism,18,0.0
Q047,C002,Clinical Practice Guideline: Type 1 Diabetes Mellitus Management 2023,19,0.0
Q047,C003,A Case of Type 1 Diabetes Mellitus Resistant to Insulin degludec,20,0.0
Q048,C208,Laporan Kasus: Systemic Lupus Erythematosus dengan Presentasi Atipikal,1,12.314054577023203
Q048,C211,Case Report: Atypical Presentation of Systemic Lupus Erythematosus,2,12.314054577023203
Q048,C228,Methotrexate Drug Profile: Efficacy in Systemic Lupus Erythematosus,3,12.314054577023203
Q048,C210,Treatment Intensification in Systemic Lupus Erythematosus: When and How,4,11.65441860535705
Q048,C215,Narrative Review: Current Evidence for NSAIDs in Systemic Lupus Erythematosus,5,11.061859864103159
Q048,C159,Long-term Outcomes of Nitroimidazoles Therapy in Inflammatory Bowel Disease,6,10.470719975856499
Q048,C174,Long-term Outcomes of SNRIs Therapy in Major Depressive Disorder,7,10.470719975856499
Q048,C209,Long-term Outcomes of Proteasome inhibitors Therapy in Rheumatoid Arthritis,8,10.470719975856499
Q048,C069,Long-term Outcomes of SGLT2 inhibitors Therapy in Chronic Kidney Disease,9,9.964103814715937
Q048,C270,Long-term Outcomes of Beta blockers non-selective Therapy in Hypertension in Pregnancy,10,9.084968149090425
Q048,C226,Safety Profile of Ibuprofen in Psoriatic Arthritis,11,5.733493253785602
Q048,C167,Sertraline in ADHD: Real-World Outcomes,12,3.8865872853495445
Q048,C053,Furosemide in Nephrotic Syndrome: Real-World Outcomes,13,3.6534100715880893
Q048,C288,Zinc in Stunting / Malnutrition: Real-World Outcomes,14,3.6534100715880893
Q048,C299,Diazepam in Febrile Seizure: Real-World Outcomes,15,3.6534100715880893
Q048,C005,Liraglutide in Type 2 Diabetes Mellitus: Real-World Outcomes,16,3.2620002906108967
Q048,C001,Panduan Praktis: Memulai Levothyroxine pada Hypothyroidism,17,0.0
Q048,C002,Clinical Practice Guideline: Type 1 Diabetes Mellitus Management 2023,18,0.0
Q048,C003,A Case of Type 1 Diabetes Mellitus Resistant to Insulin degludec,19,0.0
Q048,C004,Successful Management of Severe Hypothyroidism with Levothyroxine,20,0.0
Q049,C026,Profil Keamanan Rivaroxaban pada Atrial Fibrillation,1,7.562351526090392
Q049,C097,Laporan Kasus: Malaria dengan atrial fibrillation,2,7.562351526090392
Q049,C027,National Guideline: Atrial Fibrillation Diagnosis and Treatment,3,7.10864550358951
Q049,C037,Atrial Fibrillation in Special Populations: Practical Guidance,4,7.10864550358951
Q049,C042,Atrial Fibrillation in Special Populations: Practical Guidance,5,7.10864550358951
Q049,C081,Parkinson Disease in atrial fibrillation: Special Considerations,6,7.10864550358951
Q049,C168,Challenging Case: ADHD with Concurrent atrial fibrillation,7,7.10864550358951
Q049,C030,Treatment Intensification in Atrial Fibrillation: When and How,8,6.7062986819441015
Q049,C032,Consensus Statement: SGLT2 inhibitors Use in Atrial Fibrillation,9,6.7062986819441015
Q049,C046,Treatment Intensification in Atrial Fibrillation: When and How,10,6.7062986819441015
Q049,C025,Metoprolol versus Empagliflozin in Atrial Fibrillation: Head-to-Head Comparison,11,6.024346876365611
Q049,C263,Tinjauan Sistematis: Beta blockers non-selective pada Hypertension in Pregnancy,12,4.399804883145992
Q049,C033,"Statins: Mechanism, Indications, and Safety",13,4.151558599265983
Q049,C104,"NRTIs: Mechanism, Indications, and Safety",14,4.151558599265983
Q049,C112,"Antimalarials: Mechanism, Indications, and Safety",15,4.151558599265983
Q049,C265,"Magnesium: Mechanism, Indications, and Safety",16,4.151558599265983
Q049,C292,"Benzodiazepines: Mechanism, Indications, and Safety",17,4.151558599265983
Q049,C101,"NRTIs combination: Mechanism, Indications, and Safety",18,3.8865872853495445
Q049,C244,"Iron preparations: Mechanism, Indications, and Safety",19,3.8865872853495445
Q049,C270,Long-term Outcomes of Beta blockers non-selective Therapy in Hypertension in Pregnancy,20,3.8175108605484565
Q050,C114,Profil Keamanan Levofloxacin pada HIV/AIDS,1,15.237205870985395
Q050,C107,A Case of HIV/AIDS Resistant to Levofloxacin,2,13.512364943173743
Q050,C016,Dose Adjustment of Desmopressin in Renal and Hepatic Impairment,3,10.68620986098231
Q050,C040,Dose Adjustment of Atorvastatin in Renal and Hepatic Impairment,4,10.68620986098231
Q050,C084,Dose Adjustment of Valproate in Renal and Hepatic Impairment,5,10.68620986098231
Q050,C116,Dose Adjustment of Salmeterol in Renal and Hepatic Impairment,6,10.68620986098231
Q050,C169,Dose Adjustment of Olanzapine in Renal and Hepatic Impairment,7,10.68620986098231
Q050,C231,Dose Adjustment of Apixaban in Renal and Hepatic Impairment,8,10.68620986098231
Q050,C236,Dose Adjustment of Rivaroxaban in Renal and Hepatic Impairment,9,10.68620986098231
Q050,C314,Dose Adjustment of Vancomycin in Renal and Hepatic Impairment,10,10.68620986098231
Q050,C343,Dose Adjustment of Dupilumab in Renal and Hepatic Impairment,11,10.68620986098231
Q050,C021,Dose Adjustment of Insulin glargine in Renal and Hepatic Impairment,12,10.142878848220512
Q050,C103,Profil Keamanan Amoxicillin pada HIV/AIDS,13,9.714138913620543
Q050,C100,Case Report: Atypical Presentation of HIV/AIDS,14,9.13133562640039
Q050,C222,Challenging Case: Psoriatic Arthritis with Concurrent renal impairment,15,3.3531493409720508
Q050,C260,Hypertension in Pregnancy in anaemia: Special Considerations,16,1.5575755985011488
Q050,C255,Practical Guide: Initiating Labetalol in Hypertension in Pregnancy,17,1.4945138020276896
Q050,C268,Methyldopa Drug Profile: Efficacy in Hypertension in Pregnancy,18,1.4945138020276896
Q050,C267,Hypertension in Pregnancy in Pregnancy: Safety and Management Guide,19,1.4363596921061903
Q050,C275,Treatment Intensification in Hypertension in Pregnancy: When and How,20,1.4363596921061903
Q051,C099,Panduan Praktis: Memulai Dolutegravir pada Malaria,1,10.956500274636333
Q051,C110,WHO Guideline Update: Malaria 2025,2,5.1882041982338585
Q051,C097,Laporan Kasus: Malaria dengan atrial fibrillation,3,4.8570694568102715
Q051,C029,Profil Obat ARBs pada Heart Failure,4,4.274067670443244
Q051,C041,Laporan Kasus: Heart Failure dengan immunocompromised,5,4.274067670443244
Q051,C105,Narrative Review: Current Evidence for Integrase inhibitors in Malaria,6,4.076522876343298
Q051,C031,Clinical Practice Guideline: Heart Failure Management 2021,7,4.01764343044776
Q051,C038,Clinical Summary: Heart Failure Management Update 2024,8,4.01764343044776
Q051,C044,Safety Profile of Furosemide in Heart Failure,9,4.01764343044776
Q051,C045,Metoprolol pada Pasien Heart Failure: Studi Kohort,10,4.01764343044776
Q051,C034,Spironolactone Real-World Evidence in Heart Failure: A Retrospective Study,11,3.4048227103668527
Q051,C162,Biomarkers in Schizophrenia: Implications for Atypical antipsychotics Therapy,12,2.605782573313007
Q051,C216,Switching Therapy in Osteoporosis: A Step-by-Step Guide,13,2.466196711568875
Q051,C280,Biomarkers in Stunting / Malnutrition: Implications for Vitamin A Therapy,14,2.466196711568875
Q051,C318,Switching Therapy in Sepsis: A Step-by-Step Guide,15,2.466196711568875
Q051,C323,Switching Therapy in Psoriasis: A Step-by-Step Guide,16,2.466196711568875
Q051,C340,Switching Therapy in Psoriasis: A Step-by-Step Guide,17,2.466196711568875
Q051,C039,Switching Therapy in Stable Angina: A Step-by-Step Guide,18,2.340805092426243
Q051,C056,Biomarkers in Chronic Kidney Disease: Implications for SGLT2 inhibitors Therapy,19,2.340805092426243
Q051,C087,Switching Therapy in Ischaemic Stroke: A Step-by-Step Guide,20,2.340805092426243
Q052,C103,Profil Keamanan Amoxicillin pada HIV/AIDS,1,9.714138913620543
Q052,C114,Profil Keamanan Levofloxacin pada HIV/AIDS,2,9.714138913620543
Q052,C100,Case Report: Atypical Presentation of HIV/AIDS,3,9.13133562640039
Q052,C107,A Case of HIV/AIDS Resistant to Levofloxacin,4,8.614505259095605
Q052,C074,Topiramate Real-World Evidence in Migraine: A Retrospective Study,5,3.2620002906108967
Q052,C079,Topiramate Real-World Evidence in Migraine: A Retrospective Study,6,3.2620002906108967
Q052,C105,Narrative Review: Current Evidence for Integrase inhibitors in Malaria,7,3.2620002906108967
Q052,C034,Spironolactone Real-World Evidence in Heart Failure: A Retrospective Study,8,3.0961467331210595
Q052,C215,Narrative Review: Current Evidence for NSAIDs in Systemic Lupus Erythematosus,9,3.0961467331210595
Q052,C290,Diazepam Real-World Evidence in Febrile Seizure: A Retrospective Study,10,3.0961467331210595
Q052,C296,Narrative Review: Current Evidence for Zinc supplements in Stunting / Malnutrition,11,3.0961467331210595
Q052,C184,Sertraline Real-World Evidence in Major Depressive Disorder: A Retrospective Study,12,2.946342519477825
Q052,C248,Rivaroxaban Real-World Evidence in Deep Vein Thrombosis: A Retrospective Study,13,2.946342519477825
Q052,C139,Narrative Review: Current Evidence for Proton pump inhibitors in Peptic Ulcer Disease,14,2.8103655649603887
Q052,C001,Panduan Praktis: Memulai Levothyroxine pada Hypothyroidism,15,0.0
Q052,C002,Clinical Practice Guideline: Type 1 Diabetes Mellitus Management 2023,16,0.0
Q052,C003,A Case of Type 1 Diabetes Mellitus Resistant to Insulin degludec,17,0.0
Q052,C004,Successful Management of Severe Hypothyroidism with Levothyroxine,18,0.0
Q052,C005,Liraglutide in Type 2 Diabetes Mellitus: Real-World Outcomes,19,0.0
Q052,C006,"Methimazole: Pharmacology, Dosing, and Clinical Use in Hyperthyroidism",20,0.0
Q053,C162,Biomarkers in Schizophrenia: Implications for Atypical antipsychotics Therapy,1,14.004932287816914
Q053,C179,Case Report: Atypical Presentation of Schizophrenia,2,10.324778039943702
Q053,C177,Successful Management of Severe Schizophrenia with Clozapine,3,6.051929165286764
Q053,C178,A Case of Schizophrenia Resistant to Clozapine,4,6.051929165286764
Q053,C009,Case Report: Atypical Presentation of Obesity,5,5.696133942833684
Q053,C313,Case Report: Atypical Presentation of Sepsis,6,5.696133942833684
Q053,C100,Case Report: Atypical Presentation of HIV/AIDS,7,5.354392321075006
Q053,C289,Case Report: Atypical Presentation of Stunting / Malnutrition,8,5.354392321075006
Q053,C163,"Risperidone: Pharmacology, Dosing, and Clinical Use in Schizophrenia",9,5.149324371132504
Q053,C060,Case Report: Atypical Presentation of Chronic Kidney Disease,10,5.051335609196592
Q053,C181,Case Report: Atypical Presentation of Major Depressive Disorder,11,5.051335609196592
Q053,C211,Case Report: Atypical Presentation of Systemic Lupus Erythematosus,12,5.051335609196592
Q053,C012,Case Report: Atypical Presentation of Type 2 Diabetes Mellitus,13,4.7807470185790475
Q053,C033,"Statins: Mechanism, Indications, and Safety",14,4.151558599265983
Q053,C104,"NRTIs: Mechanism, Indications, and Safety",15,4.151558599265983
Q053,C112,"Antimalarials: Mechanism, Indications, and Safety",16,4.151558599265983
Q053,C265,"Magnesium: Mechanism, Indications, and Safety",17,4.151558599265983
Q053,C292,"Benzodiazepines: Mechanism, Indications, and Safety",18,4.151558599265983
Q053,C101,"NRTIs combination: Mechanism, Indications, and Safety",19,3.8865872853495445
Q053,C244,"Iron preparations: Mechanism, Indications, and Safety",20,3.8865872853495445
Q054,C059,Safety Profile of Empagliflozin in Chronic Kidney Disease,1,13.410256221333187
Q054,C222,Challenging Case: Psoriatic Arthritis with Concurrent renal impairment,2,10.152927035449816
Q054,C047,Drug Interactions: Losartan in Chronic Kidney Disease Patients,3,8.512396537255048
Q054,C058,Case Series: SGLT2 inhibitors in Refractory Chronic Kidney Disease,4,8.056406763461368
Q054,C048,Panduan Klinis: Tatalaksana Chronic Kidney Disease 2022,5,7.915787816238781
Q054,C061,Profil Keamanan Dapagliflozin pada Chronic Kidney Disease,6,7.915787816238781
Q054,C065,Profil Keamanan Losartan pada Chronic Kidney Disease,7,7.915787816238781
Q054,C056,Biomarkers in Chronic Kidney Disease: Implications for SGLT2 inhibitors Therapy,8,7.646785793729628
Q054,C050,Chronic Kidney Disease pada Populasi Khusus: Pendekatan Praktis,9,7.467757025130277
Q054,C052,Clinical Summary: Chronic Kidney Disease Management Update 2024,10,7.467757025130277
Q054,C060,Case Report: Atypical Presentation of Chronic Kidney Disease,11,7.467757025130277
Q054,C062,Konsensus Nasional: Chronic Kidney Disease di Indonesia 2022,12,7.467757025130277
Q054,C068,Chronic Kidney Disease pada Populasi Khusus: Pendekatan Praktis,13,7.467757025130277
Q054,C016,Dose Adjustment of Desmopressin in Renal and Hepatic Impairment,14,7.335738016500316
Q054,C040,Dose Adjustment of Atorvastatin in Renal and Hepatic Impairment,15,7.335738016500316
Q054,C084,Dose Adjustment of Valproate in Renal and Hepatic Impairment,16,7.335738016500316
Q054,C116,Dose Adjustment of Salmeterol in Renal and Hepatic Impairment,17,7.335738016500316
Q054,C169,Dose Adjustment of Olanzapine in Renal and Hepatic Impairment,18,7.335738016500316
Q054,C231,Dose Adjustment of Apixaban in Renal and Hepatic Impairment,19,7.335738016500316
Q054,C236,Dose Adjustment of Rivaroxaban in Renal and Hepatic Impairment,20,7.335738016500316
Q055,C014,Practical Guide: Initiating Methimazole in Hyperthyroidism,1,10.6653700726789
Q055,C006,"Methimazole: Pharmacology, Dosing, and Clinical Use in Hyperthyroidism",2,9.458057723723652
Q055,C135,Prednisolone pada Pasien COPD: Studi Kohort,3,5.987157344749509
Q055,C045,Metoprolol pada Pasien Heart Failure: Studi Kohort,4,5.627955668445315
Q055,C015,Panduan Klinis: Tatalaksana Hyperthyroidism 2021,5,5.49288389814055
Q055,C152,Metronidazole pada Pasien Inflammatory Bowel Disease: Studi Kohort,6,5.309415367847006
Q055,C250,Rivaroxaban pada Pasien Deep Vein Thrombosis: Studi Kohort,7,5.309415367847006
Q055,C311,Secukinumab pada Pasien Disseminated Intravascular Coagulation: Studi Kohort,8,5.309415367847006
Q055,C317,Secukinumab pada Pasien Disseminated Intravascular Coagulation: Studi Kohort,9,5.309415367847006
Q055,C276,Efektivitas Magnesium pada Preeclampsia,10,1.7759290382152242
Q055,C212,Profil Keamanan Alendronate pada Osteoporosis,11,1.6548536020730698
Q055,C221,Meta-analisis: Alendronate pada Osteoporosis,12,1.6548536020730698
Q055,C309,Profil Keamanan Meropenem pada Sepsis,13,1.6548536020730698
Q055,C001,Panduan Praktis: Memulai Levothyroxine pada Hypothyroidism,14,1.5492333337338053
Q055,C026,Profil Keamanan Rivaroxaban pada Atrial Fibrillation,15,1.5492333337338053
Q055,C029,Profil Obat ARBs pada Heart Failure,16,1.5492333337338053
Q055,C054,Efektivitas Loop diuretics pada Nephrotic Syndrome,17,1.5492333337338053
Q055,C089,Perbandingan Topiramate dan Topiramate pada Migraine,18,1.5492333337338053
Q055,C099,Panduan Praktis: Memulai Dolutegravir pada Malaria,19,1.5492333337338053
Q055,C103,Profil Keamanan Amoxicillin pada HIV/AIDS,20,1.5492333337338053
Q056,C315,Perbandingan Hydrocortisone dan Piperacillin-tazobactam pada Sepsis,1,15.021309259365959
Q056,C309,Profil Keamanan Meropenem pada Sepsis,2,4.038960558940491
Q056,C303,Sepsis in Special Populations: Practical Guidance,3,3.781175763045196
Q056,C304,Ringkasan Klinis: Tatalaksana Sepsis Terkini 2024,4,3.781175763045196
Q056,C306,Sepsis in liver disease: Special Considerations,5,3.781175763045196
Q056,C313,Case Report: Atypical Presentation of Sepsis,6,3.781175763045196
Q056,C319,Safety Profile of Meropenem in Sepsis,7,3.781175763045196
Q056,C321,Kasus Sulit: Sepsis Refrakter terhadap Norepinephrine,8,3.781175763045196
Q056,C301,Successful Management of Severe Sepsis with Norepinephrine,9,3.554322751794755
Q056,C305,Hydrocortisone: Farmakologi dan Penggunaan Klinis pada Sepsis,10,3.554322751794755
Q056,C016,Dose Adjustment of Desmopressin in Renal and Hepatic Impairment,11,3.2620002906108967
Q056,C040,Dose Adjustment of Atorvastatin in Renal and Hepatic Impairment,12,3.2620002906108967
Q056,C084,Dose Adjustment of Valproate in Renal and Hepatic Impairment,13,3.2620002906108967
Q056,C116,Dose Adjustment of Salmeterol in Renal and Hepatic Impairment,14,3.2620002906108967
Q056,C169,Dose Adjustment of Olanzapine in Renal and Hepatic Impairment,15,3.2620002906108967
Q056,C231,Dose Adjustment of Apixaban in Renal and Hepatic Impairment,16,3.2620002906108967
Q056,C236,Dose Adjustment of Rivaroxaban in Renal and Hepatic Impairment,17,3.2620002906108967
Q056,C314,Dose Adjustment of Vancomycin in Renal and Hepatic Impairment,18,3.2620002906108967
Q056,C343,Dose Adjustment of Dupilumab in Renal and Hepatic Impairment,19,3.2620002906108967
Q056,C318,Switching Therapy in Sepsis: A Step-by-Step Guide,20,3.1735287367398
Q057,C061,Profil Keamanan Dapagliflozin pada Chronic Kidney Disease,1,19.382774323809983
Q057,C048,Panduan Klinis: Tatalaksana Chronic Kidney Disease 2022,2,7.915787816238781
Q057,C065,Profil Keamanan Losartan pada Chronic Kidney Disease,3,7.915787816238781
Q057,C047,Drug Interactions: Losartan in Chronic Kidney Disease Patients,4,7.467757025130277
Q057,C050,Chronic Kidney Disease pada Populasi Khusus: Pendekatan Praktis,5,7.467757025130277
Q057,C052,Clinical Summary: Chronic Kidney Disease Management Update 2024,6,7.467757025130277
Q057,C059,Safety Profile of Empagliflozin in Chronic Kidney Disease,7,7.467757025130277
Q057,C060,Case Report: Atypical Presentation of Chronic Kidney Disease,8,7.467757025130277
Q057,C062,Konsensus Nasional: Chronic Kidney Disease di Indonesia 2022,9,7.467757025130277
Q057,C068,Chronic Kidney Disease pada Populasi Khusus: Pendekatan Praktis,10,7.467757025130277
Q057,C058,Case Series: SGLT2 inhibitors in Refractory Chronic Kidney Disease,11,7.067726220440653
Q057,C056,Biomarkers in Chronic Kidney Disease: Implications for SGLT2 inhibitors Therapy,12,6.7083738499340395
Q057,C057,Switching Therapy in Chronic Kidney Disease: A Step-by-Step Guide,13,6.383795347673853
Q057,C069,Long-term Outcomes of SGLT2 inhibitors Therapy in Chronic Kidney Disease,14,6.383795347673853
Q057,C152,Metronidazole pada Pasien Inflammatory Bowel Disease: Studi Kohort,15,5.891433694538524
Q057,C135,Prednisolone pada Pasien COPD: Studi Kohort,16,4.437924011015704
Q057,C045,Metoprolol pada Pasien Heart Failure: Studi Kohort,17,4.171669150440603
Q057,C250,Rivaroxaban pada Pasien Deep Vein Thrombosis: Studi Kohort,18,3.935554151769135
Q057,C311,Secukinumab pada Pasien Disseminated Intravascular Coagulation: Studi Kohort,19,3.935554151769135
Q057,C317,Secukinumab pada Pasien Disseminated Intravascular Coagulation: Studi Kohort,20,3.935554151769135
Q058,C085,Pedoman PNPK: Ischaemic Stroke,1,11.135586229852866
Q058,C070,Ischaemic Stroke in Special Populations: Practical Guidance,2,10.238648664922103
Q058,C082,Rare Adverse Event of Aspirin in Ischaemic Stroke,3,9.659144771220376
Q058,C087,Switching Therapy in Ischaemic Stroke: A Step-by-Step Guide,4,8.67692320169609
Q058,C256,New Insights into Preeclampsia Pathophysiology and Treatment,5,4.171669150440603
Q058,C330,New Insights into Psoriasis Pathophysiology and Treatment,6,4.171669150440603
Q058,C337,New Insights into Psoriasis Pathophysiology and Treatment,7,4.171669150440603
Q058,C282,New Insights into Febrile Seizure Pathophysiology and Treatment,8,3.935554151769135
Q058,C155,New Insights into Inflammatory Bowel Disease Pathophysiology and Treatment,9,3.724735442893917
Q058,C234,New Insights into Deep Vein Thrombosis Pathophysiology and Treatment,10,3.724735442893917
Q058,C260,Hypertension in Pregnancy in anaemia: Special Considerations,11,1.5575755985011488
Q058,C255,Practical Guide: Initiating Labetalol in Hypertension in Pregnancy,12,1.4945138020276896
Q058,C268,Methyldopa Drug Profile: Efficacy in Hypertension in Pregnancy,13,1.4945138020276896
Q058,C267,Hypertension in Pregnancy in Pregnancy: Safety and Management Guide,14,1.4363596921061903
Q058,C275,Treatment Intensification in Hypertension in Pregnancy: When and How,15,1.4363596921061903
Q058,C257,Switching Therapy in Hypertension in Pregnancy: A Step-by-Step Guide,16,1.3326483965224
Q058,C137,Asthma in immunocompromised: Special Considerations,17,1.2582970093898815
Q058,C262,Preeclampsia in pregnancy: Special Considerations,18,1.2582970093898815
Q058,C270,Long-term Outcomes of Beta blockers non-selective Therapy in Hypertension in Pregnancy,19,1.2429053308678053
Q058,C014,Practical Guide: Initiating Methimazole in Hyperthyroidism,20,1.1779867827838757
Q059,C344,Safety Profile of Dupilumab in Psoriasis,1,8.132971413988127
Q059,C325,A Case of Psoriasis Resistant to Cyclosporine,2,7.3769098826478725
Q059,C336,A Case of Psoriasis Resistant to Cyclosporine,3,7.3769098826478725
Q059,C329,"Cyclosporine: Pharmacology, Dosing, and Clinical Use in Psoriasis",4,6.95937939201513
Q059,C320,Safety Profile of Dupilumab in Disseminated Intravascular Coagulation,5,4.560198039645514
Q059,C343,Dose Adjustment of Dupilumab in Renal and Hepatic Impairment,6,4.315918574579278
Q059,C312,A Case of Disseminated Intravascular Coagulation Resistant to Cyclosporine,7,4.076522876343298
Q059,C333,WHO Guideline Update: Psoriasis 2023,8,3.1945595920910574
Q059,C335,WHO Guideline Update: Psoriasis 2025,9,3.1945595920910574
Q059,C338,Laporan Kasus: Psoriasis dengan anaemia,10,3.1945595920910574
Q059,C331,Profil Keamanan Tacrolimus topical pada Psoriasis,11,2.990668298674076
Q059,C332,Psoriasis in elderly patients: Special Considerations,12,2.990668298674076
Q059,C326,Treatment Intensification in Psoriasis: When and How,13,2.811242069447678
Q059,C330,New Insights into Psoriasis Pathophysiology and Treatment,14,2.811242069447678
Q059,C334,Panduan Praktis: Memulai Tacrolimus topical pada Psoriasis,15,2.811242069447678
Q059,C337,New Insights into Psoriasis Pathophysiology and Treatment,16,2.811242069447678
Q059,C339,Quick Reference: Calcineurin inhibitors Dosing in Psoriasis,17,2.811242069447678
Q059,C324,Successful Management of Severe Psoriasis with Tacrolimus topical,18,2.6521267624673275
Q059,C341,Consensus Statement: Topical calcineurin inhibitors Use in Psoriasis,19,2.6521267624673275
Q059,C342,Tacrolimus topical: Farmakologi dan Penggunaan Klinis pada Psoriasis,20,2.6521267624673275
Q060,C306,Sepsis in liver disease: Special Considerations,1,8.304976581085038
Q060,C047,Drug Interactions: Losartan in Chronic Kidney Disease Patients,2,5.3090288837414406
Q060,C078,Drug Interactions: Levodopa-carbidopa in Parkinson Disease Patients,3,5.3090288837414406
Q060,C145,Metronidazole Drug Profile: Efficacy in Inflammatory Bowel Disease,4,5.3090288837414406
Q060,C083,Laporan Kasus: Migraine dengan COPD,5,4.275065444605325
Q060,C072,National Guideline: Migraine Diagnosis and Treatment,6,4.0022113632162
Q060,C086,Risk Stratification in Migraine: Current Approaches,7,4.0022113632162
Q060,C089,Perbandingan Topiramate dan Topiramate pada Migraine,8,4.0022113632162
Q060,C076,Levetiracetam Drug Profile: Efficacy in Epilepsy,9,3.781175763045196
Q060,C126,Budesonide Drug Profile: Efficacy in Asthma,10,3.781175763045196
Q060,C073,Quick Reference: Antiepileptics other Dosing in Migraine,11,3.762097240968909
Q060,C075,Migraine in Pregnancy: Safety and Management Guide,12,3.762097240968909
Q060,C004,Successful Management of Severe Hypothyroidism with Levothyroxine,13,3.6534100715880893
Q060,C168,Challenging Case: ADHD with Concurrent atrial fibrillation,14,3.6534100715880893
Q060,C177,Successful Management of Severe Schizophrenia with Clozapine,15,3.6534100715880893
Q060,C287,Challenging Case: Stunting / Malnutrition with Concurrent COPD,16,3.6534100715880893
Q060,C301,Successful Management of Severe Sepsis with Norepinephrine,17,3.6534100715880893
Q060,C278,Diazepam Drug Profile: Efficacy in Febrile Seizure,18,3.554322751794755
Q060,C283,Drug Interactions: Zinc in Stunting / Malnutrition Patients,19,3.554322751794755
Q060,C092,Hasil Jangka Panjang Terapi Antiepileptics other pada Migraine,20,3.5491638675350425
Q061,C073,Quick Reference: Antiepileptics other Dosing in Migraine,1,10.38341710433368
Q061,C092,Hasil Jangka Panjang Terapi Antiepileptics other pada Migraine,2,9.795719368156277
Q061,C076,Levetiracetam Drug Profile: Efficacy in Epilepsy,3,4.8570694568102715
Q061,C080,Treatment Intensification in Epilepsy: When and How,4,4.565667813200195
Q061,C071,Asia-Pacific Guideline: Epilepsy in Primary Care 2022,5,4.307252629547802
Q061,C077,Hasil Jangka Panjang Terapi Fatty acid derivatives pada Epilepsy,6,4.076522876343298
Q061,C074,Topiramate Real-World Evidence in Migraine: A Retrospective Study,7,3.2620002906108967
Q061,C079,Topiramate Real-World Evidence in Migraine: A Retrospective Study,8,3.2620002906108967
Q061,C105,Narrative Review: Current Evidence for Integrase inhibitors in Malaria,9,3.2620002906108967
Q061,C034,Spironolactone Real-World Evidence in Heart Failure: A Retrospective Study,10,3.0961467331210595
Q061,C215,Narrative Review: Current Evidence for NSAIDs in Systemic Lupus Erythematosus,11,3.0961467331210595
Q061,C290,Diazepam Real-World Evidence in Febrile Seizure: A Retrospective Study,12,3.0961467331210595
Q061,C296,Narrative Review: Current Evidence for Zinc supplements in Stunting / Malnutrition,13,3.0961467331210595
Q061,C184,Sertraline Real-World Evidence in Major Depressive Disorder: A Retrospective Study,14,2.946342519477825
Q061,C248,Rivaroxaban Real-World Evidence in Deep Vein Thrombosis: A Retrospective Study,15,2.946342519477825
Q061,C139,Narrative Review: Current Evidence for Proton pump inhibitors in Peptic Ulcer Disease,16,2.8103655649603887
Q061,C001,Panduan Praktis: Memulai Levothyroxine pada Hypothyroidism,17,0.0
Q061,C002,Clinical Practice Guideline: Type 1 Diabetes Mellitus Management 2023,18,0.0
Q061,C003,A Case of Type 1 Diabetes Mellitus Resistant to Insulin degludec,19,0.0
Q061,C004,Successful Management of Severe Hypothyroidism with Levothyroxine,20,0.0
Q062,C118,COPD in Pregnancy: Safety and Management Guide,1,6.520149168212087
Q062,C083,Laporan Kasus: Migraine dengan COPD,2,4.565455781209233
Q062,C128,COPD in Special Populations: Practical Guidance,3,4.274067670443244
Q062,C132,Practical Guide: Initiating Prednisolone in COPD,4,4.274067670443244
Q062,C133,Panduan Praktis: Memulai Prednisolone pada COPD,5,4.274067670443244
Q062,C135,Prednisolone pada Pasien COPD: Studi Kohort,6,4.274067670443244
Q062,C287,Challenging Case: Stunting / Malnutrition with Concurrent COPD,7,4.01764343044776
Q062,C254,Clinical Practice Guideline: Preeclampsia Management 2022,8,2.662227012934592
Q062,C004,Successful Management of Severe Hypothyroidism with Levothyroxine,9,2.502505737764327
Q062,C031,Clinical Practice Guideline: Heart Failure Management 2021,10,2.502505737764327
Q062,C038,Clinical Summary: Heart Failure Management Update 2024,11,2.502505737764327
Q062,C051,Clinical Practice Guideline: Nephrotic Syndrome Management 2022,12,2.502505737764327
Q062,C075,Migraine in Pregnancy: Safety and Management Guide,13,2.502505737764327
Q062,C119,Clinical Practice Guideline: Pulmonary Embolism Management 2025,14,2.502505737764327
Q062,C175,Clinical Summary: Bipolar Disorder Management Update 2020,15,2.502505737764327
Q062,C177,Successful Management of Severe Schizophrenia with Clozapine,16,2.502505737764327
Q062,C189,Clinical Practice Guideline: Colorectal Cancer Management 2020,17,2.502505737764327
Q062,C200,Chronic Lymphocytic Leukaemia and obesity: Management Challenges,18,2.502505737764327
Q062,C269,Preeclampsia in Pregnancy: Safety and Management Guide,19,2.502505737764327
Q062,C293,Clinical Summary: Stunting / Malnutrition Management Update 2021,20,2.502505737764327
Q063,C099,Panduan Praktis: Memulai Dolutegravir pada Malaria,1,6.406302790544077
Q063,C129,Dosis Corticosteroids pada Asthma: Referensi Cepat,2,5.823301004177049
Q063,C166,Dosis SSRIs pada ADHD: Referensi Cepat,3,5.823301004177049
Q063,C109,Panduan Praktis: Memulai Tenofovir+Lamivudine pada Urinary Tract Infection,4,5.616185161647389
Q063,C110,WHO Guideline Update: Malaria 2025,5,5.1882041982338585
Q063,C345,Dosis Topical calcineurin inhibitors pada Psoriasis: Referensi Cepat,6,5.164107449137047
Q063,C036,Dosis Platelet aggregation inhibitors pada Stable Angina: Referensi Cepat,7,4.88747792685476
Q063,C097,Laporan Kasus: Malaria dengan atrial fibrillation,8,4.8570694568102715
Q063,C185,Dosis BCR-ABL inhibitors pada Chronic Myeloid Leukaemia: Referensi Cepat,9,4.638978377772834
Q063,C198,Dosis BCR-ABL inhibitors pada Chronic Myeloid Leukaemia: Referensi Cepat,10,4.638978377772834
Q063,C010,Dosis DPP-4 inhibitors pada Type 2 Diabetes Mellitus: Referensi Cepat,11,4.4145256732042455
Q063,C093,Practical Guide: Initiating Tenofovir+Lamivudine in Urinary Tract Infection,12,4.315918574579278
Q063,C105,Narrative Review: Current Evidence for Integrase inhibitors in Malaria,13,4.076522876343298
Q063,C094,"Tenofovir+Lamivudine: Pharmacology, Dosing, and Clinical Use in Urinary Tract Infection",14,3.8982750686713192
Q063,C276,Efektivitas Magnesium pada Preeclampsia,15,1.7759290382152242
Q063,C212,Profil Keamanan Alendronate pada Osteoporosis,16,1.6548536020730698
Q063,C221,Meta-analisis: Alendronate pada Osteoporosis,17,1.6548536020730698
Q063,C309,Profil Keamanan Meropenem pada Sepsis,18,1.6548536020730698
Q063,C001,Panduan Praktis: Memulai Levothyroxine pada Hypothyroidism,19,1.5492333337338053
Q063,C026,Profil Keamanan Rivaroxaban pada Atrial Fibrillation,20,1.5492333337338053
Q064,C268,Methyldopa Drug Profile: Efficacy in Hypertension in Pregnancy,1,14.709425551511478
Q064,C229,Monitoring Parameters for Bisphosphonates in Osteoporosis,2,11.231821587599159
Q064,C267,Hypertension in Pregnancy in Pregnancy: Safety and Management Guide,3,10.150640371742352
Q064,C151,Monitoring Parameters for Nitroimidazoles in Inflammatory Bowel Disease,4,9.96038732778781
Q064,C260,Hypertension in Pregnancy in anaemia: Special Considerations,5,9.805225416252483
Q064,C090,Monitoring Parameters for Fatty acid derivatives in Parkinson Disease,6,9.426831971829268
Q064,C255,Practical Guide: Initiating Labetalol in Hypertension in Pregnancy,7,9.300445988332783
Q064,C203,Monitoring Parameters for CNS stimulants in Breast Cancer HER2-positive,8,8.947532928574423
Q064,C245,Monitoring Parameters for Factor Xa inhibitors in Deep Vein Thrombosis,9,8.947532928574423
Q064,C328,Monitoring Parameters for IL-4/IL-13 inhibitors in Psoriasis,10,8.947532928574423
Q064,C275,Treatment Intensification in Hypertension in Pregnancy: When and How,11,8.846049401862546
Q064,C272,National Guideline: Hypertension in Pregnancy Diagnosis and Treatment,12,8.400697408526945
Q064,C257,Switching Therapy in Hypertension in Pregnancy: A Step-by-Step Guide,13,8.060598646491275
Q064,C266,Profil Obat Centrally acting antihypertensives pada Hypertension in Pregnancy,14,7.950691103691597
Q064,C263,Tinjauan Sistematis: Beta blockers non-selective pada Hypertension in Pregnancy,15,7.546445154405339
Q064,C270,Long-term Outcomes of Beta blockers non-selective Therapy in Hypertension in Pregnancy,16,7.4050835240775355
Q064,C262,Preeclampsia in pregnancy: Special Considerations,17,6.183423084261621
Q064,C028,Practical Guide: Initiating Losartan in Hypertension,18,6.040243297417703
Q064,C170,Major Depressive Disorder in hypertension: Special Considerations,19,5.677856710130113
Q064,C075,Migraine in Pregnancy: Safety and Management Guide,20,5.441469663206927
Q065,C020,Clinical Practice Guideline: Type 2 Diabetes Mellitus Management 2021,1,15.552144701880906
Q065,C005,Liraglutide in Type 2 Diabetes Mellitus: Real-World Outcomes,2,13.128112075112373
Q065,C012,Case Report: Atypical Presentation of Type 2 Diabetes Mellitus,3,13.128112075112373
Q065,C017,Type 2 Diabetes Mellitus in Special Populations: Practical Guidance,4,13.128112075112373
Q065,C018,Laporan Kasus: Type 2 Diabetes Mellitus dengan Presentasi Atipikal,5,13.128112075112373
Q065,C010,Dosis DPP-4 inhibitors pada Type 2 Diabetes Mellitus: Referensi Cepat,6,13.032170984738825
Q065,C008,Treatment Intensification in Type 2 Diabetes Mellitus: When and How,7,12.460624675724404
Q065,C002,Clinical Practice Guideline: Type 1 Diabetes Mellitus Management 2023,8,11.964933362094257
Q065,C003,A Case of Type 1 Diabetes Mellitus Resistant to Insulin degludec,9,8.61764531153458
Q065,C013,Asia-Pacific Guideline: Type 1 Diabetes Mellitus in Primary Care 2023,10,8.61764531153458
Q065,C007,Efficacy of Vasopressin analogues in Diabetes Insipidus: A Cohort Study,11,5.875681937298236
Q065,C076,Levetiracetam Drug Profile: Efficacy in Epilepsy,12,3.781175763045196
Q065,C126,Budesonide Drug Profile: Efficacy in Asthma,13,3.781175763045196
Q065,C278,Diazepam Drug Profile: Efficacy in Febrile Seizure,14,3.554322751794755
Q065,C145,Metronidazole Drug Profile: Efficacy in Inflammatory Bowel Disease,15,3.3531493409720508
Q065,C228,Methotrexate Drug Profile: Efficacy in Systemic Lupus Erythematosus,16,3.3531493409720508
Q065,C268,Methyldopa Drug Profile: Efficacy in Hypertension in Pregnancy,17,3.3531493409720508
Q065,C022,Quick Reference: Vasopressin analogues Dosing in Diabetes Insipidus,18,3.187655635948162
Q065,C125,Efficacy of Antituberculotics in MDR Tuberculosis: A Cohort Study,19,3.1735287367398
Q065,C019,Asia-Pacific Guideline: Diabetes Insipidus in Primary Care 2021,20,3.016900154103931
Q066,C043,Profil Obat Statins pada Acute Coronary Syndrome,1,13.937739856128434
Q066,C024,Laporan Kasus: Acute Coronary Syndrome dengan Presentasi Atipikal,2,13.148868709128328
Q066,C229,Monitoring Parameters for Bisphosphonates in Osteoporosis,3,10.053834804815283
Q066,C151,Monitoring Parameters for Nitroimidazoles in Inflammatory Bowel Disease,4,8.915747815663039
Q066,C090,Monitoring Parameters for Fatty acid derivatives in Parkinson Disease,5,8.43815142880855
Q066,C203,Monitoring Parameters for CNS stimulants in Breast Cancer HER2-positive,6,8.009120984778836
Q066,C245,Monitoring Parameters for Factor Xa inhibitors in Deep Vein Thrombosis,7,8.009120984778836
Q066,C328,Monitoring Parameters for IL-4/IL-13 inhibitors in Psoriasis,8,8.009120984778836
Q066,C049,Safety Profile of Furosemide in Nephrotic Syndrome,9,4.661635790316469
Q066,C053,Furosemide in Nephrotic Syndrome: Real-World Outcomes,10,4.661635790316469
Q066,C063,Systematic Review: Loop diuretics in Nephrotic Syndrome,11,4.661635790316469
Q066,C067,Consensus Statement: Loop diuretics Use in Nephrotic Syndrome,12,4.397788853096821
Q066,C054,Efektivitas Loop diuretics pada Nephrotic Syndrome,13,3.781175763045196
Q066,C051,Clinical Practice Guideline: Nephrotic Syndrome Management 2022,14,3.554322751794755
Q066,C055,Nephrotic Syndrome pada Populasi Khusus: Pendekatan Praktis,15,3.554322751794755
Q066,C066,Panduan Praktis: Memulai Furosemide pada Nephrotic Syndrome,16,3.554322751794755
Q066,C064,Successful Management of Severe Nephrotic Syndrome with Furosemide,17,3.3531493409720508
Q066,C260,Hypertension in Pregnancy in anaemia: Special Considerations,18,1.5575755985011488
Q066,C255,Practical Guide: Initiating Labetalol in Hypertension in Pregnancy,19,1.4945138020276896
Q066,C268,Methyldopa Drug Profile: Efficacy in Hypertension in Pregnancy,20,1.4945138020276896
Q067,C043,Profil Obat Statins pada Acute Coronary Syndrome,1,13.937739856128434
Q067,C024,Laporan Kasus: Acute Coronary Syndrome dengan Presentasi Atipikal,2,13.148868709128328
Q067,C040,Dose Adjustment of Atorvastatin in Renal and Hepatic Impairment,3,5.119232797191707
Q067,C110,WHO Guideline Update: Malaria 2025,4,4.411914507931547
Q067,C335,WHO Guideline Update: Psoriasis 2025,5,4.411914507931547
Q067,C124,Konsensus Nasional: Asthma di Indonesia 2024,6,4.274067670443244
Q067,C219,Konsensus Nasional: Osteoporosis di Indonesia 2022,7,4.274067670443244
Q067,C119,Clinical Practice Guideline: Pulmonary Embolism Management 2025,8,3.882525685922526
Q067,C308,WHO Guideline Update: Disseminated Intravascular Coagulation 2025,9,3.882525685922526
Q067,C062,Konsensus Nasional: Chronic Kidney Disease di Indonesia 2022,10,3.790246233059176
Q067,C153,Konsensus Nasional: Inflammatory Bowel Disease di Indonesia 2021,11,3.790246233059176
Q067,C160,Konsensus Nasional: Inflammatory Bowel Disease di Indonesia 2022,12,3.790246233059176
Q067,C186,Konsensus Nasional: Chronic Lymphocytic Leukaemia di Indonesia 2022,13,3.790246233059176
Q067,C197,Konsensus Nasional: Chronic Myeloid Leukaemia di Indonesia 2023,14,3.790246233059176
Q067,C054,Efektivitas Loop diuretics pada Nephrotic Syndrome,15,3.781175763045196
Q067,C134,Scoping Review: Emerging Therapies in Pulmonary Embolism 2025,16,3.662776105091861
Q067,C144,Clinical Practice Guideline: Inflammatory Bowel Disease Management 2025,17,3.662776105091861
Q067,C049,Safety Profile of Furosemide in Nephrotic Syndrome,18,3.554322751794755
Q067,C051,Clinical Practice Guideline: Nephrotic Syndrome Management 2022,19,3.554322751794755
Q067,C053,Furosemide in Nephrotic Syndrome: Real-World Outcomes,20,3.554322751794755
Q068,C255,Practical Guide: Initiating Labetalol in Hypertension in Pregnancy,1,14.709425551511478
Q068,C257,Switching Therapy in Hypertension in Pregnancy: A Step-by-Step Guide,2,10.288146036234446
Q068,C267,Hypertension in Pregnancy in Pregnancy: Safety and Management Guide,3,10.150640371742352
Q068,C260,Hypertension in Pregnancy in anaemia: Special Considerations,4,9.805225416252483
Q068,C270,Long-term Outcomes of Beta blockers non-selective Therapy in Hypertension in Pregnancy,5,9.436093784781363
Q068,C268,Methyldopa Drug Profile: Efficacy in Hypertension in Pregnancy,6,9.300445988332783
Q068,C275,Treatment Intensification in Hypertension in Pregnancy: When and How,7,8.846049401862546
Q068,C272,National Guideline: Hypertension in Pregnancy Diagnosis and Treatment,8,8.400697408526945
Q068,C266,Profil Obat Centrally acting antihypertensives pada Hypertension in Pregnancy,9,7.950691103691597
Q068,C263,Tinjauan Sistematis: Beta blockers non-selective pada Hypertension in Pregnancy,10,7.546445154405339
Q068,C262,Preeclampsia in pregnancy: Special Considerations,11,6.183423084261621
Q068,C028,Practical Guide: Initiating Losartan in Hypertension,12,6.040243297417703
Q068,C170,Major Depressive Disorder in hypertension: Special Considerations,13,5.677856710130113
Q068,C075,Migraine in Pregnancy: Safety and Management Guide,14,5.441469663206927
Q068,C118,COPD in Pregnancy: Safety and Management Guide,15,5.441469663206927
Q068,C269,Preeclampsia in Pregnancy: Safety and Management Guide,16,5.441469663206927
Q068,C172,Major Depressive Disorder in Pregnancy: Safety and Management Guide,17,4.858495289310803
Q068,C162,Biomarkers in Schizophrenia: Implications for Atypical antipsychotics Therapy,18,4.695061597562548
Q068,C216,Switching Therapy in Osteoporosis: A Step-by-Step Guide,19,4.443557797610307
Q068,C280,Biomarkers in Stunting / Malnutrition: Implications for Vitamin A Therapy,20,4.443557797610307
Q069,C212,Profil Keamanan Alendronate pada Osteoporosis,1,10.233367061936065
Q069,C221,Meta-analisis: Alendronate pada Osteoporosis,2,10.233367061936065
Q069,C223,Kasus Sulit: Osteoporosis Refrakter terhadap Alendronate,3,9.580227126329754
Q069,C135,Prednisolone pada Pasien COPD: Studi Kohort,4,4.437924011015704
Q069,C219,Konsensus Nasional: Osteoporosis di Indonesia 2022,5,4.437924011015704
Q069,C229,Monitoring Parameters for Bisphosphonates in Osteoporosis,6,4.437924011015704
Q069,C129,Dosis Corticosteroids pada Asthma: Referensi Cepat,7,4.274067670443244
Q069,C166,Dosis SSRIs pada ADHD: Referensi Cepat,8,4.274067670443244
Q069,C045,Metoprolol pada Pasien Heart Failure: Studi Kohort,9,4.171669150440603
Q069,C152,Metronidazole pada Pasien Inflammatory Bowel Disease: Studi Kohort,10,3.935554151769135
Q069,C250,Rivaroxaban pada Pasien Deep Vein Thrombosis: Studi Kohort,11,3.935554151769135
Q069,C311,Secukinumab pada Pasien Disseminated Intravascular Coagulation: Studi Kohort,12,3.935554151769135
Q069,C317,Secukinumab pada Pasien Disseminated Intravascular Coagulation: Studi Kohort,13,3.935554151769135
Q069,C345,Dosis Topical calcineurin inhibitors pada Psoriasis: Referensi Cepat,14,3.790246233059176
Q069,C216,Switching Therapy in Osteoporosis: A Step-by-Step Guide,15,3.724735442893917
Q069,C036,Dosis Platelet aggregation inhibitors pada Stable Angina: Referensi Cepat,16,3.58721133978665
Q069,C185,Dosis BCR-ABL inhibitors pada Chronic Myeloid Leukaemia: Referensi Cepat,17,3.4048227103668527
Q069,C198,Dosis BCR-ABL inhibitors pada Chronic Myeloid Leukaemia: Referensi Cepat,18,3.4048227103668527
Q069,C010,Dosis DPP-4 inhibitors pada Type 2 Diabetes Mellitus: Referensi Cepat,19,3.240083493305596
Q069,C001,Panduan Praktis: Memulai Levothyroxine pada Hypothyroidism,20,0.0
Q070,C053,Furosemide in Nephrotic Syndrome: Real-World Outcomes,1,15.320776980151601
Q070,C049,Safety Profile of Furosemide in Nephrotic Syndrome,2,11.667366908563512
Q070,C066,Panduan Praktis: Memulai Furosemide pada Nephrotic Syndrome,3,11.667366908563512
Q070,C064,Successful Management of Severe Nephrotic Syndrome with Furosemide,4,11.006998067514827
Q070,C159,Long-term Outcomes of Nitroimidazoles Therapy in Inflammatory Bowel Disease,5,10.470719975856499
Q070,C174,Long-term Outcomes of SNRIs Therapy in Major Depressive Disorder,6,10.470719975856499
Q070,C209,Long-term Outcomes of Proteasome inhibitors Therapy in Rheumatoid Arthritis,7,10.470719975856499
Q070,C069,Long-term Outcomes of SGLT2 inhibitors Therapy in Chronic Kidney Disease,8,9.964103814715937
Q070,C270,Long-term Outcomes of Beta blockers non-selective Therapy in Hypertension in Pregnancy,9,9.084968149090425
Q070,C054,Efektivitas Loop diuretics pada Nephrotic Syndrome,10,7.783387126261396
Q070,C051,Clinical Practice Guideline: Nephrotic Syndrome Management 2022,11,7.316419992763664
Q070,C055,Nephrotic Syndrome pada Populasi Khusus: Pendekatan Praktis,12,7.316419992763664
Q070,C063,Systematic Review: Loop diuretics in Nephrotic Syndrome,13,7.316419992763664
Q070,C067,Consensus Statement: Loop diuretics Use in Nephrotic Syndrome,14,6.902313208507094
Q070,C044,Safety Profile of Furosemide in Heart Failure,15,4.350946915799847
Q070,C167,Sertraline in ADHD: Real-World Outcomes,16,3.8865872853495445
Q070,C288,Zinc in Stunting / Malnutrition: Real-World Outcomes,17,3.6534100715880893
Q070,C299,Diazepam in Febrile Seizure: Real-World Outcomes,18,3.6534100715880893
Q070,C043,Profil Obat Statins pada Acute Coronary Syndrome,19,3.554322751794755
Q070,C024,Laporan Kasus: Acute Coronary Syndrome dengan Presentasi Atipikal,20,3.3531493409720508
Q071,C315,Perbandingan Hydrocortisone dan Piperacillin-tazobactam pada Sepsis,1,15.021309259365959
Q071,C314,Dose Adjustment of Vancomycin in Renal and Hepatic Impairment,2,6.107913340212423
Q071,C332,Psoriasis in elderly patients: Special Considerations,3,5.308312880940763
Q071,C283,Drug Interactions: Zinc in Stunting / Malnutrition Patients,4,4.98983872444424
Q071,C303,Sepsis in Special Populations: Practical Guidance,5,4.959162545829072
Q071,C306,Sepsis in liver disease: Special Considerations,6,4.959162545829072
Q071,C319,Safety Profile of Meropenem in Sepsis,7,4.959162545829072
Q071,C047,Drug Interactions: Losartan in Chronic Kidney Disease Patients,8,4.707415617216631
Q071,C078,Drug Interactions: Levodopa-carbidopa in Parkinson Disease Patients,9,4.707415617216631
Q071,C096,Drug Interactions: Artemether-lumefantrine in Typhoid Fever Patients,10,4.707415617216631
Q071,C202,Drug Interactions: Nivolumab in Non-Small Cell Lung Cancer Patients,11,4.228726740979665
Q071,C318,Switching Therapy in Sepsis: A Step-by-Step Guide,12,4.162209279760516
Q071,C309,Profil Keamanan Meropenem pada Sepsis,13,4.038960558940491
Q071,C304,Ringkasan Klinis: Tatalaksana Sepsis Terkini 2024,14,3.781175763045196
Q071,C313,Case Report: Atypical Presentation of Sepsis,15,3.781175763045196
Q071,C321,Kasus Sulit: Sepsis Refrakter terhadap Norepinephrine,16,3.781175763045196
Q071,C322,Disseminated Intravascular Coagulation and elderly patients: Management Challenges,17,3.662776105091861
Q071,C301,Successful Management of Severe Sepsis with Norepinephrine,18,3.554322751794755
Q071,C305,Hydrocortisone: Farmakologi dan Penggunaan Klinis pada Sepsis,19,3.554322751794755
Q071,C242,Challenging Case: Deep Vein Thrombosis with Concurrent elderly patients,20,3.466569497433484
Q072,C096,Drug Interactions: Artemether-lumefantrine in Typhoid Fever Patients,1,18.916115447447304
Q072,C106,Successful Management of Severe Typhoid Fever with Artemether-lumefantrine,2,17.902822050436683
Q072,C113,Risk Stratification in Typhoid Fever: Current Approaches,3,9.667577549828545
Q072,C001,Panduan Praktis: Memulai Levothyroxine pada Hypothyroidism,4,0.0
Q072,C002,Clinical Practice Guideline: Type 1 Diabetes Mellitus Management 2023,5,0.0
Q072,C003,A Case of Type 1 Diabetes Mellitus Resistant to Insulin degludec,6,0.0
Q072,C004,Successful Management of Severe Hypothyroidism with Levothyroxine,7,0.0
Q072,C005,Liraglutide in Type 2 Diabetes Mellitus: Real-World Outcomes,8,0.0
Q072,C006,"Methimazole: Pharmacology, Dosing, and Clinical Use in Hyperthyroidism",9,0.0
Q072,C007,Efficacy of Vasopressin analogues in Diabetes Insipidus: A Cohort Study,10,0.0
Q072,C008,Treatment Intensification in Type 2 Diabetes Mellitus: When and How,11,0.0
Q072,C009,Case Report: Atypical Presentation of Obesity,12,0.0
Q072,C010,Dosis DPP-4 inhibitors pada Type 2 Diabetes Mellitus: Referensi Cepat,13,0.0
Q072,C011,National Guideline: Hypothyroidism Diagnosis and Treatment,14,0.0
Q072,C012,Case Report: Atypical Presentation of Type 2 Diabetes Mellitus,15,0.0
Q072,C013,Asia-Pacific Guideline: Type 1 Diabetes Mellitus in Primary Care 2023,16,0.0
Q072,C014,Practical Guide: Initiating Methimazole in Hyperthyroidism,17,0.0
Q072,C015,Panduan Klinis: Tatalaksana Hyperthyroidism 2021,18,0.0
Q072,C016,Dose Adjustment of Desmopressin in Renal and Hepatic Impairment,19,0.0
Q072,C017,Type 2 Diabetes Mellitus in Special Populations: Practical Guidance,20,0.0
Q073,C088,Perbandingan Valproate dan Valproate pada Parkinson Disease,1,6.799334228166044
Q073,C076,Levetiracetam Drug Profile: Efficacy in Epilepsy,2,6.035056239594147
Q073,C080,Treatment Intensification in Epilepsy: When and How,3,5.672980851721908
Q073,C071,Asia-Pacific Guideline: Epilepsy in Primary Care 2022,4,5.351892141672573
Q073,C084,Dose Adjustment of Valproate in Renal and Hepatic Impairment,5,5.304599117599994
Q073,C260,Hypertension in Pregnancy in anaemia: Special Considerations,6,5.020806231587834
Q073,C028,Practical Guide: Initiating Losartan in Hypertension,7,4.8622565146338275
Q073,C255,Practical Guide: Initiating Labetalol in Hypertension in Pregnancy,8,4.76172680599729
Q073,C268,Methyldopa Drug Profile: Efficacy in Hypertension in Pregnancy,9,4.76172680599729
Q073,C170,Major Depressive Disorder in hypertension: Special Considerations,10,4.570543671608399
Q073,C091,Valproate: Farmakologi dan Penggunaan Klinis pada Parkinson Disease,11,4.560198039645514
Q073,C267,Hypertension in Pregnancy in Pregnancy: Safety and Management Guide,12,4.528555506486985
Q073,C275,Treatment Intensification in Hypertension in Pregnancy: When and How,13,4.528555506486985
Q073,C272,National Guideline: Hypertension in Pregnancy Diagnosis and Treatment,14,4.311852516094371
Q073,C257,Switching Therapy in Hypertension in Pregnancy: A Step-by-Step Guide,15,4.125618106759697
Q073,C266,Profil Obat Centrally acting antihypertensives pada Hypertension in Pregnancy,16,4.08087635740151
Q073,C077,Hasil Jangka Panjang Terapi Fatty acid derivatives pada Epilepsy,17,4.076522876343298
Q073,C263,Tinjauan Sistematis: Beta blockers non-selective pada Hypertension in Pregnancy,18,3.87338776106406
Q073,C270,Long-term Outcomes of Beta blockers non-selective Therapy in Hypertension in Pregnancy,19,3.789450542631392
Q073,C004,Successful Management of Severe Hypothyroidism with Levothyroxine,20,3.6534100715880893
Q074,C296,Narrative Review: Current Evidence for Zinc supplements in Stunting / Malnutrition,1,15.211665437412412
Q074,C294,Perbandingan Zinc dan Zinc pada Stunting / Malnutrition,2,12.877956573335165
Q074,C283,Drug Interactions: Zinc in Stunting / Malnutrition Patients,3,12.216060338155863
Q074,C288,Zinc in Stunting / Malnutrition: Real-World Outcomes,4,12.216060338155863
Q074,C279,Rare Adverse Event of Zinc in Stunting / Malnutrition,5,11.524635643028827
Q074,C281,Stunting / Malnutrition in anaemia: Special Considerations,6,8.367100661074499
Q074,C295,Risk Stratification in Stunting / Malnutrition: Current Approaches,7,7.865113422356017
Q074,C280,Biomarkers in Stunting / Malnutrition: Implications for Vitamin A Therapy,8,7.022480851228578
Q074,C287,Challenging Case: Stunting / Malnutrition with Concurrent COPD,9,6.757800383834303
Q074,C289,Case Report: Atypical Presentation of Stunting / Malnutrition,10,6.757800383834303
Q074,C293,Clinical Summary: Stunting / Malnutrition Management Update 2021,11,6.757800383834303
Q074,C298,Clinical Practice Guideline: Stunting / Malnutrition Management 2020,12,6.757800383834303
Q074,C297,Panduan Praktis: Memulai Vitamin A pada Stunting / Malnutrition,13,6.375311271896324
Q074,C256,New Insights into Preeclampsia Pathophysiology and Treatment,14,4.171669150440603
Q074,C330,New Insights into Psoriasis Pathophysiology and Treatment,15,4.171669150440603
Q074,C337,New Insights into Psoriasis Pathophysiology and Treatment,16,4.171669150440603
Q074,C282,New Insights into Febrile Seizure Pathophysiology and Treatment,17,3.935554151769135
Q074,C155,New Insights into Inflammatory Bowel Disease Pathophysiology and Treatment,18,3.724735442893917
Q074,C234,New Insights into Deep Vein Thrombosis Pathophysiology and Treatment,19,3.724735442893917
Q074,C260,Hypertension in Pregnancy in anaemia: Special Considerations,20,1.5575755985011488
Q075,C333,WHO Guideline Update: Psoriasis 2023,1,10.12235543649513
Q075,C335,WHO Guideline Update: Psoriasis 2025,2,10.12235543649513
Q075,C038,Clinical Summary: Heart Failure Management Update 2024,3,7.725991902235357
Q075,C175,Clinical Summary: Bipolar Disorder Management Update 2020,4,7.725991902235357
Q075,C293,Clinical Summary: Stunting / Malnutrition Management Update 2021,5,7.725991902235357
Q075,C052,Clinical Summary: Chronic Kidney Disease Management Update 2024,6,7.288703492741186
Q075,C148,Clinical Summary: Inflammatory Bowel Disease Management Update 2022,7,7.288703492741186
Q075,C164,Clinical Summary: Major Depressive Disorder Management Update 2021,8,7.288703492741186
Q075,C110,WHO Guideline Update: Malaria 2025,9,6.927795844404072
Q075,C233,WHO Guideline Update: Iron Deficiency Anaemia 2023,10,6.096524595925708
Q075,C308,WHO Guideline Update: Disseminated Intravascular Coagulation 2025,11,6.096524595925708
Q075,C338,Laporan Kasus: Psoriasis dengan anaemia,12,3.1945595920910574
Q075,C331,Profil Keamanan Tacrolimus topical pada Psoriasis,13,2.990668298674076
Q075,C332,Psoriasis in elderly patients: Special Considerations,14,2.990668298674076
Q075,C344,Safety Profile of Dupilumab in Psoriasis,15,2.990668298674076
Q075,C325,A Case of Psoriasis Resistant to Cyclosporine,16,2.811242069447678
Q075,C326,Treatment Intensification in Psoriasis: When and How,17,2.811242069447678
Q075,C330,New Insights into Psoriasis Pathophysiology and Treatment,18,2.811242069447678
Q075,C334,Panduan Praktis: Memulai Tacrolimus topical pada Psoriasis,19,2.811242069447678
Q075,C336,A Case of Psoriasis Resistant to Cyclosporine,20,2.811242069447678
Q076,C024,Laporan Kasus: Acute Coronary Syndrome dengan Presentasi Atipikal,1,16.939114942187505
Q076,C043,Profil Obat Statins pada Acute Coronary Syndrome,2,13.937739856128434
Q076,C222,Challenging Case: Psoriatic Arthritis with Concurrent renal impairment,3,6.7062986819441015
Q076,C016,Dose Adjustment of Desmopressin in Renal and Hepatic Impairment,4,6.3470574734796
Q076,C040,Dose Adjustment of Atorvastatin in Renal and Hepatic Impairment,5,6.3470574734796
Q076,C084,Dose Adjustment of Valproate in Renal and Hepatic Impairment,6,6.3470574734796
Q076,C116,Dose Adjustment of Salmeterol in Renal and Hepatic Impairment,7,6.3470574734796
Q076,C169,Dose Adjustment of Olanzapine in Renal and Hepatic Impairment,8,6.3470574734796
Q076,C231,Dose Adjustment of Apixaban in Renal and Hepatic Impairment,9,6.3470574734796
Q076,C236,Dose Adjustment of Rivaroxaban in Renal and Hepatic Impairment,10,6.3470574734796
Q076,C314,Dose Adjustment of Vancomycin in Renal and Hepatic Impairment,11,6.3470574734796
Q076,C343,Dose Adjustment of Dupilumab in Renal and Hepatic Impairment,12,6.3470574734796
Q076,C021,Dose Adjustment of Insulin glargine in Renal and Hepatic Impairment,13,6.024346876365611
Q076,C083,Laporan Kasus: Migraine dengan COPD,14,4.565455781209233
Q076,C338,Laporan Kasus: Psoriasis dengan anaemia,15,4.565455781209233
Q076,C041,Laporan Kasus: Heart Failure dengan immunocompromised,16,4.274067670443244
Q076,C097,Laporan Kasus: Malaria dengan atrial fibrillation,17,4.274067670443244
Q076,C129,Dosis Corticosteroids pada Asthma: Referensi Cepat,18,4.274067670443244
Q076,C166,Dosis SSRIs pada ADHD: Referensi Cepat,19,4.274067670443244
Q076,C208,Laporan Kasus: Systemic Lupus Erythematosus dengan Presentasi Atipikal,20,3.790246233059176
Q077,C253,Hasil Jangka Panjang Terapi Erythropoiesis stimulating agents pada Iron Deficiency Anaemia,1,12.557625446333267
Q077,C232,Consensus Statement: Iron preparations Use in Iron Deficiency Anaemia,2,11.885459922272688
Q077,C240,Quick Reference: Iron preparations Dosing in Iron Deficiency Anaemia,3,11.885459922272688
Q077,C233,WHO Guideline Update: Iron Deficiency Anaemia 2023,4,11.553579187958375
Q077,C247,Iron Deficiency Anaemia pada Populasi Khusus: Pendekatan Praktis,5,10.89965069165675
Q077,C252,Rare Adverse Event of Erythropoietin in Iron Deficiency Anaemia,6,10.31578112783103
Q077,C237,Ferrous sulphate: Farmakologi dan Penggunaan Klinis pada Iron Deficiency Anaemia,7,9.79128424067199
Q077,C216,Switching Therapy in Osteoporosis: A Step-by-Step Guide,8,4.739049196575517
Q077,C318,Switching Therapy in Sepsis: A Step-by-Step Guide,9,4.739049196575517
Q077,C323,Switching Therapy in Psoriasis: A Step-by-Step Guide,10,4.739049196575517
Q077,C340,Switching Therapy in Psoriasis: A Step-by-Step Guide,11,4.739049196575517
Q077,C039,Switching Therapy in Stable Angina: A Step-by-Step Guide,12,4.561551364759652
Q077,C087,Switching Therapy in Ischaemic Stroke: A Step-by-Step Guide,13,4.561551364759652
Q077,C057,Switching Therapy in Chronic Kidney Disease: A Step-by-Step Guide,14,4.396869633396971
Q077,C149,Switching Therapy in Peptic Ulcer Disease: A Step-by-Step Guide,15,4.396869633396971
Q077,C156,Switching Therapy in Peptic Ulcer Disease: A Step-by-Step Guide,16,4.396869633396971
Q077,C257,Switching Therapy in Hypertension in Pregnancy: A Step-by-Step Guide,17,4.396869633396971
Q077,C338,Laporan Kasus: Psoriasis dengan anaemia,18,4.151558599265983
Q077,C244,"Iron preparations: Mechanism, Indications, and Safety",19,4.130326098156887
Q077,C281,Stunting / Malnutrition in anaemia: Special Considerations,20,3.8865872853495445
Q078,C163,"Risperidone: Pharmacology, Dosing, and Clinical Use in Schizophrenia",1,9.51366442218643
Q078,C338,Laporan Kasus: Psoriasis dengan anaemia,2,8.717014380475216
Q078,C179,Case Report: Atypical Presentation of Schizophrenia,3,4.628644097110018
Q078,C083,Laporan Kasus: Migraine dengan COPD,4,4.565455781209233
Q078,C177,Successful Management of Severe Schizophrenia with Clozapine,5,4.350946915799847
Q078,C178,A Case of Schizophrenia Resistant to Clozapine,6,4.350946915799847
Q078,C041,Laporan Kasus: Heart Failure dengan immunocompromised,7,4.274067670443244
Q078,C097,Laporan Kasus: Malaria dengan atrial fibrillation,8,4.274067670443244
Q078,C162,Biomarkers in Schizophrenia: Implications for Atypical antipsychotics Therapy,9,4.104684859007734
Q078,C281,Stunting / Malnutrition in anaemia: Special Considerations,10,3.8865872853495445
Q078,C024,Laporan Kasus: Acute Coronary Syndrome dengan Presentasi Atipikal,11,3.790246233059176
Q078,C208,Laporan Kasus: Systemic Lupus Erythematosus dengan Presentasi Atipikal,12,3.790246233059176
Q078,C233,WHO Guideline Update: Iron Deficiency Anaemia 2023,13,3.6534100715880893
Q078,C260,Hypertension in Pregnancy in anaemia: Special Considerations,14,3.6534100715880893
Q078,C018,Laporan Kasus: Type 2 Diabetes Mellitus dengan Presentasi Atipikal,15,3.58721133978665
Q078,C247,Iron Deficiency Anaemia pada Populasi Khusus: Pendekatan Praktis,16,3.446628353505714
Q078,C232,Consensus Statement: Iron preparations Use in Iron Deficiency Anaemia,17,3.2620002906108967
Q078,C240,Quick Reference: Iron preparations Dosing in Iron Deficiency Anaemia,18,3.2620002906108967
Q078,C252,Rare Adverse Event of Erythropoietin in Iron Deficiency Anaemia,19,3.2620002906108967
Q078,C237,Ferrous sulphate: Farmakologi dan Penggunaan Klinis pada Iron Deficiency Anaemia,20,3.0961467331210595
Q079,C286,Systematic Review: Benzodiazepines in Febrile Seizure,1,14.705476466581128
Q079,C292,"Benzodiazepines: Mechanism, Indications, and Safety",2,10.051165230410428
Q079,C278,Diazepam Drug Profile: Efficacy in Febrile Seizure,3,8.631507520459532
Q079,C299,Diazepam in Febrile Seizure: Real-World Outcomes,4,8.631507520459532
Q079,C277,"Diazepam: Pharmacology, Dosing, and Clinical Use in Febrile Seizure",5,7.706766962491592
Q079,C285,Perbandingan Diazepam dan Diazepam pada Febrile Seizure,6,7.524194481937818
Q079,C291,Perbandingan Diazepam dan Diazepam pada Febrile Seizure,7,7.524194481937818
Q079,C290,Diazepam Real-World Evidence in Febrile Seizure: A Retrospective Study,8,7.3149231232517735
Q079,C282,New Insights into Febrile Seizure Pathophysiology and Treatment,9,7.098327735070085
Q079,C284,Diazepam: Farmakologi dan Penggunaan Klinis pada Febrile Seizure,10,7.098327735070085
Q079,C033,"Statins: Mechanism, Indications, and Safety",11,4.151558599265983
Q079,C104,"NRTIs: Mechanism, Indications, and Safety",12,4.151558599265983
Q079,C112,"Antimalarials: Mechanism, Indications, and Safety",13,4.151558599265983
Q079,C265,"Magnesium: Mechanism, Indications, and Safety",14,4.151558599265983
Q079,C101,"NRTIs combination: Mechanism, Indications, and Safety",15,3.8865872853495445
Q079,C244,"Iron preparations: Mechanism, Indications, and Safety",16,3.8865872853495445
Q079,C140,"Proton pump inhibitors: Mechanism, Indications, and Safety",17,3.6534100715880893
Q079,C235,"Vitamin K antagonists: Mechanism, Indications, and Safety",18,3.6534100715880893
Q079,C258,"Centrally acting antihypertensives: Mechanism, Indications, and Safety",19,3.6534100715880893
Q079,C319,Safety Profile of Meropenem in Sepsis,20,2.987533440268015
Q080,C093,Practical Guide: Initiating Tenofovir+Lamivudine in Urinary Tract Infection,1,10.077129629206315
Q080,C095,Quick Reference: NRTIs combination Dosing in Urinary Tract Infection,2,10.077129629206315
Q080,C108,Case Series: NRTIs combination in Refractory Urinary Tract Infection,3,10.077129629206315
Q080,C109,Panduan Praktis: Memulai Tenofovir+Lamivudine pada Urinary Tract Infection,4,10.077129629206315
Q080,C115,Case Series: NRTIs combination in Refractory Urinary Tract Infection,5,10.077129629206315
Q080,C098,Hasil Jangka Panjang Terapi NRTIs combination pada Urinary Tract Infection,6,9.564766769184278
Q080,C102,Biomarkers in Urinary Tract Infection: Implications for NRTIs combination Therapy,7,9.564766769184278
Q080,C111,Biomarkers in Urinary Tract Infection: Implications for NRTIs combination Therapy,8,9.564766769184278
Q080,C094,"Tenofovir+Lamivudine: Pharmacology, Dosing, and Clinical Use in Urinary Tract Infection",9,9.101984321178588
Q080,C009,Case Report: Atypical Presentation of Obesity,10,5.142303115314051
Q080,C200,Chronic Lymphocytic Leukaemia and obesity: Management Challenges,11,4.8337887749142725
Q080,C083,Laporan Kasus: Migraine dengan COPD,12,4.565455781209233
Q080,C338,Laporan Kasus: Psoriasis dengan anaemia,13,4.565455781209233
Q080,C041,Laporan Kasus: Heart Failure dengan immunocompromised,14,4.274067670443244
Q080,C097,Laporan Kasus: Malaria dengan atrial fibrillation,15,4.274067670443244
Q080,C023,Hasil Jangka Panjang Terapi GLP-1 receptor agonists pada Obesity,16,4.096479461869578
Q080,C024,Laporan Kasus: Acute Coronary Syndrome dengan Presentasi Atipikal,17,3.790246233059176
Q080,C208,Laporan Kasus: Systemic Lupus Erythematosus dengan Presentasi Atipikal,18,3.790246233059176
Q080,C076,Levetiracetam Drug Profile: Efficacy in Epilepsy,19,3.781175763045196
Q080,C126,Budesonide Drug Profile: Efficacy in Asthma,20,3.781175763045196
Q081,C035,Stable Angina in Special Populations: Practical Guidance,1,9.667577549828545
Q081,C036,Dosis Platelet aggregation inhibitors pada Stable Angina: Referensi Cepat,2,8.631837149158557
Q081,C039,Switching Therapy in Stable Angina: A Step-by-Step Guide,3,8.192958923739155
Q081,C268,Methyldopa Drug Profile: Efficacy in Hypertension in Pregnancy,4,6.62036234494165
Q081,C083,Laporan Kasus: Migraine dengan COPD,5,4.565455781209233
Q081,C338,Laporan Kasus: Psoriasis dengan anaemia,6,4.565455781209233
Q081,C041,Laporan Kasus: Heart Failure dengan immunocompromised,7,4.274067670443244
Q081,C097,Laporan Kasus: Malaria dengan atrial fibrillation,8,4.274067670443244
Q081,C024,Laporan Kasus: Acute Coronary Syndrome dengan Presentasi Atipikal,9,3.790246233059176
Q081,C208,Laporan Kasus: Systemic Lupus Erythematosus dengan Presentasi Atipikal,10,3.790246233059176
Q081,C076,Levetiracetam Drug Profile: Efficacy in Epilepsy,11,3.781175763045196
Q081,C126,Budesonide Drug Profile: Efficacy in Asthma,12,3.781175763045196
Q081,C028,Practical Guide: Initiating Losartan in Hypertension,13,3.6842697318499518
Q081,C018,Laporan Kasus: Type 2 Diabetes Mellitus dengan Presentasi Atipikal,14,3.58721133978665
Q081,C278,Diazepam Drug Profile: Efficacy in Febrile Seizure,15,3.554322751794755
Q081,C283,Drug Interactions: Zinc in Stunting / Malnutrition Patients,16,3.554322751794755
Q081,C170,Major Depressive Disorder in hypertension: Special Considerations,17,3.463230633086685
Q081,C260,Hypertension in Pregnancy in anaemia: Special Considerations,18,3.463230633086685
Q081,C047,Drug Interactions: Losartan in Chronic Kidney Disease Patients,19,3.3531493409720508
Q081,C078,Drug Interactions: Levodopa-carbidopa in Parkinson Disease Patients,20,3.3531493409720508
Q082,C130,Profil Keamanan Bedaquiline pada MDR Tuberculosis,1,4.628644097110018
Q082,C117,Safety Profile of Bedaquiline in MDR Tuberculosis,2,4.350946915799847
Q082,C120,Safety Profile of Bedaquiline in MDR Tuberculosis,3,4.350946915799847
Q082,C136,MDR Tuberculosis pada Populasi Khusus: Pendekatan Praktis,4,4.350946915799847
Q082,C029,Profil Obat ARBs pada Heart Failure,5,4.274067670443244
Q082,C041,Laporan Kasus: Heart Failure dengan immunocompromised,6,4.274067670443244
Q082,C031,Clinical Practice Guideline: Heart Failure Management 2021,7,4.01764343044776
Q082,C038,Clinical Summary: Heart Failure Management Update 2024,8,4.01764343044776
Q082,C044,Safety Profile of Furosemide in Heart Failure,9,4.01764343044776
Q082,C045,Metoprolol pada Pasien Heart Failure: Studi Kohort,10,4.01764343044776
Q082,C125,Efficacy of Antituberculotics in MDR Tuberculosis: A Cohort Study,11,3.884806201785683
Q082,C034,Spironolactone Real-World Evidence in Heart Failure: A Retrospective Study,12,3.4048227103668527
Q082,C162,Biomarkers in Schizophrenia: Implications for Atypical antipsychotics Therapy,13,2.605782573313007
Q082,C216,Switching Therapy in Osteoporosis: A Step-by-Step Guide,14,2.466196711568875
Q082,C280,Biomarkers in Stunting / Malnutrition: Implications for Vitamin A Therapy,15,2.466196711568875
Q082,C318,Switching Therapy in Sepsis: A Step-by-Step Guide,16,2.466196711568875
Q082,C323,Switching Therapy in Psoriasis: A Step-by-Step Guide,17,2.466196711568875
Q082,C340,Switching Therapy in Psoriasis: A Step-by-Step Guide,18,2.466196711568875
Q082,C039,Switching Therapy in Stable Angina: A Step-by-Step Guide,19,2.340805092426243
Q082,C056,Biomarkers in Chronic Kidney Disease: Implications for SGLT2 inhibitors Therapy,20,2.340805092426243
Q083,C119,Clinical Practice Guideline: Pulmonary Embolism Management 2025,1,12.170083287592872
Q083,C123,Metronidazole: Farmakologi dan Penggunaan Klinis pada Pulmonary Embolism,2,9.120396079291028
Q083,C134,Scoping Review: Emerging Therapies in Pulmonary Embolism 2025,3,9.120396079291028
Q083,C254,Clinical Practice Guideline: Preeclampsia Management 2022,4,2.662227012934592
Q083,C004,Successful Management of Severe Hypothyroidism with Levothyroxine,5,2.502505737764327
Q083,C031,Clinical Practice Guideline: Heart Failure Management 2021,6,2.502505737764327
Q083,C038,Clinical Summary: Heart Failure Management Update 2024,7,2.502505737764327
Q083,C051,Clinical Practice Guideline: Nephrotic Syndrome Management 2022,8,2.502505737764327
Q083,C075,Migraine in Pregnancy: Safety and Management Guide,9,2.502505737764327
Q083,C118,COPD in Pregnancy: Safety and Management Guide,10,2.502505737764327
Q083,C175,Clinical Summary: Bipolar Disorder Management Update 2020,11,2.502505737764327
Q083,C177,Successful Management of Severe Schizophrenia with Clozapine,12,2.502505737764327
Q083,C189,Clinical Practice Guideline: Colorectal Cancer Management 2020,13,2.502505737764327
Q083,C200,Chronic Lymphocytic Leukaemia and obesity: Management Challenges,14,2.502505737764327
Q083,C269,Preeclampsia in Pregnancy: Safety and Management Guide,15,2.502505737764327
Q083,C293,Clinical Summary: Stunting / Malnutrition Management Update 2021,16,2.502505737764327
Q083,C298,Clinical Practice Guideline: Stunting / Malnutrition Management 2020,17,2.502505737764327
Q083,C301,Successful Management of Severe Sepsis with Norepinephrine,18,2.502505737764327
Q083,C052,Clinical Summary: Chronic Kidney Disease Management Update 2024,19,2.360864797977633
Q083,C064,Successful Management of Severe Nephrotic Syndrome with Furosemide,20,2.360864797977633
Q084,C216,Switching Therapy in Osteoporosis: A Step-by-Step Guide,1,4.739049196575517
Q084,C318,Switching Therapy in Sepsis: A Step-by-Step Guide,2,4.739049196575517
Q084,C323,Switching Therapy in Psoriasis: A Step-by-Step Guide,3,4.739049196575517
Q084,C340,Switching Therapy in Psoriasis: A Step-by-Step Guide,4,4.739049196575517
Q084,C083,Laporan Kasus: Migraine dengan COPD,5,4.565455781209233
Q084,C039,Switching Therapy in Stable Angina: A Step-by-Step Guide,6,4.561551364759652
Q084,C087,Switching Therapy in Ischaemic Stroke: A Step-by-Step Guide,7,4.561551364759652
Q084,C057,Switching Therapy in Chronic Kidney Disease: A Step-by-Step Guide,8,4.396869633396971
Q084,C149,Switching Therapy in Peptic Ulcer Disease: A Step-by-Step Guide,9,4.396869633396971
Q084,C156,Switching Therapy in Peptic Ulcer Disease: A Step-by-Step Guide,10,4.396869633396971
Q084,C257,Switching Therapy in Hypertension in Pregnancy: A Step-by-Step Guide,11,4.396869633396971
Q084,C128,COPD in Special Populations: Practical Guidance,12,4.274067670443244
Q084,C132,Practical Guide: Initiating Prednisolone in COPD,13,4.274067670443244
Q084,C133,Panduan Praktis: Memulai Prednisolone pada COPD,14,4.274067670443244
Q084,C135,Prednisolone pada Pasien COPD: Studi Kohort,15,4.274067670443244
Q084,C118,COPD in Pregnancy: Safety and Management Guide,16,4.01764343044776
Q084,C287,Challenging Case: Stunting / Malnutrition with Concurrent COPD,17,4.01764343044776
Q084,C092,Hasil Jangka Panjang Terapi Antiepileptics other pada Migraine,18,3.790246233059176
Q084,C077,Hasil Jangka Panjang Terapi Fatty acid derivatives pada Epilepsy,19,3.58721133978665
Q084,C213,Hasil Jangka Panjang Terapi IL-17 inhibitors pada Gout,20,3.58721133978665
Q085,C199,Pedoman PNPK: Breast Cancer HER2-positive,1,19.143887050654573
Q085,C203,Monitoring Parameters for CNS stimulants in Breast Cancer HER2-positive,2,16.188882086213084
Q085,C187,Clinical Practice Guideline: Breast Cancer HER2-positive Management 2022,3,16.067403235237293
Q085,C190,Case Series: HER2-targeted agents in Refractory Non-Small Cell Lung Cancer,4,7.257881829532552
Q085,C076,Levetiracetam Drug Profile: Efficacy in Epilepsy,5,4.959162545829072
Q085,C126,Budesonide Drug Profile: Efficacy in Asthma,6,4.959162545829072
Q085,C268,Methyldopa Drug Profile: Efficacy in Hypertension in Pregnancy,7,4.847663142999741
Q085,C278,Diazepam Drug Profile: Efficacy in Febrile Seizure,8,4.661635790316469
Q085,C196,Scoping Review: Emerging Therapies in Colorectal Cancer 2024,9,4.593803379659812
Q085,C145,Metronidazole Drug Profile: Efficacy in Inflammatory Bowel Disease,10,4.397788853096821
Q085,C228,Methotrexate Drug Profile: Efficacy in Systemic Lupus Erythematosus,11,4.397788853096821
Q085,C125,Efficacy of Antituberculotics in MDR Tuberculosis: A Cohort Study,12,4.162209279760516
Q085,C202,Drug Interactions: Nivolumab in Non-Small Cell Lung Cancer Patients,13,4.126667533523681
Q085,C207,Biomarkers in Colorectal Cancer: Implications for PD-1 inhibitors Therapy,14,4.126667533523681
Q085,C007,Efficacy of Vasopressin analogues in Diabetes Insipidus: A Cohort Study,15,3.9505853819783936
Q085,C189,Clinical Practice Guideline: Colorectal Cancer Management 2020,16,3.762097240968909
Q085,C201,Kasus Sulit: Colorectal Cancer Refrakter terhadap Pembrolizumab,17,3.762097240968909
Q085,C191,Efficacy of BTK inhibitors in Chronic Lymphocytic Leukaemia: A Cohort Study,18,3.7594399397269687
Q085,C141,Efficacy of Proton pump inhibitors in Peptic Ulcer Disease: A Cohort Study,19,3.5859376431284433
Q085,C316,Efficacy of IL-17 inhibitors in Disseminated Intravascular Coagulation: A Cohort Study,20,3.5859376431284433
Q086,C315,Perbandingan Hydrocortisone dan Piperacillin-tazobactam pada Sepsis,1,15.021309259365959
Q086,C321,Kasus Sulit: Sepsis Refrakter terhadap Norepinephrine,2,9.304242720410047
Q086,C301,Successful Management of Severe Sepsis with Norepinephrine,3,8.746031303961594
Q086,C309,Profil Keamanan Meropenem pada Sepsis,4,4.038960558940491
Q086,C303,Sepsis in Special Populations: Practical Guidance,5,3.781175763045196
Q086,C304,Ringkasan Klinis: Tatalaksana Sepsis Terkini 2024,6,3.781175763045196
Q086,C306,Sepsis in liver disease: Special Considerations,7,3.781175763045196
Q086,C313,Case Report: Atypical Presentation of Sepsis,8,3.781175763045196
Q086,C319,Safety Profile of Meropenem in Sepsis,9,3.781175763045196
Q086,C305,Hydrocortisone: Farmakologi dan Penggunaan Klinis pada Sepsis,10,3.554322751794755
Q086,C318,Switching Therapy in Sepsis: A Step-by-Step Guide,11,3.1735287367398
Q086,C001,Panduan Praktis: Memulai Levothyroxine pada Hypothyroidism,12,0.0
Q086,C002,Clinical Practice Guideline: Type 1 Diabetes Mellitus Management 2023,13,0.0
Q086,C003,A Case of Type 1 Diabetes Mellitus Resistant to Insulin degludec,14,0.0
Q086,C004,Successful Management of Severe Hypothyroidism with Levothyroxine,15,0.0
Q086,C005,Liraglutide in Type 2 Diabetes Mellitus: Real-World Outcomes,16,0.0
Q086,C006,"Methimazole: Pharmacology, Dosing, and Clinical Use in Hyperthyroidism",17,0.0
Q086,C007,Efficacy of Vasopressin analogues in Diabetes Insipidus: A Cohort Study,18,0.0
Q086,C008,Treatment Intensification in Type 2 Diabetes Mellitus: When and How,19,0.0
Q086,C009,Case Report: Atypical Presentation of Obesity,20,0.0
Q087,C222,Challenging Case: Psoriatic Arthritis with Concurrent renal impairment,1,10.496544915003277
Q087,C224,Risk Stratification in Rheumatoid Arthritis: Current Approaches,2,8.851432205362032
Q087,C220,Hasil Jangka Panjang Terapi Proteasome inhibitors pada Rheumatoid Arthritis,3,7.903129914365929
Q087,C209,Long-term Outcomes of Proteasome inhibitors Therapy in Rheumatoid Arthritis,4,7.50130217223643
Q087,C016,Dose Adjustment of Desmopressin in Renal and Hepatic Impairment,5,6.3470574734796
Q087,C040,Dose Adjustment of Atorvastatin in Renal and Hepatic Impairment,6,6.3470574734796
Q087,C084,Dose Adjustment of Valproate in Renal and Hepatic Impairment,7,6.3470574734796
Q087,C116,Dose Adjustment of Salmeterol in Renal and Hepatic Impairment,8,6.3470574734796
Q087,C169,Dose Adjustment of Olanzapine in Renal and Hepatic Impairment,9,6.3470574734796
Q087,C231,Dose Adjustment of Apixaban in Renal and Hepatic Impairment,10,6.3470574734796
Q087,C236,Dose Adjustment of Rivaroxaban in Renal and Hepatic Impairment,11,6.3470574734796
Q087,C314,Dose Adjustment of Vancomycin in Renal and Hepatic Impairment,12,6.3470574734796
Q087,C343,Dose Adjustment of Dupilumab in Renal and Hepatic Impairment,13,6.3470574734796
Q087,C021,Dose Adjustment of Insulin glargine in Renal and Hepatic Impairment,14,6.024346876365611
Q087,C083,Laporan Kasus: Migraine dengan COPD,15,4.565455781209233
Q087,C338,Laporan Kasus: Psoriasis dengan anaemia,16,4.565455781209233
Q087,C041,Laporan Kasus: Heart Failure dengan immunocompromised,17,4.274067670443244
Q087,C097,Laporan Kasus: Malaria dengan atrial fibrillation,18,4.274067670443244
Q087,C218,Profil Keamanan Colchicine pada Psoriatic Arthritis,19,4.274067670443244
Q087,C226,Safety Profile of Ibuprofen in Psoriatic Arthritis,20,4.01764343044776
Q088,C285,Perbandingan Diazepam dan Diazepam pada Febrile Seizure,1,13.175517236249599
Q088,C291,Perbandingan Diazepam dan Diazepam pada Febrile Seizure,2,13.175517236249599
Q088,C278,Diazepam Drug Profile: Efficacy in Febrile Seizure,3,12.649150950907293
Q088,C299,Diazepam in Febrile Seizure: Real-World Outcomes,4,12.649150950907293
Q088,C277,"Diazepam: Pharmacology, Dosing, and Clinical Use in Febrile Seizure",5,11.293978302278243
Q088,C284,Diazepam: Farmakologi dan Penggunaan Klinis pada Febrile Seizure,6,10.888573968129261
Q088,C290,Diazepam Real-World Evidence in Febrile Seizure: A Retrospective Study,7,10.719745833618626
Q088,C016,Dose Adjustment of Desmopressin in Renal and Hepatic Impairment,8,10.68620986098231
Q088,C040,Dose Adjustment of Atorvastatin in Renal and Hepatic Impairment,9,10.68620986098231
Q088,C084,Dose Adjustment of Valproate in Renal and Hepatic Impairment,10,10.68620986098231
Q088,C116,Dose Adjustment of Salmeterol in Renal and Hepatic Impairment,11,10.68620986098231
Q088,C169,Dose Adjustment of Olanzapine in Renal and Hepatic Impairment,12,10.68620986098231
Q088,C231,Dose Adjustment of Apixaban in Renal and Hepatic Impairment,13,10.68620986098231
Q088,C236,Dose Adjustment of Rivaroxaban in Renal and Hepatic Impairment,14,10.68620986098231
Q088,C314,Dose Adjustment of Vancomycin in Renal and Hepatic Impairment,15,10.68620986098231
Q088,C343,Dose Adjustment of Dupilumab in Renal and Hepatic Impairment,16,10.68620986098231
Q088,C021,Dose Adjustment of Insulin glargine in Renal and Hepatic Impairment,17,10.142878848220512
Q088,C286,Systematic Review: Benzodiazepines in Febrile Seizure,18,9.182409509216276
Q088,C282,New Insights into Febrile Seizure Pathophysiology and Treatment,19,7.098327735070085
Q088,C222,Challenging Case: Psoriatic Arthritis with Concurrent renal impairment,20,3.3531493409720508
Q089,C121,Asia-Pacific Guideline: Community-acquired Pneumonia in Primary Care 2025,1,13.199414649437976
Q089,C122,Case Series: Factor Xa inhibitors in Refractory Community-acquired Pneumonia,2,13.199414649437976
Q089,C026,Profil Keamanan Rivaroxaban pada Atrial Fibrillation,3,4.628644097110018
Q089,C250,Rivaroxaban pada Pasien Deep Vein Thrombosis: Studi Kohort,4,4.104684859007734
Q089,C236,Dose Adjustment of Rivaroxaban in Renal and Hepatic Impairment,5,3.884806201785683
Q089,C251,A Case of Deep Vein Thrombosis Resistant to Rivaroxaban,6,3.884806201785683
Q089,C162,Biomarkers in Schizophrenia: Implications for Atypical antipsychotics Therapy,7,3.662776105091861
Q089,C248,Rivaroxaban Real-World Evidence in Deep Vein Thrombosis: A Retrospective Study,8,3.5088806476190557
Q089,C280,Biomarkers in Stunting / Malnutrition: Implications for Vitamin A Therapy,9,3.466569497433484
Q089,C056,Biomarkers in Chronic Kidney Disease: Implications for SGLT2 inhibitors Therapy,10,3.2903147971840774
Q089,C102,Biomarkers in Urinary Tract Infection: Implications for NRTIs combination Therapy,11,3.2903147971840774
Q089,C111,Biomarkers in Urinary Tract Infection: Implications for NRTIs combination Therapy,12,3.2903147971840774
Q089,C195,Biomarkers in Chronic Lymphocytic Leukaemia: Implications for BTK inhibitors Therapy,13,3.2903147971840774
Q089,C207,Biomarkers in Colorectal Cancer: Implications for PD-1 inhibitors Therapy,14,3.2903147971840774
Q089,C327,Biomarkers in Psoriasis: Implications for IL-4/IL-13 inhibitors Therapy,15,3.1311159402442486
Q089,C011,National Guideline: Hypothyroidism Diagnosis and Treatment,16,2.938408316499378
Q089,C072,National Guideline: Migraine Diagnosis and Treatment,17,2.938408316499378
Q089,C027,National Guideline: Atrial Fibrillation Diagnosis and Treatment,18,2.7621174438570595
Q089,C080,Treatment Intensification in Epilepsy: When and How,19,2.7621174438570595
Q089,C131,Treatment Intensification in Asthma: When and How,20,2.7621174438570595
Q090,C121,Asia-Pacific Guideline: Community-acquired Pneumonia in Primary Care 2025,1,13.199414649437976
Q090,C122,Case Series: Factor Xa inhibitors in Refractory Community-acquired Pneumonia,2,13.199414649437976
Q090,C216,Switching Therapy in Osteoporosis: A Step-by-Step Guide,3,4.739049196575517
Q090,C318,Switching Therapy in Sepsis: A Step-by-Step Guide,4,4.739049196575517
Q090,C323,Switching Therapy in Psoriasis: A Step-by-Step Guide,5,4.739049196575517
Q090,C340,Switching Therapy in Psoriasis: A Step-by-Step Guide,6,4.739049196575517
Q090,C039,Switching Therapy in Stable Angina: A Step-by-Step Guide,7,4.561551364759652
Q090,C087,Switching Therapy in Ischaemic Stroke: A Step-by-Step Guide,8,4.561551364759652
Q090,C057,Switching Therapy in Chronic Kidney Disease: A Step-by-Step Guide,9,4.396869633396971
Q090,C149,Switching Therapy in Peptic Ulcer Disease: A Step-by-Step Guide,10,4.396869633396971
Q090,C156,Switching Therapy in Peptic Ulcer Disease: A Step-by-Step Guide,11,4.396869633396971
Q090,C257,Switching Therapy in Hypertension in Pregnancy: A Step-by-Step Guide,12,4.396869633396971
Q090,C092,Hasil Jangka Panjang Terapi Antiepileptics other pada Migraine,13,3.790246233059176
Q090,C077,Hasil Jangka Panjang Terapi Fatty acid derivatives pada Epilepsy,14,3.58721133978665
Q090,C213,Hasil Jangka Panjang Terapi IL-17 inhibitors pada Gout,15,3.58721133978665
Q090,C220,Hasil Jangka Panjang Terapi Proteasome inhibitors pada Rheumatoid Arthritis,16,3.58721133978665
Q090,C023,Hasil Jangka Panjang Terapi GLP-1 receptor agonists pada Obesity,17,3.4048227103668527
Q090,C098,Hasil Jangka Panjang Terapi NRTIs combination pada Urinary Tract Infection,18,3.4048227103668527
Q090,C253,Hasil Jangka Panjang Terapi Erythropoiesis stimulating agents pada Iron Deficiency Anaemia,19,3.240083493305596
Q090,C001,Panduan Praktis: Memulai Levothyroxine pada Hypothyroidism,20,0.0
Q091,C135,Prednisolone pada Pasien COPD: Studi Kohort,1,5.987157344749509
Q091,C045,Metoprolol pada Pasien Heart Failure: Studi Kohort,2,5.627955668445315
Q091,C023,Hasil Jangka Panjang Terapi GLP-1 receptor agonists pada Obesity,3,5.330635129275559
Q091,C152,Metronidazole pada Pasien Inflammatory Bowel Disease: Studi Kohort,4,5.309415367847006
Q091,C250,Rivaroxaban pada Pasien Deep Vein Thrombosis: Studi Kohort,5,5.309415367847006
Q091,C311,Secukinumab pada Pasien Disseminated Intravascular Coagulation: Studi Kohort,6,5.309415367847006
Q091,C317,Secukinumab pada Pasien Disseminated Intravascular Coagulation: Studi Kohort,7,5.309415367847006
Q091,C009,Case Report: Atypical Presentation of Obesity,8,5.142303115314051
Q091,C332,Psoriasis in elderly patients: Special Considerations,9,5.142303115314051
Q091,C005,Liraglutide in Type 2 Diabetes Mellitus: Real-World Outcomes,10,5.119232797191707
Q091,C200,Chronic Lymphocytic Leukaemia and obesity: Management Challenges,11,4.8337887749142725
Q091,C322,Disseminated Intravascular Coagulation and elderly patients: Management Challenges,12,4.560198039645514
Q091,C242,Challenging Case: Deep Vein Thrombosis with Concurrent elderly patients,13,4.315918574579278
Q091,C016,Dose Adjustment of Desmopressin in Renal and Hepatic Impairment,14,3.2620002906108967
Q091,C040,Dose Adjustment of Atorvastatin in Renal and Hepatic Impairment,15,3.2620002906108967
Q091,C084,Dose Adjustment of Valproate in Renal and Hepatic Impairment,16,3.2620002906108967
Q091,C116,Dose Adjustment of Salmeterol in Renal and Hepatic Impairment,17,3.2620002906108967
Q091,C169,Dose Adjustment of Olanzapine in Renal and Hepatic Impairment,18,3.2620002906108967
Q091,C231,Dose Adjustment of Apixaban in Renal and Hepatic Impairment,19,3.2620002906108967
Q091,C236,Dose Adjustment of Rivaroxaban in Renal and Hepatic Impairment,20,3.2620002906108967
Q092,C001,Panduan Praktis: Memulai Levothyroxine pada Hypothyroidism,1,11.046133914729701
Q092,C004,Successful Management of Severe Hypothyroidism with Levothyroxine,2,10.38341710433368
Q092,C015,Panduan Klinis: Tatalaksana Hyperthyroidism 2021,3,5.49288389814055
Q092,C014,Practical Guide: Initiating Methimazole in Hyperthyroidism,4,5.142303115314051
Q092,C006,"Methimazole: Pharmacology, Dosing, and Clinical Use in Hyperthyroidism",5,4.560198039645514
Q092,C002,Clinical Practice Guideline: Type 1 Diabetes Mellitus Management 2023,6,0.0
Q092,C003,A Case of Type 1 Diabetes Mellitus Resistant to Insulin degludec,7,0.0
Q092,C005,Liraglutide in Type 2 Diabetes Mellitus: Real-World Outcomes,8,0.0
Q092,C007,Efficacy of Vasopressin analogues in Diabetes Insipidus: A Cohort Study,9,0.0
Q092,C008,Treatment Intensification in Type 2 Diabetes Mellitus: When and How,10,0.0
Q092,C009,Case Report: Atypical Presentation of Obesity,11,0.0
Q092,C010,Dosis DPP-4 inhibitors pada Type 2 Diabetes Mellitus: Referensi Cepat,12,0.0
Q092,C011,National Guideline: Hypothyroidism Diagnosis and Treatment,13,0.0
Q092,C012,Case Report: Atypical Presentation of Type 2 Diabetes Mellitus,14,0.0
Q092,C013,Asia-Pacific Guideline: Type 1 Diabetes Mellitus in Primary Care 2023,15,0.0
Q092,C016,Dose Adjustment of Desmopressin in Renal and Hepatic Impairment,16,0.0
Q092,C017,Type 2 Diabetes Mellitus in Special Populations: Practical Guidance,17,0.0
Q092,C018,Laporan Kasus: Type 2 Diabetes Mellitus dengan Presentasi Atipikal,18,0.0
Q092,C019,Asia-Pacific Guideline: Diabetes Insipidus in Primary Care 2021,19,0.0
Q092,C020,Clinical Practice Guideline: Type 2 Diabetes Mellitus Management 2021,20,0.0
Q093,C043,Profil Obat Statins pada Acute Coronary Syndrome,1,15.394026374133146
Q093,C024,Laporan Kasus: Acute Coronary Syndrome dengan Presentasi Atipikal,2,13.148868709128328
Q093,C054,Efektivitas Loop diuretics pada Nephrotic Syndrome,3,5.330409096779001
Q093,C055,Nephrotic Syndrome pada Populasi Khusus: Pendekatan Praktis,4,5.010609269799468
Q093,C066,Panduan Praktis: Memulai Furosemide pada Nephrotic Syndrome,5,5.010609269799468
Q093,C049,Safety Profile of Furosemide in Nephrotic Syndrome,6,3.554322751794755
Q093,C051,Clinical Practice Guideline: Nephrotic Syndrome Management 2022,7,3.554322751794755
Q093,C053,Furosemide in Nephrotic Syndrome: Real-World Outcomes,8,3.554322751794755
Q093,C063,Systematic Review: Loop diuretics in Nephrotic Syndrome,9,3.554322751794755
Q093,C064,Successful Management of Severe Nephrotic Syndrome with Furosemide,10,3.3531493409720508
Q093,C067,Consensus Statement: Loop diuretics Use in Nephrotic Syndrome,11,3.3531493409720508
Q093,C276,Efektivitas Magnesium pada Preeclampsia,12,1.7759290382152242
Q093,C212,Profil Keamanan Alendronate pada Osteoporosis,13,1.6548536020730698
Q093,C221,Meta-analisis: Alendronate pada Osteoporosis,14,1.6548536020730698
Q093,C309,Profil Keamanan Meropenem pada Sepsis,15,1.6548536020730698
Q093,C001,Panduan Praktis: Memulai Levothyroxine pada Hypothyroidism,16,1.5492333337338053
Q093,C026,Profil Keamanan Rivaroxaban pada Atrial Fibrillation,17,1.5492333337338053
Q093,C029,Profil Obat ARBs pada Heart Failure,18,1.5492333337338053
Q093,C089,Perbandingan Topiramate dan Topiramate pada Migraine,19,1.5492333337338053
Q093,C099,Panduan Praktis: Memulai Dolutegravir pada Malaria,20,1.5492333337338053
Q094,C124,Konsensus Nasional: Asthma di Indonesia 2024,1,8.548135340886487
Q094,C219,Konsensus Nasional: Osteoporosis di Indonesia 2022,2,7.958337402293195
Q094,C062,Konsensus Nasional: Chronic Kidney Disease di Indonesia 2022,3,7.057459237028777
Q094,C160,Konsensus Nasional: Inflammatory Bowel Disease di Indonesia 2022,4,7.057459237028777
Q094,C186,Konsensus Nasional: Chronic Lymphocytic Leukaemia di Indonesia 2022,5,7.057459237028777
Q094,C137,Asthma in immunocompromised: Special Considerations,6,4.565455781209233
Q094,C126,Budesonide Drug Profile: Efficacy in Asthma,7,4.274067670443244
Q094,C127,Risk Stratification in Asthma: Current Approaches,8,4.274067670443244
Q094,C129,Dosis Corticosteroids pada Asthma: Referensi Cepat,9,4.274067670443244
Q094,C131,Treatment Intensification in Asthma: When and How,10,4.01764343044776
Q094,C138,Treatment Intensification in Asthma: When and How,11,4.01764343044776
Q094,C153,Konsensus Nasional: Inflammatory Bowel Disease di Indonesia 2021,12,3.790246233059176
Q094,C197,Konsensus Nasional: Chronic Myeloid Leukaemia di Indonesia 2023,13,3.790246233059176
Q094,C254,Clinical Practice Guideline: Preeclampsia Management 2022,14,3.6842697318499518
Q094,C048,Panduan Klinis: Tatalaksana Chronic Kidney Disease 2022,15,3.463230633086685
Q094,C051,Clinical Practice Guideline: Nephrotic Syndrome Management 2022,16,3.463230633086685
Q094,C071,Asia-Pacific Guideline: Epilepsy in Primary Care 2022,17,3.2672130039696
Q094,C148,Clinical Summary: Inflammatory Bowel Disease Management Update 2022,18,3.2672130039696
Q094,C183,Scoping Review: Emerging Therapies in Bipolar Disorder 2022,19,3.2672130039696
Q094,C249,Ringkasan Klinis: Tatalaksana Deep Vein Thrombosis Terkini 2022,20,3.2672130039696
Q095,C025,Metoprolol versus Empagliflozin in Atrial Fibrillation: Head-to-Head Comparison,1,11.362563703307192
Q095,C229,Monitoring Parameters for Bisphosphonates in Osteoporosis,2,10.053834804815283
Q095,C151,Monitoring Parameters for Nitroimidazoles in Inflammatory Bowel Disease,3,8.915747815663039
Q095,C090,Monitoring Parameters for Fatty acid derivatives in Parkinson Disease,4,8.43815142880855
Q095,C037,Atrial Fibrillation in Special Populations: Practical Guidance,5,8.215958542111224
Q095,C042,Atrial Fibrillation in Special Populations: Practical Guidance,6,8.215958542111224
Q095,C081,Parkinson Disease in atrial fibrillation: Special Considerations,7,8.215958542111224
Q095,C203,Monitoring Parameters for CNS stimulants in Breast Cancer HER2-positive,8,8.009120984778836
Q095,C245,Monitoring Parameters for Factor Xa inhibitors in Deep Vein Thrombosis,9,8.009120984778836
Q095,C328,Monitoring Parameters for IL-4/IL-13 inhibitors in Psoriasis,10,8.009120984778836
Q095,C030,Treatment Intensification in Atrial Fibrillation: When and How,11,7.750938194068872
Q095,C032,Consensus Statement: SGLT2 inhibitors Use in Atrial Fibrillation,12,7.750938194068872
Q095,C046,Treatment Intensification in Atrial Fibrillation: When and How,13,7.750938194068872
Q095,C026,Profil Keamanan Rivaroxaban pada Atrial Fibrillation,14,7.562351526090392
Q095,C097,Laporan Kasus: Malaria dengan atrial fibrillation,15,7.562351526090392
Q095,C027,National Guideline: Atrial Fibrillation Diagnosis and Treatment,16,7.10864550358951
Q095,C168,Challenging Case: ADHD with Concurrent atrial fibrillation,17,7.10864550358951
Q095,C059,Safety Profile of Empagliflozin in Chronic Kidney Disease,18,5.942499196202909
Q095,C260,Hypertension in Pregnancy in anaemia: Special Considerations,19,1.5575755985011488
Q095,C255,Practical Guide: Initiating Labetalol in Hypertension in Pregnancy,20,1.4945138020276896
Q096,C086,Risk Stratification in Migraine: Current Approaches,1,8.548135340886487
Q096,C127,Risk Stratification in Asthma: Current Approaches,2,8.548135340886487
Q096,C113,Risk Stratification in Typhoid Fever: Current Approaches,3,8.03528686089552
Q096,C224,Risk Stratification in Rheumatoid Arthritis: Current Approaches,4,8.03528686089552
Q096,C295,Risk Stratification in Stunting / Malnutrition: Current Approaches,5,8.03528686089552
Q096,C180,Risk Stratification in Major Depressive Disorder: Current Approaches,6,7.580492466118352
Q096,C188,Risk Stratification in Chronic Lymphocytic Leukaemia: Current Approaches,7,7.580492466118352
Q096,C076,Levetiracetam Drug Profile: Efficacy in Epilepsy,8,4.8570694568102715
Q096,C080,Treatment Intensification in Epilepsy: When and How,9,4.565667813200195
Q096,C071,Asia-Pacific Guideline: Epilepsy in Primary Care 2022,10,4.307252629547802
Q096,C077,Hasil Jangka Panjang Terapi Fatty acid derivatives pada Epilepsy,11,4.076522876343298
Q096,C001,Panduan Praktis: Memulai Levothyroxine pada Hypothyroidism,12,0.0
Q096,C002,Clinical Practice Guideline: Type 1 Diabetes Mellitus Management 2023,13,0.0
Q096,C003,A Case of Type 1 Diabetes Mellitus Resistant to Insulin degludec,14,0.0
Q096,C004,Successful Management of Severe Hypothyroidism with Levothyroxine,15,0.0
Q096,C005,Liraglutide in Type 2 Diabetes Mellitus: Real-World Outcomes,16,0.0
Q096,C006,"Methimazole: Pharmacology, Dosing, and Clinical Use in Hyperthyroidism",17,0.0
Q096,C007,Efficacy of Vasopressin analogues in Diabetes Insipidus: A Cohort Study,18,0.0
Q096,C008,Treatment Intensification in Type 2 Diabetes Mellitus: When and How,19,0.0
Q096,C009,Case Report: Atypical Presentation of Obesity,20,0.0
Q097,C237,Ferrous sulphate: Farmakologi dan Penggunaan Klinis pada Iron Deficiency Anaemia,1,19.980869243965792
Q097,C247,Iron Deficiency Anaemia pada Populasi Khusus: Pendekatan Praktis,2,12.27351190773462
Q097,C232,Consensus Statement: Iron preparations Use in Iron Deficiency Anaemia,3,11.885459922272688
Q097,C240,Quick Reference: Iron preparations Dosing in Iron Deficiency Anaemia,4,11.885459922272688
Q097,C233,WHO Guideline Update: Iron Deficiency Anaemia 2023,5,11.553579187958375
Q097,C253,Hasil Jangka Panjang Terapi Erythropoiesis stimulating agents pada Iron Deficiency Anaemia,6,10.49198413292632
Q097,C252,Rare Adverse Event of Erythropoietin in Iron Deficiency Anaemia,7,10.31578112783103
Q097,C271,Panduan Praktis: Memulai Magnesium sulphate pada Preeclampsia,8,6.290075292918985
Q097,C273,Magnesium sulphate: Farmakologi dan Penggunaan Klinis pada Preeclampsia,9,5.934059255723385
Q097,C129,Dosis Corticosteroids pada Asthma: Referensi Cepat,10,5.823301004177049
Q097,C166,Dosis SSRIs pada ADHD: Referensi Cepat,11,5.823301004177049
Q097,C345,Dosis Topical calcineurin inhibitors pada Psoriasis: Referensi Cepat,12,5.164107449137047
Q097,C036,Dosis Platelet aggregation inhibitors pada Stable Angina: Referensi Cepat,13,4.88747792685476
Q097,C185,Dosis BCR-ABL inhibitors pada Chronic Myeloid Leukaemia: Referensi Cepat,14,4.638978377772834
Q097,C198,Dosis BCR-ABL inhibitors pada Chronic Myeloid Leukaemia: Referensi Cepat,15,4.638978377772834
Q097,C010,Dosis DPP-4 inhibitors pada Type 2 Diabetes Mellitus: Referensi Cepat,16,4.4145256732042455
Q097,C338,Laporan Kasus: Psoriasis dengan anaemia,17,4.151558599265983
Q097,C244,"Iron preparations: Mechanism, Indications, and Safety",18,4.130326098156887
Q097,C281,Stunting / Malnutrition in anaemia: Special Considerations,19,3.8865872853495445
Q097,C260,Hypertension in Pregnancy in anaemia: Special Considerations,20,3.6534100715880893
Q098,C029,Profil Obat ARBs pada Heart Failure,1,6.099430817826061
Q098,C028,Practical Guide: Initiating Losartan in Hypertension,2,3.6842697318499518
Q098,C219,Konsensus Nasional: Osteoporosis di Indonesia 2022,3,3.6842697318499518
Q098,C254,Clinical Practice Guideline: Preeclampsia Management 2022,4,3.6842697318499518
Q098,C048,Panduan Klinis: Tatalaksana Chronic Kidney Disease 2022,5,3.463230633086685
Q098,C051,Clinical Practice Guideline: Nephrotic Syndrome Management 2022,6,3.463230633086685
Q098,C170,Major Depressive Disorder in hypertension: Special Considerations,7,3.463230633086685
Q098,C260,Hypertension in Pregnancy in anaemia: Special Considerations,8,3.463230633086685
Q098,C062,Konsensus Nasional: Chronic Kidney Disease di Indonesia 2022,9,3.2672130039696
Q098,C071,Asia-Pacific Guideline: Epilepsy in Primary Care 2022,10,3.2672130039696
Q098,C148,Clinical Summary: Inflammatory Bowel Disease Management Update 2022,11,3.2672130039696
Q098,C160,Konsensus Nasional: Inflammatory Bowel Disease di Indonesia 2022,12,3.2672130039696
Q098,C183,Scoping Review: Emerging Therapies in Bipolar Disorder 2022,13,3.2672130039696
Q098,C186,Konsensus Nasional: Chronic Lymphocytic Leukaemia di Indonesia 2022,14,3.2672130039696
Q098,C249,Ringkasan Klinis: Tatalaksana Deep Vein Thrombosis Terkini 2022,15,3.2672130039696
Q098,C255,Practical Guide: Initiating Labetalol in Hypertension in Pregnancy,16,3.2672130039696
Q098,C268,Methyldopa Drug Profile: Efficacy in Hypertension in Pregnancy,17,3.2672130039696
Q098,C272,National Guideline: Hypertension in Pregnancy Diagnosis and Treatment,18,3.2672130039696
Q098,C187,Clinical Practice Guideline: Breast Cancer HER2-positive Management 2022,19,3.092195814380794
Q098,C266,Profil Obat Centrally acting antihypertensives pada Hypertension in Pregnancy,20,3.092195814380794
Q099,C231,Dose Adjustment of Apixaban in Renal and Hepatic Impairment,1,8.381233087802602
Q099,C026,Profil Keamanan Rivaroxaban pada Atrial Fibrillation,2,7.562351526090392
Q099,C097,Laporan Kasus: Malaria dengan atrial fibrillation,3,7.562351526090392
Q099,C027,National Guideline: Atrial Fibrillation Diagnosis and Treatment,4,7.10864550358951
Q099,C037,Atrial Fibrillation in Special Populations: Practical Guidance,5,7.10864550358951
Q099,C042,Atrial Fibrillation in Special Populations: Practical Guidance,6,7.10864550358951
Q099,C081,Parkinson Disease in atrial fibrillation: Special Considerations,7,7.10864550358951
Q099,C168,Challenging Case: ADHD with Concurrent atrial fibrillation,8,7.10864550358951
Q099,C030,Treatment Intensification in Atrial Fibrillation: When and How,9,6.7062986819441015
Q099,C032,Consensus Statement: SGLT2 inhibitors Use in Atrial Fibrillation,10,6.7062986819441015
Q099,C046,Treatment Intensification in Atrial Fibrillation: When and How,11,6.7062986819441015
Q099,C025,Metoprolol versus Empagliflozin in Atrial Fibrillation: Head-to-Head Comparison,12,6.024346876365611
Q099,C016,Dose Adjustment of Desmopressin in Renal and Hepatic Impairment,13,3.2620002906108967
Q099,C040,Dose Adjustment of Atorvastatin in Renal and Hepatic Impairment,14,3.2620002906108967
Q099,C084,Dose Adjustment of Valproate in Renal and Hepatic Impairment,15,3.2620002906108967
Q099,C116,Dose Adjustment of Salmeterol in Renal and Hepatic Impairment,16,3.2620002906108967
Q099,C169,Dose Adjustment of Olanzapine in Renal and Hepatic Impairment,17,3.2620002906108967
Q099,C236,Dose Adjustment of Rivaroxaban in Renal and Hepatic Impairment,18,3.2620002906108967
Q099,C314,Dose Adjustment of Vancomycin in Renal and Hepatic Impairment,19,3.2620002906108967
Q099,C343,Dose Adjustment of Dupilumab in Renal and Hepatic Impairment,20,3.2620002906108967
Q100,C085,Pedoman PNPK: Ischaemic Stroke,1,11.135586229852866
Q100,C070,Ischaemic Stroke in Special Populations: Practical Guidance,2,9.13133562640039
Q100,C082,Rare Adverse Event of Aspirin in Ischaemic Stroke,3,8.614505259095605
Q100,C087,Switching Therapy in Ischaemic Stroke: A Step-by-Step Guide,4,7.738511257900502
Q100,C001,Panduan Praktis: Memulai Levothyroxine pada Hypothyroidism,5,0.0
Q100,C002,Clinical Practice Guideline: Type 1 Diabetes Mellitus Management 2023,6,0.0
Q100,C003,A Case of Type 1 Diabetes Mellitus Resistant to Insulin degludec,7,0.0
Q100,C004,Successful Management of Severe Hypothyroidism with Levothyroxine,8,0.0
Q100,C005,Liraglutide in Type 2 Diabetes Mellitus: Real-World Outcomes,9,0.0
Q100,C006,"Methimazole: Pharmacology, Dosing, and Clinical Use in Hyperthyroidism",10,0.0
Q100,C007,Efficacy of Vasopressin analogues in Diabetes Insipidus: A Cohort Study,11,0.0
Q100,C008,Treatment Intensification in Type 2 Diabetes Mellitus: When and How,12,0.0
Q100,C009,Case Report: Atypical Presentation of Obesity,13,0.0
Q100,C010,Dosis DPP-4 inhibitors pada Type 2 Diabetes Mellitus: Referensi Cepat,14,0.0
Q100,C011,National Guideline: Hypothyroidism Diagnosis and Treatment,15,0.0
Q100,C012,Case Report: Atypical Presentation of Type 2 Diabetes Mellitus,16,0.0
Q100,C013,Asia-Pacific Guideline: Type 1 Diabetes Mellitus in Primary Care 2023,17,0.0
Q100,C014,Practical Guide: Initiating Methimazole in Hyperthyroidism,18,0.0
Q100,C015,Panduan Klinis: Tatalaksana Hyperthyroidism 2021,19,0.0
Q100,C016,Dose Adjustment of Desmopressin in Renal and Hepatic Impairment,20,0.0
Q101,C099,Panduan Praktis: Memulai Dolutegravir pada Malaria,1,10.956500274636333
Q101,C093,Practical Guide: Initiating Tenofovir+Lamivudine in Urinary Tract Infection,2,5.304599117599994
Q101,C110,WHO Guideline Update: Malaria 2025,3,5.1882041982338585
Q101,C105,Narrative Review: Current Evidence for Integrase inhibitors in Malaria,4,5.065203419364014
Q101,C076,Levetiracetam Drug Profile: Efficacy in Epilepsy,5,4.959162545829072
Q101,C126,Budesonide Drug Profile: Efficacy in Asthma,6,4.959162545829072
Q101,C097,Laporan Kasus: Malaria dengan atrial fibrillation,7,4.8570694568102715
Q101,C268,Methyldopa Drug Profile: Efficacy in Hypertension in Pregnancy,8,4.847663142999741
Q101,C094,"Tenofovir+Lamivudine: Pharmacology, Dosing, and Clinical Use in Urinary Tract Infection",9,4.79128281317303
Q101,C278,Diazepam Drug Profile: Efficacy in Febrile Seizure,10,4.661635790316469
Q101,C283,Drug Interactions: Zinc in Stunting / Malnutrition Patients,11,4.661635790316469
Q101,C047,Drug Interactions: Losartan in Chronic Kidney Disease Patients,12,4.397788853096821
Q101,C078,Drug Interactions: Levodopa-carbidopa in Parkinson Disease Patients,13,4.397788853096821
Q101,C096,Drug Interactions: Artemether-lumefantrine in Typhoid Fever Patients,14,4.397788853096821
Q101,C145,Metronidazole Drug Profile: Efficacy in Inflammatory Bowel Disease,15,4.397788853096821
Q101,C228,Methotrexate Drug Profile: Efficacy in Systemic Lupus Erythematosus,16,4.397788853096821
Q101,C109,Panduan Praktis: Memulai Tenofovir+Lamivudine pada Urinary Tract Infection,17,4.315918574579278
Q101,C202,Drug Interactions: Nivolumab in Non-Small Cell Lung Cancer Patients,18,3.9505853819783936
Q101,C004,Successful Management of Severe Hypothyroidism with Levothyroxine,19,3.6534100715880893
Q101,C168,Challenging Case: ADHD with Concurrent atrial fibrillation,20,3.6534100715880893
Q102,C113,Risk Stratification in Typhoid Fever: Current Approaches,1,9.667577549828545
Q102,C096,Drug Interactions: Artemether-lumefantrine in Typhoid Fever Patients,2,9.120396079291028
Q102,C106,Successful Management of Severe Typhoid Fever with Artemether-lumefantrine,3,8.631837149158557
Q102,C112,"Antimalarials: Mechanism, Indications, and Safety",4,6.515264576155366
Q102,C023,Hasil Jangka Panjang Terapi GLP-1 receptor agonists pada Obesity,5,5.330635129275559
Q102,C009,Case Report: Atypical Presentation of Obesity,6,5.142303115314051
Q102,C200,Chronic Lymphocytic Leukaemia and obesity: Management Challenges,7,4.8337887749142725
Q102,C083,Laporan Kasus: Migraine dengan COPD,8,4.565455781209233
Q102,C338,Laporan Kasus: Psoriasis dengan anaemia,9,4.565455781209233
Q102,C041,Laporan Kasus: Heart Failure dengan immunocompromised,10,4.274067670443244
Q102,C097,Laporan Kasus: Malaria dengan atrial fibrillation,11,4.274067670443244
Q102,C024,Laporan Kasus: Acute Coronary Syndrome dengan Presentasi Atipikal,12,3.790246233059176
Q102,C208,Laporan Kasus: Systemic Lupus Erythematosus dengan Presentasi Atipikal,13,3.790246233059176
Q102,C018,Laporan Kasus: Type 2 Diabetes Mellitus dengan Presentasi Atipikal,14,3.58721133978665
Q102,C276,Efektivitas Magnesium pada Preeclampsia,15,1.7759290382152242
Q102,C212,Profil Keamanan Alendronate pada Osteoporosis,16,1.6548536020730698
Q102,C221,Meta-analisis: Alendronate pada Osteoporosis,17,1.6548536020730698
Q102,C309,Profil Keamanan Meropenem pada Sepsis,18,1.6548536020730698
Q102,C001,Panduan Praktis: Memulai Levothyroxine pada Hypothyroidism,19,1.5492333337338053
Q102,C026,Profil Keamanan Rivaroxaban pada Atrial Fibrillation,20,1.5492333337338053
Q103,C085,Pedoman PNPK: Ischaemic Stroke,1,11.135586229852866
Q103,C070,Ischaemic Stroke in Special Populations: Practical Guidance,2,9.13133562640039
Q103,C082,Rare Adverse Event of Aspirin in Ischaemic Stroke,3,8.614505259095605
Q103,C087,Switching Therapy in Ischaemic Stroke: A Step-by-Step Guide,4,7.738511257900502
Q103,C162,Biomarkers in Schizophrenia: Implications for Atypical antipsychotics Therapy,5,3.662776105091861
Q103,C280,Biomarkers in Stunting / Malnutrition: Implications for Vitamin A Therapy,6,3.466569497433484
Q103,C056,Biomarkers in Chronic Kidney Disease: Implications for SGLT2 inhibitors Therapy,7,3.2903147971840774
Q103,C102,Biomarkers in Urinary Tract Infection: Implications for NRTIs combination Therapy,8,3.2903147971840774
Q103,C111,Biomarkers in Urinary Tract Infection: Implications for NRTIs combination Therapy,9,3.2903147971840774
Q103,C195,Biomarkers in Chronic Lymphocytic Leukaemia: Implications for BTK inhibitors Therapy,10,3.2903147971840774
Q103,C207,Biomarkers in Colorectal Cancer: Implications for PD-1 inhibitors Therapy,11,3.2903147971840774
Q103,C327,Biomarkers in Psoriasis: Implications for IL-4/IL-13 inhibitors Therapy,12,3.1311159402442486
Q103,C011,National Guideline: Hypothyroidism Diagnosis and Treatment,13,2.938408316499378
Q103,C072,National Guideline: Migraine Diagnosis and Treatment,14,2.938408316499378
Q103,C027,National Guideline: Atrial Fibrillation Diagnosis and Treatment,15,2.7621174438570595
Q103,C080,Treatment Intensification in Epilepsy: When and How,16,2.7621174438570595
Q103,C131,Treatment Intensification in Asthma: When and How,17,2.7621174438570595
Q103,C138,Treatment Intensification in Asthma: When and How,18,2.7621174438570595
Q103,C225,Treatment Intensification in Gout: When and How,19,2.7621174438570595
Q103,C256,New Insights into Preeclampsia Pathophysiology and Treatment,20,2.7621174438570595
Q104,C252,Rare Adverse Event of Erythropoietin in Iron Deficiency Anaemia,1,15.435013925022737
Q104,C232,Consensus Statement: Iron preparations Use in Iron Deficiency Anaemia,2,11.885459922272688
Q104,C240,Quick Reference: Iron preparations Dosing in Iron Deficiency Anaemia,3,11.885459922272688
Q104,C233,WHO Guideline Update: Iron Deficiency Anaemia 2023,4,11.553579187958375
Q104,C247,Iron Deficiency Anaemia pada Populasi Khusus: Pendekatan Praktis,5,10.89965069165675
Q104,C237,Ferrous sulphate: Farmakologi dan Penggunaan Klinis pada Iron Deficiency Anaemia,6,9.79128424067199
Q104,C253,Hasil Jangka Panjang Terapi Erythropoiesis stimulating agents pada Iron Deficiency Anaemia,7,9.31754195302767
Q104,C338,Laporan Kasus: Psoriasis dengan anaemia,8,4.151558599265983
Q104,C244,"Iron preparations: Mechanism, Indications, and Safety",9,4.130326098156887
Q104,C281,Stunting / Malnutrition in anaemia: Special Considerations,10,3.8865872853495445
Q104,C260,Hypertension in Pregnancy in anaemia: Special Considerations,11,3.6534100715880893
Q104,C016,Dose Adjustment of Desmopressin in Renal and Hepatic Impairment,12,3.2620002906108967
Q104,C040,Dose Adjustment of Atorvastatin in Renal and Hepatic Impairment,13,3.2620002906108967
Q104,C084,Dose Adjustment of Valproate in Renal and Hepatic Impairment,14,3.2620002906108967
Q104,C116,Dose Adjustment of Salmeterol in Renal and Hepatic Impairment,15,3.2620002906108967
Q104,C169,Dose Adjustment of Olanzapine in Renal and Hepatic Impairment,16,3.2620002906108967
Q104,C231,Dose Adjustment of Apixaban in Renal and Hepatic Impairment,17,3.2620002906108967
Q104,C236,Dose Adjustment of Rivaroxaban in Renal and Hepatic Impairment,18,3.2620002906108967
Q104,C314,Dose Adjustment of Vancomycin in Renal and Hepatic Impairment,19,3.2620002906108967
Q104,C343,Dose Adjustment of Dupilumab in Renal and Hepatic Impairment,20,3.2620002906108967
Q105,C199,Pedoman PNPK: Breast Cancer HER2-positive,1,19.143887050654573
Q105,C187,Clinical Practice Guideline: Breast Cancer HER2-positive Management 2022,2,16.067403235237293
Q105,C203,Monitoring Parameters for CNS stimulants in Breast Cancer HER2-positive,3,15.250470142417498
Q105,C015,Panduan Klinis: Tatalaksana Hyperthyroidism 2021,4,8.779443722736005
Q105,C259,Panduan Klinis: Tatalaksana Preeclampsia 2020,5,8.779443722736005
Q105,C048,Panduan Klinis: Tatalaksana Chronic Kidney Disease 2022,6,7.725991902235357
Q105,C190,Case Series: HER2-targeted agents in Refractory Non-Small Cell Lung Cancer,7,6.40608737664751
Q105,C261,Ringkasan Klinis: Tatalaksana Preeclampsia Terkini 2020,8,4.437924011015704
Q105,C304,Ringkasan Klinis: Tatalaksana Sepsis Terkini 2024,9,4.437924011015704
Q105,C110,WHO Guideline Update: Malaria 2025,10,4.411914507931547
Q105,C335,WHO Guideline Update: Psoriasis 2025,11,4.411914507931547
Q105,C249,Ringkasan Klinis: Tatalaksana Deep Vein Thrombosis Terkini 2022,12,3.935554151769135
Q105,C119,Clinical Practice Guideline: Pulmonary Embolism Management 2025,13,3.882525685922526
Q105,C308,WHO Guideline Update: Disseminated Intravascular Coagulation 2025,14,3.882525685922526
Q105,C001,Panduan Praktis: Memulai Levothyroxine pada Hypothyroidism,15,3.781175763045196
Q105,C099,Panduan Praktis: Memulai Dolutegravir pada Malaria,16,3.781175763045196
Q105,C133,Panduan Praktis: Memulai Prednisolone pada COPD,17,3.781175763045196
Q105,C189,Clinical Practice Guideline: Colorectal Cancer Management 2020,18,3.762097240968909
Q105,C201,Kasus Sulit: Colorectal Cancer Refrakter terhadap Pembrolizumab,19,3.762097240968909
Q105,C134,Scoping Review: Emerging Therapies in Pulmonary Embolism 2025,20,3.662776105091861
Q106,C045,Metoprolol pada Pasien Heart Failure: Studi Kohort,1,13.226995413062358
Q106,C044,Safety Profile of Furosemide in Heart Failure,2,9.142599899417235
Q106,C029,Profil Obat ARBs pada Heart Failure,3,8.548135340886487
Q106,C041,Laporan Kasus: Heart Failure dengan immunocompromised,4,8.548135340886487
Q106,C031,Clinical Practice Guideline: Heart Failure Management 2021,5,8.03528686089552
Q106,C038,Clinical Summary: Heart Failure Management Update 2024,6,8.03528686089552
Q106,C034,Spironolactone Real-World Evidence in Heart Failure: A Retrospective Study,7,7.748057364529293
Q106,C025,Metoprolol versus Empagliflozin in Atrial Fibrillation: Head-to-Head Comparison,8,5.33821682694158
Q106,C260,Hypertension in Pregnancy in anaemia: Special Considerations,9,1.5575755985011488
Q106,C255,Practical Guide: Initiating Labetalol in Hypertension in Pregnancy,10,1.4945138020276896
Q106,C268,Methyldopa Drug Profile: Efficacy in Hypertension in Pregnancy,11,1.4945138020276896
Q106,C267,Hypertension in Pregnancy in Pregnancy: Safety and Management Guide,12,1.4363596921061903
Q106,C275,Treatment Intensification in Hypertension in Pregnancy: When and How,13,1.4363596921061903
Q106,C257,Switching Therapy in Hypertension in Pregnancy: A Step-by-Step Guide,14,1.3326483965224
Q106,C137,Asthma in immunocompromised: Special Considerations,15,1.2582970093898815
Q106,C262,Preeclampsia in pregnancy: Special Considerations,16,1.2582970093898815
Q106,C270,Long-term Outcomes of Beta blockers non-selective Therapy in Hypertension in Pregnancy,17,1.2429053308678053
Q106,C014,Practical Guide: Initiating Methimazole in Hyperthyroidism,18,1.1779867827838757
Q106,C028,Practical Guide: Initiating Losartan in Hypertension,19,1.1779867827838757
Q106,C076,Levetiracetam Drug Profile: Efficacy in Epilepsy,20,1.1779867827838757
Q107,C216,Switching Therapy in Osteoporosis: A Step-by-Step Guide,1,4.739049196575517
Q107,C318,Switching Therapy in Sepsis: A Step-by-Step Guide,2,4.739049196575517
Q107,C323,Switching Therapy in Psoriasis: A Step-by-Step Guide,3,4.739049196575517
Q107,C340,Switching Therapy in Psoriasis: A Step-by-Step Guide,4,4.739049196575517
Q107,C137,Asthma in immunocompromised: Special Considerations,5,4.565455781209233
Q107,C039,Switching Therapy in Stable Angina: A Step-by-Step Guide,6,4.561551364759652
Q107,C087,Switching Therapy in Ischaemic Stroke: A Step-by-Step Guide,7,4.561551364759652
Q107,C057,Switching Therapy in Chronic Kidney Disease: A Step-by-Step Guide,8,4.396869633396971
Q107,C149,Switching Therapy in Peptic Ulcer Disease: A Step-by-Step Guide,9,4.396869633396971
Q107,C156,Switching Therapy in Peptic Ulcer Disease: A Step-by-Step Guide,10,4.396869633396971
Q107,C257,Switching Therapy in Hypertension in Pregnancy: A Step-by-Step Guide,11,4.396869633396971
Q107,C124,Konsensus Nasional: Asthma di Indonesia 2024,12,4.274067670443244
Q107,C126,Budesonide Drug Profile: Efficacy in Asthma,13,4.274067670443244
Q107,C127,Risk Stratification in Asthma: Current Approaches,14,4.274067670443244
Q107,C129,Dosis Corticosteroids pada Asthma: Referensi Cepat,15,4.274067670443244
Q107,C131,Treatment Intensification in Asthma: When and How,16,4.01764343044776
Q107,C138,Treatment Intensification in Asthma: When and How,17,4.01764343044776
Q107,C092,Hasil Jangka Panjang Terapi Antiepileptics other pada Migraine,18,3.790246233059176
Q107,C077,Hasil Jangka Panjang Terapi Fatty acid derivatives pada Epilepsy,19,3.58721133978665
Q107,C213,Hasil Jangka Panjang Terapi IL-17 inhibitors pada Gout,20,3.58721133978665
Q108,C125,Efficacy of Antituberculotics in MDR Tuberculosis: A Cohort Study,1,9.992719541998106
Q108,C229,Monitoring Parameters for Bisphosphonates in Osteoporosis,2,5.615910793799579
Q108,C117,Safety Profile of Bedaquiline in MDR Tuberculosis,3,5.45825995432156
Q108,C120,Safety Profile of Bedaquiline in MDR Tuberculosis,4,5.45825995432156
Q108,C082,Rare Adverse Event of Aspirin in Ischaemic Stroke,5,5.351892141672573
Q108,C279,Rare Adverse Event of Zinc in Stunting / Malnutrition,6,5.351892141672573
Q108,C238,Rare Adverse Event of Warfarin in Deep Vein Thrombosis,7,5.065203419364014
Q108,C252,Rare Adverse Event of Erythropoietin in Iron Deficiency Anaemia,8,5.065203419364014
Q108,C151,Monitoring Parameters for Nitroimidazoles in Inflammatory Bowel Disease,9,4.980193663893905
Q108,C090,Monitoring Parameters for Fatty acid derivatives in Parkinson Disease,10,4.713415985914633
Q108,C130,Profil Keamanan Bedaquiline pada MDR Tuberculosis,11,4.628644097110018
Q108,C203,Monitoring Parameters for CNS stimulants in Breast Cancer HER2-positive,12,4.473766464287212
Q108,C245,Monitoring Parameters for Factor Xa inhibitors in Deep Vein Thrombosis,13,4.473766464287212
Q108,C328,Monitoring Parameters for IL-4/IL-13 inhibitors in Psoriasis,14,4.473766464287212
Q108,C136,MDR Tuberculosis pada Populasi Khusus: Pendekatan Praktis,15,4.350946915799847
Q108,C260,Hypertension in Pregnancy in anaemia: Special Considerations,16,1.5575755985011488
Q108,C255,Practical Guide: Initiating Labetalol in Hypertension in Pregnancy,17,1.4945138020276896
Q108,C268,Methyldopa Drug Profile: Efficacy in Hypertension in Pregnancy,18,1.4945138020276896
Q108,C267,Hypertension in Pregnancy in Pregnancy: Safety and Management Guide,19,1.4363596921061903
Q108,C275,Treatment Intensification in Hypertension in Pregnancy: When and How,20,1.4363596921061903
Q109,C076,Levetiracetam Drug Profile: Efficacy in Epilepsy,1,10.956500274636333
Q109,C080,Treatment Intensification in Epilepsy: When and How,2,4.565667813200195
Q109,C071,Asia-Pacific Guideline: Epilepsy in Primary Care 2022,3,4.307252629547802
Q109,C124,Konsensus Nasional: Asthma di Indonesia 2024,4,4.274067670443244
Q109,C219,Konsensus Nasional: Osteoporosis di Indonesia 2022,5,4.274067670443244
Q109,C077,Hasil Jangka Panjang Terapi Fatty acid derivatives pada Epilepsy,6,4.076522876343298
Q109,C062,Konsensus Nasional: Chronic Kidney Disease di Indonesia 2022,7,3.790246233059176
Q109,C153,Konsensus Nasional: Inflammatory Bowel Disease di Indonesia 2021,8,3.790246233059176
Q109,C160,Konsensus Nasional: Inflammatory Bowel Disease di Indonesia 2022,9,3.790246233059176
Q109,C186,Konsensus Nasional: Chronic Lymphocytic Leukaemia di Indonesia 2022,10,3.790246233059176
Q109,C197,Konsensus Nasional: Chronic Myeloid Leukaemia di Indonesia 2023,11,3.790246233059176
Q109,C074,Topiramate Real-World Evidence in Migraine: A Retrospective Study,12,3.2620002906108967
Q109,C079,Topiramate Real-World Evidence in Migraine: A Retrospective Study,13,3.2620002906108967
Q109,C105,Narrative Review: Current Evidence for Integrase inhibitors in Malaria,14,3.2620002906108967
Q109,C034,Spironolactone Real-World Evidence in Heart Failure: A Retrospective Study,15,3.0961467331210595
Q109,C215,Narrative Review: Current Evidence for NSAIDs in Systemic Lupus Erythematosus,16,3.0961467331210595
Q109,C290,Diazepam Real-World Evidence in Febrile Seizure: A Retrospective Study,17,3.0961467331210595
Q109,C296,Narrative Review: Current Evidence for Zinc supplements in Stunting / Malnutrition,18,3.0961467331210595
Q109,C184,Sertraline Real-World Evidence in Major Depressive Disorder: A Retrospective Study,19,2.946342519477825
Q109,C248,Rivaroxaban Real-World Evidence in Deep Vein Thrombosis: A Retrospective Study,20,2.946342519477825
Q110,C089,Perbandingan Topiramate dan Topiramate pada Migraine,1,7.098874994875591
Q110,C076,Levetiracetam Drug Profile: Efficacy in Epilepsy,2,4.8570694568102715
Q110,C080,Treatment Intensification in Epilepsy: When and How,3,4.565667813200195
Q110,C135,Prednisolone pada Pasien COPD: Studi Kohort,4,4.437924011015704
Q110,C074,Topiramate Real-World Evidence in Migraine: A Retrospective Study,5,4.315918574579278
Q110,C079,Topiramate Real-World Evidence in Migraine: A Retrospective Study,6,4.315918574579278
Q110,C071,Asia-Pacific Guideline: Epilepsy in Primary Care 2022,7,4.307252629547802
Q110,C129,Dosis Corticosteroids pada Asthma: Referensi Cepat,8,4.274067670443244
Q110,C166,Dosis SSRIs pada ADHD: Referensi Cepat,9,4.274067670443244
Q110,C045,Metoprolol pada Pasien Heart Failure: Studi Kohort,10,4.171669150440603
Q110,C077,Hasil Jangka Panjang Terapi Fatty acid derivatives pada Epilepsy,11,4.076522876343298
Q110,C152,Metronidazole pada Pasien Inflammatory Bowel Disease: Studi Kohort,12,3.935554151769135
Q110,C250,Rivaroxaban pada Pasien Deep Vein Thrombosis: Studi Kohort,13,3.935554151769135
Q110,C311,Secukinumab pada Pasien Disseminated Intravascular Coagulation: Studi Kohort,14,3.935554151769135
Q110,C317,Secukinumab pada Pasien Disseminated Intravascular Coagulation: Studi Kohort,15,3.935554151769135
Q110,C345,Dosis Topical calcineurin inhibitors pada Psoriasis: Referensi Cepat,16,3.790246233059176
Q110,C036,Dosis Platelet aggregation inhibitors pada Stable Angina: Referensi Cepat,17,3.58721133978665
Q110,C185,Dosis BCR-ABL inhibitors pada Chronic Myeloid Leukaemia: Referensi Cepat,18,3.4048227103668527
Q110,C198,Dosis BCR-ABL inhibitors pada Chronic Myeloid Leukaemia: Referensi Cepat,19,3.4048227103668527
Q110,C010,Dosis DPP-4 inhibitors pada Type 2 Diabetes Mellitus: Referensi Cepat,20,3.240083493305596
Q111,C252,Rare Adverse Event of Erythropoietin in Iron Deficiency Anaemia,1,19.68569475865435
Q111,C232,Consensus Statement: Iron preparations Use in Iron Deficiency Anaemia,2,16.1361407559043
Q111,C240,Quick Reference: Iron preparations Dosing in Iron Deficiency Anaemia,3,16.1361407559043
Q111,C233,WHO Guideline Update: Iron Deficiency Anaemia 2023,4,15.206989259546464
Q111,C247,Iron Deficiency Anaemia pada Populasi Khusus: Pendekatan Praktis,5,14.346279045162465
Q111,C237,Ferrous sulphate: Farmakologi dan Penggunaan Klinis pada Iron Deficiency Anaemia,6,12.88743097379305
Q111,C253,Hasil Jangka Panjang Terapi Erythropoiesis stimulating agents pada Iron Deficiency Anaemia,7,12.263884472505495
Q111,C281,Stunting / Malnutrition in anaemia: Special Considerations,8,8.951161353482965
Q111,C260,Hypertension in Pregnancy in anaemia: Special Considerations,9,8.864395741677328
Q111,C338,Laporan Kasus: Psoriasis dengan anaemia,10,8.303117198531966
Q111,C244,"Iron preparations: Mechanism, Indications, and Safety",11,4.130326098156887
Q111,C004,Successful Management of Severe Hypothyroidism with Levothyroxine,12,3.6534100715880893
Q111,C168,Challenging Case: ADHD with Concurrent atrial fibrillation,13,3.6534100715880893
Q111,C177,Successful Management of Severe Schizophrenia with Clozapine,14,3.6534100715880893
Q111,C287,Challenging Case: Stunting / Malnutrition with Concurrent COPD,15,3.6534100715880893
Q111,C301,Successful Management of Severe Sepsis with Norepinephrine,16,3.6534100715880893
Q111,C064,Successful Management of Severe Nephrotic Syndrome with Furosemide,17,3.446628353505714
Q111,C222,Challenging Case: Psoriatic Arthritis with Concurrent renal impairment,18,3.446628353505714
Q111,C324,Successful Management of Severe Psoriasis with Tacrolimus topical,19,3.446628353505714
Q111,C106,Successful Management of Severe Typhoid Fever with Artemether-lumefantrine,20,3.2620002906108967
Q112,C082,Rare Adverse Event of Aspirin in Ischaemic Stroke,1,15.068124334399071
Q112,C085,Pedoman PNPK: Ischaemic Stroke,2,11.135586229852866
Q112,C070,Ischaemic Stroke in Special Populations: Practical Guidance,3,10.238648664922103
Q112,C087,Switching Therapy in Ischaemic Stroke: A Step-by-Step Guide,4,8.67692320169609
Q112,C332,Psoriasis in elderly patients: Special Considerations,5,5.308312880940763
Q112,C283,Drug Interactions: Zinc in Stunting / Malnutrition Patients,6,4.98983872444424
Q112,C047,Drug Interactions: Losartan in Chronic Kidney Disease Patients,7,4.707415617216631
Q112,C078,Drug Interactions: Levodopa-carbidopa in Parkinson Disease Patients,8,4.707415617216631
Q112,C096,Drug Interactions: Artemether-lumefantrine in Typhoid Fever Patients,9,4.707415617216631
Q112,C202,Drug Interactions: Nivolumab in Non-Small Cell Lung Cancer Patients,10,4.228726740979665
Q112,C322,Disseminated Intravascular Coagulation and elderly patients: Management Challenges,11,3.662776105091861
Q112,C242,Challenging Case: Deep Vein Thrombosis with Concurrent elderly patients,12,3.466569497433484
Q112,C260,Hypertension in Pregnancy in anaemia: Special Considerations,13,1.5575755985011488
Q112,C255,Practical Guide: Initiating Labetalol in Hypertension in Pregnancy,14,1.4945138020276896
Q112,C268,Methyldopa Drug Profile: Efficacy in Hypertension in Pregnancy,15,1.4945138020276896
Q112,C267,Hypertension in Pregnancy in Pregnancy: Safety and Management Guide,16,1.4363596921061903
Q112,C275,Treatment Intensification in Hypertension in Pregnancy: When and How,17,1.4363596921061903
Q112,C257,Switching Therapy in Hypertension in Pregnancy: A Step-by-Step Guide,18,1.3326483965224
Q112,C137,Asthma in immunocompromised: Special Considerations,19,1.2582970093898815
Q112,C262,Preeclampsia in pregnancy: Special Considerations,20,1.2582970093898815
Q113,C200,Chronic Lymphocytic Leukaemia and obesity: Management Challenges,1,7.3362945126786
Q113,C119,Clinical Practice Guideline: Pulmonary Embolism Management 2025,2,6.385031423686853
Q113,C144,Clinical Practice Guideline: Inflammatory Bowel Disease Management 2025,3,6.023640903069494
Q113,C009,Case Report: Atypical Presentation of Obesity,4,5.142303115314051
Q113,C110,WHO Guideline Update: Malaria 2025,5,4.411914507931547
Q113,C335,WHO Guideline Update: Psoriasis 2025,6,4.411914507931547
Q113,C023,Hasil Jangka Panjang Terapi GLP-1 receptor agonists pada Obesity,7,4.096479461869578
Q113,C308,WHO Guideline Update: Disseminated Intravascular Coagulation 2025,8,3.882525685922526
Q113,C134,Scoping Review: Emerging Therapies in Pulmonary Embolism 2025,9,3.662776105091861
Q113,C121,Asia-Pacific Guideline: Community-acquired Pneumonia in Primary Care 2025,10,3.2903147971840774
Q113,C161,Asia-Pacific Guideline: Peptic Ulcer Disease in Primary Care 2025,11,3.2903147971840774
Q113,C254,Clinical Practice Guideline: Preeclampsia Management 2022,12,2.662227012934592
Q113,C004,Successful Management of Severe Hypothyroidism with Levothyroxine,13,2.502505737764327
Q113,C031,Clinical Practice Guideline: Heart Failure Management 2021,14,2.502505737764327
Q113,C038,Clinical Summary: Heart Failure Management Update 2024,15,2.502505737764327
Q113,C051,Clinical Practice Guideline: Nephrotic Syndrome Management 2022,16,2.502505737764327
Q113,C075,Migraine in Pregnancy: Safety and Management Guide,17,2.502505737764327
Q113,C118,COPD in Pregnancy: Safety and Management Guide,18,2.502505737764327
Q113,C175,Clinical Summary: Bipolar Disorder Management Update 2020,19,2.502505737764327
Q113,C177,Successful Management of Severe Schizophrenia with Clozapine,20,2.502505737764327
Q114,C218,Profil Keamanan Colchicine pada Psoriatic Arthritis,1,21.32999876290564
Q114,C226,Safety Profile of Ibuprofen in Psoriatic Arthritis,2,9.690624282169669
Q114,C227,Consensus Statement: NSAIDs Use in Psoriatic Arthritis,3,9.690624282169669
Q114,C222,Challenging Case: Psoriatic Arthritis with Concurrent renal impairment,4,8.09749886260698
Q114,C332,Psoriasis in elderly patients: Special Considerations,5,5.308312880940763
Q114,C224,Risk Stratification in Rheumatoid Arthritis: Current Approaches,6,5.124956468969474
Q114,C283,Drug Interactions: Zinc in Stunting / Malnutrition Patients,7,4.98983872444424
Q114,C047,Drug Interactions: Losartan in Chronic Kidney Disease Patients,8,4.707415617216631
Q114,C078,Drug Interactions: Levodopa-carbidopa in Parkinson Disease Patients,9,4.707415617216631
Q114,C096,Drug Interactions: Artemether-lumefantrine in Typhoid Fever Patients,10,4.707415617216631
Q114,C209,Long-term Outcomes of Proteasome inhibitors Therapy in Rheumatoid Arthritis,11,4.3432346541624405
Q114,C202,Drug Interactions: Nivolumab in Non-Small Cell Lung Cancer Patients,12,4.228726740979665
Q114,C322,Disseminated Intravascular Coagulation and elderly patients: Management Challenges,13,3.662776105091861
Q114,C220,Hasil Jangka Panjang Terapi Proteasome inhibitors pada Rheumatoid Arthritis,14,3.58721133978665
Q114,C242,Challenging Case: Deep Vein Thrombosis with Concurrent elderly patients,15,3.466569497433484
Q114,C260,Hypertension in Pregnancy in anaemia: Special Considerations,16,1.5575755985011488
Q114,C255,Practical Guide: Initiating Labetalol in Hypertension in Pregnancy,17,1.4945138020276896
Q114,C268,Methyldopa Drug Profile: Efficacy in Hypertension in Pregnancy,18,1.4945138020276896
Q114,C267,Hypertension in Pregnancy in Pregnancy: Safety and Management Guide,19,1.4363596921061903
Q114,C275,Treatment Intensification in Hypertension in Pregnancy: When and How,20,1.4363596921061903
Q115,C096,Drug Interactions: Artemether-lumefantrine in Typhoid Fever Patients,1,18.916115447447304
Q115,C106,Successful Management of Severe Typhoid Fever with Artemether-lumefantrine,2,17.902822050436683
Q115,C113,Risk Stratification in Typhoid Fever: Current Approaches,3,9.667577549828545
Q115,C135,Prednisolone pada Pasien COPD: Studi Kohort,4,4.437924011015704
Q115,C129,Dosis Corticosteroids pada Asthma: Referensi Cepat,5,4.274067670443244
Q115,C166,Dosis SSRIs pada ADHD: Referensi Cepat,6,4.274067670443244
Q115,C045,Metoprolol pada Pasien Heart Failure: Studi Kohort,7,4.171669150440603
Q115,C152,Metronidazole pada Pasien Inflammatory Bowel Disease: Studi Kohort,8,3.935554151769135
Q115,C250,Rivaroxaban pada Pasien Deep Vein Thrombosis: Studi Kohort,9,3.935554151769135
Q115,C311,Secukinumab pada Pasien Disseminated Intravascular Coagulation: Studi Kohort,10,3.935554151769135
Q115,C317,Secukinumab pada Pasien Disseminated Intravascular Coagulation: Studi Kohort,11,3.935554151769135
Q115,C345,Dosis Topical calcineurin inhibitors pada Psoriasis: Referensi Cepat,12,3.790246233059176
Q115,C036,Dosis Platelet aggregation inhibitors pada Stable Angina: Referensi Cepat,13,3.58721133978665
Q115,C185,Dosis BCR-ABL inhibitors pada Chronic Myeloid Leukaemia: Referensi Cepat,14,3.4048227103668527
Q115,C198,Dosis BCR-ABL inhibitors pada Chronic Myeloid Leukaemia: Referensi Cepat,15,3.4048227103668527
Q115,C010,Dosis DPP-4 inhibitors pada Type 2 Diabetes Mellitus: Referensi Cepat,16,3.240083493305596
Q115,C001,Panduan Praktis: Memulai Levothyroxine pada Hypothyroidism,17,0.0
Q115,C002,Clinical Practice Guideline: Type 1 Diabetes Mellitus Management 2023,18,0.0
Q115,C003,A Case of Type 1 Diabetes Mellitus Resistant to Insulin degludec,19,0.0
Q115,C004,Successful Management of Severe Hypothyroidism with Levothyroxine,20,0.0
Q116,C332,Psoriasis in elderly patients: Special Considerations,1,9.272629213470939
Q116,C322,Disseminated Intravascular Coagulation and elderly patients: Management Challenges,2,8.222974144737375
Q116,C242,Challenging Case: Deep Vein Thrombosis with Concurrent elderly patients,3,7.782488072012763
Q116,C283,Drug Interactions: Zinc in Stunting / Malnutrition Patients,4,7.4368484377172805
Q116,C047,Drug Interactions: Losartan in Chronic Kidney Disease Patients,5,7.015925446063912
Q116,C078,Drug Interactions: Levodopa-carbidopa in Parkinson Disease Patients,6,7.015925446063912
Q116,C096,Drug Interactions: Artemether-lumefantrine in Typhoid Fever Patients,7,7.015925446063912
Q116,C202,Drug Interactions: Nivolumab in Non-Small Cell Lung Cancer Patients,8,6.302488235366883
Q116,C212,Profil Keamanan Alendronate pada Osteoporosis,9,4.740483163795515
Q116,C221,Meta-analisis: Alendronate pada Osteoporosis,10,4.740483163795515
Q116,C083,Laporan Kasus: Migraine dengan COPD,11,4.565455781209233
Q116,C338,Laporan Kasus: Psoriasis dengan anaemia,12,4.565455781209233
Q116,C219,Konsensus Nasional: Osteoporosis di Indonesia 2022,13,4.437924011015704
Q116,C223,Kasus Sulit: Osteoporosis Refrakter terhadap Alendronate,14,4.437924011015704
Q116,C229,Monitoring Parameters for Bisphosphonates in Osteoporosis,15,4.437924011015704
Q116,C041,Laporan Kasus: Heart Failure dengan immunocompromised,16,4.274067670443244
Q116,C097,Laporan Kasus: Malaria dengan atrial fibrillation,17,4.274067670443244
Q116,C024,Laporan Kasus: Acute Coronary Syndrome dengan Presentasi Atipikal,18,3.790246233059176
Q116,C208,Laporan Kasus: Systemic Lupus Erythematosus dengan Presentasi Atipikal,19,3.790246233059176
Q116,C076,Levetiracetam Drug Profile: Efficacy in Epilepsy,20,3.781175763045196
Q117,C096,Drug Interactions: Artemether-lumefantrine in Typhoid Fever Patients,1,28.71183481560358
Q117,C106,Successful Management of Severe Typhoid Fever with Artemether-lumefantrine,2,27.17380695171481
Q117,C113,Risk Stratification in Typhoid Fever: Current Approaches,3,9.667577549828545
Q117,C001,Panduan Praktis: Memulai Levothyroxine pada Hypothyroidism,4,0.0
Q117,C002,Clinical Practice Guideline: Type 1 Diabetes Mellitus Management 2023,5,0.0
Q117,C003,A Case of Type 1 Diabetes Mellitus Resistant to Insulin degludec,6,0.0
Q117,C004,Successful Management of Severe Hypothyroidism with Levothyroxine,7,0.0
Q117,C005,Liraglutide in Type 2 Diabetes Mellitus: Real-World Outcomes,8,0.0
Q117,C006,"Methimazole: Pharmacology, Dosing, and Clinical Use in Hyperthyroidism",9,0.0
Q117,C007,Efficacy of Vasopressin analogues in Diabetes Insipidus: A Cohort Study,10,0.0
Q117,C008,Treatment Intensification in Type 2 Diabetes Mellitus: When and How,11,0.0
Q117,C009,Case Report: Atypical Presentation of Obesity,12,0.0
Q117,C010,Dosis DPP-4 inhibitors pada Type 2 Diabetes Mellitus: Referensi Cepat,13,0.0
Q117,C011,National Guideline: Hypothyroidism Diagnosis and Treatment,14,0.0
Q117,C012,Case Report: Atypical Presentation of Type 2 Diabetes Mellitus,15,0.0
Q117,C013,Asia-Pacific Guideline: Type 1 Diabetes Mellitus in Primary Care 2023,16,0.0
Q117,C014,Practical Guide: Initiating Methimazole in Hyperthyroidism,17,0.0
Q117,C015,Panduan Klinis: Tatalaksana Hyperthyroidism 2021,18,0.0
Q117,C016,Dose Adjustment of Desmopressin in Renal and Hepatic Impairment,19,0.0
Q117,C017,Type 2 Diabetes Mellitus in Special Populations: Practical Guidance,20,0.0
Q118,C204,Profil Keamanan Ibrutinib pada Chronic Lymphocytic Leukaemia,1,14.438450586831049
Q118,C193,Meta-analysis: Ibrutinib versus Standard of Care in Chronic Lymphocytic Leukaemia,2,11.64408594868411
Q118,C205,Meta-analysis: Ibrutinib versus Standard of Care in Chronic Lymphocytic Leukaemia,3,11.64408594868411
Q118,C200,Chronic Lymphocytic Leukaemia and obesity: Management Challenges,4,9.604661811916777
Q118,C186,Konsensus Nasional: Chronic Lymphocytic Leukaemia di Indonesia 2022,5,9.06104134989593
Q118,C188,Risk Stratification in Chronic Lymphocytic Leukaemia: Current Approaches,6,9.06104134989593
Q118,C194,Quick Reference: BTK inhibitors Dosing in Chronic Lymphocytic Leukaemia,7,8.575661917982558
Q118,C195,Biomarkers in Chronic Lymphocytic Leukaemia: Implications for BTK inhibitors Therapy,8,8.139639873158899
Q118,C191,Efficacy of BTK inhibitors in Chronic Lymphocytic Leukaemia: A Cohort Study,9,7.74581088001279
Q118,C192,National Guideline: Chronic Myeloid Leukaemia Diagnosis and Treatment,10,5.511877482360887
Q118,C197,Konsensus Nasional: Chronic Myeloid Leukaemia di Indonesia 2023,11,5.511877482360887
Q118,C206,Chronic Myeloid Leukaemia pada Populasi Khusus: Pendekatan Praktis,12,5.511877482360887
Q118,C185,Dosis BCR-ABL inhibitors pada Chronic Myeloid Leukaemia: Referensi Cepat,13,4.951384283430807
Q118,C198,Dosis BCR-ABL inhibitors pada Chronic Myeloid Leukaemia: Referensi Cepat,14,4.951384283430807
Q118,C016,Dose Adjustment of Desmopressin in Renal and Hepatic Impairment,15,3.2620002906108967
Q118,C040,Dose Adjustment of Atorvastatin in Renal and Hepatic Impairment,16,3.2620002906108967
Q118,C084,Dose Adjustment of Valproate in Renal and Hepatic Impairment,17,3.2620002906108967
Q118,C116,Dose Adjustment of Salmeterol in Renal and Hepatic Impairment,18,3.2620002906108967
Q118,C169,Dose Adjustment of Olanzapine in Renal and Hepatic Impairment,19,3.2620002906108967
Q118,C231,Dose Adjustment of Apixaban in Renal and Hepatic Impairment,20,3.2620002906108967
Q119,C230,Case Series: IL-17 inhibitors in Refractory Gout,1,6.359716941197364
Q119,C213,Hasil Jangka Panjang Terapi IL-17 inhibitors pada Gout,2,6.019041330431756
Q119,C105,Narrative Review: Current Evidence for Integrase inhibitors in Malaria,3,5.3962354192569695
Q119,C139,Narrative Review: Current Evidence for Proton pump inhibitors in Peptic Ulcer Disease,4,4.649108783451165
Q119,C225,Treatment Intensification in Gout: When and How,5,4.350946915799847
Q119,C217,"Adalimumab: Pharmacology, Dosing, and Clinical Use in Gout",6,4.104684859007734
Q119,C214,Adalimumab versus Adalimumab in Gout: Head-to-Head Comparison,7,3.884806201785683
Q119,C074,Topiramate Real-World Evidence in Migraine: A Retrospective Study,8,3.2620002906108967
Q119,C079,Topiramate Real-World Evidence in Migraine: A Retrospective Study,9,3.2620002906108967
Q119,C034,Spironolactone Real-World Evidence in Heart Failure: A Retrospective Study,10,3.0961467331210595
Q119,C215,Narrative Review: Current Evidence for NSAIDs in Systemic Lupus Erythematosus,11,3.0961467331210595
Q119,C290,Diazepam Real-World Evidence in Febrile Seizure: A Retrospective Study,12,3.0961467331210595
Q119,C296,Narrative Review: Current Evidence for Zinc supplements in Stunting / Malnutrition,13,3.0961467331210595
Q119,C184,Sertraline Real-World Evidence in Major Depressive Disorder: A Retrospective Study,14,2.946342519477825
Q119,C248,Rivaroxaban Real-World Evidence in Deep Vein Thrombosis: A Retrospective Study,15,2.946342519477825
Q119,C140,"Proton pump inhibitors: Mechanism, Indications, and Safety",16,2.3903235498095015
Q119,C339,Quick Reference: Calcineurin inhibitors Dosing in Psoriasis,17,2.3903235498095015
Q119,C032,Consensus Statement: SGLT2 inhibitors Use in Atrial Fibrillation,18,2.2550320821896306
Q119,C341,Consensus Statement: Topical calcineurin inhibitors Use in Psoriasis,19,2.2550320821896306
Q119,C345,Dosis Topical calcineurin inhibitors pada Psoriasis: Referensi Cepat,20,2.2550320821896306
Q120,C267,Hypertension in Pregnancy in Pregnancy: Safety and Management Guide,1,5.326594440290928
Q120,C028,Practical Guide: Initiating Losartan in Hypertension,2,3.6842697318499518
Q120,C170,Major Depressive Disorder in hypertension: Special Considerations,3,3.463230633086685
Q120,C260,Hypertension in Pregnancy in anaemia: Special Considerations,4,3.463230633086685
Q120,C255,Practical Guide: Initiating Labetalol in Hypertension in Pregnancy,5,3.2672130039696
Q120,C268,Methyldopa Drug Profile: Efficacy in Hypertension in Pregnancy,6,3.2672130039696
Q120,C272,National Guideline: Hypertension in Pregnancy Diagnosis and Treatment,7,3.2672130039696
Q120,C266,Profil Obat Centrally acting antihypertensives pada Hypertension in Pregnancy,8,3.092195814380794
Q120,C275,Treatment Intensification in Hypertension in Pregnancy: When and How,9,3.092195814380794
Q120,C263,Tinjauan Sistematis: Beta blockers non-selective pada Hypertension in Pregnancy,10,2.9349758172684717
Q120,C257,Switching Therapy in Hypertension in Pregnancy: A Step-by-Step Guide,11,2.792969710237297
Q120,C254,Clinical Practice Guideline: Preeclampsia Management 2022,12,2.662227012934592
Q120,C270,Long-term Outcomes of Beta blockers non-selective Therapy in Hypertension in Pregnancy,13,2.5465452117635867
Q120,C004,Successful Management of Severe Hypothyroidism with Levothyroxine,14,2.502505737764327
Q120,C031,Clinical Practice Guideline: Heart Failure Management 2021,15,2.502505737764327
Q120,C038,Clinical Summary: Heart Failure Management Update 2024,16,2.502505737764327
Q120,C051,Clinical Practice Guideline: Nephrotic Syndrome Management 2022,17,2.502505737764327
Q120,C075,Migraine in Pregnancy: Safety and Management Guide,18,2.502505737764327
Q120,C118,COPD in Pregnancy: Safety and Management Guide,19,2.502505737764327
Q120,C119,Clinical Practice Guideline: Pulmonary Embolism Management 2025,20,2.502505737764327
Q121,C171,Perbandingan Venlafaxine dan Venlafaxine pada Major Depressive Disorder,1,17.745178153212652
Q121,C173,Escitalopram versus Sertraline in Major Depressive Disorder: Head-to-Head Comparison,2,12.393657962636663
Q121,C170,Major Depressive Disorder in hypertension: Special Considerations,3,11.714495908514806
Q121,C180,Risk Stratification in Major Depressive Disorder: Current Approaches,4,11.05145958273529
Q121,C172,Major Depressive Disorder in Pregnancy: Safety and Management Guide,5,10.459457960963277
Q121,C164,Clinical Summary: Major Depressive Disorder Management Update 2021,6,10.00682007061052
Q121,C181,Case Report: Atypical Presentation of Major Depressive Disorder,7,10.00682007061052
Q121,C174,Long-term Outcomes of SNRIs Therapy in Major Depressive Disorder,8,9.927655950634126
Q121,C182,"Sertraline: Pharmacology, Dosing, and Clinical Use in Major Depressive Disorder",9,9.927655950634126
Q121,C184,Sertraline Real-World Evidence in Major Depressive Disorder: A Retrospective Study,10,9.447315443158837
Q121,C080,Treatment Intensification in Epilepsy: When and How,11,4.661635790316469
Q121,C131,Treatment Intensification in Asthma: When and How,12,4.661635790316469
Q121,C138,Treatment Intensification in Asthma: When and How,13,4.661635790316469
Q121,C225,Treatment Intensification in Gout: When and How,14,4.661635790316469
Q121,C274,Treatment Intensification in Preeclampsia: When and How,15,4.661635790316469
Q121,C326,Treatment Intensification in Psoriasis: When and How,16,4.661635790316469
Q121,C275,Treatment Intensification in Hypertension in Pregnancy: When and How,17,4.6098884288459905
Q121,C030,Treatment Intensification in Atrial Fibrillation: When and How,18,4.397788853096821
Q121,C046,Treatment Intensification in Atrial Fibrillation: When and How,19,4.397788853096821
Q121,C214,Adalimumab versus Adalimumab in Gout: Head-to-Head Comparison,20,4.250680833631613
Q122,C109,Panduan Praktis: Memulai Tenofovir+Lamivudine pada Urinary Tract Infection,1,20.009233365432983
Q122,C093,Practical Guide: Initiating Tenofovir+Lamivudine in Urinary Tract Infection,2,18.70896677836487
Q122,C094,"Tenofovir+Lamivudine: Pharmacology, Dosing, and Clinical Use in Urinary Tract Infection",3,16.898534458521226
Q122,C098,Hasil Jangka Panjang Terapi NRTIs combination pada Urinary Tract Infection,4,10.79892243659026
Q122,C095,Quick Reference: NRTIs combination Dosing in Urinary Tract Infection,5,10.077129629206315
Q122,C108,Case Series: NRTIs combination in Refractory Urinary Tract Infection,6,10.077129629206315
Q122,C115,Case Series: NRTIs combination in Refractory Urinary Tract Infection,7,10.077129629206315
Q122,C102,Biomarkers in Urinary Tract Infection: Implications for NRTIs combination Therapy,8,9.564766769184278
Q122,C111,Biomarkers in Urinary Tract Infection: Implications for NRTIs combination Therapy,9,9.564766769184278
Q122,C135,Prednisolone pada Pasien COPD: Studi Kohort,10,5.987157344749509
Q122,C045,Metoprolol pada Pasien Heart Failure: Studi Kohort,11,5.627955668445315
Q122,C152,Metronidazole pada Pasien Inflammatory Bowel Disease: Studi Kohort,12,5.309415367847006
Q122,C250,Rivaroxaban pada Pasien Deep Vein Thrombosis: Studi Kohort,13,5.309415367847006
Q122,C311,Secukinumab pada Pasien Disseminated Intravascular Coagulation: Studi Kohort,14,5.309415367847006
Q122,C317,Secukinumab pada Pasien Disseminated Intravascular Coagulation: Studi Kohort,15,5.309415367847006
Q122,C332,Psoriasis in elderly patients: Special Considerations,16,5.142303115314051
Q122,C322,Disseminated Intravascular Coagulation and elderly patients: Management Challenges,17,4.560198039645514
Q122,C242,Challenging Case: Deep Vein Thrombosis with Concurrent elderly patients,18,4.315918574579278
Q122,C016,Dose Adjustment of Desmopressin in Renal and Hepatic Impairment,19,3.2620002906108967
Q122,C040,Dose Adjustment of Atorvastatin in Renal and Hepatic Impairment,20,3.2620002906108967
Q123,C250,Rivaroxaban pada Pasien Deep Vein Thrombosis: Studi Kohort,1,15.280185086994404
Q123,C251,A Case of Deep Vein Thrombosis Resistant to Rivaroxaban,2,13.161393644928065
Q123,C248,Rivaroxaban Real-World Evidence in Deep Vein Thrombosis: A Retrospective Study,3,11.887789778330948
Q123,C243,Kasus Sulit: Deep Vein Thrombosis Refrakter terhadap Warfarin,4,9.8016390119088
Q123,C249,Ringkasan Klinis: Tatalaksana Deep Vein Thrombosis Terkini 2022,5,9.8016390119088
Q123,C234,New Insights into Deep Vein Thrombosis Pathophysiology and Treatment,6,9.276587443142382
Q123,C238,Rare Adverse Event of Warfarin in Deep Vein Thrombosis,7,9.276587443142382
Q123,C242,Challenging Case: Deep Vein Thrombosis with Concurrent elderly patients,8,9.276587443142382
Q123,C246,Scoping Review: Emerging Therapies in Deep Vein Thrombosis 2024,9,9.276587443142382
Q123,C239,Asia-Pacific Guideline: Deep Vein Thrombosis in Primary Care 2024,10,8.804927451805415
Q123,C241,Consensus Statement: Vitamin K antagonists Use in Deep Vein Thrombosis,11,8.804927451805415
Q123,C245,Monitoring Parameters for Factor Xa inhibitors in Deep Vein Thrombosis,12,8.804927451805415
Q123,C026,Profil Keamanan Rivaroxaban pada Atrial Fibrillation,13,6.177877430843823
Q123,C092,Hasil Jangka Panjang Terapi Antiepileptics other pada Migraine,14,5.164107449137047
Q123,C077,Hasil Jangka Panjang Terapi Fatty acid derivatives pada Epilepsy,15,4.88747792685476
Q123,C213,Hasil Jangka Panjang Terapi IL-17 inhibitors pada Gout,16,4.88747792685476
Q123,C220,Hasil Jangka Panjang Terapi Proteasome inhibitors pada Rheumatoid Arthritis,17,4.88747792685476
Q123,C023,Hasil Jangka Panjang Terapi GLP-1 receptor agonists pada Obesity,18,4.638978377772834
Q123,C098,Hasil Jangka Panjang Terapi NRTIs combination pada Urinary Tract Infection,19,4.638978377772834
Q123,C253,Hasil Jangka Panjang Terapi Erythropoiesis stimulating agents pada Iron Deficiency Anaemia,20,4.4145256732042455
Q124,C093,Practical Guide: Initiating Tenofovir+Lamivudine in Urinary Tract Infection,1,8.631837149158557
Q124,C109,Panduan Praktis: Memulai Tenofovir+Lamivudine pada Urinary Tract Infection,2,8.631837149158557
Q124,C094,"Tenofovir+Lamivudine: Pharmacology, Dosing, and Clinical Use in Urinary Tract Infection",3,7.7965501373426385
Q124,C110,WHO Guideline Update: Malaria 2025,4,5.1882041982338585
Q124,C097,Laporan Kasus: Malaria dengan atrial fibrillation,5,4.8570694568102715
Q124,C099,Panduan Praktis: Memulai Dolutegravir pada Malaria,6,4.8570694568102715
Q124,C105,Narrative Review: Current Evidence for Integrase inhibitors in Malaria,7,4.076522876343298
Q124,C001,Panduan Praktis: Memulai Levothyroxine pada Hypothyroidism,8,0.0
Q124,C002,Clinical Practice Guideline: Type 1 Diabetes Mellitus Management 2023,9,0.0
Q124,C003,A Case of Type 1 Diabetes Mellitus Resistant to Insulin degludec,10,0.0
Q124,C004,Successful Management of Severe Hypothyroidism with Levothyroxine,11,0.0
Q124,C005,Liraglutide in Type 2 Diabetes Mellitus: Real-World Outcomes,12,0.0
Q124,C006,"Methimazole: Pharmacology, Dosing, and Clinical Use in Hyperthyroidism",13,0.0
Q124,C007,Efficacy of Vasopressin analogues in Diabetes Insipidus: A Cohort Study,14,0.0
Q124,C008,Treatment Intensification in Type 2 Diabetes Mellitus: When and How,15,0.0
Q124,C009,Case Report: Atypical Presentation of Obesity,16,0.0
Q124,C010,Dosis DPP-4 inhibitors pada Type 2 Diabetes Mellitus: Referensi Cepat,17,0.0
Q124,C011,National Guideline: Hypothyroidism Diagnosis and Treatment,18,0.0
Q124,C012,Case Report: Atypical Presentation of Type 2 Diabetes Mellitus,19,0.0
Q124,C013,Asia-Pacific Guideline: Type 1 Diabetes Mellitus in Primary Care 2023,20,0.0
Q125,C041,Laporan Kasus: Heart Failure dengan immunocompromised,1,12.82220301132973
Q125,C029,Profil Obat ARBs pada Heart Failure,2,10.097368674620292
Q125,C045,Metoprolol pada Pasien Heart Failure: Studi Kohort,3,9.491573378900231
Q125,C031,Clinical Practice Guideline: Heart Failure Management 2021,4,8.03528686089552
Q125,C038,Clinical Summary: Heart Failure Management Update 2024,5,8.03528686089552
Q125,C044,Safety Profile of Furosemide in Heart Failure,6,8.03528686089552
Q125,C034,Spironolactone Real-World Evidence in Heart Failure: A Retrospective Study,7,6.809645420733705
Q125,C311,Secukinumab pada Pasien Disseminated Intravascular Coagulation: Studi Kohort,8,5.934059255723385
Q125,C317,Secukinumab pada Pasien Disseminated Intravascular Coagulation: Studi Kohort,9,5.934059255723385
Q125,C213,Hasil Jangka Panjang Terapi IL-17 inhibitors pada Gout,10,5.185072788853793
Q125,C083,Laporan Kasus: Migraine dengan COPD,11,4.565455781209233
Q125,C338,Laporan Kasus: Psoriasis dengan anaemia,12,4.565455781209233
Q125,C302,Kasus Sulit: Disseminated Intravascular Coagulation Refrakter terhadap Secukinumab,13,4.560198039645514
Q125,C225,Treatment Intensification in Gout: When and How,14,4.350946915799847
Q125,C097,Laporan Kasus: Malaria dengan atrial fibrillation,15,4.274067670443244
Q125,C217,"Adalimumab: Pharmacology, Dosing, and Clinical Use in Gout",16,4.104684859007734
Q125,C230,Case Series: IL-17 inhibitors in Refractory Gout,17,4.104684859007734
Q125,C214,Adalimumab versus Adalimumab in Gout: Head-to-Head Comparison,18,3.884806201785683
Q125,C024,Laporan Kasus: Acute Coronary Syndrome dengan Presentasi Atipikal,19,3.790246233059176
Q125,C208,Laporan Kasus: Systemic Lupus Erythematosus dengan Presentasi Atipikal,20,3.790246233059176
Q126,C114,Profil Keamanan Levofloxacin pada HIV/AIDS,1,15.237205870985393
Q126,C107,A Case of HIV/AIDS Resistant to Levofloxacin,2,13.512364943173743
Q126,C103,Profil Keamanan Amoxicillin pada HIV/AIDS,3,9.714138913620543
Q126,C100,Case Report: Atypical Presentation of HIV/AIDS,4,9.13133562640039
Q126,C029,Profil Obat ARBs pada Heart Failure,5,4.274067670443244
Q126,C041,Laporan Kasus: Heart Failure dengan immunocompromised,6,4.274067670443244
Q126,C031,Clinical Practice Guideline: Heart Failure Management 2021,7,4.01764343044776
Q126,C038,Clinical Summary: Heart Failure Management Update 2024,8,4.01764343044776
Q126,C044,Safety Profile of Furosemide in Heart Failure,9,4.01764343044776
Q126,C045,Metoprolol pada Pasien Heart Failure: Studi Kohort,10,4.01764343044776
Q126,C034,Spironolactone Real-World Evidence in Heart Failure: A Retrospective Study,11,3.4048227103668527
Q126,C162,Biomarkers in Schizophrenia: Implications for Atypical antipsychotics Therapy,12,2.605782573313007
Q126,C216,Switching Therapy in Osteoporosis: A Step-by-Step Guide,13,2.466196711568875
Q126,C280,Biomarkers in Stunting / Malnutrition: Implications for Vitamin A Therapy,14,2.466196711568875
Q126,C318,Switching Therapy in Sepsis: A Step-by-Step Guide,15,2.466196711568875
Q126,C323,Switching Therapy in Psoriasis: A Step-by-Step Guide,16,2.466196711568875
Q126,C340,Switching Therapy in Psoriasis: A Step-by-Step Guide,17,2.466196711568875
Q126,C039,Switching Therapy in Stable Angina: A Step-by-Step Guide,18,2.340805092426243
Q126,C056,Biomarkers in Chronic Kidney Disease: Implications for SGLT2 inhibitors Therapy,19,2.340805092426243
Q126,C087,Switching Therapy in Ischaemic Stroke: A Step-by-Step Guide,20,2.340805092426243
Q127,C130,Profil Keamanan Bedaquiline pada MDR Tuberculosis,1,4.628644097110018
Q127,C117,Safety Profile of Bedaquiline in MDR Tuberculosis,2,4.350946915799847
Q127,C120,Safety Profile of Bedaquiline in MDR Tuberculosis,3,4.350946915799847
Q127,C136,MDR Tuberculosis pada Populasi Khusus: Pendekatan Praktis,4,4.350946915799847
Q127,C125,Efficacy of Antituberculotics in MDR Tuberculosis: A Cohort Study,5,3.884806201785683
Q127,C076,Levetiracetam Drug Profile: Efficacy in Epilepsy,6,3.781175763045196
Q127,C126,Budesonide Drug Profile: Efficacy in Asthma,7,3.781175763045196
Q127,C004,Successful Management of Severe Hypothyroidism with Levothyroxine,8,3.6534100715880893
Q127,C168,Challenging Case: ADHD with Concurrent atrial fibrillation,9,3.6534100715880893
Q127,C177,Successful Management of Severe Schizophrenia with Clozapine,10,3.6534100715880893
Q127,C287,Challenging Case: Stunting / Malnutrition with Concurrent COPD,11,3.6534100715880893
Q127,C301,Successful Management of Severe Sepsis with Norepinephrine,12,3.6534100715880893
Q127,C278,Diazepam Drug Profile: Efficacy in Febrile Seizure,13,3.554322751794755
Q127,C283,Drug Interactions: Zinc in Stunting / Malnutrition Patients,14,3.554322751794755
Q127,C064,Successful Management of Severe Nephrotic Syndrome with Furosemide,15,3.446628353505714
Q127,C222,Challenging Case: Psoriatic Arthritis with Concurrent renal impairment,16,3.446628353505714
Q127,C324,Successful Management of Severe Psoriasis with Tacrolimus topical,17,3.446628353505714
Q127,C047,Drug Interactions: Losartan in Chronic Kidney Disease Patients,18,3.3531493409720508
Q127,C078,Drug Interactions: Levodopa-carbidopa in Parkinson Disease Patients,19,3.3531493409720508
Q127,C096,Drug Interactions: Artemether-lumefantrine in Typhoid Fever Patients,20,3.3531493409720508
Q128,C219,Konsensus Nasional: Osteoporosis di Indonesia 2022,1,12.396261413308899
Q128,C212,Profil Keamanan Alendronate pada Osteoporosis,2,10.233367061936065
Q128,C221,Meta-analisis: Alendronate pada Osteoporosis,3,10.233367061936065
Q128,C223,Kasus Sulit: Osteoporosis Refrakter terhadap Alendronate,4,9.580227126329754
Q128,C062,Konsensus Nasional: Chronic Kidney Disease di Indonesia 2022,5,7.057459237028777
Q128,C160,Konsensus Nasional: Inflammatory Bowel Disease di Indonesia 2022,6,7.057459237028777
Q128,C186,Konsensus Nasional: Chronic Lymphocytic Leukaemia di Indonesia 2022,7,7.057459237028777
Q128,C229,Monitoring Parameters for Bisphosphonates in Osteoporosis,8,4.437924011015704
Q128,C124,Konsensus Nasional: Asthma di Indonesia 2024,9,4.274067670443244
Q128,C153,Konsensus Nasional: Inflammatory Bowel Disease di Indonesia 2021,10,3.790246233059176
Q128,C197,Konsensus Nasional: Chronic Myeloid Leukaemia di Indonesia 2023,11,3.790246233059176
Q128,C216,Switching Therapy in Osteoporosis: A Step-by-Step Guide,12,3.724735442893917
Q128,C254,Clinical Practice Guideline: Preeclampsia Management 2022,13,3.6842697318499518
Q128,C048,Panduan Klinis: Tatalaksana Chronic Kidney Disease 2022,14,3.463230633086685
Q128,C051,Clinical Practice Guideline: Nephrotic Syndrome Management 2022,15,3.463230633086685
Q128,C071,Asia-Pacific Guideline: Epilepsy in Primary Care 2022,16,3.2672130039696
Q128,C148,Clinical Summary: Inflammatory Bowel Disease Management Update 2022,17,3.2672130039696
Q128,C183,Scoping Review: Emerging Therapies in Bipolar Disorder 2022,18,3.2672130039696
Q128,C249,Ringkasan Klinis: Tatalaksana Deep Vein Thrombosis Terkini 2022,19,3.2672130039696
Q128,C074,Topiramate Real-World Evidence in Migraine: A Retrospective Study,20,3.2620002906108967
Q129,C206,Chronic Myeloid Leukaemia pada Populasi Khusus: Pendekatan Praktis,1,10.990423557446492
Q129,C185,Dosis BCR-ABL inhibitors pada Chronic Myeloid Leukaemia: Referensi Cepat,2,9.87282657220451
Q129,C198,Dosis BCR-ABL inhibitors pada Chronic Myeloid Leukaemia: Referensi Cepat,3,9.87282657220451
Q129,C192,National Guideline: Chronic Myeloid Leukaemia Diagnosis and Treatment,4,9.61656234136862
Q129,C197,Konsensus Nasional: Chronic Myeloid Leukaemia di Indonesia 2023,5,9.61656234136862
Q129,C204,Profil Keamanan Ibrutinib pada Chronic Lymphocytic Leukaemia,6,7.298851088952581
Q129,C200,Chronic Lymphocytic Leukaemia and obesity: Management Challenges,7,5.842564570947868
Q129,C186,Konsensus Nasional: Chronic Lymphocytic Leukaemia di Indonesia 2022,8,5.511877482360887
Q129,C188,Risk Stratification in Chronic Lymphocytic Leukaemia: Current Approaches,9,5.511877482360887
Q129,C194,Quick Reference: BTK inhibitors Dosing in Chronic Lymphocytic Leukaemia,10,5.21661870824712
Q129,C195,Biomarkers in Chronic Lymphocytic Leukaemia: Implications for BTK inhibitors Therapy,11,4.951384283430807
Q129,C191,Efficacy of BTK inhibitors in Chronic Lymphocytic Leukaemia: A Cohort Study,12,4.711816106286595
Q129,C193,Meta-analysis: Ibrutinib versus Standard of Care in Chronic Lymphocytic Leukaemia,13,4.711816106286595
Q129,C205,Meta-analysis: Ibrutinib versus Standard of Care in Chronic Lymphocytic Leukaemia,14,4.711816106286595
Q129,C083,Laporan Kasus: Migraine dengan COPD,15,4.565455781209233
Q129,C338,Laporan Kasus: Psoriasis dengan anaemia,16,4.565455781209233
Q129,C041,Laporan Kasus: Heart Failure dengan immunocompromised,17,4.274067670443244
Q129,C097,Laporan Kasus: Malaria dengan atrial fibrillation,18,4.274067670443244
Q129,C061,Profil Keamanan Dapagliflozin pada Chronic Kidney Disease,19,3.9984883621356664
Q129,C065,Profil Keamanan Losartan pada Chronic Kidney Disease,20,3.9984883621356664
Q130,C044,Safety Profile of Furosemide in Heart Failure,1,9.142599899417235
Q130,C029,Profil Obat ARBs pada Heart Failure,2,8.548135340886487
Q130,C041,Laporan Kasus: Heart Failure dengan immunocompromised,3,8.548135340886487
Q130,C031,Clinical Practice Guideline: Heart Failure Management 2021,4,8.03528686089552
Q130,C038,Clinical Summary: Heart Failure Management Update 2024,5,8.03528686089552
Q130,C045,Metoprolol pada Pasien Heart Failure: Studi Kohort,6,8.03528686089552
Q130,C034,Spironolactone Real-World Evidence in Heart Failure: A Retrospective Study,7,7.748057364529293
Q130,C260,Hypertension in Pregnancy in anaemia: Special Considerations,8,5.020806231587834
Q130,C028,Practical Guide: Initiating Losartan in Hypertension,9,4.8622565146338275
Q130,C255,Practical Guide: Initiating Labetalol in Hypertension in Pregnancy,10,4.76172680599729
Q130,C268,Methyldopa Drug Profile: Efficacy in Hypertension in Pregnancy,11,4.76172680599729
Q130,C170,Major Depressive Disorder in hypertension: Special Considerations,12,4.570543671608399
Q130,C267,Hypertension in Pregnancy in Pregnancy: Safety and Management Guide,13,4.528555506486985
Q130,C275,Treatment Intensification in Hypertension in Pregnancy: When and How,14,4.528555506486985
Q130,C272,National Guideline: Hypertension in Pregnancy Diagnosis and Treatment,15,4.311852516094371
Q130,C073,Quick Reference: Antiepileptics other Dosing in Migraine,16,4.265026602851163
Q130,C339,Quick Reference: Calcineurin inhibitors Dosing in Psoriasis,17,4.265026602851163
Q130,C257,Switching Therapy in Hypertension in Pregnancy: A Step-by-Step Guide,18,4.125618106759697
Q130,C266,Profil Obat Centrally acting antihypertensives pada Hypertension in Pregnancy,19,4.08087635740151
Q130,C006,"Methimazole: Pharmacology, Dosing, and Clinical Use in Hyperthyroidism",20,4.023627605387614
Q131,C083,Laporan Kasus: Migraine dengan COPD,1,9.130911562418467
Q131,C130,Profil Keamanan Bedaquiline pada MDR Tuberculosis,2,6.177877430843823
Q131,C133,Panduan Praktis: Memulai Prednisolone pada COPD,3,5.823301004177049
Q131,C135,Prednisolone pada Pasien COPD: Studi Kohort,4,5.823301004177049
Q131,C136,MDR Tuberculosis pada Populasi Khusus: Pendekatan Praktis,5,5.8072334338045595
Q131,C338,Laporan Kasus: Psoriasis dengan anaemia,6,4.565455781209233
Q131,C117,Safety Profile of Bedaquiline in MDR Tuberculosis,7,4.350946915799847
Q131,C120,Safety Profile of Bedaquiline in MDR Tuberculosis,8,4.350946915799847
Q131,C041,Laporan Kasus: Heart Failure dengan immunocompromised,9,4.274067670443244
Q131,C097,Laporan Kasus: Malaria dengan atrial fibrillation,10,4.274067670443244
Q131,C128,COPD in Special Populations: Practical Guidance,11,4.274067670443244
Q131,C132,Practical Guide: Initiating Prednisolone in COPD,12,4.274067670443244
Q131,C118,COPD in Pregnancy: Safety and Management Guide,13,4.01764343044776
Q131,C287,Challenging Case: Stunting / Malnutrition with Concurrent COPD,14,4.01764343044776
Q131,C125,Efficacy of Antituberculotics in MDR Tuberculosis: A Cohort Study,15,3.884806201785683
Q131,C024,Laporan Kasus: Acute Coronary Syndrome dengan Presentasi Atipikal,16,3.790246233059176
Q131,C208,Laporan Kasus: Systemic Lupus Erythematosus dengan Presentasi Atipikal,17,3.790246233059176
Q131,C018,Laporan Kasus: Type 2 Diabetes Mellitus dengan Presentasi Atipikal,18,3.58721133978665
Q131,C276,Efektivitas Magnesium pada Preeclampsia,19,1.7759290382152242
Q131,C212,Profil Keamanan Alendronate pada Osteoporosis,20,1.6548536020730698
Q132,C228,Methotrexate Drug Profile: Efficacy in Systemic Lupus Erythematosus,1,18.767673652326668
Q132,C210,Treatment Intensification in Systemic Lupus Erythematosus: When and How,2,12.643099148377765
Q132,C208,Laporan Kasus: Systemic Lupus Erythematosus dengan Presentasi Atipikal,3,12.314054577023203
Q132,C211,Case Report: Atypical Presentation of Systemic Lupus Erythematosus,4,12.314054577023203
Q132,C215,Narrative Review: Current Evidence for NSAIDs in Systemic Lupus Erythematosus,5,12.000271807898748
Q132,C044,Safety Profile of Furosemide in Heart Failure,6,9.142599899417235
Q132,C029,Profil Obat ARBs pada Heart Failure,7,8.548135340886487
Q132,C041,Laporan Kasus: Heart Failure dengan immunocompromised,8,8.548135340886487
Q132,C031,Clinical Practice Guideline: Heart Failure Management 2021,9,8.03528686089552
Q132,C038,Clinical Summary: Heart Failure Management Update 2024,10,8.03528686089552
Q132,C045,Metoprolol pada Pasien Heart Failure: Studi Kohort,11,8.03528686089552
Q132,C034,Spironolactone Real-World Evidence in Heart Failure: A Retrospective Study,12,7.748057364529293
Q132,C073,Quick Reference: Antiepileptics other Dosing in Migraine,13,4.265026602851163
Q132,C339,Quick Reference: Calcineurin inhibitors Dosing in Psoriasis,14,4.265026602851163
Q132,C006,"Methimazole: Pharmacology, Dosing, and Clinical Use in Hyperthyroidism",15,4.023627605387614
Q132,C022,Quick Reference: Vasopressin analogues Dosing in Diabetes Insipidus,16,4.023627605387614
Q132,C146,Quick Reference: Nitroimidazoles Dosing in Inflammatory Bowel Disease,17,4.023627605387614
Q132,C163,"Risperidone: Pharmacology, Dosing, and Clinical Use in Schizophrenia",18,4.023627605387614
Q132,C217,"Adalimumab: Pharmacology, Dosing, and Clinical Use in Gout",19,4.023627605387614
Q132,C329,"Cyclosporine: Pharmacology, Dosing, and Clinical Use in Psoriasis",20,4.023627605387614
Q133,C150,Practical Guide: Initiating Omeprazole in Peptic Ulcer Disease,1,15.302755325084284
Q133,C157,Profil Keamanan Lansoprazole pada Peptic Ulcer Disease,2,9.380043388467092
Q133,C143,Consensus Statement: Proton pump inhibitors Use in Peptic Ulcer Disease,3,8.88769497654094
Q133,C161,Asia-Pacific Guideline: Peptic Ulcer Disease in Primary Care 2025,4,8.88769497654094
Q133,C147,National Guideline: Peptic Ulcer Disease Diagnosis and Treatment,5,8.849136249780818
Q133,C154,Peptic Ulcer Disease pada Populasi Khusus: Pendekatan Praktis,6,8.849136249780818
Q133,C149,Switching Therapy in Peptic Ulcer Disease: A Step-by-Step Guide,7,8.45767202484462
Q133,C156,Switching Therapy in Peptic Ulcer Disease: A Step-by-Step Guide,8,8.45767202484462
Q133,C139,Narrative Review: Current Evidence for Proton pump inhibitors in Peptic Ulcer Disease,9,8.06734113946965
Q133,C141,Efficacy of Proton pump inhibitors in Peptic Ulcer Disease: A Cohort Study,10,8.06734113946965
Q133,C260,Hypertension in Pregnancy in anaemia: Special Considerations,11,5.020806231587834
Q133,C028,Practical Guide: Initiating Losartan in Hypertension,12,4.8622565146338275
Q133,C255,Practical Guide: Initiating Labetalol in Hypertension in Pregnancy,13,4.76172680599729
Q133,C268,Methyldopa Drug Profile: Efficacy in Hypertension in Pregnancy,14,4.76172680599729
Q133,C170,Major Depressive Disorder in hypertension: Special Considerations,15,4.570543671608399
Q133,C267,Hypertension in Pregnancy in Pregnancy: Safety and Management Guide,16,4.528555506486985
Q133,C275,Treatment Intensification in Hypertension in Pregnancy: When and How,17,4.528555506486985
Q133,C272,National Guideline: Hypertension in Pregnancy Diagnosis and Treatment,18,4.311852516094371
Q133,C257,Switching Therapy in Hypertension in Pregnancy: A Step-by-Step Guide,19,4.125618106759697
Q133,C266,Profil Obat Centrally acting antihypertensives pada Hypertension in Pregnancy,20,4.08087635740151
Q134,C202,Drug Interactions: Nivolumab in Non-Small Cell Lung Cancer Patients,1,20.256925868116323
Q134,C190,Case Series: HER2-targeted agents in Refractory Non-Small Cell Lung Cancer,2,18.38716695908078
Q134,C201,Kasus Sulit: Colorectal Cancer Refrakter terhadap Pembrolizumab,3,9.495590494754511
Q134,C199,Pedoman PNPK: Breast Cancer HER2-positive,4,4.0022113632162
Q134,C263,Tinjauan Sistematis: Beta blockers non-selective pada Hypertension in Pregnancy,5,3.869255628950251
Q134,C189,Clinical Practice Guideline: Colorectal Cancer Management 2020,6,3.762097240968909
Q134,C196,Scoping Review: Emerging Therapies in Colorectal Cancer 2024,7,3.5491638675350425
Q134,C187,Clinical Practice Guideline: Breast Cancer HER2-positive Management 2022,8,3.359043209735438
Q134,C270,Long-term Outcomes of Beta blockers non-selective Therapy in Hypertension in Pregnancy,9,3.357177369918772
Q134,C203,Monitoring Parameters for CNS stimulants in Breast Cancer HER2-positive,10,3.188255589728093
Q134,C207,Biomarkers in Colorectal Cancer: Implications for PD-1 inhibitors Therapy,11,3.188255589728093
Q134,C001,Panduan Praktis: Memulai Levothyroxine pada Hypothyroidism,12,0.0
Q134,C002,Clinical Practice Guideline: Type 1 Diabetes Mellitus Management 2023,13,0.0
Q134,C003,A Case of Type 1 Diabetes Mellitus Resistant to Insulin degludec,14,0.0
Q134,C004,Successful Management of Severe Hypothyroidism with Levothyroxine,15,0.0
Q134,C005,Liraglutide in Type 2 Diabetes Mellitus: Real-World Outcomes,16,0.0
Q134,C006,"Methimazole: Pharmacology, Dosing, and Clinical Use in Hyperthyroidism",17,0.0
Q134,C007,Efficacy of Vasopressin analogues in Diabetes Insipidus: A Cohort Study,18,0.0
Q134,C008,Treatment Intensification in Type 2 Diabetes Mellitus: When and How,19,0.0
Q134,C009,Case Report: Atypical Presentation of Obesity,20,0.0
Q135,C043,Profil Obat Statins pada Acute Coronary Syndrome,1,13.937739856128434
Q135,C024,Laporan Kasus: Acute Coronary Syndrome dengan Presentasi Atipikal,2,13.148868709128328
Q135,C016,Dose Adjustment of Desmopressin in Renal and Hepatic Impairment,3,10.68620986098231
Q135,C040,Dose Adjustment of Atorvastatin in Renal and Hepatic Impairment,4,10.68620986098231
Q135,C084,Dose Adjustment of Valproate in Renal and Hepatic Impairment,5,10.68620986098231
Q135,C116,Dose Adjustment of Salmeterol in Renal and Hepatic Impairment,6,10.68620986098231
Q135,C169,Dose Adjustment of Olanzapine in Renal and Hepatic Impairment,7,10.68620986098231
Q135,C231,Dose Adjustment of Apixaban in Renal and Hepatic Impairment,8,10.68620986098231
Q135,C236,Dose Adjustment of Rivaroxaban in Renal and Hepatic Impairment,9,10.68620986098231
Q135,C314,Dose Adjustment of Vancomycin in Renal and Hepatic Impairment,10,10.68620986098231
Q135,C343,Dose Adjustment of Dupilumab in Renal and Hepatic Impairment,11,10.68620986098231
Q135,C021,Dose Adjustment of Insulin glargine in Renal and Hepatic Impairment,12,10.142878848220512
Q135,C049,Safety Profile of Furosemide in Nephrotic Syndrome,13,4.661635790316469
Q135,C053,Furosemide in Nephrotic Syndrome: Real-World Outcomes,14,4.661635790316469
Q135,C063,Systematic Review: Loop diuretics in Nephrotic Syndrome,15,4.661635790316469
Q135,C067,Consensus Statement: Loop diuretics Use in Nephrotic Syndrome,16,4.397788853096821
Q135,C054,Efektivitas Loop diuretics pada Nephrotic Syndrome,17,3.781175763045196
Q135,C051,Clinical Practice Guideline: Nephrotic Syndrome Management 2022,18,3.554322751794755
Q135,C055,Nephrotic Syndrome pada Populasi Khusus: Pendekatan Praktis,19,3.554322751794755
Q135,C066,Panduan Praktis: Memulai Furosemide pada Nephrotic Syndrome,20,3.554322751794755
Q136,C268,Methyldopa Drug Profile: Efficacy in Hypertension in Pregnancy,1,13.214911749483788
Q136,C257,Switching Therapy in Hypertension in Pregnancy: A Step-by-Step Guide,2,8.955497639712046
Q136,C267,Hypertension in Pregnancy in Pregnancy: Safety and Management Guide,3,8.714280679636161
Q136,C260,Hypertension in Pregnancy in anaemia: Special Considerations,4,8.247649817751334
Q136,C270,Long-term Outcomes of Beta blockers non-selective Therapy in Hypertension in Pregnancy,5,8.193188453913558
Q136,C255,Practical Guide: Initiating Labetalol in Hypertension in Pregnancy,6,7.805932186305093
Q136,C275,Treatment Intensification in Hypertension in Pregnancy: When and How,7,7.409689709756355
Q136,C272,National Guideline: Hypertension in Pregnancy Diagnosis and Treatment,8,7.356057896402174
Q136,C266,Profil Obat Centrally acting antihypertensives pada Hypertension in Pregnancy,9,6.9620105606708815
Q136,C263,Tinjauan Sistematis: Beta blockers non-selective pada Hypertension in Pregnancy,10,6.608033210609751
Q136,C044,Safety Profile of Furosemide in Heart Failure,11,5.124956468969474
Q136,C262,Preeclampsia in pregnancy: Special Considerations,12,4.92512607487174
Q136,C028,Practical Guide: Initiating Losartan in Hypertension,13,4.8622565146338275
Q136,C170,Major Depressive Disorder in hypertension: Special Considerations,14,4.570543671608399
Q136,C034,Spironolactone Real-World Evidence in Heart Failure: A Retrospective Study,15,4.3432346541624405
Q136,C075,Migraine in Pregnancy: Safety and Management Guide,16,4.334156624685214
Q136,C118,COPD in Pregnancy: Safety and Management Guide,17,4.334156624685214
Q136,C269,Preeclampsia in Pregnancy: Safety and Management Guide,18,4.334156624685214
Q136,C029,Profil Obat ARBs pada Heart Failure,19,4.274067670443244
Q136,C041,Laporan Kasus: Heart Failure dengan immunocompromised,20,4.274067670443244
Q137,C029,Profil Obat ARBs pada Heart Failure,1,14.64756615871255
Q137,C041,Laporan Kasus: Heart Failure dengan immunocompromised,2,8.548135340886487
Q137,C031,Clinical Practice Guideline: Heart Failure Management 2021,3,8.03528686089552
Q137,C038,Clinical Summary: Heart Failure Management Update 2024,4,8.03528686089552
Q137,C044,Safety Profile of Furosemide in Heart Failure,5,8.03528686089552
Q137,C045,Metoprolol pada Pasien Heart Failure: Studi Kohort,6,8.03528686089552
Q137,C034,Spironolactone Real-World Evidence in Heart Failure: A Retrospective Study,7,6.809645420733705
Q137,C033,"Statins: Mechanism, Indications, and Safety",8,4.151558599265983
Q137,C104,"NRTIs: Mechanism, Indications, and Safety",9,4.151558599265983
Q137,C112,"Antimalarials: Mechanism, Indications, and Safety",10,4.151558599265983
Q137,C265,"Magnesium: Mechanism, Indications, and Safety",11,4.151558599265983
Q137,C292,"Benzodiazepines: Mechanism, Indications, and Safety",12,4.151558599265983
Q137,C101,"NRTIs combination: Mechanism, Indications, and Safety",13,3.8865872853495445
Q137,C244,"Iron preparations: Mechanism, Indications, and Safety",14,3.8865872853495445
Q137,C140,"Proton pump inhibitors: Mechanism, Indications, and Safety",15,3.6534100715880893
Q137,C235,"Vitamin K antagonists: Mechanism, Indications, and Safety",16,3.6534100715880893
Q137,C258,"Centrally acting antihypertensives: Mechanism, Indications, and Safety",17,3.6534100715880893
Q137,C001,Panduan Praktis: Memulai Levothyroxine pada Hypothyroidism,18,0.0
Q137,C002,Clinical Practice Guideline: Type 1 Diabetes Mellitus Management 2023,19,0.0
Q137,C003,A Case of Type 1 Diabetes Mellitus Resistant to Insulin degludec,20,0.0
Q138,C202,Drug Interactions: Nivolumab in Non-Small Cell Lung Cancer Patients,1,20.256925868116323
Q138,C190,Case Series: HER2-targeted agents in Refractory Non-Small Cell Lung Cancer,2,18.38716695908078
Q138,C201,Kasus Sulit: Colorectal Cancer Refrakter terhadap Pembrolizumab,3,9.495590494754511
Q138,C263,Tinjauan Sistematis: Beta blockers non-selective pada Hypertension in Pregnancy,4,5.103411296356232
Q138,C083,Laporan Kasus: Migraine dengan COPD,5,4.565455781209233
Q138,C338,Laporan Kasus: Psoriasis dengan anaemia,6,4.565455781209233
Q138,C041,Laporan Kasus: Heart Failure dengan immunocompromised,7,4.274067670443244
Q138,C097,Laporan Kasus: Malaria dengan atrial fibrillation,8,4.274067670443244
Q138,C199,Pedoman PNPK: Breast Cancer HER2-positive,9,4.0022113632162
Q138,C024,Laporan Kasus: Acute Coronary Syndrome dengan Presentasi Atipikal,10,3.790246233059176
Q138,C208,Laporan Kasus: Systemic Lupus Erythematosus dengan Presentasi Atipikal,11,3.790246233059176
Q138,C189,Clinical Practice Guideline: Colorectal Cancer Management 2020,12,3.762097240968909
Q138,C018,Laporan Kasus: Type 2 Diabetes Mellitus dengan Presentasi Atipikal,13,3.58721133978665
Q138,C196,Scoping Review: Emerging Therapies in Colorectal Cancer 2024,14,3.5491638675350425
Q138,C187,Clinical Practice Guideline: Breast Cancer HER2-positive Management 2022,15,3.359043209735438
Q138,C270,Long-term Outcomes of Beta blockers non-selective Therapy in Hypertension in Pregnancy,16,3.357177369918772
Q138,C203,Monitoring Parameters for CNS stimulants in Breast Cancer HER2-positive,17,3.188255589728093
Q138,C207,Biomarkers in Colorectal Cancer: Implications for PD-1 inhibitors Therapy,18,3.188255589728093
Q138,C276,Efektivitas Magnesium pada Preeclampsia,19,1.7759290382152242
Q138,C212,Profil Keamanan Alendronate pada Osteoporosis,20,1.6548536020730698
Q139,C096,Drug Interactions: Artemether-lumefantrine in Typhoid Fever Patients,1,18.916115447447304
Q139,C106,Successful Management of Severe Typhoid Fever with Artemether-lumefantrine,2,17.902822050436683
Q139,C113,Risk Stratification in Typhoid Fever: Current Approaches,3,9.667577549828545
Q139,C135,Prednisolone pada Pasien COPD: Studi Kohort,4,4.437924011015704
Q139,C129,Dosis Corticosteroids pada Asthma: Referensi Cepat,5,4.274067670443244
Q139,C166,Dosis SSRIs pada ADHD: Referensi Cepat,6,4.274067670443244
Q139,C045,Metoprolol pada Pasien Heart Failure: Studi Kohort,7,4.171669150440603
Q139,C152,Metronidazole pada Pasien Inflammatory Bowel Disease: Studi Kohort,8,3.935554151769135
Q139,C250,Rivaroxaban pada Pasien Deep Vein Thrombosis: Studi Kohort,9,3.935554151769135
Q139,C311,Secukinumab pada Pasien Disseminated Intravascular Coagulation: Studi Kohort,10,3.935554151769135
Q139,C317,Secukinumab pada Pasien Disseminated Intravascular Coagulation: Studi Kohort,11,3.935554151769135
Q139,C345,Dosis Topical calcineurin inhibitors pada Psoriasis: Referensi Cepat,12,3.790246233059176
Q139,C036,Dosis Platelet aggregation inhibitors pada Stable Angina: Referensi Cepat,13,3.58721133978665
Q139,C185,Dosis BCR-ABL inhibitors pada Chronic Myeloid Leukaemia: Referensi Cepat,14,3.4048227103668527
Q139,C198,Dosis BCR-ABL inhibitors pada Chronic Myeloid Leukaemia: Referensi Cepat,15,3.4048227103668527
Q139,C010,Dosis DPP-4 inhibitors pada Type 2 Diabetes Mellitus: Referensi Cepat,16,3.240083493305596
Q139,C001,Panduan Praktis: Memulai Levothyroxine pada Hypothyroidism,17,0.0
Q139,C002,Clinical Practice Guideline: Type 1 Diabetes Mellitus Management 2023,18,0.0
Q139,C003,A Case of Type 1 Diabetes Mellitus Resistant to Insulin degludec,19,0.0
Q139,C004,Successful Management of Severe Hypothyroidism with Levothyroxine,20,0.0
Q140,C263,Tinjauan Sistematis: Beta blockers non-selective pada Hypertension in Pregnancy,1,14.137826593233564
Q140,C270,Long-term Outcomes of Beta blockers non-selective Therapy in Hypertension in Pregnancy,2,12.695437912513174
Q140,C035,Stable Angina in Special Populations: Practical Guidance,3,10.77489058835026
Q140,C039,Switching Therapy in Stable Angina: A Step-by-Step Guide,4,9.131370867534743
Q140,C036,Dosis Platelet aggregation inhibitors pada Stable Angina: Referensi Cepat,5,8.631837149158557
Q140,C256,New Insights into Preeclampsia Pathophysiology and Treatment,6,4.171669150440603
Q140,C330,New Insights into Psoriasis Pathophysiology and Treatment,7,4.171669150440603
Q140,C337,New Insights into Psoriasis Pathophysiology and Treatment,8,4.171669150440603
Q140,C282,New Insights into Febrile Seizure Pathophysiology and Treatment,9,3.935554151769135
Q140,C155,New Insights into Inflammatory Bowel Disease Pathophysiology and Treatment,10,3.724735442893917
Q140,C234,New Insights into Deep Vein Thrombosis Pathophysiology and Treatment,11,3.724735442893917
Q140,C260,Hypertension in Pregnancy in anaemia: Special Considerations,12,1.5575755985011488
Q140,C255,Practical Guide: Initiating Labetalol in Hypertension in Pregnancy,13,1.4945138020276896
Q140,C268,Methyldopa Drug Profile: Efficacy in Hypertension in Pregnancy,14,1.4945138020276896
Q140,C267,Hypertension in Pregnancy in Pregnancy: Safety and Management Guide,15,1.4363596921061903
Q140,C275,Treatment Intensification in Hypertension in Pregnancy: When and How,16,1.4363596921061903
Q140,C257,Switching Therapy in Hypertension in Pregnancy: A Step-by-Step Guide,17,1.3326483965224
Q140,C137,Asthma in immunocompromised: Special Considerations,18,1.2582970093898815
Q140,C262,Preeclampsia in pregnancy: Special Considerations,19,1.2582970093898815
Q140,C014,Practical Guide: Initiating Methimazole in Hyperthyroidism,20,1.1779867827838757
Q141,C201,Kasus Sulit: Colorectal Cancer Refrakter terhadap Pembrolizumab,1,14.061258307954706
Q141,C189,Clinical Practice Guideline: Colorectal Cancer Management 2020,2,8.327765054169104
Q141,C196,Scoping Review: Emerging Therapies in Colorectal Cancer 2024,3,7.856416497082845
Q141,C207,Biomarkers in Colorectal Cancer: Implications for PD-1 inhibitors Therapy,4,7.057511218678344
Q141,C199,Pedoman PNPK: Breast Cancer HER2-positive,5,4.0022113632162
Q141,C187,Clinical Practice Guideline: Breast Cancer HER2-positive Management 2022,6,3.359043209735438
Q141,C202,Drug Interactions: Nivolumab in Non-Small Cell Lung Cancer Patients,7,3.188255589728093
Q141,C203,Monitoring Parameters for CNS stimulants in Breast Cancer HER2-positive,8,3.188255589728093
Q141,C190,Case Series: HER2-targeted agents in Refractory Non-Small Cell Lung Cancer,9,2.8939725710712842
Q141,C001,Panduan Praktis: Memulai Levothyroxine pada Hypothyroidism,10,0.0
Q141,C002,Clinical Practice Guideline: Type 1 Diabetes Mellitus Management 2023,11,0.0
Q141,C003,A Case of Type 1 Diabetes Mellitus Resistant to Insulin degludec,12,0.0
Q141,C004,Successful Management of Severe Hypothyroidism with Levothyroxine,13,0.0
Q141,C005,Liraglutide in Type 2 Diabetes Mellitus: Real-World Outcomes,14,0.0
Q141,C006,"Methimazole: Pharmacology, Dosing, and Clinical Use in Hyperthyroidism",15,0.0
Q141,C007,Efficacy of Vasopressin analogues in Diabetes Insipidus: A Cohort Study,16,0.0
Q141,C008,Treatment Intensification in Type 2 Diabetes Mellitus: When and How,17,0.0
Q141,C009,Case Report: Atypical Presentation of Obesity,18,0.0
Q141,C010,Dosis DPP-4 inhibitors pada Type 2 Diabetes Mellitus: Referensi Cepat,19,0.0
Q141,C011,National Guideline: Hypothyroidism Diagnosis and Treatment,20,0.0
Q142,C297,Panduan Praktis: Memulai Vitamin A pada Stunting / Malnutrition,1,14.380974571046853
Q142,C280,Biomarkers in Stunting / Malnutrition: Implications for Vitamin A Therapy,2,12.310351796636594
Q142,C287,Challenging Case: Stunting / Malnutrition with Concurrent COPD,3,10.775443814282063
Q142,C083,Laporan Kasus: Migraine dengan COPD,4,9.130911562418467
Q142,C294,Perbandingan Zinc dan Zinc pada Stunting / Malnutrition,5,8.214086901839014
Q142,C281,Stunting / Malnutrition in anaemia: Special Considerations,6,7.189113878290622
Q142,C283,Drug Interactions: Zinc in Stunting / Malnutrition Patients,7,6.757800383834303
Q142,C288,Zinc in Stunting / Malnutrition: Real-World Outcomes,8,6.757800383834303
Q142,C289,Case Report: Atypical Presentation of Stunting / Malnutrition,9,6.757800383834303
Q142,C293,Clinical Summary: Stunting / Malnutrition Management Update 2021,10,6.757800383834303
Q142,C295,Risk Stratification in Stunting / Malnutrition: Current Approaches,11,6.757800383834303
Q142,C298,Clinical Practice Guideline: Stunting / Malnutrition Management 2020,12,6.757800383834303
Q142,C279,Rare Adverse Event of Zinc in Stunting / Malnutrition,13,6.375311271896324
Q142,C133,Panduan Praktis: Memulai Prednisolone pada COPD,14,5.823301004177049
Q142,C135,Prednisolone pada Pasien COPD: Studi Kohort,15,5.823301004177049
Q142,C296,Narrative Review: Current Evidence for Zinc supplements in Stunting / Malnutrition,16,5.727016998230861
Q142,C235,"Vitamin K antagonists: Mechanism, Indications, and Safety",17,4.565667813200195
Q142,C338,Laporan Kasus: Psoriasis dengan anaemia,18,4.565455781209233
Q142,C041,Laporan Kasus: Heart Failure dengan immunocompromised,19,4.274067670443244
Q142,C097,Laporan Kasus: Malaria dengan atrial fibrillation,20,4.274067670443244
Q143,C214,Adalimumab versus Adalimumab in Gout: Head-to-Head Comparison,1,13.46892999192153
Q143,C208,Laporan Kasus: Systemic Lupus Erythematosus dengan Presentasi Atipikal,2,12.314054577023203
Q143,C211,Case Report: Atypical Presentation of Systemic Lupus Erythematosus,3,12.314054577023203
Q143,C228,Methotrexate Drug Profile: Efficacy in Systemic Lupus Erythematosus,4,12.314054577023203
Q143,C210,Treatment Intensification in Systemic Lupus Erythematosus: When and How,5,11.65441860535705
Q143,C215,Narrative Review: Current Evidence for NSAIDs in Systemic Lupus Erythematosus,6,11.061859864103159
Q143,C217,"Adalimumab: Pharmacology, Dosing, and Clinical Use in Gout",7,9.795719368156277
Q143,C001,Panduan Praktis: Memulai Levothyroxine pada Hypothyroidism,8,0.0
Q143,C002,Clinical Practice Guideline: Type 1 Diabetes Mellitus Management 2023,9,0.0
Q143,C003,A Case of Type 1 Diabetes Mellitus Resistant to Insulin degludec,10,0.0
Q143,C004,Successful Management of Severe Hypothyroidism with Levothyroxine,11,0.0
Q143,C005,Liraglutide in Type 2 Diabetes Mellitus: Real-World Outcomes,12,0.0
Q143,C006,"Methimazole: Pharmacology, Dosing, and Clinical Use in Hyperthyroidism",13,0.0
Q143,C007,Efficacy of Vasopressin analogues in Diabetes Insipidus: A Cohort Study,14,0.0
Q143,C008,Treatment Intensification in Type 2 Diabetes Mellitus: When and How,15,0.0
Q143,C009,Case Report: Atypical Presentation of Obesity,16,0.0
Q143,C010,Dosis DPP-4 inhibitors pada Type 2 Diabetes Mellitus: Referensi Cepat,17,0.0
Q143,C011,National Guideline: Hypothyroidism Diagnosis and Treatment,18,0.0
Q143,C012,Case Report: Atypical Presentation of Type 2 Diabetes Mellitus,19,0.0
Q143,C013,Asia-Pacific Guideline: Type 1 Diabetes Mellitus in Primary Care 2023,20,0.0
Q144,C218,Profil Keamanan Colchicine pada Psoriatic Arthritis,1,15.230567945079578
Q144,C226,Safety Profile of Ibuprofen in Psoriatic Arthritis,2,8.583311243647955
Q144,C227,Consensus Statement: NSAIDs Use in Psoriatic Arthritis,3,8.583311243647955
Q144,C222,Challenging Case: Psoriatic Arthritis with Concurrent renal impairment,4,8.09749886260698
Q144,C224,Risk Stratification in Rheumatoid Arthritis: Current Approaches,5,4.01764343044776
Q144,C220,Hasil Jangka Panjang Terapi Proteasome inhibitors pada Rheumatoid Arthritis,6,3.58721133978665
Q144,C209,Long-term Outcomes of Proteasome inhibitors Therapy in Rheumatoid Arthritis,7,3.4048227103668527
Q144,C016,Dose Adjustment of Desmopressin in Renal and Hepatic Impairment,8,3.2620002906108967
Q144,C040,Dose Adjustment of Atorvastatin in Renal and Hepatic Impairment,9,3.2620002906108967
Q144,C084,Dose Adjustment of Valproate in Renal and Hepatic Impairment,10,3.2620002906108967
Q144,C116,Dose Adjustment of Salmeterol in Renal and Hepatic Impairment,11,3.2620002906108967
Q144,C169,Dose Adjustment of Olanzapine in Renal and Hepatic Impairment,12,3.2620002906108967
Q144,C231,Dose Adjustment of Apixaban in Renal and Hepatic Impairment,13,3.2620002906108967
Q144,C236,Dose Adjustment of Rivaroxaban in Renal and Hepatic Impairment,14,3.2620002906108967
Q144,C314,Dose Adjustment of Vancomycin in Renal and Hepatic Impairment,15,3.2620002906108967
Q144,C343,Dose Adjustment of Dupilumab in Renal and Hepatic Impairment,16,3.2620002906108967
Q144,C021,Dose Adjustment of Insulin glargine in Renal and Hepatic Impairment,17,3.0961467331210595
Q144,C001,Panduan Praktis: Memulai Levothyroxine pada Hypothyroidism,18,0.0
Q144,C002,Clinical Practice Guideline: Type 1 Diabetes Mellitus Management 2023,19,0.0
Q144,C003,A Case of Type 1 Diabetes Mellitus Resistant to Insulin degludec,20,0.0
Q145,C121,Asia-Pacific Guideline: Community-acquired Pneumonia in Primary Care 2025,1,14.137826593233566
Q145,C122,Case Series: Factor Xa inhibitors in Refractory Community-acquired Pneumonia,2,14.137826593233566
Q145,C236,Dose Adjustment of Rivaroxaban in Renal and Hepatic Impairment,3,4.873486744806399
Q145,C026,Profil Keamanan Rivaroxaban pada Atrial Fibrillation,4,4.628644097110018
Q145,C248,Rivaroxaban Real-World Evidence in Deep Vein Thrombosis: A Retrospective Study,5,4.4018883921207665
Q145,C250,Rivaroxaban pada Pasien Deep Vein Thrombosis: Studi Kohort,6,4.104684859007734
Q145,C251,A Case of Deep Vein Thrombosis Resistant to Rivaroxaban,7,3.884806201785683
Q145,C260,Hypertension in Pregnancy in anaemia: Special Considerations,8,1.5575755985011488
Q145,C255,Practical Guide: Initiating Labetalol in Hypertension in Pregnancy,9,1.4945138020276896
Q145,C268,Methyldopa Drug Profile: Efficacy in Hypertension in Pregnancy,10,1.4945138020276896
Q145,C267,Hypertension in Pregnancy in Pregnancy: Safety and Management Guide,11,1.4363596921061903
Q145,C275,Treatment Intensification in Hypertension in Pregnancy: When and How,12,1.4363596921061903
Q145,C257,Switching Therapy in Hypertension in Pregnancy: A Step-by-Step Guide,13,1.3326483965224
Q145,C137,Asthma in immunocompromised: Special Considerations,14,1.2582970093898815
Q145,C262,Preeclampsia in pregnancy: Special Considerations,15,1.2582970093898815
Q145,C270,Long-term Outcomes of Beta blockers non-selective Therapy in Hypertension in Pregnancy,16,1.2429053308678053
Q145,C014,Practical Guide: Initiating Methimazole in Hyperthyroidism,17,1.1779867827838757
Q145,C028,Practical Guide: Initiating Losartan in Hypertension,18,1.1779867827838757
Q145,C076,Levetiracetam Drug Profile: Efficacy in Epilepsy,19,1.1779867827838757
Q145,C086,Risk Stratification in Migraine: Current Approaches,20,1.1779867827838757
Q146,C130,Profil Keamanan Bedaquiline pada MDR Tuberculosis,1,9.770947212424069
Q146,C117,Safety Profile of Bedaquiline in MDR Tuberculosis,2,9.18473569071412
Q146,C120,Safety Profile of Bedaquiline in MDR Tuberculosis,3,9.18473569071412
Q146,C135,Prednisolone pada Pasien COPD: Studi Kohort,4,4.437924011015704
Q146,C136,MDR Tuberculosis pada Populasi Khusus: Pendekatan Praktis,5,4.350946915799847
Q146,C045,Metoprolol pada Pasien Heart Failure: Studi Kohort,6,4.171669150440603
Q146,C152,Metronidazole pada Pasien Inflammatory Bowel Disease: Studi Kohort,7,3.935554151769135
Q146,C250,Rivaroxaban pada Pasien Deep Vein Thrombosis: Studi Kohort,8,3.935554151769135
Q146,C311,Secukinumab pada Pasien Disseminated Intravascular Coagulation: Studi Kohort,9,3.935554151769135
Q146,C317,Secukinumab pada Pasien Disseminated Intravascular Coagulation: Studi Kohort,10,3.935554151769135
Q146,C125,Efficacy of Antituberculotics in MDR Tuberculosis: A Cohort Study,11,3.884806201785683
Q146,C001,Panduan Praktis: Memulai Levothyroxine pada Hypothyroidism,12,0.0
Q146,C002,Clinical Practice Guideline: Type 1 Diabetes Mellitus Management 2023,13,0.0
Q146,C003,A Case of Type 1 Diabetes Mellitus Resistant to Insulin degludec,14,0.0
Q146,C004,Successful Management of Severe Hypothyroidism with Levothyroxine,15,0.0
Q146,C005,Liraglutide in Type 2 Diabetes Mellitus: Real-World Outcomes,16,0.0
Q146,C006,"Methimazole: Pharmacology, Dosing, and Clinical Use in Hyperthyroidism",17,0.0
Q146,C007,Efficacy of Vasopressin analogues in Diabetes Insipidus: A Cohort Study,18,0.0
Q146,C008,Treatment Intensification in Type 2 Diabetes Mellitus: When and How,19,0.0
Q146,C009,Case Report: Atypical Presentation of Obesity,20,0.0
Q147,C048,Panduan Klinis: Tatalaksana Chronic Kidney Disease 2022,1,7.915787816238781
Q147,C061,Profil Keamanan Dapagliflozin pada Chronic Kidney Disease,2,7.915787816238781
Q147,C065,Profil Keamanan Losartan pada Chronic Kidney Disease,3,7.915787816238781
Q147,C047,Drug Interactions: Losartan in Chronic Kidney Disease Patients,4,7.467757025130277
Q147,C050,Chronic Kidney Disease pada Populasi Khusus: Pendekatan Praktis,5,7.467757025130277
Q147,C052,Clinical Summary: Chronic Kidney Disease Management Update 2024,6,7.467757025130277
Q147,C059,Safety Profile of Empagliflozin in Chronic Kidney Disease,7,7.467757025130277
Q147,C060,Case Report: Atypical Presentation of Chronic Kidney Disease,8,7.467757025130277
Q147,C062,Konsensus Nasional: Chronic Kidney Disease di Indonesia 2022,9,7.467757025130277
Q147,C068,Chronic Kidney Disease pada Populasi Khusus: Pendekatan Praktis,10,7.467757025130277
Q147,C058,Case Series: SGLT2 inhibitors in Refractory Chronic Kidney Disease,11,7.067726220440653
Q147,C056,Biomarkers in Chronic Kidney Disease: Implications for SGLT2 inhibitors Therapy,12,6.7083738499340395
Q147,C057,Switching Therapy in Chronic Kidney Disease: A Step-by-Step Guide,13,6.383795347673853
Q147,C069,Long-term Outcomes of SGLT2 inhibitors Therapy in Chronic Kidney Disease,14,6.383795347673853
Q147,C029,Profil Obat ARBs pada Heart Failure,15,6.099430817826061
Q147,C139,Narrative Review: Current Evidence for Proton pump inhibitors in Peptic Ulcer Disease,16,4.405181121624221
Q147,C074,Topiramate Real-World Evidence in Migraine: A Retrospective Study,17,3.2620002906108967
Q147,C079,Topiramate Real-World Evidence in Migraine: A Retrospective Study,18,3.2620002906108967
Q147,C105,Narrative Review: Current Evidence for Integrase inhibitors in Malaria,19,3.2620002906108967
Q147,C034,Spironolactone Real-World Evidence in Heart Failure: A Retrospective Study,20,3.0961467331210595
Q148,C130,Profil Keamanan Bedaquiline pada MDR Tuberculosis,1,14.399591309534088
Q148,C117,Safety Profile of Bedaquiline in MDR Tuberculosis,2,13.535682606513966
Q148,C120,Safety Profile of Bedaquiline in MDR Tuberculosis,3,13.535682606513966
Q148,C136,MDR Tuberculosis pada Populasi Khusus: Pendekatan Praktis,4,8.701893831599694
Q148,C125,Efficacy of Antituberculotics in MDR Tuberculosis: A Cohort Study,5,7.769612403571366
Q148,C222,Challenging Case: Psoriatic Arthritis with Concurrent renal impairment,6,6.7062986819441015
Q148,C016,Dose Adjustment of Desmopressin in Renal and Hepatic Impairment,7,6.3470574734796
Q148,C040,Dose Adjustment of Atorvastatin in Renal and Hepatic Impairment,8,6.3470574734796
Q148,C084,Dose Adjustment of Valproate in Renal and Hepatic Impairment,9,6.3470574734796
Q148,C116,Dose Adjustment of Salmeterol in Renal and Hepatic Impairment,10,6.3470574734796
Q148,C169,Dose Adjustment of Olanzapine in Renal and Hepatic Impairment,11,6.3470574734796
Q148,C231,Dose Adjustment of Apixaban in Renal and Hepatic Impairment,12,6.3470574734796
Q148,C236,Dose Adjustment of Rivaroxaban in Renal and Hepatic Impairment,13,6.3470574734796
Q148,C314,Dose Adjustment of Vancomycin in Renal and Hepatic Impairment,14,6.3470574734796
Q148,C343,Dose Adjustment of Dupilumab in Renal and Hepatic Impairment,15,6.3470574734796
Q148,C021,Dose Adjustment of Insulin glargine in Renal and Hepatic Impairment,16,6.024346876365611
Q148,C083,Laporan Kasus: Migraine dengan COPD,17,4.565455781209233
Q148,C338,Laporan Kasus: Psoriasis dengan anaemia,18,4.565455781209233
Q148,C041,Laporan Kasus: Heart Failure dengan immunocompromised,19,4.274067670443244
Q148,C097,Laporan Kasus: Malaria dengan atrial fibrillation,20,4.274067670443244
Q149,C122,Case Series: Factor Xa inhibitors in Refractory Community-acquired Pneumonia,1,24.963158165955015
Q149,C121,Asia-Pacific Guideline: Community-acquired Pneumonia in Primary Care 2025,2,14.137826593233566
Q149,C245,Monitoring Parameters for Factor Xa inhibitors in Deep Vein Thrombosis,3,11.763743516517037
Q149,C140,"Proton pump inhibitors: Mechanism, Indications, and Safety",4,6.043733621397591
Q149,C209,Long-term Outcomes of Proteasome inhibitors Therapy in Rheumatoid Arthritis,5,4.405661126470706
Q149,C069,Long-term Outcomes of SGLT2 inhibitors Therapy in Chronic Kidney Disease,6,4.192497262636576
Q149,C191,Efficacy of BTK inhibitors in Chronic Lymphocytic Leukaemia: A Cohort Study,7,4.192497262636576
Q149,C033,"Statins: Mechanism, Indications, and Safety",8,4.151558599265983
Q149,C104,"NRTIs: Mechanism, Indications, and Safety",9,4.151558599265983
Q149,C112,"Antimalarials: Mechanism, Indications, and Safety",10,4.151558599265983
Q149,C265,"Magnesium: Mechanism, Indications, and Safety",11,4.151558599265983
Q149,C292,"Benzodiazepines: Mechanism, Indications, and Safety",12,4.151558599265983
Q149,C141,Efficacy of Proton pump inhibitors in Peptic Ulcer Disease: A Cohort Study,13,3.9990088933016184
Q149,C316,Efficacy of IL-17 inhibitors in Disseminated Intravascular Coagulation: A Cohort Study,14,3.9990088933016184
Q149,C101,"NRTIs combination: Mechanism, Indications, and Safety",15,3.8865872853495445
Q149,C244,"Iron preparations: Mechanism, Indications, and Safety",16,3.8865872853495445
Q149,C235,"Vitamin K antagonists: Mechanism, Indications, and Safety",17,3.6534100715880893
Q149,C258,"Centrally acting antihypertensives: Mechanism, Indications, and Safety",18,3.6534100715880893
Q149,C339,Quick Reference: Calcineurin inhibitors Dosing in Psoriasis,19,3.4976365883312153
Q149,C032,Consensus Statement: SGLT2 inhibitors Use in Atrial Fibrillation,20,3.299671594314401
Q150,C271,Panduan Praktis: Memulai Magnesium sulphate pada Preeclampsia,1,22.35323592802369
Q150,C273,Magnesium sulphate: Farmakologi dan Penggunaan Klinis pada Preeclampsia,2,21.088050679358687
Q150,C276,Efektivitas Magnesium pada Preeclampsia,3,15.470052633311612
Q150,C265,"Magnesium: Mechanism, Indications, and Safety",4,10.376408396467717
Q150,C237,Ferrous sulphate: Farmakologi dan Penggunaan Klinis pada Iron Deficiency Anaemia,5,8.192958923739155
Q150,C259,Panduan Klinis: Tatalaksana Preeclampsia 2020,6,4.038960558940491
Q150,C262,Preeclampsia in pregnancy: Special Considerations,7,4.038960558940491
Q150,C254,Clinical Practice Guideline: Preeclampsia Management 2022,8,3.781175763045196
Q150,C261,Ringkasan Klinis: Tatalaksana Preeclampsia Terkini 2020,9,3.781175763045196
Q150,C264,Preeclampsia in Special Populations: Practical Guidance,10,3.781175763045196
Q150,C256,New Insights into Preeclampsia Pathophysiology and Treatment,11,3.554322751794755
Q150,C269,Preeclampsia in Pregnancy: Safety and Management Guide,12,3.554322751794755
Q150,C274,Treatment Intensification in Preeclampsia: When and How,13,3.554322751794755
Q150,C001,Panduan Praktis: Memulai Levothyroxine pada Hypothyroidism,14,0.0
Q150,C002,Clinical Practice Guideline: Type 1 Diabetes Mellitus Management 2023,15,0.0
Q150,C003,A Case of Type 1 Diabetes Mellitus Resistant to Insulin degludec,16,0.0
Q150,C004,Successful Management of Severe Hypothyroidism with Levothyroxine,17,0.0
Q150,C005,Liraglutide in Type 2 Diabetes Mellitus: Real-World Outcomes,18,0.0
Q150,C006,"Methimazole: Pharmacology, Dosing, and Clinical Use in Hyperthyroidism",19,0.0
Q150,C007,Efficacy of Vasopressin analogues in Diabetes Insipidus: A Cohort Study,20,0.0
Q151,C254,Clinical Practice Guideline: Preeclampsia Management 2022,1,9.147859480971738
Q151,C038,Clinical Summary: Heart Failure Management Update 2024,2,6.520149168212087
Q151,C052,Clinical Summary: Chronic Kidney Disease Management Update 2024,3,6.151111031036809
Q151,C269,Preeclampsia in Pregnancy: Safety and Management Guide,4,6.0568284895590825
Q151,C239,Asia-Pacific Guideline: Deep Vein Thrombosis in Primary Care 2024,5,5.559256453201243
Q151,C031,Clinical Practice Guideline: Heart Failure Management 2021,6,5.044707581895281
Q151,C051,Clinical Practice Guideline: Nephrotic Syndrome Management 2022,7,5.044707581895281
Q151,C119,Clinical Practice Guideline: Pulmonary Embolism Management 2025,8,5.044707581895281
Q151,C189,Clinical Practice Guideline: Colorectal Cancer Management 2020,9,5.044707581895281
Q151,C298,Clinical Practice Guideline: Stunting / Malnutrition Management 2020,10,5.044707581895281
Q151,C144,Clinical Practice Guideline: Inflammatory Bowel Disease Management 2025,11,4.759178916739429
Q151,C002,Clinical Practice Guideline: Type 1 Diabetes Mellitus Management 2023,12,4.504240497436484
Q151,C020,Clinical Practice Guideline: Type 2 Diabetes Mellitus Management 2021,13,4.504240497436484
Q151,C187,Clinical Practice Guideline: Breast Cancer HER2-positive Management 2022,14,4.504240497436484
Q151,C276,Efektivitas Magnesium pada Preeclampsia,15,4.334466403458746
Q151,C124,Konsensus Nasional: Asthma di Indonesia 2024,16,4.274067670443244
Q151,C304,Ringkasan Klinis: Tatalaksana Sepsis Terkini 2024,17,4.274067670443244
Q151,C259,Panduan Klinis: Tatalaksana Preeclampsia 2020,18,4.038960558940491
Q151,C262,Preeclampsia in pregnancy: Special Considerations,19,4.038960558940491
Q151,C196,Scoping Review: Emerging Therapies in Colorectal Cancer 2024,20,3.790246233059176
Q152,C130,Profil Keamanan Bedaquiline pada MDR Tuberculosis,1,9.770947212424069
Q152,C117,Safety Profile of Bedaquiline in MDR Tuberculosis,2,9.18473569071412
Q152,C120,Safety Profile of Bedaquiline in MDR Tuberculosis,3,9.18473569071412
Q152,C009,Case Report: Atypical Presentation of Obesity,4,5.142303115314051
Q152,C200,Chronic Lymphocytic Leukaemia and obesity: Management Challenges,5,4.8337887749142725
Q152,C083,Laporan Kasus: Migraine dengan COPD,6,4.565455781209233
Q152,C338,Laporan Kasus: Psoriasis dengan anaemia,7,4.565455781209233
Q152,C136,MDR Tuberculosis pada Populasi Khusus: Pendekatan Praktis,8,4.350946915799847
Q152,C041,Laporan Kasus: Heart Failure dengan immunocompromised,9,4.274067670443244
Q152,C097,Laporan Kasus: Malaria dengan atrial fibrillation,10,4.274067670443244
Q152,C023,Hasil Jangka Panjang Terapi GLP-1 receptor agonists pada Obesity,11,4.096479461869578
Q152,C125,Efficacy of Antituberculotics in MDR Tuberculosis: A Cohort Study,12,3.884806201785683
Q152,C024,Laporan Kasus: Acute Coronary Syndrome dengan Presentasi Atipikal,13,3.790246233059176
Q152,C208,Laporan Kasus: Systemic Lupus Erythematosus dengan Presentasi Atipikal,14,3.790246233059176
Q152,C018,Laporan Kasus: Type 2 Diabetes Mellitus dengan Presentasi Atipikal,15,3.58721133978665
Q152,C001,Panduan Praktis: Memulai Levothyroxine pada Hypothyroidism,16,0.0
Q152,C002,Clinical Practice Guideline: Type 1 Diabetes Mellitus Management 2023,17,0.0
Q152,C003,A Case of Type 1 Diabetes Mellitus Resistant to Insulin degludec,18,0.0
Q152,C004,Successful Management of Severe Hypothyroidism with Levothyroxine,19,0.0
Q152,C005,Liraglutide in Type 2 Diabetes Mellitus: Real-World Outcomes,20,0.0
Q153,C333,WHO Guideline Update: Psoriasis 2023,1,11.668279008199587
Q153,C233,WHO Guideline Update: Iron Deficiency Anaemia 2023,2,10.268193746366311
Q153,C224,Risk Stratification in Rheumatoid Arthritis: Current Approaches,3,8.851432205362032
Q153,C220,Hasil Jangka Panjang Terapi Proteasome inhibitors pada Rheumatoid Arthritis,4,7.903129914365929
Q153,C038,Clinical Summary: Heart Failure Management Update 2024,5,7.725991902235357
Q153,C175,Clinical Summary: Bipolar Disorder Management Update 2020,6,7.725991902235357
Q153,C293,Clinical Summary: Stunting / Malnutrition Management Update 2021,7,7.725991902235357
Q153,C209,Long-term Outcomes of Proteasome inhibitors Therapy in Rheumatoid Arthritis,8,7.50130217223643
Q153,C052,Clinical Summary: Chronic Kidney Disease Management Update 2024,9,7.288703492741186
Q153,C148,Clinical Summary: Inflammatory Bowel Disease Management Update 2022,10,7.288703492741186
Q153,C164,Clinical Summary: Major Depressive Disorder Management Update 2021,11,7.288703492741186
Q153,C110,WHO Guideline Update: Malaria 2025,12,6.927795844404072
Q153,C335,WHO Guideline Update: Psoriasis 2025,13,6.927795844404072
Q153,C308,WHO Guideline Update: Disseminated Intravascular Coagulation 2025,14,6.096524595925708
Q153,C002,Clinical Practice Guideline: Type 1 Diabetes Mellitus Management 2023,15,5.994577314420267
Q153,C142,Asia-Pacific Guideline: Inflammatory Bowel Disease in Primary Care 2023,16,5.6897882633260135
Q153,C013,Asia-Pacific Guideline: Type 1 Diabetes Mellitus in Primary Care 2023,17,5.414493088369999
Q153,C218,Profil Keamanan Colchicine pada Psoriatic Arthritis,18,4.274067670443244
Q153,C226,Safety Profile of Ibuprofen in Psoriatic Arthritis,19,4.01764343044776
Q153,C227,Consensus Statement: NSAIDs Use in Psoriatic Arthritis,20,4.01764343044776
Q154,C231,Dose Adjustment of Apixaban in Renal and Hepatic Impairment,1,15.805442658174016
Q154,C121,Asia-Pacific Guideline: Community-acquired Pneumonia in Primary Care 2025,2,14.137826593233566
Q154,C122,Case Series: Factor Xa inhibitors in Refractory Community-acquired Pneumonia,3,14.137826593233566
Q154,C016,Dose Adjustment of Desmopressin in Renal and Hepatic Impairment,4,10.68620986098231
Q154,C040,Dose Adjustment of Atorvastatin in Renal and Hepatic Impairment,5,10.68620986098231
Q154,C084,Dose Adjustment of Valproate in Renal and Hepatic Impairment,6,10.68620986098231
Q154,C116,Dose Adjustment of Salmeterol in Renal and Hepatic Impairment,7,10.68620986098231
Q154,C169,Dose Adjustment of Olanzapine in Renal and Hepatic Impairment,8,10.68620986098231
Q154,C236,Dose Adjustment of Rivaroxaban in Renal and Hepatic Impairment,9,10.68620986098231
Q154,C314,Dose Adjustment of Vancomycin in Renal and Hepatic Impairment,10,10.68620986098231
Q154,C343,Dose Adjustment of Dupilumab in Renal and Hepatic Impairment,11,10.68620986098231
Q154,C021,Dose Adjustment of Insulin glargine in Renal and Hepatic Impairment,12,10.142878848220512
Q154,C222,Challenging Case: Psoriatic Arthritis with Concurrent renal impairment,13,3.3531493409720508
Q154,C260,Hypertension in Pregnancy in anaemia: Special Considerations,14,1.5575755985011488
Q154,C255,Practical Guide: Initiating Labetalol in Hypertension in Pregnancy,15,1.4945138020276896
Q154,C268,Methyldopa Drug Profile: Efficacy in Hypertension in Pregnancy,16,1.4945138020276896
Q154,C267,Hypertension in Pregnancy in Pregnancy: Safety and Management Guide,17,1.4363596921061903
Q154,C275,Treatment Intensification in Hypertension in Pregnancy: When and How,18,1.4363596921061903
Q154,C257,Switching Therapy in Hypertension in Pregnancy: A Step-by-Step Guide,19,1.3326483965224
Q154,C137,Asthma in immunocompromised: Special Considerations,20,1.2582970093898815
Q155,C096,Drug Interactions: Artemether-lumefantrine in Typhoid Fever Patients,1,28.71183481560358
Q155,C106,Successful Management of Severe Typhoid Fever with Artemether-lumefantrine,2,27.17380695171481
Q155,C113,Risk Stratification in Typhoid Fever: Current Approaches,3,9.667577549828545
Q155,C089,Perbandingan Topiramate dan Topiramate pada Migraine,4,4.982028724354492
Q155,C088,Perbandingan Valproate dan Valproate pada Parkinson Disease,5,4.683130104168213
Q155,C285,Perbandingan Diazepam dan Diazepam pada Febrile Seizure,6,4.683130104168213
Q155,C291,Perbandingan Diazepam dan Diazepam pada Febrile Seizure,7,4.683130104168213
Q155,C294,Perbandingan Zinc dan Zinc pada Stunting / Malnutrition,8,4.683130104168213
Q155,C305,Hydrocortisone: Farmakologi dan Penggunaan Klinis pada Sepsis,9,4.683130104168213
Q155,C315,Perbandingan Hydrocortisone dan Piperacillin-tazobactam pada Sepsis,10,4.683130104168213
Q155,C091,Valproate: Farmakologi dan Penggunaan Klinis pada Parkinson Disease,11,4.418066596385674
Q155,C123,Metronidazole: Farmakologi dan Penggunaan Klinis pada Pulmonary Embolism,12,4.418066596385674
Q155,C165,Lithium: Farmakologi dan Penggunaan Klinis pada Bipolar Disorder,13,4.418066596385674
Q155,C171,Perbandingan Venlafaxine dan Venlafaxine pada Major Depressive Disorder,14,4.418066596385674
Q155,C273,Magnesium sulphate: Farmakologi dan Penggunaan Klinis pada Preeclampsia,15,4.418066596385674
Q155,C284,Diazepam: Farmakologi dan Penggunaan Klinis pada Febrile Seizure,16,4.418066596385674
Q155,C342,Tacrolimus topical: Farmakologi dan Penggunaan Klinis pada Psoriasis,17,4.418066596385674
Q155,C237,Ferrous sulphate: Farmakologi dan Penggunaan Klinis pada Iron Deficiency Anaemia,18,3.9688011169516724
Q155,C276,Efektivitas Magnesium pada Preeclampsia,19,1.7759290382152242
Q155,C212,Profil Keamanan Alendronate pada Osteoporosis,20,1.6548536020730698
Q156,C109,Panduan Praktis: Memulai Tenofovir+Lamivudine pada Urinary Tract Infection,1,20.009233365432983
Q156,C093,Practical Guide: Initiating Tenofovir+Lamivudine in Urinary Tract Infection,2,18.70896677836487
Q156,C094,"Tenofovir+Lamivudine: Pharmacology, Dosing, and Clinical Use in Urinary Tract Infection",3,16.898534458521226
Q156,C098,Hasil Jangka Panjang Terapi NRTIs combination pada Urinary Tract Infection,4,10.79892243659026
Q156,C095,Quick Reference: NRTIs combination Dosing in Urinary Tract Infection,5,10.077129629206315
Q156,C108,Case Series: NRTIs combination in Refractory Urinary Tract Infection,6,10.077129629206315
Q156,C115,Case Series: NRTIs combination in Refractory Urinary Tract Infection,7,10.077129629206315
Q156,C102,Biomarkers in Urinary Tract Infection: Implications for NRTIs combination Therapy,8,9.564766769184278
Q156,C111,Biomarkers in Urinary Tract Infection: Implications for NRTIs combination Therapy,9,9.564766769184278
Q156,C110,WHO Guideline Update: Malaria 2025,10,2.888835285463581
Q156,C333,WHO Guideline Update: Psoriasis 2023,11,2.888835285463581
Q156,C335,WHO Guideline Update: Psoriasis 2025,12,2.888835285463581
Q156,C011,National Guideline: Hypothyroidism Diagnosis and Treatment,13,2.7044567049919497
Q156,C072,National Guideline: Migraine Diagnosis and Treatment,14,2.7044567049919497
Q156,C254,Clinical Practice Guideline: Preeclampsia Management 2022,15,2.7044567049919497
Q156,C027,National Guideline: Atrial Fibrillation Diagnosis and Treatment,16,2.5422018441309535
Q156,C031,Clinical Practice Guideline: Heart Failure Management 2021,17,2.5422018441309535
Q156,C051,Clinical Practice Guideline: Nephrotic Syndrome Management 2022,18,2.5422018441309535
Q156,C119,Clinical Practice Guideline: Pulmonary Embolism Management 2025,19,2.5422018441309535
Q156,C189,Clinical Practice Guideline: Colorectal Cancer Management 2020,20,2.5422018441309535
Q157,C286,Systematic Review: Benzodiazepines in Febrile Seizure,1,14.705476466581128
Q157,C277,"Diazepam: Pharmacology, Dosing, and Clinical Use in Febrile Seizure",2,9.20600896555311
Q157,C282,New Insights into Febrile Seizure Pathophysiology and Treatment,3,8.682426305322148
Q157,C278,Diazepam Drug Profile: Efficacy in Febrile Seizure,4,8.631507520459532
Q157,C299,Diazepam in Febrile Seizure: Real-World Outcomes,5,8.631507520459532
Q157,C292,"Benzodiazepines: Mechanism, Indications, and Safety",6,7.8076969057241445
Q157,C285,Perbandingan Diazepam dan Diazepam pada Febrile Seizure,7,7.524194481937818
Q157,C291,Perbandingan Diazepam dan Diazepam pada Febrile Seizure,8,7.524194481937818
Q157,C290,Diazepam Real-World Evidence in Febrile Seizure: A Retrospective Study,9,7.3149231232517735
Q157,C267,Hypertension in Pregnancy in Pregnancy: Safety and Management Guide,10,7.121326868316885
Q157,C284,Diazepam: Farmakologi dan Penggunaan Klinis pada Febrile Seizure,11,7.098327735070085
Q157,C075,Migraine in Pregnancy: Safety and Management Guide,12,6.013293763176111
Q157,C118,COPD in Pregnancy: Safety and Management Guide,13,6.013293763176111
Q157,C269,Preeclampsia in Pregnancy: Safety and Management Guide,14,6.013293763176111
Q157,C275,Treatment Intensification in Hypertension in Pregnancy: When and How,15,5.81673589843708
Q157,C272,National Guideline: Hypertension in Pregnancy Diagnosis and Treatment,16,5.672943462684636
Q157,C172,Major Depressive Disorder in Pregnancy: Safety and Management Guide,17,5.369056749351605
Q157,C262,Preeclampsia in pregnancy: Special Considerations,18,4.92512607487174
Q157,C260,Hypertension in Pregnancy in anaemia: Special Considerations,19,4.784419184664649
Q157,C255,Practical Guide: Initiating Labetalol in Hypertension in Pregnancy,20,4.538719182335493
Q158,C167,Sertraline in ADHD: Real-World Outcomes,1,11.177359354908198
Q158,C173,Escitalopram versus Sertraline in Major Depressive Disorder: Head-to-Head Comparison,2,7.521395516018725
Q158,C166,Dosis SSRIs pada ADHD: Referensi Cepat,3,5.142303115314051
Q158,C168,Challenging Case: ADHD with Concurrent atrial fibrillation,4,4.8337887749142725
Q158,C182,"Sertraline: Pharmacology, Dosing, and Clinical Use in Major Depressive Disorder",5,4.807667572745839
Q158,C080,Treatment Intensification in Epilepsy: When and How,6,4.661635790316469
Q158,C131,Treatment Intensification in Asthma: When and How,7,4.661635790316469
Q158,C138,Treatment Intensification in Asthma: When and How,8,4.661635790316469
Q158,C225,Treatment Intensification in Gout: When and How,9,4.661635790316469
Q158,C274,Treatment Intensification in Preeclampsia: When and How,10,4.661635790316469
Q158,C326,Treatment Intensification in Psoriasis: When and How,11,4.661635790316469
Q158,C275,Treatment Intensification in Hypertension in Pregnancy: When and How,12,4.6098884288459905
Q158,C184,Sertraline Real-World Evidence in Major Depressive Disorder: A Retrospective Study,13,4.575052996540899
Q158,C030,Treatment Intensification in Atrial Fibrillation: When and How,14,4.397788853096821
Q158,C046,Treatment Intensification in Atrial Fibrillation: When and How,15,4.397788853096821
Q158,C214,Adalimumab versus Adalimumab in Gout: Head-to-Head Comparison,16,4.250680833631613
Q158,C210,Treatment Intensification in Systemic Lupus Erythematosus: When and How,17,4.162209279760516
Q158,C025,Metoprolol versus Empagliflozin in Atrial Fibrillation: Head-to-Head Comparison,18,4.034558676916648
Q158,C008,Treatment Intensification in Type 2 Diabetes Mellitus: When and How,19,3.9505853819783936
Q158,C178,A Case of Schizophrenia Resistant to Clozapine,20,3.6534100715880893
Q159,C329,"Cyclosporine: Pharmacology, Dosing, and Clinical Use in Psoriasis",1,8.004018904139901
Q159,C325,A Case of Psoriasis Resistant to Cyclosporine,2,7.3769098826478725
Q159,C336,A Case of Psoriasis Resistant to Cyclosporine,3,7.3769098826478725
Q159,C332,Psoriasis in elderly patients: Special Considerations,4,4.168655081457952
Q159,C344,Safety Profile of Dupilumab in Psoriasis,5,4.168655081457952
Q159,C312,A Case of Disseminated Intravascular Coagulation Resistant to Cyclosporine,6,4.076522876343298
Q159,C326,Treatment Intensification in Psoriasis: When and How,7,3.9185551079693917
Q159,C339,Quick Reference: Calcineurin inhibitors Dosing in Psoriasis,8,3.9185551079693917
Q159,C341,Consensus Statement: Topical calcineurin inhibitors Use in Psoriasis,9,3.6967662745920977
Q159,C323,Switching Therapy in Psoriasis: A Step-by-Step Guide,10,3.498738890653646
Q159,C340,Switching Therapy in Psoriasis: A Step-by-Step Guide,11,3.498738890653646
Q159,C328,Monitoring Parameters for IL-4/IL-13 inhibitors in Psoriasis,12,3.320848565685502
Q159,C333,WHO Guideline Update: Psoriasis 2023,13,3.1945595920910574
Q159,C335,WHO Guideline Update: Psoriasis 2025,14,3.1945595920910574
Q159,C338,Laporan Kasus: Psoriasis dengan anaemia,15,3.1945595920910574
Q159,C327,Biomarkers in Psoriasis: Implications for IL-4/IL-13 inhibitors Therapy,16,3.1601723604239704
Q159,C331,Profil Keamanan Tacrolimus topical pada Psoriasis,17,2.990668298674076
Q159,C330,New Insights into Psoriasis Pathophysiology and Treatment,18,2.811242069447678
Q159,C334,Panduan Praktis: Memulai Tacrolimus topical pada Psoriasis,19,2.811242069447678
Q159,C337,New Insights into Psoriasis Pathophysiology and Treatment,20,2.811242069447678
Q160,C129,Dosis Corticosteroids pada Asthma: Referensi Cepat,1,5.823301004177049
Q160,C166,Dosis SSRIs pada ADHD: Referensi Cepat,2,5.823301004177049
Q160,C023,Hasil Jangka Panjang Terapi GLP-1 receptor agonists pada Obesity,3,5.330635129275559
Q160,C345,Dosis Topical calcineurin inhibitors pada Psoriasis: Referensi Cepat,4,5.164107449137047
Q160,C009,Case Report: Atypical Presentation of Obesity,5,5.142303115314051
Q160,C005,Liraglutide in Type 2 Diabetes Mellitus: Real-World Outcomes,6,5.119232797191707
Q160,C036,Dosis Platelet aggregation inhibitors pada Stable Angina: Referensi Cepat,7,4.88747792685476
Q160,C200,Chronic Lymphocytic Leukaemia and obesity: Management Challenges,8,4.8337887749142725
Q160,C185,Dosis BCR-ABL inhibitors pada Chronic Myeloid Leukaemia: Referensi Cepat,9,4.638978377772834
Q160,C198,Dosis BCR-ABL inhibitors pada Chronic Myeloid Leukaemia: Referensi Cepat,10,4.638978377772834
Q160,C010,Dosis DPP-4 inhibitors pada Type 2 Diabetes Mellitus: Referensi Cepat,11,4.4145256732042455
Q160,C276,Efektivitas Magnesium pada Preeclampsia,12,1.7759290382152242
Q160,C212,Profil Keamanan Alendronate pada Osteoporosis,13,1.6548536020730698
Q160,C221,Meta-analisis: Alendronate pada Osteoporosis,14,1.6548536020730698
Q160,C309,Profil Keamanan Meropenem pada Sepsis,15,1.6548536020730698
Q160,C001,Panduan Praktis: Memulai Levothyroxine pada Hypothyroidism,16,1.5492333337338053
Q160,C026,Profil Keamanan Rivaroxaban pada Atrial Fibrillation,17,1.5492333337338053
Q160,C029,Profil Obat ARBs pada Heart Failure,18,1.5492333337338053
Q160,C054,Efektivitas Loop diuretics pada Nephrotic Syndrome,19,1.5492333337338053
Q160,C089,Perbandingan Topiramate dan Topiramate pada Migraine,20,1.5492333337338053
Q161,C271,Panduan Praktis: Memulai Magnesium sulphate pada Preeclampsia,1,14.410065857913937
Q161,C273,Magnesium sulphate: Farmakologi dan Penggunaan Klinis pada Preeclampsia,2,13.594461226243238
Q161,C276,Efektivitas Magnesium pada Preeclampsia,3,11.678188556600404
Q161,C135,Prednisolone pada Pasien COPD: Studi Kohort,4,5.987157344749509
Q161,C045,Metoprolol pada Pasien Heart Failure: Studi Kohort,5,5.627955668445315
Q161,C237,Ferrous sulphate: Farmakologi dan Penggunaan Klinis pada Iron Deficiency Anaemia,6,5.330635129275559
Q161,C152,Metronidazole pada Pasien Inflammatory Bowel Disease: Studi Kohort,7,5.309415367847006
Q161,C250,Rivaroxaban pada Pasien Deep Vein Thrombosis: Studi Kohort,8,5.309415367847006
Q161,C311,Secukinumab pada Pasien Disseminated Intravascular Coagulation: Studi Kohort,9,5.309415367847006
Q161,C317,Secukinumab pada Pasien Disseminated Intravascular Coagulation: Studi Kohort,10,5.309415367847006
Q161,C265,"Magnesium: Mechanism, Indications, and Safety",11,5.1882041982338585
Q161,C332,Psoriasis in elderly patients: Special Considerations,12,5.142303115314051
Q161,C322,Disseminated Intravascular Coagulation and elderly patients: Management Challenges,13,4.560198039645514
Q161,C242,Challenging Case: Deep Vein Thrombosis with Concurrent elderly patients,14,4.315918574579278
Q161,C259,Panduan Klinis: Tatalaksana Preeclampsia 2020,15,4.038960558940491
Q161,C262,Preeclampsia in pregnancy: Special Considerations,16,4.038960558940491
Q161,C254,Clinical Practice Guideline: Preeclampsia Management 2022,17,3.781175763045196
Q161,C261,Ringkasan Klinis: Tatalaksana Preeclampsia Terkini 2020,18,3.781175763045196
Q161,C264,Preeclampsia in Special Populations: Practical Guidance,19,3.781175763045196
Q161,C256,New Insights into Preeclampsia Pathophysiology and Treatment,20,3.554322751794755
Q162,C285,Perbandingan Diazepam dan Diazepam pada Febrile Seizure,1,13.175517236249599
Q162,C291,Perbandingan Diazepam dan Diazepam pada Febrile Seizure,2,13.175517236249599
Q162,C278,Diazepam Drug Profile: Efficacy in Febrile Seizure,3,12.649150950907293
Q162,C299,Diazepam in Febrile Seizure: Real-World Outcomes,4,12.649150950907293
Q162,C277,"Diazepam: Pharmacology, Dosing, and Clinical Use in Febrile Seizure",5,11.293978302278243
Q162,C284,Diazepam: Farmakologi dan Penggunaan Klinis pada Febrile Seizure,6,10.888573968129261
Q162,C290,Diazepam Real-World Evidence in Febrile Seizure: A Retrospective Study,7,10.719745833618626
Q162,C286,Systematic Review: Benzodiazepines in Febrile Seizure,8,9.182409509216276
Q162,C282,New Insights into Febrile Seizure Pathophysiology and Treatment,9,7.098327735070085
Q162,C022,Quick Reference: Vasopressin analogues Dosing in Diabetes Insipidus,10,4.232295148072932
Q162,C005,Liraglutide in Type 2 Diabetes Mellitus: Real-World Outcomes,11,4.005580697124647
Q162,C017,Type 2 Diabetes Mellitus in Special Populations: Practical Guidance,12,4.005580697124647
Q162,C019,Asia-Pacific Guideline: Diabetes Insipidus in Primary Care 2021,13,4.005580697124647
Q162,C007,Efficacy of Vasopressin analogues in Diabetes Insipidus: A Cohort Study,14,3.801920442911019
Q162,C008,Treatment Intensification in Type 2 Diabetes Mellitus: When and How,15,3.801920442911019
Q162,C004,Successful Management of Severe Hypothyroidism with Levothyroxine,16,3.6534100715880893
Q162,C168,Challenging Case: ADHD with Concurrent atrial fibrillation,17,3.6534100715880893
Q162,C177,Successful Management of Severe Schizophrenia with Clozapine,18,3.6534100715880893
Q162,C287,Challenging Case: Stunting / Malnutrition with Concurrent COPD,19,3.6534100715880893
Q162,C301,Successful Management of Severe Sepsis with Norepinephrine,20,3.6534100715880893
Q163,C043,Profil Obat Statins pada Acute Coronary Syndrome,1,13.937739856128434
Q163,C024,Laporan Kasus: Acute Coronary Syndrome dengan Presentasi Atipikal,2,13.148868709128328
Q163,C064,Successful Management of Severe Nephrotic Syndrome with Furosemide,3,6.799777694477765
Q163,C009,Case Report: Atypical Presentation of Obesity,4,5.142303115314051
Q163,C200,Chronic Lymphocytic Leukaemia and obesity: Management Challenges,5,4.8337887749142725
Q163,C049,Safety Profile of Furosemide in Nephrotic Syndrome,6,4.661635790316469
Q163,C053,Furosemide in Nephrotic Syndrome: Real-World Outcomes,7,4.661635790316469
Q163,C063,Systematic Review: Loop diuretics in Nephrotic Syndrome,8,4.661635790316469
Q163,C067,Consensus Statement: Loop diuretics Use in Nephrotic Syndrome,9,4.397788853096821
Q163,C023,Hasil Jangka Panjang Terapi GLP-1 receptor agonists pada Obesity,10,4.096479461869578
Q163,C054,Efektivitas Loop diuretics pada Nephrotic Syndrome,11,3.781175763045196
Q163,C004,Successful Management of Severe Hypothyroidism with Levothyroxine,12,3.6534100715880893
Q163,C168,Challenging Case: ADHD with Concurrent atrial fibrillation,13,3.6534100715880893
Q163,C177,Successful Management of Severe Schizophrenia with Clozapine,14,3.6534100715880893
Q163,C287,Challenging Case: Stunting / Malnutrition with Concurrent COPD,15,3.6534100715880893
Q163,C301,Successful Management of Severe Sepsis with Norepinephrine,16,3.6534100715880893
Q163,C051,Clinical Practice Guideline: Nephrotic Syndrome Management 2022,17,3.554322751794755
Q163,C055,Nephrotic Syndrome pada Populasi Khusus: Pendekatan Praktis,18,3.554322751794755
Q163,C066,Panduan Praktis: Memulai Furosemide pada Nephrotic Syndrome,19,3.554322751794755
Q163,C222,Challenging Case: Psoriatic Arthritis with Concurrent renal impairment,20,3.446628353505714
Q164,C215,Narrative Review: Current Evidence for NSAIDs in Systemic Lupus Erythematosus,1,14.158006597224219
Q164,C208,Laporan Kasus: Systemic Lupus Erythematosus dengan Presentasi Atipikal,2,12.314054577023203
Q164,C211,Case Report: Atypical Presentation of Systemic Lupus Erythematosus,3,12.314054577023203
Q164,C228,Methotrexate Drug Profile: Efficacy in Systemic Lupus Erythematosus,4,12.314054577023203
Q164,C210,Treatment Intensification in Systemic Lupus Erythematosus: When and How,5,11.65441860535705
Q164,C105,Narrative Review: Current Evidence for Integrase inhibitors in Malaria,6,5.3962354192569695
Q164,C139,Narrative Review: Current Evidence for Proton pump inhibitors in Peptic Ulcer Disease,7,4.649108783451165
Q164,C074,Topiramate Real-World Evidence in Migraine: A Retrospective Study,8,3.2620002906108967
Q164,C079,Topiramate Real-World Evidence in Migraine: A Retrospective Study,9,3.2620002906108967
Q164,C034,Spironolactone Real-World Evidence in Heart Failure: A Retrospective Study,10,3.0961467331210595
Q164,C290,Diazepam Real-World Evidence in Febrile Seizure: A Retrospective Study,11,3.0961467331210595
Q164,C296,Narrative Review: Current Evidence for Zinc supplements in Stunting / Malnutrition,12,3.0961467331210595
Q164,C184,Sertraline Real-World Evidence in Major Depressive Disorder: A Retrospective Study,13,2.946342519477825
Q164,C248,Rivaroxaban Real-World Evidence in Deep Vein Thrombosis: A Retrospective Study,14,2.946342519477825
Q164,C140,"Proton pump inhibitors: Mechanism, Indications, and Safety",15,2.3903235498095015
Q164,C339,Quick Reference: Calcineurin inhibitors Dosing in Psoriasis,16,2.3903235498095015
Q164,C032,Consensus Statement: SGLT2 inhibitors Use in Atrial Fibrillation,17,2.2550320821896306
Q164,C230,Case Series: IL-17 inhibitors in Refractory Gout,18,2.2550320821896306
Q164,C341,Consensus Statement: Topical calcineurin inhibitors Use in Psoriasis,19,2.2550320821896306
Q164,C345,Dosis Topical calcineurin inhibitors pada Psoriasis: Referensi Cepat,20,2.2550320821896306
Q165,C166,Dosis SSRIs pada ADHD: Referensi Cepat,1,9.416370785757294
Q165,C167,Sertraline in ADHD: Real-World Outcomes,2,5.142303115314051
Q165,C168,Challenging Case: ADHD with Concurrent atrial fibrillation,3,4.8337887749142725
Q165,C173,Escitalopram versus Sertraline in Major Depressive Disorder: Head-to-Head Comparison,4,4.623854050805934
Q165,C135,Prednisolone pada Pasien COPD: Studi Kohort,5,4.437924011015704
Q165,C129,Dosis Corticosteroids pada Asthma: Referensi Cepat,6,4.274067670443244
Q165,C045,Metoprolol pada Pasien Heart Failure: Studi Kohort,7,4.171669150440603
Q165,C152,Metronidazole pada Pasien Inflammatory Bowel Disease: Studi Kohort,8,3.935554151769135
Q165,C250,Rivaroxaban pada Pasien Deep Vein Thrombosis: Studi Kohort,9,3.935554151769135
Q165,C311,Secukinumab pada Pasien Disseminated Intravascular Coagulation: Studi Kohort,10,3.935554151769135
Q165,C317,Secukinumab pada Pasien Disseminated Intravascular Coagulation: Studi Kohort,11,3.935554151769135
Q165,C345,Dosis Topical calcineurin inhibitors pada Psoriasis: Referensi Cepat,12,3.790246233059176
Q165,C036,Dosis Platelet aggregation inhibitors pada Stable Angina: Referensi Cepat,13,3.58721133978665
Q165,C185,Dosis BCR-ABL inhibitors pada Chronic Myeloid Leukaemia: Referensi Cepat,14,3.4048227103668527
Q165,C198,Dosis BCR-ABL inhibitors pada Chronic Myeloid Leukaemia: Referensi Cepat,15,3.4048227103668527
Q165,C010,Dosis DPP-4 inhibitors pada Type 2 Diabetes Mellitus: Referensi Cepat,16,3.240083493305596
Q165,C001,Panduan Praktis: Memulai Levothyroxine pada Hypothyroidism,17,0.0
Q165,C002,Clinical Practice Guideline: Type 1 Diabetes Mellitus Management 2023,18,0.0
Q165,C003,A Case of Type 1 Diabetes Mellitus Resistant to Insulin degludec,19,0.0
Q165,C004,Successful Management of Severe Hypothyroidism with Levothyroxine,20,0.0
Q166,C058,Case Series: SGLT2 inhibitors in Refractory Chronic Kidney Disease,1,14.267164768450739
Q166,C056,Biomarkers in Chronic Kidney Disease: Implications for SGLT2 inhibitors Therapy,2,13.541763229109343
Q166,C069,Long-term Outcomes of SGLT2 inhibitors Therapy in Chronic Kidney Disease,3,12.88655746312336
Q166,C047,Drug Interactions: Losartan in Chronic Kidney Disease Patients,4,8.512396537255048
Q166,C059,Safety Profile of Empagliflozin in Chronic Kidney Disease,5,8.512396537255048
Q166,C048,Panduan Klinis: Tatalaksana Chronic Kidney Disease 2022,6,7.915787816238781
Q166,C061,Profil Keamanan Dapagliflozin pada Chronic Kidney Disease,7,7.915787816238781
Q166,C065,Profil Keamanan Losartan pada Chronic Kidney Disease,8,7.915787816238781
Q166,C032,Consensus Statement: SGLT2 inhibitors Use in Atrial Fibrillation,9,7.606924223862204
Q166,C050,Chronic Kidney Disease pada Populasi Khusus: Pendekatan Praktis,10,7.467757025130277
Q166,C052,Clinical Summary: Chronic Kidney Disease Management Update 2024,11,7.467757025130277
Q166,C060,Case Report: Atypical Presentation of Chronic Kidney Disease,12,7.467757025130277
Q166,C062,Konsensus Nasional: Chronic Kidney Disease di Indonesia 2022,13,7.467757025130277
Q166,C068,Chronic Kidney Disease pada Populasi Khusus: Pendekatan Praktis,14,7.467757025130277
Q166,C057,Switching Therapy in Chronic Kidney Disease: A Step-by-Step Guide,15,7.276803092175564
Q166,C155,New Insights into Inflammatory Bowel Disease Pathophysiology and Treatment,16,5.575842955087451
Q166,C194,Quick Reference: BTK inhibitors Dosing in Chronic Lymphocytic Leukaemia,17,5.39275754319314
Q166,C195,Biomarkers in Chronic Lymphocytic Leukaemia: Implications for BTK inhibitors Therapy,18,5.118567493059443
Q166,C191,Efficacy of BTK inhibitors in Chronic Lymphocytic Leukaemia: A Cohort Study,19,4.870910309995436
Q166,C143,Consensus Statement: Proton pump inhibitors Use in Peptic Ulcer Disease,20,4.721123316728285
Q167,C157,Profil Keamanan Lansoprazole pada Peptic Ulcer Disease,1,16.569823160257407
Q167,C150,Practical Guide: Initiating Omeprazole in Peptic Ulcer Disease,2,14.258115812959513
Q167,C154,Peptic Ulcer Disease pada Populasi Khusus: Pendekatan Praktis,3,10.222997465858688
Q167,C147,National Guideline: Peptic Ulcer Disease Diagnosis and Treatment,4,8.849136249780818
Q167,C143,Consensus Statement: Proton pump inhibitors Use in Peptic Ulcer Disease,5,7.949283032745352
Q167,C161,Asia-Pacific Guideline: Peptic Ulcer Disease in Primary Care 2025,6,7.949283032745352
Q167,C149,Switching Therapy in Peptic Ulcer Disease: A Step-by-Step Guide,7,7.5646642803429085
Q167,C156,Switching Therapy in Peptic Ulcer Disease: A Step-by-Step Guide,8,7.5646642803429085
Q167,C139,Narrative Review: Current Evidence for Proton pump inhibitors in Peptic Ulcer Disease,9,7.215546686584609
Q167,C141,Efficacy of Proton pump inhibitors in Peptic Ulcer Disease: A Cohort Study,10,7.215546686584609
Q167,C061,Profil Keamanan Dapagliflozin pada Chronic Kidney Disease,11,3.529509763295626
Q167,C065,Profil Keamanan Losartan pada Chronic Kidney Disease,12,3.529509763295626
Q167,C088,Perbandingan Valproate dan Valproate pada Parkinson Disease,13,3.529509763295626
Q167,C050,Chronic Kidney Disease pada Populasi Khusus: Pendekatan Praktis,14,3.32974075884726
Q167,C068,Chronic Kidney Disease pada Populasi Khusus: Pendekatan Praktis,15,3.32974075884726
Q167,C091,Valproate: Farmakologi dan Penggunaan Klinis pada Parkinson Disease,16,3.32974075884726
Q167,C152,Metronidazole pada Pasien Inflammatory Bowel Disease: Studi Kohort,17,3.32974075884726
Q167,C306,Sepsis in liver disease: Special Considerations,18,2.2055457632589763
Q167,C048,Panduan Klinis: Tatalaksana Chronic Kidney Disease 2022,19,2.0732232452909134
Q167,C081,Parkinson Disease in atrial fibrillation: Special Considerations,20,2.0732232452909134
Q168,C245,Monitoring Parameters for Factor Xa inhibitors in Deep Vein Thrombosis,1,19.630259024526865
Q168,C249,Ringkasan Klinis: Tatalaksana Deep Vein Thrombosis Terkini 2022,2,13.0688520158784
Q168,C122,Case Series: Factor Xa inhibitors in Refractory Community-acquired Pneumonia,3,10.82533157272145
Q168,C243,Kasus Sulit: Deep Vein Thrombosis Refrakter terhadap Warfarin,4,9.8016390119088
Q168,C250,Rivaroxaban pada Pasien Deep Vein Thrombosis: Studi Kohort,5,9.8016390119088
Q168,C234,New Insights into Deep Vein Thrombosis Pathophysiology and Treatment,6,9.276587443142382
Q168,C238,Rare Adverse Event of Warfarin in Deep Vein Thrombosis,7,9.276587443142382
Q168,C242,Challenging Case: Deep Vein Thrombosis with Concurrent elderly patients,8,9.276587443142382
Q168,C246,Scoping Review: Emerging Therapies in Deep Vein Thrombosis 2024,9,9.276587443142382
Q168,C251,A Case of Deep Vein Thrombosis Resistant to Rivaroxaban,10,9.276587443142382
Q168,C239,Asia-Pacific Guideline: Deep Vein Thrombosis in Primary Care 2024,11,8.804927451805415
Q168,C241,Consensus Statement: Vitamin K antagonists Use in Deep Vein Thrombosis,12,8.804927451805415
Q168,C248,Rivaroxaban Real-World Evidence in Deep Vein Thrombosis: A Retrospective Study,13,8.37890913071189
Q168,C219,Konsensus Nasional: Osteoporosis di Indonesia 2022,14,3.6842697318499518
Q168,C254,Clinical Practice Guideline: Preeclampsia Management 2022,15,3.6842697318499518
Q168,C048,Panduan Klinis: Tatalaksana Chronic Kidney Disease 2022,16,3.463230633086685
Q168,C051,Clinical Practice Guideline: Nephrotic Syndrome Management 2022,17,3.463230633086685
Q168,C062,Konsensus Nasional: Chronic Kidney Disease di Indonesia 2022,18,3.2672130039696
Q168,C071,Asia-Pacific Guideline: Epilepsy in Primary Care 2022,19,3.2672130039696
Q168,C148,Clinical Summary: Inflammatory Bowel Disease Management Update 2022,20,3.2672130039696
Q169,C003,A Case of Type 1 Diabetes Mellitus Resistant to Insulin degludec,1,13.498306358379894
Q169,C002,Clinical Practice Guideline: Type 1 Diabetes Mellitus Management 2023,2,13.425706937111407
Q169,C013,Asia-Pacific Guideline: Type 1 Diabetes Mellitus in Primary Care 2023,3,13.019533703655346
Q169,C012,Case Report: Atypical Presentation of Type 2 Diabetes Mellitus,4,11.059647463293874
Q169,C005,Liraglutide in Type 2 Diabetes Mellitus: Real-World Outcomes,5,10.529581278346441
Q169,C017,Type 2 Diabetes Mellitus in Special Populations: Practical Guidance,6,10.529581278346441
Q169,C008,Treatment Intensification in Type 2 Diabetes Mellitus: When and How,7,9.994213909153139
Q169,C018,Laporan Kasus: Type 2 Diabetes Mellitus dengan Presentasi Atipikal,8,9.540900735325724
Q169,C020,Clinical Practice Guideline: Type 2 Diabetes Mellitus Management 2021,9,9.540900735325724
Q169,C010,Dosis DPP-4 inhibitors pada Type 2 Diabetes Mellitus: Referensi Cepat,10,8.61764531153458
Q169,C007,Efficacy of Vasopressin analogues in Diabetes Insipidus: A Cohort Study,11,5.243447819156673
Q169,C207,Biomarkers in Colorectal Cancer: Implications for PD-1 inhibitors Therapy,12,4.625698565163308
Q169,C022,Quick Reference: Vasopressin analogues Dosing in Diabetes Insipidus,13,4.232295148072932
Q169,C033,"Statins: Mechanism, Indications, and Safety",14,4.151558599265983
Q169,C104,"NRTIs: Mechanism, Indications, and Safety",15,4.151558599265983
Q169,C112,"Antimalarials: Mechanism, Indications, and Safety",16,4.151558599265983
Q169,C265,"Magnesium: Mechanism, Indications, and Safety",17,4.151558599265983
Q169,C292,"Benzodiazepines: Mechanism, Indications, and Safety",18,4.151558599265983
Q169,C019,Asia-Pacific Guideline: Diabetes Insipidus in Primary Care 2021,19,4.005580697124647
Q169,C101,"NRTIs combination: Mechanism, Indications, and Safety",20,3.8865872853495445
Q170,C271,Panduan Praktis: Memulai Magnesium sulphate pada Preeclampsia,1,22.35323592802369
Q170,C273,Magnesium sulphate: Farmakologi dan Penggunaan Klinis pada Preeclampsia,2,21.088050679358687
Q170,C276,Efektivitas Magnesium pada Preeclampsia,3,15.470052633311612
Q170,C265,"Magnesium: Mechanism, Indications, and Safety",4,10.376408396467717
Q170,C237,Ferrous sulphate: Farmakologi dan Penggunaan Klinis pada Iron Deficiency Anaemia,5,8.192958923739155
Q170,C332,Psoriasis in elderly patients: Special Considerations,6,5.308312880940763
Q170,C262,Preeclampsia in pregnancy: Special Considerations,7,5.297257568330372
Q170,C283,Drug Interactions: Zinc in Stunting / Malnutrition Patients,8,4.98983872444424
Q170,C264,Preeclampsia in Special Populations: Practical Guidance,9,4.959162545829072
Q170,C047,Drug Interactions: Losartan in Chronic Kidney Disease Patients,10,4.707415617216631
Q170,C078,Drug Interactions: Levodopa-carbidopa in Parkinson Disease Patients,11,4.707415617216631
Q170,C096,Drug Interactions: Artemether-lumefantrine in Typhoid Fever Patients,12,4.707415617216631
Q170,C269,Preeclampsia in Pregnancy: Safety and Management Guide,13,4.661635790316469
Q170,C274,Treatment Intensification in Preeclampsia: When and How,14,4.661635790316469
Q170,C202,Drug Interactions: Nivolumab in Non-Small Cell Lung Cancer Patients,15,4.228726740979665
Q170,C259,Panduan Klinis: Tatalaksana Preeclampsia 2020,16,4.038960558940491
Q170,C254,Clinical Practice Guideline: Preeclampsia Management 2022,17,3.781175763045196
Q170,C261,Ringkasan Klinis: Tatalaksana Preeclampsia Terkini 2020,18,3.781175763045196
Q170,C322,Disseminated Intravascular Coagulation and elderly patients: Management Challenges,19,3.662776105091861
Q170,C256,New Insights into Preeclampsia Pathophysiology and Treatment,20,3.554322751794755
Q171,C014,Practical Guide: Initiating Methimazole in Hyperthyroidism,1,10.6653700726789
Q171,C006,"Methimazole: Pharmacology, Dosing, and Clinical Use in Hyperthyroidism",2,9.458057723723652
Q171,C015,Panduan Klinis: Tatalaksana Hyperthyroidism 2021,3,5.49288389814055
Q171,C001,Panduan Praktis: Memulai Levothyroxine pada Hypothyroidism,4,0.0
Q171,C002,Clinical Practice Guideline: Type 1 Diabetes Mellitus Management 2023,5,0.0
Q171,C003,A Case of Type 1 Diabetes Mellitus Resistant to Insulin degludec,6,0.0
Q171,C004,Successful Management of Severe Hypothyroidism with Levothyroxine,7,0.0
Q171,C005,Liraglutide in Type 2 Diabetes Mellitus: Real-World Outcomes,8,0.0
Q171,C007,Efficacy of Vasopressin analogues in Diabetes Insipidus: A Cohort Study,9,0.0
Q171,C008,Treatment Intensification in Type 2 Diabetes Mellitus: When and How,10,0.0
Q171,C009,Case Report: Atypical Presentation of Obesity,11,0.0
Q171,C010,Dosis DPP-4 inhibitors pada Type 2 Diabetes Mellitus: Referensi Cepat,12,0.0
Q171,C011,National Guideline: Hypothyroidism Diagnosis and Treatment,13,0.0
Q171,C012,Case Report: Atypical Presentation of Type 2 Diabetes Mellitus,14,0.0
Q171,C013,Asia-Pacific Guideline: Type 1 Diabetes Mellitus in Primary Care 2023,15,0.0
Q171,C016,Dose Adjustment of Desmopressin in Renal and Hepatic Impairment,16,0.0
Q171,C017,Type 2 Diabetes Mellitus in Special Populations: Practical Guidance,17,0.0
Q171,C018,Laporan Kasus: Type 2 Diabetes Mellitus dengan Presentasi Atipikal,18,0.0
Q171,C019,Asia-Pacific Guideline: Diabetes Insipidus in Primary Care 2021,19,0.0
Q171,C020,Clinical Practice Guideline: Type 2 Diabetes Mellitus Management 2021,20,0.0
Q172,C036,Dosis Platelet aggregation inhibitors pada Stable Angina: Referensi Cepat,1,9.932103736226667
Q172,C035,Stable Angina in Special Populations: Practical Guidance,2,9.667577549828545
Q172,C039,Switching Therapy in Stable Angina: A Step-by-Step Guide,3,8.192958923739155
Q172,C082,Rare Adverse Event of Aspirin in Ischaemic Stroke,4,5.408979563178695
Q172,C092,Hasil Jangka Panjang Terapi Antiepileptics other pada Migraine,5,5.164107449137047
Q172,C077,Hasil Jangka Panjang Terapi Fatty acid derivatives pada Epilepsy,6,4.88747792685476
Q172,C213,Hasil Jangka Panjang Terapi IL-17 inhibitors pada Gout,7,4.88747792685476
Q172,C220,Hasil Jangka Panjang Terapi Proteasome inhibitors pada Rheumatoid Arthritis,8,4.88747792685476
Q172,C023,Hasil Jangka Panjang Terapi GLP-1 receptor agonists pada Obesity,9,4.638978377772834
Q172,C098,Hasil Jangka Panjang Terapi NRTIs combination pada Urinary Tract Infection,10,4.638978377772834
Q172,C253,Hasil Jangka Panjang Terapi Erythropoiesis stimulating agents pada Iron Deficiency Anaemia,11,4.4145256732042455
Q172,C276,Efektivitas Magnesium pada Preeclampsia,12,1.7759290382152242
Q172,C212,Profil Keamanan Alendronate pada Osteoporosis,13,1.6548536020730698
Q172,C221,Meta-analisis: Alendronate pada Osteoporosis,14,1.6548536020730698
Q172,C309,Profil Keamanan Meropenem pada Sepsis,15,1.6548536020730698
Q172,C001,Panduan Praktis: Memulai Levothyroxine pada Hypothyroidism,16,1.5492333337338053
Q172,C026,Profil Keamanan Rivaroxaban pada Atrial Fibrillation,17,1.5492333337338053
Q172,C029,Profil Obat ARBs pada Heart Failure,18,1.5492333337338053
Q172,C054,Efektivitas Loop diuretics pada Nephrotic Syndrome,19,1.5492333337338053
Q172,C089,Perbandingan Topiramate dan Topiramate pada Migraine,20,1.5492333337338053
Q173,C296,Narrative Review: Current Evidence for Zinc supplements in Stunting / Malnutrition,1,17.369400226737884
Q173,C294,Perbandingan Zinc dan Zinc pada Stunting / Malnutrition,2,12.877956573335165
Q173,C283,Drug Interactions: Zinc in Stunting / Malnutrition Patients,3,11.10874729963415
Q173,C288,Zinc in Stunting / Malnutrition: Real-World Outcomes,4,11.10874729963415
Q173,C279,Rare Adverse Event of Zinc in Stunting / Malnutrition,5,10.479996130904059
Q173,C281,Stunting / Malnutrition in anaemia: Special Considerations,6,7.189113878290622
Q173,C287,Challenging Case: Stunting / Malnutrition with Concurrent COPD,7,6.757800383834303
Q173,C289,Case Report: Atypical Presentation of Stunting / Malnutrition,8,6.757800383834303
Q173,C293,Clinical Summary: Stunting / Malnutrition Management Update 2021,9,6.757800383834303
Q173,C295,Risk Stratification in Stunting / Malnutrition: Current Approaches,10,6.757800383834303
Q173,C298,Clinical Practice Guideline: Stunting / Malnutrition Management 2020,11,6.757800383834303
Q173,C297,Panduan Praktis: Memulai Vitamin A pada Stunting / Malnutrition,12,6.375311271896324
Q173,C280,Biomarkers in Stunting / Malnutrition: Implications for Vitamin A Therapy,13,6.033800308207862
Q173,C074,Topiramate Real-World Evidence in Migraine: A Retrospective Study,14,3.2620002906108967
Q173,C079,Topiramate Real-World Evidence in Migraine: A Retrospective Study,15,3.2620002906108967
Q173,C105,Narrative Review: Current Evidence for Integrase inhibitors in Malaria,16,3.2620002906108967
Q173,C034,Spironolactone Real-World Evidence in Heart Failure: A Retrospective Study,17,3.0961467331210595
Q173,C215,Narrative Review: Current Evidence for NSAIDs in Systemic Lupus Erythematosus,18,3.0961467331210595
Q173,C290,Diazepam Real-World Evidence in Febrile Seizure: A Retrospective Study,19,3.0961467331210595
Q173,C184,Sertraline Real-World Evidence in Major Depressive Disorder: A Retrospective Study,20,2.946342519477825
Q174,C001,Panduan Praktis: Memulai Levothyroxine pada Hypothyroidism,1,6.691536449047856
Q174,C011,National Guideline: Hypothyroidism Diagnosis and Treatment,2,5.142303115314051
Q174,C004,Successful Management of Severe Hypothyroidism with Levothyroxine,3,4.8337887749142725
Q174,C229,Monitoring Parameters for Bisphosphonates in Osteoporosis,4,4.437924011015704
Q174,C151,Monitoring Parameters for Nitroimidazoles in Inflammatory Bowel Disease,5,3.935554151769135
Q174,C090,Monitoring Parameters for Fatty acid derivatives in Parkinson Disease,6,3.724735442893917
Q174,C203,Monitoring Parameters for CNS stimulants in Breast Cancer HER2-positive,7,3.5353545204916235
Q174,C245,Monitoring Parameters for Factor Xa inhibitors in Deep Vein Thrombosis,8,3.5353545204916235
Q174,C328,Monitoring Parameters for IL-4/IL-13 inhibitors in Psoriasis,9,3.5353545204916235
Q174,C276,Efektivitas Magnesium pada Preeclampsia,10,1.7759290382152242
Q174,C212,Profil Keamanan Alendronate pada Osteoporosis,11,1.6548536020730698
Q174,C221,Meta-analisis: Alendronate pada Osteoporosis,12,1.6548536020730698
Q174,C309,Profil Keamanan Meropenem pada Sepsis,13,1.6548536020730698
Q174,C026,Profil Keamanan Rivaroxaban pada Atrial Fibrillation,14,1.5492333337338053
Q174,C029,Profil Obat ARBs pada Heart Failure,15,1.5492333337338053
Q174,C054,Efektivitas Loop diuretics pada Nephrotic Syndrome,16,1.5492333337338053
Q174,C089,Perbandingan Topiramate dan Topiramate pada Migraine,17,1.5492333337338053
Q174,C099,Panduan Praktis: Memulai Dolutegravir pada Malaria,18,1.5492333337338053
Q174,C103,Profil Keamanan Amoxicillin pada HIV/AIDS,19,1.5492333337338053
Q174,C114,Profil Keamanan Levofloxacin pada HIV/AIDS,20,1.5492333337338053
Q175,C168,Challenging Case: ADHD with Concurrent atrial fibrillation,1,10.762055575177598
Q175,C037,Atrial Fibrillation in Special Populations: Practical Guidance,2,8.215958542111224
Q175,C042,Atrial Fibrillation in Special Populations: Practical Guidance,3,8.215958542111224
Q175,C081,Parkinson Disease in atrial fibrillation: Special Considerations,4,8.215958542111224
Q175,C030,Treatment Intensification in Atrial Fibrillation: When and How,5,7.750938194068872
Q175,C032,Consensus Statement: SGLT2 inhibitors Use in Atrial Fibrillation,6,7.750938194068872
Q175,C046,Treatment Intensification in Atrial Fibrillation: When and How,7,7.750938194068872
Q175,C026,Profil Keamanan Rivaroxaban pada Atrial Fibrillation,8,7.562351526090392
Q175,C097,Laporan Kasus: Malaria dengan atrial fibrillation,9,7.562351526090392
Q175,C027,National Guideline: Atrial Fibrillation Diagnosis and Treatment,10,7.10864550358951
Q175,C025,Metoprolol versus Empagliflozin in Atrial Fibrillation: Head-to-Head Comparison,11,6.9627588201611985
Q175,C238,Rare Adverse Event of Warfarin in Deep Vein Thrombosis,12,5.624172993659779
Q175,C243,Kasus Sulit: Deep Vein Thrombosis Refrakter terhadap Warfarin,13,4.8978596840781385
Q175,C073,Quick Reference: Antiepileptics other Dosing in Migraine,14,4.265026602851163
Q175,C339,Quick Reference: Calcineurin inhibitors Dosing in Psoriasis,15,4.265026602851163
Q175,C006,"Methimazole: Pharmacology, Dosing, and Clinical Use in Hyperthyroidism",16,4.023627605387614
Q175,C022,Quick Reference: Vasopressin analogues Dosing in Diabetes Insipidus,17,4.023627605387614
Q175,C146,Quick Reference: Nitroimidazoles Dosing in Inflammatory Bowel Disease,18,4.023627605387614
Q175,C163,"Risperidone: Pharmacology, Dosing, and Clinical Use in Schizophrenia",19,4.023627605387614
Q175,C217,"Adalimumab: Pharmacology, Dosing, and Clinical Use in Gout",20,4.023627605387614
Q176,C164,Clinical Summary: Major Depressive Disorder Management Update 2021,1,12.367684868588153
Q176,C172,Major Depressive Disorder in Pregnancy: Safety and Management Guide,2,11.705176043852695
Q176,C170,Major Depressive Disorder in hypertension: Special Considerations,3,10.607182869993093
Q176,C171,Perbandingan Venlafaxine dan Venlafaxine pada Major Depressive Disorder,4,10.00682007061052
Q176,C180,Risk Stratification in Major Depressive Disorder: Current Approaches,5,10.00682007061052
Q176,C181,Case Report: Atypical Presentation of Major Depressive Disorder,6,10.00682007061052
Q176,C174,Long-term Outcomes of SNRIs Therapy in Major Depressive Disorder,7,8.989244006838536
Q176,C182,"Sertraline: Pharmacology, Dosing, and Clinical Use in Major Depressive Disorder",8,8.989244006838536
Q176,C173,Escitalopram versus Sertraline in Major Depressive Disorder: Head-to-Head Comparison,9,8.554307698657128
Q176,C184,Sertraline Real-World Evidence in Major Depressive Disorder: A Retrospective Study,10,8.554307698657128
Q176,C175,Clinical Summary: Bipolar Disorder Management Update 2020,11,5.802868464581242
Q176,C254,Clinical Practice Guideline: Preeclampsia Management 2022,12,5.366683717926541
Q176,C031,Clinical Practice Guideline: Heart Failure Management 2021,13,5.044707581895281
Q176,C051,Clinical Practice Guideline: Nephrotic Syndrome Management 2022,14,5.044707581895281
Q176,C119,Clinical Practice Guideline: Pulmonary Embolism Management 2025,15,5.044707581895281
Q176,C189,Clinical Practice Guideline: Colorectal Cancer Management 2020,16,5.044707581895281
Q176,C298,Clinical Practice Guideline: Stunting / Malnutrition Management 2020,17,5.044707581895281
Q176,C144,Clinical Practice Guideline: Inflammatory Bowel Disease Management 2025,18,4.759178916739429
Q176,C002,Clinical Practice Guideline: Type 1 Diabetes Mellitus Management 2023,19,4.504240497436484
Q176,C020,Clinical Practice Guideline: Type 2 Diabetes Mellitus Management 2021,20,4.504240497436484
Q177,C159,Long-term Outcomes of Nitroimidazoles Therapy in Inflammatory Bowel Disease,1,10.470719975856499
Q177,C174,Long-term Outcomes of SNRIs Therapy in Major Depressive Disorder,2,10.470719975856499
Q177,C209,Long-term Outcomes of Proteasome inhibitors Therapy in Rheumatoid Arthritis,3,10.470719975856499
Q177,C069,Long-term Outcomes of SGLT2 inhibitors Therapy in Chronic Kidney Disease,4,9.964103814715937
Q177,C130,Profil Keamanan Bedaquiline pada MDR Tuberculosis,5,9.770947212424069
Q177,C117,Safety Profile of Bedaquiline in MDR Tuberculosis,6,9.18473569071412
Q177,C120,Safety Profile of Bedaquiline in MDR Tuberculosis,7,9.18473569071412
Q177,C270,Long-term Outcomes of Beta blockers non-selective Therapy in Hypertension in Pregnancy,8,9.084968149090425
Q177,C136,MDR Tuberculosis pada Populasi Khusus: Pendekatan Praktis,9,4.350946915799847
Q177,C167,Sertraline in ADHD: Real-World Outcomes,10,3.8865872853495445
Q177,C125,Efficacy of Antituberculotics in MDR Tuberculosis: A Cohort Study,11,3.884806201785683
Q177,C053,Furosemide in Nephrotic Syndrome: Real-World Outcomes,12,3.6534100715880893
Q177,C288,Zinc in Stunting / Malnutrition: Real-World Outcomes,13,3.6534100715880893
Q177,C299,Diazepam in Febrile Seizure: Real-World Outcomes,14,3.6534100715880893
Q177,C005,Liraglutide in Type 2 Diabetes Mellitus: Real-World Outcomes,15,3.2620002906108967
Q177,C001,Panduan Praktis: Memulai Levothyroxine pada Hypothyroidism,16,0.0
Q177,C002,Clinical Practice Guideline: Type 1 Diabetes Mellitus Management 2023,17,0.0
Q177,C003,A Case of Type 1 Diabetes Mellitus Resistant to Insulin degludec,18,0.0
Q177,C004,Successful Management of Severe Hypothyroidism with Levothyroxine,19,0.0
Q177,C006,"Methimazole: Pharmacology, Dosing, and Clinical Use in Hyperthyroidism",20,0.0
Q178,C088,Perbandingan Valproate dan Valproate pada Parkinson Disease,1,20.02283861742285
Q178,C091,Valproate: Farmakologi dan Penggunaan Klinis pada Parkinson Disease,2,15.180960481068153
Q178,C084,Dose Adjustment of Valproate in Renal and Hepatic Impairment,3,8.631837149158557
Q178,C081,Parkinson Disease in atrial fibrillation: Special Considerations,4,6.4241701610907604
Q178,C078,Drug Interactions: Levodopa-carbidopa in Parkinson Disease Patients,5,6.060564401777123
Q178,C090,Monitoring Parameters for Fatty acid derivatives in Parkinson Disease,6,5.735913713979216
Q178,C306,Sepsis in liver disease: Special Considerations,7,2.2055457632589763
Q178,C048,Panduan Klinis: Tatalaksana Chronic Kidney Disease 2022,8,2.0732232452909134
Q178,C061,Profil Keamanan Dapagliflozin pada Chronic Kidney Disease,9,2.0732232452909134
Q178,C065,Profil Keamanan Losartan pada Chronic Kidney Disease,10,2.0732232452909134
Q178,C157,Profil Keamanan Lansoprazole pada Peptic Ulcer Disease,11,2.0732232452909134
Q178,C047,Drug Interactions: Losartan in Chronic Kidney Disease Patients,12,1.9558795427693894
Q178,C050,Chronic Kidney Disease pada Populasi Khusus: Pendekatan Praktis,13,1.9558795427693894
Q178,C052,Clinical Summary: Chronic Kidney Disease Management Update 2024,14,1.9558795427693894
Q178,C059,Safety Profile of Empagliflozin in Chronic Kidney Disease,15,1.9558795427693894
Q178,C060,Case Report: Atypical Presentation of Chronic Kidney Disease,16,1.9558795427693894
Q178,C062,Konsensus Nasional: Chronic Kidney Disease di Indonesia 2022,17,1.9558795427693894
Q178,C068,Chronic Kidney Disease pada Populasi Khusus: Pendekatan Praktis,18,1.9558795427693894
Q178,C144,Clinical Practice Guideline: Inflammatory Bowel Disease Management 2025,19,1.9558795427693894
Q178,C145,Metronidazole Drug Profile: Efficacy in Inflammatory Bowel Disease,20,1.9558795427693894
Q179,C023,Hasil Jangka Panjang Terapi GLP-1 receptor agonists pada Obesity,1,18.26413624342245
Q179,C008,Treatment Intensification in Type 2 Diabetes Mellitus: When and How,2,14.801429768150648
Q179,C002,Clinical Practice Guideline: Type 1 Diabetes Mellitus Management 2023,3,13.425706937111407
Q179,C005,Liraglutide in Type 2 Diabetes Mellitus: Real-World Outcomes,4,13.128112075112373
Q179,C012,Case Report: Atypical Presentation of Type 2 Diabetes Mellitus,5,13.128112075112373
Q179,C017,Type 2 Diabetes Mellitus in Special Populations: Practical Guidance,6,13.128112075112373
Q179,C018,Laporan Kasus: Type 2 Diabetes Mellitus dengan Presentasi Atipikal,7,13.128112075112373
Q179,C020,Clinical Practice Guideline: Type 2 Diabetes Mellitus Management 2021,8,13.128112075112373
Q179,C003,A Case of Type 1 Diabetes Mellitus Resistant to Insulin degludec,9,12.126525959153636
Q179,C013,Asia-Pacific Guideline: Type 1 Diabetes Mellitus in Primary Care 2023,10,12.126525959153636
Q179,C010,Dosis DPP-4 inhibitors pada Type 2 Diabetes Mellitus: Referensi Cepat,11,11.857728804840177
Q179,C207,Biomarkers in Colorectal Cancer: Implications for PD-1 inhibitors Therapy,12,3.68728662136772
Q179,C022,Quick Reference: Vasopressin analogues Dosing in Diabetes Insipidus,13,3.187655635948162
Q179,C019,Asia-Pacific Guideline: Diabetes Insipidus in Primary Care 2021,14,3.016900154103931
Q179,C011,National Guideline: Hypothyroidism Diagnosis and Treatment,15,2.938408316499378
Q179,C072,National Guideline: Migraine Diagnosis and Treatment,16,2.938408316499378
Q179,C007,Efficacy of Vasopressin analogues in Diabetes Insipidus: A Cohort Study,17,2.8635084991154307
Q179,C027,National Guideline: Atrial Fibrillation Diagnosis and Treatment,18,2.7621174438570595
Q179,C080,Treatment Intensification in Epilepsy: When and How,19,2.7621174438570595
Q179,C131,Treatment Intensification in Asthma: When and How,20,2.7621174438570595
Q180,C002,Clinical Practice Guideline: Type 1 Diabetes Mellitus Management 2023,1,17.150442380005323
Q180,C013,Asia-Pacific Guideline: Type 1 Diabetes Mellitus in Primary Care 2023,2,15.490825600938516
Q180,C003,A Case of Type 1 Diabetes Mellitus Resistant to Insulin degludec,3,12.126525959153636
Q180,C005,Liraglutide in Type 2 Diabetes Mellitus: Real-World Outcomes,4,9.540900735325724
Q180,C012,Case Report: Atypical Presentation of Type 2 Diabetes Mellitus,5,9.540900735325724
Q180,C017,Type 2 Diabetes Mellitus in Special Populations: Practical Guidance,6,9.540900735325724
Q180,C018,Laporan Kasus: Type 2 Diabetes Mellitus dengan Presentasi Atipikal,7,9.540900735325724
Q180,C020,Clinical Practice Guideline: Type 2 Diabetes Mellitus Management 2021,8,9.540900735325724
Q180,C008,Treatment Intensification in Type 2 Diabetes Mellitus: When and How,9,9.05580196535755
Q180,C015,Panduan Klinis: Tatalaksana Hyperthyroidism 2021,10,8.779443722736005
Q180,C259,Panduan Klinis: Tatalaksana Preeclampsia 2020,11,8.779443722736005
Q180,C010,Dosis DPP-4 inhibitors pada Type 2 Diabetes Mellitus: Referensi Cepat,12,8.61764531153458
Q180,C048,Panduan Klinis: Tatalaksana Chronic Kidney Disease 2022,13,7.725991902235357
Q180,C333,WHO Guideline Update: Psoriasis 2023,14,4.740483163795515
Q180,C261,Ringkasan Klinis: Tatalaksana Preeclampsia Terkini 2020,15,4.437924011015704
Q180,C304,Ringkasan Klinis: Tatalaksana Sepsis Terkini 2024,16,4.437924011015704
Q180,C233,WHO Guideline Update: Iron Deficiency Anaemia 2023,17,4.171669150440603
Q180,C197,Konsensus Nasional: Chronic Myeloid Leukaemia di Indonesia 2023,18,3.935554151769135
Q180,C249,Ringkasan Klinis: Tatalaksana Deep Vein Thrombosis Terkini 2022,19,3.935554151769135
Q180,C001,Panduan Praktis: Memulai Levothyroxine pada Hypothyroidism,20,3.781175763045196
Q181,C085,Pedoman PNPK: Ischaemic Stroke,1,11.135586229852866
Q181,C070,Ischaemic Stroke in Special Populations: Practical Guidance,2,9.13133562640039
Q181,C082,Rare Adverse Event of Aspirin in Ischaemic Stroke,3,8.614505259095605
Q181,C087,Switching Therapy in Ischaemic Stroke: A Step-by-Step Guide,4,7.738511257900502
Q181,C135,Prednisolone pada Pasien COPD: Studi Kohort,5,4.437924011015704
Q181,C129,Dosis Corticosteroids pada Asthma: Referensi Cepat,6,4.274067670443244
Q181,C166,Dosis SSRIs pada ADHD: Referensi Cepat,7,4.274067670443244
Q181,C045,Metoprolol pada Pasien Heart Failure: Studi Kohort,8,4.171669150440603
Q181,C152,Metronidazole pada Pasien Inflammatory Bowel Disease: Studi Kohort,9,3.935554151769135
Q181,C250,Rivaroxaban pada Pasien Deep Vein Thrombosis: Studi Kohort,10,3.935554151769135
Q181,C311,Secukinumab pada Pasien Disseminated Intravascular Coagulation: Studi Kohort,11,3.935554151769135
Q181,C317,Secukinumab pada Pasien Disseminated Intravascular Coagulation: Studi Kohort,12,3.935554151769135
Q181,C345,Dosis Topical calcineurin inhibitors pada Psoriasis: Referensi Cepat,13,3.790246233059176
Q181,C036,Dosis Platelet aggregation inhibitors pada Stable Angina: Referensi Cepat,14,3.58721133978665
Q181,C185,Dosis BCR-ABL inhibitors pada Chronic Myeloid Leukaemia: Referensi Cepat,15,3.4048227103668527
Q181,C198,Dosis BCR-ABL inhibitors pada Chronic Myeloid Leukaemia: Referensi Cepat,16,3.4048227103668527
Q181,C010,Dosis DPP-4 inhibitors pada Type 2 Diabetes Mellitus: Referensi Cepat,17,3.240083493305596
Q181,C001,Panduan Praktis: Memulai Levothyroxine pada Hypothyroidism,18,0.0
Q181,C002,Clinical Practice Guideline: Type 1 Diabetes Mellitus Management 2023,19,0.0
Q181,C003,A Case of Type 1 Diabetes Mellitus Resistant to Insulin degludec,20,0.0
Q182,C169,Dose Adjustment of Olanzapine in Renal and Hepatic Impairment,1,11.466290270671308
Q182,C222,Challenging Case: Psoriatic Arthritis with Concurrent renal impairment,2,6.7062986819441015
Q182,C016,Dose Adjustment of Desmopressin in Renal and Hepatic Impairment,3,6.3470574734796
Q182,C040,Dose Adjustment of Atorvastatin in Renal and Hepatic Impairment,4,6.3470574734796
Q182,C084,Dose Adjustment of Valproate in Renal and Hepatic Impairment,5,6.3470574734796
Q182,C116,Dose Adjustment of Salmeterol in Renal and Hepatic Impairment,6,6.3470574734796
Q182,C231,Dose Adjustment of Apixaban in Renal and Hepatic Impairment,7,6.3470574734796
Q182,C236,Dose Adjustment of Rivaroxaban in Renal and Hepatic Impairment,8,6.3470574734796
Q182,C314,Dose Adjustment of Vancomycin in Renal and Hepatic Impairment,9,6.3470574734796
Q182,C343,Dose Adjustment of Dupilumab in Renal and Hepatic Impairment,10,6.3470574734796
Q182,C021,Dose Adjustment of Insulin glargine in Renal and Hepatic Impairment,11,6.024346876365611
Q182,C179,Case Report: Atypical Presentation of Schizophrenia,12,4.628644097110018
Q182,C083,Laporan Kasus: Migraine dengan COPD,13,4.565455781209233
Q182,C338,Laporan Kasus: Psoriasis dengan anaemia,14,4.565455781209233
Q182,C177,Successful Management of Severe Schizophrenia with Clozapine,15,4.350946915799847
Q182,C178,A Case of Schizophrenia Resistant to Clozapine,16,4.350946915799847
Q182,C041,Laporan Kasus: Heart Failure dengan immunocompromised,17,4.274067670443244
Q182,C097,Laporan Kasus: Malaria dengan atrial fibrillation,18,4.274067670443244
Q182,C162,Biomarkers in Schizophrenia: Implications for Atypical antipsychotics Therapy,19,4.104684859007734
Q182,C163,"Risperidone: Pharmacology, Dosing, and Clinical Use in Schizophrenia",20,4.104684859007734
Q183,C268,Methyldopa Drug Profile: Efficacy in Hypertension in Pregnancy,1,13.214911749483788
Q183,C267,Hypertension in Pregnancy in Pregnancy: Safety and Management Guide,2,8.714280679636161
Q183,C260,Hypertension in Pregnancy in anaemia: Special Considerations,3,8.247649817751334
Q183,C255,Practical Guide: Initiating Labetalol in Hypertension in Pregnancy,4,7.805932186305093
Q183,C275,Treatment Intensification in Hypertension in Pregnancy: When and How,5,7.409689709756355
Q183,C272,National Guideline: Hypertension in Pregnancy Diagnosis and Treatment,6,7.356057896402174
Q183,C266,Profil Obat Centrally acting antihypertensives pada Hypertension in Pregnancy,7,6.9620105606708815
Q183,C257,Switching Therapy in Hypertension in Pregnancy: A Step-by-Step Guide,8,6.727950249968875
Q183,C263,Tinjauan Sistematis: Beta blockers non-selective pada Hypertension in Pregnancy,9,6.608033210609751
Q183,C270,Long-term Outcomes of Beta blockers non-selective Therapy in Hypertension in Pregnancy,10,6.16217819320973
Q183,C262,Preeclampsia in pregnancy: Special Considerations,11,4.92512607487174
Q183,C028,Practical Guide: Initiating Losartan in Hypertension,12,4.8622565146338275
Q183,C170,Major Depressive Disorder in hypertension: Special Considerations,13,4.570543671608399
Q183,C075,Migraine in Pregnancy: Safety and Management Guide,14,4.334156624685214
Q183,C118,COPD in Pregnancy: Safety and Management Guide,15,4.334156624685214
Q183,C269,Preeclampsia in Pregnancy: Safety and Management Guide,16,4.334156624685214
Q183,C073,Quick Reference: Antiepileptics other Dosing in Migraine,17,4.265026602851163
Q183,C339,Quick Reference: Calcineurin inhibitors Dosing in Psoriasis,18,4.265026602851163
Q183,C006,"Methimazole: Pharmacology, Dosing, and Clinical Use in Hyperthyroidism",19,4.023627605387614
Q183,C022,Quick Reference: Vasopressin analogues Dosing in Diabetes Insipidus,20,4.023627605387614
Q184,C143,Consensus Statement: Proton pump inhibitors Use in Peptic Ulcer Disease,1,18.651928040870907
Q184,C141,Efficacy of Proton pump inhibitors in Peptic Ulcer Disease: A Cohort Study,2,18.23878519103868
Q184,C139,Narrative Review: Current Evidence for Proton pump inhibitors in Peptic Ulcer Disease,3,16.93031396911288
Q184,C140,"Proton pump inhibitors: Mechanism, Indications, and Safety",4,15.17506924779798
Q184,C150,Practical Guide: Initiating Omeprazole in Peptic Ulcer Disease,5,9.893775761905587
Q184,C157,Profil Keamanan Lansoprazole pada Peptic Ulcer Disease,6,9.380043388467092
Q184,C161,Asia-Pacific Guideline: Peptic Ulcer Disease in Primary Care 2025,7,8.88769497654094
Q184,C147,National Guideline: Peptic Ulcer Disease Diagnosis and Treatment,8,8.849136249780818
Q184,C154,Peptic Ulcer Disease pada Populasi Khusus: Pendekatan Praktis,9,8.849136249780818
Q184,C149,Switching Therapy in Peptic Ulcer Disease: A Step-by-Step Guide,10,8.45767202484462
Q184,C156,Switching Therapy in Peptic Ulcer Disease: A Step-by-Step Guide,11,8.45767202484462
Q184,C069,Long-term Outcomes of SGLT2 inhibitors Therapy in Chronic Kidney Disease,12,5.864476504023834
Q184,C058,Case Series: SGLT2 inhibitors in Refractory Chronic Kidney Disease,13,4.9740231838603215
Q184,C056,Biomarkers in Chronic Kidney Disease: Implications for SGLT2 inhibitors Therapy,14,4.721123316728285
Q184,C059,Safety Profile of Empagliflozin in Chronic Kidney Disease,15,4.605226310585038
Q184,C209,Long-term Outcomes of Proteasome inhibitors Therapy in Rheumatoid Arthritis,16,4.405661126470706
Q184,C191,Efficacy of BTK inhibitors in Chronic Lymphocytic Leukaemia: A Cohort Study,17,4.192497262636576
Q184,C033,"Statins: Mechanism, Indications, and Safety",18,4.151558599265983
Q184,C104,"NRTIs: Mechanism, Indications, and Safety",19,4.151558599265983
Q184,C112,"Antimalarials: Mechanism, Indications, and Safety",20,4.151558599265983
Q185,C016,Dose Adjustment of Desmopressin in Renal and Hepatic Impairment,1,10.68620986098231
Q185,C040,Dose Adjustment of Atorvastatin in Renal and Hepatic Impairment,2,10.68620986098231
Q185,C084,Dose Adjustment of Valproate in Renal and Hepatic Impairment,3,10.68620986098231
Q185,C116,Dose Adjustment of Salmeterol in Renal and Hepatic Impairment,4,10.68620986098231
Q185,C169,Dose Adjustment of Olanzapine in Renal and Hepatic Impairment,5,10.68620986098231
Q185,C231,Dose Adjustment of Apixaban in Renal and Hepatic Impairment,6,10.68620986098231
Q185,C236,Dose Adjustment of Rivaroxaban in Renal and Hepatic Impairment,7,10.68620986098231
Q185,C314,Dose Adjustment of Vancomycin in Renal and Hepatic Impairment,8,10.68620986098231
Q185,C343,Dose Adjustment of Dupilumab in Renal and Hepatic Impairment,9,10.68620986098231
Q185,C021,Dose Adjustment of Insulin glargine in Renal and Hepatic Impairment,10,10.142878848220512
Q185,C117,Safety Profile of Bedaquiline in MDR Tuberculosis,11,5.45825995432156
Q185,C120,Safety Profile of Bedaquiline in MDR Tuberculosis,12,5.45825995432156
Q185,C125,Efficacy of Antituberculotics in MDR Tuberculosis: A Cohort Study,13,4.873486744806399
Q185,C130,Profil Keamanan Bedaquiline pada MDR Tuberculosis,14,4.628644097110018
Q185,C136,MDR Tuberculosis pada Populasi Khusus: Pendekatan Praktis,15,4.350946915799847
Q185,C222,Challenging Case: Psoriatic Arthritis with Concurrent renal impairment,16,3.3531493409720508
Q185,C260,Hypertension in Pregnancy in anaemia: Special Considerations,17,1.5575755985011488
Q185,C255,Practical Guide: Initiating Labetalol in Hypertension in Pregnancy,18,1.4945138020276896
Q185,C268,Methyldopa Drug Profile: Efficacy in Hypertension in Pregnancy,19,1.4945138020276896
Q185,C267,Hypertension in Pregnancy in Pregnancy: Safety and Management Guide,20,1.4363596921061903
Q186,C250,Rivaroxaban pada Pasien Deep Vein Thrombosis: Studi Kohort,1,17.84187802268567
Q186,C251,A Case of Deep Vein Thrombosis Resistant to Rivaroxaban,2,13.161393644928065
Q186,C248,Rivaroxaban Real-World Evidence in Deep Vein Thrombosis: A Retrospective Study,3,11.887789778330948
Q186,C243,Kasus Sulit: Deep Vein Thrombosis Refrakter terhadap Warfarin,4,9.8016390119088
Q186,C249,Ringkasan Klinis: Tatalaksana Deep Vein Thrombosis Terkini 2022,5,9.8016390119088
Q186,C234,New Insights into Deep Vein Thrombosis Pathophysiology and Treatment,6,9.276587443142382
Q186,C238,Rare Adverse Event of Warfarin in Deep Vein Thrombosis,7,9.276587443142382
Q186,C242,Challenging Case: Deep Vein Thrombosis with Concurrent elderly patients,8,9.276587443142382
Q186,C246,Scoping Review: Emerging Therapies in Deep Vein Thrombosis 2024,9,9.276587443142382
Q186,C239,Asia-Pacific Guideline: Deep Vein Thrombosis in Primary Care 2024,10,8.804927451805415
Q186,C241,Consensus Statement: Vitamin K antagonists Use in Deep Vein Thrombosis,11,8.804927451805415
Q186,C245,Monitoring Parameters for Factor Xa inhibitors in Deep Vein Thrombosis,12,8.804927451805415
Q186,C026,Profil Keamanan Rivaroxaban pada Atrial Fibrillation,13,4.628644097110018
Q186,C135,Prednisolone pada Pasien COPD: Studi Kohort,14,4.437924011015704
Q186,C129,Dosis Corticosteroids pada Asthma: Referensi Cepat,15,4.274067670443244
Q186,C166,Dosis SSRIs pada ADHD: Referensi Cepat,16,4.274067670443244
Q186,C045,Metoprolol pada Pasien Heart Failure: Studi Kohort,17,4.171669150440603
Q186,C152,Metronidazole pada Pasien Inflammatory Bowel Disease: Studi Kohort,18,3.935554151769135
Q186,C311,Secukinumab pada Pasien Disseminated Intravascular Coagulation: Studi Kohort,19,3.935554151769135
Q186,C317,Secukinumab pada Pasien Disseminated Intravascular Coagulation: Studi Kohort,20,3.935554151769135
Q187,C171,Perbandingan Venlafaxine dan Venlafaxine pada Major Depressive Disorder,1,19.11903936929052
Q187,C170,Major Depressive Disorder in hypertension: Special Considerations,2,14.070413503079777
Q187,C164,Clinical Summary: Major Depressive Disorder Management Update 2021,3,10.00682007061052
Q187,C180,Risk Stratification in Major Depressive Disorder: Current Approaches,4,10.00682007061052
Q187,C181,Case Report: Atypical Presentation of Major Depressive Disorder,5,10.00682007061052
Q187,C172,Major Depressive Disorder in Pregnancy: Safety and Management Guide,6,9.470777417942562
Q187,C174,Long-term Outcomes of SNRIs Therapy in Major Depressive Disorder,7,8.989244006838536
Q187,C182,"Sertraline: Pharmacology, Dosing, and Clinical Use in Major Depressive Disorder",8,8.989244006838536
Q187,C173,Escitalopram versus Sertraline in Major Depressive Disorder: Head-to-Head Comparison,9,8.554307698657128
Q187,C184,Sertraline Real-World Evidence in Major Depressive Disorder: A Retrospective Study,10,8.554307698657128
Q187,C135,Prednisolone pada Pasien COPD: Studi Kohort,11,5.987157344749509
Q187,C129,Dosis Corticosteroids pada Asthma: Referensi Cepat,12,5.823301004177049
Q187,C166,Dosis SSRIs pada ADHD: Referensi Cepat,13,5.823301004177049
Q187,C045,Metoprolol pada Pasien Heart Failure: Studi Kohort,14,5.627955668445315
Q187,C152,Metronidazole pada Pasien Inflammatory Bowel Disease: Studi Kohort,15,5.309415367847006
Q187,C250,Rivaroxaban pada Pasien Deep Vein Thrombosis: Studi Kohort,16,5.309415367847006
Q187,C311,Secukinumab pada Pasien Disseminated Intravascular Coagulation: Studi Kohort,17,5.309415367847006
Q187,C317,Secukinumab pada Pasien Disseminated Intravascular Coagulation: Studi Kohort,18,5.309415367847006
Q187,C345,Dosis Topical calcineurin inhibitors pada Psoriasis: Referensi Cepat,19,5.164107449137047
Q187,C036,Dosis Platelet aggregation inhibitors pada Stable Angina: Referensi Cepat,20,4.88747792685476
Q188,C294,Perbandingan Zinc dan Zinc pada Stunting / Malnutrition,1,17.56108667750338
Q188,C297,Panduan Praktis: Memulai Vitamin A pada Stunting / Malnutrition,2,14.380974571046853
Q188,C280,Biomarkers in Stunting / Malnutrition: Implications for Vitamin A Therapy,3,12.310351796636594
Q188,C283,Drug Interactions: Zinc in Stunting / Malnutrition Patients,4,11.10874729963415
Q188,C288,Zinc in Stunting / Malnutrition: Real-World Outcomes,5,11.10874729963415
Q188,C279,Rare Adverse Event of Zinc in Stunting / Malnutrition,6,10.479996130904059
Q188,C296,Narrative Review: Current Evidence for Zinc supplements in Stunting / Malnutrition,7,9.41430361959858
Q188,C281,Stunting / Malnutrition in anaemia: Special Considerations,8,7.189113878290622
Q188,C287,Challenging Case: Stunting / Malnutrition with Concurrent COPD,9,6.757800383834303
Q188,C289,Case Report: Atypical Presentation of Stunting / Malnutrition,10,6.757800383834303
Q188,C293,Clinical Summary: Stunting / Malnutrition Management Update 2021,11,6.757800383834303
Q188,C295,Risk Stratification in Stunting / Malnutrition: Current Approaches,12,6.757800383834303
Q188,C298,Clinical Practice Guideline: Stunting / Malnutrition Management 2020,13,6.757800383834303
Q188,C029,Profil Obat ARBs pada Heart Failure,14,6.691536449047856
Q188,C043,Profil Obat Statins pada Acute Coronary Syndrome,15,6.290075292918985
Q188,C266,Profil Obat Centrally acting antihypertensives pada Hypertension in Pregnancy,16,5.616185161647389
Q188,C089,Perbandingan Topiramate dan Topiramate pada Migraine,17,4.982028724354492
Q188,C088,Perbandingan Valproate dan Valproate pada Parkinson Disease,18,4.683130104168213
Q188,C285,Perbandingan Diazepam dan Diazepam pada Febrile Seizure,19,4.683130104168213
Q188,C291,Perbandingan Diazepam dan Diazepam pada Febrile Seizure,20,4.683130104168213
Q189,C157,Profil Keamanan Lansoprazole pada Peptic Ulcer Disease,1,15.113536642252694
Q189,C016,Dose Adjustment of Desmopressin in Renal and Hepatic Impairment,2,10.68620986098231
Q189,C040,Dose Adjustment of Atorvastatin in Renal and Hepatic Impairment,3,10.68620986098231
Q189,C084,Dose Adjustment of Valproate in Renal and Hepatic Impairment,4,10.68620986098231
Q189,C116,Dose Adjustment of Salmeterol in Renal and Hepatic Impairment,5,10.68620986098231
Q189,C169,Dose Adjustment of Olanzapine in Renal and Hepatic Impairment,6,10.68620986098231
Q189,C231,Dose Adjustment of Apixaban in Renal and Hepatic Impairment,7,10.68620986098231
Q189,C236,Dose Adjustment of Rivaroxaban in Renal and Hepatic Impairment,8,10.68620986098231
Q189,C314,Dose Adjustment of Vancomycin in Renal and Hepatic Impairment,9,10.68620986098231
Q189,C343,Dose Adjustment of Dupilumab in Renal and Hepatic Impairment,10,10.68620986098231
Q189,C021,Dose Adjustment of Insulin glargine in Renal and Hepatic Impairment,11,10.142878848220512
Q189,C150,Practical Guide: Initiating Omeprazole in Peptic Ulcer Disease,12,9.893775761905587
Q189,C143,Consensus Statement: Proton pump inhibitors Use in Peptic Ulcer Disease,13,8.88769497654094
Q189,C161,Asia-Pacific Guideline: Peptic Ulcer Disease in Primary Care 2025,14,8.88769497654094
Q189,C147,National Guideline: Peptic Ulcer Disease Diagnosis and Treatment,15,8.849136249780818
Q189,C154,Peptic Ulcer Disease pada Populasi Khusus: Pendekatan Praktis,16,8.849136249780818
Q189,C149,Switching Therapy in Peptic Ulcer Disease: A Step-by-Step Guide,17,8.45767202484462
Q189,C156,Switching Therapy in Peptic Ulcer Disease: A Step-by-Step Guide,18,8.45767202484462
Q189,C139,Narrative Review: Current Evidence for Proton pump inhibitors in Peptic Ulcer Disease,19,8.06734113946965
Q189,C141,Efficacy of Proton pump inhibitors in Peptic Ulcer Disease: A Cohort Study,20,8.06734113946965
Q190,C137,Asthma in immunocompromised: Special Considerations,1,5.823752790599115
Q190,C126,Budesonide Drug Profile: Efficacy in Asthma,2,5.452054453227119
Q190,C127,Risk Stratification in Asthma: Current Approaches,3,5.452054453227119
Q190,C131,Treatment Intensification in Asthma: When and How,4,5.124956468969474
Q190,C138,Treatment Intensification in Asthma: When and How,5,5.124956468969474
Q190,C124,Konsensus Nasional: Asthma di Indonesia 2024,6,4.274067670443244
Q190,C129,Dosis Corticosteroids pada Asthma: Referensi Cepat,7,4.274067670443244
Q190,C033,"Statins: Mechanism, Indications, and Safety",8,4.151558599265983
Q190,C104,"NRTIs: Mechanism, Indications, and Safety",9,4.151558599265983
Q190,C112,"Antimalarials: Mechanism, Indications, and Safety",10,4.151558599265983
Q190,C265,"Magnesium: Mechanism, Indications, and Safety",11,4.151558599265983
Q190,C292,"Benzodiazepines: Mechanism, Indications, and Safety",12,4.151558599265983
Q190,C101,"NRTIs combination: Mechanism, Indications, and Safety",13,3.8865872853495445
Q190,C244,"Iron preparations: Mechanism, Indications, and Safety",14,3.8865872853495445
Q190,C140,"Proton pump inhibitors: Mechanism, Indications, and Safety",15,3.6534100715880893
Q190,C235,"Vitamin K antagonists: Mechanism, Indications, and Safety",16,3.6534100715880893
Q190,C258,"Centrally acting antihypertensives: Mechanism, Indications, and Safety",17,3.6534100715880893
Q190,C319,Safety Profile of Meropenem in Sepsis,18,2.987533440268015
Q190,C344,Safety Profile of Dupilumab in Psoriasis,19,2.987533440268015
Q190,C044,Safety Profile of Furosemide in Heart Failure,20,2.8082952880086305
Q191,C041,Laporan Kasus: Heart Failure dengan immunocompromised,1,12.82220301132973
Q191,C029,Profil Obat ARBs pada Heart Failure,2,8.548135340886487
Q191,C031,Clinical Practice Guideline: Heart Failure Management 2021,3,8.03528686089552
Q191,C038,Clinical Summary: Heart Failure Management Update 2024,4,8.03528686089552
Q191,C044,Safety Profile of Furosemide in Heart Failure,5,8.03528686089552
Q191,C045,Metoprolol pada Pasien Heart Failure: Studi Kohort,6,8.03528686089552
Q191,C034,Spironolactone Real-World Evidence in Heart Failure: A Retrospective Study,7,6.809645420733705
Q191,C222,Challenging Case: Psoriatic Arthritis with Concurrent renal impairment,8,6.7062986819441015
Q191,C016,Dose Adjustment of Desmopressin in Renal and Hepatic Impairment,9,6.3470574734796
Q191,C040,Dose Adjustment of Atorvastatin in Renal and Hepatic Impairment,10,6.3470574734796
Q191,C084,Dose Adjustment of Valproate in Renal and Hepatic Impairment,11,6.3470574734796
Q191,C116,Dose Adjustment of Salmeterol in Renal and Hepatic Impairment,12,6.3470574734796
Q191,C169,Dose Adjustment of Olanzapine in Renal and Hepatic Impairment,13,6.3470574734796
Q191,C231,Dose Adjustment of Apixaban in Renal and Hepatic Impairment,14,6.3470574734796
Q191,C236,Dose Adjustment of Rivaroxaban in Renal and Hepatic Impairment,15,6.3470574734796
Q191,C314,Dose Adjustment of Vancomycin in Renal and Hepatic Impairment,16,6.3470574734796
Q191,C343,Dose Adjustment of Dupilumab in Renal and Hepatic Impairment,17,6.3470574734796
Q191,C021,Dose Adjustment of Insulin glargine in Renal and Hepatic Impairment,18,6.024346876365611
Q191,C083,Laporan Kasus: Migraine dengan COPD,19,4.565455781209233
Q191,C338,Laporan Kasus: Psoriasis dengan anaemia,20,4.565455781209233
Q192,C016,Dose Adjustment of Desmopressin in Renal and Hepatic Impairment,1,8.381233087802602
Q192,C022,Quick Reference: Vasopressin analogues Dosing in Diabetes Insipidus,2,7.747853675593676
Q192,C019,Asia-Pacific Guideline: Diabetes Insipidus in Primary Care 2021,3,7.332818728683209
Q192,C007,Efficacy of Vasopressin analogues in Diabetes Insipidus: A Cohort Study,4,6.959987960985009
Q192,C040,Dose Adjustment of Atorvastatin in Renal and Hepatic Impairment,5,3.2620002906108967
Q192,C084,Dose Adjustment of Valproate in Renal and Hepatic Impairment,6,3.2620002906108967
Q192,C116,Dose Adjustment of Salmeterol in Renal and Hepatic Impairment,7,3.2620002906108967
Q192,C169,Dose Adjustment of Olanzapine in Renal and Hepatic Impairment,8,3.2620002906108967
Q192,C231,Dose Adjustment of Apixaban in Renal and Hepatic Impairment,9,3.2620002906108967
Q192,C236,Dose Adjustment of Rivaroxaban in Renal and Hepatic Impairment,10,3.2620002906108967
Q192,C314,Dose Adjustment of Vancomycin in Renal and Hepatic Impairment,11,3.2620002906108967
Q192,C343,Dose Adjustment of Dupilumab in Renal and Hepatic Impairment,12,3.2620002906108967
Q192,C021,Dose Adjustment of Insulin glargine in Renal and Hepatic Impairment,13,3.0961467331210595
Q192,C002,Clinical Practice Guideline: Type 1 Diabetes Mellitus Management 2023,14,3.016900154103931
Q192,C005,Liraglutide in Type 2 Diabetes Mellitus: Real-World Outcomes,15,3.016900154103931
Q192,C012,Case Report: Atypical Presentation of Type 2 Diabetes Mellitus,16,3.016900154103931
Q192,C017,Type 2 Diabetes Mellitus in Special Populations: Practical Guidance,17,3.016900154103931
Q192,C018,Laporan Kasus: Type 2 Diabetes Mellitus dengan Presentasi Atipikal,18,3.016900154103931
Q192,C020,Clinical Practice Guideline: Type 2 Diabetes Mellitus Management 2021,19,3.016900154103931
Q192,C008,Treatment Intensification in Type 2 Diabetes Mellitus: When and How,20,2.8635084991154307
Q193,C023,Hasil Jangka Panjang Terapi GLP-1 receptor agonists pada Obesity,1,11.597781634106008
Q193,C009,Case Report: Atypical Presentation of Obesity,2,10.284606230628102
Q193,C200,Chronic Lymphocytic Leukaemia and obesity: Management Challenges,3,9.667577549828545
Q193,C083,Laporan Kasus: Migraine dengan COPD,4,4.565455781209233
Q193,C338,Laporan Kasus: Psoriasis dengan anaemia,5,4.565455781209233
Q193,C041,Laporan Kasus: Heart Failure dengan immunocompromised,6,4.274067670443244
Q193,C097,Laporan Kasus: Malaria dengan atrial fibrillation,7,4.274067670443244
Q193,C024,Laporan Kasus: Acute Coronary Syndrome dengan Presentasi Atipikal,8,3.790246233059176
Q193,C092,Hasil Jangka Panjang Terapi Antiepileptics other pada Migraine,9,3.790246233059176
Q193,C208,Laporan Kasus: Systemic Lupus Erythematosus dengan Presentasi Atipikal,10,3.790246233059176
Q193,C018,Laporan Kasus: Type 2 Diabetes Mellitus dengan Presentasi Atipikal,11,3.58721133978665
Q193,C077,Hasil Jangka Panjang Terapi Fatty acid derivatives pada Epilepsy,12,3.58721133978665
Q193,C213,Hasil Jangka Panjang Terapi IL-17 inhibitors pada Gout,13,3.58721133978665
Q193,C220,Hasil Jangka Panjang Terapi Proteasome inhibitors pada Rheumatoid Arthritis,14,3.58721133978665
Q193,C098,Hasil Jangka Panjang Terapi NRTIs combination pada Urinary Tract Infection,15,3.4048227103668527
Q193,C253,Hasil Jangka Panjang Terapi Erythropoiesis stimulating agents pada Iron Deficiency Anaemia,16,3.240083493305596
Q193,C001,Panduan Praktis: Memulai Levothyroxine pada Hypothyroidism,17,0.0
Q193,C002,Clinical Practice Guideline: Type 1 Diabetes Mellitus Management 2023,18,0.0
Q193,C003,A Case of Type 1 Diabetes Mellitus Resistant to Insulin degludec,19,0.0
Q193,C004,Successful Management of Severe Hypothyroidism with Levothyroxine,20,0.0
Q194,C065,Profil Keamanan Losartan pada Chronic Kidney Disease,1,12.749576591153055
Q194,C047,Drug Interactions: Losartan in Chronic Kidney Disease Patients,2,12.027955064775792
Q194,C048,Panduan Klinis: Tatalaksana Chronic Kidney Disease 2022,3,7.915787816238781
Q194,C061,Profil Keamanan Dapagliflozin pada Chronic Kidney Disease,4,7.915787816238781
Q194,C050,Chronic Kidney Disease pada Populasi Khusus: Pendekatan Praktis,5,7.467757025130277
Q194,C052,Clinical Summary: Chronic Kidney Disease Management Update 2024,6,7.467757025130277
Q194,C059,Safety Profile of Empagliflozin in Chronic Kidney Disease,7,7.467757025130277
Q194,C060,Case Report: Atypical Presentation of Chronic Kidney Disease,8,7.467757025130277
Q194,C062,Konsensus Nasional: Chronic Kidney Disease di Indonesia 2022,9,7.467757025130277
Q194,C068,Chronic Kidney Disease pada Populasi Khusus: Pendekatan Praktis,10,7.467757025130277
Q194,C058,Case Series: SGLT2 inhibitors in Refractory Chronic Kidney Disease,11,7.067726220440653
Q194,C056,Biomarkers in Chronic Kidney Disease: Implications for SGLT2 inhibitors Therapy,12,6.7083738499340395
Q194,C057,Switching Therapy in Chronic Kidney Disease: A Step-by-Step Guide,13,6.383795347673853
Q194,C069,Long-term Outcomes of SGLT2 inhibitors Therapy in Chronic Kidney Disease,14,6.383795347673853
Q194,C028,Practical Guide: Initiating Losartan in Hypertension,15,5.142303115314051
Q194,C200,Chronic Lymphocytic Leukaemia and obesity: Management Challenges,16,2.5422018441309535
Q194,C204,Profil Keamanan Ibrutinib pada Chronic Lymphocytic Leukaemia,17,2.5422018441309535
Q194,C186,Konsensus Nasional: Chronic Lymphocytic Leukaemia di Indonesia 2022,18,2.3983141187617956
Q194,C188,Risk Stratification in Chronic Lymphocytic Leukaemia: Current Approaches,19,2.3983141187617956
Q194,C192,National Guideline: Chronic Myeloid Leukaemia Diagnosis and Treatment,20,2.3983141187617956
Q195,C103,Profil Keamanan Amoxicillin pada HIV/AIDS,1,6.099430817826061
Q195,C137,Asthma in immunocompromised: Special Considerations,2,4.565455781209233
Q195,C029,Profil Obat ARBs pada Heart Failure,3,4.274067670443244
Q195,C041,Laporan Kasus: Heart Failure dengan immunocompromised,4,4.274067670443244
Q195,C124,Konsensus Nasional: Asthma di Indonesia 2024,5,4.274067670443244
Q195,C126,Budesonide Drug Profile: Efficacy in Asthma,6,4.274067670443244
Q195,C127,Risk Stratification in Asthma: Current Approaches,7,4.274067670443244
Q195,C129,Dosis Corticosteroids pada Asthma: Referensi Cepat,8,4.274067670443244
Q195,C031,Clinical Practice Guideline: Heart Failure Management 2021,9,4.01764343044776
Q195,C038,Clinical Summary: Heart Failure Management Update 2024,10,4.01764343044776
Q195,C044,Safety Profile of Furosemide in Heart Failure,11,4.01764343044776
Q195,C045,Metoprolol pada Pasien Heart Failure: Studi Kohort,12,4.01764343044776
Q195,C131,Treatment Intensification in Asthma: When and How,13,4.01764343044776
Q195,C138,Treatment Intensification in Asthma: When and How,14,4.01764343044776
Q195,C034,Spironolactone Real-World Evidence in Heart Failure: A Retrospective Study,15,3.4048227103668527
Q195,C162,Biomarkers in Schizophrenia: Implications for Atypical antipsychotics Therapy,16,2.605782573313007
Q195,C216,Switching Therapy in Osteoporosis: A Step-by-Step Guide,17,2.466196711568875
Q195,C280,Biomarkers in Stunting / Malnutrition: Implications for Vitamin A Therapy,18,2.466196711568875
Q195,C318,Switching Therapy in Sepsis: A Step-by-Step Guide,19,2.466196711568875
Q195,C323,Switching Therapy in Psoriasis: A Step-by-Step Guide,20,2.466196711568875
Q196,C086,Risk Stratification in Migraine: Current Approaches,1,8.548135340886487
Q196,C127,Risk Stratification in Asthma: Current Approaches,2,8.548135340886487
Q196,C113,Risk Stratification in Typhoid Fever: Current Approaches,3,8.03528686089552
Q196,C224,Risk Stratification in Rheumatoid Arthritis: Current Approaches,4,8.03528686089552
Q196,C295,Risk Stratification in Stunting / Malnutrition: Current Approaches,5,8.03528686089552
Q196,C180,Risk Stratification in Major Depressive Disorder: Current Approaches,6,7.580492466118352
Q196,C188,Risk Stratification in Chronic Lymphocytic Leukaemia: Current Approaches,7,7.580492466118352
Q196,C225,Treatment Intensification in Gout: When and How,8,4.350946915799847
Q196,C217,"Adalimumab: Pharmacology, Dosing, and Clinical Use in Gout",9,4.104684859007734
Q196,C230,Case Series: IL-17 inhibitors in Refractory Gout,10,4.104684859007734
Q196,C213,Hasil Jangka Panjang Terapi IL-17 inhibitors pada Gout,11,3.884806201785683
Q196,C214,Adalimumab versus Adalimumab in Gout: Head-to-Head Comparison,12,3.884806201785683
Q196,C001,Panduan Praktis: Memulai Levothyroxine pada Hypothyroidism,13,0.0
Q196,C002,Clinical Practice Guideline: Type 1 Diabetes Mellitus Management 2023,14,0.0
Q196,C003,A Case of Type 1 Diabetes Mellitus Resistant to Insulin degludec,15,0.0
Q196,C004,Successful Management of Severe Hypothyroidism with Levothyroxine,16,0.0
Q196,C005,Liraglutide in Type 2 Diabetes Mellitus: Real-World Outcomes,17,0.0
Q196,C006,"Methimazole: Pharmacology, Dosing, and Clinical Use in Hyperthyroidism",18,0.0
Q196,C007,Efficacy of Vasopressin analogues in Diabetes Insipidus: A Cohort Study,19,0.0
Q196,C008,Treatment Intensification in Type 2 Diabetes Mellitus: When and How,20,0.0
Q197,C130,Profil Keamanan Bedaquiline pada MDR Tuberculosis,1,15.948824643267894
Q197,C117,Safety Profile of Bedaquiline in MDR Tuberculosis,2,13.535682606513967
Q197,C120,Safety Profile of Bedaquiline in MDR Tuberculosis,3,13.535682606513967
Q197,C136,MDR Tuberculosis pada Populasi Khusus: Pendekatan Praktis,4,10.158180349604407
Q197,C125,Efficacy of Antituberculotics in MDR Tuberculosis: A Cohort Study,5,7.769612403571366
Q197,C092,Hasil Jangka Panjang Terapi Antiepileptics other pada Migraine,6,5.164107449137047
Q197,C077,Hasil Jangka Panjang Terapi Fatty acid derivatives pada Epilepsy,7,4.88747792685476
Q197,C213,Hasil Jangka Panjang Terapi IL-17 inhibitors pada Gout,8,4.88747792685476
Q197,C220,Hasil Jangka Panjang Terapi Proteasome inhibitors pada Rheumatoid Arthritis,9,4.88747792685476
Q197,C023,Hasil Jangka Panjang Terapi GLP-1 receptor agonists pada Obesity,10,4.638978377772834
Q197,C098,Hasil Jangka Panjang Terapi NRTIs combination pada Urinary Tract Infection,11,4.638978377772834
Q197,C229,Monitoring Parameters for Bisphosphonates in Osteoporosis,12,4.437924011015704
Q197,C253,Hasil Jangka Panjang Terapi Erythropoiesis stimulating agents pada Iron Deficiency Anaemia,13,4.4145256732042455
Q197,C151,Monitoring Parameters for Nitroimidazoles in Inflammatory Bowel Disease,14,3.935554151769135
Q197,C090,Monitoring Parameters for Fatty acid derivatives in Parkinson Disease,15,3.724735442893917
Q197,C203,Monitoring Parameters for CNS stimulants in Breast Cancer HER2-positive,16,3.5353545204916235
Q197,C245,Monitoring Parameters for Factor Xa inhibitors in Deep Vein Thrombosis,17,3.5353545204916235
Q197,C328,Monitoring Parameters for IL-4/IL-13 inhibitors in Psoriasis,18,3.5353545204916235
Q197,C276,Efektivitas Magnesium pada Preeclampsia,19,1.7759290382152242
Q197,C212,Profil Keamanan Alendronate pada Osteoporosis,20,1.6548536020730698
Q198,C263,Tinjauan Sistematis: Beta blockers non-selective pada Hypertension in Pregnancy,1,7.3347807004144645
Q198,C270,Long-term Outcomes of Beta blockers non-selective Therapy in Hypertension in Pregnancy,2,6.364056072312043
Q198,C256,New Insights into Preeclampsia Pathophysiology and Treatment,3,4.171669150440603
Q198,C330,New Insights into Psoriasis Pathophysiology and Treatment,4,4.171669150440603
Q198,C337,New Insights into Psoriasis Pathophysiology and Treatment,5,4.171669150440603
Q198,C282,New Insights into Febrile Seizure Pathophysiology and Treatment,6,3.935554151769135
Q198,C155,New Insights into Inflammatory Bowel Disease Pathophysiology and Treatment,7,3.724735442893917
Q198,C234,New Insights into Deep Vein Thrombosis Pathophysiology and Treatment,8,3.724735442893917
Q198,C028,Practical Guide: Initiating Losartan in Hypertension,9,3.6842697318499518
Q198,C219,Konsensus Nasional: Osteoporosis di Indonesia 2022,10,3.6842697318499518
Q198,C254,Clinical Practice Guideline: Preeclampsia Management 2022,11,3.6842697318499518
Q198,C048,Panduan Klinis: Tatalaksana Chronic Kidney Disease 2022,12,3.463230633086685
Q198,C051,Clinical Practice Guideline: Nephrotic Syndrome Management 2022,13,3.463230633086685
Q198,C170,Major Depressive Disorder in hypertension: Special Considerations,14,3.463230633086685
Q198,C260,Hypertension in Pregnancy in anaemia: Special Considerations,15,3.463230633086685
Q198,C062,Konsensus Nasional: Chronic Kidney Disease di Indonesia 2022,16,3.2672130039696
Q198,C071,Asia-Pacific Guideline: Epilepsy in Primary Care 2022,17,3.2672130039696
Q198,C148,Clinical Summary: Inflammatory Bowel Disease Management Update 2022,18,3.2672130039696
Q198,C160,Konsensus Nasional: Inflammatory Bowel Disease di Indonesia 2022,19,3.2672130039696
Q198,C183,Scoping Review: Emerging Therapies in Bipolar Disorder 2022,20,3.2672130039696
Q199,C121,Asia-Pacific Guideline: Community-acquired Pneumonia in Primary Care 2025,1,13.199414649437976
Q199,C122,Case Series: Factor Xa inhibitors in Refractory Community-acquired Pneumonia,2,13.199414649437976
Q199,C236,Dose Adjustment of Rivaroxaban in Renal and Hepatic Impairment,3,7.14680649239658
Q199,C026,Profil Keamanan Rivaroxaban pada Atrial Fibrillation,4,4.628644097110018
Q199,C250,Rivaroxaban pada Pasien Deep Vein Thrombosis: Studi Kohort,5,4.104684859007734
Q199,C251,A Case of Deep Vein Thrombosis Resistant to Rivaroxaban,6,3.884806201785683
Q199,C248,Rivaroxaban Real-World Evidence in Deep Vein Thrombosis: A Retrospective Study,7,3.5088806476190557
Q199,C016,Dose Adjustment of Desmopressin in Renal and Hepatic Impairment,8,3.2620002906108967
Q199,C040,Dose Adjustment of Atorvastatin in Renal and Hepatic Impairment,9,3.2620002906108967
Q199,C084,Dose Adjustment of Valproate in Renal and Hepatic Impairment,10,3.2620002906108967
Q199,C116,Dose Adjustment of Salmeterol in Renal and Hepatic Impairment,11,3.2620002906108967
Q199,C169,Dose Adjustment of Olanzapine in Renal and Hepatic Impairment,12,3.2620002906108967
Q199,C231,Dose Adjustment of Apixaban in Renal and Hepatic Impairment,13,3.2620002906108967
Q199,C314,Dose Adjustment of Vancomycin in Renal and Hepatic Impairment,14,3.2620002906108967
Q199,C343,Dose Adjustment of Dupilumab in Renal and Hepatic Impairment,15,3.2620002906108967
Q199,C021,Dose Adjustment of Insulin glargine in Renal and Hepatic Impairment,16,3.0961467331210595
Q199,C001,Panduan Praktis: Memulai Levothyroxine pada Hypothyroidism,17,0.0
Q199,C002,Clinical Practice Guideline: Type 1 Diabetes Mellitus Management 2023,18,0.0
Q199,C003,A Case of Type 1 Diabetes Mellitus Resistant to Insulin degludec,19,0.0
Q199,C004,Successful Management of Severe Hypothyroidism with Levothyroxine,20,0.0
Q200,C086,Risk Stratification in Migraine: Current Approaches,1,8.548135340886487
Q200,C127,Risk Stratification in Asthma: Current Approaches,2,8.548135340886487
Q200,C113,Risk Stratification in Typhoid Fever: Current Approaches,3,8.03528686089552
Q200,C224,Risk Stratification in Rheumatoid Arthritis: Current Approaches,4,8.03528686089552
Q200,C295,Risk Stratification in Stunting / Malnutrition: Current Approaches,5,8.03528686089552
Q200,C180,Risk Stratification in Major Depressive Disorder: Current Approaches,6,7.580492466118352
Q200,C188,Risk Stratification in Chronic Lymphocytic Leukaemia: Current Approaches,7,7.580492466118352
Q200,C130,Profil Keamanan Bedaquiline pada MDR Tuberculosis,8,4.628644097110018
Q200,C117,Safety Profile of Bedaquiline in MDR Tuberculosis,9,4.350946915799847
Q200,C120,Safety Profile of Bedaquiline in MDR Tuberculosis,10,4.350946915799847
Q200,C136,MDR Tuberculosis pada Populasi Khusus: Pendekatan Praktis,11,4.350946915799847
Q200,C125,Efficacy of Antituberculotics in MDR Tuberculosis: A Cohort Study,12,3.884806201785683
Q200,C001,Panduan Praktis: Memulai Levothyroxine pada Hypothyroidism,13,0.0
Q200,C002,Clinical Practice Guideline: Type 1 Diabetes Mellitus Management 2023,14,0.0
Q200,C003,A Case of Type 1 Diabetes Mellitus Resistant to Insulin degludec,15,0.0
Q200,C004,Successful Management of Severe Hypothyroidism with Levothyroxine,16,0.0
Q200,C005,Liraglutide in Type 2 Diabetes Mellitus: Real-World Outcomes,17,0.0
Q200,C006,"Methimazole: Pharmacology, Dosing, and Clinical Use in Hyperthyroidism",18,0.0
Q200,C007,Efficacy of Vasopressin analogues in Diabetes Insipidus: A Cohort Study,19,0.0
Q200,C008,Treatment Intensification in Type 2 Diabetes Mellitus: When and How,20,0.0
Q201,C029,Profil Obat ARBs pada Heart Failure,1,6.691536449047856
Q201,C043,Profil Obat Statins pada Acute Coronary Syndrome,2,6.290075292918985
Q201,C266,Profil Obat Centrally acting antihypertensives pada Hypertension in Pregnancy,3,5.616185161647389
Q201,C023,Hasil Jangka Panjang Terapi GLP-1 receptor agonists pada Obesity,4,5.330635129275559
Q201,C009,Case Report: Atypical Presentation of Obesity,5,5.142303115314051
Q201,C005,Liraglutide in Type 2 Diabetes Mellitus: Real-World Outcomes,6,5.119232797191707
Q201,C089,Perbandingan Topiramate dan Topiramate pada Migraine,7,4.982028724354492
Q201,C200,Chronic Lymphocytic Leukaemia and obesity: Management Challenges,8,4.8337887749142725
Q201,C088,Perbandingan Valproate dan Valproate pada Parkinson Disease,9,4.683130104168213
Q201,C285,Perbandingan Diazepam dan Diazepam pada Febrile Seizure,10,4.683130104168213
Q201,C291,Perbandingan Diazepam dan Diazepam pada Febrile Seizure,11,4.683130104168213
Q201,C294,Perbandingan Zinc dan Zinc pada Stunting / Malnutrition,12,4.683130104168213
Q201,C305,Hydrocortisone: Farmakologi dan Penggunaan Klinis pada Sepsis,13,4.683130104168213
Q201,C315,Perbandingan Hydrocortisone dan Piperacillin-tazobactam pada Sepsis,14,4.683130104168213
Q201,C091,Valproate: Farmakologi dan Penggunaan Klinis pada Parkinson Disease,15,4.418066596385674
Q201,C123,Metronidazole: Farmakologi dan Penggunaan Klinis pada Pulmonary Embolism,16,4.418066596385674
Q201,C165,Lithium: Farmakologi dan Penggunaan Klinis pada Bipolar Disorder,17,4.418066596385674
Q201,C171,Perbandingan Venlafaxine dan Venlafaxine pada Major Depressive Disorder,18,4.418066596385674
Q201,C273,Magnesium sulphate: Farmakologi dan Penggunaan Klinis pada Preeclampsia,19,4.418066596385674
Q201,C284,Diazepam: Farmakologi dan Penggunaan Klinis pada Febrile Seizure,20,4.418066596385674
Q202,C103,Profil Keamanan Amoxicillin pada HIV/AIDS,1,9.714138913620543
Q202,C114,Profil Keamanan Levofloxacin pada HIV/AIDS,2,9.714138913620543
Q202,C100,Case Report: Atypical Presentation of HIV/AIDS,3,9.13133562640039
Q202,C107,A Case of HIV/AIDS Resistant to Levofloxacin,4,8.614505259095605
Q202,C009,Case Report: Atypical Presentation of Obesity,5,5.142303115314051
Q202,C200,Chronic Lymphocytic Leukaemia and obesity: Management Challenges,6,4.8337887749142725
Q202,C023,Hasil Jangka Panjang Terapi GLP-1 receptor agonists pada Obesity,7,4.096479461869578
Q202,C076,Levetiracetam Drug Profile: Efficacy in Epilepsy,8,3.781175763045196
Q202,C126,Budesonide Drug Profile: Efficacy in Asthma,9,3.781175763045196
Q202,C004,Successful Management of Severe Hypothyroidism with Levothyroxine,10,3.6534100715880893
Q202,C168,Challenging Case: ADHD with Concurrent atrial fibrillation,11,3.6534100715880893
Q202,C177,Successful Management of Severe Schizophrenia with Clozapine,12,3.6534100715880893
Q202,C287,Challenging Case: Stunting / Malnutrition with Concurrent COPD,13,3.6534100715880893
Q202,C301,Successful Management of Severe Sepsis with Norepinephrine,14,3.6534100715880893
Q202,C278,Diazepam Drug Profile: Efficacy in Febrile Seizure,15,3.554322751794755
Q202,C283,Drug Interactions: Zinc in Stunting / Malnutrition Patients,16,3.554322751794755
Q202,C064,Successful Management of Severe Nephrotic Syndrome with Furosemide,17,3.446628353505714
Q202,C222,Challenging Case: Psoriatic Arthritis with Concurrent renal impairment,18,3.446628353505714
Q202,C324,Successful Management of Severe Psoriasis with Tacrolimus topical,19,3.446628353505714
Q202,C047,Drug Interactions: Losartan in Chronic Kidney Disease Patients,20,3.3531493409720508
Q203,C267,Hypertension in Pregnancy in Pregnancy: Safety and Management Guide,1,7.121326868316885
Q203,C129,Dosis Corticosteroids pada Asthma: Referensi Cepat,2,6.099430817826061
Q203,C075,Migraine in Pregnancy: Safety and Management Guide,3,6.013293763176111
Q203,C118,COPD in Pregnancy: Safety and Management Guide,4,6.013293763176111
Q203,C269,Preeclampsia in Pregnancy: Safety and Management Guide,5,6.013293763176111
Q203,C275,Treatment Intensification in Hypertension in Pregnancy: When and How,6,5.81673589843708
Q203,C272,National Guideline: Hypertension in Pregnancy Diagnosis and Treatment,7,5.672943462684636
Q203,C172,Major Depressive Disorder in Pregnancy: Safety and Management Guide,8,5.369056749351605
Q203,C303,Sepsis in Special Populations: Practical Guidance,9,4.959162545829072
Q203,C306,Sepsis in liver disease: Special Considerations,10,4.959162545829072
Q203,C319,Safety Profile of Meropenem in Sepsis,11,4.959162545829072
Q203,C262,Preeclampsia in pregnancy: Special Considerations,12,4.92512607487174
Q203,C260,Hypertension in Pregnancy in anaemia: Special Considerations,13,4.784419184664649
Q203,C255,Practical Guide: Initiating Labetalol in Hypertension in Pregnancy,14,4.538719182335493
Q203,C268,Methyldopa Drug Profile: Efficacy in Hypertension in Pregnancy,15,4.538719182335493
Q203,C318,Switching Therapy in Sepsis: A Step-by-Step Guide,16,4.162209279760516
Q203,C309,Profil Keamanan Meropenem pada Sepsis,17,4.038960558940491
Q203,C257,Switching Therapy in Hypertension in Pregnancy: A Step-by-Step Guide,18,3.9349805397315776
Q203,C266,Profil Obat Centrally acting antihypertensives pada Hypertension in Pregnancy,19,3.869814746290087
Q203,C304,Ringkasan Klinis: Tatalaksana Sepsis Terkini 2024,20,3.781175763045196
Q204,C232,Consensus Statement: Iron preparations Use in Iron Deficiency Anaemia,1,21.23762678872711
Q204,C240,Quick Reference: Iron preparations Dosing in Iron Deficiency Anaemia,2,21.23762678872711
Q204,C244,"Iron preparations: Mechanism, Indications, and Safety",3,17.28954259697737
Q204,C233,WHO Guideline Update: Iron Deficiency Anaemia 2023,4,15.436104873880902
Q204,C247,Iron Deficiency Anaemia pada Populasi Khusus: Pendekatan Praktis,5,14.562426796748612
Q204,C252,Rare Adverse Event of Erythropoietin in Iron Deficiency Anaemia,6,13.782350625264513
Q204,C237,Ferrous sulphate: Farmakologi dan Penggunaan Klinis pada Iron Deficiency Anaemia,7,13.081599037856067
Q204,C253,Hasil Jangka Panjang Terapi Erythropoiesis stimulating agents pada Iron Deficiency Anaemia,8,12.44865789327192
Q204,C033,"Statins: Mechanism, Indications, and Safety",9,4.151558599265983
Q204,C104,"NRTIs: Mechanism, Indications, and Safety",10,4.151558599265983
Q204,C112,"Antimalarials: Mechanism, Indications, and Safety",11,4.151558599265983
Q204,C265,"Magnesium: Mechanism, Indications, and Safety",12,4.151558599265983
Q204,C292,"Benzodiazepines: Mechanism, Indications, and Safety",13,4.151558599265983
Q204,C338,Laporan Kasus: Psoriasis dengan anaemia,14,4.151558599265983
Q204,C101,"NRTIs combination: Mechanism, Indications, and Safety",15,3.8865872853495445
Q204,C281,Stunting / Malnutrition in anaemia: Special Considerations,16,3.8865872853495445
Q204,C140,"Proton pump inhibitors: Mechanism, Indications, and Safety",17,3.6534100715880893
Q204,C235,"Vitamin K antagonists: Mechanism, Indications, and Safety",18,3.6534100715880893
Q204,C258,"Centrally acting antihypertensives: Mechanism, Indications, and Safety",19,3.6534100715880893
Q204,C260,Hypertension in Pregnancy in anaemia: Special Considerations,20,3.6534100715880893
Q205,C096,Drug Interactions: Artemether-lumefantrine in Typhoid Fever Patients,1,18.916115447447304
Q205,C106,Successful Management of Severe Typhoid Fever with Artemether-lumefantrine,2,17.902822050436683
Q205,C113,Risk Stratification in Typhoid Fever: Current Approaches,3,9.667577549828545
Q205,C083,Laporan Kasus: Migraine dengan COPD,4,4.565455781209233
Q205,C338,Laporan Kasus: Psoriasis dengan anaemia,5,4.565455781209233
Q205,C041,Laporan Kasus: Heart Failure dengan immunocompromised,6,4.274067670443244
Q205,C097,Laporan Kasus: Malaria dengan atrial fibrillation,7,4.274067670443244
Q205,C024,Laporan Kasus: Acute Coronary Syndrome dengan Presentasi Atipikal,8,3.790246233059176
Q205,C092,Hasil Jangka Panjang Terapi Antiepileptics other pada Migraine,9,3.790246233059176
Q205,C208,Laporan Kasus: Systemic Lupus Erythematosus dengan Presentasi Atipikal,10,3.790246233059176
Q205,C018,Laporan Kasus: Type 2 Diabetes Mellitus dengan Presentasi Atipikal,11,3.58721133978665
Q205,C077,Hasil Jangka Panjang Terapi Fatty acid derivatives pada Epilepsy,12,3.58721133978665
Q205,C213,Hasil Jangka Panjang Terapi IL-17 inhibitors pada Gout,13,3.58721133978665
Q205,C220,Hasil Jangka Panjang Terapi Proteasome inhibitors pada Rheumatoid Arthritis,14,3.58721133978665
Q205,C023,Hasil Jangka Panjang Terapi GLP-1 receptor agonists pada Obesity,15,3.4048227103668527
Q205,C098,Hasil Jangka Panjang Terapi NRTIs combination pada Urinary Tract Infection,16,3.4048227103668527
Q205,C253,Hasil Jangka Panjang Terapi Erythropoiesis stimulating agents pada Iron Deficiency Anaemia,17,3.240083493305596
Q205,C001,Panduan Praktis: Memulai Levothyroxine pada Hypothyroidism,18,0.0
Q205,C002,Clinical Practice Guideline: Type 1 Diabetes Mellitus Management 2023,19,0.0
Q205,C003,A Case of Type 1 Diabetes Mellitus Resistant to Insulin degludec,20,0.0
Q206,C082,Rare Adverse Event of Aspirin in Ischaemic Stroke,1,14.0234848222743
Q206,C085,Pedoman PNPK: Ischaemic Stroke,2,11.135586229852866
Q206,C070,Ischaemic Stroke in Special Populations: Practical Guidance,3,9.13133562640039
Q206,C087,Switching Therapy in Ischaemic Stroke: A Step-by-Step Guide,4,7.738511257900502
Q206,C129,Dosis Corticosteroids pada Asthma: Referensi Cepat,5,5.823301004177049
Q206,C166,Dosis SSRIs pada ADHD: Referensi Cepat,6,5.823301004177049
Q206,C345,Dosis Topical calcineurin inhibitors pada Psoriasis: Referensi Cepat,7,5.164107449137047
Q206,C036,Dosis Platelet aggregation inhibitors pada Stable Angina: Referensi Cepat,8,4.88747792685476
Q206,C185,Dosis BCR-ABL inhibitors pada Chronic Myeloid Leukaemia: Referensi Cepat,9,4.638978377772834
Q206,C198,Dosis BCR-ABL inhibitors pada Chronic Myeloid Leukaemia: Referensi Cepat,10,4.638978377772834
Q206,C010,Dosis DPP-4 inhibitors pada Type 2 Diabetes Mellitus: Referensi Cepat,11,4.4145256732042455
Q206,C276,Efektivitas Magnesium pada Preeclampsia,12,1.7759290382152242
Q206,C212,Profil Keamanan Alendronate pada Osteoporosis,13,1.6548536020730698
Q206,C221,Meta-analisis: Alendronate pada Osteoporosis,14,1.6548536020730698
Q206,C309,Profil Keamanan Meropenem pada Sepsis,15,1.6548536020730698
Q206,C001,Panduan Praktis: Memulai Levothyroxine pada Hypothyroidism,16,1.5492333337338053
Q206,C026,Profil Keamanan Rivaroxaban pada Atrial Fibrillation,17,1.5492333337338053
Q206,C029,Profil Obat ARBs pada Heart Failure,18,1.5492333337338053
Q206,C054,Efektivitas Loop diuretics pada Nephrotic Syndrome,19,1.5492333337338053
Q206,C089,Perbandingan Topiramate dan Topiramate pada Migraine,20,1.5492333337338053
Q207,C102,Biomarkers in Urinary Tract Infection: Implications for NRTIs combination Therapy,1,5.745627802793096
Q207,C111,Biomarkers in Urinary Tract Infection: Implications for NRTIs combination Therapy,2,5.745627802793096
Q207,C257,Switching Therapy in Hypertension in Pregnancy: A Step-by-Step Guide,3,5.020517099980467
Q207,C270,Long-term Outcomes of Beta blockers non-selective Therapy in Hypertension in Pregnancy,4,4.577555472467415
Q207,C101,"NRTIs combination: Mechanism, Indications, and Safety",5,4.274067670443244
Q207,C028,Practical Guide: Initiating Losartan in Hypertension,6,3.6842697318499518
Q207,C095,Quick Reference: NRTIs combination Dosing in Urinary Tract Infection,7,3.58721133978665
Q207,C108,Case Series: NRTIs combination in Refractory Urinary Tract Infection,8,3.58721133978665
Q207,C115,Case Series: NRTIs combination in Refractory Urinary Tract Infection,9,3.58721133978665
Q207,C170,Major Depressive Disorder in hypertension: Special Considerations,10,3.463230633086685
Q207,C260,Hypertension in Pregnancy in anaemia: Special Considerations,11,3.463230633086685
Q207,C098,Hasil Jangka Panjang Terapi NRTIs combination pada Urinary Tract Infection,12,3.4048227103668527
Q207,C255,Practical Guide: Initiating Labetalol in Hypertension in Pregnancy,13,3.2672130039696
Q207,C268,Methyldopa Drug Profile: Efficacy in Hypertension in Pregnancy,14,3.2672130039696
Q207,C272,National Guideline: Hypertension in Pregnancy Diagnosis and Treatment,15,3.2672130039696
Q207,C266,Profil Obat Centrally acting antihypertensives pada Hypertension in Pregnancy,16,3.092195814380794
Q207,C267,Hypertension in Pregnancy in Pregnancy: Safety and Management Guide,17,3.092195814380794
Q207,C275,Treatment Intensification in Hypertension in Pregnancy: When and How,18,3.092195814380794
Q207,C263,Tinjauan Sistematis: Beta blockers non-selective pada Hypertension in Pregnancy,19,2.9349758172684717
Q207,C162,Biomarkers in Schizophrenia: Implications for Atypical antipsychotics Therapy,20,2.605782573313007
Q208,C083,Laporan Kasus: Migraine dengan COPD,1,4.565455781209233
Q208,C338,Laporan Kasus: Psoriasis dengan anaemia,2,4.565455781209233
Q208,C041,Laporan Kasus: Heart Failure dengan immunocompromised,3,4.274067670443244
Q208,C097,Laporan Kasus: Malaria dengan atrial fibrillation,4,4.274067670443244
Q208,C024,Laporan Kasus: Acute Coronary Syndrome dengan Presentasi Atipikal,5,3.790246233059176
Q208,C092,Hasil Jangka Panjang Terapi Antiepileptics other pada Migraine,6,3.790246233059176
Q208,C208,Laporan Kasus: Systemic Lupus Erythematosus dengan Presentasi Atipikal,7,3.790246233059176
Q208,C028,Practical Guide: Initiating Losartan in Hypertension,8,3.6842697318499518
Q208,C018,Laporan Kasus: Type 2 Diabetes Mellitus dengan Presentasi Atipikal,9,3.58721133978665
Q208,C077,Hasil Jangka Panjang Terapi Fatty acid derivatives pada Epilepsy,10,3.58721133978665
Q208,C213,Hasil Jangka Panjang Terapi IL-17 inhibitors pada Gout,11,3.58721133978665
Q208,C220,Hasil Jangka Panjang Terapi Proteasome inhibitors pada Rheumatoid Arthritis,12,3.58721133978665
Q208,C170,Major Depressive Disorder in hypertension: Special Considerations,13,3.463230633086685
Q208,C260,Hypertension in Pregnancy in anaemia: Special Considerations,14,3.463230633086685
Q208,C023,Hasil Jangka Panjang Terapi GLP-1 receptor agonists pada Obesity,15,3.4048227103668527
Q208,C098,Hasil Jangka Panjang Terapi NRTIs combination pada Urinary Tract Infection,16,3.4048227103668527
Q208,C255,Practical Guide: Initiating Labetalol in Hypertension in Pregnancy,17,3.2672130039696
Q208,C268,Methyldopa Drug Profile: Efficacy in Hypertension in Pregnancy,18,3.2672130039696
Q208,C272,National Guideline: Hypertension in Pregnancy Diagnosis and Treatment,19,3.2672130039696
Q208,C253,Hasil Jangka Panjang Terapi Erythropoiesis stimulating agents pada Iron Deficiency Anaemia,20,3.240083493305596
Q209,C093,Practical Guide: Initiating Tenofovir+Lamivudine in Urinary Tract Infection,1,28.32948447054415
Q209,C109,Panduan Praktis: Memulai Tenofovir+Lamivudine pada Urinary Tract Infection,2,27.34080392752343
Q209,C094,"Tenofovir+Lamivudine: Pharmacology, Dosing, and Clinical Use in Urinary Tract Infection",3,25.588092340365574
Q209,C095,Quick Reference: NRTIs combination Dosing in Urinary Tract Infection,4,11.06581017222703
Q209,C108,Case Series: NRTIs combination in Refractory Urinary Tract Infection,5,11.06581017222703
Q209,C115,Case Series: NRTIs combination in Refractory Urinary Tract Infection,6,11.06581017222703
Q209,C102,Biomarkers in Urinary Tract Infection: Implications for NRTIs combination Therapy,7,10.503178712979867
Q209,C111,Biomarkers in Urinary Tract Infection: Implications for NRTIs combination Therapy,8,10.503178712979867
Q209,C098,Hasil Jangka Panjang Terapi NRTIs combination pada Urinary Tract Infection,9,9.564766769184278
Q209,C214,Adalimumab versus Adalimumab in Gout: Head-to-Head Comparison,10,4.250680833631613
Q209,C025,Metoprolol versus Empagliflozin in Atrial Fibrillation: Head-to-Head Comparison,11,4.034558676916648
Q209,C173,Escitalopram versus Sertraline in Major Depressive Disorder: Head-to-Head Comparison,12,3.8393502639795356
Q209,C178,A Case of Schizophrenia Resistant to Clozapine,13,3.6534100715880893
Q209,C325,A Case of Psoriasis Resistant to Cyclosporine,14,3.6534100715880893
Q209,C336,A Case of Psoriasis Resistant to Cyclosporine,15,3.6534100715880893
Q209,C107,A Case of HIV/AIDS Resistant to Levofloxacin,16,3.446628353505714
Q209,C251,A Case of Deep Vein Thrombosis Resistant to Rivaroxaban,17,3.2620002906108967
Q209,C312,A Case of Disseminated Intravascular Coagulation Resistant to Cyclosporine,18,3.2620002906108967
Q209,C003,A Case of Type 1 Diabetes Mellitus Resistant to Insulin degludec,19,2.946342519477825
Q209,C260,Hypertension in Pregnancy in anaemia: Special Considerations,20,1.5575755985011488
Q210,C171,Perbandingan Venlafaxine dan Venlafaxine pada Major Depressive Disorder,1,17.745178153212652
Q210,C173,Escitalopram versus Sertraline in Major Depressive Disorder: Head-to-Head Comparison,2,13.178161749463062
Q210,C170,Major Depressive Disorder in hypertension: Special Considerations,3,10.607182869993093
Q210,C164,Clinical Summary: Major Depressive Disorder Management Update 2021,4,10.00682007061052
Q210,C180,Risk Stratification in Major Depressive Disorder: Current Approaches,5,10.00682007061052
Q210,C181,Case Report: Atypical Presentation of Major Depressive Disorder,6,10.00682007061052
Q210,C172,Major Depressive Disorder in Pregnancy: Safety and Management Guide,7,9.470777417942562
Q210,C174,Long-term Outcomes of SNRIs Therapy in Major Depressive Disorder,8,8.989244006838536
Q210,C182,"Sertraline: Pharmacology, Dosing, and Clinical Use in Major Depressive Disorder",9,8.989244006838536
Q210,C184,Sertraline Real-World Evidence in Major Depressive Disorder: A Retrospective Study,10,8.554307698657128
Q210,C175,Clinical Summary: Bipolar Disorder Management Update 2020,11,3.300362726816915
Q210,C165,Lithium: Farmakologi dan Penggunaan Klinis pada Bipolar Disorder,12,3.1135633635990922
Q210,C183,Scoping Review: Emerging Therapies in Bipolar Disorder 2022,13,3.1135633635990922
Q210,C176,"Lithium: Pharmacology, Dosing, and Clinical Use in Bipolar Disorder",14,2.946776836720769
Q210,C001,Panduan Praktis: Memulai Levothyroxine pada Hypothyroidism,15,0.0
Q210,C002,Clinical Practice Guideline: Type 1 Diabetes Mellitus Management 2023,16,0.0
Q210,C003,A Case of Type 1 Diabetes Mellitus Resistant to Insulin degludec,17,0.0
Q210,C004,Successful Management of Severe Hypothyroidism with Levothyroxine,18,0.0
Q210,C005,Liraglutide in Type 2 Diabetes Mellitus: Real-World Outcomes,19,0.0
Q210,C006,"Methimazole: Pharmacology, Dosing, and Clinical Use in Hyperthyroidism",20,0.0
Q211,C097,Laporan Kasus: Malaria dengan atrial fibrillation,1,11.836419196533635
Q211,C026,Profil Keamanan Rivaroxaban pada Atrial Fibrillation,2,7.562351526090392
Q211,C027,National Guideline: Atrial Fibrillation Diagnosis and Treatment,3,7.10864550358951
Q211,C037,Atrial Fibrillation in Special Populations: Practical Guidance,4,7.10864550358951
Q211,C042,Atrial Fibrillation in Special Populations: Practical Guidance,5,7.10864550358951
Q211,C081,Parkinson Disease in atrial fibrillation: Special Considerations,6,7.10864550358951
Q211,C168,Challenging Case: ADHD with Concurrent atrial fibrillation,7,7.10864550358951
Q211,C030,Treatment Intensification in Atrial Fibrillation: When and How,8,6.7062986819441015
Q211,C032,Consensus Statement: SGLT2 inhibitors Use in Atrial Fibrillation,9,6.7062986819441015
Q211,C046,Treatment Intensification in Atrial Fibrillation: When and How,10,6.7062986819441015
Q211,C025,Metoprolol versus Empagliflozin in Atrial Fibrillation: Head-to-Head Comparison,11,6.024346876365611
Q211,C130,Profil Keamanan Bedaquiline pada MDR Tuberculosis,12,4.628644097110018
Q211,C083,Laporan Kasus: Migraine dengan COPD,13,4.565455781209233
Q211,C338,Laporan Kasus: Psoriasis dengan anaemia,14,4.565455781209233
Q211,C117,Safety Profile of Bedaquiline in MDR Tuberculosis,15,4.350946915799847
Q211,C120,Safety Profile of Bedaquiline in MDR Tuberculosis,16,4.350946915799847
Q211,C136,MDR Tuberculosis pada Populasi Khusus: Pendekatan Praktis,17,4.350946915799847
Q211,C041,Laporan Kasus: Heart Failure dengan immunocompromised,18,4.274067670443244
Q211,C125,Efficacy of Antituberculotics in MDR Tuberculosis: A Cohort Study,19,3.884806201785683
Q211,C024,Laporan Kasus: Acute Coronary Syndrome dengan Presentasi Atipikal,20,3.790246233059176
Q212,C287,Challenging Case: Stunting / Malnutrition with Concurrent COPD,1,7.671053502035849
Q212,C116,Dose Adjustment of Salmeterol in Renal and Hepatic Impairment,2,6.107913340212423
Q212,C128,COPD in Special Populations: Practical Guidance,3,5.452054453227119
Q212,C132,Practical Guide: Initiating Prednisolone in COPD,4,5.452054453227119
Q212,C260,Hypertension in Pregnancy in anaemia: Special Considerations,5,5.210985670089238
Q212,C118,COPD in Pregnancy: Safety and Management Guide,6,5.124956468969474
Q212,C281,Stunting / Malnutrition in anaemia: Special Considerations,7,5.06457406813342
Q212,C083,Laporan Kasus: Migraine dengan COPD,8,4.565455781209233
Q212,C133,Panduan Praktis: Memulai Prednisolone pada COPD,9,4.274067670443244
Q212,C135,Prednisolone pada Pasien COPD: Studi Kohort,10,4.274067670443244
Q212,C232,Consensus Statement: Iron preparations Use in Iron Deficiency Anaemia,11,4.250680833631613
Q212,C240,Quick Reference: Iron preparations Dosing in Iron Deficiency Anaemia,12,4.250680833631613
Q212,C252,Rare Adverse Event of Erythropoietin in Iron Deficiency Anaemia,13,4.250680833631613
Q212,C338,Laporan Kasus: Psoriasis dengan anaemia,14,4.151558599265983
Q212,C004,Successful Management of Severe Hypothyroidism with Levothyroxine,15,3.6534100715880893
Q212,C168,Challenging Case: ADHD with Concurrent atrial fibrillation,16,3.6534100715880893
Q212,C177,Successful Management of Severe Schizophrenia with Clozapine,17,3.6534100715880893
Q212,C233,WHO Guideline Update: Iron Deficiency Anaemia 2023,18,3.6534100715880893
Q212,C301,Successful Management of Severe Sepsis with Norepinephrine,19,3.6534100715880893
Q212,C064,Successful Management of Severe Nephrotic Syndrome with Furosemide,20,3.446628353505714
Q213,C028,Practical Guide: Initiating Losartan in Hypertension,1,3.6842697318499518
Q213,C170,Major Depressive Disorder in hypertension: Special Considerations,2,3.463230633086685
Q213,C260,Hypertension in Pregnancy in anaemia: Special Considerations,3,3.463230633086685
Q213,C255,Practical Guide: Initiating Labetalol in Hypertension in Pregnancy,4,3.2672130039696
Q213,C268,Methyldopa Drug Profile: Efficacy in Hypertension in Pregnancy,5,3.2672130039696
Q213,C272,National Guideline: Hypertension in Pregnancy Diagnosis and Treatment,6,3.2672130039696
Q213,C266,Profil Obat Centrally acting antihypertensives pada Hypertension in Pregnancy,7,3.092195814380794
Q213,C267,Hypertension in Pregnancy in Pregnancy: Safety and Management Guide,8,3.092195814380794
Q213,C275,Treatment Intensification in Hypertension in Pregnancy: When and How,9,3.092195814380794
Q213,C263,Tinjauan Sistematis: Beta blockers non-selective pada Hypertension in Pregnancy,10,2.9349758172684717
Q213,C257,Switching Therapy in Hypertension in Pregnancy: A Step-by-Step Guide,11,2.792969710237297
Q213,C270,Long-term Outcomes of Beta blockers non-selective Therapy in Hypertension in Pregnancy,12,2.5465452117635867
Q213,C001,Panduan Praktis: Memulai Levothyroxine pada Hypothyroidism,13,0.0
Q213,C002,Clinical Practice Guideline: Type 1 Diabetes Mellitus Management 2023,14,0.0
Q213,C003,A Case of Type 1 Diabetes Mellitus Resistant to Insulin degludec,15,0.0
Q213,C004,Successful Management of Severe Hypothyroidism with Levothyroxine,16,0.0
Q213,C005,Liraglutide in Type 2 Diabetes Mellitus: Real-World Outcomes,17,0.0
Q213,C006,"Methimazole: Pharmacology, Dosing, and Clinical Use in Hyperthyroidism",18,0.0
Q213,C007,Efficacy of Vasopressin analogues in Diabetes Insipidus: A Cohort Study,19,0.0
Q213,C008,Treatment Intensification in Type 2 Diabetes Mellitus: When and How,20,0.0
Q214,C016,Dose Adjustment of Desmopressin in Renal and Hepatic Impairment,1,10.68620986098231
Q214,C040,Dose Adjustment of Atorvastatin in Renal and Hepatic Impairment,2,10.68620986098231
Q214,C084,Dose Adjustment of Valproate in Renal and Hepatic Impairment,3,10.68620986098231
Q214,C116,Dose Adjustment of Salmeterol in Renal and Hepatic Impairment,4,10.68620986098231
Q214,C169,Dose Adjustment of Olanzapine in Renal and Hepatic Impairment,5,10.68620986098231
Q214,C231,Dose Adjustment of Apixaban in Renal and Hepatic Impairment,6,10.68620986098231
Q214,C236,Dose Adjustment of Rivaroxaban in Renal and Hepatic Impairment,7,10.68620986098231
Q214,C314,Dose Adjustment of Vancomycin in Renal and Hepatic Impairment,8,10.68620986098231
Q214,C343,Dose Adjustment of Dupilumab in Renal and Hepatic Impairment,9,10.68620986098231
Q214,C021,Dose Adjustment of Insulin glargine in Renal and Hepatic Impairment,10,10.142878848220512
Q214,C177,Successful Management of Severe Schizophrenia with Clozapine,11,9.542655467966686
Q214,C178,A Case of Schizophrenia Resistant to Clozapine,12,9.542655467966686
Q214,C162,Biomarkers in Schizophrenia: Implications for Atypical antipsychotics Therapy,13,5.149324371132504
Q214,C163,"Risperidone: Pharmacology, Dosing, and Clinical Use in Schizophrenia",14,5.149324371132504
Q214,C179,Case Report: Atypical Presentation of Schizophrenia,15,4.628644097110018
Q214,C222,Challenging Case: Psoriatic Arthritis with Concurrent renal impairment,16,3.3531493409720508
Q214,C260,Hypertension in Pregnancy in anaemia: Special Considerations,17,1.5575755985011488
Q214,C255,Practical Guide: Initiating Labetalol in Hypertension in Pregnancy,18,1.4945138020276896
Q214,C268,Methyldopa Drug Profile: Efficacy in Hypertension in Pregnancy,19,1.4945138020276896
Q214,C267,Hypertension in Pregnancy in Pregnancy: Safety and Management Guide,20,1.4363596921061903
Q215,C237,Ferrous sulphate: Farmakologi dan Penggunaan Klinis pada Iron Deficiency Anaemia,1,18.74671357655981
Q215,C252,Rare Adverse Event of Erythropoietin in Iron Deficiency Anaemia,2,16.423694468043454
Q215,C232,Consensus Statement: Iron preparations Use in Iron Deficiency Anaemia,3,12.874140465293404
Q215,C240,Quick Reference: Iron preparations Dosing in Iron Deficiency Anaemia,4,12.874140465293404
Q215,C233,WHO Guideline Update: Iron Deficiency Anaemia 2023,5,11.553579187958375
Q215,C247,Iron Deficiency Anaemia pada Populasi Khusus: Pendekatan Praktis,6,10.89965069165675
Q215,C253,Hasil Jangka Panjang Terapi Erythropoiesis stimulating agents pada Iron Deficiency Anaemia,7,9.31754195302767
Q215,C260,Hypertension in Pregnancy in anaemia: Special Considerations,8,5.210985670089238
Q215,C281,Stunting / Malnutrition in anaemia: Special Considerations,9,5.06457406813342
Q215,C076,Levetiracetam Drug Profile: Efficacy in Epilepsy,10,4.959162545829072
Q215,C126,Budesonide Drug Profile: Efficacy in Asthma,11,4.959162545829072
Q215,C268,Methyldopa Drug Profile: Efficacy in Hypertension in Pregnancy,12,4.847663142999741
Q215,C271,Panduan Praktis: Memulai Magnesium sulphate pada Preeclampsia,13,4.8337887749142725
Q215,C278,Diazepam Drug Profile: Efficacy in Febrile Seizure,14,4.661635790316469
Q215,C283,Drug Interactions: Zinc in Stunting / Malnutrition Patients,15,4.661635790316469
Q215,C273,Magnesium sulphate: Farmakologi dan Penggunaan Klinis pada Preeclampsia,16,4.560198039645514
Q215,C047,Drug Interactions: Losartan in Chronic Kidney Disease Patients,17,4.397788853096821
Q215,C078,Drug Interactions: Levodopa-carbidopa in Parkinson Disease Patients,18,4.397788853096821
Q215,C096,Drug Interactions: Artemether-lumefantrine in Typhoid Fever Patients,19,4.397788853096821
Q215,C145,Metronidazole Drug Profile: Efficacy in Inflammatory Bowel Disease,20,4.397788853096821
Q216,C038,Clinical Summary: Heart Failure Management Update 2024,1,11.743635332683116
Q216,C052,Clinical Summary: Chronic Kidney Disease Management Update 2024,2,11.078949725800362
Q216,C175,Clinical Summary: Bipolar Disorder Management Update 2020,3,7.725991902235357
Q216,C293,Clinical Summary: Stunting / Malnutrition Management Update 2021,4,7.725991902235357
Q216,C148,Clinical Summary: Inflammatory Bowel Disease Management Update 2022,5,7.288703492741186
Q216,C164,Clinical Summary: Major Depressive Disorder Management Update 2021,6,7.288703492741186
Q216,C110,WHO Guideline Update: Malaria 2025,7,6.927795844404072
Q216,C333,WHO Guideline Update: Psoriasis 2023,8,6.927795844404072
Q216,C335,WHO Guideline Update: Psoriasis 2025,9,6.927795844404072
Q216,C233,WHO Guideline Update: Iron Deficiency Anaemia 2023,10,6.096524595925708
Q216,C308,WHO Guideline Update: Disseminated Intravascular Coagulation 2025,11,6.096524595925708
Q216,C239,Asia-Pacific Guideline: Deep Vein Thrombosis in Primary Care 2024,12,5.559256453201243
Q216,C015,Panduan Klinis: Tatalaksana Hyperthyroidism 2021,13,5.49288389814055
Q216,C014,Practical Guide: Initiating Methimazole in Hyperthyroidism,14,5.142303115314051
Q216,C006,"Methimazole: Pharmacology, Dosing, and Clinical Use in Hyperthyroidism",15,4.560198039645514
Q216,C124,Konsensus Nasional: Asthma di Indonesia 2024,16,4.274067670443244
Q216,C304,Ringkasan Klinis: Tatalaksana Sepsis Terkini 2024,17,4.274067670443244
Q216,C196,Scoping Review: Emerging Therapies in Colorectal Cancer 2024,18,3.790246233059176
Q216,C246,Scoping Review: Emerging Therapies in Deep Vein Thrombosis 2024,19,3.58721133978665
Q216,C011,National Guideline: Hypothyroidism Diagnosis and Treatment,20,2.7044567049919497
Q217,C029,Profil Obat ARBs pada Heart Failure,1,8.548135340886487
Q217,C041,Laporan Kasus: Heart Failure dengan immunocompromised,2,8.548135340886487
Q217,C031,Clinical Practice Guideline: Heart Failure Management 2021,3,8.03528686089552
Q217,C038,Clinical Summary: Heart Failure Management Update 2024,4,8.03528686089552
Q217,C044,Safety Profile of Furosemide in Heart Failure,5,8.03528686089552
Q217,C045,Metoprolol pada Pasien Heart Failure: Studi Kohort,6,8.03528686089552
Q217,C034,Spironolactone Real-World Evidence in Heart Failure: A Retrospective Study,7,6.809645420733705
Q217,C216,Switching Therapy in Osteoporosis: A Step-by-Step Guide,8,4.739049196575517
Q217,C318,Switching Therapy in Sepsis: A Step-by-Step Guide,9,4.739049196575517
Q217,C323,Switching Therapy in Psoriasis: A Step-by-Step Guide,10,4.739049196575517
Q217,C340,Switching Therapy in Psoriasis: A Step-by-Step Guide,11,4.739049196575517
Q217,C039,Switching Therapy in Stable Angina: A Step-by-Step Guide,12,4.561551364759652
Q217,C087,Switching Therapy in Ischaemic Stroke: A Step-by-Step Guide,13,4.561551364759652
Q217,C057,Switching Therapy in Chronic Kidney Disease: A Step-by-Step Guide,14,4.396869633396971
Q217,C149,Switching Therapy in Peptic Ulcer Disease: A Step-by-Step Guide,15,4.396869633396971
Q217,C156,Switching Therapy in Peptic Ulcer Disease: A Step-by-Step Guide,16,4.396869633396971
Q217,C257,Switching Therapy in Hypertension in Pregnancy: A Step-by-Step Guide,17,4.396869633396971
Q217,C092,Hasil Jangka Panjang Terapi Antiepileptics other pada Migraine,18,3.790246233059176
Q217,C077,Hasil Jangka Panjang Terapi Fatty acid derivatives pada Epilepsy,19,3.58721133978665
Q217,C213,Hasil Jangka Panjang Terapi IL-17 inhibitors pada Gout,20,3.58721133978665
Q218,C014,Practical Guide: Initiating Methimazole in Hyperthyroidism,1,10.6653700726789
Q218,C006,"Methimazole: Pharmacology, Dosing, and Clinical Use in Hyperthyroidism",2,9.458057723723652
Q218,C015,Panduan Klinis: Tatalaksana Hyperthyroidism 2021,3,5.49288389814055
Q218,C092,Hasil Jangka Panjang Terapi Antiepileptics other pada Migraine,4,5.164107449137047
Q218,C077,Hasil Jangka Panjang Terapi Fatty acid derivatives pada Epilepsy,5,4.88747792685476
Q218,C213,Hasil Jangka Panjang Terapi IL-17 inhibitors pada Gout,6,4.88747792685476
Q218,C220,Hasil Jangka Panjang Terapi Proteasome inhibitors pada Rheumatoid Arthritis,7,4.88747792685476
Q218,C023,Hasil Jangka Panjang Terapi GLP-1 receptor agonists pada Obesity,8,4.638978377772834
Q218,C098,Hasil Jangka Panjang Terapi NRTIs combination pada Urinary Tract Infection,9,4.638978377772834
Q218,C253,Hasil Jangka Panjang Terapi Erythropoiesis stimulating agents pada Iron Deficiency Anaemia,10,4.4145256732042455
Q218,C276,Efektivitas Magnesium pada Preeclampsia,11,1.7759290382152242
Q218,C212,Profil Keamanan Alendronate pada Osteoporosis,12,1.6548536020730698
Q218,C221,Meta-analisis: Alendronate pada Osteoporosis,13,1.6548536020730698
Q218,C309,Profil Keamanan Meropenem pada Sepsis,14,1.6548536020730698
Q218,C001,Panduan Praktis: Memulai Levothyroxine pada Hypothyroidism,15,1.5492333337338053
Q218,C026,Profil Keamanan Rivaroxaban pada Atrial Fibrillation,16,1.5492333337338053
Q218,C029,Profil Obat ARBs pada Heart Failure,17,1.5492333337338053
Q218,C054,Efektivitas Loop diuretics pada Nephrotic Syndrome,18,1.5492333337338053
Q218,C089,Perbandingan Topiramate dan Topiramate pada Migraine,19,1.5492333337338053
Q218,C099,Panduan Praktis: Memulai Dolutegravir pada Malaria,20,1.5492333337338053
Q219,C022,Quick Reference: Vasopressin analogues Dosing in Diabetes Insipidus,1,10.93550931154184
Q219,C019,Asia-Pacific Guideline: Diabetes Insipidus in Primary Care 2021,2,10.34971888278714
Q219,C007,Efficacy of Vasopressin analogues in Diabetes Insipidus: A Cohort Study,3,9.82349646010044
Q219,C018,Laporan Kasus: Type 2 Diabetes Mellitus dengan Presentasi Atipikal,4,9.621011647994512
Q219,C002,Clinical Practice Guideline: Type 1 Diabetes Mellitus Management 2023,5,6.033800308207862
Q219,C005,Liraglutide in Type 2 Diabetes Mellitus: Real-World Outcomes,6,6.033800308207862
Q219,C012,Case Report: Atypical Presentation of Type 2 Diabetes Mellitus,7,6.033800308207862
Q219,C017,Type 2 Diabetes Mellitus in Special Populations: Practical Guidance,8,6.033800308207862
Q219,C020,Clinical Practice Guideline: Type 2 Diabetes Mellitus Management 2021,9,6.033800308207862
Q219,C008,Treatment Intensification in Type 2 Diabetes Mellitus: When and How,10,5.727016998230861
Q219,C003,A Case of Type 1 Diabetes Mellitus Resistant to Insulin degludec,11,5.449920545157859
Q219,C010,Dosis DPP-4 inhibitors pada Type 2 Diabetes Mellitus: Referensi Cepat,12,5.449920545157859
Q219,C013,Asia-Pacific Guideline: Type 1 Diabetes Mellitus in Primary Care 2023,13,5.449920545157859
Q219,C083,Laporan Kasus: Migraine dengan COPD,14,4.565455781209233
Q219,C338,Laporan Kasus: Psoriasis dengan anaemia,15,4.565455781209233
Q219,C041,Laporan Kasus: Heart Failure dengan immunocompromised,16,4.274067670443244
Q219,C097,Laporan Kasus: Malaria dengan atrial fibrillation,17,4.274067670443244
Q219,C024,Laporan Kasus: Acute Coronary Syndrome dengan Presentasi Atipikal,18,3.790246233059176
Q219,C208,Laporan Kasus: Systemic Lupus Erythematosus dengan Presentasi Atipikal,19,3.790246233059176
Q219,C076,Levetiracetam Drug Profile: Efficacy in Epilepsy,20,3.781175763045196
Q220,C189,Clinical Practice Guideline: Colorectal Cancer Management 2020,1,8.327765054169104
Q220,C201,Kasus Sulit: Colorectal Cancer Refrakter terhadap Pembrolizumab,2,8.327765054169104
Q220,C202,Drug Interactions: Nivolumab in Non-Small Cell Lung Cancer Patients,3,8.047205463746335
Q220,C196,Scoping Review: Emerging Therapies in Colorectal Cancer 2024,4,7.856416497082845
Q220,C207,Biomarkers in Colorectal Cancer: Implications for PD-1 inhibitors Therapy,5,7.057511218678344
Q220,C135,Prednisolone pada Pasien COPD: Studi Kohort,6,4.437924011015704
Q220,C129,Dosis Corticosteroids pada Asthma: Referensi Cepat,7,4.274067670443244
Q220,C166,Dosis SSRIs pada ADHD: Referensi Cepat,8,4.274067670443244
Q220,C045,Metoprolol pada Pasien Heart Failure: Studi Kohort,9,4.171669150440603
Q220,C199,Pedoman PNPK: Breast Cancer HER2-positive,10,4.0022113632162
Q220,C152,Metronidazole pada Pasien Inflammatory Bowel Disease: Studi Kohort,11,3.935554151769135
Q220,C250,Rivaroxaban pada Pasien Deep Vein Thrombosis: Studi Kohort,12,3.935554151769135
Q220,C311,Secukinumab pada Pasien Disseminated Intravascular Coagulation: Studi Kohort,13,3.935554151769135
Q220,C317,Secukinumab pada Pasien Disseminated Intravascular Coagulation: Studi Kohort,14,3.935554151769135
Q220,C345,Dosis Topical calcineurin inhibitors pada Psoriasis: Referensi Cepat,15,3.790246233059176
Q220,C036,Dosis Platelet aggregation inhibitors pada Stable Angina: Referensi Cepat,16,3.58721133978665
Q220,C185,Dosis BCR-ABL inhibitors pada Chronic Myeloid Leukaemia: Referensi Cepat,17,3.4048227103668527
Q220,C198,Dosis BCR-ABL inhibitors pada Chronic Myeloid Leukaemia: Referensi Cepat,18,3.4048227103668527
Q220,C187,Clinical Practice Guideline: Breast Cancer HER2-positive Management 2022,19,3.359043209735438
Q220,C010,Dosis DPP-4 inhibitors pada Type 2 Diabetes Mellitus: Referensi Cepat,20,3.240083493305596
Q221,C188,Risk Stratification in Chronic Lymphocytic Leukaemia: Current Approaches,1,16.64153381601428
Q221,C200,Chronic Lymphocytic Leukaemia and obesity: Management Challenges,2,9.604661811916777
Q221,C204,Profil Keamanan Ibrutinib pada Chronic Lymphocytic Leukaemia,3,9.604661811916777
Q221,C186,Konsensus Nasional: Chronic Lymphocytic Leukaemia di Indonesia 2022,4,9.06104134989593
Q221,C194,Quick Reference: BTK inhibitors Dosing in Chronic Lymphocytic Leukaemia,5,8.575661917982558
Q221,C086,Risk Stratification in Migraine: Current Approaches,6,8.548135340886487
Q221,C127,Risk Stratification in Asthma: Current Approaches,7,8.548135340886487
Q221,C195,Biomarkers in Chronic Lymphocytic Leukaemia: Implications for BTK inhibitors Therapy,8,8.139639873158899
Q221,C113,Risk Stratification in Typhoid Fever: Current Approaches,9,8.03528686089552
Q221,C224,Risk Stratification in Rheumatoid Arthritis: Current Approaches,10,8.03528686089552
Q221,C295,Risk Stratification in Stunting / Malnutrition: Current Approaches,11,8.03528686089552
Q221,C191,Efficacy of BTK inhibitors in Chronic Lymphocytic Leukaemia: A Cohort Study,12,7.74581088001279
Q221,C193,Meta-analysis: Ibrutinib versus Standard of Care in Chronic Lymphocytic Leukaemia,13,7.74581088001279
Q221,C205,Meta-analysis: Ibrutinib versus Standard of Care in Chronic Lymphocytic Leukaemia,14,7.74581088001279
Q221,C180,Risk Stratification in Major Depressive Disorder: Current Approaches,15,7.580492466118352
Q221,C192,National Guideline: Chronic Myeloid Leukaemia Diagnosis and Treatment,16,5.511877482360887
Q221,C197,Konsensus Nasional: Chronic Myeloid Leukaemia di Indonesia 2023,17,5.511877482360887
Q221,C206,Chronic Myeloid Leukaemia pada Populasi Khusus: Pendekatan Praktis,18,5.511877482360887
Q221,C185,Dosis BCR-ABL inhibitors pada Chronic Myeloid Leukaemia: Referensi Cepat,19,4.951384283430807
Q221,C198,Dosis BCR-ABL inhibitors pada Chronic Myeloid Leukaemia: Referensi Cepat,20,4.951384283430807
Q222,C130,Profil Keamanan Bedaquiline pada MDR Tuberculosis,1,9.257288194220036
Q222,C117,Safety Profile of Bedaquiline in MDR Tuberculosis,2,8.701893831599694
Q222,C120,Safety Profile of Bedaquiline in MDR Tuberculosis,3,8.701893831599694
Q222,C136,MDR Tuberculosis pada Populasi Khusus: Pendekatan Praktis,4,8.701893831599694
Q222,C029,Profil Obat ARBs pada Heart Failure,5,8.548135340886487
Q222,C041,Laporan Kasus: Heart Failure dengan immunocompromised,6,8.548135340886487
Q222,C031,Clinical Practice Guideline: Heart Failure Management 2021,7,8.03528686089552
Q222,C038,Clinical Summary: Heart Failure Management Update 2024,8,8.03528686089552
Q222,C044,Safety Profile of Furosemide in Heart Failure,9,8.03528686089552
Q222,C045,Metoprolol pada Pasien Heart Failure: Studi Kohort,10,8.03528686089552
Q222,C125,Efficacy of Antituberculotics in MDR Tuberculosis: A Cohort Study,11,7.769612403571366
Q222,C034,Spironolactone Real-World Evidence in Heart Failure: A Retrospective Study,12,6.809645420733705
Q222,C076,Levetiracetam Drug Profile: Efficacy in Epilepsy,13,3.781175763045196
Q222,C126,Budesonide Drug Profile: Efficacy in Asthma,14,3.781175763045196
Q222,C004,Successful Management of Severe Hypothyroidism with Levothyroxine,15,3.6534100715880893
Q222,C168,Challenging Case: ADHD with Concurrent atrial fibrillation,16,3.6534100715880893
Q222,C177,Successful Management of Severe Schizophrenia with Clozapine,17,3.6534100715880893
Q222,C287,Challenging Case: Stunting / Malnutrition with Concurrent COPD,18,3.6534100715880893
Q222,C301,Successful Management of Severe Sepsis with Norepinephrine,19,3.6534100715880893
Q222,C278,Diazepam Drug Profile: Efficacy in Febrile Seizure,20,3.554322751794755
Q223,C121,Asia-Pacific Guideline: Community-acquired Pneumonia in Primary Care 2025,1,13.199414649437976
Q223,C122,Case Series: Factor Xa inhibitors in Refractory Community-acquired Pneumonia,2,13.199414649437976
Q223,C026,Profil Keamanan Rivaroxaban pada Atrial Fibrillation,3,6.177877430843823
Q223,C250,Rivaroxaban pada Pasien Deep Vein Thrombosis: Studi Kohort,4,5.478546075085605
Q223,C236,Dose Adjustment of Rivaroxaban in Renal and Hepatic Impairment,5,3.884806201785683
Q223,C251,A Case of Deep Vein Thrombosis Resistant to Rivaroxaban,6,3.884806201785683
Q223,C076,Levetiracetam Drug Profile: Efficacy in Epilepsy,7,3.781175763045196
Q223,C126,Budesonide Drug Profile: Efficacy in Asthma,8,3.781175763045196
Q223,C278,Diazepam Drug Profile: Efficacy in Febrile Seizure,9,3.554322751794755
Q223,C248,Rivaroxaban Real-World Evidence in Deep Vein Thrombosis: A Retrospective Study,10,3.5088806476190557
Q223,C145,Metronidazole Drug Profile: Efficacy in Inflammatory Bowel Disease,11,3.3531493409720508
Q223,C228,Methotrexate Drug Profile: Efficacy in Systemic Lupus Erythematosus,12,3.3531493409720508
Q223,C268,Methyldopa Drug Profile: Efficacy in Hypertension in Pregnancy,13,3.3531493409720508
Q223,C125,Efficacy of Antituberculotics in MDR Tuberculosis: A Cohort Study,14,3.1735287367398
Q223,C007,Efficacy of Vasopressin analogues in Diabetes Insipidus: A Cohort Study,15,3.0121734381828054
Q223,C254,Clinical Practice Guideline: Preeclampsia Management 2022,16,2.8881709218691287
Q223,C191,Efficacy of BTK inhibitors in Chronic Lymphocytic Leukaemia: A Cohort Study,17,2.8664321952252583
Q223,C141,Efficacy of Proton pump inhibitors in Peptic Ulcer Disease: A Cohort Study,18,2.7341431902434006
Q223,C316,Efficacy of IL-17 inhibitors in Disseminated Intravascular Coagulation: A Cohort Study,19,2.7341431902434006
Q223,C031,Clinical Practice Guideline: Heart Failure Management 2021,20,2.7148940599376132
Q224,C016,Dose Adjustment of Desmopressin in Renal and Hepatic Impairment,1,10.68620986098231
Q224,C040,Dose Adjustment of Atorvastatin in Renal and Hepatic Impairment,2,10.68620986098231
Q224,C084,Dose Adjustment of Valproate in Renal and Hepatic Impairment,3,10.68620986098231
Q224,C116,Dose Adjustment of Salmeterol in Renal and Hepatic Impairment,4,10.68620986098231
Q224,C169,Dose Adjustment of Olanzapine in Renal and Hepatic Impairment,5,10.68620986098231
Q224,C231,Dose Adjustment of Apixaban in Renal and Hepatic Impairment,6,10.68620986098231
Q224,C236,Dose Adjustment of Rivaroxaban in Renal and Hepatic Impairment,7,10.68620986098231
Q224,C314,Dose Adjustment of Vancomycin in Renal and Hepatic Impairment,8,10.68620986098231
Q224,C343,Dose Adjustment of Dupilumab in Renal and Hepatic Impairment,9,10.68620986098231
Q224,C021,Dose Adjustment of Insulin glargine in Renal and Hepatic Impairment,10,10.142878848220512
Q224,C028,Practical Guide: Initiating Losartan in Hypertension,11,10.004559629947877
Q224,C047,Drug Interactions: Losartan in Chronic Kidney Disease Patients,12,5.604837551770284
Q224,C260,Hypertension in Pregnancy in anaemia: Special Considerations,13,5.020806231587834
Q224,C065,Profil Keamanan Losartan pada Chronic Kidney Disease,14,4.8337887749142725
Q224,C255,Practical Guide: Initiating Labetalol in Hypertension in Pregnancy,15,4.76172680599729
Q224,C268,Methyldopa Drug Profile: Efficacy in Hypertension in Pregnancy,16,4.76172680599729
Q224,C170,Major Depressive Disorder in hypertension: Special Considerations,17,4.570543671608399
Q224,C267,Hypertension in Pregnancy in Pregnancy: Safety and Management Guide,18,4.528555506486985
Q224,C275,Treatment Intensification in Hypertension in Pregnancy: When and How,19,4.528555506486985
Q224,C272,National Guideline: Hypertension in Pregnancy Diagnosis and Treatment,20,4.311852516094371
Q225,C332,Psoriasis in elderly patients: Special Considerations,1,12.263297512145014
Q225,C322,Disseminated Intravascular Coagulation and elderly patients: Management Challenges,2,8.222974144737375
Q225,C242,Challenging Case: Deep Vein Thrombosis with Concurrent elderly patients,3,7.782488072012763
Q225,C338,Laporan Kasus: Psoriasis dengan anaemia,4,7.760015373300291
Q225,C283,Drug Interactions: Zinc in Stunting / Malnutrition Patients,5,7.4368484377172805
Q225,C047,Drug Interactions: Losartan in Chronic Kidney Disease Patients,6,7.015925446063912
Q225,C078,Drug Interactions: Levodopa-carbidopa in Parkinson Disease Patients,7,7.015925446063912
Q225,C096,Drug Interactions: Artemether-lumefantrine in Typhoid Fever Patients,8,7.015925446063912
Q225,C202,Drug Interactions: Nivolumab in Non-Small Cell Lung Cancer Patients,9,6.302488235366883
Q225,C083,Laporan Kasus: Migraine dengan COPD,10,4.565455781209233
Q225,C041,Laporan Kasus: Heart Failure dengan immunocompromised,11,4.274067670443244
Q225,C097,Laporan Kasus: Malaria dengan atrial fibrillation,12,4.274067670443244
Q225,C024,Laporan Kasus: Acute Coronary Syndrome dengan Presentasi Atipikal,13,3.790246233059176
Q225,C208,Laporan Kasus: Systemic Lupus Erythematosus dengan Presentasi Atipikal,14,3.790246233059176
Q225,C076,Levetiracetam Drug Profile: Efficacy in Epilepsy,15,3.781175763045196
Q225,C126,Budesonide Drug Profile: Efficacy in Asthma,16,3.781175763045196
Q225,C018,Laporan Kasus: Type 2 Diabetes Mellitus dengan Presentasi Atipikal,17,3.58721133978665
Q225,C278,Diazepam Drug Profile: Efficacy in Febrile Seizure,18,3.554322751794755
Q225,C145,Metronidazole Drug Profile: Efficacy in Inflammatory Bowel Disease,19,3.3531493409720508
Q225,C228,Methotrexate Drug Profile: Efficacy in Systemic Lupus Erythematosus,20,3.3531493409720508
Q226,C302,Kasus Sulit: Disseminated Intravascular Coagulation Refrakter terhadap Secukinumab,1,4.560198039645514
Q226,C311,Secukinumab pada Pasien Disseminated Intravascular Coagulation: Studi Kohort,2,4.560198039645514
Q226,C317,Secukinumab pada Pasien Disseminated Intravascular Coagulation: Studi Kohort,3,4.560198039645514
Q226,C225,Treatment Intensification in Gout: When and How,4,4.350946915799847
Q226,C217,"Adalimumab: Pharmacology, Dosing, and Clinical Use in Gout",5,4.104684859007734
Q226,C230,Case Series: IL-17 inhibitors in Refractory Gout,6,4.104684859007734
Q226,C213,Hasil Jangka Panjang Terapi IL-17 inhibitors pada Gout,7,3.884806201785683
Q226,C214,Adalimumab versus Adalimumab in Gout: Head-to-Head Comparison,8,3.884806201785683
Q226,C001,Panduan Praktis: Memulai Levothyroxine pada Hypothyroidism,9,0.0
Q226,C002,Clinical Practice Guideline: Type 1 Diabetes Mellitus Management 2023,10,0.0
Q226,C003,A Case of Type 1 Diabetes Mellitus Resistant to Insulin degludec,11,0.0
Q226,C004,Successful Management of Severe Hypothyroidism with Levothyroxine,12,0.0
Q226,C005,Liraglutide in Type 2 Diabetes Mellitus: Real-World Outcomes,13,0.0
Q226,C006,"Methimazole: Pharmacology, Dosing, and Clinical Use in Hyperthyroidism",14,0.0
Q226,C007,Efficacy of Vasopressin analogues in Diabetes Insipidus: A Cohort Study,15,0.0
Q226,C008,Treatment Intensification in Type 2 Diabetes Mellitus: When and How,16,0.0
Q226,C009,Case Report: Atypical Presentation of Obesity,17,0.0
Q226,C010,Dosis DPP-4 inhibitors pada Type 2 Diabetes Mellitus: Referensi Cepat,18,0.0
Q226,C011,National Guideline: Hypothyroidism Diagnosis and Treatment,19,0.0
Q226,C012,Case Report: Atypical Presentation of Type 2 Diabetes Mellitus,20,0.0
Q227,C034,Spironolactone Real-World Evidence in Heart Failure: A Retrospective Study,1,12.607007238547537
Q227,C044,Safety Profile of Furosemide in Heart Failure,2,9.142599899417235
Q227,C029,Profil Obat ARBs pada Heart Failure,3,8.548135340886487
Q227,C041,Laporan Kasus: Heart Failure dengan immunocompromised,4,8.548135340886487
Q227,C031,Clinical Practice Guideline: Heart Failure Management 2021,5,8.03528686089552
Q227,C038,Clinical Summary: Heart Failure Management Update 2024,6,8.03528686089552
Q227,C045,Metoprolol pada Pasien Heart Failure: Studi Kohort,7,8.03528686089552
Q227,C260,Hypertension in Pregnancy in anaemia: Special Considerations,8,5.020806231587834
Q227,C028,Practical Guide: Initiating Losartan in Hypertension,9,4.8622565146338275
Q227,C255,Practical Guide: Initiating Labetalol in Hypertension in Pregnancy,10,4.76172680599729
Q227,C268,Methyldopa Drug Profile: Efficacy in Hypertension in Pregnancy,11,4.76172680599729
Q227,C170,Major Depressive Disorder in hypertension: Special Considerations,12,4.570543671608399
Q227,C267,Hypertension in Pregnancy in Pregnancy: Safety and Management Guide,13,4.528555506486985
Q227,C275,Treatment Intensification in Hypertension in Pregnancy: When and How,14,4.528555506486985
Q227,C272,National Guideline: Hypertension in Pregnancy Diagnosis and Treatment,15,4.311852516094371
Q227,C257,Switching Therapy in Hypertension in Pregnancy: A Step-by-Step Guide,16,4.125618106759697
Q227,C266,Profil Obat Centrally acting antihypertensives pada Hypertension in Pregnancy,17,4.08087635740151
Q227,C263,Tinjauan Sistematis: Beta blockers non-selective pada Hypertension in Pregnancy,18,3.87338776106406
Q227,C270,Long-term Outcomes of Beta blockers non-selective Therapy in Hypertension in Pregnancy,19,3.789450542631392
Q227,C004,Successful Management of Severe Hypothyroidism with Levothyroxine,20,3.6534100715880893
Q228,C082,Rare Adverse Event of Aspirin in Ischaemic Stroke,1,15.068124334399071
Q228,C085,Pedoman PNPK: Ischaemic Stroke,2,11.135586229852866
Q228,C070,Ischaemic Stroke in Special Populations: Practical Guidance,3,10.238648664922103
Q228,C087,Switching Therapy in Ischaemic Stroke: A Step-by-Step Guide,4,8.67692320169609
Q228,C022,Quick Reference: Vasopressin analogues Dosing in Diabetes Insipidus,5,4.232295148072932
Q228,C005,Liraglutide in Type 2 Diabetes Mellitus: Real-World Outcomes,6,4.005580697124647
Q228,C017,Type 2 Diabetes Mellitus in Special Populations: Practical Guidance,7,4.005580697124647
Q228,C019,Asia-Pacific Guideline: Diabetes Insipidus in Primary Care 2021,8,4.005580697124647
Q228,C007,Efficacy of Vasopressin analogues in Diabetes Insipidus: A Cohort Study,9,3.801920442911019
Q228,C008,Treatment Intensification in Type 2 Diabetes Mellitus: When and How,10,3.801920442911019
Q228,C004,Successful Management of Severe Hypothyroidism with Levothyroxine,11,3.6534100715880893
Q228,C168,Challenging Case: ADHD with Concurrent atrial fibrillation,12,3.6534100715880893
Q228,C177,Successful Management of Severe Schizophrenia with Clozapine,13,3.6534100715880893
Q228,C287,Challenging Case: Stunting / Malnutrition with Concurrent COPD,14,3.6534100715880893
Q228,C301,Successful Management of Severe Sepsis with Norepinephrine,15,3.6534100715880893
Q228,C013,Asia-Pacific Guideline: Type 1 Diabetes Mellitus in Primary Care 2023,16,3.61796801708064
Q228,C064,Successful Management of Severe Nephrotic Syndrome with Furosemide,17,3.446628353505714
Q228,C222,Challenging Case: Psoriatic Arthritis with Concurrent renal impairment,18,3.446628353505714
Q228,C324,Successful Management of Severe Psoriasis with Tacrolimus topical,19,3.446628353505714
Q228,C106,Successful Management of Severe Typhoid Fever with Artemether-lumefantrine,20,3.2620002906108967
Q229,C015,Panduan Klinis: Tatalaksana Hyperthyroidism 2021,1,5.49288389814055
Q229,C014,Practical Guide: Initiating Methimazole in Hyperthyroidism,2,5.142303115314051
Q229,C006,"Methimazole: Pharmacology, Dosing, and Clinical Use in Hyperthyroidism",3,4.560198039645514
Q229,C253,Hasil Jangka Panjang Terapi Erythropoiesis stimulating agents pada Iron Deficiency Anaemia,4,4.186924368261953
Q229,C190,Case Series: HER2-targeted agents in Refractory Non-Small Cell Lung Cancer,5,3.9936931941444227
Q229,C011,National Guideline: Hypothyroidism Diagnosis and Treatment,6,2.938408316499378
Q229,C072,National Guideline: Migraine Diagnosis and Treatment,7,2.938408316499378
Q229,C027,National Guideline: Atrial Fibrillation Diagnosis and Treatment,8,2.7621174438570595
Q229,C080,Treatment Intensification in Epilepsy: When and How,9,2.7621174438570595
Q229,C131,Treatment Intensification in Asthma: When and How,10,2.7621174438570595
Q229,C138,Treatment Intensification in Asthma: When and How,11,2.7621174438570595
Q229,C225,Treatment Intensification in Gout: When and How,12,2.7621174438570595
Q229,C256,New Insights into Preeclampsia Pathophysiology and Treatment,13,2.7621174438570595
Q229,C274,Treatment Intensification in Preeclampsia: When and How,14,2.7621174438570595
Q229,C326,Treatment Intensification in Psoriasis: When and How,15,2.7621174438570595
Q229,C330,New Insights into Psoriasis Pathophysiology and Treatment,16,2.7621174438570595
Q229,C337,New Insights into Psoriasis Pathophysiology and Treatment,17,2.7621174438570595
Q229,C030,Treatment Intensification in Atrial Fibrillation: When and How,18,2.605782573313007
Q229,C046,Treatment Intensification in Atrial Fibrillation: When and How,19,2.605782573313007
Q229,C147,National Guideline: Peptic Ulcer Disease Diagnosis and Treatment,20,2.605782573313007
Q230,C312,A Case of Disseminated Intravascular Coagulation Resistant to Cyclosporine,1,13.5971090865627
Q230,C320,Safety Profile of Dupilumab in Disseminated Intravascular Coagulation,2,11.104087535040922
Q230,C308,WHO Guideline Update: Disseminated Intravascular Coagulation 2025,3,10.662968255384264
Q230,C300,Case Series: Calcineurin inhibitors in Refractory Disseminated Intravascular Coagulation,4,10.509266753240116
Q230,C302,Kasus Sulit: Disseminated Intravascular Coagulation Refrakter terhadap Secukinumab,5,10.059448022916152
Q230,C311,Secukinumab pada Pasien Disseminated Intravascular Coagulation: Studi Kohort,6,10.059448022916152
Q230,C317,Secukinumab pada Pasien Disseminated Intravascular Coagulation: Studi Kohort,7,10.059448022916152
Q230,C322,Disseminated Intravascular Coagulation and elderly patients: Management Challenges,8,10.059448022916152
Q230,C307,Case Series: IL-17 inhibitors in Refractory Disseminated Intravascular Coagulation,9,9.974932258344005
Q230,C310,Quick Reference: IL-4/IL-13 inhibitors Dosing in Disseminated Intravascular Coagulation,10,9.054224023615244
Q230,C316,Efficacy of IL-17 inhibitors in Disseminated Intravascular Coagulation: A Cohort Study,11,9.054224023615244
Q230,C137,Asthma in immunocompromised: Special Considerations,12,7.157903640534326
Q230,C041,Laporan Kasus: Heart Failure dengan immunocompromised,13,5.5230669573648505
Q230,C329,"Cyclosporine: Pharmacology, Dosing, and Clinical Use in Psoriasis",14,5.351892141672573
Q230,C325,A Case of Psoriasis Resistant to Cyclosporine,15,4.565667813200195
Q230,C336,A Case of Psoriasis Resistant to Cyclosporine,16,4.565667813200195
Q230,C004,Successful Management of Severe Hypothyroidism with Levothyroxine,17,3.6534100715880893
Q230,C168,Challenging Case: ADHD with Concurrent atrial fibrillation,18,3.6534100715880893
Q230,C177,Successful Management of Severe Schizophrenia with Clozapine,19,3.6534100715880893
Q230,C287,Challenging Case: Stunting / Malnutrition with Concurrent COPD,20,3.6534100715880893
Q231,C315,Perbandingan Hydrocortisone dan Piperacillin-tazobactam pada Sepsis,1,19.70443936353417
Q231,C321,Kasus Sulit: Sepsis Refrakter terhadap Norepinephrine,2,9.304242720410047
Q231,C301,Successful Management of Severe Sepsis with Norepinephrine,3,8.746031303961594
Q231,C305,Hydrocortisone: Farmakologi dan Penggunaan Klinis pada Sepsis,4,8.237452855962967
Q231,C309,Profil Keamanan Meropenem pada Sepsis,5,5.69381416101356
Q231,C089,Perbandingan Topiramate dan Topiramate pada Migraine,6,4.982028724354492
Q231,C088,Perbandingan Valproate dan Valproate pada Parkinson Disease,7,4.683130104168213
Q231,C285,Perbandingan Diazepam dan Diazepam pada Febrile Seizure,8,4.683130104168213
Q231,C291,Perbandingan Diazepam dan Diazepam pada Febrile Seizure,9,4.683130104168213
Q231,C294,Perbandingan Zinc dan Zinc pada Stunting / Malnutrition,10,4.683130104168213
Q231,C091,Valproate: Farmakologi dan Penggunaan Klinis pada Parkinson Disease,11,4.418066596385674
Q231,C123,Metronidazole: Farmakologi dan Penggunaan Klinis pada Pulmonary Embolism,12,4.418066596385674
Q231,C165,Lithium: Farmakologi dan Penggunaan Klinis pada Bipolar Disorder,13,4.418066596385674
Q231,C171,Perbandingan Venlafaxine dan Venlafaxine pada Major Depressive Disorder,14,4.418066596385674
Q231,C273,Magnesium sulphate: Farmakologi dan Penggunaan Klinis pada Preeclampsia,15,4.418066596385674
Q231,C284,Diazepam: Farmakologi dan Penggunaan Klinis pada Febrile Seizure,16,4.418066596385674
Q231,C342,Tacrolimus topical: Farmakologi dan Penggunaan Klinis pada Psoriasis,17,4.418066596385674
Q231,C237,Ferrous sulphate: Farmakologi dan Penggunaan Klinis pada Iron Deficiency Anaemia,18,3.9688011169516724
Q231,C303,Sepsis in Special Populations: Practical Guidance,19,3.781175763045196
Q231,C304,Ringkasan Klinis: Tatalaksana Sepsis Terkini 2024,20,3.781175763045196
Q232,C135,Prednisolone pada Pasien COPD: Studi Kohort,1,11.129460460063559
Q232,C220,Hasil Jangka Panjang Terapi Proteasome inhibitors pada Rheumatoid Arthritis,2,9.203396501434039
Q232,C224,Risk Stratification in Rheumatoid Arthritis: Current Approaches,3,8.851432205362032
Q232,C209,Long-term Outcomes of Proteasome inhibitors Therapy in Rheumatoid Arthritis,4,7.50130217223643
Q232,C133,Panduan Praktis: Memulai Prednisolone pada COPD,5,6.691536449047856
Q232,C218,Profil Keamanan Colchicine pada Psoriatic Arthritis,6,5.823301004177049
Q232,C045,Metoprolol pada Pasien Heart Failure: Studi Kohort,7,5.627955668445315
Q232,C152,Metronidazole pada Pasien Inflammatory Bowel Disease: Studi Kohort,8,5.309415367847006
Q232,C250,Rivaroxaban pada Pasien Deep Vein Thrombosis: Studi Kohort,9,5.309415367847006
Q232,C311,Secukinumab pada Pasien Disseminated Intravascular Coagulation: Studi Kohort,10,5.309415367847006
Q232,C317,Secukinumab pada Pasien Disseminated Intravascular Coagulation: Studi Kohort,11,5.309415367847006
Q232,C132,Practical Guide: Initiating Prednisolone in COPD,12,5.142303115314051
Q232,C226,Safety Profile of Ibuprofen in Psoriatic Arthritis,13,4.01764343044776
Q232,C227,Consensus Statement: NSAIDs Use in Psoriatic Arthritis,14,4.01764343044776
Q232,C222,Challenging Case: Psoriatic Arthritis with Concurrent renal impairment,15,3.790246233059176
Q232,C276,Efektivitas Magnesium pada Preeclampsia,16,1.7759290382152242
Q232,C212,Profil Keamanan Alendronate pada Osteoporosis,17,1.6548536020730698
Q232,C221,Meta-analisis: Alendronate pada Osteoporosis,18,1.6548536020730698
Q232,C309,Profil Keamanan Meropenem pada Sepsis,19,1.6548536020730698
Q232,C001,Panduan Praktis: Memulai Levothyroxine pada Hypothyroidism,20,1.5492333337338053
Q233,C126,Budesonide Drug Profile: Efficacy in Asthma,1,10.373498488269306
Q233,C083,Laporan Kasus: Migraine dengan COPD,2,9.130911562418467
Q233,C129,Dosis Corticosteroids pada Asthma: Referensi Cepat,3,5.823301004177049
Q233,C133,Panduan Praktis: Memulai Prednisolone pada COPD,4,5.823301004177049
Q233,C135,Prednisolone pada Pasien COPD: Studi Kohort,5,5.823301004177049
Q233,C137,Asthma in immunocompromised: Special Considerations,6,4.565455781209233
Q233,C338,Laporan Kasus: Psoriasis dengan anaemia,7,4.565455781209233
Q233,C041,Laporan Kasus: Heart Failure dengan immunocompromised,8,4.274067670443244
Q233,C097,Laporan Kasus: Malaria dengan atrial fibrillation,9,4.274067670443244
Q233,C124,Konsensus Nasional: Asthma di Indonesia 2024,10,4.274067670443244
Q233,C127,Risk Stratification in Asthma: Current Approaches,11,4.274067670443244
Q233,C128,COPD in Special Populations: Practical Guidance,12,4.274067670443244
Q233,C132,Practical Guide: Initiating Prednisolone in COPD,13,4.274067670443244
Q233,C118,COPD in Pregnancy: Safety and Management Guide,14,4.01764343044776
Q233,C131,Treatment Intensification in Asthma: When and How,15,4.01764343044776
Q233,C138,Treatment Intensification in Asthma: When and How,16,4.01764343044776
Q233,C287,Challenging Case: Stunting / Malnutrition with Concurrent COPD,17,4.01764343044776
Q233,C024,Laporan Kasus: Acute Coronary Syndrome dengan Presentasi Atipikal,18,3.790246233059176
Q233,C208,Laporan Kasus: Systemic Lupus Erythematosus dengan Presentasi Atipikal,19,3.790246233059176
Q233,C018,Laporan Kasus: Type 2 Diabetes Mellitus dengan Presentasi Atipikal,20,3.58721133978665
Q234,C202,Drug Interactions: Nivolumab in Non-Small Cell Lung Cancer Patients,1,20.256925868116323
Q234,C190,Case Series: HER2-targeted agents in Refractory Non-Small Cell Lung Cancer,2,18.38716695908078
Q234,C207,Biomarkers in Colorectal Cancer: Implications for PD-1 inhibitors Therapy,3,13.760213891543518
Q234,C140,"Proton pump inhibitors: Mechanism, Indications, and Safety",4,6.043733621397591
Q234,C033,"Statins: Mechanism, Indications, and Safety",5,4.151558599265983
Q234,C104,"NRTIs: Mechanism, Indications, and Safety",6,4.151558599265983
Q234,C112,"Antimalarials: Mechanism, Indications, and Safety",7,4.151558599265983
Q234,C265,"Magnesium: Mechanism, Indications, and Safety",8,4.151558599265983
Q234,C292,"Benzodiazepines: Mechanism, Indications, and Safety",9,4.151558599265983
Q234,C199,Pedoman PNPK: Breast Cancer HER2-positive,10,4.0022113632162
Q234,C101,"NRTIs combination: Mechanism, Indications, and Safety",11,3.8865872853495445
Q234,C244,"Iron preparations: Mechanism, Indications, and Safety",12,3.8865872853495445
Q234,C002,Clinical Practice Guideline: Type 1 Diabetes Mellitus Management 2023,13,3.884806201785683
Q234,C263,Tinjauan Sistematis: Beta blockers non-selective pada Hypertension in Pregnancy,14,3.869255628950251
Q234,C189,Clinical Practice Guideline: Colorectal Cancer Management 2020,15,3.762097240968909
Q234,C201,Kasus Sulit: Colorectal Cancer Refrakter terhadap Pembrolizumab,16,3.762097240968909
Q234,C023,Hasil Jangka Panjang Terapi GLP-1 receptor agonists pada Obesity,17,3.68728662136772
Q234,C235,"Vitamin K antagonists: Mechanism, Indications, and Safety",18,3.6534100715880893
Q234,C258,"Centrally acting antihypertensives: Mechanism, Indications, and Safety",19,3.6534100715880893
Q234,C196,Scoping Review: Emerging Therapies in Colorectal Cancer 2024,20,3.5491638675350425
Q235,C096,Drug Interactions: Artemether-lumefantrine in Typhoid Fever Patients,1,28.71183481560358
Q235,C106,Successful Management of Severe Typhoid Fever with Artemether-lumefantrine,2,27.17380695171481
Q235,C113,Risk Stratification in Typhoid Fever: Current Approaches,3,9.667577549828545
Q235,C001,Panduan Praktis: Memulai Levothyroxine pada Hypothyroidism,4,0.0
Q235,C002,Clinical Practice Guideline: Type 1 Diabetes Mellitus Management 2023,5,0.0
Q235,C003,A Case of Type 1 Diabetes Mellitus Resistant to Insulin degludec,6,0.0
Q235,C004,Successful Management of Severe Hypothyroidism with Levothyroxine,7,0.0
Q235,C005,Liraglutide in Type 2 Diabetes Mellitus: Real-World Outcomes,8,0.0
Q235,C006,"Methimazole: Pharmacology, Dosing, and Clinical Use in Hyperthyroidism",9,0.0
Q235,C007,Efficacy of Vasopressin analogues in Diabetes Insipidus: A Cohort Study,10,0.0
Q235,C008,Treatment Intensification in Type 2 Diabetes Mellitus: When and How,11,0.0
Q235,C009,Case Report: Atypical Presentation of Obesity,12,0.0
Q235,C010,Dosis DPP-4 inhibitors pada Type 2 Diabetes Mellitus: Referensi Cepat,13,0.0
Q235,C011,National Guideline: Hypothyroidism Diagnosis and Treatment,14,0.0
Q235,C012,Case Report: Atypical Presentation of Type 2 Diabetes Mellitus,15,0.0
Q235,C013,Asia-Pacific Guideline: Type 1 Diabetes Mellitus in Primary Care 2023,16,0.0
Q235,C014,Practical Guide: Initiating Methimazole in Hyperthyroidism,17,0.0
Q235,C015,Panduan Klinis: Tatalaksana Hyperthyroidism 2021,18,0.0
Q235,C016,Dose Adjustment of Desmopressin in Renal and Hepatic Impairment,19,0.0
Q235,C017,Type 2 Diabetes Mellitus in Special Populations: Practical Guidance,20,0.0
Q236,C192,National Guideline: Chronic Myeloid Leukaemia Diagnosis and Treatment,1,12.222344914681628
Q236,C197,Konsensus Nasional: Chronic Myeloid Leukaemia di Indonesia 2023,2,9.61656234136862
Q236,C206,Chronic Myeloid Leukaemia pada Populasi Khusus: Pendekatan Praktis,3,9.61656234136862
Q236,C185,Dosis BCR-ABL inhibitors pada Chronic Myeloid Leukaemia: Referensi Cepat,4,8.638670904798527
Q236,C198,Dosis BCR-ABL inhibitors pada Chronic Myeloid Leukaemia: Referensi Cepat,5,8.638670904798527
Q236,C195,Biomarkers in Chronic Lymphocytic Leukaemia: Implications for BTK inhibitors Therapy,6,8.241699080614886
Q236,C200,Chronic Lymphocytic Leukaemia and obesity: Management Challenges,7,5.842564570947868
Q236,C204,Profil Keamanan Ibrutinib pada Chronic Lymphocytic Leukaemia,8,5.842564570947868
Q236,C186,Konsensus Nasional: Chronic Lymphocytic Leukaemia di Indonesia 2022,9,5.511877482360887
Q236,C188,Risk Stratification in Chronic Lymphocytic Leukaemia: Current Approaches,10,5.511877482360887
Q236,C056,Biomarkers in Chronic Kidney Disease: Implications for SGLT2 inhibitors Therapy,11,5.444748540018468
Q236,C194,Quick Reference: BTK inhibitors Dosing in Chronic Lymphocytic Leukaemia,12,5.21661870824712
Q236,C191,Efficacy of BTK inhibitors in Chronic Lymphocytic Leukaemia: A Cohort Study,13,4.711816106286595
Q236,C193,Meta-analysis: Ibrutinib versus Standard of Care in Chronic Lymphocytic Leukaemia,14,4.711816106286595
Q236,C205,Meta-analysis: Ibrutinib versus Standard of Care in Chronic Lymphocytic Leukaemia,15,4.711816106286595
Q236,C162,Biomarkers in Schizophrenia: Implications for Atypical antipsychotics Therapy,16,3.662776105091861
Q236,C280,Biomarkers in Stunting / Malnutrition: Implications for Vitamin A Therapy,17,3.466569497433484
Q236,C102,Biomarkers in Urinary Tract Infection: Implications for NRTIs combination Therapy,18,3.2903147971840774
Q236,C111,Biomarkers in Urinary Tract Infection: Implications for NRTIs combination Therapy,19,3.2903147971840774
Q236,C207,Biomarkers in Colorectal Cancer: Implications for PD-1 inhibitors Therapy,20,3.2903147971840774
Q237,C185,Dosis BCR-ABL inhibitors pada Chronic Myeloid Leukaemia: Referensi Cepat,1,20.69815814492596
Q237,C198,Dosis BCR-ABL inhibitors pada Chronic Myeloid Leukaemia: Referensi Cepat,2,20.69815814492596
Q237,C206,Chronic Myeloid Leukaemia pada Populasi Khusus: Pendekatan Praktis,3,10.990423557446492
Q237,C192,National Guideline: Chronic Myeloid Leukaemia Diagnosis and Treatment,4,9.61656234136862
Q237,C197,Konsensus Nasional: Chronic Myeloid Leukaemia di Indonesia 2023,5,9.61656234136862
Q237,C194,Quick Reference: BTK inhibitors Dosing in Chronic Lymphocytic Leukaemia,6,7.350853836893192
Q237,C204,Profil Keamanan Ibrutinib pada Chronic Lymphocytic Leukaemia,7,7.298851088952581
Q237,C195,Biomarkers in Chronic Lymphocytic Leukaemia: Implications for BTK inhibitors Therapy,8,6.977106089860271
Q237,C191,Efficacy of BTK inhibitors in Chronic Lymphocytic Leukaemia: A Cohort Study,9,6.639525225195202
Q237,C200,Chronic Lymphocytic Leukaemia and obesity: Management Challenges,10,5.842564570947868
Q237,C245,Monitoring Parameters for Factor Xa inhibitors in Deep Vein Thrombosis,11,5.561076326921087
Q237,C328,Monitoring Parameters for IL-4/IL-13 inhibitors in Psoriasis,12,5.561076326921087
Q237,C186,Konsensus Nasional: Chronic Lymphocytic Leukaemia di Indonesia 2022,13,5.511877482360887
Q237,C188,Risk Stratification in Chronic Lymphocytic Leukaemia: Current Approaches,14,5.511877482360887
Q237,C193,Meta-analysis: Ibrutinib versus Standard of Care in Chronic Lymphocytic Leukaemia,15,4.711816106286595
Q237,C205,Meta-analysis: Ibrutinib versus Standard of Care in Chronic Lymphocytic Leukaemia,16,4.711816106286595
Q237,C229,Monitoring Parameters for Bisphosphonates in Osteoporosis,17,4.437924011015704
Q237,C058,Case Series: SGLT2 inhibitors in Refractory Chronic Kidney Disease,18,4.404077000172423
Q237,C056,Biomarkers in Chronic Kidney Disease: Implications for SGLT2 inhibitors Therapy,19,4.180155549263854
Q237,C061,Profil Keamanan Dapagliflozin pada Chronic Kidney Disease,20,3.9984883621356664
Q238,C002,Clinical Practice Guideline: Type 1 Diabetes Mellitus Management 2023,1,13.425706937111407
Q238,C013,Asia-Pacific Guideline: Type 1 Diabetes Mellitus in Primary Care 2023,2,13.019533703655346
Q238,C003,A Case of Type 1 Diabetes Mellitus Resistant to Insulin degludec,3,12.126525959153636
Q238,C008,Treatment Intensification in Type 2 Diabetes Mellitus: When and How,4,11.417228261205045
Q238,C005,Liraglutide in Type 2 Diabetes Mellitus: Real-World Outcomes,5,10.529581278346441
Q238,C017,Type 2 Diabetes Mellitus in Special Populations: Practical Guidance,6,10.529581278346441
Q238,C012,Case Report: Atypical Presentation of Type 2 Diabetes Mellitus,7,9.540900735325724
Q238,C018,Laporan Kasus: Type 2 Diabetes Mellitus dengan Presentasi Atipikal,8,9.540900735325724
Q238,C020,Clinical Practice Guideline: Type 2 Diabetes Mellitus Management 2021,9,9.540900735325724
Q238,C010,Dosis DPP-4 inhibitors pada Type 2 Diabetes Mellitus: Referensi Cepat,10,8.61764531153458
Q238,C267,Hypertension in Pregnancy in Pregnancy: Safety and Management Guide,11,7.121326868316885
Q238,C075,Migraine in Pregnancy: Safety and Management Guide,12,6.013293763176111
Q238,C118,COPD in Pregnancy: Safety and Management Guide,13,6.013293763176111
Q238,C269,Preeclampsia in Pregnancy: Safety and Management Guide,14,6.013293763176111
Q238,C275,Treatment Intensification in Hypertension in Pregnancy: When and How,15,5.81673589843708
Q238,C272,National Guideline: Hypertension in Pregnancy Diagnosis and Treatment,16,5.672943462684636
Q238,C172,Major Depressive Disorder in Pregnancy: Safety and Management Guide,17,5.369056749351605
Q238,C262,Preeclampsia in pregnancy: Special Considerations,18,4.92512607487174
Q238,C260,Hypertension in Pregnancy in anaemia: Special Considerations,19,4.784419184664649
Q238,C207,Biomarkers in Colorectal Cancer: Implications for PD-1 inhibitors Therapy,20,4.625698565163308
Q239,C135,Prednisolone pada Pasien COPD: Studi Kohort,1,5.987157344749509
Q239,C045,Metoprolol pada Pasien Heart Failure: Studi Kohort,2,5.627955668445315
Q239,C152,Metronidazole pada Pasien Inflammatory Bowel Disease: Studi Kohort,3,5.309415367847006
Q239,C250,Rivaroxaban pada Pasien Deep Vein Thrombosis: Studi Kohort,4,5.309415367847006
Q239,C311,Secukinumab pada Pasien Disseminated Intravascular Coagulation: Studi Kohort,5,5.309415367847006
Q239,C317,Secukinumab pada Pasien Disseminated Intravascular Coagulation: Studi Kohort,6,5.309415367847006
Q239,C332,Psoriasis in elderly patients: Special Considerations,7,5.142303115314051
Q239,C322,Disseminated Intravascular Coagulation and elderly patients: Management Challenges,8,4.560198039645514
Q239,C266,Profil Obat Centrally acting antihypertensives pada Hypertension in Pregnancy,9,4.392462401448904
Q239,C242,Challenging Case: Deep Vein Thrombosis with Concurrent elderly patients,10,4.315918574579278
Q239,C263,Tinjauan Sistematis: Beta blockers non-selective pada Hypertension in Pregnancy,11,4.169131484674454
Q239,C028,Practical Guide: Initiating Losartan in Hypertension,12,3.6842697318499518
Q239,C170,Major Depressive Disorder in hypertension: Special Considerations,13,3.463230633086685
Q239,C260,Hypertension in Pregnancy in anaemia: Special Considerations,14,3.463230633086685
Q239,C255,Practical Guide: Initiating Labetalol in Hypertension in Pregnancy,15,3.2672130039696
Q239,C268,Methyldopa Drug Profile: Efficacy in Hypertension in Pregnancy,16,3.2672130039696
Q239,C272,National Guideline: Hypertension in Pregnancy Diagnosis and Treatment,17,3.2672130039696
Q239,C016,Dose Adjustment of Desmopressin in Renal and Hepatic Impairment,18,3.2620002906108967
Q239,C040,Dose Adjustment of Atorvastatin in Renal and Hepatic Impairment,19,3.2620002906108967
Q239,C084,Dose Adjustment of Valproate in Renal and Hepatic Impairment,20,3.2620002906108967
Q240,C125,Efficacy of Antituberculotics in MDR Tuberculosis: A Cohort Study,1,9.00403899897739
Q240,C130,Profil Keamanan Bedaquiline pada MDR Tuberculosis,2,4.628644097110018
Q240,C117,Safety Profile of Bedaquiline in MDR Tuberculosis,3,4.350946915799847
Q240,C120,Safety Profile of Bedaquiline in MDR Tuberculosis,4,4.350946915799847
Q240,C136,MDR Tuberculosis pada Populasi Khusus: Pendekatan Praktis,5,4.350946915799847
Q240,C124,Konsensus Nasional: Asthma di Indonesia 2024,6,4.274067670443244
Q240,C304,Ringkasan Klinis: Tatalaksana Sepsis Terkini 2024,7,4.274067670443244
Q240,C038,Clinical Summary: Heart Failure Management Update 2024,8,4.01764343044776
Q240,C052,Clinical Summary: Chronic Kidney Disease Management Update 2024,9,3.790246233059176
Q240,C196,Scoping Review: Emerging Therapies in Colorectal Cancer 2024,10,3.790246233059176
Q240,C246,Scoping Review: Emerging Therapies in Deep Vein Thrombosis 2024,11,3.58721133978665
Q240,C239,Asia-Pacific Guideline: Deep Vein Thrombosis in Primary Care 2024,12,3.4048227103668527
Q240,C001,Panduan Praktis: Memulai Levothyroxine pada Hypothyroidism,13,0.0
Q240,C002,Clinical Practice Guideline: Type 1 Diabetes Mellitus Management 2023,14,0.0
Q240,C003,A Case of Type 1 Diabetes Mellitus Resistant to Insulin degludec,15,0.0
Q240,C004,Successful Management of Severe Hypothyroidism with Levothyroxine,16,0.0
Q240,C005,Liraglutide in Type 2 Diabetes Mellitus: Real-World Outcomes,17,0.0
Q240,C006,"Methimazole: Pharmacology, Dosing, and Clinical Use in Hyperthyroidism",18,0.0
Q240,C007,Efficacy of Vasopressin analogues in Diabetes Insipidus: A Cohort Study,19,0.0
Q240,C008,Treatment Intensification in Type 2 Diabetes Mellitus: When and How,20,0.0
Q241,C344,Safety Profile of Dupilumab in Psoriasis,1,8.132971413988127
Q241,C345,Dosis Topical calcineurin inhibitors pada Psoriasis: Referensi Cepat,2,6.442372995526504
Q241,C320,Safety Profile of Dupilumab in Disseminated Intravascular Coagulation,3,4.560198039645514
Q241,C135,Prednisolone pada Pasien COPD: Studi Kohort,4,4.437924011015704
Q241,C343,Dose Adjustment of Dupilumab in Renal and Hepatic Impairment,5,4.315918574579278
Q241,C129,Dosis Corticosteroids pada Asthma: Referensi Cepat,6,4.274067670443244
Q241,C166,Dosis SSRIs pada ADHD: Referensi Cepat,7,4.274067670443244
Q241,C045,Metoprolol pada Pasien Heart Failure: Studi Kohort,8,4.171669150440603
Q241,C152,Metronidazole pada Pasien Inflammatory Bowel Disease: Studi Kohort,9,3.935554151769135
Q241,C250,Rivaroxaban pada Pasien Deep Vein Thrombosis: Studi Kohort,10,3.935554151769135
Q241,C311,Secukinumab pada Pasien Disseminated Intravascular Coagulation: Studi Kohort,11,3.935554151769135
Q241,C317,Secukinumab pada Pasien Disseminated Intravascular Coagulation: Studi Kohort,12,3.935554151769135
Q241,C036,Dosis Platelet aggregation inhibitors pada Stable Angina: Referensi Cepat,13,3.58721133978665
Q241,C185,Dosis BCR-ABL inhibitors pada Chronic Myeloid Leukaemia: Referensi Cepat,14,3.4048227103668527
Q241,C198,Dosis BCR-ABL inhibitors pada Chronic Myeloid Leukaemia: Referensi Cepat,15,3.4048227103668527
Q241,C010,Dosis DPP-4 inhibitors pada Type 2 Diabetes Mellitus: Referensi Cepat,16,3.240083493305596
Q241,C333,WHO Guideline Update: Psoriasis 2023,17,3.1945595920910574
Q241,C335,WHO Guideline Update: Psoriasis 2025,18,3.1945595920910574
Q241,C338,Laporan Kasus: Psoriasis dengan anaemia,19,3.1945595920910574
Q241,C331,Profil Keamanan Tacrolimus topical pada Psoriasis,20,2.990668298674076
Q242,C002,Clinical Practice Guideline: Type 1 Diabetes Mellitus Management 2023,1,13.26563617821964
Q242,C005,Liraglutide in Type 2 Diabetes Mellitus: Real-World Outcomes,2,13.128112075112373
Q242,C012,Case Report: Atypical Presentation of Type 2 Diabetes Mellitus,3,13.128112075112373
Q242,C017,Type 2 Diabetes Mellitus in Special Populations: Practical Guidance,4,13.128112075112373
Q242,C018,Laporan Kasus: Type 2 Diabetes Mellitus dengan Presentasi Atipikal,5,13.128112075112373
Q242,C020,Clinical Practice Guideline: Type 2 Diabetes Mellitus Management 2021,6,13.128112075112373
Q242,C008,Treatment Intensification in Type 2 Diabetes Mellitus: When and How,7,12.460624675724404
Q242,C013,Asia-Pacific Guideline: Type 1 Diabetes Mellitus in Primary Care 2023,8,11.981944953319461
Q242,C010,Dosis DPP-4 inhibitors pada Type 2 Diabetes Mellitus: Referensi Cepat,9,11.857728804840177
Q242,C003,A Case of Type 1 Diabetes Mellitus Resistant to Insulin degludec,10,8.61764531153458
Q242,C197,Konsensus Nasional: Chronic Myeloid Leukaemia di Indonesia 2023,11,7.725800384828311
Q242,C333,WHO Guideline Update: Psoriasis 2023,12,4.740483163795515
Q242,C124,Konsensus Nasional: Asthma di Indonesia 2024,13,4.274067670443244
Q242,C219,Konsensus Nasional: Osteoporosis di Indonesia 2022,14,4.274067670443244
Q242,C233,WHO Guideline Update: Iron Deficiency Anaemia 2023,15,4.171669150440603
Q242,C015,Panduan Klinis: Tatalaksana Hyperthyroidism 2021,16,4.038960558940491
Q242,C259,Panduan Klinis: Tatalaksana Preeclampsia 2020,17,4.038960558940491
Q242,C062,Konsensus Nasional: Chronic Kidney Disease di Indonesia 2022,18,3.790246233059176
Q242,C153,Konsensus Nasional: Inflammatory Bowel Disease di Indonesia 2021,19,3.790246233059176
Q242,C160,Konsensus Nasional: Inflammatory Bowel Disease di Indonesia 2022,20,3.790246233059176
Q243,C224,Risk Stratification in Rheumatoid Arthritis: Current Approaches,1,9.958745243883747
Q243,C209,Long-term Outcomes of Proteasome inhibitors Therapy in Rheumatoid Arthritis,2,8.439714116032018
Q243,C220,Hasil Jangka Panjang Terapi Proteasome inhibitors pada Rheumatoid Arthritis,3,7.903129914365929
Q243,C222,Challenging Case: Psoriatic Arthritis with Concurrent renal impairment,4,7.23687458656489
Q243,C022,Quick Reference: Vasopressin analogues Dosing in Diabetes Insipidus,5,7.211283241335776
Q243,C226,Safety Profile of Ibuprofen in Psoriatic Arthritis,6,5.124956468969474
Q243,C227,Consensus Statement: NSAIDs Use in Psoriatic Arthritis,7,5.124956468969474
Q243,C218,Profil Keamanan Colchicine pada Psoriatic Arthritis,8,4.274067670443244
Q243,C073,Quick Reference: Antiepileptics other Dosing in Migraine,9,4.265026602851163
Q243,C339,Quick Reference: Calcineurin inhibitors Dosing in Psoriasis,10,4.265026602851163
Q243,C006,"Methimazole: Pharmacology, Dosing, and Clinical Use in Hyperthyroidism",11,4.023627605387614
Q243,C146,Quick Reference: Nitroimidazoles Dosing in Inflammatory Bowel Disease,12,4.023627605387614
Q243,C163,"Risperidone: Pharmacology, Dosing, and Clinical Use in Schizophrenia",13,4.023627605387614
Q243,C217,"Adalimumab: Pharmacology, Dosing, and Clinical Use in Gout",14,4.023627605387614
Q243,C329,"Cyclosporine: Pharmacology, Dosing, and Clinical Use in Psoriasis",15,4.023627605387614
Q243,C005,Liraglutide in Type 2 Diabetes Mellitus: Real-World Outcomes,16,4.005580697124647
Q243,C017,Type 2 Diabetes Mellitus in Special Populations: Practical Guidance,17,4.005580697124647
Q243,C019,Asia-Pacific Guideline: Diabetes Insipidus in Primary Care 2021,18,4.005580697124647
Q243,C095,Quick Reference: NRTIs combination Dosing in Urinary Tract Infection,19,3.8080910013794624
Q243,C176,"Lithium: Pharmacology, Dosing, and Clinical Use in Bipolar Disorder",20,3.8080910013794624
Q244,C009,Case Report: Atypical Presentation of Obesity,1,5.142303115314051
Q244,C005,Liraglutide in Type 2 Diabetes Mellitus: Real-World Outcomes,2,5.119232797191707
Q244,C200,Chronic Lymphocytic Leukaemia and obesity: Management Challenges,3,4.8337887749142725
Q244,C023,Hasil Jangka Panjang Terapi GLP-1 receptor agonists pada Obesity,4,4.096479461869578
Q244,C001,Panduan Praktis: Memulai Levothyroxine pada Hypothyroidism,5,0.0
Q244,C002,Clinical Practice Guideline: Type 1 Diabetes Mellitus Management 2023,6,0.0
Q244,C003,A Case of Type 1 Diabetes Mellitus Resistant to Insulin degludec,7,0.0
Q244,C004,Successful Management of Severe Hypothyroidism with Levothyroxine,8,0.0
Q244,C006,"Methimazole: Pharmacology, Dosing, and Clinical Use in Hyperthyroidism",9,0.0
Q244,C007,Efficacy of Vasopressin analogues in Diabetes Insipidus: A Cohort Study,10,0.0
Q244,C008,Treatment Intensification in Type 2 Diabetes Mellitus: When and How,11,0.0
Q244,C010,Dosis DPP-4 inhibitors pada Type 2 Diabetes Mellitus: Referensi Cepat,12,0.0
Q244,C011,National Guideline: Hypothyroidism Diagnosis and Treatment,13,0.0
Q244,C012,Case Report: Atypical Presentation of Type 2 Diabetes Mellitus,14,0.0
Q244,C013,Asia-Pacific Guideline: Type 1 Diabetes Mellitus in Primary Care 2023,15,0.0
Q244,C014,Practical Guide: Initiating Methimazole in Hyperthyroidism,16,0.0
Q244,C015,Panduan Klinis: Tatalaksana Hyperthyroidism 2021,17,0.0
Q244,C016,Dose Adjustment of Desmopressin in Renal and Hepatic Impairment,18,0.0
Q244,C017,Type 2 Diabetes Mellitus in Special Populations: Practical Guidance,19,0.0
Q244,C018,Laporan Kasus: Type 2 Diabetes Mellitus dengan Presentasi Atipikal,20,0.0
Q245,C202,Drug Interactions: Nivolumab in Non-Small Cell Lung Cancer Patients,1,20.256925868116323
Q245,C190,Case Series: HER2-targeted agents in Refractory Non-Small Cell Lung Cancer,2,18.38716695908078
Q245,C201,Kasus Sulit: Colorectal Cancer Refrakter terhadap Pembrolizumab,3,9.495590494754511
Q245,C092,Hasil Jangka Panjang Terapi Antiepileptics other pada Migraine,4,5.164107449137047
Q245,C263,Tinjauan Sistematis: Beta blockers non-selective pada Hypertension in Pregnancy,5,5.103411296356232
Q245,C077,Hasil Jangka Panjang Terapi Fatty acid derivatives pada Epilepsy,6,4.88747792685476
Q245,C213,Hasil Jangka Panjang Terapi IL-17 inhibitors pada Gout,7,4.88747792685476
Q245,C220,Hasil Jangka Panjang Terapi Proteasome inhibitors pada Rheumatoid Arthritis,8,4.88747792685476
Q245,C023,Hasil Jangka Panjang Terapi GLP-1 receptor agonists pada Obesity,9,4.638978377772834
Q245,C098,Hasil Jangka Panjang Terapi NRTIs combination pada Urinary Tract Infection,10,4.638978377772834
Q245,C253,Hasil Jangka Panjang Terapi Erythropoiesis stimulating agents pada Iron Deficiency Anaemia,11,4.4145256732042455
Q245,C199,Pedoman PNPK: Breast Cancer HER2-positive,12,4.0022113632162
Q245,C189,Clinical Practice Guideline: Colorectal Cancer Management 2020,13,3.762097240968909
Q245,C196,Scoping Review: Emerging Therapies in Colorectal Cancer 2024,14,3.5491638675350425
Q245,C187,Clinical Practice Guideline: Breast Cancer HER2-positive Management 2022,15,3.359043209735438
Q245,C270,Long-term Outcomes of Beta blockers non-selective Therapy in Hypertension in Pregnancy,16,3.357177369918772
Q245,C203,Monitoring Parameters for CNS stimulants in Breast Cancer HER2-positive,17,3.188255589728093
Q245,C207,Biomarkers in Colorectal Cancer: Implications for PD-1 inhibitors Therapy,18,3.188255589728093
Q245,C276,Efektivitas Magnesium pada Preeclampsia,19,1.7759290382152242
Q245,C212,Profil Keamanan Alendronate pada Osteoporosis,20,1.6548536020730698
Q246,C093,Practical Guide: Initiating Tenofovir+Lamivudine in Urinary Tract Infection,1,18.70896677836487
Q246,C109,Panduan Praktis: Memulai Tenofovir+Lamivudine pada Urinary Tract Infection,2,18.70896677836487
Q246,C094,"Tenofovir+Lamivudine: Pharmacology, Dosing, and Clinical Use in Urinary Tract Infection",3,16.898534458521226
Q246,C102,Biomarkers in Urinary Tract Infection: Implications for NRTIs combination Therapy,4,11.905571861610522
Q246,C111,Biomarkers in Urinary Tract Infection: Implications for NRTIs combination Therapy,5,11.905571861610522
Q246,C095,Quick Reference: NRTIs combination Dosing in Urinary Tract Infection,6,10.077129629206315
Q246,C108,Case Series: NRTIs combination in Refractory Urinary Tract Infection,7,10.077129629206315
Q246,C115,Case Series: NRTIs combination in Refractory Urinary Tract Infection,8,10.077129629206315
Q246,C098,Hasil Jangka Panjang Terapi NRTIs combination pada Urinary Tract Infection,9,9.564766769184278
Q246,C029,Profil Obat ARBs pada Heart Failure,10,4.274067670443244
Q246,C041,Laporan Kasus: Heart Failure dengan immunocompromised,11,4.274067670443244
Q246,C031,Clinical Practice Guideline: Heart Failure Management 2021,12,4.01764343044776
Q246,C038,Clinical Summary: Heart Failure Management Update 2024,13,4.01764343044776
Q246,C044,Safety Profile of Furosemide in Heart Failure,14,4.01764343044776
Q246,C045,Metoprolol pada Pasien Heart Failure: Studi Kohort,15,4.01764343044776
Q246,C034,Spironolactone Real-World Evidence in Heart Failure: A Retrospective Study,16,3.4048227103668527
Q246,C162,Biomarkers in Schizophrenia: Implications for Atypical antipsychotics Therapy,17,2.605782573313007
Q246,C216,Switching Therapy in Osteoporosis: A Step-by-Step Guide,18,2.466196711568875
Q246,C280,Biomarkers in Stunting / Malnutrition: Implications for Vitamin A Therapy,19,2.466196711568875
Q246,C318,Switching Therapy in Sepsis: A Step-by-Step Guide,20,2.466196711568875
Q247,C082,Rare Adverse Event of Aspirin in Ischaemic Stroke,1,14.0234848222743
Q247,C085,Pedoman PNPK: Ischaemic Stroke,2,11.135586229852866
Q247,C070,Ischaemic Stroke in Special Populations: Practical Guidance,3,9.13133562640039
Q247,C087,Switching Therapy in Ischaemic Stroke: A Step-by-Step Guide,4,7.738511257900502
Q247,C276,Efektivitas Magnesium pada Preeclampsia,5,1.7759290382152242
Q247,C212,Profil Keamanan Alendronate pada Osteoporosis,6,1.6548536020730698
Q247,C221,Meta-analisis: Alendronate pada Osteoporosis,7,1.6548536020730698
Q247,C309,Profil Keamanan Meropenem pada Sepsis,8,1.6548536020730698
Q247,C001,Panduan Praktis: Memulai Levothyroxine pada Hypothyroidism,9,1.5492333337338053
Q247,C026,Profil Keamanan Rivaroxaban pada Atrial Fibrillation,10,1.5492333337338053
Q247,C029,Profil Obat ARBs pada Heart Failure,11,1.5492333337338053
Q247,C054,Efektivitas Loop diuretics pada Nephrotic Syndrome,12,1.5492333337338053
Q247,C089,Perbandingan Topiramate dan Topiramate pada Migraine,13,1.5492333337338053
Q247,C099,Panduan Praktis: Memulai Dolutegravir pada Malaria,14,1.5492333337338053
Q247,C103,Profil Keamanan Amoxicillin pada HIV/AIDS,15,1.5492333337338053
Q247,C114,Profil Keamanan Levofloxacin pada HIV/AIDS,16,1.5492333337338053
Q247,C129,Dosis Corticosteroids pada Asthma: Referensi Cepat,17,1.5492333337338053
Q247,C130,Profil Keamanan Bedaquiline pada MDR Tuberculosis,18,1.5492333337338053
Q247,C133,Panduan Praktis: Memulai Prednisolone pada COPD,19,1.5492333337338053
Q247,C135,Prednisolone pada Pasien COPD: Studi Kohort,20,1.5492333337338053
Q248,C002,Clinical Practice Guideline: Type 1 Diabetes Mellitus Management 2023,1,13.425706937111407
Q248,C003,A Case of Type 1 Diabetes Mellitus Resistant to Insulin degludec,2,12.126525959153636
Q248,C013,Asia-Pacific Guideline: Type 1 Diabetes Mellitus in Primary Care 2023,3,12.126525959153636
Q248,C005,Liraglutide in Type 2 Diabetes Mellitus: Real-World Outcomes,4,9.540900735325724
Q248,C012,Case Report: Atypical Presentation of Type 2 Diabetes Mellitus,5,9.540900735325724
Q248,C017,Type 2 Diabetes Mellitus in Special Populations: Practical Guidance,6,9.540900735325724
Q248,C018,Laporan Kasus: Type 2 Diabetes Mellitus dengan Presentasi Atipikal,7,9.540900735325724
Q248,C020,Clinical Practice Guideline: Type 2 Diabetes Mellitus Management 2021,8,9.540900735325724
Q248,C008,Treatment Intensification in Type 2 Diabetes Mellitus: When and How,9,9.05580196535755
Q248,C010,Dosis DPP-4 inhibitors pada Type 2 Diabetes Mellitus: Referensi Cepat,10,8.61764531153458
Q248,C023,Hasil Jangka Panjang Terapi GLP-1 receptor agonists pada Obesity,11,3.68728662136772
Q248,C207,Biomarkers in Colorectal Cancer: Implications for PD-1 inhibitors Therapy,12,3.68728662136772
Q248,C074,Topiramate Real-World Evidence in Migraine: A Retrospective Study,13,3.2620002906108967
Q248,C079,Topiramate Real-World Evidence in Migraine: A Retrospective Study,14,3.2620002906108967
Q248,C105,Narrative Review: Current Evidence for Integrase inhibitors in Malaria,15,3.2620002906108967
Q248,C022,Quick Reference: Vasopressin analogues Dosing in Diabetes Insipidus,16,3.187655635948162
Q248,C034,Spironolactone Real-World Evidence in Heart Failure: A Retrospective Study,17,3.0961467331210595
Q248,C215,Narrative Review: Current Evidence for NSAIDs in Systemic Lupus Erythematosus,18,3.0961467331210595
Q248,C290,Diazepam Real-World Evidence in Febrile Seizure: A Retrospective Study,19,3.0961467331210595
Q248,C296,Narrative Review: Current Evidence for Zinc supplements in Stunting / Malnutrition,20,3.0961467331210595
Q249,C005,Liraglutide in Type 2 Diabetes Mellitus: Real-World Outcomes,1,13.128112075112373
Q249,C012,Case Report: Atypical Presentation of Type 2 Diabetes Mellitus,2,13.128112075112373
Q249,C017,Type 2 Diabetes Mellitus in Special Populations: Practical Guidance,3,13.128112075112373
Q249,C018,Laporan Kasus: Type 2 Diabetes Mellitus dengan Presentasi Atipikal,4,13.128112075112373
Q249,C020,Clinical Practice Guideline: Type 2 Diabetes Mellitus Management 2021,5,13.128112075112373
Q249,C010,Dosis DPP-4 inhibitors pada Type 2 Diabetes Mellitus: Referensi Cepat,6,13.032170984738825
Q249,C008,Treatment Intensification in Type 2 Diabetes Mellitus: When and How,7,12.460624675724404
Q249,C002,Clinical Practice Guideline: Type 1 Diabetes Mellitus Management 2023,8,9.540900735325724
Q249,C003,A Case of Type 1 Diabetes Mellitus Resistant to Insulin degludec,9,8.61764531153458
Q249,C013,Asia-Pacific Guideline: Type 1 Diabetes Mellitus in Primary Care 2023,10,8.61764531153458
Q249,C135,Prednisolone pada Pasien COPD: Studi Kohort,11,5.987157344749509
Q249,C045,Metoprolol pada Pasien Heart Failure: Studi Kohort,12,5.627955668445315
Q249,C152,Metronidazole pada Pasien Inflammatory Bowel Disease: Studi Kohort,13,5.309415367847006
Q249,C250,Rivaroxaban pada Pasien Deep Vein Thrombosis: Studi Kohort,14,5.309415367847006
Q249,C311,Secukinumab pada Pasien Disseminated Intravascular Coagulation: Studi Kohort,15,5.309415367847006
Q249,C317,Secukinumab pada Pasien Disseminated Intravascular Coagulation: Studi Kohort,16,5.309415367847006
Q249,C332,Psoriasis in elderly patients: Special Considerations,17,5.142303115314051
Q249,C322,Disseminated Intravascular Coagulation and elderly patients: Management Challenges,18,4.560198039645514
Q249,C242,Challenging Case: Deep Vein Thrombosis with Concurrent elderly patients,19,4.315918574579278
Q249,C016,Dose Adjustment of Desmopressin in Renal and Hepatic Impairment,20,3.2620002906108967
Q250,C235,"Vitamin K antagonists: Mechanism, Indications, and Safety",1,14.949084917533874
Q250,C241,Consensus Statement: Vitamin K antagonists Use in Deep Vein Thrombosis,2,12.668865395242236
Q250,C026,Profil Keamanan Rivaroxaban pada Atrial Fibrillation,3,9.111584859824198
Q250,C097,Laporan Kasus: Malaria dengan atrial fibrillation,4,7.562351526090392
Q250,C027,National Guideline: Atrial Fibrillation Diagnosis and Treatment,5,7.10864550358951
Q250,C037,Atrial Fibrillation in Special Populations: Practical Guidance,6,7.10864550358951
Q250,C042,Atrial Fibrillation in Special Populations: Practical Guidance,7,7.10864550358951
Q250,C081,Parkinson Disease in atrial fibrillation: Special Considerations,8,7.10864550358951
Q250,C168,Challenging Case: ADHD with Concurrent atrial fibrillation,9,7.10864550358951
Q250,C030,Treatment Intensification in Atrial Fibrillation: When and How,10,6.7062986819441015
Q250,C032,Consensus Statement: SGLT2 inhibitors Use in Atrial Fibrillation,11,6.7062986819441015
Q250,C046,Treatment Intensification in Atrial Fibrillation: When and How,12,6.7062986819441015
Q250,C025,Metoprolol versus Empagliflozin in Atrial Fibrillation: Head-to-Head Comparison,13,6.024346876365611
Q250,C297,Panduan Praktis: Memulai Vitamin A pada Stunting / Malnutrition,14,5.6811138456256725
Q250,C280,Biomarkers in Stunting / Malnutrition: Implications for Vitamin A Therapy,15,4.076522876343298
Q250,C276,Efektivitas Magnesium pada Preeclampsia,16,1.7759290382152242
Q250,C212,Profil Keamanan Alendronate pada Osteoporosis,17,1.6548536020730698
Q250,C221,Meta-analisis: Alendronate pada Osteoporosis,18,1.6548536020730698
Q250,C309,Profil Keamanan Meropenem pada Sepsis,19,1.6548536020730698
Q250,C001,Panduan Praktis: Memulai Levothyroxine pada Hypothyroidism,20,1.5492333337338053
Q251,C180,Risk Stratification in Major Depressive Disorder: Current Approaches,1,10.694055829717446
Q251,C086,Risk Stratification in Migraine: Current Approaches,2,8.548135340886487
Q251,C127,Risk Stratification in Asthma: Current Approaches,3,8.548135340886487
Q251,C113,Risk Stratification in Typhoid Fever: Current Approaches,4,8.03528686089552
Q251,C224,Risk Stratification in Rheumatoid Arthritis: Current Approaches,5,8.03528686089552
Q251,C295,Risk Stratification in Stunting / Malnutrition: Current Approaches,6,8.03528686089552
Q251,C175,Clinical Summary: Bipolar Disorder Management Update 2020,7,7.8660305400171096
Q251,C188,Risk Stratification in Chronic Lymphocytic Leukaemia: Current Approaches,8,7.580492466118352
Q251,C165,Lithium: Farmakologi dan Penggunaan Klinis pada Bipolar Disorder,9,7.420815993146895
Q251,C183,Scoping Review: Emerging Therapies in Bipolar Disorder 2022,10,7.420815993146895
Q251,C176,"Lithium: Pharmacology, Dosing, and Clinical Use in Bipolar Disorder",11,7.023299713064067
Q251,C170,Major Depressive Disorder in hypertension: Special Considerations,12,3.300362726816915
Q251,C164,Clinical Summary: Major Depressive Disorder Management Update 2021,13,3.1135633635990922
Q251,C171,Perbandingan Venlafaxine dan Venlafaxine pada Major Depressive Disorder,14,3.1135633635990922
Q251,C181,Case Report: Atypical Presentation of Major Depressive Disorder,15,3.1135633635990922
Q251,C172,Major Depressive Disorder in Pregnancy: Safety and Management Guide,16,2.946776836720769
Q251,C174,Long-term Outcomes of SNRIs Therapy in Major Depressive Disorder,17,2.7969505405964172
Q251,C182,"Sertraline: Pharmacology, Dosing, and Clinical Use in Major Depressive Disorder",18,2.7969505405964172
Q251,C173,Escitalopram versus Sertraline in Major Depressive Disorder: Head-to-Head Comparison,19,2.6616226597014774
Q251,C184,Sertraline Real-World Evidence in Major Depressive Disorder: A Retrospective Study,20,2.6616226597014774
Q252,C164,Clinical Summary: Major Depressive Disorder Management Update 2021,1,12.367684868588153
Q252,C172,Major Depressive Disorder in Pregnancy: Safety and Management Guide,2,11.705176043852695
Q252,C170,Major Depressive Disorder in hypertension: Special Considerations,3,10.607182869993093
Q252,C171,Perbandingan Venlafaxine dan Venlafaxine pada Major Depressive Disorder,4,10.00682007061052
Q252,C180,Risk Stratification in Major Depressive Disorder: Current Approaches,5,10.00682007061052
Q252,C181,Case Report: Atypical Presentation of Major Depressive Disorder,6,10.00682007061052
Q252,C254,Clinical Practice Guideline: Preeclampsia Management 2022,7,9.050953449776493
Q252,C174,Long-term Outcomes of SNRIs Therapy in Major Depressive Disorder,8,8.989244006838536
Q252,C182,"Sertraline: Pharmacology, Dosing, and Clinical Use in Major Depressive Disorder",9,8.989244006838536
Q252,C173,Escitalopram versus Sertraline in Major Depressive Disorder: Head-to-Head Comparison,10,8.554307698657128
Q252,C184,Sertraline Real-World Evidence in Major Depressive Disorder: A Retrospective Study,11,8.554307698657128
Q252,C051,Clinical Practice Guideline: Nephrotic Syndrome Management 2022,12,8.507938214981966
Q252,C187,Clinical Practice Guideline: Breast Cancer HER2-positive Management 2022,13,7.596436311817278
Q252,C183,Scoping Review: Emerging Therapies in Bipolar Disorder 2022,14,6.380776367568693
Q252,C175,Clinical Summary: Bipolar Disorder Management Update 2020,15,5.802868464581242
Q252,C071,Asia-Pacific Guideline: Epilepsy in Primary Care 2022,16,5.665527122731396
Q252,C148,Clinical Summary: Inflammatory Bowel Disease Management Update 2022,17,5.628077801947233
Q252,C031,Clinical Practice Guideline: Heart Failure Management 2021,18,5.044707581895281
Q252,C119,Clinical Practice Guideline: Pulmonary Embolism Management 2025,19,5.044707581895281
Q252,C189,Clinical Practice Guideline: Colorectal Cancer Management 2020,20,5.044707581895281
Q253,C206,Chronic Myeloid Leukaemia pada Populasi Khusus: Pendekatan Praktis,1,10.990423557446492
Q253,C185,Dosis BCR-ABL inhibitors pada Chronic Myeloid Leukaemia: Referensi Cepat,2,9.87282657220451
Q253,C198,Dosis BCR-ABL inhibitors pada Chronic Myeloid Leukaemia: Referensi Cepat,3,9.87282657220451
Q253,C192,National Guideline: Chronic Myeloid Leukaemia Diagnosis and Treatment,4,9.61656234136862
Q253,C197,Konsensus Nasional: Chronic Myeloid Leukaemia di Indonesia 2023,5,9.61656234136862
Q253,C204,Profil Keamanan Ibrutinib pada Chronic Lymphocytic Leukaemia,6,7.298851088952581
Q253,C135,Prednisolone pada Pasien COPD: Studi Kohort,7,5.987157344749509
Q253,C200,Chronic Lymphocytic Leukaemia and obesity: Management Challenges,8,5.842564570947868
Q253,C045,Metoprolol pada Pasien Heart Failure: Studi Kohort,9,5.627955668445315
Q253,C186,Konsensus Nasional: Chronic Lymphocytic Leukaemia di Indonesia 2022,10,5.511877482360887
Q253,C188,Risk Stratification in Chronic Lymphocytic Leukaemia: Current Approaches,11,5.511877482360887
Q253,C152,Metronidazole pada Pasien Inflammatory Bowel Disease: Studi Kohort,12,5.309415367847006
Q253,C250,Rivaroxaban pada Pasien Deep Vein Thrombosis: Studi Kohort,13,5.309415367847006
Q253,C311,Secukinumab pada Pasien Disseminated Intravascular Coagulation: Studi Kohort,14,5.309415367847006
Q253,C317,Secukinumab pada Pasien Disseminated Intravascular Coagulation: Studi Kohort,15,5.309415367847006
Q253,C194,Quick Reference: BTK inhibitors Dosing in Chronic Lymphocytic Leukaemia,16,5.21661870824712
Q253,C195,Biomarkers in Chronic Lymphocytic Leukaemia: Implications for BTK inhibitors Therapy,17,4.951384283430807
Q253,C191,Efficacy of BTK inhibitors in Chronic Lymphocytic Leukaemia: A Cohort Study,18,4.711816106286595
Q253,C193,Meta-analysis: Ibrutinib versus Standard of Care in Chronic Lymphocytic Leukaemia,19,4.711816106286595
Q253,C205,Meta-analysis: Ibrutinib versus Standard of Care in Chronic Lymphocytic Leukaemia,20,4.711816106286595
Q254,C095,Quick Reference: NRTIs combination Dosing in Urinary Tract Infection,1,18.119591009447163
Q254,C108,Case Series: NRTIs combination in Refractory Urinary Tract Infection,2,18.119591009447163
Q254,C115,Case Series: NRTIs combination in Refractory Urinary Tract Infection,3,18.119591009447163
Q254,C102,Biomarkers in Urinary Tract Infection: Implications for NRTIs combination Therapy,4,17.1983162205308
Q254,C111,Biomarkers in Urinary Tract Infection: Implications for NRTIs combination Therapy,5,17.1983162205308
Q254,C098,Hasil Jangka Panjang Terapi NRTIs combination pada Urinary Tract Infection,6,16.25990427673521
Q254,C093,Practical Guide: Initiating Tenofovir+Lamivudine in Urinary Tract Infection,7,11.06581017222703
Q254,C109,Panduan Praktis: Memulai Tenofovir+Lamivudine pada Urinary Tract Infection,8,10.077129629206315
Q254,C094,"Tenofovir+Lamivudine: Pharmacology, Dosing, and Clinical Use in Urinary Tract Infection",9,9.994992065680298
Q254,C101,"NRTIs combination: Mechanism, Indications, and Safety",10,8.40439376860013
Q254,C104,"NRTIs: Mechanism, Indications, and Safety",11,4.411914507931547
Q254,C256,New Insights into Preeclampsia Pathophysiology and Treatment,12,4.171669150440603
Q254,C330,New Insights into Psoriasis Pathophysiology and Treatment,13,4.171669150440603
Q254,C337,New Insights into Psoriasis Pathophysiology and Treatment,14,4.171669150440603
Q254,C282,New Insights into Febrile Seizure Pathophysiology and Treatment,15,3.935554151769135
Q254,C155,New Insights into Inflammatory Bowel Disease Pathophysiology and Treatment,16,3.724735442893917
Q254,C234,New Insights into Deep Vein Thrombosis Pathophysiology and Treatment,17,3.724735442893917
Q254,C260,Hypertension in Pregnancy in anaemia: Special Considerations,18,1.5575755985011488
Q254,C255,Practical Guide: Initiating Labetalol in Hypertension in Pregnancy,19,1.4945138020276896
Q254,C268,Methyldopa Drug Profile: Efficacy in Hypertension in Pregnancy,20,1.4945138020276896
Q255,C137,Asthma in immunocompromised: Special Considerations,1,10.465062412353678
Q255,C041,Laporan Kasus: Heart Failure dengan immunocompromised,2,9.797134627808095
Q255,C129,Dosis Corticosteroids pada Asthma: Referensi Cepat,3,5.823301004177049
Q255,C116,Dose Adjustment of Salmeterol in Renal and Hepatic Impairment,4,5.119232797191707
Q255,C083,Laporan Kasus: Migraine dengan COPD,5,4.565455781209233
Q255,C338,Laporan Kasus: Psoriasis dengan anaemia,6,4.565455781209233
Q255,C097,Laporan Kasus: Malaria dengan atrial fibrillation,7,4.274067670443244
Q255,C124,Konsensus Nasional: Asthma di Indonesia 2024,8,4.274067670443244
Q255,C126,Budesonide Drug Profile: Efficacy in Asthma,9,4.274067670443244
Q255,C127,Risk Stratification in Asthma: Current Approaches,10,4.274067670443244
Q255,C131,Treatment Intensification in Asthma: When and How,11,4.01764343044776
Q255,C138,Treatment Intensification in Asthma: When and How,12,4.01764343044776
Q255,C024,Laporan Kasus: Acute Coronary Syndrome dengan Presentasi Atipikal,13,3.790246233059176
Q255,C208,Laporan Kasus: Systemic Lupus Erythematosus dengan Presentasi Atipikal,14,3.790246233059176
Q255,C018,Laporan Kasus: Type 2 Diabetes Mellitus dengan Presentasi Atipikal,15,3.58721133978665
Q255,C276,Efektivitas Magnesium pada Preeclampsia,16,1.7759290382152242
Q255,C212,Profil Keamanan Alendronate pada Osteoporosis,17,1.6548536020730698
Q255,C221,Meta-analisis: Alendronate pada Osteoporosis,18,1.6548536020730698
Q255,C309,Profil Keamanan Meropenem pada Sepsis,19,1.6548536020730698
Q255,C001,Panduan Praktis: Memulai Levothyroxine pada Hypothyroidism,20,1.5492333337338053
Q256,C125,Efficacy of Antituberculotics in MDR Tuberculosis: A Cohort Study,1,13.877525743783789
Q256,C117,Safety Profile of Bedaquiline in MDR Tuberculosis,2,9.809206870121407
Q256,C120,Safety Profile of Bedaquiline in MDR Tuberculosis,3,9.809206870121407
Q256,C130,Profil Keamanan Bedaquiline pada MDR Tuberculosis,4,9.257288194220036
Q256,C136,MDR Tuberculosis pada Populasi Khusus: Pendekatan Praktis,5,8.701893831599694
Q256,C256,New Insights into Preeclampsia Pathophysiology and Treatment,6,4.171669150440603
Q256,C330,New Insights into Psoriasis Pathophysiology and Treatment,7,4.171669150440603
Q256,C337,New Insights into Psoriasis Pathophysiology and Treatment,8,4.171669150440603
Q256,C282,New Insights into Febrile Seizure Pathophysiology and Treatment,9,3.935554151769135
Q256,C155,New Insights into Inflammatory Bowel Disease Pathophysiology and Treatment,10,3.724735442893917
Q256,C234,New Insights into Deep Vein Thrombosis Pathophysiology and Treatment,11,3.724735442893917
Q256,C260,Hypertension in Pregnancy in anaemia: Special Considerations,12,1.5575755985011488
Q256,C255,Practical Guide: Initiating Labetalol in Hypertension in Pregnancy,13,1.4945138020276896
Q256,C268,Methyldopa Drug Profile: Efficacy in Hypertension in Pregnancy,14,1.4945138020276896
Q256,C267,Hypertension in Pregnancy in Pregnancy: Safety and Management Guide,15,1.4363596921061903
Q256,C275,Treatment Intensification in Hypertension in Pregnancy: When and How,16,1.4363596921061903
Q256,C257,Switching Therapy in Hypertension in Pregnancy: A Step-by-Step Guide,17,1.3326483965224
Q256,C137,Asthma in immunocompromised: Special Considerations,18,1.2582970093898815
Q256,C262,Preeclampsia in pregnancy: Special Considerations,19,1.2582970093898815
Q256,C270,Long-term Outcomes of Beta blockers non-selective Therapy in Hypertension in Pregnancy,20,1.2429053308678053
Q257,C192,National Guideline: Chronic Myeloid Leukaemia Diagnosis and Treatment,1,9.61656234136862
Q257,C197,Konsensus Nasional: Chronic Myeloid Leukaemia di Indonesia 2023,2,9.61656234136862
Q257,C206,Chronic Myeloid Leukaemia pada Populasi Khusus: Pendekatan Praktis,3,9.61656234136862
Q257,C185,Dosis BCR-ABL inhibitors pada Chronic Myeloid Leukaemia: Referensi Cepat,4,8.638670904798527
Q257,C198,Dosis BCR-ABL inhibitors pada Chronic Myeloid Leukaemia: Referensi Cepat,5,8.638670904798527
Q257,C188,Risk Stratification in Chronic Lymphocytic Leukaemia: Current Approaches,6,6.5565169944856585
Q257,C194,Quick Reference: BTK inhibitors Dosing in Chronic Lymphocytic Leukaemia,7,6.205299251267835
Q257,C195,Biomarkers in Chronic Lymphocytic Leukaemia: Implications for BTK inhibitors Therapy,8,5.8897962272263955
Q257,C200,Chronic Lymphocytic Leukaemia and obesity: Management Challenges,9,5.842564570947868
Q257,C204,Profil Keamanan Ibrutinib pada Chronic Lymphocytic Leukaemia,10,5.842564570947868
Q257,C191,Efficacy of BTK inhibitors in Chronic Lymphocytic Leukaemia: A Cohort Study,11,5.604823850788305
Q257,C193,Meta-analysis: Ibrutinib versus Standard of Care in Chronic Lymphocytic Leukaemia,12,5.604823850788305
Q257,C205,Meta-analysis: Ibrutinib versus Standard of Care in Chronic Lymphocytic Leukaemia,13,5.604823850788305
Q257,C186,Konsensus Nasional: Chronic Lymphocytic Leukaemia di Indonesia 2022,14,5.511877482360887
Q257,C214,Adalimumab versus Adalimumab in Gout: Head-to-Head Comparison,15,4.250680833631613
Q257,C025,Metoprolol versus Empagliflozin in Atrial Fibrillation: Head-to-Head Comparison,16,4.034558676916648
Q257,C173,Escitalopram versus Sertraline in Major Depressive Disorder: Head-to-Head Comparison,17,3.8393502639795356
Q257,C178,A Case of Schizophrenia Resistant to Clozapine,18,3.6534100715880893
Q257,C325,A Case of Psoriasis Resistant to Cyclosporine,19,3.6534100715880893
Q257,C336,A Case of Psoriasis Resistant to Cyclosporine,20,3.6534100715880893
Q258,C085,Pedoman PNPK: Ischaemic Stroke,1,11.135586229852866
Q258,C070,Ischaemic Stroke in Special Populations: Practical Guidance,2,10.238648664922103
Q258,C082,Rare Adverse Event of Aspirin in Ischaemic Stroke,3,9.659144771220376
Q258,C087,Switching Therapy in Ischaemic Stroke: A Step-by-Step Guide,4,8.67692320169609
Q258,C080,Treatment Intensification in Epilepsy: When and How,5,4.661635790316469
Q258,C131,Treatment Intensification in Asthma: When and How,6,4.661635790316469
Q258,C138,Treatment Intensification in Asthma: When and How,7,4.661635790316469
Q258,C225,Treatment Intensification in Gout: When and How,8,4.661635790316469
Q258,C274,Treatment Intensification in Preeclampsia: When and How,9,4.661635790316469
Q258,C326,Treatment Intensification in Psoriasis: When and How,10,4.661635790316469
Q258,C275,Treatment Intensification in Hypertension in Pregnancy: When and How,11,4.6098884288459905
Q258,C030,Treatment Intensification in Atrial Fibrillation: When and How,12,4.397788853096821
Q258,C046,Treatment Intensification in Atrial Fibrillation: When and How,13,4.397788853096821
Q258,C214,Adalimumab versus Adalimumab in Gout: Head-to-Head Comparison,14,4.250680833631613
Q258,C210,Treatment Intensification in Systemic Lupus Erythematosus: When and How,15,4.162209279760516
Q258,C025,Metoprolol versus Empagliflozin in Atrial Fibrillation: Head-to-Head Comparison,16,4.034558676916648
Q258,C008,Treatment Intensification in Type 2 Diabetes Mellitus: When and How,17,3.9505853819783936
Q258,C173,Escitalopram versus Sertraline in Major Depressive Disorder: Head-to-Head Comparison,18,3.8393502639795356
Q258,C178,A Case of Schizophrenia Resistant to Clozapine,19,3.6534100715880893
Q258,C325,A Case of Psoriasis Resistant to Cyclosporine,20,3.6534100715880893
Q259,C162,Biomarkers in Schizophrenia: Implications for Atypical antipsychotics Therapy,1,12.960292775692142
Q259,C179,Case Report: Atypical Presentation of Schizophrenia,2,8.515231382459563
Q259,C229,Monitoring Parameters for Bisphosphonates in Osteoporosis,3,4.437924011015704
Q259,C177,Successful Management of Severe Schizophrenia with Clozapine,4,4.350946915799847
Q259,C178,A Case of Schizophrenia Resistant to Clozapine,5,4.350946915799847
Q259,C163,"Risperidone: Pharmacology, Dosing, and Clinical Use in Schizophrenia",6,4.104684859007734
Q259,C151,Monitoring Parameters for Nitroimidazoles in Inflammatory Bowel Disease,7,3.935554151769135
Q259,C009,Case Report: Atypical Presentation of Obesity,8,3.8865872853495445
Q259,C313,Case Report: Atypical Presentation of Sepsis,9,3.8865872853495445
Q259,C090,Monitoring Parameters for Fatty acid derivatives in Parkinson Disease,10,3.724735442893917
Q259,C100,Case Report: Atypical Presentation of HIV/AIDS,11,3.6534100715880893
Q259,C289,Case Report: Atypical Presentation of Stunting / Malnutrition,12,3.6534100715880893
Q259,C203,Monitoring Parameters for CNS stimulants in Breast Cancer HER2-positive,13,3.5353545204916235
Q259,C245,Monitoring Parameters for Factor Xa inhibitors in Deep Vein Thrombosis,14,3.5353545204916235
Q259,C328,Monitoring Parameters for IL-4/IL-13 inhibitors in Psoriasis,15,3.5353545204916235
Q259,C060,Case Report: Atypical Presentation of Chronic Kidney Disease,16,3.446628353505714
Q259,C181,Case Report: Atypical Presentation of Major Depressive Disorder,17,3.446628353505714
Q259,C211,Case Report: Atypical Presentation of Systemic Lupus Erythematosus,18,3.446628353505714
Q259,C012,Case Report: Atypical Presentation of Type 2 Diabetes Mellitus,19,3.2620002906108967
Q259,C276,Efektivitas Magnesium pada Preeclampsia,20,1.7759290382152242
Q260,C163,"Risperidone: Pharmacology, Dosing, and Clinical Use in Schizophrenia",1,9.51366442218643
Q260,C179,Case Report: Atypical Presentation of Schizophrenia,2,4.628644097110018
Q260,C083,Laporan Kasus: Migraine dengan COPD,3,4.565455781209233
Q260,C338,Laporan Kasus: Psoriasis dengan anaemia,4,4.565455781209233
Q260,C177,Successful Management of Severe Schizophrenia with Clozapine,5,4.350946915799847
Q260,C178,A Case of Schizophrenia Resistant to Clozapine,6,4.350946915799847
Q260,C041,Laporan Kasus: Heart Failure dengan immunocompromised,7,4.274067670443244
Q260,C097,Laporan Kasus: Malaria dengan atrial fibrillation,8,4.274067670443244
Q260,C162,Biomarkers in Schizophrenia: Implications for Atypical antipsychotics Therapy,9,4.104684859007734
Q260,C024,Laporan Kasus: Acute Coronary Syndrome dengan Presentasi Atipikal,10,3.790246233059176
Q260,C092,Hasil Jangka Panjang Terapi Antiepileptics other pada Migraine,11,3.790246233059176
Q260,C208,Laporan Kasus: Systemic Lupus Erythematosus dengan Presentasi Atipikal,12,3.790246233059176
Q260,C018,Laporan Kasus: Type 2 Diabetes Mellitus dengan Presentasi Atipikal,13,3.58721133978665
Q260,C077,Hasil Jangka Panjang Terapi Fatty acid derivatives pada Epilepsy,14,3.58721133978665
Q260,C213,Hasil Jangka Panjang Terapi IL-17 inhibitors pada Gout,15,3.58721133978665
Q260,C220,Hasil Jangka Panjang Terapi Proteasome inhibitors pada Rheumatoid Arthritis,16,3.58721133978665
Q260,C023,Hasil Jangka Panjang Terapi GLP-1 receptor agonists pada Obesity,17,3.4048227103668527
Q260,C098,Hasil Jangka Panjang Terapi NRTIs combination pada Urinary Tract Infection,18,3.4048227103668527
Q260,C253,Hasil Jangka Panjang Terapi Erythropoiesis stimulating agents pada Iron Deficiency Anaemia,19,3.240083493305596
Q260,C001,Panduan Praktis: Memulai Levothyroxine pada Hypothyroidism,20,0.0
Q261,C103,Profil Keamanan Amoxicillin pada HIV/AIDS,1,9.714138913620543
Q261,C114,Profil Keamanan Levofloxacin pada HIV/AIDS,2,9.714138913620543
Q261,C100,Case Report: Atypical Presentation of HIV/AIDS,3,9.13133562640039
Q261,C107,A Case of HIV/AIDS Resistant to Levofloxacin,4,8.614505259095605
Q261,C256,New Insights into Preeclampsia Pathophysiology and Treatment,5,4.171669150440603
Q261,C330,New Insights into Psoriasis Pathophysiology and Treatment,6,4.171669150440603
Q261,C337,New Insights into Psoriasis Pathophysiology and Treatment,7,4.171669150440603
Q261,C282,New Insights into Febrile Seizure Pathophysiology and Treatment,8,3.935554151769135
Q261,C155,New Insights into Inflammatory Bowel Disease Pathophysiology and Treatment,9,3.724735442893917
Q261,C234,New Insights into Deep Vein Thrombosis Pathophysiology and Treatment,10,3.724735442893917
Q261,C260,Hypertension in Pregnancy in anaemia: Special Considerations,11,1.5575755985011488
Q261,C255,Practical Guide: Initiating Labetalol in Hypertension in Pregnancy,12,1.4945138020276896
Q261,C268,Methyldopa Drug Profile: Efficacy in Hypertension in Pregnancy,13,1.4945138020276896
Q261,C267,Hypertension in Pregnancy in Pregnancy: Safety and Management Guide,14,1.4363596921061903
Q261,C275,Treatment Intensification in Hypertension in Pregnancy: When and How,15,1.4363596921061903
Q261,C257,Switching Therapy in Hypertension in Pregnancy: A Step-by-Step Guide,16,1.3326483965224
Q261,C137,Asthma in immunocompromised: Special Considerations,17,1.2582970093898815
Q261,C262,Preeclampsia in pregnancy: Special Considerations,18,1.2582970093898815
Q261,C270,Long-term Outcomes of Beta blockers non-selective Therapy in Hypertension in Pregnancy,19,1.2429053308678053
Q261,C014,Practical Guide: Initiating Methimazole in Hyperthyroidism,20,1.1779867827838757
Q262,C315,Perbandingan Hydrocortisone dan Piperacillin-tazobactam pada Sepsis,1,19.70443936353417
Q262,C309,Profil Keamanan Meropenem pada Sepsis,2,11.593420792158005
Q262,C319,Safety Profile of Meropenem in Sepsis,3,9.304242720410047
Q262,C305,Hydrocortisone: Farmakologi dan Penggunaan Klinis pada Sepsis,4,8.237452855962967
Q262,C089,Perbandingan Topiramate dan Topiramate pada Migraine,5,4.982028724354492
Q262,C088,Perbandingan Valproate dan Valproate pada Parkinson Disease,6,4.683130104168213
Q262,C285,Perbandingan Diazepam dan Diazepam pada Febrile Seizure,7,4.683130104168213
Q262,C291,Perbandingan Diazepam dan Diazepam pada Febrile Seizure,8,4.683130104168213
Q262,C294,Perbandingan Zinc dan Zinc pada Stunting / Malnutrition,9,4.683130104168213
Q262,C091,Valproate: Farmakologi dan Penggunaan Klinis pada Parkinson Disease,10,4.418066596385674
Q262,C123,Metronidazole: Farmakologi dan Penggunaan Klinis pada Pulmonary Embolism,11,4.418066596385674
Q262,C165,Lithium: Farmakologi dan Penggunaan Klinis pada Bipolar Disorder,12,4.418066596385674
Q262,C171,Perbandingan Venlafaxine dan Venlafaxine pada Major Depressive Disorder,13,4.418066596385674
Q262,C273,Magnesium sulphate: Farmakologi dan Penggunaan Klinis pada Preeclampsia,14,4.418066596385674
Q262,C284,Diazepam: Farmakologi dan Penggunaan Klinis pada Febrile Seizure,15,4.418066596385674
Q262,C342,Tacrolimus topical: Farmakologi dan Penggunaan Klinis pada Psoriasis,16,4.418066596385674
Q262,C237,Ferrous sulphate: Farmakologi dan Penggunaan Klinis pada Iron Deficiency Anaemia,17,3.9688011169516724
Q262,C303,Sepsis in Special Populations: Practical Guidance,18,3.781175763045196
Q262,C304,Ringkasan Klinis: Tatalaksana Sepsis Terkini 2024,19,3.781175763045196
Q262,C306,Sepsis in liver disease: Special Considerations,20,3.781175763045196
Q263,C001,Panduan Praktis: Memulai Levothyroxine pada Hypothyroidism,1,10.6653700726789
Q263,C004,Successful Management of Severe Hypothyroidism with Levothyroxine,2,10.025497327081112
Q263,C011,National Guideline: Hypothyroidism Diagnosis and Treatment,3,5.142303115314051
Q263,C260,Hypertension in Pregnancy in anaemia: Special Considerations,4,1.5575755985011488
Q263,C255,Practical Guide: Initiating Labetalol in Hypertension in Pregnancy,5,1.4945138020276896
Q263,C268,Methyldopa Drug Profile: Efficacy in Hypertension in Pregnancy,6,1.4945138020276896
Q263,C267,Hypertension in Pregnancy in Pregnancy: Safety and Management Guide,7,1.4363596921061903
Q263,C275,Treatment Intensification in Hypertension in Pregnancy: When and How,8,1.4363596921061903
Q263,C257,Switching Therapy in Hypertension in Pregnancy: A Step-by-Step Guide,9,1.3326483965224
Q263,C137,Asthma in immunocompromised: Special Considerations,10,1.2582970093898815
Q263,C262,Preeclampsia in pregnancy: Special Considerations,11,1.2582970093898815
Q263,C270,Long-term Outcomes of Beta blockers non-selective Therapy in Hypertension in Pregnancy,12,1.2429053308678053
Q263,C014,Practical Guide: Initiating Methimazole in Hyperthyroidism,13,1.1779867827838757
Q263,C028,Practical Guide: Initiating Losartan in Hypertension,14,1.1779867827838757
Q263,C076,Levetiracetam Drug Profile: Efficacy in Epilepsy,15,1.1779867827838757
Q263,C086,Risk Stratification in Migraine: Current Approaches,16,1.1779867827838757
Q263,C126,Budesonide Drug Profile: Efficacy in Asthma,17,1.1779867827838757
Q263,C127,Risk Stratification in Asthma: Current Approaches,18,1.1779867827838757
Q263,C128,COPD in Special Populations: Practical Guidance,19,1.1779867827838757
Q263,C132,Practical Guide: Initiating Prednisolone in COPD,20,1.1779867827838757
Q264,C001,Panduan Praktis: Memulai Levothyroxine pada Hypothyroidism,1,10.6653700726789
Q264,C004,Successful Management of Severe Hypothyroidism with Levothyroxine,2,10.025497327081112
Q264,C011,National Guideline: Hypothyroidism Diagnosis and Treatment,3,5.142303115314051
Q264,C135,Prednisolone pada Pasien COPD: Studi Kohort,4,4.437924011015704
Q264,C129,Dosis Corticosteroids pada Asthma: Referensi Cepat,5,4.274067670443244
Q264,C166,Dosis SSRIs pada ADHD: Referensi Cepat,6,4.274067670443244
Q264,C045,Metoprolol pada Pasien Heart Failure: Studi Kohort,7,4.171669150440603
Q264,C152,Metronidazole pada Pasien Inflammatory Bowel Disease: Studi Kohort,8,3.935554151769135
Q264,C250,Rivaroxaban pada Pasien Deep Vein Thrombosis: Studi Kohort,9,3.935554151769135
Q264,C311,Secukinumab pada Pasien Disseminated Intravascular Coagulation: Studi Kohort,10,3.935554151769135
Q264,C317,Secukinumab pada Pasien Disseminated Intravascular Coagulation: Studi Kohort,11,3.935554151769135
Q264,C345,Dosis Topical calcineurin inhibitors pada Psoriasis: Referensi Cepat,12,3.790246233059176
Q264,C036,Dosis Platelet aggregation inhibitors pada Stable Angina: Referensi Cepat,13,3.58721133978665
Q264,C185,Dosis BCR-ABL inhibitors pada Chronic Myeloid Leukaemia: Referensi Cepat,14,3.4048227103668527
Q264,C198,Dosis BCR-ABL inhibitors pada Chronic Myeloid Leukaemia: Referensi Cepat,15,3.4048227103668527
Q264,C010,Dosis DPP-4 inhibitors pada Type 2 Diabetes Mellitus: Referensi Cepat,16,3.240083493305596
Q264,C002,Clinical Practice Guideline: Type 1 Diabetes Mellitus Management 2023,17,0.0
Q264,C003,A Case of Type 1 Diabetes Mellitus Resistant to Insulin degludec,18,0.0
Q264,C005,Liraglutide in Type 2 Diabetes Mellitus: Real-World Outcomes,19,0.0
Q264,C006,"Methimazole: Pharmacology, Dosing, and Clinical Use in Hyperthyroidism",20,0.0
Q265,C222,Challenging Case: Psoriatic Arthritis with Concurrent renal impairment,1,11.450648203579028
Q265,C016,Dose Adjustment of Desmopressin in Renal and Hepatic Impairment,2,10.68620986098231
Q265,C040,Dose Adjustment of Atorvastatin in Renal and Hepatic Impairment,3,10.68620986098231
Q265,C084,Dose Adjustment of Valproate in Renal and Hepatic Impairment,4,10.68620986098231
Q265,C116,Dose Adjustment of Salmeterol in Renal and Hepatic Impairment,5,10.68620986098231
Q265,C169,Dose Adjustment of Olanzapine in Renal and Hepatic Impairment,6,10.68620986098231
Q265,C231,Dose Adjustment of Apixaban in Renal and Hepatic Impairment,7,10.68620986098231
Q265,C236,Dose Adjustment of Rivaroxaban in Renal and Hepatic Impairment,8,10.68620986098231
Q265,C314,Dose Adjustment of Vancomycin in Renal and Hepatic Impairment,9,10.68620986098231
Q265,C343,Dose Adjustment of Dupilumab in Renal and Hepatic Impairment,10,10.68620986098231
Q265,C021,Dose Adjustment of Insulin glargine in Renal and Hepatic Impairment,11,10.142878848220512
Q265,C226,Safety Profile of Ibuprofen in Psoriatic Arthritis,12,9.690624282169669
Q265,C227,Consensus Statement: NSAIDs Use in Psoriatic Arthritis,13,9.690624282169669
Q265,C218,Profil Keamanan Colchicine pada Psoriatic Arthritis,14,9.131137127253515
Q265,C224,Risk Stratification in Rheumatoid Arthritis: Current Approaches,15,5.124956468969474
Q265,C209,Long-term Outcomes of Proteasome inhibitors Therapy in Rheumatoid Arthritis,16,4.3432346541624405
Q265,C220,Hasil Jangka Panjang Terapi Proteasome inhibitors pada Rheumatoid Arthritis,17,3.58721133978665
Q265,C260,Hypertension in Pregnancy in anaemia: Special Considerations,18,1.5575755985011488
Q265,C255,Practical Guide: Initiating Labetalol in Hypertension in Pregnancy,19,1.4945138020276896
Q265,C268,Methyldopa Drug Profile: Efficacy in Hypertension in Pregnancy,20,1.4945138020276896
Q266,C096,Drug Interactions: Artemether-lumefantrine in Typhoid Fever Patients,1,18.916115447447304
Q266,C106,Successful Management of Severe Typhoid Fever with Artemether-lumefantrine,2,17.902822050436683
Q266,C113,Risk Stratification in Typhoid Fever: Current Approaches,3,9.667577549828545
Q266,C092,Hasil Jangka Panjang Terapi Antiepileptics other pada Migraine,4,5.164107449137047
Q266,C077,Hasil Jangka Panjang Terapi Fatty acid derivatives pada Epilepsy,5,4.88747792685476
Q266,C213,Hasil Jangka Panjang Terapi IL-17 inhibitors pada Gout,6,4.88747792685476
Q266,C220,Hasil Jangka Panjang Terapi Proteasome inhibitors pada Rheumatoid Arthritis,7,4.88747792685476
Q266,C023,Hasil Jangka Panjang Terapi GLP-1 receptor agonists pada Obesity,8,4.638978377772834
Q266,C098,Hasil Jangka Panjang Terapi NRTIs combination pada Urinary Tract Infection,9,4.638978377772834
Q266,C229,Monitoring Parameters for Bisphosphonates in Osteoporosis,10,4.437924011015704
Q266,C253,Hasil Jangka Panjang Terapi Erythropoiesis stimulating agents pada Iron Deficiency Anaemia,11,4.4145256732042455
Q266,C151,Monitoring Parameters for Nitroimidazoles in Inflammatory Bowel Disease,12,3.935554151769135
Q266,C090,Monitoring Parameters for Fatty acid derivatives in Parkinson Disease,13,3.724735442893917
Q266,C203,Monitoring Parameters for CNS stimulants in Breast Cancer HER2-positive,14,3.5353545204916235
Q266,C245,Monitoring Parameters for Factor Xa inhibitors in Deep Vein Thrombosis,15,3.5353545204916235
Q266,C328,Monitoring Parameters for IL-4/IL-13 inhibitors in Psoriasis,16,3.5353545204916235
Q266,C276,Efektivitas Magnesium pada Preeclampsia,17,1.7759290382152242
Q266,C212,Profil Keamanan Alendronate pada Osteoporosis,18,1.6548536020730698
Q266,C221,Meta-analisis: Alendronate pada Osteoporosis,19,1.6548536020730698
Q266,C309,Profil Keamanan Meropenem pada Sepsis,20,1.6548536020730698
Q267,C214,Adalimumab versus Adalimumab in Gout: Head-to-Head Comparison,1,10.619271197746448
Q267,C217,"Adalimumab: Pharmacology, Dosing, and Clinical Use in Gout",2,9.002544543085872
Q267,C135,Prednisolone pada Pasien COPD: Studi Kohort,3,5.987157344749509
Q267,C045,Metoprolol pada Pasien Heart Failure: Studi Kohort,4,5.627955668445315
Q267,C152,Metronidazole pada Pasien Inflammatory Bowel Disease: Studi Kohort,5,5.309415367847006
Q267,C250,Rivaroxaban pada Pasien Deep Vein Thrombosis: Studi Kohort,6,5.309415367847006
Q267,C311,Secukinumab pada Pasien Disseminated Intravascular Coagulation: Studi Kohort,7,5.309415367847006
Q267,C317,Secukinumab pada Pasien Disseminated Intravascular Coagulation: Studi Kohort,8,5.309415367847006
Q267,C213,Hasil Jangka Panjang Terapi IL-17 inhibitors pada Gout,9,5.185072788853793
Q267,C225,Treatment Intensification in Gout: When and How,10,4.350946915799847
Q267,C230,Case Series: IL-17 inhibitors in Refractory Gout,11,4.104684859007734
Q267,C276,Efektivitas Magnesium pada Preeclampsia,12,1.7759290382152242
Q267,C212,Profil Keamanan Alendronate pada Osteoporosis,13,1.6548536020730698
Q267,C221,Meta-analisis: Alendronate pada Osteoporosis,14,1.6548536020730698
Q267,C309,Profil Keamanan Meropenem pada Sepsis,15,1.6548536020730698
Q267,C001,Panduan Praktis: Memulai Levothyroxine pada Hypothyroidism,16,1.5492333337338053
Q267,C026,Profil Keamanan Rivaroxaban pada Atrial Fibrillation,17,1.5492333337338053
Q267,C029,Profil Obat ARBs pada Heart Failure,18,1.5492333337338053
Q267,C054,Efektivitas Loop diuretics pada Nephrotic Syndrome,19,1.5492333337338053
Q267,C089,Perbandingan Topiramate dan Topiramate pada Migraine,20,1.5492333337338053
Q268,C263,Tinjauan Sistematis: Beta blockers non-selective pada Hypertension in Pregnancy,1,24.615115432793573
Q268,C270,Long-term Outcomes of Beta blockers non-selective Therapy in Hypertension in Pregnancy,2,23.465541306682056
Q268,C267,Hypertension in Pregnancy in Pregnancy: Safety and Management Guide,3,10.150640371742352
Q268,C260,Hypertension in Pregnancy in anaemia: Special Considerations,4,9.805225416252483
Q268,C255,Practical Guide: Initiating Labetalol in Hypertension in Pregnancy,5,9.300445988332783
Q268,C268,Methyldopa Drug Profile: Efficacy in Hypertension in Pregnancy,6,9.300445988332783
Q268,C275,Treatment Intensification in Hypertension in Pregnancy: When and How,7,8.846049401862546
Q268,C272,National Guideline: Hypertension in Pregnancy Diagnosis and Treatment,8,8.400697408526945
Q268,C257,Switching Therapy in Hypertension in Pregnancy: A Step-by-Step Guide,9,8.060598646491275
Q268,C266,Profil Obat Centrally acting antihypertensives pada Hypertension in Pregnancy,10,7.950691103691597
Q268,C262,Preeclampsia in pregnancy: Special Considerations,11,6.183423084261621
Q268,C028,Practical Guide: Initiating Losartan in Hypertension,12,6.040243297417703
Q268,C202,Drug Interactions: Nivolumab in Non-Small Cell Lung Cancer Patients,13,5.7460795165414265
Q268,C170,Major Depressive Disorder in hypertension: Special Considerations,14,5.677856710130113
Q268,C075,Migraine in Pregnancy: Safety and Management Guide,15,5.441469663206927
Q268,C118,COPD in Pregnancy: Safety and Management Guide,16,5.441469663206927
Q268,C269,Preeclampsia in Pregnancy: Safety and Management Guide,17,5.441469663206927
Q268,C190,Case Series: HER2-targeted agents in Refractory Non-Small Cell Lung Cancer,18,5.21570371134631
Q268,C172,Major Depressive Disorder in Pregnancy: Safety and Management Guide,19,4.858495289310803
Q268,C319,Safety Profile of Meropenem in Sepsis,20,4.165520223051891
Q269,C182,"Sertraline: Pharmacology, Dosing, and Clinical Use in Major Depressive Disorder",1,15.159284439502805
Q269,C164,Clinical Summary: Major Depressive Disorder Management Update 2021,2,12.568052086834133
Q269,C173,Escitalopram versus Sertraline in Major Depressive Disorder: Head-to-Head Comparison,3,12.236352950696316
Q269,C184,Sertraline Real-World Evidence in Major Depressive Disorder: A Retrospective Study,4,12.236352950696316
Q269,C171,Perbandingan Venlafaxine dan Venlafaxine pada Major Depressive Disorder,5,11.38068128668839
Q269,C170,Major Depressive Disorder in hypertension: Special Considerations,6,10.607182869993093
Q269,C180,Risk Stratification in Major Depressive Disorder: Current Approaches,7,10.00682007061052
Q269,C181,Case Report: Atypical Presentation of Major Depressive Disorder,8,10.00682007061052
Q269,C172,Major Depressive Disorder in Pregnancy: Safety and Management Guide,9,9.470777417942562
Q269,C174,Long-term Outcomes of SNRIs Therapy in Major Depressive Disorder,10,8.989244006838536
Q269,C175,Clinical Summary: Bipolar Disorder Management Update 2020,11,6.015256786754528
Q269,C176,"Lithium: Pharmacology, Dosing, and Clinical Use in Bipolar Disorder",12,5.3708094634893015
Q269,C167,Sertraline in ADHD: Real-World Outcomes,13,4.8570694568102715
Q269,C165,Lithium: Farmakologi dan Penggunaan Klinis pada Bipolar Disorder,14,4.487424579676963
Q269,C076,Levetiracetam Drug Profile: Efficacy in Epilepsy,15,3.781175763045196
Q269,C126,Budesonide Drug Profile: Efficacy in Asthma,16,3.781175763045196
Q269,C278,Diazepam Drug Profile: Efficacy in Febrile Seizure,17,3.554322751794755
Q269,C145,Metronidazole Drug Profile: Efficacy in Inflammatory Bowel Disease,18,3.3531493409720508
Q269,C228,Methotrexate Drug Profile: Efficacy in Systemic Lupus Erythematosus,19,3.3531493409720508
Q269,C268,Methyldopa Drug Profile: Efficacy in Hypertension in Pregnancy,20,3.3531493409720508
Q270,C130,Profil Keamanan Bedaquiline pada MDR Tuberculosis,1,15.948824643267894
Q270,C117,Safety Profile of Bedaquiline in MDR Tuberculosis,2,13.535682606513967
Q270,C120,Safety Profile of Bedaquiline in MDR Tuberculosis,3,13.535682606513967
Q270,C136,MDR Tuberculosis pada Populasi Khusus: Pendekatan Praktis,4,10.158180349604407
Q270,C125,Efficacy of Antituberculotics in MDR Tuberculosis: A Cohort Study,5,7.769612403571366
Q270,C135,Prednisolone pada Pasien COPD: Studi Kohort,6,5.987157344749509
Q270,C045,Metoprolol pada Pasien Heart Failure: Studi Kohort,7,5.627955668445315
Q270,C152,Metronidazole pada Pasien Inflammatory Bowel Disease: Studi Kohort,8,5.309415367847006
Q270,C250,Rivaroxaban pada Pasien Deep Vein Thrombosis: Studi Kohort,9,5.309415367847006
Q270,C311,Secukinumab pada Pasien Disseminated Intravascular Coagulation: Studi Kohort,10,5.309415367847006
Q270,C317,Secukinumab pada Pasien Disseminated Intravascular Coagulation: Studi Kohort,11,5.309415367847006
Q270,C332,Psoriasis in elderly patients: Special Considerations,12,5.142303115314051
Q270,C322,Disseminated Intravascular Coagulation and elderly patients: Management Challenges,13,4.560198039645514
Q270,C242,Challenging Case: Deep Vein Thrombosis with Concurrent elderly patients,14,4.315918574579278
Q270,C016,Dose Adjustment of Desmopressin in Renal and Hepatic Impairment,15,3.2620002906108967
Q270,C040,Dose Adjustment of Atorvastatin in Renal and Hepatic Impairment,16,3.2620002906108967
Q270,C084,Dose Adjustment of Valproate in Renal and Hepatic Impairment,17,3.2620002906108967
Q270,C116,Dose Adjustment of Salmeterol in Renal and Hepatic Impairment,18,3.2620002906108967
Q270,C169,Dose Adjustment of Olanzapine in Renal and Hepatic Impairment,19,3.2620002906108967
Q270,C231,Dose Adjustment of Apixaban in Renal and Hepatic Impairment,20,3.2620002906108967
Q271,C082,Rare Adverse Event of Aspirin in Ischaemic Stroke,1,14.0234848222743
Q271,C085,Pedoman PNPK: Ischaemic Stroke,2,11.135586229852866
Q271,C070,Ischaemic Stroke in Special Populations: Practical Guidance,3,9.13133562640039
Q271,C087,Switching Therapy in Ischaemic Stroke: A Step-by-Step Guide,4,7.738511257900502
Q271,C001,Panduan Praktis: Memulai Levothyroxine pada Hypothyroidism,5,0.0
Q271,C002,Clinical Practice Guideline: Type 1 Diabetes Mellitus Management 2023,6,0.0
Q271,C003,A Case of Type 1 Diabetes Mellitus Resistant to Insulin degludec,7,0.0
Q271,C004,Successful Management of Severe Hypothyroidism with Levothyroxine,8,0.0
Q271,C005,Liraglutide in Type 2 Diabetes Mellitus: Real-World Outcomes,9,0.0
Q271,C006,"Methimazole: Pharmacology, Dosing, and Clinical Use in Hyperthyroidism",10,0.0
Q271,C007,Efficacy of Vasopressin analogues in Diabetes Insipidus: A Cohort Study,11,0.0
Q271,C008,Treatment Intensification in Type 2 Diabetes Mellitus: When and How,12,0.0
Q271,C009,Case Report: Atypical Presentation of Obesity,13,0.0
Q271,C010,Dosis DPP-4 inhibitors pada Type 2 Diabetes Mellitus: Referensi Cepat,14,0.0
Q271,C011,National Guideline: Hypothyroidism Diagnosis and Treatment,15,0.0
Q271,C012,Case Report: Atypical Presentation of Type 2 Diabetes Mellitus,16,0.0
Q271,C013,Asia-Pacific Guideline: Type 1 Diabetes Mellitus in Primary Care 2023,17,0.0
Q271,C014,Practical Guide: Initiating Methimazole in Hyperthyroidism,18,0.0
Q271,C015,Panduan Klinis: Tatalaksana Hyperthyroidism 2021,19,0.0
Q271,C016,Dose Adjustment of Desmopressin in Renal and Hepatic Impairment,20,0.0
Q272,C203,Monitoring Parameters for CNS stimulants in Breast Cancer HER2-positive,1,25.90678183424957
Q272,C199,Pedoman PNPK: Breast Cancer HER2-positive,2,19.143887050654573
Q272,C187,Clinical Practice Guideline: Breast Cancer HER2-positive Management 2022,3,16.067403235237293
Q272,C190,Case Series: HER2-targeted agents in Refractory Non-Small Cell Lung Cancer,4,7.257881829532552
Q272,C196,Scoping Review: Emerging Therapies in Colorectal Cancer 2024,5,4.593803379659812
Q272,C256,New Insights into Preeclampsia Pathophysiology and Treatment,6,4.171669150440603
Q272,C330,New Insights into Psoriasis Pathophysiology and Treatment,7,4.171669150440603
Q272,C337,New Insights into Psoriasis Pathophysiology and Treatment,8,4.171669150440603
Q272,C202,Drug Interactions: Nivolumab in Non-Small Cell Lung Cancer Patients,9,4.126667533523681
Q272,C207,Biomarkers in Colorectal Cancer: Implications for PD-1 inhibitors Therapy,10,4.126667533523681
Q272,C282,New Insights into Febrile Seizure Pathophysiology and Treatment,11,3.935554151769135
Q272,C189,Clinical Practice Guideline: Colorectal Cancer Management 2020,12,3.762097240968909
Q272,C201,Kasus Sulit: Colorectal Cancer Refrakter terhadap Pembrolizumab,13,3.762097240968909
Q272,C155,New Insights into Inflammatory Bowel Disease Pathophysiology and Treatment,14,3.724735442893917
Q272,C234,New Insights into Deep Vein Thrombosis Pathophysiology and Treatment,15,3.724735442893917
Q272,C260,Hypertension in Pregnancy in anaemia: Special Considerations,16,1.5575755985011488
Q272,C255,Practical Guide: Initiating Labetalol in Hypertension in Pregnancy,17,1.4945138020276896
Q272,C268,Methyldopa Drug Profile: Efficacy in Hypertension in Pregnancy,18,1.4945138020276896
Q272,C267,Hypertension in Pregnancy in Pregnancy: Safety and Management Guide,19,1.4363596921061903
Q272,C275,Treatment Intensification in Hypertension in Pregnancy: When and How,20,1.4363596921061903
Q273,C043,Profil Obat Statins pada Acute Coronary Syndrome,1,13.937739856128434
Q273,C024,Laporan Kasus: Acute Coronary Syndrome dengan Presentasi Atipikal,2,13.148868709128328
Q273,C110,WHO Guideline Update: Malaria 2025,3,4.411914507931547
Q273,C335,WHO Guideline Update: Psoriasis 2025,4,4.411914507931547
Q273,C263,Tinjauan Sistematis: Beta blockers non-selective pada Hypertension in Pregnancy,5,4.399804883145992
Q273,C119,Clinical Practice Guideline: Pulmonary Embolism Management 2025,6,3.882525685922526
Q273,C308,WHO Guideline Update: Disseminated Intravascular Coagulation 2025,7,3.882525685922526
Q273,C270,Long-term Outcomes of Beta blockers non-selective Therapy in Hypertension in Pregnancy,8,3.8175108605484565
Q273,C054,Efektivitas Loop diuretics pada Nephrotic Syndrome,9,3.781175763045196
Q273,C134,Scoping Review: Emerging Therapies in Pulmonary Embolism 2025,10,3.662776105091861
Q273,C144,Clinical Practice Guideline: Inflammatory Bowel Disease Management 2025,11,3.662776105091861
Q273,C049,Safety Profile of Furosemide in Nephrotic Syndrome,12,3.554322751794755
Q273,C051,Clinical Practice Guideline: Nephrotic Syndrome Management 2022,13,3.554322751794755
Q273,C053,Furosemide in Nephrotic Syndrome: Real-World Outcomes,14,3.554322751794755
Q273,C055,Nephrotic Syndrome pada Populasi Khusus: Pendekatan Praktis,15,3.554322751794755
Q273,C063,Systematic Review: Loop diuretics in Nephrotic Syndrome,16,3.554322751794755
Q273,C066,Panduan Praktis: Memulai Furosemide pada Nephrotic Syndrome,17,3.554322751794755
Q273,C064,Successful Management of Severe Nephrotic Syndrome with Furosemide,18,3.3531493409720508
Q273,C067,Consensus Statement: Loop diuretics Use in Nephrotic Syndrome,19,3.3531493409720508
Q273,C121,Asia-Pacific Guideline: Community-acquired Pneumonia in Primary Care 2025,20,3.2903147971840774
Q274,C212,Profil Keamanan Alendronate pada Osteoporosis,1,17.381104562149687
Q274,C221,Meta-analisis: Alendronate pada Osteoporosis,2,17.381104562149687
Q274,C223,Kasus Sulit: Osteoporosis Refrakter terhadap Alendronate,3,14.722530241643806
Q274,C219,Konsensus Nasional: Osteoporosis di Indonesia 2022,4,4.437924011015704
Q274,C229,Monitoring Parameters for Bisphosphonates in Osteoporosis,5,4.437924011015704
Q274,C216,Switching Therapy in Osteoporosis: A Step-by-Step Guide,6,3.724735442893917
Q274,C276,Efektivitas Magnesium pada Preeclampsia,7,1.7759290382152242
Q274,C309,Profil Keamanan Meropenem pada Sepsis,8,1.6548536020730698
Q274,C001,Panduan Praktis: Memulai Levothyroxine pada Hypothyroidism,9,1.5492333337338053
Q274,C026,Profil Keamanan Rivaroxaban pada Atrial Fibrillation,10,1.5492333337338053
Q274,C029,Profil Obat ARBs pada Heart Failure,11,1.5492333337338053
Q274,C054,Efektivitas Loop diuretics pada Nephrotic Syndrome,12,1.5492333337338053
Q274,C089,Perbandingan Topiramate dan Topiramate pada Migraine,13,1.5492333337338053
Q274,C099,Panduan Praktis: Memulai Dolutegravir pada Malaria,14,1.5492333337338053
Q274,C103,Profil Keamanan Amoxicillin pada HIV/AIDS,15,1.5492333337338053
Q274,C114,Profil Keamanan Levofloxacin pada HIV/AIDS,16,1.5492333337338053
Q274,C129,Dosis Corticosteroids pada Asthma: Referensi Cepat,17,1.5492333337338053
Q274,C130,Profil Keamanan Bedaquiline pada MDR Tuberculosis,18,1.5492333337338053
Q274,C133,Panduan Praktis: Memulai Prednisolone pada COPD,19,1.5492333337338053
Q274,C135,Prednisolone pada Pasien COPD: Studi Kohort,20,1.5492333337338053
Q275,C125,Efficacy of Antituberculotics in MDR Tuberculosis: A Cohort Study,1,12.888845200763072
Q275,C130,Profil Keamanan Bedaquiline pada MDR Tuberculosis,2,9.257288194220036
Q275,C117,Safety Profile of Bedaquiline in MDR Tuberculosis,3,8.701893831599694
Q275,C120,Safety Profile of Bedaquiline in MDR Tuberculosis,4,8.701893831599694
Q275,C136,MDR Tuberculosis pada Populasi Khusus: Pendekatan Praktis,5,8.701893831599694
Q275,C029,Profil Obat ARBs pada Heart Failure,6,5.142303115314051
Q275,C043,Profil Obat Statins pada Acute Coronary Syndrome,7,4.8337887749142725
Q275,C266,Profil Obat Centrally acting antihypertensives pada Hypertension in Pregnancy,8,4.315918574579278
Q275,C001,Panduan Praktis: Memulai Levothyroxine pada Hypothyroidism,9,0.0
Q275,C002,Clinical Practice Guideline: Type 1 Diabetes Mellitus Management 2023,10,0.0
Q275,C003,A Case of Type 1 Diabetes Mellitus Resistant to Insulin degludec,11,0.0
Q275,C004,Successful Management of Severe Hypothyroidism with Levothyroxine,12,0.0
Q275,C005,Liraglutide in Type 2 Diabetes Mellitus: Real-World Outcomes,13,0.0
Q275,C006,"Methimazole: Pharmacology, Dosing, and Clinical Use in Hyperthyroidism",14,0.0
Q275,C007,Efficacy of Vasopressin analogues in Diabetes Insipidus: A Cohort Study,15,0.0
Q275,C008,Treatment Intensification in Type 2 Diabetes Mellitus: When and How,16,0.0
Q275,C009,Case Report: Atypical Presentation of Obesity,17,0.0
Q275,C010,Dosis DPP-4 inhibitors pada Type 2 Diabetes Mellitus: Referensi Cepat,18,0.0
Q275,C011,National Guideline: Hypothyroidism Diagnosis and Treatment,19,0.0
Q275,C012,Case Report: Atypical Presentation of Type 2 Diabetes Mellitus,20,0.0
Q276,C043,Profil Obat Statins pada Acute Coronary Syndrome,1,13.937739856128434
Q276,C024,Laporan Kasus: Acute Coronary Syndrome dengan Presentasi Atipikal,2,13.148868709128328
Q276,C229,Monitoring Parameters for Bisphosphonates in Osteoporosis,3,10.053834804815283
Q276,C151,Monitoring Parameters for Nitroimidazoles in Inflammatory Bowel Disease,4,8.915747815663039
Q276,C090,Monitoring Parameters for Fatty acid derivatives in Parkinson Disease,5,8.43815142880855
Q276,C203,Monitoring Parameters for CNS stimulants in Breast Cancer HER2-positive,6,8.009120984778836
Q276,C245,Monitoring Parameters for Factor Xa inhibitors in Deep Vein Thrombosis,7,8.009120984778836
Q276,C328,Monitoring Parameters for IL-4/IL-13 inhibitors in Psoriasis,8,8.009120984778836
Q276,C040,Dose Adjustment of Atorvastatin in Renal and Hepatic Impairment,9,6.107913340212423
Q276,C049,Safety Profile of Furosemide in Nephrotic Syndrome,10,4.661635790316469
Q276,C053,Furosemide in Nephrotic Syndrome: Real-World Outcomes,11,4.661635790316469
Q276,C063,Systematic Review: Loop diuretics in Nephrotic Syndrome,12,4.661635790316469
Q276,C067,Consensus Statement: Loop diuretics Use in Nephrotic Syndrome,13,4.397788853096821
Q276,C054,Efektivitas Loop diuretics pada Nephrotic Syndrome,14,3.781175763045196
Q276,C051,Clinical Practice Guideline: Nephrotic Syndrome Management 2022,15,3.554322751794755
Q276,C055,Nephrotic Syndrome pada Populasi Khusus: Pendekatan Praktis,16,3.554322751794755
Q276,C066,Panduan Praktis: Memulai Furosemide pada Nephrotic Syndrome,17,3.554322751794755
Q276,C064,Successful Management of Severe Nephrotic Syndrome with Furosemide,18,3.3531493409720508
Q276,C260,Hypertension in Pregnancy in anaemia: Special Considerations,19,1.5575755985011488
Q276,C255,Practical Guide: Initiating Labetalol in Hypertension in Pregnancy,20,1.4945138020276896
Q277,C103,Profil Keamanan Amoxicillin pada HIV/AIDS,1,15.813569731446606
Q277,C016,Dose Adjustment of Desmopressin in Renal and Hepatic Impairment,2,10.68620986098231
Q277,C040,Dose Adjustment of Atorvastatin in Renal and Hepatic Impairment,3,10.68620986098231
Q277,C084,Dose Adjustment of Valproate in Renal and Hepatic Impairment,4,10.68620986098231
Q277,C116,Dose Adjustment of Salmeterol in Renal and Hepatic Impairment,5,10.68620986098231
Q277,C169,Dose Adjustment of Olanzapine in Renal and Hepatic Impairment,6,10.68620986098231
Q277,C231,Dose Adjustment of Apixaban in Renal and Hepatic Impairment,7,10.68620986098231
Q277,C236,Dose Adjustment of Rivaroxaban in Renal and Hepatic Impairment,8,10.68620986098231
Q277,C314,Dose Adjustment of Vancomycin in Renal and Hepatic Impairment,9,10.68620986098231
Q277,C343,Dose Adjustment of Dupilumab in Renal and Hepatic Impairment,10,10.68620986098231
Q277,C021,Dose Adjustment of Insulin glargine in Renal and Hepatic Impairment,11,10.142878848220512
Q277,C114,Profil Keamanan Levofloxacin pada HIV/AIDS,12,9.714138913620543
Q277,C100,Case Report: Atypical Presentation of HIV/AIDS,13,9.13133562640039
Q277,C107,A Case of HIV/AIDS Resistant to Levofloxacin,14,8.614505259095605
Q277,C222,Challenging Case: Psoriatic Arthritis with Concurrent renal impairment,15,3.3531493409720508
Q277,C260,Hypertension in Pregnancy in anaemia: Special Considerations,16,1.5575755985011488
Q277,C255,Practical Guide: Initiating Labetalol in Hypertension in Pregnancy,17,1.4945138020276896
Q277,C268,Methyldopa Drug Profile: Efficacy in Hypertension in Pregnancy,18,1.4945138020276896
Q277,C267,Hypertension in Pregnancy in Pregnancy: Safety and Management Guide,19,1.4363596921061903
Q277,C275,Treatment Intensification in Hypertension in Pregnancy: When and How,20,1.4363596921061903
Q278,C049,Safety Profile of Furosemide in Nephrotic Syndrome,1,16.018313824363357
Q278,C053,Furosemide in Nephrotic Syndrome: Real-World Outcomes,2,16.018313824363357
Q278,C066,Panduan Praktis: Memulai Furosemide pada Nephrotic Syndrome,3,16.018313824363357
Q278,C064,Successful Management of Severe Nephrotic Syndrome with Furosemide,4,15.111682926522562
Q278,C044,Safety Profile of Furosemide in Heart Failure,5,8.701893831599694
Q278,C054,Efektivitas Loop diuretics pada Nephrotic Syndrome,6,7.783387126261396
Q278,C051,Clinical Practice Guideline: Nephrotic Syndrome Management 2022,7,7.316419992763664
Q278,C055,Nephrotic Syndrome pada Populasi Khusus: Pendekatan Praktis,8,7.316419992763664
Q278,C063,Systematic Review: Loop diuretics in Nephrotic Syndrome,9,7.316419992763664
Q278,C067,Consensus Statement: Loop diuretics Use in Nephrotic Syndrome,10,6.902313208507094
Q278,C043,Profil Obat Statins pada Acute Coronary Syndrome,11,3.554322751794755
Q278,C024,Laporan Kasus: Acute Coronary Syndrome dengan Presentasi Atipikal,12,3.3531493409720508
Q278,C001,Panduan Praktis: Memulai Levothyroxine pada Hypothyroidism,13,0.0
Q278,C002,Clinical Practice Guideline: Type 1 Diabetes Mellitus Management 2023,14,0.0
Q278,C003,A Case of Type 1 Diabetes Mellitus Resistant to Insulin degludec,15,0.0
Q278,C004,Successful Management of Severe Hypothyroidism with Levothyroxine,16,0.0
Q278,C005,Liraglutide in Type 2 Diabetes Mellitus: Real-World Outcomes,17,0.0
Q278,C006,"Methimazole: Pharmacology, Dosing, and Clinical Use in Hyperthyroidism",18,0.0
Q278,C007,Efficacy of Vasopressin analogues in Diabetes Insipidus: A Cohort Study,19,0.0
Q278,C008,Treatment Intensification in Type 2 Diabetes Mellitus: When and How,20,0.0
Q279,C130,Profil Keamanan Bedaquiline pada MDR Tuberculosis,1,14.399591309534088
Q279,C117,Safety Profile of Bedaquiline in MDR Tuberculosis,2,13.535682606513966
Q279,C120,Safety Profile of Bedaquiline in MDR Tuberculosis,3,13.535682606513966
Q279,C136,MDR Tuberculosis pada Populasi Khusus: Pendekatan Praktis,4,8.701893831599694
Q279,C125,Efficacy of Antituberculotics in MDR Tuberculosis: A Cohort Study,5,7.769612403571366
Q279,C001,Panduan Praktis: Memulai Levothyroxine pada Hypothyroidism,6,0.0
Q279,C002,Clinical Practice Guideline: Type 1 Diabetes Mellitus Management 2023,7,0.0
Q279,C003,A Case of Type 1 Diabetes Mellitus Resistant to Insulin degludec,8,0.0
Q279,C004,Successful Management of Severe Hypothyroidism with Levothyroxine,9,0.0
Q279,C005,Liraglutide in Type 2 Diabetes Mellitus: Real-World Outcomes,10,0.0
Q279,C006,"Methimazole: Pharmacology, Dosing, and Clinical Use in Hyperthyroidism",11,0.0
Q279,C007,Efficacy of Vasopressin analogues in Diabetes Insipidus: A Cohort Study,12,0.0
Q279,C008,Treatment Intensification in Type 2 Diabetes Mellitus: When and How,13,0.0
Q279,C009,Case Report: Atypical Presentation of Obesity,14,0.0
Q279,C010,Dosis DPP-4 inhibitors pada Type 2 Diabetes Mellitus: Referensi Cepat,15,0.0
Q279,C011,National Guideline: Hypothyroidism Diagnosis and Treatment,16,0.0
Q279,C012,Case Report: Atypical Presentation of Type 2 Diabetes Mellitus,17,0.0
Q279,C013,Asia-Pacific Guideline: Type 1 Diabetes Mellitus in Primary Care 2023,18,0.0
Q279,C014,Practical Guide: Initiating Methimazole in Hyperthyroidism,19,0.0
Q279,C015,Panduan Klinis: Tatalaksana Hyperthyroidism 2021,20,0.0
Q280,C110,WHO Guideline Update: Malaria 2025,1,5.1882041982338585
Q280,C097,Laporan Kasus: Malaria dengan atrial fibrillation,2,4.8570694568102715
Q280,C099,Panduan Praktis: Memulai Dolutegravir pada Malaria,3,4.8570694568102715
Q280,C216,Switching Therapy in Osteoporosis: A Step-by-Step Guide,4,4.739049196575517
Q280,C318,Switching Therapy in Sepsis: A Step-by-Step Guide,5,4.739049196575517
Q280,C323,Switching Therapy in Psoriasis: A Step-by-Step Guide,6,4.739049196575517
Q280,C340,Switching Therapy in Psoriasis: A Step-by-Step Guide,7,4.739049196575517
Q280,C039,Switching Therapy in Stable Angina: A Step-by-Step Guide,8,4.561551364759652
Q280,C087,Switching Therapy in Ischaemic Stroke: A Step-by-Step Guide,9,4.561551364759652
Q280,C057,Switching Therapy in Chronic Kidney Disease: A Step-by-Step Guide,10,4.396869633396971
Q280,C149,Switching Therapy in Peptic Ulcer Disease: A Step-by-Step Guide,11,4.396869633396971
Q280,C156,Switching Therapy in Peptic Ulcer Disease: A Step-by-Step Guide,12,4.396869633396971
Q280,C257,Switching Therapy in Hypertension in Pregnancy: A Step-by-Step Guide,13,4.396869633396971
Q280,C105,Narrative Review: Current Evidence for Integrase inhibitors in Malaria,14,4.076522876343298
Q280,C092,Hasil Jangka Panjang Terapi Antiepileptics other pada Migraine,15,3.790246233059176
Q280,C077,Hasil Jangka Panjang Terapi Fatty acid derivatives pada Epilepsy,16,3.58721133978665
Q280,C213,Hasil Jangka Panjang Terapi IL-17 inhibitors pada Gout,17,3.58721133978665
Q280,C220,Hasil Jangka Panjang Terapi Proteasome inhibitors pada Rheumatoid Arthritis,18,3.58721133978665
Q280,C023,Hasil Jangka Panjang Terapi GLP-1 receptor agonists pada Obesity,19,3.4048227103668527
Q280,C098,Hasil Jangka Panjang Terapi NRTIs combination pada Urinary Tract Infection,20,3.4048227103668527
Q281,C095,Quick Reference: NRTIs combination Dosing in Urinary Tract Infection,1,18.119591009447163
Q281,C108,Case Series: NRTIs combination in Refractory Urinary Tract Infection,2,18.119591009447163
Q281,C115,Case Series: NRTIs combination in Refractory Urinary Tract Infection,3,18.119591009447163
Q281,C102,Biomarkers in Urinary Tract Infection: Implications for NRTIs combination Therapy,4,17.1983162205308
Q281,C111,Biomarkers in Urinary Tract Infection: Implications for NRTIs combination Therapy,5,17.1983162205308
Q281,C098,Hasil Jangka Panjang Terapi NRTIs combination pada Urinary Tract Infection,6,16.25990427673521
Q281,C101,"NRTIs combination: Mechanism, Indications, and Safety",7,12.290981053949675
Q281,C093,Practical Guide: Initiating Tenofovir+Lamivudine in Urinary Tract Infection,8,11.06581017222703
Q281,C109,Panduan Praktis: Memulai Tenofovir+Lamivudine pada Urinary Tract Infection,9,10.077129629206315
Q281,C094,"Tenofovir+Lamivudine: Pharmacology, Dosing, and Clinical Use in Urinary Tract Infection",10,9.994992065680298
Q281,C104,"NRTIs: Mechanism, Indications, and Safety",11,8.563473107197531
Q281,C033,"Statins: Mechanism, Indications, and Safety",12,4.151558599265983
Q281,C112,"Antimalarials: Mechanism, Indications, and Safety",13,4.151558599265983
Q281,C265,"Magnesium: Mechanism, Indications, and Safety",14,4.151558599265983
Q281,C292,"Benzodiazepines: Mechanism, Indications, and Safety",15,4.151558599265983
Q281,C244,"Iron preparations: Mechanism, Indications, and Safety",16,3.8865872853495445
Q281,C140,"Proton pump inhibitors: Mechanism, Indications, and Safety",17,3.6534100715880893
Q281,C235,"Vitamin K antagonists: Mechanism, Indications, and Safety",18,3.6534100715880893
Q281,C258,"Centrally acting antihypertensives: Mechanism, Indications, and Safety",19,3.6534100715880893
Q281,C319,Safety Profile of Meropenem in Sepsis,20,2.987533440268015
Q282,C022,Quick Reference: Vasopressin analogues Dosing in Diabetes Insipidus,1,17.54357304374995
Q282,C007,Efficacy of Vasopressin analogues in Diabetes Insipidus: A Cohort Study,2,15.759597727276994
Q282,C019,Asia-Pacific Guideline: Diabetes Insipidus in Primary Care 2021,3,7.332818728683209
Q282,C018,Laporan Kasus: Type 2 Diabetes Mellitus dengan Presentasi Atipikal,4,6.604111493890581
Q282,C083,Laporan Kasus: Migraine dengan COPD,5,4.565455781209233
Q282,C338,Laporan Kasus: Psoriasis dengan anaemia,6,4.565455781209233
Q282,C266,Profil Obat Centrally acting antihypertensives pada Hypertension in Pregnancy,7,4.392462401448904
Q282,C041,Laporan Kasus: Heart Failure dengan immunocompromised,8,4.274067670443244
Q282,C097,Laporan Kasus: Malaria dengan atrial fibrillation,9,4.274067670443244
Q282,C263,Tinjauan Sistematis: Beta blockers non-selective pada Hypertension in Pregnancy,10,4.169131484674454
Q282,C010,Dosis DPP-4 inhibitors pada Type 2 Diabetes Mellitus: Referensi Cepat,11,3.8994024524775783
Q282,C024,Laporan Kasus: Acute Coronary Syndrome dengan Presentasi Atipikal,12,3.790246233059176
Q282,C208,Laporan Kasus: Systemic Lupus Erythematosus dengan Presentasi Atipikal,13,3.790246233059176
Q282,C028,Practical Guide: Initiating Losartan in Hypertension,14,3.6842697318499518
Q282,C170,Major Depressive Disorder in hypertension: Special Considerations,15,3.463230633086685
Q282,C260,Hypertension in Pregnancy in anaemia: Special Considerations,16,3.463230633086685
Q282,C255,Practical Guide: Initiating Labetalol in Hypertension in Pregnancy,17,3.2672130039696
Q282,C268,Methyldopa Drug Profile: Efficacy in Hypertension in Pregnancy,18,3.2672130039696
Q282,C272,National Guideline: Hypertension in Pregnancy Diagnosis and Treatment,19,3.2672130039696
Q282,C267,Hypertension in Pregnancy in Pregnancy: Safety and Management Guide,20,3.092195814380794
Q283,C266,Profil Obat Centrally acting antihypertensives pada Hypertension in Pregnancy,1,22.16875449965618
Q283,C258,"Centrally acting antihypertensives: Mechanism, Indications, and Safety",2,15.575125656500518
Q283,C267,Hypertension in Pregnancy in Pregnancy: Safety and Management Guide,3,8.714280679636161
Q283,C260,Hypertension in Pregnancy in anaemia: Special Considerations,4,8.247649817751334
Q283,C263,Tinjauan Sistematis: Beta blockers non-selective pada Hypertension in Pregnancy,5,7.842188878015731
Q283,C255,Practical Guide: Initiating Labetalol in Hypertension in Pregnancy,6,7.805932186305093
Q283,C268,Methyldopa Drug Profile: Efficacy in Hypertension in Pregnancy,7,7.805932186305093
Q283,C275,Treatment Intensification in Hypertension in Pregnancy: When and How,8,7.409689709756355
Q283,C272,National Guideline: Hypertension in Pregnancy Diagnosis and Treatment,9,7.356057896402174
Q283,C257,Switching Therapy in Hypertension in Pregnancy: A Step-by-Step Guide,10,6.727950249968875
Q283,C270,Long-term Outcomes of Beta blockers non-selective Therapy in Hypertension in Pregnancy,11,6.16217819320973
Q283,C229,Monitoring Parameters for Bisphosphonates in Osteoporosis,12,5.615910793799579
Q283,C151,Monitoring Parameters for Nitroimidazoles in Inflammatory Bowel Disease,13,4.980193663893905
Q283,C262,Preeclampsia in pregnancy: Special Considerations,14,4.92512607487174
Q283,C028,Practical Guide: Initiating Losartan in Hypertension,15,4.8622565146338275
Q283,C090,Monitoring Parameters for Fatty acid derivatives in Parkinson Disease,16,4.713415985914633
Q283,C170,Major Depressive Disorder in hypertension: Special Considerations,17,4.570543671608399
Q283,C203,Monitoring Parameters for CNS stimulants in Breast Cancer HER2-positive,18,4.473766464287212
Q283,C245,Monitoring Parameters for Factor Xa inhibitors in Deep Vein Thrombosis,19,4.473766464287212
Q283,C328,Monitoring Parameters for IL-4/IL-13 inhibitors in Psoriasis,20,4.473766464287212
Q284,C143,Consensus Statement: Proton pump inhibitors Use in Peptic Ulcer Disease,1,18.651928040870907
Q284,C139,Narrative Review: Current Evidence for Proton pump inhibitors in Peptic Ulcer Disease,2,16.93031396911288
Q284,C141,Efficacy of Proton pump inhibitors in Peptic Ulcer Disease: A Cohort Study,3,16.93031396911288
Q284,C140,"Proton pump inhibitors: Mechanism, Indications, and Safety",4,11.52165917620989
Q284,C150,Practical Guide: Initiating Omeprazole in Peptic Ulcer Disease,5,9.893775761905587
Q284,C157,Profil Keamanan Lansoprazole pada Peptic Ulcer Disease,6,9.380043388467092
Q284,C161,Asia-Pacific Guideline: Peptic Ulcer Disease in Primary Care 2025,7,8.88769497654094
Q284,C147,National Guideline: Peptic Ulcer Disease Diagnosis and Treatment,8,8.849136249780818
Q284,C154,Peptic Ulcer Disease pada Populasi Khusus: Pendekatan Praktis,9,8.849136249780818
Q284,C149,Switching Therapy in Peptic Ulcer Disease: A Step-by-Step Guide,10,8.45767202484462
Q284,C156,Switching Therapy in Peptic Ulcer Disease: A Step-by-Step Guide,11,8.45767202484462
Q284,C151,Monitoring Parameters for Nitroimidazoles in Inflammatory Bowel Disease,12,6.936073206663295
Q284,C090,Monitoring Parameters for Fatty acid derivatives in Parkinson Disease,13,6.564523498108166
Q284,C245,Monitoring Parameters for Factor Xa inhibitors in Deep Vein Thrombosis,14,6.499488270716675
Q284,C328,Monitoring Parameters for IL-4/IL-13 inhibitors in Psoriasis,15,6.499488270716675
Q284,C229,Monitoring Parameters for Bisphosphonates in Osteoporosis,16,5.615910793799579
Q284,C082,Rare Adverse Event of Aspirin in Ischaemic Stroke,17,5.351892141672573
Q284,C279,Rare Adverse Event of Zinc in Stunting / Malnutrition,18,5.351892141672573
Q284,C238,Rare Adverse Event of Warfarin in Deep Vein Thrombosis,19,5.065203419364014
Q284,C252,Rare Adverse Event of Erythropoietin in Iron Deficiency Anaemia,20,5.065203419364014
Q285,C176,"Lithium: Pharmacology, Dosing, and Clinical Use in Bipolar Disorder",1,12.647472706723846
Q285,C165,Lithium: Farmakologi dan Penggunaan Klinis pada Bipolar Disorder,2,12.318675677225034
Q285,C183,Scoping Review: Emerging Therapies in Bipolar Disorder 2022,3,8.465455505271665
Q285,C175,Clinical Summary: Bipolar Disorder Management Update 2020,4,7.8660305400171096
Q285,C169,Dose Adjustment of Olanzapine in Renal and Hepatic Impairment,5,6.107913340212423
Q285,C332,Psoriasis in elderly patients: Special Considerations,6,5.308312880940763
Q285,C283,Drug Interactions: Zinc in Stunting / Malnutrition Patients,7,4.98983872444424
Q285,C047,Drug Interactions: Losartan in Chronic Kidney Disease Patients,8,4.707415617216631
Q285,C078,Drug Interactions: Levodopa-carbidopa in Parkinson Disease Patients,9,4.707415617216631
Q285,C096,Drug Interactions: Artemether-lumefantrine in Typhoid Fever Patients,10,4.707415617216631
Q285,C170,Major Depressive Disorder in hypertension: Special Considerations,11,4.407675765338629
Q285,C202,Drug Interactions: Nivolumab in Non-Small Cell Lung Cancer Patients,12,4.228726740979665
Q285,C180,Risk Stratification in Major Depressive Disorder: Current Approaches,13,4.1582028757238625
Q285,C172,Major Depressive Disorder in Pregnancy: Safety and Management Guide,14,3.935457379741485
Q285,C174,Long-term Outcomes of SNRIs Therapy in Major Depressive Disorder,15,3.7353624843920055
Q285,C182,"Sertraline: Pharmacology, Dosing, and Clinical Use in Major Depressive Disorder",16,3.7353624843920055
Q285,C322,Disseminated Intravascular Coagulation and elderly patients: Management Challenges,17,3.662776105091861
Q285,C173,Escitalopram versus Sertraline in Major Depressive Disorder: Head-to-Head Comparison,18,3.5546304042031878
Q285,C184,Sertraline Real-World Evidence in Major Depressive Disorder: A Retrospective Study,19,3.5546304042031878
Q285,C242,Challenging Case: Deep Vein Thrombosis with Concurrent elderly patients,20,3.466569497433484
Q286,C093,Practical Guide: Initiating Tenofovir+Lamivudine in Urinary Tract Infection,1,18.70896677836487
Q286,C109,Panduan Praktis: Memulai Tenofovir+Lamivudine pada Urinary Tract Infection,2,18.70896677836487
Q286,C094,"Tenofovir+Lamivudine: Pharmacology, Dosing, and Clinical Use in Urinary Tract Infection",3,16.898534458521226
Q286,C095,Quick Reference: NRTIs combination Dosing in Urinary Tract Infection,4,10.077129629206315
Q286,C108,Case Series: NRTIs combination in Refractory Urinary Tract Infection,5,10.077129629206315
Q286,C115,Case Series: NRTIs combination in Refractory Urinary Tract Infection,6,10.077129629206315
Q286,C098,Hasil Jangka Panjang Terapi NRTIs combination pada Urinary Tract Infection,7,9.564766769184278
Q286,C102,Biomarkers in Urinary Tract Infection: Implications for NRTIs combination Therapy,8,9.564766769184278
Q286,C111,Biomarkers in Urinary Tract Infection: Implications for NRTIs combination Therapy,9,9.564766769184278
Q286,C001,Panduan Praktis: Memulai Levothyroxine pada Hypothyroidism,10,0.0
Q286,C002,Clinical Practice Guideline: Type 1 Diabetes Mellitus Management 2023,11,0.0
Q286,C003,A Case of Type 1 Diabetes Mellitus Resistant to Insulin degludec,12,0.0
Q286,C004,Successful Management of Severe Hypothyroidism with Levothyroxine,13,0.0
Q286,C005,Liraglutide in Type 2 Diabetes Mellitus: Real-World Outcomes,14,0.0
Q286,C006,"Methimazole: Pharmacology, Dosing, and Clinical Use in Hyperthyroidism",15,0.0
Q286,C007,Efficacy of Vasopressin analogues in Diabetes Insipidus: A Cohort Study,16,0.0
Q286,C008,Treatment Intensification in Type 2 Diabetes Mellitus: When and How,17,0.0
Q286,C009,Case Report: Atypical Presentation of Obesity,18,0.0
Q286,C010,Dosis DPP-4 inhibitors pada Type 2 Diabetes Mellitus: Referensi Cepat,19,0.0
Q286,C011,National Guideline: Hypothyroidism Diagnosis and Treatment,20,0.0
Q287,C015,Panduan Klinis: Tatalaksana Hyperthyroidism 2021,1,7.789333221940723
Q287,C259,Panduan Klinis: Tatalaksana Preeclampsia 2020,2,7.789333221940723
Q287,C048,Panduan Klinis: Tatalaksana Chronic Kidney Disease 2022,3,6.854685478611669
Q287,C076,Levetiracetam Drug Profile: Efficacy in Epilepsy,4,4.8570694568102715
Q287,C080,Treatment Intensification in Epilepsy: When and How,5,4.565667813200195
Q287,C071,Asia-Pacific Guideline: Epilepsy in Primary Care 2022,6,4.307252629547802
Q287,C077,Hasil Jangka Panjang Terapi Fatty acid derivatives pada Epilepsy,7,4.076522876343298
Q287,C001,Panduan Praktis: Memulai Levothyroxine pada Hypothyroidism,8,3.781175763045196
Q287,C099,Panduan Praktis: Memulai Dolutegravir pada Malaria,9,3.781175763045196
Q287,C133,Panduan Praktis: Memulai Prednisolone pada COPD,10,3.781175763045196
Q287,C066,Panduan Praktis: Memulai Furosemide pada Nephrotic Syndrome,11,3.554322751794755
Q287,C271,Panduan Praktis: Memulai Magnesium sulphate pada Preeclampsia,12,3.554322751794755
Q287,C334,Panduan Praktis: Memulai Tacrolimus topical pada Psoriasis,13,3.554322751794755
Q287,C261,Ringkasan Klinis: Tatalaksana Preeclampsia Terkini 2020,14,3.51100685653729
Q287,C304,Ringkasan Klinis: Tatalaksana Sepsis Terkini 2024,15,3.51100685653729
Q287,C297,Panduan Praktis: Memulai Vitamin A pada Stunting / Malnutrition,16,3.3531493409720508
Q287,C305,Hydrocortisone: Farmakologi dan Penggunaan Klinis pada Sepsis,17,3.300362726816915
Q287,C109,Panduan Praktis: Memulai Tenofovir+Lamivudine pada Urinary Tract Infection,18,3.1735287367398
Q287,C091,Valproate: Farmakologi dan Penggunaan Klinis pada Parkinson Disease,19,3.1135633635990922
Q287,C123,Metronidazole: Farmakologi dan Penggunaan Klinis pada Pulmonary Embolism,20,3.1135633635990922
Q288,C202,Drug Interactions: Nivolumab in Non-Small Cell Lung Cancer Patients,1,20.256925868116323
Q288,C190,Case Series: HER2-targeted agents in Refractory Non-Small Cell Lung Cancer,2,18.38716695908078
Q288,C263,Tinjauan Sistematis: Beta blockers non-selective pada Hypertension in Pregnancy,3,6.804231446218722
Q288,C270,Long-term Outcomes of Beta blockers non-selective Therapy in Hypertension in Pregnancy,4,5.903722581682359
Q288,C083,Laporan Kasus: Migraine dengan COPD,5,4.565455781209233
Q288,C338,Laporan Kasus: Psoriasis dengan anaemia,6,4.565455781209233
Q288,C041,Laporan Kasus: Heart Failure dengan immunocompromised,7,4.274067670443244
Q288,C097,Laporan Kasus: Malaria dengan atrial fibrillation,8,4.274067670443244
Q288,C199,Pedoman PNPK: Breast Cancer HER2-positive,9,4.0022113632162
Q288,C024,Laporan Kasus: Acute Coronary Syndrome dengan Presentasi Atipikal,10,3.790246233059176
Q288,C208,Laporan Kasus: Systemic Lupus Erythematosus dengan Presentasi Atipikal,11,3.790246233059176
Q288,C189,Clinical Practice Guideline: Colorectal Cancer Management 2020,12,3.762097240968909
Q288,C201,Kasus Sulit: Colorectal Cancer Refrakter terhadap Pembrolizumab,13,3.762097240968909
Q288,C028,Practical Guide: Initiating Losartan in Hypertension,14,3.6842697318499518
Q288,C018,Laporan Kasus: Type 2 Diabetes Mellitus dengan Presentasi Atipikal,15,3.58721133978665
Q288,C196,Scoping Review: Emerging Therapies in Colorectal Cancer 2024,16,3.5491638675350425
Q288,C170,Major Depressive Disorder in hypertension: Special Considerations,17,3.463230633086685
Q288,C260,Hypertension in Pregnancy in anaemia: Special Considerations,18,3.463230633086685
Q288,C187,Clinical Practice Guideline: Breast Cancer HER2-positive Management 2022,19,3.359043209735438
Q288,C255,Practical Guide: Initiating Labetalol in Hypertension in Pregnancy,20,3.2672130039696
Q289,C250,Rivaroxaban pada Pasien Deep Vein Thrombosis: Studi Kohort,1,11.17550022798667
Q289,C243,Kasus Sulit: Deep Vein Thrombosis Refrakter terhadap Warfarin,2,9.8016390119088
Q289,C249,Ringkasan Klinis: Tatalaksana Deep Vein Thrombosis Terkini 2022,3,9.8016390119088
Q289,C234,New Insights into Deep Vein Thrombosis Pathophysiology and Treatment,4,9.276587443142382
Q289,C238,Rare Adverse Event of Warfarin in Deep Vein Thrombosis,5,9.276587443142382
Q289,C242,Challenging Case: Deep Vein Thrombosis with Concurrent elderly patients,6,9.276587443142382
Q289,C246,Scoping Review: Emerging Therapies in Deep Vein Thrombosis 2024,7,9.276587443142382
Q289,C251,A Case of Deep Vein Thrombosis Resistant to Rivaroxaban,8,9.276587443142382
Q289,C239,Asia-Pacific Guideline: Deep Vein Thrombosis in Primary Care 2024,9,8.804927451805415
Q289,C241,Consensus Statement: Vitamin K antagonists Use in Deep Vein Thrombosis,10,8.804927451805415
Q289,C245,Monitoring Parameters for Factor Xa inhibitors in Deep Vein Thrombosis,11,8.804927451805415
Q289,C248,Rivaroxaban Real-World Evidence in Deep Vein Thrombosis: A Retrospective Study,12,8.37890913071189
Q289,C231,Dose Adjustment of Apixaban in Renal and Hepatic Impairment,13,5.119232797191707
Q289,C083,Laporan Kasus: Migraine dengan COPD,14,4.565455781209233
Q289,C338,Laporan Kasus: Psoriasis dengan anaemia,15,4.565455781209233
Q289,C041,Laporan Kasus: Heart Failure dengan immunocompromised,16,4.274067670443244
Q289,C097,Laporan Kasus: Malaria dengan atrial fibrillation,17,4.274067670443244
Q289,C024,Laporan Kasus: Acute Coronary Syndrome dengan Presentasi Atipikal,18,3.790246233059176
Q289,C208,Laporan Kasus: Systemic Lupus Erythematosus dengan Presentasi Atipikal,19,3.790246233059176
Q289,C018,Laporan Kasus: Type 2 Diabetes Mellitus dengan Presentasi Atipikal,20,3.58721133978665
Q290,C098,Hasil Jangka Panjang Terapi NRTIs combination pada Urinary Tract Infection,1,17.494059944141192
Q290,C095,Quick Reference: NRTIs combination Dosing in Urinary Tract Infection,2,17.13091046642645
Q290,C108,Case Series: NRTIs combination in Refractory Urinary Tract Infection,3,17.13091046642645
Q290,C115,Case Series: NRTIs combination in Refractory Urinary Tract Infection,4,17.13091046642645
Q290,C102,Biomarkers in Urinary Tract Infection: Implications for NRTIs combination Therapy,5,16.25990427673521
Q290,C111,Biomarkers in Urinary Tract Infection: Implications for NRTIs combination Therapy,6,16.25990427673521
Q290,C109,Panduan Praktis: Memulai Tenofovir+Lamivudine pada Urinary Tract Infection,7,11.377396216274423
Q290,C093,Practical Guide: Initiating Tenofovir+Lamivudine in Urinary Tract Infection,8,10.077129629206315
Q290,C094,"Tenofovir+Lamivudine: Pharmacology, Dosing, and Clinical Use in Urinary Tract Infection",9,9.101984321178588
Q290,C101,"NRTIs combination: Mechanism, Indications, and Safety",10,8.40439376860013
Q290,C229,Monitoring Parameters for Bisphosphonates in Osteoporosis,11,4.437924011015704
Q290,C104,"NRTIs: Mechanism, Indications, and Safety",12,4.411914507931547
Q290,C151,Monitoring Parameters for Nitroimidazoles in Inflammatory Bowel Disease,13,3.935554151769135
Q290,C090,Monitoring Parameters for Fatty acid derivatives in Parkinson Disease,14,3.724735442893917
Q290,C203,Monitoring Parameters for CNS stimulants in Breast Cancer HER2-positive,15,3.5353545204916235
Q290,C245,Monitoring Parameters for Factor Xa inhibitors in Deep Vein Thrombosis,16,3.5353545204916235
Q290,C328,Monitoring Parameters for IL-4/IL-13 inhibitors in Psoriasis,17,3.5353545204916235
Q290,C276,Efektivitas Magnesium pada Preeclampsia,18,1.7759290382152242
Q290,C212,Profil Keamanan Alendronate pada Osteoporosis,19,1.6548536020730698
Q290,C221,Meta-analisis: Alendronate pada Osteoporosis,20,1.6548536020730698
Q291,C157,Profil Keamanan Lansoprazole pada Peptic Ulcer Disease,1,9.380043388467092
Q291,C147,National Guideline: Peptic Ulcer Disease Diagnosis and Treatment,2,8.849136249780818
Q291,C150,Practical Guide: Initiating Omeprazole in Peptic Ulcer Disease,3,8.849136249780818
Q291,C154,Peptic Ulcer Disease pada Populasi Khusus: Pendekatan Praktis,4,8.849136249780818
Q291,C143,Consensus Statement: Proton pump inhibitors Use in Peptic Ulcer Disease,5,7.949283032745352
Q291,C161,Asia-Pacific Guideline: Peptic Ulcer Disease in Primary Care 2025,6,7.949283032745352
Q291,C149,Switching Therapy in Peptic Ulcer Disease: A Step-by-Step Guide,7,7.5646642803429085
Q291,C156,Switching Therapy in Peptic Ulcer Disease: A Step-by-Step Guide,8,7.5646642803429085
Q291,C139,Narrative Review: Current Evidence for Proton pump inhibitors in Peptic Ulcer Disease,9,7.215546686584609
Q291,C141,Efficacy of Proton pump inhibitors in Peptic Ulcer Disease: A Cohort Study,10,7.215546686584609
Q291,C083,Laporan Kasus: Migraine dengan COPD,11,4.565455781209233
Q291,C338,Laporan Kasus: Psoriasis dengan anaemia,12,4.565455781209233
Q291,C041,Laporan Kasus: Heart Failure dengan immunocompromised,13,4.274067670443244
Q291,C097,Laporan Kasus: Malaria dengan atrial fibrillation,14,4.274067670443244
Q291,C024,Laporan Kasus: Acute Coronary Syndrome dengan Presentasi Atipikal,15,3.790246233059176
Q291,C092,Hasil Jangka Panjang Terapi Antiepileptics other pada Migraine,16,3.790246233059176
Q291,C208,Laporan Kasus: Systemic Lupus Erythematosus dengan Presentasi Atipikal,17,3.790246233059176
Q291,C028,Practical Guide: Initiating Losartan in Hypertension,18,3.6842697318499518
Q291,C018,Laporan Kasus: Type 2 Diabetes Mellitus dengan Presentasi Atipikal,19,3.58721133978665
Q291,C077,Hasil Jangka Panjang Terapi Fatty acid derivatives pada Epilepsy,20,3.58721133978665
Q292,C103,Profil Keamanan Amoxicillin pada HIV/AIDS,1,21.913000549272667
Q292,C114,Profil Keamanan Levofloxacin pada HIV/AIDS,2,9.714138913620543
Q292,C100,Case Report: Atypical Presentation of HIV/AIDS,3,9.13133562640039
Q292,C107,A Case of HIV/AIDS Resistant to Levofloxacin,4,8.614505259095605
Q292,C076,Levetiracetam Drug Profile: Efficacy in Epilepsy,5,4.959162545829072
Q292,C126,Budesonide Drug Profile: Efficacy in Asthma,6,4.959162545829072
Q292,C268,Methyldopa Drug Profile: Efficacy in Hypertension in Pregnancy,7,4.847663142999741
Q292,C278,Diazepam Drug Profile: Efficacy in Febrile Seizure,8,4.661635790316469
Q292,C145,Metronidazole Drug Profile: Efficacy in Inflammatory Bowel Disease,9,4.397788853096821
Q292,C228,Methotrexate Drug Profile: Efficacy in Systemic Lupus Erythematosus,10,4.397788853096821
Q292,C125,Efficacy of Antituberculotics in MDR Tuberculosis: A Cohort Study,11,4.162209279760516
Q292,C007,Efficacy of Vasopressin analogues in Diabetes Insipidus: A Cohort Study,12,3.9505853819783936
Q292,C191,Efficacy of BTK inhibitors in Chronic Lymphocytic Leukaemia: A Cohort Study,13,3.7594399397269687
Q292,C141,Efficacy of Proton pump inhibitors in Peptic Ulcer Disease: A Cohort Study,14,3.5859376431284433
Q292,C316,Efficacy of IL-17 inhibitors in Disseminated Intravascular Coagulation: A Cohort Study,15,3.5859376431284433
Q292,C260,Hypertension in Pregnancy in anaemia: Special Considerations,16,1.5575755985011488
Q292,C255,Practical Guide: Initiating Labetalol in Hypertension in Pregnancy,17,1.4945138020276896
Q292,C267,Hypertension in Pregnancy in Pregnancy: Safety and Management Guide,18,1.4363596921061903
Q292,C275,Treatment Intensification in Hypertension in Pregnancy: When and How,19,1.4363596921061903
Q292,C257,Switching Therapy in Hypertension in Pregnancy: A Step-by-Step Guide,20,1.3326483965224
Q293,C133,Panduan Praktis: Memulai Prednisolone pada COPD,1,6.691536449047856
Q293,C135,Prednisolone pada Pasien COPD: Studi Kohort,2,6.691536449047856
Q293,C129,Dosis Corticosteroids pada Asthma: Referensi Cepat,3,5.823301004177049
Q293,C132,Practical Guide: Initiating Prednisolone in COPD,4,5.142303115314051
Q293,C137,Asthma in immunocompromised: Special Considerations,5,4.565455781209233
Q293,C124,Konsensus Nasional: Asthma di Indonesia 2024,6,4.274067670443244
Q293,C126,Budesonide Drug Profile: Efficacy in Asthma,7,4.274067670443244
Q293,C127,Risk Stratification in Asthma: Current Approaches,8,4.274067670443244
Q293,C131,Treatment Intensification in Asthma: When and How,9,4.01764343044776
Q293,C138,Treatment Intensification in Asthma: When and How,10,4.01764343044776
Q293,C276,Efektivitas Magnesium pada Preeclampsia,11,1.7759290382152242
Q293,C212,Profil Keamanan Alendronate pada Osteoporosis,12,1.6548536020730698
Q293,C221,Meta-analisis: Alendronate pada Osteoporosis,13,1.6548536020730698
Q293,C309,Profil Keamanan Meropenem pada Sepsis,14,1.6548536020730698
Q293,C001,Panduan Praktis: Memulai Levothyroxine pada Hypothyroidism,15,1.5492333337338053
Q293,C026,Profil Keamanan Rivaroxaban pada Atrial Fibrillation,16,1.5492333337338053
Q293,C029,Profil Obat ARBs pada Heart Failure,17,1.5492333337338053
Q293,C054,Efektivitas Loop diuretics pada Nephrotic Syndrome,18,1.5492333337338053
Q293,C089,Perbandingan Topiramate dan Topiramate pada Migraine,19,1.5492333337338053
Q293,C099,Panduan Praktis: Memulai Dolutegravir pada Malaria,20,1.5492333337338053
Q294,C001,Panduan Praktis: Memulai Levothyroxine pada Hypothyroidism,1,5.5230669573648505
Q294,C015,Panduan Klinis: Tatalaksana Hyperthyroidism 2021,2,5.49288389814055
Q294,C004,Successful Management of Severe Hypothyroidism with Levothyroxine,3,5.19170855216684
Q294,C014,Practical Guide: Initiating Methimazole in Hyperthyroidism,4,5.142303115314051
Q294,C006,"Methimazole: Pharmacology, Dosing, and Clinical Use in Hyperthyroidism",5,4.560198039645514
Q294,C135,Prednisolone pada Pasien COPD: Studi Kohort,6,4.437924011015704
Q294,C129,Dosis Corticosteroids pada Asthma: Referensi Cepat,7,4.274067670443244
Q294,C166,Dosis SSRIs pada ADHD: Referensi Cepat,8,4.274067670443244
Q294,C045,Metoprolol pada Pasien Heart Failure: Studi Kohort,9,4.171669150440603
Q294,C152,Metronidazole pada Pasien Inflammatory Bowel Disease: Studi Kohort,10,3.935554151769135
Q294,C250,Rivaroxaban pada Pasien Deep Vein Thrombosis: Studi Kohort,11,3.935554151769135
Q294,C311,Secukinumab pada Pasien Disseminated Intravascular Coagulation: Studi Kohort,12,3.935554151769135
Q294,C317,Secukinumab pada Pasien Disseminated Intravascular Coagulation: Studi Kohort,13,3.935554151769135
Q294,C345,Dosis Topical calcineurin inhibitors pada Psoriasis: Referensi Cepat,14,3.790246233059176
Q294,C036,Dosis Platelet aggregation inhibitors pada Stable Angina: Referensi Cepat,15,3.58721133978665
Q294,C185,Dosis BCR-ABL inhibitors pada Chronic Myeloid Leukaemia: Referensi Cepat,16,3.4048227103668527
Q294,C198,Dosis BCR-ABL inhibitors pada Chronic Myeloid Leukaemia: Referensi Cepat,17,3.4048227103668527
Q294,C010,Dosis DPP-4 inhibitors pada Type 2 Diabetes Mellitus: Referensi Cepat,18,3.240083493305596
Q294,C002,Clinical Practice Guideline: Type 1 Diabetes Mellitus Management 2023,19,0.0
Q294,C003,A Case of Type 1 Diabetes Mellitus Resistant to Insulin degludec,20,0.0
Q295,C171,Perbandingan Venlafaxine dan Venlafaxine pada Major Depressive Disorder,1,17.745178153212652
Q295,C173,Escitalopram versus Sertraline in Major Depressive Disorder: Head-to-Head Comparison,2,16.075703214675855
Q295,C182,"Sertraline: Pharmacology, Dosing, and Clinical Use in Major Depressive Disorder",3,13.796911579584375
Q295,C184,Sertraline Real-World Evidence in Major Depressive Disorder: A Retrospective Study,4,13.129360695198027
Q295,C170,Major Depressive Disorder in hypertension: Special Considerations,5,11.714495908514806
Q295,C180,Risk Stratification in Major Depressive Disorder: Current Approaches,6,11.05145958273529
Q295,C172,Major Depressive Disorder in Pregnancy: Safety and Management Guide,7,10.459457960963277
Q295,C164,Clinical Summary: Major Depressive Disorder Management Update 2021,8,10.00682007061052
Q295,C181,Case Report: Atypical Presentation of Major Depressive Disorder,9,10.00682007061052
Q295,C174,Long-term Outcomes of SNRIs Therapy in Major Depressive Disorder,10,9.927655950634126
Q295,C167,Sertraline in ADHD: Real-World Outcomes,11,6.035056239594147
Q295,C214,Adalimumab versus Adalimumab in Gout: Head-to-Head Comparison,12,4.250680833631613
Q295,C183,Scoping Review: Emerging Therapies in Bipolar Disorder 2022,13,4.1582028757238625
Q295,C025,Metoprolol versus Empagliflozin in Atrial Fibrillation: Head-to-Head Comparison,14,4.034558676916648
Q295,C176,"Lithium: Pharmacology, Dosing, and Clinical Use in Bipolar Disorder",15,3.935457379741485
Q295,C178,A Case of Schizophrenia Resistant to Clozapine,16,3.6534100715880893
Q295,C325,A Case of Psoriasis Resistant to Cyclosporine,17,3.6534100715880893
Q295,C336,A Case of Psoriasis Resistant to Cyclosporine,18,3.6534100715880893
Q295,C107,A Case of HIV/AIDS Resistant to Levofloxacin,19,3.446628353505714
Q295,C175,Clinical Summary: Bipolar Disorder Management Update 2020,20,3.300362726816915
Q296,C130,Profil Keamanan Bedaquiline pada MDR Tuberculosis,1,11.320180546157875
Q296,C117,Safety Profile of Bedaquiline in MDR Tuberculosis,2,9.18473569071412
Q296,C120,Safety Profile of Bedaquiline in MDR Tuberculosis,3,9.18473569071412
Q296,C136,MDR Tuberculosis pada Populasi Khusus: Pendekatan Praktis,4,5.8072334338045595
Q296,C125,Efficacy of Antituberculotics in MDR Tuberculosis: A Cohort Study,5,3.884806201785683
Q296,C276,Efektivitas Magnesium pada Preeclampsia,6,1.7759290382152242
Q296,C212,Profil Keamanan Alendronate pada Osteoporosis,7,1.6548536020730698
Q296,C221,Meta-analisis: Alendronate pada Osteoporosis,8,1.6548536020730698
Q296,C309,Profil Keamanan Meropenem pada Sepsis,9,1.6548536020730698
Q296,C001,Panduan Praktis: Memulai Levothyroxine pada Hypothyroidism,10,1.5492333337338053
Q296,C026,Profil Keamanan Rivaroxaban pada Atrial Fibrillation,11,1.5492333337338053
Q296,C029,Profil Obat ARBs pada Heart Failure,12,1.5492333337338053
Q296,C054,Efektivitas Loop diuretics pada Nephrotic Syndrome,13,1.5492333337338053
Q296,C089,Perbandingan Topiramate dan Topiramate pada Migraine,14,1.5492333337338053
Q296,C099,Panduan Praktis: Memulai Dolutegravir pada Malaria,15,1.5492333337338053
Q296,C103,Profil Keamanan Amoxicillin pada HIV/AIDS,16,1.5492333337338053
Q296,C114,Profil Keamanan Levofloxacin pada HIV/AIDS,17,1.5492333337338053
Q296,C129,Dosis Corticosteroids pada Asthma: Referensi Cepat,18,1.5492333337338053
Q296,C133,Panduan Praktis: Memulai Prednisolone pada COPD,19,1.5492333337338053
Q296,C135,Prednisolone pada Pasien COPD: Studi Kohort,20,1.5492333337338053
Q297,C189,Clinical Practice Guideline: Colorectal Cancer Management 2020,1,8.327765054169104
Q297,C201,Kasus Sulit: Colorectal Cancer Refrakter terhadap Pembrolizumab,2,8.327765054169104
Q297,C196,Scoping Review: Emerging Therapies in Colorectal Cancer 2024,3,7.856416497082845
Q297,C287,Challenging Case: Stunting / Malnutrition with Concurrent COPD,4,7.671053502035849
Q297,C207,Biomarkers in Colorectal Cancer: Implications for PD-1 inhibitors Therapy,5,7.057511218678344
Q297,C202,Drug Interactions: Nivolumab in Non-Small Cell Lung Cancer Patients,6,6.200429027910898
Q297,C083,Laporan Kasus: Migraine dengan COPD,7,4.565455781209233
Q297,C128,COPD in Special Populations: Practical Guidance,8,4.274067670443244
Q297,C132,Practical Guide: Initiating Prednisolone in COPD,9,4.274067670443244
Q297,C133,Panduan Praktis: Memulai Prednisolone pada COPD,10,4.274067670443244
Q297,C135,Prednisolone pada Pasien COPD: Studi Kohort,11,4.274067670443244
Q297,C118,COPD in Pregnancy: Safety and Management Guide,12,4.01764343044776
Q297,C199,Pedoman PNPK: Breast Cancer HER2-positive,13,4.0022113632162
Q297,C076,Levetiracetam Drug Profile: Efficacy in Epilepsy,14,3.781175763045196
Q297,C126,Budesonide Drug Profile: Efficacy in Asthma,15,3.781175763045196
Q297,C004,Successful Management of Severe Hypothyroidism with Levothyroxine,16,3.6534100715880893
Q297,C168,Challenging Case: ADHD with Concurrent atrial fibrillation,17,3.6534100715880893
Q297,C177,Successful Management of Severe Schizophrenia with Clozapine,18,3.6534100715880893
Q297,C301,Successful Management of Severe Sepsis with Norepinephrine,19,3.6534100715880893
Q297,C278,Diazepam Drug Profile: Efficacy in Febrile Seizure,20,3.554322751794755
Q298,C250,Rivaroxaban pada Pasien Deep Vein Thrombosis: Studi Kohort,1,15.280185086994404
Q298,C251,A Case of Deep Vein Thrombosis Resistant to Rivaroxaban,2,13.161393644928065
Q298,C248,Rivaroxaban Real-World Evidence in Deep Vein Thrombosis: A Retrospective Study,3,11.887789778330948
Q298,C243,Kasus Sulit: Deep Vein Thrombosis Refrakter terhadap Warfarin,4,9.8016390119088
Q298,C249,Ringkasan Klinis: Tatalaksana Deep Vein Thrombosis Terkini 2022,5,9.8016390119088
Q298,C234,New Insights into Deep Vein Thrombosis Pathophysiology and Treatment,6,9.276587443142382
Q298,C238,Rare Adverse Event of Warfarin in Deep Vein Thrombosis,7,9.276587443142382
Q298,C242,Challenging Case: Deep Vein Thrombosis with Concurrent elderly patients,8,9.276587443142382
Q298,C246,Scoping Review: Emerging Therapies in Deep Vein Thrombosis 2024,9,9.276587443142382
Q298,C239,Asia-Pacific Guideline: Deep Vein Thrombosis in Primary Care 2024,10,8.804927451805415
Q298,C241,Consensus Statement: Vitamin K antagonists Use in Deep Vein Thrombosis,11,8.804927451805415
Q298,C245,Monitoring Parameters for Factor Xa inhibitors in Deep Vein Thrombosis,12,8.804927451805415
Q298,C026,Profil Keamanan Rivaroxaban pada Atrial Fibrillation,13,6.177877430843823
Q298,C231,Dose Adjustment of Apixaban in Renal and Hepatic Impairment,14,5.119232797191707
Q298,C236,Dose Adjustment of Rivaroxaban in Renal and Hepatic Impairment,15,3.884806201785683
Q298,C276,Efektivitas Magnesium pada Preeclampsia,16,1.7759290382152242
Q298,C212,Profil Keamanan Alendronate pada Osteoporosis,17,1.6548536020730698
Q298,C221,Meta-analisis: Alendronate pada Osteoporosis,18,1.6548536020730698
Q298,C309,Profil Keamanan Meropenem pada Sepsis,19,1.6548536020730698
Q298,C001,Panduan Praktis: Memulai Levothyroxine pada Hypothyroidism,20,1.5492333337338053
Q299,C294,Perbandingan Zinc dan Zinc pada Stunting / Malnutrition,1,12.877956573335165
Q299,C283,Drug Interactions: Zinc in Stunting / Malnutrition Patients,2,12.216060338155863
Q299,C288,Zinc in Stunting / Malnutrition: Real-World Outcomes,3,12.216060338155863
Q299,C279,Rare Adverse Event of Zinc in Stunting / Malnutrition,4,11.524635643028827
Q299,C016,Dose Adjustment of Desmopressin in Renal and Hepatic Impairment,5,10.68620986098231
Q299,C040,Dose Adjustment of Atorvastatin in Renal and Hepatic Impairment,6,10.68620986098231
Q299,C084,Dose Adjustment of Valproate in Renal and Hepatic Impairment,7,10.68620986098231
Q299,C116,Dose Adjustment of Salmeterol in Renal and Hepatic Impairment,8,10.68620986098231
Q299,C169,Dose Adjustment of Olanzapine in Renal and Hepatic Impairment,9,10.68620986098231
Q299,C231,Dose Adjustment of Apixaban in Renal and Hepatic Impairment,10,10.68620986098231
Q299,C236,Dose Adjustment of Rivaroxaban in Renal and Hepatic Impairment,11,10.68620986098231
Q299,C314,Dose Adjustment of Vancomycin in Renal and Hepatic Impairment,12,10.68620986098231
Q299,C343,Dose Adjustment of Dupilumab in Renal and Hepatic Impairment,13,10.68620986098231
Q299,C296,Narrative Review: Current Evidence for Zinc supplements in Stunting / Malnutrition,14,10.35271556339417
Q299,C021,Dose Adjustment of Insulin glargine in Renal and Hepatic Impairment,15,10.142878848220512
Q299,C281,Stunting / Malnutrition in anaemia: Special Considerations,16,8.367100661074499
Q299,C295,Risk Stratification in Stunting / Malnutrition: Current Approaches,17,7.865113422356017
Q299,C280,Biomarkers in Stunting / Malnutrition: Implications for Vitamin A Therapy,18,7.022480851228578
Q299,C287,Challenging Case: Stunting / Malnutrition with Concurrent COPD,19,6.757800383834303
Q299,C289,Case Report: Atypical Presentation of Stunting / Malnutrition,20,6.757800383834303
Q300,C121,Asia-Pacific Guideline: Community-acquired Pneumonia in Primary Care 2025,1,13.199414649437976
Q300,C122,Case Series: Factor Xa inhibitors in Refractory Community-acquired Pneumonia,2,13.199414649437976
Q300,C135,Prednisolone pada Pasien COPD: Studi Kohort,3,5.987157344749509
Q300,C129,Dosis Corticosteroids pada Asthma: Referensi Cepat,4,5.823301004177049
Q300,C166,Dosis SSRIs pada ADHD: Referensi Cepat,5,5.823301004177049
Q300,C045,Metoprolol pada Pasien Heart Failure: Studi Kohort,6,5.627955668445315
Q300,C152,Metronidazole pada Pasien Inflammatory Bowel Disease: Studi Kohort,7,5.309415367847006
Q300,C250,Rivaroxaban pada Pasien Deep Vein Thrombosis: Studi Kohort,8,5.309415367847006
Q300,C311,Secukinumab pada Pasien Disseminated Intravascular Coagulation: Studi Kohort,9,5.309415367847006
Q300,C317,Secukinumab pada Pasien Disseminated Intravascular Coagulation: Studi Kohort,10,5.309415367847006
Q300,C345,Dosis Topical calcineurin inhibitors pada Psoriasis: Referensi Cepat,11,5.164107449137047
Q300,C231,Dose Adjustment of Apixaban in Renal and Hepatic Impairment,12,5.119232797191707
Q300,C036,Dosis Platelet aggregation inhibitors pada Stable Angina: Referensi Cepat,13,4.88747792685476
Q300,C185,Dosis BCR-ABL inhibitors pada Chronic Myeloid Leukaemia: Referensi Cepat,14,4.638978377772834
Q300,C198,Dosis BCR-ABL inhibitors pada Chronic Myeloid Leukaemia: Referensi Cepat,15,4.638978377772834
Q300,C010,Dosis DPP-4 inhibitors pada Type 2 Diabetes Mellitus: Referensi Cepat,16,4.4145256732042455
Q300,C276,Efektivitas Magnesium pada Preeclampsia,17,1.7759290382152242
Q300,C212,Profil Keamanan Alendronate pada Osteoporosis,18,1.6548536020730698
Q300,C221,Meta-analisis: Alendronate pada Osteoporosis,19,1.6548536020730698
Q300,C309,Profil Keamanan Meropenem pada Sepsis,20,1.6548536020730698
Q301,C229,Monitoring Parameters for Bisphosphonates in Osteoporosis,1,10.053834804815283
Q301,C151,Monitoring Parameters for Nitroimidazoles in Inflammatory Bowel Disease,2,8.915747815663039
Q301,C090,Monitoring Parameters for Fatty acid derivatives in Parkinson Disease,3,8.43815142880855
Q301,C203,Monitoring Parameters for CNS stimulants in Breast Cancer HER2-positive,4,8.009120984778836
Q301,C245,Monitoring Parameters for Factor Xa inhibitors in Deep Vein Thrombosis,5,8.009120984778836
Q301,C328,Monitoring Parameters for IL-4/IL-13 inhibitors in Psoriasis,6,8.009120984778836
Q301,C089,Perbandingan Topiramate dan Topiramate pada Migraine,7,7.098874994875591
Q301,C076,Levetiracetam Drug Profile: Efficacy in Epilepsy,8,6.035056239594147
Q301,C080,Treatment Intensification in Epilepsy: When and How,9,5.672980851721908
Q301,C071,Asia-Pacific Guideline: Epilepsy in Primary Care 2022,10,5.351892141672573
Q301,C074,Topiramate Real-World Evidence in Migraine: A Retrospective Study,11,5.304599117599994
Q301,C079,Topiramate Real-World Evidence in Migraine: A Retrospective Study,12,5.304599117599994
Q301,C077,Hasil Jangka Panjang Terapi Fatty acid derivatives pada Epilepsy,13,4.076522876343298
Q301,C260,Hypertension in Pregnancy in anaemia: Special Considerations,14,1.5575755985011488
Q301,C255,Practical Guide: Initiating Labetalol in Hypertension in Pregnancy,15,1.4945138020276896
Q301,C268,Methyldopa Drug Profile: Efficacy in Hypertension in Pregnancy,16,1.4945138020276896
Q301,C267,Hypertension in Pregnancy in Pregnancy: Safety and Management Guide,17,1.4363596921061903
Q301,C275,Treatment Intensification in Hypertension in Pregnancy: When and How,18,1.4363596921061903
Q301,C257,Switching Therapy in Hypertension in Pregnancy: A Step-by-Step Guide,19,1.3326483965224
Q301,C137,Asthma in immunocompromised: Special Considerations,20,1.2582970093898815
Q302,C089,Perbandingan Topiramate dan Topiramate pada Migraine,1,11.101086358091791
Q302,C074,Topiramate Real-World Evidence in Migraine: A Retrospective Study,2,7.674961784314716
Q302,C079,Topiramate Real-World Evidence in Migraine: A Retrospective Study,3,7.674961784314716
Q302,C135,Prednisolone pada Pasien COPD: Studi Kohort,4,4.437924011015704
Q302,C083,Laporan Kasus: Migraine dengan COPD,5,4.275065444605325
Q302,C129,Dosis Corticosteroids pada Asthma: Referensi Cepat,6,4.274067670443244
Q302,C166,Dosis SSRIs pada ADHD: Referensi Cepat,7,4.274067670443244
Q302,C045,Metoprolol pada Pasien Heart Failure: Studi Kohort,8,4.171669150440603
Q302,C072,National Guideline: Migraine Diagnosis and Treatment,9,4.0022113632162
Q302,C086,Risk Stratification in Migraine: Current Approaches,10,4.0022113632162
Q302,C152,Metronidazole pada Pasien Inflammatory Bowel Disease: Studi Kohort,11,3.935554151769135
Q302,C250,Rivaroxaban pada Pasien Deep Vein Thrombosis: Studi Kohort,12,3.935554151769135
Q302,C311,Secukinumab pada Pasien Disseminated Intravascular Coagulation: Studi Kohort,13,3.935554151769135
Q302,C317,Secukinumab pada Pasien Disseminated Intravascular Coagulation: Studi Kohort,14,3.935554151769135
Q302,C345,Dosis Topical calcineurin inhibitors pada Psoriasis: Referensi Cepat,15,3.790246233059176
Q302,C073,Quick Reference: Antiepileptics other Dosing in Migraine,16,3.762097240968909
Q302,C075,Migraine in Pregnancy: Safety and Management Guide,17,3.762097240968909
Q302,C036,Dosis Platelet aggregation inhibitors pada Stable Angina: Referensi Cepat,18,3.58721133978665
Q302,C092,Hasil Jangka Panjang Terapi Antiepileptics other pada Migraine,19,3.5491638675350425
Q302,C185,Dosis BCR-ABL inhibitors pada Chronic Myeloid Leukaemia: Referensi Cepat,20,3.4048227103668527
Q303,C081,Parkinson Disease in atrial fibrillation: Special Considerations,1,6.4241701610907604
Q303,C088,Perbandingan Valproate dan Valproate pada Parkinson Disease,2,6.4241701610907604
Q303,C078,Drug Interactions: Levodopa-carbidopa in Parkinson Disease Patients,3,6.060564401777123
Q303,C091,Valproate: Farmakologi dan Penggunaan Klinis pada Parkinson Disease,4,6.060564401777123
Q303,C090,Monitoring Parameters for Fatty acid derivatives in Parkinson Disease,5,5.735913713979216
Q303,C147,National Guideline: Peptic Ulcer Disease Diagnosis and Treatment,6,4.561662116082396
Q303,C155,New Insights into Inflammatory Bowel Disease Pathophysiology and Treatment,7,4.317304223762408
Q303,C253,Hasil Jangka Panjang Terapi Erythropoiesis stimulating agents pada Iron Deficiency Anaemia,8,4.186924368261953
Q303,C190,Case Series: HER2-targeted agents in Refractory Non-Small Cell Lung Cancer,9,3.9936931941444227
Q303,C011,National Guideline: Hypothyroidism Diagnosis and Treatment,10,2.938408316499378
Q303,C072,National Guideline: Migraine Diagnosis and Treatment,11,2.938408316499378
Q303,C027,National Guideline: Atrial Fibrillation Diagnosis and Treatment,12,2.7621174438570595
Q303,C080,Treatment Intensification in Epilepsy: When and How,13,2.7621174438570595
Q303,C131,Treatment Intensification in Asthma: When and How,14,2.7621174438570595
Q303,C138,Treatment Intensification in Asthma: When and How,15,2.7621174438570595
Q303,C225,Treatment Intensification in Gout: When and How,16,2.7621174438570595
Q303,C256,New Insights into Preeclampsia Pathophysiology and Treatment,17,2.7621174438570595
Q303,C274,Treatment Intensification in Preeclampsia: When and How,18,2.7621174438570595
Q303,C326,Treatment Intensification in Psoriasis: When and How,19,2.7621174438570595
Q303,C330,New Insights into Psoriasis Pathophysiology and Treatment,20,2.7621174438570595
Q304,C171,Perbandingan Venlafaxine dan Venlafaxine pada Major Depressive Disorder,1,17.74517815321265
Q304,C170,Major Depressive Disorder in hypertension: Special Considerations,2,10.607182869993093
Q304,C164,Clinical Summary: Major Depressive Disorder Management Update 2021,3,10.00682007061052
Q304,C180,Risk Stratification in Major Depressive Disorder: Current Approaches,4,10.00682007061052
Q304,C181,Case Report: Atypical Presentation of Major Depressive Disorder,5,10.00682007061052
Q304,C172,Major Depressive Disorder in Pregnancy: Safety and Management Guide,6,9.470777417942562
Q304,C174,Long-term Outcomes of SNRIs Therapy in Major Depressive Disorder,7,8.989244006838536
Q304,C182,"Sertraline: Pharmacology, Dosing, and Clinical Use in Major Depressive Disorder",8,8.989244006838536
Q304,C173,Escitalopram versus Sertraline in Major Depressive Disorder: Head-to-Head Comparison,9,8.554307698657128
Q304,C184,Sertraline Real-World Evidence in Major Depressive Disorder: A Retrospective Study,10,8.554307698657128
Q304,C175,Clinical Summary: Bipolar Disorder Management Update 2020,11,3.300362726816915
Q304,C165,Lithium: Farmakologi dan Penggunaan Klinis pada Bipolar Disorder,12,3.1135633635990922
Q304,C183,Scoping Review: Emerging Therapies in Bipolar Disorder 2022,13,3.1135633635990922
Q304,C176,"Lithium: Pharmacology, Dosing, and Clinical Use in Bipolar Disorder",14,2.946776836720769
Q304,C001,Panduan Praktis: Memulai Levothyroxine pada Hypothyroidism,15,0.0
Q304,C002,Clinical Practice Guideline: Type 1 Diabetes Mellitus Management 2023,16,0.0
Q304,C003,A Case of Type 1 Diabetes Mellitus Resistant to Insulin degludec,17,0.0
Q304,C004,Successful Management of Severe Hypothyroidism with Levothyroxine,18,0.0
Q304,C005,Liraglutide in Type 2 Diabetes Mellitus: Real-World Outcomes,19,0.0
Q304,C006,"Methimazole: Pharmacology, Dosing, and Clinical Use in Hyperthyroidism",20,0.0
Q305,C285,Perbandingan Diazepam dan Diazepam pada Febrile Seizure,1,13.175517236249599
Q305,C291,Perbandingan Diazepam dan Diazepam pada Febrile Seizure,2,13.175517236249599
Q305,C278,Diazepam Drug Profile: Efficacy in Febrile Seizure,3,12.649150950907293
Q305,C299,Diazepam in Febrile Seizure: Real-World Outcomes,4,12.649150950907293
Q305,C277,"Diazepam: Pharmacology, Dosing, and Clinical Use in Febrile Seizure",5,11.293978302278243
Q305,C284,Diazepam: Farmakologi dan Penggunaan Klinis pada Febrile Seizure,6,10.888573968129261
Q305,C290,Diazepam Real-World Evidence in Febrile Seizure: A Retrospective Study,7,10.719745833618626
Q305,C286,Systematic Review: Benzodiazepines in Febrile Seizure,8,9.182409509216276
Q305,C282,New Insights into Febrile Seizure Pathophysiology and Treatment,9,7.098327735070085
Q305,C080,Treatment Intensification in Epilepsy: When and How,10,4.661635790316469
Q305,C131,Treatment Intensification in Asthma: When and How,11,4.661635790316469
Q305,C138,Treatment Intensification in Asthma: When and How,12,4.661635790316469
Q305,C225,Treatment Intensification in Gout: When and How,13,4.661635790316469
Q305,C274,Treatment Intensification in Preeclampsia: When and How,14,4.661635790316469
Q305,C326,Treatment Intensification in Psoriasis: When and How,15,4.661635790316469
Q305,C275,Treatment Intensification in Hypertension in Pregnancy: When and How,16,4.6098884288459905
Q305,C030,Treatment Intensification in Atrial Fibrillation: When and How,17,4.397788853096821
Q305,C046,Treatment Intensification in Atrial Fibrillation: When and How,18,4.397788853096821
Q305,C214,Adalimumab versus Adalimumab in Gout: Head-to-Head Comparison,19,4.250680833631613
Q305,C210,Treatment Intensification in Systemic Lupus Erythematosus: When and How,20,4.162209279760516
Q306,C093,Practical Guide: Initiating Tenofovir+Lamivudine in Urinary Tract Infection,1,18.70896677836487
Q306,C109,Panduan Praktis: Memulai Tenofovir+Lamivudine pada Urinary Tract Infection,2,18.70896677836487
Q306,C094,"Tenofovir+Lamivudine: Pharmacology, Dosing, and Clinical Use in Urinary Tract Infection",3,16.898534458521226
Q306,C102,Biomarkers in Urinary Tract Infection: Implications for NRTIs combination Therapy,4,15.310394571977376
Q306,C111,Biomarkers in Urinary Tract Infection: Implications for NRTIs combination Therapy,5,15.310394571977376
Q306,C095,Quick Reference: NRTIs combination Dosing in Urinary Tract Infection,6,13.664340968992963
Q306,C108,Case Series: NRTIs combination in Refractory Urinary Tract Infection,7,13.664340968992963
Q306,C115,Case Series: NRTIs combination in Refractory Urinary Tract Infection,8,13.664340968992963
Q306,C098,Hasil Jangka Panjang Terapi NRTIs combination pada Urinary Tract Infection,9,12.969589479551132
Q306,C101,"NRTIs combination: Mechanism, Indications, and Safety",10,4.274067670443244
Q306,C162,Biomarkers in Schizophrenia: Implications for Atypical antipsychotics Therapy,11,2.605782573313007
Q306,C216,Switching Therapy in Osteoporosis: A Step-by-Step Guide,12,2.466196711568875
Q306,C280,Biomarkers in Stunting / Malnutrition: Implications for Vitamin A Therapy,13,2.466196711568875
Q306,C318,Switching Therapy in Sepsis: A Step-by-Step Guide,14,2.466196711568875
Q306,C323,Switching Therapy in Psoriasis: A Step-by-Step Guide,15,2.466196711568875
Q306,C340,Switching Therapy in Psoriasis: A Step-by-Step Guide,16,2.466196711568875
Q306,C039,Switching Therapy in Stable Angina: A Step-by-Step Guide,17,2.340805092426243
Q306,C056,Biomarkers in Chronic Kidney Disease: Implications for SGLT2 inhibitors Therapy,18,2.340805092426243
Q306,C087,Switching Therapy in Ischaemic Stroke: A Step-by-Step Guide,19,2.340805092426243
Q306,C159,Long-term Outcomes of Nitroimidazoles Therapy in Inflammatory Bowel Disease,20,2.340805092426243
Q307,C103,Profil Keamanan Amoxicillin pada HIV/AIDS,1,9.714138913620543
Q307,C114,Profil Keamanan Levofloxacin pada HIV/AIDS,2,9.714138913620543
Q307,C100,Case Report: Atypical Presentation of HIV/AIDS,3,9.13133562640039
Q307,C107,A Case of HIV/AIDS Resistant to Levofloxacin,4,8.614505259095605
Q307,C267,Hypertension in Pregnancy in Pregnancy: Safety and Management Guide,5,7.121326868316885
Q307,C075,Migraine in Pregnancy: Safety and Management Guide,6,6.013293763176111
Q307,C118,COPD in Pregnancy: Safety and Management Guide,7,6.013293763176111
Q307,C269,Preeclampsia in Pregnancy: Safety and Management Guide,8,6.013293763176111
Q307,C275,Treatment Intensification in Hypertension in Pregnancy: When and How,9,5.81673589843708
Q307,C272,National Guideline: Hypertension in Pregnancy Diagnosis and Treatment,10,5.672943462684636
Q307,C172,Major Depressive Disorder in Pregnancy: Safety and Management Guide,11,5.369056749351605
Q307,C262,Preeclampsia in pregnancy: Special Considerations,12,4.92512607487174
Q307,C260,Hypertension in Pregnancy in anaemia: Special Considerations,13,4.784419184664649
Q307,C255,Practical Guide: Initiating Labetalol in Hypertension in Pregnancy,14,4.538719182335493
Q307,C268,Methyldopa Drug Profile: Efficacy in Hypertension in Pregnancy,15,4.538719182335493
Q307,C257,Switching Therapy in Hypertension in Pregnancy: A Step-by-Step Guide,16,3.9349805397315776
Q307,C266,Profil Obat Centrally acting antihypertensives pada Hypertension in Pregnancy,17,3.869814746290087
Q307,C263,Tinjauan Sistematis: Beta blockers non-selective pada Hypertension in Pregnancy,18,3.6730573933412787
Q307,C270,Long-term Outcomes of Beta blockers non-selective Therapy in Hypertension in Pregnancy,19,3.6156329814461436
Q307,C080,Treatment Intensification in Epilepsy: When and How,20,2.78645017701261
Q308,C130,Profil Keamanan Bedaquiline pada MDR Tuberculosis,1,9.257288194220036
Q308,C117,Safety Profile of Bedaquiline in MDR Tuberculosis,2,8.701893831599694
Q308,C120,Safety Profile of Bedaquiline in MDR Tuberculosis,3,8.701893831599694
Q308,C136,MDR Tuberculosis pada Populasi Khusus: Pendekatan Praktis,4,8.701893831599694
Q308,C125,Efficacy of Antituberculotics in MDR Tuberculosis: A Cohort Study,5,7.769612403571366
Q308,C083,Laporan Kasus: Migraine dengan COPD,6,4.565455781209233
Q308,C338,Laporan Kasus: Psoriasis dengan anaemia,7,4.565455781209233
Q308,C041,Laporan Kasus: Heart Failure dengan immunocompromised,8,4.274067670443244
Q308,C097,Laporan Kasus: Malaria dengan atrial fibrillation,9,4.274067670443244
Q308,C024,Laporan Kasus: Acute Coronary Syndrome dengan Presentasi Atipikal,10,3.790246233059176
Q308,C208,Laporan Kasus: Systemic Lupus Erythematosus dengan Presentasi Atipikal,11,3.790246233059176
Q308,C076,Levetiracetam Drug Profile: Efficacy in Epilepsy,12,3.781175763045196
Q308,C126,Budesonide Drug Profile: Efficacy in Asthma,13,3.781175763045196
Q308,C018,Laporan Kasus: Type 2 Diabetes Mellitus dengan Presentasi Atipikal,14,3.58721133978665
Q308,C278,Diazepam Drug Profile: Efficacy in Febrile Seizure,15,3.554322751794755
Q308,C283,Drug Interactions: Zinc in Stunting / Malnutrition Patients,16,3.554322751794755
Q308,C047,Drug Interactions: Losartan in Chronic Kidney Disease Patients,17,3.3531493409720508
Q308,C078,Drug Interactions: Levodopa-carbidopa in Parkinson Disease Patients,18,3.3531493409720508
Q308,C096,Drug Interactions: Artemether-lumefantrine in Typhoid Fever Patients,19,3.3531493409720508
Q308,C145,Metronidazole Drug Profile: Efficacy in Inflammatory Bowel Disease,20,3.3531493409720508
Q309,C130,Profil Keamanan Bedaquiline pada MDR Tuberculosis,1,14.399591309534088
Q309,C117,Safety Profile of Bedaquiline in MDR Tuberculosis,2,13.535682606513967
Q309,C120,Safety Profile of Bedaquiline in MDR Tuberculosis,3,13.535682606513967
Q309,C159,Long-term Outcomes of Nitroimidazoles Therapy in Inflammatory Bowel Disease,4,10.470719975856499
Q309,C174,Long-term Outcomes of SNRIs Therapy in Major Depressive Disorder,5,10.470719975856499
Q309,C209,Long-term Outcomes of Proteasome inhibitors Therapy in Rheumatoid Arthritis,6,10.470719975856499
Q309,C069,Long-term Outcomes of SGLT2 inhibitors Therapy in Chronic Kidney Disease,7,9.964103814715937
Q309,C270,Long-term Outcomes of Beta blockers non-selective Therapy in Hypertension in Pregnancy,8,9.084968149090425
Q309,C136,MDR Tuberculosis pada Populasi Khusus: Pendekatan Praktis,9,8.701893831599694
Q309,C125,Efficacy of Antituberculotics in MDR Tuberculosis: A Cohort Study,10,7.769612403571366
Q309,C167,Sertraline in ADHD: Real-World Outcomes,11,3.8865872853495445
Q309,C053,Furosemide in Nephrotic Syndrome: Real-World Outcomes,12,3.6534100715880893
Q309,C288,Zinc in Stunting / Malnutrition: Real-World Outcomes,13,3.6534100715880893
Q309,C299,Diazepam in Febrile Seizure: Real-World Outcomes,14,3.6534100715880893
Q309,C005,Liraglutide in Type 2 Diabetes Mellitus: Real-World Outcomes,15,3.2620002906108967
Q309,C001,Panduan Praktis: Memulai Levothyroxine pada Hypothyroidism,16,0.0
Q309,C002,Clinical Practice Guideline: Type 1 Diabetes Mellitus Management 2023,17,0.0
Q309,C003,A Case of Type 1 Diabetes Mellitus Resistant to Insulin degludec,18,0.0
Q309,C004,Successful Management of Severe Hypothyroidism with Levothyroxine,19,0.0
Q309,C006,"Methimazole: Pharmacology, Dosing, and Clinical Use in Hyperthyroidism",20,0.0
Q310,C220,Hasil Jangka Panjang Terapi Proteasome inhibitors pada Rheumatoid Arthritis,1,18.260068833437714
Q310,C209,Long-term Outcomes of Proteasome inhibitors Therapy in Rheumatoid Arthritis,2,13.926828861811886
Q310,C224,Risk Stratification in Rheumatoid Arthritis: Current Approaches,3,8.851432205362032
Q310,C213,Hasil Jangka Panjang Terapi IL-17 inhibitors pada Gout,4,5.721446468432722
Q310,C083,Laporan Kasus: Migraine dengan COPD,5,4.565455781209233
Q310,C338,Laporan Kasus: Psoriasis dengan anaemia,6,4.565455781209233
Q310,C041,Laporan Kasus: Heart Failure dengan immunocompromised,7,4.274067670443244
Q310,C097,Laporan Kasus: Malaria dengan atrial fibrillation,8,4.274067670443244
Q310,C218,Profil Keamanan Colchicine pada Psoriatic Arthritis,9,4.274067670443244
Q310,C226,Safety Profile of Ibuprofen in Psoriatic Arthritis,10,4.01764343044776
Q310,C227,Consensus Statement: NSAIDs Use in Psoriatic Arthritis,11,4.01764343044776
Q310,C024,Laporan Kasus: Acute Coronary Syndrome dengan Presentasi Atipikal,12,3.790246233059176
Q310,C092,Hasil Jangka Panjang Terapi Antiepileptics other pada Migraine,13,3.790246233059176
Q310,C208,Laporan Kasus: Systemic Lupus Erythematosus dengan Presentasi Atipikal,14,3.790246233059176
Q310,C222,Challenging Case: Psoriatic Arthritis with Concurrent renal impairment,15,3.790246233059176
Q310,C018,Laporan Kasus: Type 2 Diabetes Mellitus dengan Presentasi Atipikal,16,3.58721133978665
Q310,C077,Hasil Jangka Panjang Terapi Fatty acid derivatives pada Epilepsy,17,3.58721133978665
Q310,C023,Hasil Jangka Panjang Terapi GLP-1 receptor agonists pada Obesity,18,3.4048227103668527
Q310,C098,Hasil Jangka Panjang Terapi NRTIs combination pada Urinary Tract Infection,19,3.4048227103668527
Q310,C253,Hasil Jangka Panjang Terapi Erythropoiesis stimulating agents pada Iron Deficiency Anaemia,20,3.240083493305596
Q311,C096,Drug Interactions: Artemether-lumefantrine in Typhoid Fever Patients,1,18.916115447447304
Q311,C106,Successful Management of Severe Typhoid Fever with Artemether-lumefantrine,2,17.902822050436683
Q311,C113,Risk Stratification in Typhoid Fever: Current Approaches,3,9.667577549828545
Q311,C029,Profil Obat ARBs pada Heart Failure,4,4.274067670443244
Q311,C041,Laporan Kasus: Heart Failure dengan immunocompromised,5,4.274067670443244
Q311,C031,Clinical Practice Guideline: Heart Failure Management 2021,6,4.01764343044776
Q311,C038,Clinical Summary: Heart Failure Management Update 2024,7,4.01764343044776
Q311,C044,Safety Profile of Furosemide in Heart Failure,8,4.01764343044776
Q311,C045,Metoprolol pada Pasien Heart Failure: Studi Kohort,9,4.01764343044776
Q311,C034,Spironolactone Real-World Evidence in Heart Failure: A Retrospective Study,10,3.4048227103668527
Q311,C162,Biomarkers in Schizophrenia: Implications for Atypical antipsychotics Therapy,11,2.605782573313007
Q311,C216,Switching Therapy in Osteoporosis: A Step-by-Step Guide,12,2.466196711568875
Q311,C280,Biomarkers in Stunting / Malnutrition: Implications for Vitamin A Therapy,13,2.466196711568875
Q311,C318,Switching Therapy in Sepsis: A Step-by-Step Guide,14,2.466196711568875
Q311,C323,Switching Therapy in Psoriasis: A Step-by-Step Guide,15,2.466196711568875
Q311,C340,Switching Therapy in Psoriasis: A Step-by-Step Guide,16,2.466196711568875
Q311,C039,Switching Therapy in Stable Angina: A Step-by-Step Guide,17,2.340805092426243
Q311,C056,Biomarkers in Chronic Kidney Disease: Implications for SGLT2 inhibitors Therapy,18,2.340805092426243
Q311,C087,Switching Therapy in Ischaemic Stroke: A Step-by-Step Guide,19,2.340805092426243
Q311,C102,Biomarkers in Urinary Tract Infection: Implications for NRTIs combination Therapy,20,2.340805092426243
Q312,C130,Profil Keamanan Bedaquiline pada MDR Tuberculosis,1,4.628644097110018
Q312,C117,Safety Profile of Bedaquiline in MDR Tuberculosis,2,4.350946915799847
Q312,C120,Safety Profile of Bedaquiline in MDR Tuberculosis,3,4.350946915799847
Q312,C136,MDR Tuberculosis pada Populasi Khusus: Pendekatan Praktis,4,4.350946915799847
Q312,C125,Efficacy of Antituberculotics in MDR Tuberculosis: A Cohort Study,5,3.884806201785683
Q312,C001,Panduan Praktis: Memulai Levothyroxine pada Hypothyroidism,6,0.0
Q312,C002,Clinical Practice Guideline: Type 1 Diabetes Mellitus Management 2023,7,0.0
Q312,C003,A Case of Type 1 Diabetes Mellitus Resistant to Insulin degludec,8,0.0
Q312,C004,Successful Management of Severe Hypothyroidism with Levothyroxine,9,0.0
Q312,C005,Liraglutide in Type 2 Diabetes Mellitus: Real-World Outcomes,10,0.0
Q312,C006,"Methimazole: Pharmacology, Dosing, and Clinical Use in Hyperthyroidism",11,0.0
Q312,C007,Efficacy of Vasopressin analogues in Diabetes Insipidus: A Cohort Study,12,0.0
Q312,C008,Treatment Intensification in Type 2 Diabetes Mellitus: When and How,13,0.0
Q312,C009,Case Report: Atypical Presentation of Obesity,14,0.0
Q312,C010,Dosis DPP-4 inhibitors pada Type 2 Diabetes Mellitus: Referensi Cepat,15,0.0
Q312,C011,National Guideline: Hypothyroidism Diagnosis and Treatment,16,0.0
Q312,C012,Case Report: Atypical Presentation of Type 2 Diabetes Mellitus,17,0.0
Q312,C013,Asia-Pacific Guideline: Type 1 Diabetes Mellitus in Primary Care 2023,18,0.0
Q312,C014,Practical Guide: Initiating Methimazole in Hyperthyroidism,19,0.0
Q312,C015,Panduan Klinis: Tatalaksana Hyperthyroidism 2021,20,0.0
Q313,C065,Profil Keamanan Losartan pada Chronic Kidney Disease,1,14.205863109157766
Q313,C047,Drug Interactions: Losartan in Chronic Kidney Disease Patients,2,12.02795506477579
Q313,C061,Profil Keamanan Dapagliflozin pada Chronic Kidney Disease,3,9.372074334243495
Q313,C050,Chronic Kidney Disease pada Populasi Khusus: Pendekatan Praktis,4,8.841618241208147
Q313,C068,Chronic Kidney Disease pada Populasi Khusus: Pendekatan Praktis,5,8.841618241208147
Q313,C048,Panduan Klinis: Tatalaksana Chronic Kidney Disease 2022,6,7.915787816238781
Q313,C052,Clinical Summary: Chronic Kidney Disease Management Update 2024,7,7.467757025130277
Q313,C059,Safety Profile of Empagliflozin in Chronic Kidney Disease,8,7.467757025130277
Q313,C060,Case Report: Atypical Presentation of Chronic Kidney Disease,9,7.467757025130277
Q313,C062,Konsensus Nasional: Chronic Kidney Disease di Indonesia 2022,10,7.467757025130277
Q313,C058,Case Series: SGLT2 inhibitors in Refractory Chronic Kidney Disease,11,7.067726220440653
Q313,C056,Biomarkers in Chronic Kidney Disease: Implications for SGLT2 inhibitors Therapy,12,6.7083738499340395
Q313,C057,Switching Therapy in Chronic Kidney Disease: A Step-by-Step Guide,13,6.383795347673853
Q313,C069,Long-term Outcomes of SGLT2 inhibitors Therapy in Chronic Kidney Disease,14,6.383795347673853
Q313,C028,Practical Guide: Initiating Losartan in Hypertension,15,5.142303115314051
Q313,C192,National Guideline: Chronic Myeloid Leukaemia Diagnosis and Treatment,16,4.796628237523591
Q313,C144,Clinical Practice Guideline: Inflammatory Bowel Disease Management 2025,17,4.354193661531185
Q313,C147,National Guideline: Peptic Ulcer Disease Diagnosis and Treatment,18,4.354193661531185
Q313,C204,Profil Keamanan Ibrutinib pada Chronic Lymphocytic Leukaemia,19,3.9984883621356664
Q313,C142,Asia-Pacific Guideline: Inflammatory Bowel Disease in Primary Care 2023,20,3.911423309337623
Q314,C130,Profil Keamanan Bedaquiline pada MDR Tuberculosis,1,4.628644097110018
Q314,C117,Safety Profile of Bedaquiline in MDR Tuberculosis,2,4.350946915799847
Q314,C120,Safety Profile of Bedaquiline in MDR Tuberculosis,3,4.350946915799847
Q314,C136,MDR Tuberculosis pada Populasi Khusus: Pendekatan Praktis,4,4.350946915799847
Q314,C125,Efficacy of Antituberculotics in MDR Tuberculosis: A Cohort Study,5,3.884806201785683
Q314,C001,Panduan Praktis: Memulai Levothyroxine pada Hypothyroidism,6,0.0
Q314,C002,Clinical Practice Guideline: Type 1 Diabetes Mellitus Management 2023,7,0.0
Q314,C003,A Case of Type 1 Diabetes Mellitus Resistant to Insulin degludec,8,0.0
Q314,C004,Successful Management of Severe Hypothyroidism with Levothyroxine,9,0.0
Q314,C005,Liraglutide in Type 2 Diabetes Mellitus: Real-World Outcomes,10,0.0
Q314,C006,"Methimazole: Pharmacology, Dosing, and Clinical Use in Hyperthyroidism",11,0.0
Q314,C007,Efficacy of Vasopressin analogues in Diabetes Insipidus: A Cohort Study,12,0.0
Q314,C008,Treatment Intensification in Type 2 Diabetes Mellitus: When and How,13,0.0
Q314,C009,Case Report: Atypical Presentation of Obesity,14,0.0
Q314,C010,Dosis DPP-4 inhibitors pada Type 2 Diabetes Mellitus: Referensi Cepat,15,0.0
Q314,C011,National Guideline: Hypothyroidism Diagnosis and Treatment,16,0.0
Q314,C012,Case Report: Atypical Presentation of Type 2 Diabetes Mellitus,17,0.0
Q314,C013,Asia-Pacific Guideline: Type 1 Diabetes Mellitus in Primary Care 2023,18,0.0
Q314,C014,Practical Guide: Initiating Methimazole in Hyperthyroidism,19,0.0
Q314,C015,Panduan Klinis: Tatalaksana Hyperthyroidism 2021,20,0.0
Q315,C224,Risk Stratification in Rheumatoid Arthritis: Current Approaches,1,8.851432205362032
Q315,C002,Clinical Practice Guideline: Type 1 Diabetes Mellitus Management 2023,2,8.2289759403304
Q315,C220,Hasil Jangka Panjang Terapi Proteasome inhibitors pada Rheumatoid Arthritis,3,7.903129914365929
Q315,C333,WHO Guideline Update: Psoriasis 2023,4,7.629318449259096
Q315,C209,Long-term Outcomes of Proteasome inhibitors Therapy in Rheumatoid Arthritis,5,7.50130217223643
Q315,C233,WHO Guideline Update: Iron Deficiency Anaemia 2023,6,6.713870994571556
Q315,C142,Asia-Pacific Guideline: Inflammatory Bowel Disease in Primary Care 2023,7,5.6897882633260135
Q315,C013,Asia-Pacific Guideline: Type 1 Diabetes Mellitus in Primary Care 2023,8,5.414493088369999
Q315,C254,Clinical Practice Guideline: Preeclampsia Management 2022,9,5.366683717926541
Q315,C031,Clinical Practice Guideline: Heart Failure Management 2021,10,5.044707581895281
Q315,C051,Clinical Practice Guideline: Nephrotic Syndrome Management 2022,11,5.044707581895281
Q315,C119,Clinical Practice Guideline: Pulmonary Embolism Management 2025,12,5.044707581895281
Q315,C189,Clinical Practice Guideline: Colorectal Cancer Management 2020,13,5.044707581895281
Q315,C298,Clinical Practice Guideline: Stunting / Malnutrition Management 2020,14,5.044707581895281
Q315,C144,Clinical Practice Guideline: Inflammatory Bowel Disease Management 2025,15,4.759178916739429
Q315,C020,Clinical Practice Guideline: Type 2 Diabetes Mellitus Management 2021,16,4.504240497436484
Q315,C187,Clinical Practice Guideline: Breast Cancer HER2-positive Management 2022,17,4.504240497436484
Q315,C218,Profil Keamanan Colchicine pada Psoriatic Arthritis,18,4.274067670443244
Q315,C226,Safety Profile of Ibuprofen in Psoriatic Arthritis,19,4.01764343044776
Q315,C227,Consensus Statement: NSAIDs Use in Psoriatic Arthritis,20,4.01764343044776
Q316,C157,Profil Keamanan Lansoprazole pada Peptic Ulcer Disease,1,15.113536642252694
Q316,C150,Practical Guide: Initiating Omeprazole in Peptic Ulcer Disease,2,14.258115812959513
Q316,C147,National Guideline: Peptic Ulcer Disease Diagnosis and Treatment,3,8.849136249780818
Q316,C154,Peptic Ulcer Disease pada Populasi Khusus: Pendekatan Praktis,4,8.849136249780818
Q316,C143,Consensus Statement: Proton pump inhibitors Use in Peptic Ulcer Disease,5,7.949283032745352
Q316,C161,Asia-Pacific Guideline: Peptic Ulcer Disease in Primary Care 2025,6,7.949283032745352
Q316,C149,Switching Therapy in Peptic Ulcer Disease: A Step-by-Step Guide,7,7.5646642803429085
Q316,C156,Switching Therapy in Peptic Ulcer Disease: A Step-by-Step Guide,8,7.5646642803429085
Q316,C139,Narrative Review: Current Evidence for Proton pump inhibitors in Peptic Ulcer Disease,9,7.215546686584609
Q316,C141,Efficacy of Proton pump inhibitors in Peptic Ulcer Disease: A Cohort Study,10,7.215546686584609
Q316,C152,Metronidazole pada Pasien Inflammatory Bowel Disease: Studi Kohort,11,5.891433694538524
Q316,C135,Prednisolone pada Pasien COPD: Studi Kohort,12,4.437924011015704
Q316,C045,Metoprolol pada Pasien Heart Failure: Studi Kohort,13,4.171669150440603
Q316,C250,Rivaroxaban pada Pasien Deep Vein Thrombosis: Studi Kohort,14,3.935554151769135
Q316,C311,Secukinumab pada Pasien Disseminated Intravascular Coagulation: Studi Kohort,15,3.935554151769135
Q316,C317,Secukinumab pada Pasien Disseminated Intravascular Coagulation: Studi Kohort,16,3.935554151769135
Q316,C306,Sepsis in liver disease: Special Considerations,17,2.2055457632589763
Q316,C048,Panduan Klinis: Tatalaksana Chronic Kidney Disease 2022,18,2.0732232452909134
Q316,C061,Profil Keamanan Dapagliflozin pada Chronic Kidney Disease,19,2.0732232452909134
Q316,C065,Profil Keamanan Losartan pada Chronic Kidney Disease,20,2.0732232452909134
Q317,C199,Pedoman PNPK: Breast Cancer HER2-positive,1,19.143887050654573
Q317,C187,Clinical Practice Guideline: Breast Cancer HER2-positive Management 2022,2,18.491435862005826
Q317,C203,Monitoring Parameters for CNS stimulants in Breast Cancer HER2-positive,3,15.250470142417498
Q317,C189,Clinical Practice Guideline: Colorectal Cancer Management 2020,4,6.476991300906523
Q317,C190,Case Series: HER2-targeted agents in Refractory Non-Small Cell Lung Cancer,5,6.40608737664751
Q317,C076,Levetiracetam Drug Profile: Efficacy in Epilepsy,6,3.781175763045196
Q317,C126,Budesonide Drug Profile: Efficacy in Asthma,7,3.781175763045196
Q317,C201,Kasus Sulit: Colorectal Cancer Refrakter terhadap Pembrolizumab,8,3.762097240968909
Q317,C278,Diazepam Drug Profile: Efficacy in Febrile Seizure,9,3.554322751794755
Q317,C196,Scoping Review: Emerging Therapies in Colorectal Cancer 2024,10,3.5491638675350425
Q317,C145,Metronidazole Drug Profile: Efficacy in Inflammatory Bowel Disease,11,3.3531493409720508
Q317,C228,Methotrexate Drug Profile: Efficacy in Systemic Lupus Erythematosus,12,3.3531493409720508
Q317,C268,Methyldopa Drug Profile: Efficacy in Hypertension in Pregnancy,13,3.3531493409720508
Q317,C202,Drug Interactions: Nivolumab in Non-Small Cell Lung Cancer Patients,14,3.188255589728093
Q317,C207,Biomarkers in Colorectal Cancer: Implications for PD-1 inhibitors Therapy,15,3.188255589728093
Q317,C125,Efficacy of Antituberculotics in MDR Tuberculosis: A Cohort Study,16,3.1735287367398
Q317,C007,Efficacy of Vasopressin analogues in Diabetes Insipidus: A Cohort Study,17,3.0121734381828054
Q317,C254,Clinical Practice Guideline: Preeclampsia Management 2022,18,2.8881709218691287
Q317,C191,Efficacy of BTK inhibitors in Chronic Lymphocytic Leukaemia: A Cohort Study,19,2.8664321952252583
Q317,C141,Efficacy of Proton pump inhibitors in Peptic Ulcer Disease: A Cohort Study,20,2.7341431902434006
Q318,C171,Perbandingan Venlafaxine dan Venlafaxine pada Major Depressive Disorder,1,17.745178153212652
Q318,C173,Escitalopram versus Sertraline in Major Depressive Disorder: Head-to-Head Comparison,2,14.071169493964772
Q318,C170,Major Depressive Disorder in hypertension: Special Considerations,3,11.714495908514806
Q318,C180,Risk Stratification in Major Depressive Disorder: Current Approaches,4,11.05145958273529
Q318,C172,Major Depressive Disorder in Pregnancy: Safety and Management Guide,5,10.459457960963277
Q318,C164,Clinical Summary: Major Depressive Disorder Management Update 2021,6,10.00682007061052
Q318,C181,Case Report: Atypical Presentation of Major Depressive Disorder,7,10.00682007061052
Q318,C174,Long-term Outcomes of SNRIs Therapy in Major Depressive Disorder,8,9.927655950634126
Q318,C182,"Sertraline: Pharmacology, Dosing, and Clinical Use in Major Depressive Disorder",9,9.927655950634126
Q318,C184,Sertraline Real-World Evidence in Major Depressive Disorder: A Retrospective Study,10,9.447315443158837
Q318,C076,Levetiracetam Drug Profile: Efficacy in Epilepsy,11,4.959162545829072
Q318,C126,Budesonide Drug Profile: Efficacy in Asthma,12,4.959162545829072
Q318,C268,Methyldopa Drug Profile: Efficacy in Hypertension in Pregnancy,13,4.847663142999741
Q318,C278,Diazepam Drug Profile: Efficacy in Febrile Seizure,14,4.661635790316469
Q318,C145,Metronidazole Drug Profile: Efficacy in Inflammatory Bowel Disease,15,4.397788853096821
Q318,C228,Methotrexate Drug Profile: Efficacy in Systemic Lupus Erythematosus,16,4.397788853096821
Q318,C125,Efficacy of Antituberculotics in MDR Tuberculosis: A Cohort Study,17,4.162209279760516
Q318,C183,Scoping Review: Emerging Therapies in Bipolar Disorder 2022,18,4.1582028757238625
Q318,C007,Efficacy of Vasopressin analogues in Diabetes Insipidus: A Cohort Study,19,3.9505853819783936
Q318,C176,"Lithium: Pharmacology, Dosing, and Clinical Use in Bipolar Disorder",20,3.935457379741485
Q319,C214,Adalimumab versus Adalimumab in Gout: Head-to-Head Comparison,1,10.619271197746448
Q319,C217,"Adalimumab: Pharmacology, Dosing, and Clinical Use in Gout",2,9.002544543085872
Q319,C135,Prednisolone pada Pasien COPD: Studi Kohort,3,4.437924011015704
Q319,C225,Treatment Intensification in Gout: When and How,4,4.350946915799847
Q319,C129,Dosis Corticosteroids pada Asthma: Referensi Cepat,5,4.274067670443244
Q319,C166,Dosis SSRIs pada ADHD: Referensi Cepat,6,4.274067670443244
Q319,C045,Metoprolol pada Pasien Heart Failure: Studi Kohort,7,4.171669150440603
Q319,C230,Case Series: IL-17 inhibitors in Refractory Gout,8,4.104684859007734
Q319,C152,Metronidazole pada Pasien Inflammatory Bowel Disease: Studi Kohort,9,3.935554151769135
Q319,C250,Rivaroxaban pada Pasien Deep Vein Thrombosis: Studi Kohort,10,3.935554151769135
Q319,C311,Secukinumab pada Pasien Disseminated Intravascular Coagulation: Studi Kohort,11,3.935554151769135
Q319,C317,Secukinumab pada Pasien Disseminated Intravascular Coagulation: Studi Kohort,12,3.935554151769135
Q319,C213,Hasil Jangka Panjang Terapi IL-17 inhibitors pada Gout,13,3.884806201785683
Q319,C345,Dosis Topical calcineurin inhibitors pada Psoriasis: Referensi Cepat,14,3.790246233059176
Q319,C036,Dosis Platelet aggregation inhibitors pada Stable Angina: Referensi Cepat,15,3.58721133978665
Q319,C185,Dosis BCR-ABL inhibitors pada Chronic Myeloid Leukaemia: Referensi Cepat,16,3.4048227103668527
Q319,C198,Dosis BCR-ABL inhibitors pada Chronic Myeloid Leukaemia: Referensi Cepat,17,3.4048227103668527
Q319,C010,Dosis DPP-4 inhibitors pada Type 2 Diabetes Mellitus: Referensi Cepat,18,3.240083493305596
Q319,C001,Panduan Praktis: Memulai Levothyroxine pada Hypothyroidism,19,0.0
Q319,C002,Clinical Practice Guideline: Type 1 Diabetes Mellitus Management 2023,20,0.0
Q320,C117,Safety Profile of Bedaquiline in MDR Tuberculosis,1,10.292048729235834
Q320,C120,Safety Profile of Bedaquiline in MDR Tuberculosis,2,10.292048729235834
Q320,C130,Profil Keamanan Bedaquiline pada MDR Tuberculosis,3,9.770947212424069
Q320,C016,Dose Adjustment of Desmopressin in Renal and Hepatic Impairment,4,7.424209570371413
Q320,C040,Dose Adjustment of Atorvastatin in Renal and Hepatic Impairment,5,7.424209570371413
Q320,C084,Dose Adjustment of Valproate in Renal and Hepatic Impairment,6,7.424209570371413
Q320,C116,Dose Adjustment of Salmeterol in Renal and Hepatic Impairment,7,7.424209570371413
Q320,C169,Dose Adjustment of Olanzapine in Renal and Hepatic Impairment,8,7.424209570371413
Q320,C231,Dose Adjustment of Apixaban in Renal and Hepatic Impairment,9,7.424209570371413
Q320,C236,Dose Adjustment of Rivaroxaban in Renal and Hepatic Impairment,10,7.424209570371413
Q320,C314,Dose Adjustment of Vancomycin in Renal and Hepatic Impairment,11,7.424209570371413
Q320,C343,Dose Adjustment of Dupilumab in Renal and Hepatic Impairment,12,7.424209570371413
Q320,C021,Dose Adjustment of Insulin glargine in Renal and Hepatic Impairment,13,7.046732115099453
Q320,C222,Challenging Case: Psoriatic Arthritis with Concurrent renal impairment,14,6.799777694477765
Q320,C125,Efficacy of Antituberculotics in MDR Tuberculosis: A Cohort Study,15,4.873486744806399
Q320,C136,MDR Tuberculosis pada Populasi Khusus: Pendekatan Praktis,16,4.350946915799847
Q320,C004,Successful Management of Severe Hypothyroidism with Levothyroxine,17,3.6534100715880893
Q320,C168,Challenging Case: ADHD with Concurrent atrial fibrillation,18,3.6534100715880893
Q320,C177,Successful Management of Severe Schizophrenia with Clozapine,19,3.6534100715880893
Q320,C287,Challenging Case: Stunting / Malnutrition with Concurrent COPD,20,3.6534100715880893
Q321,C167,Sertraline in ADHD: Real-World Outcomes,1,11.177359354908198
Q321,C173,Escitalopram versus Sertraline in Major Depressive Disorder: Head-to-Head Comparison,2,9.198907047346834
Q321,C168,Challenging Case: ADHD with Concurrent atrial fibrillation,3,8.487198846502363
Q321,C166,Dosis SSRIs pada ADHD: Referensi Cepat,4,5.142303115314051
Q321,C076,Levetiracetam Drug Profile: Efficacy in Epilepsy,5,4.959162545829072
Q321,C126,Budesonide Drug Profile: Efficacy in Asthma,6,4.959162545829072
Q321,C268,Methyldopa Drug Profile: Efficacy in Hypertension in Pregnancy,7,4.847663142999741
Q321,C182,"Sertraline: Pharmacology, Dosing, and Clinical Use in Major Depressive Disorder",8,4.807667572745839
Q321,C278,Diazepam Drug Profile: Efficacy in Febrile Seizure,9,4.661635790316469
Q321,C283,Drug Interactions: Zinc in Stunting / Malnutrition Patients,10,4.661635790316469
Q321,C184,Sertraline Real-World Evidence in Major Depressive Disorder: A Retrospective Study,11,4.575052996540899
Q321,C047,Drug Interactions: Losartan in Chronic Kidney Disease Patients,12,4.397788853096821
Q321,C078,Drug Interactions: Levodopa-carbidopa in Parkinson Disease Patients,13,4.397788853096821
Q321,C096,Drug Interactions: Artemether-lumefantrine in Typhoid Fever Patients,14,4.397788853096821
Q321,C145,Metronidazole Drug Profile: Efficacy in Inflammatory Bowel Disease,15,4.397788853096821
Q321,C228,Methotrexate Drug Profile: Efficacy in Systemic Lupus Erythematosus,16,4.397788853096821
Q321,C202,Drug Interactions: Nivolumab in Non-Small Cell Lung Cancer Patients,17,3.9505853819783936
Q321,C004,Successful Management of Severe Hypothyroidism with Levothyroxine,18,3.6534100715880893
Q321,C177,Successful Management of Severe Schizophrenia with Clozapine,19,3.6534100715880893
Q321,C287,Challenging Case: Stunting / Malnutrition with Concurrent COPD,20,3.6534100715880893
Q322,C099,Panduan Praktis: Memulai Dolutegravir pada Malaria,1,10.956500274636333
Q322,C016,Dose Adjustment of Desmopressin in Renal and Hepatic Impairment,2,10.68620986098231
Q322,C040,Dose Adjustment of Atorvastatin in Renal and Hepatic Impairment,3,10.68620986098231
Q322,C084,Dose Adjustment of Valproate in Renal and Hepatic Impairment,4,10.68620986098231
Q322,C116,Dose Adjustment of Salmeterol in Renal and Hepatic Impairment,5,10.68620986098231
Q322,C169,Dose Adjustment of Olanzapine in Renal and Hepatic Impairment,6,10.68620986098231
Q322,C231,Dose Adjustment of Apixaban in Renal and Hepatic Impairment,7,10.68620986098231
Q322,C236,Dose Adjustment of Rivaroxaban in Renal and Hepatic Impairment,8,10.68620986098231
Q322,C314,Dose Adjustment of Vancomycin in Renal and Hepatic Impairment,9,10.68620986098231
Q322,C343,Dose Adjustment of Dupilumab in Renal and Hepatic Impairment,10,10.68620986098231
Q322,C021,Dose Adjustment of Insulin glargine in Renal and Hepatic Impairment,11,10.142878848220512
Q322,C110,WHO Guideline Update: Malaria 2025,12,5.1882041982338585
Q322,C105,Narrative Review: Current Evidence for Integrase inhibitors in Malaria,13,5.065203419364014
Q322,C097,Laporan Kasus: Malaria dengan atrial fibrillation,14,4.8570694568102715
Q322,C222,Challenging Case: Psoriatic Arthritis with Concurrent renal impairment,15,3.3531493409720508
Q322,C260,Hypertension in Pregnancy in anaemia: Special Considerations,16,1.5575755985011488
Q322,C255,Practical Guide: Initiating Labetalol in Hypertension in Pregnancy,17,1.4945138020276896
Q322,C268,Methyldopa Drug Profile: Efficacy in Hypertension in Pregnancy,18,1.4945138020276896
Q322,C267,Hypertension in Pregnancy in Pregnancy: Safety and Management Guide,19,1.4363596921061903
Q322,C275,Treatment Intensification in Hypertension in Pregnancy: When and How,20,1.4363596921061903
Q323,C129,Dosis Corticosteroids pada Asthma: Referensi Cepat,1,11.92273182200311
Q323,C137,Asthma in immunocompromised: Special Considerations,2,4.565455781209233
Q323,C124,Konsensus Nasional: Asthma di Indonesia 2024,3,4.274067670443244
Q323,C126,Budesonide Drug Profile: Efficacy in Asthma,4,4.274067670443244
Q323,C127,Risk Stratification in Asthma: Current Approaches,5,4.274067670443244
Q323,C131,Treatment Intensification in Asthma: When and How,6,4.01764343044776
Q323,C138,Treatment Intensification in Asthma: When and How,7,4.01764343044776
Q323,C276,Efektivitas Magnesium pada Preeclampsia,8,1.7759290382152242
Q323,C212,Profil Keamanan Alendronate pada Osteoporosis,9,1.6548536020730698
Q323,C221,Meta-analisis: Alendronate pada Osteoporosis,10,1.6548536020730698
Q323,C309,Profil Keamanan Meropenem pada Sepsis,11,1.6548536020730698
Q323,C001,Panduan Praktis: Memulai Levothyroxine pada Hypothyroidism,12,1.5492333337338053
Q323,C026,Profil Keamanan Rivaroxaban pada Atrial Fibrillation,13,1.5492333337338053
Q323,C029,Profil Obat ARBs pada Heart Failure,14,1.5492333337338053
Q323,C054,Efektivitas Loop diuretics pada Nephrotic Syndrome,15,1.5492333337338053
Q323,C089,Perbandingan Topiramate dan Topiramate pada Migraine,16,1.5492333337338053
Q323,C099,Panduan Praktis: Memulai Dolutegravir pada Malaria,17,1.5492333337338053
Q323,C103,Profil Keamanan Amoxicillin pada HIV/AIDS,18,1.5492333337338053
Q323,C114,Profil Keamanan Levofloxacin pada HIV/AIDS,19,1.5492333337338053
Q323,C130,Profil Keamanan Bedaquiline pada MDR Tuberculosis,20,1.5492333337338053
Q324,C035,Stable Angina in Special Populations: Practical Guidance,1,10.77489058835026
Q324,C229,Monitoring Parameters for Bisphosphonates in Osteoporosis,2,10.053834804815283
Q324,C039,Switching Therapy in Stable Angina: A Step-by-Step Guide,3,9.131370867534743
Q324,C151,Monitoring Parameters for Nitroimidazoles in Inflammatory Bowel Disease,4,8.915747815663039
Q324,C036,Dosis Platelet aggregation inhibitors pada Stable Angina: Referensi Cepat,5,8.631837149158557
Q324,C090,Monitoring Parameters for Fatty acid derivatives in Parkinson Disease,6,8.43815142880855
Q324,C203,Monitoring Parameters for CNS stimulants in Breast Cancer HER2-positive,7,8.009120984778836
Q324,C245,Monitoring Parameters for Factor Xa inhibitors in Deep Vein Thrombosis,8,8.009120984778836
Q324,C328,Monitoring Parameters for IL-4/IL-13 inhibitors in Psoriasis,9,8.009120984778836
Q324,C082,Rare Adverse Event of Aspirin in Ischaemic Stroke,10,6.4536190753034655
Q324,C260,Hypertension in Pregnancy in anaemia: Special Considerations,11,1.5575755985011488
Q324,C255,Practical Guide: Initiating Labetalol in Hypertension in Pregnancy,12,1.4945138020276896
Q324,C268,Methyldopa Drug Profile: Efficacy in Hypertension in Pregnancy,13,1.4945138020276896
Q324,C267,Hypertension in Pregnancy in Pregnancy: Safety and Management Guide,14,1.4363596921061903
Q324,C275,Treatment Intensification in Hypertension in Pregnancy: When and How,15,1.4363596921061903
Q324,C257,Switching Therapy in Hypertension in Pregnancy: A Step-by-Step Guide,16,1.3326483965224
Q324,C137,Asthma in immunocompromised: Special Considerations,17,1.2582970093898815
Q324,C262,Preeclampsia in pregnancy: Special Considerations,18,1.2582970093898815
Q324,C270,Long-term Outcomes of Beta blockers non-selective Therapy in Hypertension in Pregnancy,19,1.2429053308678053
Q324,C014,Practical Guide: Initiating Methimazole in Hyperthyroidism,20,1.1779867827838757
Q325,C208,Laporan Kasus: Systemic Lupus Erythematosus dengan Presentasi Atipikal,1,12.314054577023203
Q325,C211,Case Report: Atypical Presentation of Systemic Lupus Erythematosus,2,12.314054577023203
Q325,C228,Methotrexate Drug Profile: Efficacy in Systemic Lupus Erythematosus,3,12.314054577023203
Q325,C210,Treatment Intensification in Systemic Lupus Erythematosus: When and How,4,11.65441860535705
Q325,C215,Narrative Review: Current Evidence for NSAIDs in Systemic Lupus Erythematosus,5,11.061859864103159
Q325,C214,Adalimumab versus Adalimumab in Gout: Head-to-Head Comparison,6,6.734464995960765
Q325,C217,"Adalimumab: Pharmacology, Dosing, and Clinical Use in Gout",7,4.8978596840781385
Q325,C001,Panduan Praktis: Memulai Levothyroxine pada Hypothyroidism,8,0.0
Q325,C002,Clinical Practice Guideline: Type 1 Diabetes Mellitus Management 2023,9,0.0
Q325,C003,A Case of Type 1 Diabetes Mellitus Resistant to Insulin degludec,10,0.0
Q325,C004,Successful Management of Severe Hypothyroidism with Levothyroxine,11,0.0
Q325,C005,Liraglutide in Type 2 Diabetes Mellitus: Real-World Outcomes,12,0.0
Q325,C006,"Methimazole: Pharmacology, Dosing, and Clinical Use in Hyperthyroidism",13,0.0
Q325,C007,Efficacy of Vasopressin analogues in Diabetes Insipidus: A Cohort Study,14,0.0
Q325,C008,Treatment Intensification in Type 2 Diabetes Mellitus: When and How,15,0.0
Q325,C009,Case Report: Atypical Presentation of Obesity,16,0.0
Q325,C010,Dosis DPP-4 inhibitors pada Type 2 Diabetes Mellitus: Referensi Cepat,17,0.0
Q325,C011,National Guideline: Hypothyroidism Diagnosis and Treatment,18,0.0
Q325,C012,Case Report: Atypical Presentation of Type 2 Diabetes Mellitus,19,0.0
Q325,C013,Asia-Pacific Guideline: Type 1 Diabetes Mellitus in Primary Care 2023,20,0.0
Q326,C237,Ferrous sulphate: Farmakologi dan Penggunaan Klinis pada Iron Deficiency Anaemia,1,18.74671357655981
Q326,C232,Consensus Statement: Iron preparations Use in Iron Deficiency Anaemia,2,12.874140465293404
Q326,C240,Quick Reference: Iron preparations Dosing in Iron Deficiency Anaemia,3,12.874140465293404
Q326,C233,WHO Guideline Update: Iron Deficiency Anaemia 2023,4,11.553579187958375
Q326,C252,Rare Adverse Event of Erythropoietin in Iron Deficiency Anaemia,5,11.304461670851747
Q326,C247,Iron Deficiency Anaemia pada Populasi Khusus: Pendekatan Praktis,6,10.89965069165675
Q326,C253,Hasil Jangka Panjang Terapi Erythropoiesis stimulating agents pada Iron Deficiency Anaemia,7,9.31754195302767
Q326,C260,Hypertension in Pregnancy in anaemia: Special Considerations,8,5.210985670089238
Q326,C281,Stunting / Malnutrition in anaemia: Special Considerations,9,5.06457406813342
Q326,C271,Panduan Praktis: Memulai Magnesium sulphate pada Preeclampsia,10,4.8337887749142725
Q326,C273,Magnesium sulphate: Farmakologi dan Penggunaan Klinis pada Preeclampsia,11,4.560198039645514
Q326,C338,Laporan Kasus: Psoriasis dengan anaemia,12,4.151558599265983
Q326,C244,"Iron preparations: Mechanism, Indications, and Safety",13,4.130326098156887
Q326,C255,Practical Guide: Initiating Labetalol in Hypertension in Pregnancy,14,1.4945138020276896
Q326,C268,Methyldopa Drug Profile: Efficacy in Hypertension in Pregnancy,15,1.4945138020276896
Q326,C267,Hypertension in Pregnancy in Pregnancy: Safety and Management Guide,16,1.4363596921061903
Q326,C275,Treatment Intensification in Hypertension in Pregnancy: When and How,17,1.4363596921061903
Q326,C257,Switching Therapy in Hypertension in Pregnancy: A Step-by-Step Guide,18,1.3326483965224
Q326,C137,Asthma in immunocompromised: Special Considerations,19,1.2582970093898815
Q326,C262,Preeclampsia in pregnancy: Special Considerations,20,1.2582970093898815
Q327,C016,Dose Adjustment of Desmopressin in Renal and Hepatic Impairment,1,10.238465594383413
Q327,C022,Quick Reference: Vasopressin analogues Dosing in Diabetes Insipidus,2,7.747853675593676
Q327,C019,Asia-Pacific Guideline: Diabetes Insipidus in Primary Care 2021,3,7.332818728683209
Q327,C007,Efficacy of Vasopressin analogues in Diabetes Insipidus: A Cohort Study,4,6.959987960985009
Q327,C089,Perbandingan Topiramate dan Topiramate pada Migraine,5,4.982028724354492
Q327,C088,Perbandingan Valproate dan Valproate pada Parkinson Disease,6,4.683130104168213
Q327,C285,Perbandingan Diazepam dan Diazepam pada Febrile Seizure,7,4.683130104168213
Q327,C291,Perbandingan Diazepam dan Diazepam pada Febrile Seizure,8,4.683130104168213
Q327,C294,Perbandingan Zinc dan Zinc pada Stunting / Malnutrition,9,4.683130104168213
Q327,C305,Hydrocortisone: Farmakologi dan Penggunaan Klinis pada Sepsis,10,4.683130104168213
Q327,C315,Perbandingan Hydrocortisone dan Piperacillin-tazobactam pada Sepsis,11,4.683130104168213
Q327,C091,Valproate: Farmakologi dan Penggunaan Klinis pada Parkinson Disease,12,4.418066596385674
Q327,C123,Metronidazole: Farmakologi dan Penggunaan Klinis pada Pulmonary Embolism,13,4.418066596385674
Q327,C165,Lithium: Farmakologi dan Penggunaan Klinis pada Bipolar Disorder,14,4.418066596385674
Q327,C171,Perbandingan Venlafaxine dan Venlafaxine pada Major Depressive Disorder,15,4.418066596385674
Q327,C273,Magnesium sulphate: Farmakologi dan Penggunaan Klinis pada Preeclampsia,16,4.418066596385674
Q327,C284,Diazepam: Farmakologi dan Penggunaan Klinis pada Febrile Seizure,17,4.418066596385674
Q327,C342,Tacrolimus topical: Farmakologi dan Penggunaan Klinis pada Psoriasis,18,4.418066596385674
Q327,C237,Ferrous sulphate: Farmakologi dan Penggunaan Klinis pada Iron Deficiency Anaemia,19,3.9688011169516724
Q327,C010,Dosis DPP-4 inhibitors pada Type 2 Diabetes Mellitus: Referensi Cepat,20,3.8994024524775783
Q328,C315,Perbandingan Hydrocortisone dan Piperacillin-tazobactam pada Sepsis,1,24.89614791570101
Q328,C305,Hydrocortisone: Farmakologi dan Penggunaan Klinis pada Sepsis,2,13.429161408129808
Q328,C309,Profil Keamanan Meropenem pada Sepsis,3,5.69381416101356
Q328,C089,Perbandingan Topiramate dan Topiramate pada Migraine,4,4.982028724354492
Q328,C088,Perbandingan Valproate dan Valproate pada Parkinson Disease,5,4.683130104168213
Q328,C285,Perbandingan Diazepam dan Diazepam pada Febrile Seizure,6,4.683130104168213
Q328,C291,Perbandingan Diazepam dan Diazepam pada Febrile Seizure,7,4.683130104168213
Q328,C294,Perbandingan Zinc dan Zinc pada Stunting / Malnutrition,8,4.683130104168213
Q328,C091,Valproate: Farmakologi dan Penggunaan Klinis pada Parkinson Disease,9,4.418066596385674
Q328,C123,Metronidazole: Farmakologi dan Penggunaan Klinis pada Pulmonary Embolism,10,4.418066596385674
Q328,C165,Lithium: Farmakologi dan Penggunaan Klinis pada Bipolar Disorder,11,4.418066596385674
Q328,C171,Perbandingan Venlafaxine dan Venlafaxine pada Major Depressive Disorder,12,4.418066596385674
Q328,C273,Magnesium sulphate: Farmakologi dan Penggunaan Klinis pada Preeclampsia,13,4.418066596385674
Q328,C284,Diazepam: Farmakologi dan Penggunaan Klinis pada Febrile Seizure,14,4.418066596385674
Q328,C342,Tacrolimus topical: Farmakologi dan Penggunaan Klinis pada Psoriasis,15,4.418066596385674
Q328,C237,Ferrous sulphate: Farmakologi dan Penggunaan Klinis pada Iron Deficiency Anaemia,16,3.9688011169516724
Q328,C303,Sepsis in Special Populations: Practical Guidance,17,3.781175763045196
Q328,C304,Ringkasan Klinis: Tatalaksana Sepsis Terkini 2024,18,3.781175763045196
Q328,C306,Sepsis in liver disease: Special Considerations,19,3.781175763045196
Q328,C313,Case Report: Atypical Presentation of Sepsis,20,3.781175763045196
Q329,C170,Major Depressive Disorder in hypertension: Special Considerations,1,10.607182869993093
Q329,C164,Clinical Summary: Major Depressive Disorder Management Update 2021,2,10.00682007061052
Q329,C171,Perbandingan Venlafaxine dan Venlafaxine pada Major Depressive Disorder,3,10.00682007061052
Q329,C180,Risk Stratification in Major Depressive Disorder: Current Approaches,4,10.00682007061052
Q329,C181,Case Report: Atypical Presentation of Major Depressive Disorder,5,10.00682007061052
Q329,C172,Major Depressive Disorder in Pregnancy: Safety and Management Guide,6,9.470777417942562
Q329,C174,Long-term Outcomes of SNRIs Therapy in Major Depressive Disorder,7,8.989244006838536
Q329,C182,"Sertraline: Pharmacology, Dosing, and Clinical Use in Major Depressive Disorder",8,8.989244006838536
Q329,C173,Escitalopram versus Sertraline in Major Depressive Disorder: Head-to-Head Comparison,9,8.554307698657128
Q329,C184,Sertraline Real-World Evidence in Major Depressive Disorder: A Retrospective Study,10,8.554307698657128
Q329,C216,Switching Therapy in Osteoporosis: A Step-by-Step Guide,11,4.739049196575517
Q329,C318,Switching Therapy in Sepsis: A Step-by-Step Guide,12,4.739049196575517
Q329,C323,Switching Therapy in Psoriasis: A Step-by-Step Guide,13,4.739049196575517
Q329,C340,Switching Therapy in Psoriasis: A Step-by-Step Guide,14,4.739049196575517
Q329,C039,Switching Therapy in Stable Angina: A Step-by-Step Guide,15,4.561551364759652
Q329,C087,Switching Therapy in Ischaemic Stroke: A Step-by-Step Guide,16,4.561551364759652
Q329,C057,Switching Therapy in Chronic Kidney Disease: A Step-by-Step Guide,17,4.396869633396971
Q329,C149,Switching Therapy in Peptic Ulcer Disease: A Step-by-Step Guide,18,4.396869633396971
Q329,C156,Switching Therapy in Peptic Ulcer Disease: A Step-by-Step Guide,19,4.396869633396971
Q329,C257,Switching Therapy in Hypertension in Pregnancy: A Step-by-Step Guide,20,4.396869633396971
Q330,C165,Lithium: Farmakologi dan Penggunaan Klinis pada Bipolar Disorder,1,13.692536893302904
Q330,C176,"Lithium: Pharmacology, Dosing, and Clinical Use in Bipolar Disorder",2,11.65879216370313
Q330,C175,Clinical Summary: Bipolar Disorder Management Update 2020,3,7.8660305400171096
Q330,C183,Scoping Review: Emerging Therapies in Bipolar Disorder 2022,4,7.420815993146895
Q330,C135,Prednisolone pada Pasien COPD: Studi Kohort,5,5.987157344749509
Q330,C045,Metoprolol pada Pasien Heart Failure: Studi Kohort,6,5.627955668445315
Q330,C152,Metronidazole pada Pasien Inflammatory Bowel Disease: Studi Kohort,7,5.309415367847006
Q330,C250,Rivaroxaban pada Pasien Deep Vein Thrombosis: Studi Kohort,8,5.309415367847006
Q330,C311,Secukinumab pada Pasien Disseminated Intravascular Coagulation: Studi Kohort,9,5.309415367847006
Q330,C317,Secukinumab pada Pasien Disseminated Intravascular Coagulation: Studi Kohort,10,5.309415367847006
Q330,C171,Perbandingan Venlafaxine dan Venlafaxine pada Major Depressive Disorder,11,4.487424579676963
Q330,C170,Major Depressive Disorder in hypertension: Special Considerations,12,3.300362726816915
Q330,C164,Clinical Summary: Major Depressive Disorder Management Update 2021,13,3.1135633635990922
Q330,C180,Risk Stratification in Major Depressive Disorder: Current Approaches,14,3.1135633635990922
Q330,C181,Case Report: Atypical Presentation of Major Depressive Disorder,15,3.1135633635990922
Q330,C172,Major Depressive Disorder in Pregnancy: Safety and Management Guide,16,2.946776836720769
Q330,C174,Long-term Outcomes of SNRIs Therapy in Major Depressive Disorder,17,2.7969505405964172
Q330,C182,"Sertraline: Pharmacology, Dosing, and Clinical Use in Major Depressive Disorder",18,2.7969505405964172
Q330,C173,Escitalopram versus Sertraline in Major Depressive Disorder: Head-to-Head Comparison,19,2.6616226597014774
Q330,C184,Sertraline Real-World Evidence in Major Depressive Disorder: A Retrospective Study,20,2.6616226597014774
Q331,C212,Profil Keamanan Alendronate pada Osteoporosis,1,10.233367061936065
Q331,C221,Meta-analisis: Alendronate pada Osteoporosis,2,10.233367061936065
Q331,C223,Kasus Sulit: Osteoporosis Refrakter terhadap Alendronate,3,9.580227126329754
Q331,C222,Challenging Case: Psoriatic Arthritis with Concurrent renal impairment,4,6.7062986819441015
Q331,C016,Dose Adjustment of Desmopressin in Renal and Hepatic Impairment,5,6.3470574734796
Q331,C040,Dose Adjustment of Atorvastatin in Renal and Hepatic Impairment,6,6.3470574734796
Q331,C084,Dose Adjustment of Valproate in Renal and Hepatic Impairment,7,6.3470574734796
Q331,C116,Dose Adjustment of Salmeterol in Renal and Hepatic Impairment,8,6.3470574734796
Q331,C169,Dose Adjustment of Olanzapine in Renal and Hepatic Impairment,9,6.3470574734796
Q331,C231,Dose Adjustment of Apixaban in Renal and Hepatic Impairment,10,6.3470574734796
Q331,C236,Dose Adjustment of Rivaroxaban in Renal and Hepatic Impairment,11,6.3470574734796
Q331,C314,Dose Adjustment of Vancomycin in Renal and Hepatic Impairment,12,6.3470574734796
Q331,C343,Dose Adjustment of Dupilumab in Renal and Hepatic Impairment,13,6.3470574734796
Q331,C021,Dose Adjustment of Insulin glargine in Renal and Hepatic Impairment,14,6.024346876365611
Q331,C083,Laporan Kasus: Migraine dengan COPD,15,4.565455781209233
Q331,C338,Laporan Kasus: Psoriasis dengan anaemia,16,4.565455781209233
Q331,C219,Konsensus Nasional: Osteoporosis di Indonesia 2022,17,4.437924011015704
Q331,C229,Monitoring Parameters for Bisphosphonates in Osteoporosis,18,4.437924011015704
Q331,C041,Laporan Kasus: Heart Failure dengan immunocompromised,19,4.274067670443244
Q331,C097,Laporan Kasus: Malaria dengan atrial fibrillation,20,4.274067670443244
Q332,C022,Quick Reference: Vasopressin analogues Dosing in Diabetes Insipidus,1,7.747853675593676
Q332,C019,Asia-Pacific Guideline: Diabetes Insipidus in Primary Care 2021,2,7.332818728683209
Q332,C007,Efficacy of Vasopressin analogues in Diabetes Insipidus: A Cohort Study,3,6.959987960985009
Q332,C092,Hasil Jangka Panjang Terapi Antiepileptics other pada Migraine,4,5.164107449137047
Q332,C016,Dose Adjustment of Desmopressin in Renal and Hepatic Impairment,5,5.119232797191707
Q332,C077,Hasil Jangka Panjang Terapi Fatty acid derivatives pada Epilepsy,6,4.88747792685476
Q332,C213,Hasil Jangka Panjang Terapi IL-17 inhibitors pada Gout,7,4.88747792685476
Q332,C220,Hasil Jangka Panjang Terapi Proteasome inhibitors pada Rheumatoid Arthritis,8,4.88747792685476
Q332,C023,Hasil Jangka Panjang Terapi GLP-1 receptor agonists pada Obesity,9,4.638978377772834
Q332,C098,Hasil Jangka Panjang Terapi NRTIs combination pada Urinary Tract Infection,10,4.638978377772834
Q332,C253,Hasil Jangka Panjang Terapi Erythropoiesis stimulating agents pada Iron Deficiency Anaemia,11,4.4145256732042455
Q332,C010,Dosis DPP-4 inhibitors pada Type 2 Diabetes Mellitus: Referensi Cepat,12,3.8994024524775783
Q332,C002,Clinical Practice Guideline: Type 1 Diabetes Mellitus Management 2023,13,3.016900154103931
Q332,C005,Liraglutide in Type 2 Diabetes Mellitus: Real-World Outcomes,14,3.016900154103931
Q332,C012,Case Report: Atypical Presentation of Type 2 Diabetes Mellitus,15,3.016900154103931
Q332,C017,Type 2 Diabetes Mellitus in Special Populations: Practical Guidance,16,3.016900154103931
Q332,C018,Laporan Kasus: Type 2 Diabetes Mellitus dengan Presentasi Atipikal,17,3.016900154103931
Q332,C020,Clinical Practice Guideline: Type 2 Diabetes Mellitus Management 2021,18,3.016900154103931
Q332,C008,Treatment Intensification in Type 2 Diabetes Mellitus: When and How,19,2.8635084991154307
Q332,C003,A Case of Type 1 Diabetes Mellitus Resistant to Insulin degludec,20,2.7249602725789295
Q333,C285,Perbandingan Diazepam dan Diazepam pada Febrile Seizure,1,14.631803754254312
Q333,C291,Perbandingan Diazepam dan Diazepam pada Febrile Seizure,2,14.631803754254312
Q333,C284,Diazepam: Farmakologi dan Penggunaan Klinis pada Febrile Seizure,3,12.262435184207133
Q333,C278,Diazepam Drug Profile: Efficacy in Febrile Seizure,4,11.541837912385578
Q333,C299,Diazepam in Febrile Seizure: Real-World Outcomes,5,11.541837912385578
Q333,C277,"Diazepam: Pharmacology, Dosing, and Clinical Use in Febrile Seizure",6,10.305297759257526
Q333,C290,Diazepam Real-World Evidence in Febrile Seizure: A Retrospective Study,7,9.781333889823038
Q333,C286,Systematic Review: Benzodiazepines in Febrile Seizure,8,8.0044227264324
Q333,C282,New Insights into Febrile Seizure Pathophysiology and Treatment,9,7.098327735070085
Q333,C083,Laporan Kasus: Migraine dengan COPD,10,4.565455781209233
Q333,C338,Laporan Kasus: Psoriasis dengan anaemia,11,4.565455781209233
Q333,C266,Profil Obat Centrally acting antihypertensives pada Hypertension in Pregnancy,12,4.392462401448904
Q333,C041,Laporan Kasus: Heart Failure dengan immunocompromised,13,4.274067670443244
Q333,C097,Laporan Kasus: Malaria dengan atrial fibrillation,14,4.274067670443244
Q333,C263,Tinjauan Sistematis: Beta blockers non-selective pada Hypertension in Pregnancy,15,4.169131484674454
Q333,C024,Laporan Kasus: Acute Coronary Syndrome dengan Presentasi Atipikal,16,3.790246233059176
Q333,C208,Laporan Kasus: Systemic Lupus Erythematosus dengan Presentasi Atipikal,17,3.790246233059176
Q333,C028,Practical Guide: Initiating Losartan in Hypertension,18,3.6842697318499518
Q333,C018,Laporan Kasus: Type 2 Diabetes Mellitus dengan Presentasi Atipikal,19,3.58721133978665
Q333,C170,Major Depressive Disorder in hypertension: Special Considerations,20,3.463230633086685
Q334,C121,Asia-Pacific Guideline: Community-acquired Pneumonia in Primary Care 2025,1,13.199414649437976
Q334,C122,Case Series: Factor Xa inhibitors in Refractory Community-acquired Pneumonia,2,13.199414649437976
Q334,C231,Dose Adjustment of Apixaban in Renal and Hepatic Impairment,3,5.119232797191707
Q334,C001,Panduan Praktis: Memulai Levothyroxine pada Hypothyroidism,4,0.0
Q334,C002,Clinical Practice Guideline: Type 1 Diabetes Mellitus Management 2023,5,0.0
Q334,C003,A Case of Type 1 Diabetes Mellitus Resistant to Insulin degludec,6,0.0
Q334,C004,Successful Management of Severe Hypothyroidism with Levothyroxine,7,0.0
Q334,C005,Liraglutide in Type 2 Diabetes Mellitus: Real-World Outcomes,8,0.0
Q334,C006,"Methimazole: Pharmacology, Dosing, and Clinical Use in Hyperthyroidism",9,0.0
Q334,C007,Efficacy of Vasopressin analogues in Diabetes Insipidus: A Cohort Study,10,0.0
Q334,C008,Treatment Intensification in Type 2 Diabetes Mellitus: When and How,11,0.0
Q334,C009,Case Report: Atypical Presentation of Obesity,12,0.0
Q334,C010,Dosis DPP-4 inhibitors pada Type 2 Diabetes Mellitus: Referensi Cepat,13,0.0
Q334,C011,National Guideline: Hypothyroidism Diagnosis and Treatment,14,0.0
Q334,C012,Case Report: Atypical Presentation of Type 2 Diabetes Mellitus,15,0.0
Q334,C013,Asia-Pacific Guideline: Type 1 Diabetes Mellitus in Primary Care 2023,16,0.0
Q334,C014,Practical Guide: Initiating Methimazole in Hyperthyroidism,17,0.0
Q334,C015,Panduan Klinis: Tatalaksana Hyperthyroidism 2021,18,0.0
Q334,C016,Dose Adjustment of Desmopressin in Renal and Hepatic Impairment,19,0.0
Q334,C017,Type 2 Diabetes Mellitus in Special Populations: Practical Guidance,20,0.0
Q335,C123,Metronidazole: Farmakologi dan Penggunaan Klinis pada Pulmonary Embolism,1,13.42764870883883
Q335,C119,Clinical Practice Guideline: Pulmonary Embolism Management 2025,2,9.667577549828545
Q335,C134,Scoping Review: Emerging Therapies in Pulmonary Embolism 2025,3,9.120396079291028
Q335,C152,Metronidazole pada Pasien Inflammatory Bowel Disease: Studi Kohort,4,8.242806781316936
Q335,C150,Practical Guide: Initiating Omeprazole in Peptic Ulcer Disease,5,5.408979563178695
Q335,C135,Prednisolone pada Pasien COPD: Studi Kohort,6,4.437924011015704
Q335,C145,Metronidazole Drug Profile: Efficacy in Inflammatory Bowel Disease,7,4.307252629547802
Q335,C158,Practical Guide: Initiating Metronidazole in Inflammatory Bowel Disease,8,4.307252629547802
Q335,C045,Metoprolol pada Pasien Heart Failure: Studi Kohort,9,4.171669150440603
Q335,C250,Rivaroxaban pada Pasien Deep Vein Thrombosis: Studi Kohort,10,3.935554151769135
Q335,C311,Secukinumab pada Pasien Disseminated Intravascular Coagulation: Studi Kohort,11,3.935554151769135
Q335,C317,Secukinumab pada Pasien Disseminated Intravascular Coagulation: Studi Kohort,12,3.935554151769135
Q335,C001,Panduan Praktis: Memulai Levothyroxine pada Hypothyroidism,13,0.0
Q335,C002,Clinical Practice Guideline: Type 1 Diabetes Mellitus Management 2023,14,0.0
Q335,C003,A Case of Type 1 Diabetes Mellitus Resistant to Insulin degludec,15,0.0
Q335,C004,Successful Management of Severe Hypothyroidism with Levothyroxine,16,0.0
Q335,C005,Liraglutide in Type 2 Diabetes Mellitus: Real-World Outcomes,17,0.0
Q335,C006,"Methimazole: Pharmacology, Dosing, and Clinical Use in Hyperthyroidism",18,0.0
Q335,C007,Efficacy of Vasopressin analogues in Diabetes Insipidus: A Cohort Study,19,0.0
Q335,C008,Treatment Intensification in Type 2 Diabetes Mellitus: When and How,20,0.0
Q336,C176,"Lithium: Pharmacology, Dosing, and Clinical Use in Bipolar Disorder",1,12.647472706723846
Q336,C165,Lithium: Farmakologi dan Penggunaan Klinis pada Bipolar Disorder,2,12.318675677225034
Q336,C183,Scoping Review: Emerging Therapies in Bipolar Disorder 2022,3,8.465455505271665
Q336,C175,Clinical Summary: Bipolar Disorder Management Update 2020,4,7.8660305400171096
Q336,C260,Hypertension in Pregnancy in anaemia: Special Considerations,5,5.210985670089238
Q336,C281,Stunting / Malnutrition in anaemia: Special Considerations,6,5.06457406813342
Q336,C170,Major Depressive Disorder in hypertension: Special Considerations,7,4.407675765338629
Q336,C232,Consensus Statement: Iron preparations Use in Iron Deficiency Anaemia,8,4.250680833631613
Q336,C240,Quick Reference: Iron preparations Dosing in Iron Deficiency Anaemia,9,4.250680833631613
Q336,C252,Rare Adverse Event of Erythropoietin in Iron Deficiency Anaemia,10,4.250680833631613
Q336,C180,Risk Stratification in Major Depressive Disorder: Current Approaches,11,4.1582028757238625
Q336,C338,Laporan Kasus: Psoriasis dengan anaemia,12,4.151558599265983
Q336,C172,Major Depressive Disorder in Pregnancy: Safety and Management Guide,13,3.935457379741485
Q336,C174,Long-term Outcomes of SNRIs Therapy in Major Depressive Disorder,14,3.7353624843920055
Q336,C182,"Sertraline: Pharmacology, Dosing, and Clinical Use in Major Depressive Disorder",15,3.7353624843920055
Q336,C004,Successful Management of Severe Hypothyroidism with Levothyroxine,16,3.6534100715880893
Q336,C168,Challenging Case: ADHD with Concurrent atrial fibrillation,17,3.6534100715880893
Q336,C177,Successful Management of Severe Schizophrenia with Clozapine,18,3.6534100715880893
Q336,C233,WHO Guideline Update: Iron Deficiency Anaemia 2023,19,3.6534100715880893
Q336,C287,Challenging Case: Stunting / Malnutrition with Concurrent COPD,20,3.6534100715880893
Q337,C047,Drug Interactions: Losartan in Chronic Kidney Disease Patients,1,10.820906366102328
Q337,C048,Panduan Klinis: Tatalaksana Chronic Kidney Disease 2022,2,7.915787816238781
Q337,C061,Profil Keamanan Dapagliflozin pada Chronic Kidney Disease,3,7.915787816238781
Q337,C065,Profil Keamanan Losartan pada Chronic Kidney Disease,4,7.915787816238781
Q337,C050,Chronic Kidney Disease pada Populasi Khusus: Pendekatan Praktis,5,7.467757025130277
Q337,C052,Clinical Summary: Chronic Kidney Disease Management Update 2024,6,7.467757025130277
Q337,C059,Safety Profile of Empagliflozin in Chronic Kidney Disease,7,7.467757025130277
Q337,C060,Case Report: Atypical Presentation of Chronic Kidney Disease,8,7.467757025130277
Q337,C062,Konsensus Nasional: Chronic Kidney Disease di Indonesia 2022,9,7.467757025130277
Q337,C068,Chronic Kidney Disease pada Populasi Khusus: Pendekatan Praktis,10,7.467757025130277
Q337,C058,Case Series: SGLT2 inhibitors in Refractory Chronic Kidney Disease,11,7.067726220440653
Q337,C056,Biomarkers in Chronic Kidney Disease: Implications for SGLT2 inhibitors Therapy,12,6.7083738499340395
Q337,C057,Switching Therapy in Chronic Kidney Disease: A Step-by-Step Guide,13,6.383795347673853
Q337,C069,Long-term Outcomes of SGLT2 inhibitors Therapy in Chronic Kidney Disease,14,6.383795347673853
Q337,C137,Asthma in immunocompromised: Special Considerations,15,5.899606631144445
Q337,C041,Laporan Kasus: Heart Failure dengan immunocompromised,16,5.5230669573648505
Q337,C078,Drug Interactions: Levodopa-carbidopa in Parkinson Disease Patients,17,5.3090288837414406
Q337,C145,Metronidazole Drug Profile: Efficacy in Inflammatory Bowel Disease,18,5.3090288837414406
Q337,C076,Levetiracetam Drug Profile: Efficacy in Epilepsy,19,3.781175763045196
Q337,C126,Budesonide Drug Profile: Efficacy in Asthma,20,3.781175763045196
Q338,C145,Metronidazole Drug Profile: Efficacy in Inflammatory Bowel Disease,1,18.149450321928963
Q338,C158,Practical Guide: Initiating Metronidazole in Inflammatory Bowel Disease,2,18.149450321928963
Q338,C152,Metronidazole pada Pasien Inflammatory Bowel Disease: Studi Kohort,3,17.104810809804192
Q338,C146,Quick Reference: Nitroimidazoles Dosing in Inflammatory Bowel Disease,4,9.53494506283336
Q338,C151,Monitoring Parameters for Nitroimidazoles in Inflammatory Bowel Disease,5,9.53494506283336
Q338,C123,Metronidazole: Farmakologi dan Penggunaan Klinis pada Pulmonary Embolism,6,8.614505259095605
Q338,C142,Asia-Pacific Guideline: Inflammatory Bowel Disease in Primary Care 2023,7,8.565353144835765
Q338,C159,Long-term Outcomes of Nitroimidazoles Therapy in Inflammatory Bowel Disease,8,8.565353144835765
Q338,C144,Clinical Practice Guideline: Inflammatory Bowel Disease Management 2025,9,8.49030555070859
Q338,C148,Clinical Summary: Inflammatory Bowel Disease Management Update 2022,10,8.49030555070859
Q338,C153,Konsensus Nasional: Inflammatory Bowel Disease di Indonesia 2021,11,8.49030555070859
Q338,C160,Konsensus Nasional: Inflammatory Bowel Disease di Indonesia 2022,12,8.49030555070859
Q338,C155,New Insights into Inflammatory Bowel Disease Pathophysiology and Treatment,13,8.035499140955121
Q338,C047,Drug Interactions: Losartan in Chronic Kidney Disease Patients,14,6.663295159986021
Q338,C078,Drug Interactions: Levodopa-carbidopa in Parkinson Disease Patients,15,6.663295159986021
Q338,C332,Psoriasis in elderly patients: Special Considerations,16,5.308312880940763
Q338,C283,Drug Interactions: Zinc in Stunting / Malnutrition Patients,17,4.98983872444424
Q338,C096,Drug Interactions: Artemether-lumefantrine in Typhoid Fever Patients,18,4.707415617216631
Q338,C202,Drug Interactions: Nivolumab in Non-Small Cell Lung Cancer Patients,19,4.228726740979665
Q338,C322,Disseminated Intravascular Coagulation and elderly patients: Management Challenges,20,3.662776105091861
Q339,C177,Successful Management of Severe Schizophrenia with Clozapine,1,14.734364020133526
Q339,C178,A Case of Schizophrenia Resistant to Clozapine,2,14.734364020133526
Q339,C332,Psoriasis in elderly patients: Special Considerations,3,5.308312880940763
Q339,C162,Biomarkers in Schizophrenia: Implications for Atypical antipsychotics Therapy,4,5.149324371132504
Q339,C163,"Risperidone: Pharmacology, Dosing, and Clinical Use in Schizophrenia",5,5.149324371132504
Q339,C283,Drug Interactions: Zinc in Stunting / Malnutrition Patients,6,4.98983872444424
Q339,C047,Drug Interactions: Losartan in Chronic Kidney Disease Patients,7,4.707415617216631
Q339,C078,Drug Interactions: Levodopa-carbidopa in Parkinson Disease Patients,8,4.707415617216631
Q339,C096,Drug Interactions: Artemether-lumefantrine in Typhoid Fever Patients,9,4.707415617216631
Q339,C179,Case Report: Atypical Presentation of Schizophrenia,10,4.628644097110018
Q339,C202,Drug Interactions: Nivolumab in Non-Small Cell Lung Cancer Patients,11,4.228726740979665
Q339,C322,Disseminated Intravascular Coagulation and elderly patients: Management Challenges,12,3.662776105091861
Q339,C242,Challenging Case: Deep Vein Thrombosis with Concurrent elderly patients,13,3.466569497433484
Q339,C260,Hypertension in Pregnancy in anaemia: Special Considerations,14,1.5575755985011488
Q339,C255,Practical Guide: Initiating Labetalol in Hypertension in Pregnancy,15,1.4945138020276896
Q339,C268,Methyldopa Drug Profile: Efficacy in Hypertension in Pregnancy,16,1.4945138020276896
Q339,C267,Hypertension in Pregnancy in Pregnancy: Safety and Management Guide,17,1.4363596921061903
Q339,C275,Treatment Intensification in Hypertension in Pregnancy: When and How,18,1.4363596921061903
Q339,C257,Switching Therapy in Hypertension in Pregnancy: A Step-by-Step Guide,19,1.3326483965224
Q339,C137,Asthma in immunocompromised: Special Considerations,20,1.2582970093898815
Q340,C147,National Guideline: Peptic Ulcer Disease Diagnosis and Treatment,1,11.247450368542614
Q340,C161,Asia-Pacific Guideline: Peptic Ulcer Disease in Primary Care 2025,2,10.103716775579741
Q340,C157,Profil Keamanan Lansoprazole pada Peptic Ulcer Disease,3,9.380043388467092
Q340,C150,Practical Guide: Initiating Omeprazole in Peptic Ulcer Disease,4,8.849136249780818
Q340,C154,Peptic Ulcer Disease pada Populasi Khusus: Pendekatan Praktis,5,8.849136249780818
Q340,C002,Clinical Practice Guideline: Type 1 Diabetes Mellitus Management 2023,6,8.2289759403304
Q340,C143,Consensus Statement: Proton pump inhibitors Use in Peptic Ulcer Disease,7,7.949283032745352
Q340,C333,WHO Guideline Update: Psoriasis 2023,8,7.629318449259096
Q340,C149,Switching Therapy in Peptic Ulcer Disease: A Step-by-Step Guide,9,7.5646642803429085
Q340,C156,Switching Therapy in Peptic Ulcer Disease: A Step-by-Step Guide,10,7.5646642803429085
Q340,C142,Asia-Pacific Guideline: Inflammatory Bowel Disease in Primary Care 2023,11,7.446777829829246
Q340,C139,Narrative Review: Current Evidence for Proton pump inhibitors in Peptic Ulcer Disease,12,7.215546686584609
Q340,C141,Efficacy of Proton pump inhibitors in Peptic Ulcer Disease: A Cohort Study,13,7.215546686584609
Q340,C144,Clinical Practice Guideline: Inflammatory Bowel Disease Management 2025,14,6.715058459508818
Q340,C233,WHO Guideline Update: Iron Deficiency Anaemia 2023,15,6.713870994571556
Q340,C013,Asia-Pacific Guideline: Type 1 Diabetes Mellitus in Primary Care 2023,16,5.414493088369999
Q340,C254,Clinical Practice Guideline: Preeclampsia Management 2022,17,5.366683717926541
Q340,C031,Clinical Practice Guideline: Heart Failure Management 2021,18,5.044707581895281
Q340,C051,Clinical Practice Guideline: Nephrotic Syndrome Management 2022,19,5.044707581895281
Q340,C119,Clinical Practice Guideline: Pulmonary Embolism Management 2025,20,5.044707581895281
Q341,C035,Stable Angina in Special Populations: Practical Guidance,1,10.77489058835026
Q341,C039,Switching Therapy in Stable Angina: A Step-by-Step Guide,2,9.131370867534743
Q341,C036,Dosis Platelet aggregation inhibitors pada Stable Angina: Referensi Cepat,3,8.631837149158557
Q341,C214,Adalimumab versus Adalimumab in Gout: Head-to-Head Comparison,4,4.250680833631613
Q341,C025,Metoprolol versus Empagliflozin in Atrial Fibrillation: Head-to-Head Comparison,5,4.034558676916648
Q341,C173,Escitalopram versus Sertraline in Major Depressive Disorder: Head-to-Head Comparison,6,3.8393502639795356
Q341,C178,A Case of Schizophrenia Resistant to Clozapine,7,3.6534100715880893
Q341,C325,A Case of Psoriasis Resistant to Cyclosporine,8,3.6534100715880893
Q341,C336,A Case of Psoriasis Resistant to Cyclosporine,9,3.6534100715880893
Q341,C107,A Case of HIV/AIDS Resistant to Levofloxacin,10,3.446628353505714
Q341,C251,A Case of Deep Vein Thrombosis Resistant to Rivaroxaban,11,3.2620002906108967
Q341,C312,A Case of Disseminated Intravascular Coagulation Resistant to Cyclosporine,12,3.2620002906108967
Q341,C003,A Case of Type 1 Diabetes Mellitus Resistant to Insulin degludec,13,2.946342519477825
Q341,C260,Hypertension in Pregnancy in anaemia: Special Considerations,14,1.5575755985011488
Q341,C255,Practical Guide: Initiating Labetalol in Hypertension in Pregnancy,15,1.4945138020276896
Q341,C268,Methyldopa Drug Profile: Efficacy in Hypertension in Pregnancy,16,1.4945138020276896
Q341,C267,Hypertension in Pregnancy in Pregnancy: Safety and Management Guide,17,1.4363596921061903
Q341,C275,Treatment Intensification in Hypertension in Pregnancy: When and How,18,1.4363596921061903
Q341,C257,Switching Therapy in Hypertension in Pregnancy: A Step-by-Step Guide,19,1.3326483965224
Q341,C137,Asthma in immunocompromised: Special Considerations,20,1.2582970093898815
Q342,C314,Dose Adjustment of Vancomycin in Renal and Hepatic Impairment,1,5.119232797191707
Q342,C135,Prednisolone pada Pasien COPD: Studi Kohort,2,4.437924011015704
Q342,C129,Dosis Corticosteroids pada Asthma: Referensi Cepat,3,4.274067670443244
Q342,C166,Dosis SSRIs pada ADHD: Referensi Cepat,4,4.274067670443244
Q342,C045,Metoprolol pada Pasien Heart Failure: Studi Kohort,5,4.171669150440603
Q342,C309,Profil Keamanan Meropenem pada Sepsis,6,4.038960558940491
Q342,C152,Metronidazole pada Pasien Inflammatory Bowel Disease: Studi Kohort,7,3.935554151769135
Q342,C250,Rivaroxaban pada Pasien Deep Vein Thrombosis: Studi Kohort,8,3.935554151769135
Q342,C311,Secukinumab pada Pasien Disseminated Intravascular Coagulation: Studi Kohort,9,3.935554151769135
Q342,C317,Secukinumab pada Pasien Disseminated Intravascular Coagulation: Studi Kohort,10,3.935554151769135
Q342,C345,Dosis Topical calcineurin inhibitors pada Psoriasis: Referensi Cepat,11,3.790246233059176
Q342,C303,Sepsis in Special Populations: Practical Guidance,12,3.781175763045196
Q342,C304,Ringkasan Klinis: Tatalaksana Sepsis Terkini 2024,13,3.781175763045196
Q342,C306,Sepsis in liver disease: Special Considerations,14,3.781175763045196
Q342,C313,Case Report: Atypical Presentation of Sepsis,15,3.781175763045196
Q342,C319,Safety Profile of Meropenem in Sepsis,16,3.781175763045196
Q342,C321,Kasus Sulit: Sepsis Refrakter terhadap Norepinephrine,17,3.781175763045196
Q342,C036,Dosis Platelet aggregation inhibitors pada Stable Angina: Referensi Cepat,18,3.58721133978665
Q342,C301,Successful Management of Severe Sepsis with Norepinephrine,19,3.554322751794755
Q342,C305,Hydrocortisone: Farmakologi dan Penggunaan Klinis pada Sepsis,20,3.554322751794755
Q343,C103,Profil Keamanan Amoxicillin pada HIV/AIDS,1,9.714138913620543
Q343,C114,Profil Keamanan Levofloxacin pada HIV/AIDS,2,9.714138913620543
Q343,C100,Case Report: Atypical Presentation of HIV/AIDS,3,9.13133562640039
Q343,C107,A Case of HIV/AIDS Resistant to Levofloxacin,4,8.614505259095605
Q343,C029,Profil Obat ARBs pada Heart Failure,5,5.142303115314051
Q343,C043,Profil Obat Statins pada Acute Coronary Syndrome,6,4.8337887749142725
Q343,C266,Profil Obat Centrally acting antihypertensives pada Hypertension in Pregnancy,7,4.315918574579278
Q343,C001,Panduan Praktis: Memulai Levothyroxine pada Hypothyroidism,8,0.0
Q343,C002,Clinical Practice Guideline: Type 1 Diabetes Mellitus Management 2023,9,0.0
Q343,C003,A Case of Type 1 Diabetes Mellitus Resistant to Insulin degludec,10,0.0
Q343,C004,Successful Management of Severe Hypothyroidism with Levothyroxine,11,0.0
Q343,C005,Liraglutide in Type 2 Diabetes Mellitus: Real-World Outcomes,12,0.0
Q343,C006,"Methimazole: Pharmacology, Dosing, and Clinical Use in Hyperthyroidism",13,0.0
Q343,C007,Efficacy of Vasopressin analogues in Diabetes Insipidus: A Cohort Study,14,0.0
Q343,C008,Treatment Intensification in Type 2 Diabetes Mellitus: When and How,15,0.0
Q343,C009,Case Report: Atypical Presentation of Obesity,16,0.0
Q343,C010,Dosis DPP-4 inhibitors pada Type 2 Diabetes Mellitus: Referensi Cepat,17,0.0
Q343,C011,National Guideline: Hypothyroidism Diagnosis and Treatment,18,0.0
Q343,C012,Case Report: Atypical Presentation of Type 2 Diabetes Mellitus,19,0.0
Q343,C013,Asia-Pacific Guideline: Type 1 Diabetes Mellitus in Primary Care 2023,20,0.0
Q344,C130,Profil Keamanan Bedaquiline pada MDR Tuberculosis,1,9.257288194220036
Q344,C117,Safety Profile of Bedaquiline in MDR Tuberculosis,2,8.701893831599694
Q344,C120,Safety Profile of Bedaquiline in MDR Tuberculosis,3,8.701893831599694
Q344,C136,MDR Tuberculosis pada Populasi Khusus: Pendekatan Praktis,4,8.701893831599694
Q344,C015,Panduan Klinis: Tatalaksana Hyperthyroidism 2021,5,7.789333221940723
Q344,C259,Panduan Klinis: Tatalaksana Preeclampsia 2020,6,7.789333221940723
Q344,C125,Efficacy of Antituberculotics in MDR Tuberculosis: A Cohort Study,7,7.769612403571366
Q344,C048,Panduan Klinis: Tatalaksana Chronic Kidney Disease 2022,8,6.854685478611669
Q344,C001,Panduan Praktis: Memulai Levothyroxine pada Hypothyroidism,9,3.781175763045196
Q344,C099,Panduan Praktis: Memulai Dolutegravir pada Malaria,10,3.781175763045196
Q344,C133,Panduan Praktis: Memulai Prednisolone pada COPD,11,3.781175763045196
Q344,C066,Panduan Praktis: Memulai Furosemide pada Nephrotic Syndrome,12,3.554322751794755
Q344,C271,Panduan Praktis: Memulai Magnesium sulphate pada Preeclampsia,13,3.554322751794755
Q344,C334,Panduan Praktis: Memulai Tacrolimus topical pada Psoriasis,14,3.554322751794755
Q344,C261,Ringkasan Klinis: Tatalaksana Preeclampsia Terkini 2020,15,3.51100685653729
Q344,C304,Ringkasan Klinis: Tatalaksana Sepsis Terkini 2024,16,3.51100685653729
Q344,C297,Panduan Praktis: Memulai Vitamin A pada Stunting / Malnutrition,17,3.3531493409720508
Q344,C305,Hydrocortisone: Farmakologi dan Penggunaan Klinis pada Sepsis,18,3.300362726816915
Q344,C109,Panduan Praktis: Memulai Tenofovir+Lamivudine pada Urinary Tract Infection,19,3.1735287367398
Q344,C091,Valproate: Farmakologi dan Penggunaan Klinis pada Parkinson Disease,20,3.1135633635990922
Q345,C121,Asia-Pacific Guideline: Community-acquired Pneumonia in Primary Care 2025,1,14.137826593233566
Q345,C122,Case Series: Factor Xa inhibitors in Refractory Community-acquired Pneumonia,2,14.137826593233566
Q345,C229,Monitoring Parameters for Bisphosphonates in Osteoporosis,3,10.053834804815283
Q345,C151,Monitoring Parameters for Nitroimidazoles in Inflammatory Bowel Disease,4,8.915747815663039
Q345,C090,Monitoring Parameters for Fatty acid derivatives in Parkinson Disease,5,8.43815142880855
Q345,C203,Monitoring Parameters for CNS stimulants in Breast Cancer HER2-positive,6,8.009120984778836
Q345,C245,Monitoring Parameters for Factor Xa inhibitors in Deep Vein Thrombosis,7,8.009120984778836
Q345,C328,Monitoring Parameters for IL-4/IL-13 inhibitors in Psoriasis,8,8.009120984778836
Q345,C231,Dose Adjustment of Apixaban in Renal and Hepatic Impairment,9,6.107913340212423
Q345,C260,Hypertension in Pregnancy in anaemia: Special Considerations,10,1.5575755985011488
Q345,C255,Practical Guide: Initiating Labetalol in Hypertension in Pregnancy,11,1.4945138020276896
Q345,C268,Methyldopa Drug Profile: Efficacy in Hypertension in Pregnancy,12,1.4945138020276896
Q345,C267,Hypertension in Pregnancy in Pregnancy: Safety and Management Guide,13,1.4363596921061903
Q345,C275,Treatment Intensification in Hypertension in Pregnancy: When and How,14,1.4363596921061903
Q345,C257,Switching Therapy in Hypertension in Pregnancy: A Step-by-Step Guide,15,1.3326483965224
Q345,C137,Asthma in immunocompromised: Special Considerations,16,1.2582970093898815
Q345,C262,Preeclampsia in pregnancy: Special Considerations,17,1.2582970093898815
Q345,C270,Long-term Outcomes of Beta blockers non-selective Therapy in Hypertension in Pregnancy,18,1.2429053308678053
Q345,C014,Practical Guide: Initiating Methimazole in Hyperthyroidism,19,1.1779867827838757
Q345,C028,Practical Guide: Initiating Losartan in Hypertension,20,1.1779867827838757
Q346,C065,Profil Keamanan Losartan pada Chronic Kidney Disease,1,12.749576591153055
Q346,C047,Drug Interactions: Losartan in Chronic Kidney Disease Patients,2,12.027955064775792
Q346,C048,Panduan Klinis: Tatalaksana Chronic Kidney Disease 2022,3,7.915787816238781
Q346,C061,Profil Keamanan Dapagliflozin pada Chronic Kidney Disease,4,7.915787816238781
Q346,C050,Chronic Kidney Disease pada Populasi Khusus: Pendekatan Praktis,5,7.467757025130277
Q346,C052,Clinical Summary: Chronic Kidney Disease Management Update 2024,6,7.467757025130277
Q346,C059,Safety Profile of Empagliflozin in Chronic Kidney Disease,7,7.467757025130277
Q346,C060,Case Report: Atypical Presentation of Chronic Kidney Disease,8,7.467757025130277
Q346,C062,Konsensus Nasional: Chronic Kidney Disease di Indonesia 2022,9,7.467757025130277
Q346,C068,Chronic Kidney Disease pada Populasi Khusus: Pendekatan Praktis,10,7.467757025130277
Q346,C058,Case Series: SGLT2 inhibitors in Refractory Chronic Kidney Disease,11,7.067726220440653
Q346,C056,Biomarkers in Chronic Kidney Disease: Implications for SGLT2 inhibitors Therapy,12,6.7083738499340395
Q346,C222,Challenging Case: Psoriatic Arthritis with Concurrent renal impairment,13,6.7062986819441015
Q346,C057,Switching Therapy in Chronic Kidney Disease: A Step-by-Step Guide,14,6.383795347673853
Q346,C069,Long-term Outcomes of SGLT2 inhibitors Therapy in Chronic Kidney Disease,15,6.383795347673853
Q346,C016,Dose Adjustment of Desmopressin in Renal and Hepatic Impairment,16,6.3470574734796
Q346,C040,Dose Adjustment of Atorvastatin in Renal and Hepatic Impairment,17,6.3470574734796
Q346,C084,Dose Adjustment of Valproate in Renal and Hepatic Impairment,18,6.3470574734796
Q346,C116,Dose Adjustment of Salmeterol in Renal and Hepatic Impairment,19,6.3470574734796
Q346,C169,Dose Adjustment of Olanzapine in Renal and Hepatic Impairment,20,6.3470574734796
Q347,C016,Dose Adjustment of Desmopressin in Renal and Hepatic Impairment,1,10.68620986098231
Q347,C040,Dose Adjustment of Atorvastatin in Renal and Hepatic Impairment,2,10.68620986098231
Q347,C084,Dose Adjustment of Valproate in Renal and Hepatic Impairment,3,10.68620986098231
Q347,C116,Dose Adjustment of Salmeterol in Renal and Hepatic Impairment,4,10.68620986098231
Q347,C169,Dose Adjustment of Olanzapine in Renal and Hepatic Impairment,5,10.68620986098231
Q347,C231,Dose Adjustment of Apixaban in Renal and Hepatic Impairment,6,10.68620986098231
Q347,C236,Dose Adjustment of Rivaroxaban in Renal and Hepatic Impairment,7,10.68620986098231
Q347,C314,Dose Adjustment of Vancomycin in Renal and Hepatic Impairment,8,10.68620986098231
Q347,C343,Dose Adjustment of Dupilumab in Renal and Hepatic Impairment,9,10.68620986098231
Q347,C021,Dose Adjustment of Insulin glargine in Renal and Hepatic Impairment,10,10.142878848220512
Q347,C224,Risk Stratification in Rheumatoid Arthritis: Current Approaches,11,9.958745243883747
Q347,C209,Long-term Outcomes of Proteasome inhibitors Therapy in Rheumatoid Arthritis,12,8.439714116032018
Q347,C220,Hasil Jangka Panjang Terapi Proteasome inhibitors pada Rheumatoid Arthritis,13,7.903129914365929
Q347,C222,Challenging Case: Psoriatic Arthritis with Concurrent renal impairment,14,7.143395574031227
Q347,C132,Practical Guide: Initiating Prednisolone in COPD,15,6.3202898980979265
Q347,C133,Panduan Praktis: Memulai Prednisolone pada COPD,16,5.142303115314051
Q347,C135,Prednisolone pada Pasien COPD: Studi Kohort,17,5.142303115314051
Q347,C226,Safety Profile of Ibuprofen in Psoriatic Arthritis,18,5.124956468969474
Q347,C227,Consensus Statement: NSAIDs Use in Psoriatic Arthritis,19,5.124956468969474
Q347,C218,Profil Keamanan Colchicine pada Psoriatic Arthritis,20,4.274067670443244
Q348,C135,Prednisolone pada Pasien COPD: Studi Kohort,1,5.987157344749509
Q348,C045,Metoprolol pada Pasien Heart Failure: Studi Kohort,2,5.627955668445315
Q348,C152,Metronidazole pada Pasien Inflammatory Bowel Disease: Studi Kohort,3,5.309415367847006
Q348,C250,Rivaroxaban pada Pasien Deep Vein Thrombosis: Studi Kohort,4,5.309415367847006
Q348,C311,Secukinumab pada Pasien Disseminated Intravascular Coagulation: Studi Kohort,5,5.309415367847006
Q348,C317,Secukinumab pada Pasien Disseminated Intravascular Coagulation: Studi Kohort,6,5.309415367847006
Q348,C266,Profil Obat Centrally acting antihypertensives pada Hypertension in Pregnancy,7,4.392462401448904
Q348,C263,Tinjauan Sistematis: Beta blockers non-selective pada Hypertension in Pregnancy,8,4.169131484674454
Q348,C028,Practical Guide: Initiating Losartan in Hypertension,9,3.6842697318499518
Q348,C170,Major Depressive Disorder in hypertension: Special Considerations,10,3.463230633086685
Q348,C260,Hypertension in Pregnancy in anaemia: Special Considerations,11,3.463230633086685
Q348,C255,Practical Guide: Initiating Labetalol in Hypertension in Pregnancy,12,3.2672130039696
Q348,C268,Methyldopa Drug Profile: Efficacy in Hypertension in Pregnancy,13,3.2672130039696
Q348,C272,National Guideline: Hypertension in Pregnancy Diagnosis and Treatment,14,3.2672130039696
Q348,C267,Hypertension in Pregnancy in Pregnancy: Safety and Management Guide,15,3.092195814380794
Q348,C275,Treatment Intensification in Hypertension in Pregnancy: When and How,16,3.092195814380794
Q348,C257,Switching Therapy in Hypertension in Pregnancy: A Step-by-Step Guide,17,2.792969710237297
Q348,C270,Long-term Outcomes of Beta blockers non-selective Therapy in Hypertension in Pregnancy,18,2.5465452117635867
Q348,C276,Efektivitas Magnesium pada Preeclampsia,19,1.7759290382152242
Q348,C212,Profil Keamanan Alendronate pada Osteoporosis,20,1.6548536020730698
Q349,C009,Case Report: Atypical Presentation of Obesity,1,5.142303115314051
Q349,C005,Liraglutide in Type 2 Diabetes Mellitus: Real-World Outcomes,2,5.119232797191707
Q349,C200,Chronic Lymphocytic Leukaemia and obesity: Management Challenges,3,4.8337887749142725
Q349,C135,Prednisolone pada Pasien COPD: Studi Kohort,4,4.437924011015704
Q349,C129,Dosis Corticosteroids pada Asthma: Referensi Cepat,5,4.274067670443244
Q349,C166,Dosis SSRIs pada ADHD: Referensi Cepat,6,4.274067670443244
Q349,C045,Metoprolol pada Pasien Heart Failure: Studi Kohort,7,4.171669150440603
Q349,C023,Hasil Jangka Panjang Terapi GLP-1 receptor agonists pada Obesity,8,4.096479461869578
Q349,C152,Metronidazole pada Pasien Inflammatory Bowel Disease: Studi Kohort,9,3.935554151769135
Q349,C250,Rivaroxaban pada Pasien Deep Vein Thrombosis: Studi Kohort,10,3.935554151769135
Q349,C311,Secukinumab pada Pasien Disseminated Intravascular Coagulation: Studi Kohort,11,3.935554151769135
Q349,C317,Secukinumab pada Pasien Disseminated Intravascular Coagulation: Studi Kohort,12,3.935554151769135
Q349,C345,Dosis Topical calcineurin inhibitors pada Psoriasis: Referensi Cepat,13,3.790246233059176
Q349,C036,Dosis Platelet aggregation inhibitors pada Stable Angina: Referensi Cepat,14,3.58721133978665
Q349,C185,Dosis BCR-ABL inhibitors pada Chronic Myeloid Leukaemia: Referensi Cepat,15,3.4048227103668527
Q349,C198,Dosis BCR-ABL inhibitors pada Chronic Myeloid Leukaemia: Referensi Cepat,16,3.4048227103668527
Q349,C010,Dosis DPP-4 inhibitors pada Type 2 Diabetes Mellitus: Referensi Cepat,17,3.240083493305596
Q349,C001,Panduan Praktis: Memulai Levothyroxine pada Hypothyroidism,18,0.0
Q349,C002,Clinical Practice Guideline: Type 1 Diabetes Mellitus Management 2023,19,0.0
Q349,C003,A Case of Type 1 Diabetes Mellitus Resistant to Insulin degludec,20,0.0
Q350,C088,Perbandingan Valproate dan Valproate pada Parkinson Disease,1,6.799334228166044
Q350,C076,Levetiracetam Drug Profile: Efficacy in Epilepsy,2,6.035056239594147
Q350,C080,Treatment Intensification in Epilepsy: When and How,3,5.672980851721908
Q350,C071,Asia-Pacific Guideline: Epilepsy in Primary Care 2022,4,5.351892141672573
Q350,C084,Dose Adjustment of Valproate in Renal and Hepatic Impairment,5,5.304599117599994
Q350,C091,Valproate: Farmakologi dan Penggunaan Klinis pada Parkinson Disease,6,4.560198039645514
Q350,C077,Hasil Jangka Panjang Terapi Fatty acid derivatives pada Epilepsy,7,4.076522876343298
Q350,C162,Biomarkers in Schizophrenia: Implications for Atypical antipsychotics Therapy,8,3.650422085437777
Q350,C257,Switching Therapy in Hypertension in Pregnancy: A Step-by-Step Guide,9,3.5601957862655706
Q350,C216,Switching Therapy in Osteoporosis: A Step-by-Step Guide,10,3.454877254589591
Q350,C280,Biomarkers in Stunting / Malnutrition: Implications for Vitamin A Therapy,11,3.454877254589591
Q350,C318,Switching Therapy in Sepsis: A Step-by-Step Guide,12,3.454877254589591
Q350,C323,Switching Therapy in Psoriasis: A Step-by-Step Guide,13,3.454877254589591
Q350,C340,Switching Therapy in Psoriasis: A Step-by-Step Guide,14,3.454877254589591
Q350,C039,Switching Therapy in Stable Angina: A Step-by-Step Guide,15,3.2792170362218314
Q350,C056,Biomarkers in Chronic Kidney Disease: Implications for SGLT2 inhibitors Therapy,16,3.2792170362218314
Q350,C087,Switching Therapy in Ischaemic Stroke: A Step-by-Step Guide,17,3.2792170362218314
Q350,C102,Biomarkers in Urinary Tract Infection: Implications for NRTIs combination Therapy,18,3.2792170362218314
Q350,C111,Biomarkers in Urinary Tract Infection: Implications for NRTIs combination Therapy,19,3.2792170362218314
Q350,C159,Long-term Outcomes of Nitroimidazoles Therapy in Inflammatory Bowel Disease,20,3.2792170362218314
Q351,C130,Profil Keamanan Bedaquiline pada MDR Tuberculosis,1,6.177877430843823
Q351,C135,Prednisolone pada Pasien COPD: Studi Kohort,2,5.987157344749509
Q351,C129,Dosis Corticosteroids pada Asthma: Referensi Cepat,3,5.823301004177049
Q351,C166,Dosis SSRIs pada ADHD: Referensi Cepat,4,5.823301004177049
Q351,C136,MDR Tuberculosis pada Populasi Khusus: Pendekatan Praktis,5,5.8072334338045595
Q351,C045,Metoprolol pada Pasien Heart Failure: Studi Kohort,6,5.627955668445315
Q351,C152,Metronidazole pada Pasien Inflammatory Bowel Disease: Studi Kohort,7,5.309415367847006
Q351,C250,Rivaroxaban pada Pasien Deep Vein Thrombosis: Studi Kohort,8,5.309415367847006
Q351,C311,Secukinumab pada Pasien Disseminated Intravascular Coagulation: Studi Kohort,9,5.309415367847006
Q351,C317,Secukinumab pada Pasien Disseminated Intravascular Coagulation: Studi Kohort,10,5.309415367847006
Q351,C345,Dosis Topical calcineurin inhibitors pada Psoriasis: Referensi Cepat,11,5.164107449137047
Q351,C036,Dosis Platelet aggregation inhibitors pada Stable Angina: Referensi Cepat,12,4.88747792685476
Q351,C185,Dosis BCR-ABL inhibitors pada Chronic Myeloid Leukaemia: Referensi Cepat,13,4.638978377772834
Q351,C198,Dosis BCR-ABL inhibitors pada Chronic Myeloid Leukaemia: Referensi Cepat,14,4.638978377772834
Q351,C010,Dosis DPP-4 inhibitors pada Type 2 Diabetes Mellitus: Referensi Cepat,15,4.4145256732042455
Q351,C117,Safety Profile of Bedaquiline in MDR Tuberculosis,16,4.350946915799847
Q351,C120,Safety Profile of Bedaquiline in MDR Tuberculosis,17,4.350946915799847
Q351,C267,Hypertension in Pregnancy in Pregnancy: Safety and Management Guide,18,4.185725173149176
Q351,C266,Profil Obat Centrally acting antihypertensives pada Hypertension in Pregnancy,19,4.181400790337481
Q351,C263,Tinjauan Sistematis: Beta blockers non-selective pada Hypertension in Pregnancy,20,3.9688011169516724
Q352,C015,Panduan Klinis: Tatalaksana Hyperthyroidism 2021,1,7.789333221940723
Q352,C259,Panduan Klinis: Tatalaksana Preeclampsia 2020,2,7.789333221940723
Q352,C048,Panduan Klinis: Tatalaksana Chronic Kidney Disease 2022,3,6.854685478611669
Q352,C166,Dosis SSRIs pada ADHD: Referensi Cepat,4,5.142303115314051
Q352,C167,Sertraline in ADHD: Real-World Outcomes,5,5.142303115314051
Q352,C168,Challenging Case: ADHD with Concurrent atrial fibrillation,6,4.8337887749142725
Q352,C001,Panduan Praktis: Memulai Levothyroxine pada Hypothyroidism,7,3.781175763045196
Q352,C099,Panduan Praktis: Memulai Dolutegravir pada Malaria,8,3.781175763045196
Q352,C133,Panduan Praktis: Memulai Prednisolone pada COPD,9,3.781175763045196
Q352,C066,Panduan Praktis: Memulai Furosemide pada Nephrotic Syndrome,10,3.554322751794755
Q352,C271,Panduan Praktis: Memulai Magnesium sulphate pada Preeclampsia,11,3.554322751794755
Q352,C334,Panduan Praktis: Memulai Tacrolimus topical pada Psoriasis,12,3.554322751794755
Q352,C261,Ringkasan Klinis: Tatalaksana Preeclampsia Terkini 2020,13,3.51100685653729
Q352,C304,Ringkasan Klinis: Tatalaksana Sepsis Terkini 2024,14,3.51100685653729
Q352,C297,Panduan Praktis: Memulai Vitamin A pada Stunting / Malnutrition,15,3.3531493409720508
Q352,C305,Hydrocortisone: Farmakologi dan Penggunaan Klinis pada Sepsis,16,3.300362726816915
Q352,C109,Panduan Praktis: Memulai Tenofovir+Lamivudine pada Urinary Tract Infection,17,3.1735287367398
Q352,C091,Valproate: Farmakologi dan Penggunaan Klinis pada Parkinson Disease,18,3.1135633635990922
Q352,C123,Metronidazole: Farmakologi dan Penggunaan Klinis pada Pulmonary Embolism,19,3.1135633635990922
Q352,C165,Lithium: Farmakologi dan Penggunaan Klinis pada Bipolar Disorder,20,3.1135633635990922
Q353,C202,Drug Interactions: Nivolumab in Non-Small Cell Lung Cancer Patients,1,25.115875742134566
Q353,C190,Case Series: HER2-targeted agents in Refractory Non-Small Cell Lung Cancer,2,18.38716695908078
Q353,C189,Clinical Practice Guideline: Colorectal Cancer Management 2020,3,6.476991300906523
Q353,C187,Clinical Practice Guideline: Breast Cancer HER2-positive Management 2022,4,5.783075836503971
Q353,C263,Tinjauan Sistematis: Beta blockers non-selective pada Hypertension in Pregnancy,5,5.103411296356232
Q353,C199,Pedoman PNPK: Breast Cancer HER2-positive,6,4.0022113632162
Q353,C076,Levetiracetam Drug Profile: Efficacy in Epilepsy,7,3.781175763045196
Q353,C126,Budesonide Drug Profile: Efficacy in Asthma,8,3.781175763045196
Q353,C201,Kasus Sulit: Colorectal Cancer Refrakter terhadap Pembrolizumab,9,3.762097240968909
Q353,C278,Diazepam Drug Profile: Efficacy in Febrile Seizure,10,3.554322751794755
Q353,C196,Scoping Review: Emerging Therapies in Colorectal Cancer 2024,11,3.5491638675350425
Q353,C270,Long-term Outcomes of Beta blockers non-selective Therapy in Hypertension in Pregnancy,12,3.357177369918772
Q353,C145,Metronidazole Drug Profile: Efficacy in Inflammatory Bowel Disease,13,3.3531493409720508
Q353,C228,Methotrexate Drug Profile: Efficacy in Systemic Lupus Erythematosus,14,3.3531493409720508
Q353,C268,Methyldopa Drug Profile: Efficacy in Hypertension in Pregnancy,15,3.3531493409720508
Q353,C203,Monitoring Parameters for CNS stimulants in Breast Cancer HER2-positive,16,3.188255589728093
Q353,C207,Biomarkers in Colorectal Cancer: Implications for PD-1 inhibitors Therapy,17,3.188255589728093
Q353,C125,Efficacy of Antituberculotics in MDR Tuberculosis: A Cohort Study,18,3.1735287367398
Q353,C007,Efficacy of Vasopressin analogues in Diabetes Insipidus: A Cohort Study,19,3.0121734381828054
Q353,C254,Clinical Practice Guideline: Preeclampsia Management 2022,20,2.8881709218691287
Q354,C089,Perbandingan Topiramate dan Topiramate pada Migraine,1,11.101086358091791
Q354,C083,Laporan Kasus: Migraine dengan COPD,2,8.840521225814559
Q354,C074,Topiramate Real-World Evidence in Migraine: A Retrospective Study,3,7.674961784314716
Q354,C079,Topiramate Real-World Evidence in Migraine: A Retrospective Study,4,7.674961784314716
Q354,C338,Laporan Kasus: Psoriasis dengan anaemia,5,4.565455781209233
Q354,C041,Laporan Kasus: Heart Failure dengan immunocompromised,6,4.274067670443244
Q354,C097,Laporan Kasus: Malaria dengan atrial fibrillation,7,4.274067670443244
Q354,C072,National Guideline: Migraine Diagnosis and Treatment,8,4.0022113632162
Q354,C086,Risk Stratification in Migraine: Current Approaches,9,4.0022113632162
Q354,C024,Laporan Kasus: Acute Coronary Syndrome dengan Presentasi Atipikal,10,3.790246233059176
Q354,C208,Laporan Kasus: Systemic Lupus Erythematosus dengan Presentasi Atipikal,11,3.790246233059176
Q354,C073,Quick Reference: Antiepileptics other Dosing in Migraine,12,3.762097240968909
Q354,C075,Migraine in Pregnancy: Safety and Management Guide,13,3.762097240968909
Q354,C028,Practical Guide: Initiating Losartan in Hypertension,14,3.6842697318499518
Q354,C018,Laporan Kasus: Type 2 Diabetes Mellitus dengan Presentasi Atipikal,15,3.58721133978665
Q354,C092,Hasil Jangka Panjang Terapi Antiepileptics other pada Migraine,16,3.5491638675350425
Q354,C170,Major Depressive Disorder in hypertension: Special Considerations,17,3.463230633086685
Q354,C260,Hypertension in Pregnancy in anaemia: Special Considerations,18,3.463230633086685
Q354,C255,Practical Guide: Initiating Labetalol in Hypertension in Pregnancy,19,3.2672130039696
Q354,C268,Methyldopa Drug Profile: Efficacy in Hypertension in Pregnancy,20,3.2672130039696
Q355,C059,Safety Profile of Empagliflozin in Chronic Kidney Disease,1,12.365616709208416
Q355,C048,Panduan Klinis: Tatalaksana Chronic Kidney Disease 2022,2,7.915787816238781
Q355,C061,Profil Keamanan Dapagliflozin pada Chronic Kidney Disease,3,7.915787816238781
Q355,C065,Profil Keamanan Losartan pada Chronic Kidney Disease,4,7.915787816238781
Q355,C047,Drug Interactions: Losartan in Chronic Kidney Disease Patients,5,7.467757025130277
Q355,C050,Chronic Kidney Disease pada Populasi Khusus: Pendekatan Praktis,6,7.467757025130277
Q355,C052,Clinical Summary: Chronic Kidney Disease Management Update 2024,7,7.467757025130277
Q355,C060,Case Report: Atypical Presentation of Chronic Kidney Disease,8,7.467757025130277
Q355,C062,Konsensus Nasional: Chronic Kidney Disease di Indonesia 2022,9,7.467757025130277
Q355,C068,Chronic Kidney Disease pada Populasi Khusus: Pendekatan Praktis,10,7.467757025130277
Q355,C058,Case Series: SGLT2 inhibitors in Refractory Chronic Kidney Disease,11,7.067726220440653
Q355,C056,Biomarkers in Chronic Kidney Disease: Implications for SGLT2 inhibitors Therapy,12,6.7083738499340395
Q355,C057,Switching Therapy in Chronic Kidney Disease: A Step-by-Step Guide,13,6.383795347673853
Q355,C069,Long-term Outcomes of SGLT2 inhibitors Therapy in Chronic Kidney Disease,14,6.383795347673853
Q355,C083,Laporan Kasus: Migraine dengan COPD,15,4.565455781209233
Q355,C338,Laporan Kasus: Psoriasis dengan anaemia,16,4.565455781209233
Q355,C025,Metoprolol versus Empagliflozin in Atrial Fibrillation: Head-to-Head Comparison,17,4.399804883145992
Q355,C041,Laporan Kasus: Heart Failure dengan immunocompromised,18,4.274067670443244
Q355,C097,Laporan Kasus: Malaria dengan atrial fibrillation,19,4.274067670443244
Q355,C024,Laporan Kasus: Acute Coronary Syndrome dengan Presentasi Atipikal,20,3.790246233059176
Q356,C061,Profil Keamanan Dapagliflozin pada Chronic Kidney Disease,1,13.649281070024385
Q356,C048,Panduan Klinis: Tatalaksana Chronic Kidney Disease 2022,2,7.915787816238781
Q356,C065,Profil Keamanan Losartan pada Chronic Kidney Disease,3,7.915787816238781
Q356,C047,Drug Interactions: Losartan in Chronic Kidney Disease Patients,4,7.467757025130277
Q356,C050,Chronic Kidney Disease pada Populasi Khusus: Pendekatan Praktis,5,7.467757025130277
Q356,C052,Clinical Summary: Chronic Kidney Disease Management Update 2024,6,7.467757025130277
Q356,C059,Safety Profile of Empagliflozin in Chronic Kidney Disease,7,7.467757025130277
Q356,C060,Case Report: Atypical Presentation of Chronic Kidney Disease,8,7.467757025130277
Q356,C062,Konsensus Nasional: Chronic Kidney Disease di Indonesia 2022,9,7.467757025130277
Q356,C068,Chronic Kidney Disease pada Populasi Khusus: Pendekatan Praktis,10,7.467757025130277
Q356,C058,Case Series: SGLT2 inhibitors in Refractory Chronic Kidney Disease,11,7.067726220440653
Q356,C056,Biomarkers in Chronic Kidney Disease: Implications for SGLT2 inhibitors Therapy,12,6.7083738499340395
Q356,C057,Switching Therapy in Chronic Kidney Disease: A Step-by-Step Guide,13,6.383795347673853
Q356,C069,Long-term Outcomes of SGLT2 inhibitors Therapy in Chronic Kidney Disease,14,6.383795347673853
Q356,C083,Laporan Kasus: Migraine dengan COPD,15,4.565455781209233
Q356,C338,Laporan Kasus: Psoriasis dengan anaemia,16,4.565455781209233
Q356,C041,Laporan Kasus: Heart Failure dengan immunocompromised,17,4.274067670443244
Q356,C097,Laporan Kasus: Malaria dengan atrial fibrillation,18,4.274067670443244
Q356,C267,Hypertension in Pregnancy in Pregnancy: Safety and Management Guide,19,4.185725173149176
Q356,C024,Laporan Kasus: Acute Coronary Syndrome dengan Presentasi Atipikal,20,3.790246233059176
Q357,C202,Drug Interactions: Nivolumab in Non-Small Cell Lung Cancer Patients,1,20.256925868116323
Q357,C190,Case Series: HER2-targeted agents in Refractory Non-Small Cell Lung Cancer,2,18.38716695908078
Q357,C270,Long-term Outcomes of Beta blockers non-selective Therapy in Hypertension in Pregnancy,3,12.442145519009198
Q357,C159,Long-term Outcomes of Nitroimidazoles Therapy in Inflammatory Bowel Disease,4,10.470719975856499
Q357,C174,Long-term Outcomes of SNRIs Therapy in Major Depressive Disorder,5,10.470719975856499
Q357,C209,Long-term Outcomes of Proteasome inhibitors Therapy in Rheumatoid Arthritis,6,10.470719975856499
Q357,C069,Long-term Outcomes of SGLT2 inhibitors Therapy in Chronic Kidney Disease,7,9.964103814715937
Q357,C201,Kasus Sulit: Colorectal Cancer Refrakter terhadap Pembrolizumab,8,9.495590494754511
Q357,C199,Pedoman PNPK: Breast Cancer HER2-positive,9,4.0022113632162
Q357,C167,Sertraline in ADHD: Real-World Outcomes,10,3.8865872853495445
Q357,C263,Tinjauan Sistematis: Beta blockers non-selective pada Hypertension in Pregnancy,11,3.869255628950251
Q357,C189,Clinical Practice Guideline: Colorectal Cancer Management 2020,12,3.762097240968909
Q357,C053,Furosemide in Nephrotic Syndrome: Real-World Outcomes,13,3.6534100715880893
Q357,C288,Zinc in Stunting / Malnutrition: Real-World Outcomes,14,3.6534100715880893
Q357,C299,Diazepam in Febrile Seizure: Real-World Outcomes,15,3.6534100715880893
Q357,C196,Scoping Review: Emerging Therapies in Colorectal Cancer 2024,16,3.5491638675350425
Q357,C187,Clinical Practice Guideline: Breast Cancer HER2-positive Management 2022,17,3.359043209735438
Q357,C005,Liraglutide in Type 2 Diabetes Mellitus: Real-World Outcomes,18,3.2620002906108967
Q357,C203,Monitoring Parameters for CNS stimulants in Breast Cancer HER2-positive,19,3.188255589728093
Q357,C207,Biomarkers in Colorectal Cancer: Implications for PD-1 inhibitors Therapy,20,3.188255589728093
Q358,C199,Pedoman PNPK: Breast Cancer HER2-positive,1,19.143887050654573
Q358,C187,Clinical Practice Guideline: Breast Cancer HER2-positive Management 2022,2,16.067403235237293
Q358,C203,Monitoring Parameters for CNS stimulants in Breast Cancer HER2-positive,3,15.250470142417498
Q358,C190,Case Series: HER2-targeted agents in Refractory Non-Small Cell Lung Cancer,4,6.40608737664751
Q358,C189,Clinical Practice Guideline: Colorectal Cancer Management 2020,5,3.762097240968909
Q358,C201,Kasus Sulit: Colorectal Cancer Refrakter terhadap Pembrolizumab,6,3.762097240968909
Q358,C196,Scoping Review: Emerging Therapies in Colorectal Cancer 2024,7,3.5491638675350425
Q358,C016,Dose Adjustment of Desmopressin in Renal and Hepatic Impairment,8,3.2620002906108967
Q358,C040,Dose Adjustment of Atorvastatin in Renal and Hepatic Impairment,9,3.2620002906108967
Q358,C084,Dose Adjustment of Valproate in Renal and Hepatic Impairment,10,3.2620002906108967
Q358,C116,Dose Adjustment of Salmeterol in Renal and Hepatic Impairment,11,3.2620002906108967
Q358,C169,Dose Adjustment of Olanzapine in Renal and Hepatic Impairment,12,3.2620002906108967
Q358,C231,Dose Adjustment of Apixaban in Renal and Hepatic Impairment,13,3.2620002906108967
Q358,C236,Dose Adjustment of Rivaroxaban in Renal and Hepatic Impairment,14,3.2620002906108967
Q358,C314,Dose Adjustment of Vancomycin in Renal and Hepatic Impairment,15,3.2620002906108967
Q358,C343,Dose Adjustment of Dupilumab in Renal and Hepatic Impairment,16,3.2620002906108967
Q358,C202,Drug Interactions: Nivolumab in Non-Small Cell Lung Cancer Patients,17,3.188255589728093
Q358,C207,Biomarkers in Colorectal Cancer: Implications for PD-1 inhibitors Therapy,18,3.188255589728093
Q358,C021,Dose Adjustment of Insulin glargine in Renal and Hepatic Impairment,19,3.0961467331210595
Q358,C001,Panduan Praktis: Memulai Levothyroxine pada Hypothyroidism,20,0.0
Q359,C208,Laporan Kasus: Systemic Lupus Erythematosus dengan Presentasi Atipikal,1,12.314054577023203
Q359,C211,Case Report: Atypical Presentation of Systemic Lupus Erythematosus,2,12.314054577023203
Q359,C228,Methotrexate Drug Profile: Efficacy in Systemic Lupus Erythematosus,3,12.314054577023203
Q359,C210,Treatment Intensification in Systemic Lupus Erythematosus: When and How,4,11.65441860535705
Q359,C215,Narrative Review: Current Evidence for NSAIDs in Systemic Lupus Erythematosus,5,11.061859864103159
Q359,C214,Adalimumab versus Adalimumab in Gout: Head-to-Head Comparison,6,6.734464995960765
Q359,C217,"Adalimumab: Pharmacology, Dosing, and Clinical Use in Gout",7,4.8978596840781385
Q359,C135,Prednisolone pada Pasien COPD: Studi Kohort,8,4.437924011015704
Q359,C129,Dosis Corticosteroids pada Asthma: Referensi Cepat,9,4.274067670443244
Q359,C166,Dosis SSRIs pada ADHD: Referensi Cepat,10,4.274067670443244
Q359,C045,Metoprolol pada Pasien Heart Failure: Studi Kohort,11,4.171669150440603
Q359,C152,Metronidazole pada Pasien Inflammatory Bowel Disease: Studi Kohort,12,3.935554151769135
Q359,C250,Rivaroxaban pada Pasien Deep Vein Thrombosis: Studi Kohort,13,3.935554151769135
Q359,C311,Secukinumab pada Pasien Disseminated Intravascular Coagulation: Studi Kohort,14,3.935554151769135
Q359,C317,Secukinumab pada Pasien Disseminated Intravascular Coagulation: Studi Kohort,15,3.935554151769135
Q359,C345,Dosis Topical calcineurin inhibitors pada Psoriasis: Referensi Cepat,16,3.790246233059176
Q359,C036,Dosis Platelet aggregation inhibitors pada Stable Angina: Referensi Cepat,17,3.58721133978665
Q359,C185,Dosis BCR-ABL inhibitors pada Chronic Myeloid Leukaemia: Referensi Cepat,18,3.4048227103668527
Q359,C198,Dosis BCR-ABL inhibitors pada Chronic Myeloid Leukaemia: Referensi Cepat,19,3.4048227103668527
Q359,C010,Dosis DPP-4 inhibitors pada Type 2 Diabetes Mellitus: Referensi Cepat,20,3.240083493305596
Q360,C242,Challenging Case: Deep Vein Thrombosis with Concurrent elderly patients,1,11.044488362623659
Q360,C332,Psoriasis in elderly patients: Special Considerations,2,10.450615996254815
Q360,C322,Disseminated Intravascular Coagulation and elderly patients: Management Challenges,3,8.222974144737375
Q360,C009,Case Report: Atypical Presentation of Obesity,4,5.142303115314051
Q360,C283,Drug Interactions: Zinc in Stunting / Malnutrition Patients,5,4.98983872444424
Q360,C200,Chronic Lymphocytic Leukaemia and obesity: Management Challenges,6,4.8337887749142725
Q360,C047,Drug Interactions: Losartan in Chronic Kidney Disease Patients,7,4.707415617216631
Q360,C078,Drug Interactions: Levodopa-carbidopa in Parkinson Disease Patients,8,4.707415617216631
Q360,C096,Drug Interactions: Artemether-lumefantrine in Typhoid Fever Patients,9,4.707415617216631
Q360,C202,Drug Interactions: Nivolumab in Non-Small Cell Lung Cancer Patients,10,4.228726740979665
Q360,C023,Hasil Jangka Panjang Terapi GLP-1 receptor agonists pada Obesity,11,4.096479461869578
Q360,C004,Successful Management of Severe Hypothyroidism with Levothyroxine,12,3.6534100715880893
Q360,C168,Challenging Case: ADHD with Concurrent atrial fibrillation,13,3.6534100715880893
Q360,C177,Successful Management of Severe Schizophrenia with Clozapine,14,3.6534100715880893
Q360,C287,Challenging Case: Stunting / Malnutrition with Concurrent COPD,15,3.6534100715880893
Q360,C301,Successful Management of Severe Sepsis with Norepinephrine,16,3.6534100715880893
Q360,C064,Successful Management of Severe Nephrotic Syndrome with Furosemide,17,3.446628353505714
Q360,C222,Challenging Case: Psoriatic Arthritis with Concurrent renal impairment,18,3.446628353505714
Q360,C324,Successful Management of Severe Psoriasis with Tacrolimus topical,19,3.446628353505714
Q360,C106,Successful Management of Severe Typhoid Fever with Artemether-lumefantrine,20,3.2620002906108967
Q361,C005,Liraglutide in Type 2 Diabetes Mellitus: Real-World Outcomes,1,13.128112075112373
Q361,C012,Case Report: Atypical Presentation of Type 2 Diabetes Mellitus,2,13.128112075112373
Q361,C017,Type 2 Diabetes Mellitus in Special Populations: Practical Guidance,3,13.128112075112373
Q361,C018,Laporan Kasus: Type 2 Diabetes Mellitus dengan Presentasi Atipikal,4,13.128112075112373
Q361,C020,Clinical Practice Guideline: Type 2 Diabetes Mellitus Management 2021,5,13.128112075112373
Q361,C008,Treatment Intensification in Type 2 Diabetes Mellitus: When and How,6,12.460624675724404
Q361,C010,Dosis DPP-4 inhibitors pada Type 2 Diabetes Mellitus: Referensi Cepat,7,11.857728804840177
Q361,C002,Clinical Practice Guideline: Type 1 Diabetes Mellitus Management 2023,8,9.540900735325724
Q361,C003,A Case of Type 1 Diabetes Mellitus Resistant to Insulin degludec,9,8.61764531153458
Q361,C013,Asia-Pacific Guideline: Type 1 Diabetes Mellitus in Primary Care 2023,10,8.61764531153458
Q361,C219,Konsensus Nasional: Osteoporosis di Indonesia 2022,11,7.958337402293195
Q361,C062,Konsensus Nasional: Chronic Kidney Disease di Indonesia 2022,12,7.057459237028777
Q361,C160,Konsensus Nasional: Inflammatory Bowel Disease di Indonesia 2022,13,7.057459237028777
Q361,C186,Konsensus Nasional: Chronic Lymphocytic Leukaemia di Indonesia 2022,14,7.057459237028777
Q361,C048,Panduan Klinis: Tatalaksana Chronic Kidney Disease 2022,15,7.01755338488144
Q361,C124,Konsensus Nasional: Asthma di Indonesia 2024,16,4.274067670443244
Q361,C015,Panduan Klinis: Tatalaksana Hyperthyroidism 2021,17,4.038960558940491
Q361,C259,Panduan Klinis: Tatalaksana Preeclampsia 2020,18,4.038960558940491
Q361,C153,Konsensus Nasional: Inflammatory Bowel Disease di Indonesia 2021,19,3.790246233059176
Q361,C197,Konsensus Nasional: Chronic Myeloid Leukaemia di Indonesia 2023,20,3.790246233059176
Q362,C015,Panduan Klinis: Tatalaksana Hyperthyroidism 2021,1,8.779443722736005
Q362,C259,Panduan Klinis: Tatalaksana Preeclampsia 2020,2,8.779443722736005
Q362,C048,Panduan Klinis: Tatalaksana Chronic Kidney Disease 2022,3,7.725991902235357
Q362,C166,Dosis SSRIs pada ADHD: Referensi Cepat,4,5.142303115314051
Q362,C167,Sertraline in ADHD: Real-World Outcomes,5,5.142303115314051
Q362,C168,Challenging Case: ADHD with Concurrent atrial fibrillation,6,4.8337887749142725
Q362,C261,Ringkasan Klinis: Tatalaksana Preeclampsia Terkini 2020,7,4.437924011015704
Q362,C304,Ringkasan Klinis: Tatalaksana Sepsis Terkini 2024,8,4.437924011015704
Q362,C249,Ringkasan Klinis: Tatalaksana Deep Vein Thrombosis Terkini 2022,9,3.935554151769135
Q362,C001,Panduan Praktis: Memulai Levothyroxine pada Hypothyroidism,10,3.781175763045196
Q362,C099,Panduan Praktis: Memulai Dolutegravir pada Malaria,11,3.781175763045196
Q362,C133,Panduan Praktis: Memulai Prednisolone pada COPD,12,3.781175763045196
Q362,C066,Panduan Praktis: Memulai Furosemide pada Nephrotic Syndrome,13,3.554322751794755
Q362,C271,Panduan Praktis: Memulai Magnesium sulphate pada Preeclampsia,14,3.554322751794755
Q362,C334,Panduan Praktis: Memulai Tacrolimus topical pada Psoriasis,15,3.554322751794755
Q362,C297,Panduan Praktis: Memulai Vitamin A pada Stunting / Malnutrition,16,3.3531493409720508
Q362,C109,Panduan Praktis: Memulai Tenofovir+Lamivudine pada Urinary Tract Infection,17,3.1735287367398
Q362,C002,Clinical Practice Guideline: Type 1 Diabetes Mellitus Management 2023,18,0.0
Q362,C003,A Case of Type 1 Diabetes Mellitus Resistant to Insulin degludec,19,0.0
Q362,C004,Successful Management of Severe Hypothyroidism with Levothyroxine,20,0.0
Q363,C005,Liraglutide in Type 2 Diabetes Mellitus: Real-World Outcomes,1,18.24734487230408
Q363,C012,Case Report: Atypical Presentation of Type 2 Diabetes Mellitus,2,13.128112075112373
Q363,C017,Type 2 Diabetes Mellitus in Special Populations: Practical Guidance,3,13.128112075112373
Q363,C018,Laporan Kasus: Type 2 Diabetes Mellitus dengan Presentasi Atipikal,4,13.128112075112373
Q363,C020,Clinical Practice Guideline: Type 2 Diabetes Mellitus Management 2021,5,13.128112075112373
Q363,C008,Treatment Intensification in Type 2 Diabetes Mellitus: When and How,6,12.460624675724404
Q363,C010,Dosis DPP-4 inhibitors pada Type 2 Diabetes Mellitus: Referensi Cepat,7,11.857728804840177
Q363,C002,Clinical Practice Guideline: Type 1 Diabetes Mellitus Management 2023,8,9.540900735325724
Q363,C003,A Case of Type 1 Diabetes Mellitus Resistant to Insulin degludec,9,8.61764531153458
Q363,C013,Asia-Pacific Guideline: Type 1 Diabetes Mellitus in Primary Care 2023,10,8.61764531153458
Q363,C022,Quick Reference: Vasopressin analogues Dosing in Diabetes Insipidus,11,3.187655635948162
Q363,C019,Asia-Pacific Guideline: Diabetes Insipidus in Primary Care 2021,12,3.016900154103931
Q363,C007,Efficacy of Vasopressin analogues in Diabetes Insipidus: A Cohort Study,13,2.8635084991154307
Q363,C001,Panduan Praktis: Memulai Levothyroxine pada Hypothyroidism,14,0.0
Q363,C004,Successful Management of Severe Hypothyroidism with Levothyroxine,15,0.0
Q363,C006,"Methimazole: Pharmacology, Dosing, and Clinical Use in Hyperthyroidism",16,0.0
Q363,C009,Case Report: Atypical Presentation of Obesity,17,0.0
Q363,C011,National Guideline: Hypothyroidism Diagnosis and Treatment,18,0.0
Q363,C014,Practical Guide: Initiating Methimazole in Hyperthyroidism,19,0.0
Q363,C015,Panduan Klinis: Tatalaksana Hyperthyroidism 2021,20,0.0
Q364,C082,Rare Adverse Event of Aspirin in Ischaemic Stroke,1,20.47710389757777
Q364,C085,Pedoman PNPK: Ischaemic Stroke,2,11.135586229852866
Q364,C070,Ischaemic Stroke in Special Populations: Practical Guidance,3,10.238648664922103
Q364,C087,Switching Therapy in Ischaemic Stroke: A Step-by-Step Guide,4,8.67692320169609
Q364,C214,Adalimumab versus Adalimumab in Gout: Head-to-Head Comparison,5,4.250680833631613
Q364,C025,Metoprolol versus Empagliflozin in Atrial Fibrillation: Head-to-Head Comparison,6,4.034558676916648
Q364,C173,Escitalopram versus Sertraline in Major Depressive Disorder: Head-to-Head Comparison,7,3.8393502639795356
Q364,C178,A Case of Schizophrenia Resistant to Clozapine,8,3.6534100715880893
Q364,C325,A Case of Psoriasis Resistant to Cyclosporine,9,3.6534100715880893
Q364,C336,A Case of Psoriasis Resistant to Cyclosporine,10,3.6534100715880893
Q364,C107,A Case of HIV/AIDS Resistant to Levofloxacin,11,3.446628353505714
Q364,C251,A Case of Deep Vein Thrombosis Resistant to Rivaroxaban,12,3.2620002906108967
Q364,C312,A Case of Disseminated Intravascular Coagulation Resistant to Cyclosporine,13,3.2620002906108967
Q364,C003,A Case of Type 1 Diabetes Mellitus Resistant to Insulin degludec,14,2.946342519477825
Q364,C260,Hypertension in Pregnancy in anaemia: Special Considerations,15,1.5575755985011488
Q364,C255,Practical Guide: Initiating Labetalol in Hypertension in Pregnancy,16,1.4945138020276896
Q364,C268,Methyldopa Drug Profile: Efficacy in Hypertension in Pregnancy,17,1.4945138020276896
Q364,C267,Hypertension in Pregnancy in Pregnancy: Safety and Management Guide,18,1.4363596921061903
Q364,C275,Treatment Intensification in Hypertension in Pregnancy: When and How,19,1.4363596921061903
Q364,C257,Switching Therapy in Hypertension in Pregnancy: A Step-by-Step Guide,20,1.3326483965224
Q365,C113,Risk Stratification in Typhoid Fever: Current Approaches,1,10.77489058835026
Q365,C096,Drug Interactions: Artemether-lumefantrine in Typhoid Fever Patients,2,10.165035591415798
Q365,C106,Successful Management of Severe Typhoid Fever with Artemether-lumefantrine,3,8.631837149158557
Q365,C112,"Antimalarials: Mechanism, Indications, and Safety",4,8.423354850735066
Q365,C267,Hypertension in Pregnancy in Pregnancy: Safety and Management Guide,5,7.121326868316885
Q365,C075,Migraine in Pregnancy: Safety and Management Guide,6,6.013293763176111
Q365,C118,COPD in Pregnancy: Safety and Management Guide,7,6.013293763176111
Q365,C269,Preeclampsia in Pregnancy: Safety and Management Guide,8,6.013293763176111
Q365,C275,Treatment Intensification in Hypertension in Pregnancy: When and How,9,5.81673589843708
Q365,C272,National Guideline: Hypertension in Pregnancy Diagnosis and Treatment,10,5.672943462684636
Q365,C172,Major Depressive Disorder in Pregnancy: Safety and Management Guide,11,5.369056749351605
Q365,C262,Preeclampsia in pregnancy: Special Considerations,12,4.92512607487174
Q365,C260,Hypertension in Pregnancy in anaemia: Special Considerations,13,4.784419184664649
Q365,C255,Practical Guide: Initiating Labetalol in Hypertension in Pregnancy,14,4.538719182335493
Q365,C268,Methyldopa Drug Profile: Efficacy in Hypertension in Pregnancy,15,4.538719182335493
Q365,C257,Switching Therapy in Hypertension in Pregnancy: A Step-by-Step Guide,16,3.9349805397315776
Q365,C266,Profil Obat Centrally acting antihypertensives pada Hypertension in Pregnancy,17,3.869814746290087
Q365,C263,Tinjauan Sistematis: Beta blockers non-selective pada Hypertension in Pregnancy,18,3.6730573933412787
Q365,C270,Long-term Outcomes of Beta blockers non-selective Therapy in Hypertension in Pregnancy,19,3.6156329814461436
Q365,C080,Treatment Intensification in Epilepsy: When and How,20,2.78645017701261
Q366,C174,Long-term Outcomes of SNRIs Therapy in Major Depressive Disorder,1,19.459963982695033
Q366,C171,Perbandingan Venlafaxine dan Venlafaxine pada Major Depressive Disorder,2,17.745178153212652
Q366,C170,Major Depressive Disorder in hypertension: Special Considerations,3,10.607182869993093
Q366,C159,Long-term Outcomes of Nitroimidazoles Therapy in Inflammatory Bowel Disease,4,10.470719975856499
Q366,C209,Long-term Outcomes of Proteasome inhibitors Therapy in Rheumatoid Arthritis,5,10.470719975856499
Q366,C164,Clinical Summary: Major Depressive Disorder Management Update 2021,6,10.00682007061052
Q366,C180,Risk Stratification in Major Depressive Disorder: Current Approaches,7,10.00682007061052
Q366,C181,Case Report: Atypical Presentation of Major Depressive Disorder,8,10.00682007061052
Q366,C069,Long-term Outcomes of SGLT2 inhibitors Therapy in Chronic Kidney Disease,9,9.964103814715937
Q366,C172,Major Depressive Disorder in Pregnancy: Safety and Management Guide,10,9.470777417942562
Q366,C270,Long-term Outcomes of Beta blockers non-selective Therapy in Hypertension in Pregnancy,11,9.084968149090425
Q366,C182,"Sertraline: Pharmacology, Dosing, and Clinical Use in Major Depressive Disorder",12,8.989244006838536
Q366,C173,Escitalopram versus Sertraline in Major Depressive Disorder: Head-to-Head Comparison,13,8.554307698657128
Q366,C184,Sertraline Real-World Evidence in Major Depressive Disorder: A Retrospective Study,14,8.554307698657128
Q366,C167,Sertraline in ADHD: Real-World Outcomes,15,3.8865872853495445
Q366,C053,Furosemide in Nephrotic Syndrome: Real-World Outcomes,16,3.6534100715880893
Q366,C288,Zinc in Stunting / Malnutrition: Real-World Outcomes,17,3.6534100715880893
Q366,C299,Diazepam in Febrile Seizure: Real-World Outcomes,18,3.6534100715880893
Q366,C175,Clinical Summary: Bipolar Disorder Management Update 2020,19,3.300362726816915
Q366,C005,Liraglutide in Type 2 Diabetes Mellitus: Real-World Outcomes,20,3.2620002906108967
Q367,C267,Hypertension in Pregnancy in Pregnancy: Safety and Management Guide,1,10.213522682697679
Q367,C272,National Guideline: Hypertension in Pregnancy Diagnosis and Treatment,2,8.940156466654235
Q367,C275,Treatment Intensification in Hypertension in Pregnancy: When and How,3,8.908931712817875
Q367,C260,Hypertension in Pregnancy in anaemia: Special Considerations,4,8.247649817751334
Q367,C255,Practical Guide: Initiating Labetalol in Hypertension in Pregnancy,5,7.805932186305093
Q367,C268,Methyldopa Drug Profile: Efficacy in Hypertension in Pregnancy,6,7.805932186305093
Q367,C266,Profil Obat Centrally acting antihypertensives pada Hypertension in Pregnancy,7,6.9620105606708815
Q367,C257,Switching Therapy in Hypertension in Pregnancy: A Step-by-Step Guide,8,6.727950249968874
Q367,C263,Tinjauan Sistematis: Beta blockers non-selective pada Hypertension in Pregnancy,9,6.608033210609751
Q367,C270,Long-term Outcomes of Beta blockers non-selective Therapy in Hypertension in Pregnancy,10,6.16217819320973
Q367,C029,Profil Obat ARBs pada Heart Failure,11,6.099430817826061
Q367,C075,Migraine in Pregnancy: Safety and Management Guide,12,6.013293763176111
Q367,C118,COPD in Pregnancy: Safety and Management Guide,13,6.013293763176111
Q367,C269,Preeclampsia in Pregnancy: Safety and Management Guide,14,6.013293763176111
Q367,C172,Major Depressive Disorder in Pregnancy: Safety and Management Guide,15,5.369056749351605
Q367,C262,Preeclampsia in pregnancy: Special Considerations,16,4.92512607487174
Q367,C028,Practical Guide: Initiating Losartan in Hypertension,17,4.8622565146338275
Q367,C170,Major Depressive Disorder in hypertension: Special Considerations,18,4.570543671608399
Q367,C080,Treatment Intensification in Epilepsy: When and How,19,2.78645017701261
Q367,C131,Treatment Intensification in Asthma: When and How,20,2.78645017701261
Q368,C121,Asia-Pacific Guideline: Community-acquired Pneumonia in Primary Care 2025,1,13.199414649437976
Q368,C122,Case Series: Factor Xa inhibitors in Refractory Community-acquired Pneumonia,2,13.199414649437976
Q368,C016,Dose Adjustment of Desmopressin in Renal and Hepatic Impairment,3,6.435529027350697
Q368,C040,Dose Adjustment of Atorvastatin in Renal and Hepatic Impairment,4,6.435529027350697
Q368,C084,Dose Adjustment of Valproate in Renal and Hepatic Impairment,5,6.435529027350697
Q368,C116,Dose Adjustment of Salmeterol in Renal and Hepatic Impairment,6,6.435529027350697
Q368,C169,Dose Adjustment of Olanzapine in Renal and Hepatic Impairment,7,6.435529027350697
Q368,C231,Dose Adjustment of Apixaban in Renal and Hepatic Impairment,8,6.435529027350697
Q368,C236,Dose Adjustment of Rivaroxaban in Renal and Hepatic Impairment,9,6.435529027350697
Q368,C314,Dose Adjustment of Vancomycin in Renal and Hepatic Impairment,10,6.435529027350697
Q368,C343,Dose Adjustment of Dupilumab in Renal and Hepatic Impairment,11,6.435529027350697
Q368,C021,Dose Adjustment of Insulin glargine in Renal and Hepatic Impairment,12,6.108320171303864
Q368,C083,Laporan Kasus: Migraine dengan COPD,13,4.565455781209233
Q368,C338,Laporan Kasus: Psoriasis dengan anaemia,14,4.565455781209233
Q368,C041,Laporan Kasus: Heart Failure dengan immunocompromised,15,4.274067670443244
Q368,C097,Laporan Kasus: Malaria dengan atrial fibrillation,16,4.274067670443244
Q368,C024,Laporan Kasus: Acute Coronary Syndrome dengan Presentasi Atipikal,17,3.790246233059176
Q368,C208,Laporan Kasus: Systemic Lupus Erythematosus dengan Presentasi Atipikal,18,3.790246233059176
Q368,C076,Levetiracetam Drug Profile: Efficacy in Epilepsy,19,3.781175763045196
Q368,C126,Budesonide Drug Profile: Efficacy in Asthma,20,3.781175763045196
Q369,C202,Drug Interactions: Nivolumab in Non-Small Cell Lung Cancer Patients,1,25.115875742134566
Q369,C190,Case Series: HER2-targeted agents in Refractory Non-Small Cell Lung Cancer,2,18.38716695908078
Q369,C201,Kasus Sulit: Colorectal Cancer Refrakter terhadap Pembrolizumab,3,9.495590494754511
Q369,C199,Pedoman PNPK: Breast Cancer HER2-positive,4,4.0022113632162
Q369,C263,Tinjauan Sistematis: Beta blockers non-selective pada Hypertension in Pregnancy,5,3.869255628950251
Q369,C189,Clinical Practice Guideline: Colorectal Cancer Management 2020,6,3.762097240968909
Q369,C196,Scoping Review: Emerging Therapies in Colorectal Cancer 2024,7,3.5491638675350425
Q369,C187,Clinical Practice Guideline: Breast Cancer HER2-positive Management 2022,8,3.359043209735438
Q369,C270,Long-term Outcomes of Beta blockers non-selective Therapy in Hypertension in Pregnancy,9,3.357177369918772
Q369,C203,Monitoring Parameters for CNS stimulants in Breast Cancer HER2-positive,10,3.188255589728093
Q369,C207,Biomarkers in Colorectal Cancer: Implications for PD-1 inhibitors Therapy,11,3.188255589728093
Q369,C001,Panduan Praktis: Memulai Levothyroxine pada Hypothyroidism,12,0.0
Q369,C002,Clinical Practice Guideline: Type 1 Diabetes Mellitus Management 2023,13,0.0
Q369,C003,A Case of Type 1 Diabetes Mellitus Resistant to Insulin degludec,14,0.0
Q369,C004,Successful Management of Severe Hypothyroidism with Levothyroxine,15,0.0
Q369,C005,Liraglutide in Type 2 Diabetes Mellitus: Real-World Outcomes,16,0.0
Q369,C006,"Methimazole: Pharmacology, Dosing, and Clinical Use in Hyperthyroidism",17,0.0
Q369,C007,Efficacy of Vasopressin analogues in Diabetes Insipidus: A Cohort Study,18,0.0
Q369,C008,Treatment Intensification in Type 2 Diabetes Mellitus: When and How,19,0.0
Q369,C009,Case Report: Atypical Presentation of Obesity,20,0.0
Q370,C224,Risk Stratification in Rheumatoid Arthritis: Current Approaches,1,8.851432205362032
Q370,C220,Hasil Jangka Panjang Terapi Proteasome inhibitors pada Rheumatoid Arthritis,2,7.903129914365929
Q370,C209,Long-term Outcomes of Proteasome inhibitors Therapy in Rheumatoid Arthritis,3,7.50130217223643
Q370,C112,"Antimalarials: Mechanism, Indications, and Safety",4,6.515264576155366
Q370,C029,Profil Obat ARBs pada Heart Failure,5,5.142303115314051
Q370,C043,Profil Obat Statins pada Acute Coronary Syndrome,6,4.8337887749142725
Q370,C266,Profil Obat Centrally acting antihypertensives pada Hypertension in Pregnancy,7,4.315918574579278
Q370,C218,Profil Keamanan Colchicine pada Psoriatic Arthritis,8,4.274067670443244
Q370,C226,Safety Profile of Ibuprofen in Psoriatic Arthritis,9,4.01764343044776
Q370,C227,Consensus Statement: NSAIDs Use in Psoriatic Arthritis,10,4.01764343044776
Q370,C222,Challenging Case: Psoriatic Arthritis with Concurrent renal impairment,11,3.790246233059176
Q370,C001,Panduan Praktis: Memulai Levothyroxine pada Hypothyroidism,12,0.0
Q370,C002,Clinical Practice Guideline: Type 1 Diabetes Mellitus Management 2023,13,0.0
Q370,C003,A Case of Type 1 Diabetes Mellitus Resistant to Insulin degludec,14,0.0
Q370,C004,Successful Management of Severe Hypothyroidism with Levothyroxine,15,0.0
Q370,C005,Liraglutide in Type 2 Diabetes Mellitus: Real-World Outcomes,16,0.0
Q370,C006,"Methimazole: Pharmacology, Dosing, and Clinical Use in Hyperthyroidism",17,0.0
Q370,C007,Efficacy of Vasopressin analogues in Diabetes Insipidus: A Cohort Study,18,0.0
Q370,C008,Treatment Intensification in Type 2 Diabetes Mellitus: When and How,19,0.0
Q370,C009,Case Report: Atypical Presentation of Obesity,20,0.0
Q371,C028,Practical Guide: Initiating Losartan in Hypertension,1,8.826572847164002
Q371,C065,Profil Keamanan Losartan pada Chronic Kidney Disease,2,4.8337887749142725
Q371,C047,Drug Interactions: Losartan in Chronic Kidney Disease Patients,3,4.560198039645514
Q371,C124,Konsensus Nasional: Asthma di Indonesia 2024,4,4.274067670443244
Q371,C219,Konsensus Nasional: Osteoporosis di Indonesia 2022,5,4.274067670443244
Q371,C062,Konsensus Nasional: Chronic Kidney Disease di Indonesia 2022,6,3.790246233059176
Q371,C153,Konsensus Nasional: Inflammatory Bowel Disease di Indonesia 2021,7,3.790246233059176
Q371,C160,Konsensus Nasional: Inflammatory Bowel Disease di Indonesia 2022,8,3.790246233059176
Q371,C186,Konsensus Nasional: Chronic Lymphocytic Leukaemia di Indonesia 2022,9,3.790246233059176
Q371,C197,Konsensus Nasional: Chronic Myeloid Leukaemia di Indonesia 2023,10,3.790246233059176
Q371,C170,Major Depressive Disorder in hypertension: Special Considerations,11,3.463230633086685
Q371,C260,Hypertension in Pregnancy in anaemia: Special Considerations,12,3.463230633086685
Q371,C255,Practical Guide: Initiating Labetalol in Hypertension in Pregnancy,13,3.2672130039696
Q371,C268,Methyldopa Drug Profile: Efficacy in Hypertension in Pregnancy,14,3.2672130039696
Q371,C272,National Guideline: Hypertension in Pregnancy Diagnosis and Treatment,15,3.2672130039696
Q371,C074,Topiramate Real-World Evidence in Migraine: A Retrospective Study,16,3.2620002906108967
Q371,C079,Topiramate Real-World Evidence in Migraine: A Retrospective Study,17,3.2620002906108967
Q371,C105,Narrative Review: Current Evidence for Integrase inhibitors in Malaria,18,3.2620002906108967
Q371,C034,Spironolactone Real-World Evidence in Heart Failure: A Retrospective Study,19,3.0961467331210595
Q371,C215,Narrative Review: Current Evidence for NSAIDs in Systemic Lupus Erythematosus,20,3.0961467331210595
Q372,C020,Clinical Practice Guideline: Type 2 Diabetes Mellitus Management 2021,1,15.397953946638724
Q372,C005,Liraglutide in Type 2 Diabetes Mellitus: Real-World Outcomes,2,13.128112075112373
Q372,C012,Case Report: Atypical Presentation of Type 2 Diabetes Mellitus,3,13.128112075112373
Q372,C017,Type 2 Diabetes Mellitus in Special Populations: Practical Guidance,4,13.128112075112373
Q372,C018,Laporan Kasus: Type 2 Diabetes Mellitus dengan Presentasi Atipikal,5,13.128112075112373
Q372,C010,Dosis DPP-4 inhibitors pada Type 2 Diabetes Mellitus: Referensi Cepat,6,13.032170984738825
Q372,C008,Treatment Intensification in Type 2 Diabetes Mellitus: When and How,7,12.460624675724404
Q372,C002,Clinical Practice Guideline: Type 1 Diabetes Mellitus Management 2023,8,11.810742606852076
Q372,C013,Asia-Pacific Guideline: Type 1 Diabetes Mellitus in Primary Care 2023,9,10.667838758119698
Q372,C003,A Case of Type 1 Diabetes Mellitus Resistant to Insulin degludec,10,8.61764531153458
Q372,C019,Asia-Pacific Guideline: Diabetes Insipidus in Primary Care 2021,11,5.286742025630282
Q372,C022,Quick Reference: Vasopressin analogues Dosing in Diabetes Insipidus,12,3.187655635948162
Q372,C110,WHO Guideline Update: Malaria 2025,13,2.888835285463581
Q372,C333,WHO Guideline Update: Psoriasis 2023,14,2.888835285463581
Q372,C335,WHO Guideline Update: Psoriasis 2025,15,2.888835285463581
Q372,C007,Efficacy of Vasopressin analogues in Diabetes Insipidus: A Cohort Study,16,2.8635084991154307
Q372,C011,National Guideline: Hypothyroidism Diagnosis and Treatment,17,2.7044567049919497
Q372,C072,National Guideline: Migraine Diagnosis and Treatment,18,2.7044567049919497
Q372,C254,Clinical Practice Guideline: Preeclampsia Management 2022,19,2.7044567049919497
Q372,C027,National Guideline: Atrial Fibrillation Diagnosis and Treatment,20,2.5422018441309535
Q373,C039,Switching Therapy in Stable Angina: A Step-by-Step Guide,1,10.5337640161654
Q373,C035,Stable Angina in Special Populations: Practical Guidance,2,9.667577549828545
Q373,C045,Metoprolol pada Pasien Heart Failure: Studi Kohort,3,9.2093519826146
Q373,C036,Dosis Platelet aggregation inhibitors pada Stable Angina: Referensi Cepat,4,8.631837149158557
Q373,C025,Metoprolol versus Empagliflozin in Atrial Fibrillation: Head-to-Head Comparison,5,4.399804883145992
Q373,C029,Profil Obat ARBs pada Heart Failure,6,4.274067670443244
Q373,C041,Laporan Kasus: Heart Failure dengan immunocompromised,7,4.274067670443244
Q373,C031,Clinical Practice Guideline: Heart Failure Management 2021,8,4.01764343044776
Q373,C038,Clinical Summary: Heart Failure Management Update 2024,9,4.01764343044776
Q373,C044,Safety Profile of Furosemide in Heart Failure,10,4.01764343044776
Q373,C034,Spironolactone Real-World Evidence in Heart Failure: A Retrospective Study,11,3.4048227103668527
Q373,C162,Biomarkers in Schizophrenia: Implications for Atypical antipsychotics Therapy,12,2.605782573313007
Q373,C216,Switching Therapy in Osteoporosis: A Step-by-Step Guide,13,2.466196711568875
Q373,C280,Biomarkers in Stunting / Malnutrition: Implications for Vitamin A Therapy,14,2.466196711568875
Q373,C318,Switching Therapy in Sepsis: A Step-by-Step Guide,15,2.466196711568875
Q373,C323,Switching Therapy in Psoriasis: A Step-by-Step Guide,16,2.466196711568875
Q373,C340,Switching Therapy in Psoriasis: A Step-by-Step Guide,17,2.466196711568875
Q373,C056,Biomarkers in Chronic Kidney Disease: Implications for SGLT2 inhibitors Therapy,18,2.340805092426243
Q373,C087,Switching Therapy in Ischaemic Stroke: A Step-by-Step Guide,19,2.340805092426243
Q373,C102,Biomarkers in Urinary Tract Infection: Implications for NRTIs combination Therapy,20,2.340805092426243
Q374,C018,Laporan Kasus: Type 2 Diabetes Mellitus dengan Presentasi Atipikal,1,6.604111493890581
Q374,C083,Laporan Kasus: Migraine dengan COPD,2,4.565455781209233
Q374,C338,Laporan Kasus: Psoriasis dengan anaemia,3,4.565455781209233
Q374,C266,Profil Obat Centrally acting antihypertensives pada Hypertension in Pregnancy,4,4.392462401448904
Q374,C041,Laporan Kasus: Heart Failure dengan immunocompromised,5,4.274067670443244
Q374,C097,Laporan Kasus: Malaria dengan atrial fibrillation,6,4.274067670443244
Q374,C263,Tinjauan Sistematis: Beta blockers non-selective pada Hypertension in Pregnancy,7,4.169131484674454
Q374,C010,Dosis DPP-4 inhibitors pada Type 2 Diabetes Mellitus: Referensi Cepat,8,3.8994024524775783
Q374,C024,Laporan Kasus: Acute Coronary Syndrome dengan Presentasi Atipikal,9,3.790246233059176
Q374,C208,Laporan Kasus: Systemic Lupus Erythematosus dengan Presentasi Atipikal,10,3.790246233059176
Q374,C028,Practical Guide: Initiating Losartan in Hypertension,11,3.6842697318499518
Q374,C170,Major Depressive Disorder in hypertension: Special Considerations,12,3.463230633086685
Q374,C260,Hypertension in Pregnancy in anaemia: Special Considerations,13,3.463230633086685
Q374,C255,Practical Guide: Initiating Labetalol in Hypertension in Pregnancy,14,3.2672130039696
Q374,C268,Methyldopa Drug Profile: Efficacy in Hypertension in Pregnancy,15,3.2672130039696
Q374,C272,National Guideline: Hypertension in Pregnancy Diagnosis and Treatment,16,3.2672130039696
Q374,C022,Quick Reference: Vasopressin analogues Dosing in Diabetes Insipidus,17,3.187655635948162
Q374,C267,Hypertension in Pregnancy in Pregnancy: Safety and Management Guide,18,3.092195814380794
Q374,C275,Treatment Intensification in Hypertension in Pregnancy: When and How,19,3.092195814380794
Q374,C002,Clinical Practice Guideline: Type 1 Diabetes Mellitus Management 2023,20,3.016900154103931
Q375,C130,Profil Keamanan Bedaquiline pada MDR Tuberculosis,1,11.320180546157875
Q375,C117,Safety Profile of Bedaquiline in MDR Tuberculosis,2,9.18473569071412
Q375,C120,Safety Profile of Bedaquiline in MDR Tuberculosis,3,9.18473569071412
Q375,C129,Dosis Corticosteroids pada Asthma: Referensi Cepat,4,5.823301004177049
Q375,C166,Dosis SSRIs pada ADHD: Referensi Cepat,5,5.823301004177049
Q375,C136,MDR Tuberculosis pada Populasi Khusus: Pendekatan Praktis,6,5.8072334338045595
Q375,C345,Dosis Topical calcineurin inhibitors pada Psoriasis: Referensi Cepat,7,5.164107449137047
Q375,C036,Dosis Platelet aggregation inhibitors pada Stable Angina: Referensi Cepat,8,4.88747792685476
Q375,C185,Dosis BCR-ABL inhibitors pada Chronic Myeloid Leukaemia: Referensi Cepat,9,4.638978377772834
Q375,C198,Dosis BCR-ABL inhibitors pada Chronic Myeloid Leukaemia: Referensi Cepat,10,4.638978377772834
Q375,C010,Dosis DPP-4 inhibitors pada Type 2 Diabetes Mellitus: Referensi Cepat,11,4.4145256732042455
Q375,C125,Efficacy of Antituberculotics in MDR Tuberculosis: A Cohort Study,12,3.884806201785683
Q375,C276,Efektivitas Magnesium pada Preeclampsia,13,1.7759290382152242
Q375,C212,Profil Keamanan Alendronate pada Osteoporosis,14,1.6548536020730698
Q375,C221,Meta-analisis: Alendronate pada Osteoporosis,15,1.6548536020730698
Q375,C309,Profil Keamanan Meropenem pada Sepsis,16,1.6548536020730698
Q375,C001,Panduan Praktis: Memulai Levothyroxine pada Hypothyroidism,17,1.5492333337338053
Q375,C026,Profil Keamanan Rivaroxaban pada Atrial Fibrillation,18,1.5492333337338053
Q375,C029,Profil Obat ARBs pada Heart Failure,19,1.5492333337338053
Q375,C054,Efektivitas Loop diuretics pada Nephrotic Syndrome,20,1.5492333337338053
Q376,C113,Risk Stratification in Typhoid Fever: Current Approaches,1,10.77489058835026
Q376,C096,Drug Interactions: Artemether-lumefantrine in Typhoid Fever Patients,2,10.165035591415798
Q376,C106,Successful Management of Severe Typhoid Fever with Artemether-lumefantrine,3,8.631837149158557
Q376,C112,"Antimalarials: Mechanism, Indications, and Safety",4,6.515264576155366
Q376,C256,New Insights into Preeclampsia Pathophysiology and Treatment,5,4.171669150440603
Q376,C330,New Insights into Psoriasis Pathophysiology and Treatment,6,4.171669150440603
Q376,C337,New Insights into Psoriasis Pathophysiology and Treatment,7,4.171669150440603
Q376,C282,New Insights into Febrile Seizure Pathophysiology and Treatment,8,3.935554151769135
Q376,C155,New Insights into Inflammatory Bowel Disease Pathophysiology and Treatment,9,3.724735442893917
Q376,C234,New Insights into Deep Vein Thrombosis Pathophysiology and Treatment,10,3.724735442893917
Q376,C260,Hypertension in Pregnancy in anaemia: Special Considerations,11,1.5575755985011488
Q376,C255,Practical Guide: Initiating Labetalol in Hypertension in Pregnancy,12,1.4945138020276896
Q376,C268,Methyldopa Drug Profile: Efficacy in Hypertension in Pregnancy,13,1.4945138020276896
Q376,C267,Hypertension in Pregnancy in Pregnancy: Safety and Management Guide,14,1.4363596921061903
Q376,C275,Treatment Intensification in Hypertension in Pregnancy: When and How,15,1.4363596921061903
Q376,C257,Switching Therapy in Hypertension in Pregnancy: A Step-by-Step Guide,16,1.3326483965224
Q376,C137,Asthma in immunocompromised: Special Considerations,17,1.2582970093898815
Q376,C262,Preeclampsia in pregnancy: Special Considerations,18,1.2582970093898815
Q376,C270,Long-term Outcomes of Beta blockers non-selective Therapy in Hypertension in Pregnancy,19,1.2429053308678053
Q376,C014,Practical Guide: Initiating Methimazole in Hyperthyroidism,20,1.1779867827838757
Q377,C038,Clinical Summary: Heart Failure Management Update 2024,1,6.520149168212087
Q377,C254,Clinical Practice Guideline: Preeclampsia Management 2022,2,6.443402775979788
Q377,C052,Clinical Summary: Chronic Kidney Disease Management Update 2024,3,6.151111031036809
Q377,C269,Preeclampsia in Pregnancy: Safety and Management Guide,4,6.0568284895590825
Q377,C276,Efektivitas Magnesium pada Preeclampsia,5,4.334466403458746
Q377,C124,Konsensus Nasional: Asthma di Indonesia 2024,6,4.274067670443244
Q377,C304,Ringkasan Klinis: Tatalaksana Sepsis Terkini 2024,7,4.274067670443244
Q377,C259,Panduan Klinis: Tatalaksana Preeclampsia 2020,8,4.038960558940491
Q377,C262,Preeclampsia in pregnancy: Special Considerations,9,4.038960558940491
Q377,C196,Scoping Review: Emerging Therapies in Colorectal Cancer 2024,10,3.790246233059176
Q377,C261,Ringkasan Klinis: Tatalaksana Preeclampsia Terkini 2020,11,3.781175763045196
Q377,C264,Preeclampsia in Special Populations: Practical Guidance,12,3.781175763045196
Q377,C246,Scoping Review: Emerging Therapies in Deep Vein Thrombosis 2024,13,3.58721133978665
Q377,C256,New Insights into Preeclampsia Pathophysiology and Treatment,14,3.554322751794755
Q377,C271,Panduan Praktis: Memulai Magnesium sulphate pada Preeclampsia,15,3.554322751794755
Q377,C274,Treatment Intensification in Preeclampsia: When and How,16,3.554322751794755
Q377,C239,Asia-Pacific Guideline: Deep Vein Thrombosis in Primary Care 2024,17,3.4048227103668527
Q377,C273,Magnesium sulphate: Farmakologi dan Penggunaan Klinis pada Preeclampsia,18,3.3531493409720508
Q377,C004,Successful Management of Severe Hypothyroidism with Levothyroxine,19,2.502505737764327
Q377,C031,Clinical Practice Guideline: Heart Failure Management 2021,20,2.502505737764327
Q378,C162,Biomarkers in Schizophrenia: Implications for Atypical antipsychotics Therapy,1,6.7104674323207405
Q378,C169,Dose Adjustment of Olanzapine in Renal and Hepatic Impairment,2,5.119232797191707
Q378,C179,Case Report: Atypical Presentation of Schizophrenia,3,4.628644097110018
Q378,C177,Successful Management of Severe Schizophrenia with Clozapine,4,4.350946915799847
Q378,C178,A Case of Schizophrenia Resistant to Clozapine,5,4.350946915799847
Q378,C029,Profil Obat ARBs pada Heart Failure,6,4.274067670443244
Q378,C041,Laporan Kasus: Heart Failure dengan immunocompromised,7,4.274067670443244
Q378,C163,"Risperidone: Pharmacology, Dosing, and Clinical Use in Schizophrenia",8,4.104684859007734
Q378,C031,Clinical Practice Guideline: Heart Failure Management 2021,9,4.01764343044776
Q378,C038,Clinical Summary: Heart Failure Management Update 2024,10,4.01764343044776
Q378,C044,Safety Profile of Furosemide in Heart Failure,11,4.01764343044776
Q378,C045,Metoprolol pada Pasien Heart Failure: Studi Kohort,12,4.01764343044776
Q378,C034,Spironolactone Real-World Evidence in Heart Failure: A Retrospective Study,13,3.4048227103668527
Q378,C216,Switching Therapy in Osteoporosis: A Step-by-Step Guide,14,2.466196711568875
Q378,C280,Biomarkers in Stunting / Malnutrition: Implications for Vitamin A Therapy,15,2.466196711568875
Q378,C318,Switching Therapy in Sepsis: A Step-by-Step Guide,16,2.466196711568875
Q378,C323,Switching Therapy in Psoriasis: A Step-by-Step Guide,17,2.466196711568875
Q378,C340,Switching Therapy in Psoriasis: A Step-by-Step Guide,18,2.466196711568875
Q378,C039,Switching Therapy in Stable Angina: A Step-by-Step Guide,19,2.340805092426243
Q378,C056,Biomarkers in Chronic Kidney Disease: Implications for SGLT2 inhibitors Therapy,20,2.340805092426243
Q379,C133,Panduan Praktis: Memulai Prednisolone pada COPD,1,10.9656041194911
Q379,C135,Prednisolone pada Pasien COPD: Studi Kohort,2,10.9656041194911
Q379,C132,Practical Guide: Initiating Prednisolone in COPD,3,9.416370785757294
Q379,C083,Laporan Kasus: Migraine dengan COPD,4,9.130911562418467
Q379,C222,Challenging Case: Psoriatic Arthritis with Concurrent renal impairment,5,6.7062986819441015
Q379,C016,Dose Adjustment of Desmopressin in Renal and Hepatic Impairment,6,6.3470574734796
Q379,C040,Dose Adjustment of Atorvastatin in Renal and Hepatic Impairment,7,6.3470574734796
Q379,C084,Dose Adjustment of Valproate in Renal and Hepatic Impairment,8,6.3470574734796
Q379,C116,Dose Adjustment of Salmeterol in Renal and Hepatic Impairment,9,6.3470574734796
Q379,C169,Dose Adjustment of Olanzapine in Renal and Hepatic Impairment,10,6.3470574734796
Q379,C231,Dose Adjustment of Apixaban in Renal and Hepatic Impairment,11,6.3470574734796
Q379,C236,Dose Adjustment of Rivaroxaban in Renal and Hepatic Impairment,12,6.3470574734796
Q379,C314,Dose Adjustment of Vancomycin in Renal and Hepatic Impairment,13,6.3470574734796
Q379,C343,Dose Adjustment of Dupilumab in Renal and Hepatic Impairment,14,6.3470574734796
Q379,C021,Dose Adjustment of Insulin glargine in Renal and Hepatic Impairment,15,6.024346876365611
Q379,C338,Laporan Kasus: Psoriasis dengan anaemia,16,4.565455781209233
Q379,C041,Laporan Kasus: Heart Failure dengan immunocompromised,17,4.274067670443244
Q379,C097,Laporan Kasus: Malaria dengan atrial fibrillation,18,4.274067670443244
Q379,C128,COPD in Special Populations: Practical Guidance,19,4.274067670443244
Q379,C118,COPD in Pregnancy: Safety and Management Guide,20,4.01764343044776
Q380,C005,Liraglutide in Type 2 Diabetes Mellitus: Real-World Outcomes,1,18.24734487230408
Q380,C018,Laporan Kasus: Type 2 Diabetes Mellitus dengan Presentasi Atipikal,2,16.71532341489902
Q380,C010,Dosis DPP-4 inhibitors pada Type 2 Diabetes Mellitus: Referensi Cepat,3,15.097812298145772
Q380,C012,Case Report: Atypical Presentation of Type 2 Diabetes Mellitus,4,13.128112075112373
Q380,C017,Type 2 Diabetes Mellitus in Special Populations: Practical Guidance,5,13.128112075112373
Q380,C020,Clinical Practice Guideline: Type 2 Diabetes Mellitus Management 2021,6,13.128112075112373
Q380,C008,Treatment Intensification in Type 2 Diabetes Mellitus: When and How,7,12.460624675724404
Q380,C002,Clinical Practice Guideline: Type 1 Diabetes Mellitus Management 2023,8,9.540900735325724
Q380,C003,A Case of Type 1 Diabetes Mellitus Resistant to Insulin degludec,9,8.61764531153458
Q380,C013,Asia-Pacific Guideline: Type 1 Diabetes Mellitus in Primary Care 2023,10,8.61764531153458
Q380,C222,Challenging Case: Psoriatic Arthritis with Concurrent renal impairment,11,6.7062986819441015
Q380,C016,Dose Adjustment of Desmopressin in Renal and Hepatic Impairment,12,6.3470574734796
Q380,C040,Dose Adjustment of Atorvastatin in Renal and Hepatic Impairment,13,6.3470574734796
Q380,C084,Dose Adjustment of Valproate in Renal and Hepatic Impairment,14,6.3470574734796
Q380,C116,Dose Adjustment of Salmeterol in Renal and Hepatic Impairment,15,6.3470574734796
Q380,C169,Dose Adjustment of Olanzapine in Renal and Hepatic Impairment,16,6.3470574734796
Q380,C231,Dose Adjustment of Apixaban in Renal and Hepatic Impairment,17,6.3470574734796
Q380,C236,Dose Adjustment of Rivaroxaban in Renal and Hepatic Impairment,18,6.3470574734796
Q380,C314,Dose Adjustment of Vancomycin in Renal and Hepatic Impairment,19,6.3470574734796
Q380,C343,Dose Adjustment of Dupilumab in Renal and Hepatic Impairment,20,6.3470574734796
Q381,C096,Drug Interactions: Artemether-lumefantrine in Typhoid Fever Patients,1,19.960754959572075
Q381,C106,Successful Management of Severe Typhoid Fever with Artemether-lumefantrine,2,17.902822050436683
Q381,C113,Risk Stratification in Typhoid Fever: Current Approaches,3,10.77489058835026
Q381,C016,Dose Adjustment of Desmopressin in Renal and Hepatic Impairment,4,10.68620986098231
Q381,C040,Dose Adjustment of Atorvastatin in Renal and Hepatic Impairment,5,10.68620986098231
Q381,C084,Dose Adjustment of Valproate in Renal and Hepatic Impairment,6,10.68620986098231
Q381,C116,Dose Adjustment of Salmeterol in Renal and Hepatic Impairment,7,10.68620986098231
Q381,C169,Dose Adjustment of Olanzapine in Renal and Hepatic Impairment,8,10.68620986098231
Q381,C231,Dose Adjustment of Apixaban in Renal and Hepatic Impairment,9,10.68620986098231
Q381,C236,Dose Adjustment of Rivaroxaban in Renal and Hepatic Impairment,10,10.68620986098231
Q381,C314,Dose Adjustment of Vancomycin in Renal and Hepatic Impairment,11,10.68620986098231
Q381,C343,Dose Adjustment of Dupilumab in Renal and Hepatic Impairment,12,10.68620986098231
Q381,C021,Dose Adjustment of Insulin glargine in Renal and Hepatic Impairment,13,10.142878848220512
Q381,C222,Challenging Case: Psoriatic Arthritis with Concurrent renal impairment,14,3.3531493409720508
Q381,C260,Hypertension in Pregnancy in anaemia: Special Considerations,15,1.5575755985011488
Q381,C255,Practical Guide: Initiating Labetalol in Hypertension in Pregnancy,16,1.4945138020276896
Q381,C268,Methyldopa Drug Profile: Efficacy in Hypertension in Pregnancy,17,1.4945138020276896
Q381,C267,Hypertension in Pregnancy in Pregnancy: Safety and Management Guide,18,1.4363596921061903
Q381,C275,Treatment Intensification in Hypertension in Pregnancy: When and How,19,1.4363596921061903
Q381,C257,Switching Therapy in Hypertension in Pregnancy: A Step-by-Step Guide,20,1.3326483965224
Q382,C199,Pedoman PNPK: Breast Cancer HER2-positive,1,19.143887050654573
Q382,C203,Monitoring Parameters for CNS stimulants in Breast Cancer HER2-positive,2,16.188882086213084
Q382,C187,Clinical Practice Guideline: Breast Cancer HER2-positive Management 2022,3,16.067403235237293
Q382,C190,Case Series: HER2-targeted agents in Refractory Non-Small Cell Lung Cancer,4,7.257881829532552
Q382,C080,Treatment Intensification in Epilepsy: When and How,5,4.661635790316469
Q382,C131,Treatment Intensification in Asthma: When and How,6,4.661635790316469
Q382,C138,Treatment Intensification in Asthma: When and How,7,4.661635790316469
Q382,C225,Treatment Intensification in Gout: When and How,8,4.661635790316469
Q382,C274,Treatment Intensification in Preeclampsia: When and How,9,4.661635790316469
Q382,C326,Treatment Intensification in Psoriasis: When and How,10,4.661635790316469
Q382,C275,Treatment Intensification in Hypertension in Pregnancy: When and How,11,4.6098884288459905
Q382,C196,Scoping Review: Emerging Therapies in Colorectal Cancer 2024,12,4.593803379659812
Q382,C030,Treatment Intensification in Atrial Fibrillation: When and How,13,4.397788853096821
Q382,C046,Treatment Intensification in Atrial Fibrillation: When and How,14,4.397788853096821
Q382,C214,Adalimumab versus Adalimumab in Gout: Head-to-Head Comparison,15,4.250680833631613
Q382,C210,Treatment Intensification in Systemic Lupus Erythematosus: When and How,16,4.162209279760516
Q382,C202,Drug Interactions: Nivolumab in Non-Small Cell Lung Cancer Patients,17,4.126667533523681
Q382,C207,Biomarkers in Colorectal Cancer: Implications for PD-1 inhibitors Therapy,18,4.126667533523681
Q382,C025,Metoprolol versus Empagliflozin in Atrial Fibrillation: Head-to-Head Comparison,19,4.034558676916648
Q382,C008,Treatment Intensification in Type 2 Diabetes Mellitus: When and How,20,3.9505853819783936
Q383,C166,Dosis SSRIs pada ADHD: Referensi Cepat,1,11.241733933140111
Q383,C167,Sertraline in ADHD: Real-World Outcomes,2,5.142303115314051
Q383,C168,Challenging Case: ADHD with Concurrent atrial fibrillation,3,4.8337887749142725
Q383,C333,WHO Guideline Update: Psoriasis 2023,4,4.740483163795515
Q383,C233,WHO Guideline Update: Iron Deficiency Anaemia 2023,5,4.171669150440603
Q383,C197,Konsensus Nasional: Chronic Myeloid Leukaemia di Indonesia 2023,6,3.935554151769135
Q383,C002,Clinical Practice Guideline: Type 1 Diabetes Mellitus Management 2023,7,3.724735442893917
Q383,C142,Asia-Pacific Guideline: Inflammatory Bowel Disease in Primary Care 2023,8,3.5353545204916235
Q383,C013,Asia-Pacific Guideline: Type 1 Diabetes Mellitus in Primary Care 2023,9,3.3642996417848807
Q383,C001,Panduan Praktis: Memulai Levothyroxine pada Hypothyroidism,10,0.0
Q383,C003,A Case of Type 1 Diabetes Mellitus Resistant to Insulin degludec,11,0.0
Q383,C004,Successful Management of Severe Hypothyroidism with Levothyroxine,12,0.0
Q383,C005,Liraglutide in Type 2 Diabetes Mellitus: Real-World Outcomes,13,0.0
Q383,C006,"Methimazole: Pharmacology, Dosing, and Clinical Use in Hyperthyroidism",14,0.0
Q383,C007,Efficacy of Vasopressin analogues in Diabetes Insipidus: A Cohort Study,15,0.0
Q383,C008,Treatment Intensification in Type 2 Diabetes Mellitus: When and How,16,0.0
Q383,C009,Case Report: Atypical Presentation of Obesity,17,0.0
Q383,C010,Dosis DPP-4 inhibitors pada Type 2 Diabetes Mellitus: Referensi Cepat,18,0.0
Q383,C011,National Guideline: Hypothyroidism Diagnosis and Treatment,19,0.0
Q383,C012,Case Report: Atypical Presentation of Type 2 Diabetes Mellitus,20,0.0
Q384,C232,Consensus Statement: Iron preparations Use in Iron Deficiency Anaemia,1,22.226307331747826
Q384,C240,Quick Reference: Iron preparations Dosing in Iron Deficiency Anaemia,2,22.226307331747826
Q384,C233,WHO Guideline Update: Iron Deficiency Anaemia 2023,3,15.436104873880902
Q384,C244,"Iron preparations: Mechanism, Indications, and Safety",4,15.189262603976237
Q384,C252,Rare Adverse Event of Erythropoietin in Iron Deficiency Anaemia,5,14.77103116828523
Q384,C247,Iron Deficiency Anaemia pada Populasi Khusus: Pendekatan Praktis,6,14.562426796748612
Q384,C237,Ferrous sulphate: Farmakologi dan Penggunaan Klinis pada Iron Deficiency Anaemia,7,13.081599037856067
Q384,C253,Hasil Jangka Panjang Terapi Erythropoiesis stimulating agents pada Iron Deficiency Anaemia,8,12.44865789327192
Q384,C260,Hypertension in Pregnancy in anaemia: Special Considerations,9,8.437829256252737
Q384,C267,Hypertension in Pregnancy in Pregnancy: Safety and Management Guide,10,7.121326868316885
Q384,C075,Migraine in Pregnancy: Safety and Management Guide,11,6.013293763176111
Q384,C118,COPD in Pregnancy: Safety and Management Guide,12,6.013293763176111
Q384,C269,Preeclampsia in Pregnancy: Safety and Management Guide,13,6.013293763176111
Q384,C275,Treatment Intensification in Hypertension in Pregnancy: When and How,14,5.81673589843708
Q384,C272,National Guideline: Hypertension in Pregnancy Diagnosis and Treatment,15,5.672943462684636
Q384,C172,Major Depressive Disorder in Pregnancy: Safety and Management Guide,16,5.369056749351605
Q384,C281,Stunting / Malnutrition in anaemia: Special Considerations,17,5.06457406813342
Q384,C262,Preeclampsia in pregnancy: Special Considerations,18,4.92512607487174
Q384,C255,Practical Guide: Initiating Labetalol in Hypertension in Pregnancy,19,4.538719182335493
Q384,C268,Methyldopa Drug Profile: Efficacy in Hypertension in Pregnancy,20,4.538719182335493
Q385,C130,Profil Keamanan Bedaquiline pada MDR Tuberculosis,1,4.628644097110018
Q385,C083,Laporan Kasus: Migraine dengan COPD,2,4.565455781209233
Q385,C338,Laporan Kasus: Psoriasis dengan anaemia,3,4.565455781209233
Q385,C117,Safety Profile of Bedaquiline in MDR Tuberculosis,4,4.350946915799847
Q385,C120,Safety Profile of Bedaquiline in MDR Tuberculosis,5,4.350946915799847
Q385,C136,MDR Tuberculosis pada Populasi Khusus: Pendekatan Praktis,6,4.350946915799847
Q385,C041,Laporan Kasus: Heart Failure dengan immunocompromised,7,4.274067670443244
Q385,C097,Laporan Kasus: Malaria dengan atrial fibrillation,8,4.274067670443244
Q385,C125,Efficacy of Antituberculotics in MDR Tuberculosis: A Cohort Study,9,3.884806201785683
Q385,C024,Laporan Kasus: Acute Coronary Syndrome dengan Presentasi Atipikal,10,3.790246233059176
Q385,C092,Hasil Jangka Panjang Terapi Antiepileptics other pada Migraine,11,3.790246233059176
Q385,C208,Laporan Kasus: Systemic Lupus Erythematosus dengan Presentasi Atipikal,12,3.790246233059176
Q385,C018,Laporan Kasus: Type 2 Diabetes Mellitus dengan Presentasi Atipikal,13,3.58721133978665
Q385,C077,Hasil Jangka Panjang Terapi Fatty acid derivatives pada Epilepsy,14,3.58721133978665
Q385,C213,Hasil Jangka Panjang Terapi IL-17 inhibitors pada Gout,15,3.58721133978665
Q385,C220,Hasil Jangka Panjang Terapi Proteasome inhibitors pada Rheumatoid Arthritis,16,3.58721133978665
Q385,C023,Hasil Jangka Panjang Terapi GLP-1 receptor agonists pada Obesity,17,3.4048227103668527
Q385,C098,Hasil Jangka Panjang Terapi NRTIs combination pada Urinary Tract Infection,18,3.4048227103668527
Q385,C253,Hasil Jangka Panjang Terapi Erythropoiesis stimulating agents pada Iron Deficiency Anaemia,19,3.240083493305596
Q385,C001,Panduan Praktis: Memulai Levothyroxine pada Hypothyroidism,20,0.0
Q386,C294,Perbandingan Zinc dan Zinc pada Stunting / Malnutrition,1,14.334243091339879
Q386,C283,Drug Interactions: Zinc in Stunting / Malnutrition Patients,2,11.10874729963415
Q386,C288,Zinc in Stunting / Malnutrition: Real-World Outcomes,3,11.10874729963415
Q386,C279,Rare Adverse Event of Zinc in Stunting / Malnutrition,4,10.479996130904059
Q386,C296,Narrative Review: Current Evidence for Zinc supplements in Stunting / Malnutrition,5,9.41430361959858
Q386,C297,Panduan Praktis: Memulai Vitamin A pada Stunting / Malnutrition,6,7.749172487974195
Q386,C281,Stunting / Malnutrition in anaemia: Special Considerations,7,7.189113878290622
Q386,C287,Challenging Case: Stunting / Malnutrition with Concurrent COPD,8,6.757800383834303
Q386,C289,Case Report: Atypical Presentation of Stunting / Malnutrition,9,6.757800383834303
Q386,C293,Clinical Summary: Stunting / Malnutrition Management Update 2021,10,6.757800383834303
Q386,C295,Risk Stratification in Stunting / Malnutrition: Current Approaches,11,6.757800383834303
Q386,C298,Clinical Practice Guideline: Stunting / Malnutrition Management 2020,12,6.757800383834303
Q386,C280,Biomarkers in Stunting / Malnutrition: Implications for Vitamin A Therapy,13,6.033800308207862
Q386,C135,Prednisolone pada Pasien COPD: Studi Kohort,14,5.987157344749509
Q386,C045,Metoprolol pada Pasien Heart Failure: Studi Kohort,15,5.627955668445315
Q386,C152,Metronidazole pada Pasien Inflammatory Bowel Disease: Studi Kohort,16,5.309415367847006
Q386,C250,Rivaroxaban pada Pasien Deep Vein Thrombosis: Studi Kohort,17,5.309415367847006
Q386,C311,Secukinumab pada Pasien Disseminated Intravascular Coagulation: Studi Kohort,18,5.309415367847006
Q386,C317,Secukinumab pada Pasien Disseminated Intravascular Coagulation: Studi Kohort,19,5.309415367847006
Q386,C276,Efektivitas Magnesium pada Preeclampsia,20,1.7759290382152242
Q387,C229,Monitoring Parameters for Bisphosphonates in Osteoporosis,1,10.053834804815283
Q387,C151,Monitoring Parameters for Nitroimidazoles in Inflammatory Bowel Disease,2,8.915747815663039
Q387,C090,Monitoring Parameters for Fatty acid derivatives in Parkinson Disease,3,8.43815142880855
Q387,C203,Monitoring Parameters for CNS stimulants in Breast Cancer HER2-positive,4,8.009120984778836
Q387,C245,Monitoring Parameters for Factor Xa inhibitors in Deep Vein Thrombosis,5,8.009120984778836
Q387,C328,Monitoring Parameters for IL-4/IL-13 inhibitors in Psoriasis,6,8.009120984778836
Q387,C167,Sertraline in ADHD: Real-World Outcomes,7,6.3202898980979265
Q387,C173,Escitalopram versus Sertraline in Major Depressive Disorder: Head-to-Head Comparison,8,5.516861795307645
Q387,C166,Dosis SSRIs pada ADHD: Referensi Cepat,9,5.142303115314051
Q387,C168,Challenging Case: ADHD with Concurrent atrial fibrillation,10,4.8337887749142725
Q387,C260,Hypertension in Pregnancy in anaemia: Special Considerations,11,1.5575755985011488
Q387,C255,Practical Guide: Initiating Labetalol in Hypertension in Pregnancy,12,1.4945138020276896
Q387,C268,Methyldopa Drug Profile: Efficacy in Hypertension in Pregnancy,13,1.4945138020276896
Q387,C267,Hypertension in Pregnancy in Pregnancy: Safety and Management Guide,14,1.4363596921061903
Q387,C275,Treatment Intensification in Hypertension in Pregnancy: When and How,15,1.4363596921061903
Q387,C257,Switching Therapy in Hypertension in Pregnancy: A Step-by-Step Guide,16,1.3326483965224
Q387,C137,Asthma in immunocompromised: Special Considerations,17,1.2582970093898815
Q387,C262,Preeclampsia in pregnancy: Special Considerations,18,1.2582970093898815
Q387,C270,Long-term Outcomes of Beta blockers non-selective Therapy in Hypertension in Pregnancy,19,1.2429053308678053
Q387,C014,Practical Guide: Initiating Methimazole in Hyperthyroidism,20,1.1779867827838757
Q388,C276,Efektivitas Magnesium pada Preeclampsia,1,9.90225951838518
Q388,C271,Panduan Praktis: Memulai Magnesium sulphate pada Preeclampsia,2,8.11999056499495
Q388,C256,New Insights into Preeclampsia Pathophysiology and Treatment,3,7.725991902235357
Q388,C273,Magnesium sulphate: Farmakologi dan Penggunaan Klinis pada Preeclampsia,4,7.660401970519853
Q388,C262,Preeclampsia in pregnancy: Special Considerations,5,5.297257568330372
Q388,C265,"Magnesium: Mechanism, Indications, and Safety",6,5.1882041982338585
Q388,C264,Preeclampsia in Special Populations: Practical Guidance,7,4.959162545829072
Q388,C269,Preeclampsia in Pregnancy: Safety and Management Guide,8,4.661635790316469
Q388,C274,Treatment Intensification in Preeclampsia: When and How,9,4.661635790316469
Q388,C330,New Insights into Psoriasis Pathophysiology and Treatment,10,4.171669150440603
Q388,C337,New Insights into Psoriasis Pathophysiology and Treatment,11,4.171669150440603
Q388,C259,Panduan Klinis: Tatalaksana Preeclampsia 2020,12,4.038960558940491
Q388,C282,New Insights into Febrile Seizure Pathophysiology and Treatment,13,3.935554151769135
Q388,C254,Clinical Practice Guideline: Preeclampsia Management 2022,14,3.781175763045196
Q388,C261,Ringkasan Klinis: Tatalaksana Preeclampsia Terkini 2020,15,3.781175763045196
Q388,C155,New Insights into Inflammatory Bowel Disease Pathophysiology and Treatment,16,3.724735442893917
Q388,C234,New Insights into Deep Vein Thrombosis Pathophysiology and Treatment,17,3.724735442893917
Q388,C260,Hypertension in Pregnancy in anaemia: Special Considerations,18,1.5575755985011488
Q388,C255,Practical Guide: Initiating Labetalol in Hypertension in Pregnancy,19,1.4945138020276896
Q388,C268,Methyldopa Drug Profile: Efficacy in Hypertension in Pregnancy,20,1.4945138020276896
Q389,C119,Clinical Practice Guideline: Pulmonary Embolism Management 2025,1,9.667577549828545
Q389,C123,Metronidazole: Farmakologi dan Penggunaan Klinis pada Pulmonary Embolism,2,9.120396079291028
Q389,C134,Scoping Review: Emerging Therapies in Pulmonary Embolism 2025,3,9.120396079291028
Q389,C216,Switching Therapy in Osteoporosis: A Step-by-Step Guide,4,4.739049196575517
Q389,C318,Switching Therapy in Sepsis: A Step-by-Step Guide,5,4.739049196575517
Q389,C323,Switching Therapy in Psoriasis: A Step-by-Step Guide,6,4.739049196575517
Q389,C340,Switching Therapy in Psoriasis: A Step-by-Step Guide,7,4.739049196575517
Q389,C039,Switching Therapy in Stable Angina: A Step-by-Step Guide,8,4.561551364759652
Q389,C087,Switching Therapy in Ischaemic Stroke: A Step-by-Step Guide,9,4.561551364759652
Q389,C057,Switching Therapy in Chronic Kidney Disease: A Step-by-Step Guide,10,4.396869633396971
Q389,C149,Switching Therapy in Peptic Ulcer Disease: A Step-by-Step Guide,11,4.396869633396971
Q389,C156,Switching Therapy in Peptic Ulcer Disease: A Step-by-Step Guide,12,4.396869633396971
Q389,C257,Switching Therapy in Hypertension in Pregnancy: A Step-by-Step Guide,13,4.396869633396971
Q389,C092,Hasil Jangka Panjang Terapi Antiepileptics other pada Migraine,14,3.790246233059176
Q389,C077,Hasil Jangka Panjang Terapi Fatty acid derivatives pada Epilepsy,15,3.58721133978665
Q389,C213,Hasil Jangka Panjang Terapi IL-17 inhibitors pada Gout,16,3.58721133978665
Q389,C220,Hasil Jangka Panjang Terapi Proteasome inhibitors pada Rheumatoid Arthritis,17,3.58721133978665
Q389,C023,Hasil Jangka Panjang Terapi GLP-1 receptor agonists pada Obesity,18,3.4048227103668527
Q389,C098,Hasil Jangka Panjang Terapi NRTIs combination pada Urinary Tract Infection,19,3.4048227103668527
Q389,C253,Hasil Jangka Panjang Terapi Erythropoiesis stimulating agents pada Iron Deficiency Anaemia,20,3.240083493305596
Q390,C085,Pedoman PNPK: Ischaemic Stroke,1,11.135586229852866
Q390,C070,Ischaemic Stroke in Special Populations: Practical Guidance,2,9.13133562640039
Q390,C082,Rare Adverse Event of Aspirin in Ischaemic Stroke,3,8.614505259095605
Q390,C015,Panduan Klinis: Tatalaksana Hyperthyroidism 2021,4,7.789333221940723
Q390,C259,Panduan Klinis: Tatalaksana Preeclampsia 2020,5,7.789333221940723
Q390,C087,Switching Therapy in Ischaemic Stroke: A Step-by-Step Guide,6,7.738511257900502
Q390,C048,Panduan Klinis: Tatalaksana Chronic Kidney Disease 2022,7,6.854685478611669
Q390,C001,Panduan Praktis: Memulai Levothyroxine pada Hypothyroidism,8,3.781175763045196
Q390,C099,Panduan Praktis: Memulai Dolutegravir pada Malaria,9,3.781175763045196
Q390,C133,Panduan Praktis: Memulai Prednisolone pada COPD,10,3.781175763045196
Q390,C066,Panduan Praktis: Memulai Furosemide pada Nephrotic Syndrome,11,3.554322751794755
Q390,C271,Panduan Praktis: Memulai Magnesium sulphate pada Preeclampsia,12,3.554322751794755
Q390,C334,Panduan Praktis: Memulai Tacrolimus topical pada Psoriasis,13,3.554322751794755
Q390,C261,Ringkasan Klinis: Tatalaksana Preeclampsia Terkini 2020,14,3.51100685653729
Q390,C304,Ringkasan Klinis: Tatalaksana Sepsis Terkini 2024,15,3.51100685653729
Q390,C297,Panduan Praktis: Memulai Vitamin A pada Stunting / Malnutrition,16,3.3531493409720508
Q390,C305,Hydrocortisone: Farmakologi dan Penggunaan Klinis pada Sepsis,17,3.300362726816915
Q390,C109,Panduan Praktis: Memulai Tenofovir+Lamivudine pada Urinary Tract Infection,18,3.1735287367398
Q390,C091,Valproate: Farmakologi dan Penggunaan Klinis pada Parkinson Disease,19,3.1135633635990922
Q390,C123,Metronidazole: Farmakologi dan Penggunaan Klinis pada Pulmonary Embolism,20,3.1135633635990922
Q391,C302,Kasus Sulit: Disseminated Intravascular Coagulation Refrakter terhadap Secukinumab,1,14.619646062561666
Q391,C311,Secukinumab pada Pasien Disseminated Intravascular Coagulation: Studi Kohort,2,14.619646062561666
Q391,C317,Secukinumab pada Pasien Disseminated Intravascular Coagulation: Studi Kohort,3,14.619646062561666
Q391,C312,A Case of Disseminated Intravascular Coagulation Resistant to Cyclosporine,4,12.782586500830298
Q391,C320,Safety Profile of Dupilumab in Disseminated Intravascular Coagulation,5,11.104087535040922
Q391,C308,WHO Guideline Update: Disseminated Intravascular Coagulation 2025,6,10.662968255384264
Q391,C300,Case Series: Calcineurin inhibitors in Refractory Disseminated Intravascular Coagulation,7,10.509266753240116
Q391,C322,Disseminated Intravascular Coagulation and elderly patients: Management Challenges,8,10.059448022916152
Q391,C307,Case Series: IL-17 inhibitors in Refractory Disseminated Intravascular Coagulation,9,9.974932258344005
Q391,C310,Quick Reference: IL-4/IL-13 inhibitors Dosing in Disseminated Intravascular Coagulation,10,9.054224023615244
Q391,C316,Efficacy of IL-17 inhibitors in Disseminated Intravascular Coagulation: A Cohort Study,11,9.054224023615244
Q391,C080,Treatment Intensification in Epilepsy: When and How,12,4.661635790316469
Q391,C131,Treatment Intensification in Asthma: When and How,13,4.661635790316469
Q391,C138,Treatment Intensification in Asthma: When and How,14,4.661635790316469
Q391,C225,Treatment Intensification in Gout: When and How,15,4.661635790316469
Q391,C274,Treatment Intensification in Preeclampsia: When and How,16,4.661635790316469
Q391,C326,Treatment Intensification in Psoriasis: When and How,17,4.661635790316469
Q391,C275,Treatment Intensification in Hypertension in Pregnancy: When and How,18,4.6098884288459905
Q391,C030,Treatment Intensification in Atrial Fibrillation: When and How,19,4.397788853096821
Q391,C046,Treatment Intensification in Atrial Fibrillation: When and How,20,4.397788853096821
Q392,C096,Drug Interactions: Artemether-lumefantrine in Typhoid Fever Patients,1,29.756474327728352
Q392,C106,Successful Management of Severe Typhoid Fever with Artemether-lumefantrine,2,27.17380695171481
Q392,C113,Risk Stratification in Typhoid Fever: Current Approaches,3,10.77489058835026
Q392,C214,Adalimumab versus Adalimumab in Gout: Head-to-Head Comparison,4,4.250680833631613
Q392,C025,Metoprolol versus Empagliflozin in Atrial Fibrillation: Head-to-Head Comparison,5,4.034558676916648
Q392,C173,Escitalopram versus Sertraline in Major Depressive Disorder: Head-to-Head Comparison,6,3.8393502639795356
Q392,C178,A Case of Schizophrenia Resistant to Clozapine,7,3.6534100715880893
Q392,C325,A Case of Psoriasis Resistant to Cyclosporine,8,3.6534100715880893
Q392,C336,A Case of Psoriasis Resistant to Cyclosporine,9,3.6534100715880893
Q392,C107,A Case of HIV/AIDS Resistant to Levofloxacin,10,3.446628353505714
Q392,C251,A Case of Deep Vein Thrombosis Resistant to Rivaroxaban,11,3.2620002906108967
Q392,C312,A Case of Disseminated Intravascular Coagulation Resistant to Cyclosporine,12,3.2620002906108967
Q392,C003,A Case of Type 1 Diabetes Mellitus Resistant to Insulin degludec,13,2.946342519477825
Q392,C260,Hypertension in Pregnancy in anaemia: Special Considerations,14,1.5575755985011488
Q392,C255,Practical Guide: Initiating Labetalol in Hypertension in Pregnancy,15,1.4945138020276896
Q392,C268,Methyldopa Drug Profile: Efficacy in Hypertension in Pregnancy,16,1.4945138020276896
Q392,C267,Hypertension in Pregnancy in Pregnancy: Safety and Management Guide,17,1.4363596921061903
Q392,C275,Treatment Intensification in Hypertension in Pregnancy: When and How,18,1.4363596921061903
Q392,C257,Switching Therapy in Hypertension in Pregnancy: A Step-by-Step Guide,19,1.3326483965224
Q392,C137,Asthma in immunocompromised: Special Considerations,20,1.2582970093898815
Q393,C166,Dosis SSRIs pada ADHD: Referensi Cepat,1,12.790967266873917
Q393,C167,Sertraline in ADHD: Real-World Outcomes,2,5.142303115314051
Q393,C168,Challenging Case: ADHD with Concurrent atrial fibrillation,3,4.8337887749142725
Q393,C229,Monitoring Parameters for Bisphosphonates in Osteoporosis,4,4.437924011015704
Q393,C151,Monitoring Parameters for Nitroimidazoles in Inflammatory Bowel Disease,5,3.935554151769135
Q393,C090,Monitoring Parameters for Fatty acid derivatives in Parkinson Disease,6,3.724735442893917
Q393,C203,Monitoring Parameters for CNS stimulants in Breast Cancer HER2-positive,7,3.5353545204916235
Q393,C245,Monitoring Parameters for Factor Xa inhibitors in Deep Vein Thrombosis,8,3.5353545204916235
Q393,C328,Monitoring Parameters for IL-4/IL-13 inhibitors in Psoriasis,9,3.5353545204916235
Q393,C276,Efektivitas Magnesium pada Preeclampsia,10,1.7759290382152242
Q393,C212,Profil Keamanan Alendronate pada Osteoporosis,11,1.6548536020730698
Q393,C221,Meta-analisis: Alendronate pada Osteoporosis,12,1.6548536020730698
Q393,C309,Profil Keamanan Meropenem pada Sepsis,13,1.6548536020730698
Q393,C001,Panduan Praktis: Memulai Levothyroxine pada Hypothyroidism,14,1.5492333337338053
Q393,C026,Profil Keamanan Rivaroxaban pada Atrial Fibrillation,15,1.5492333337338053
Q393,C029,Profil Obat ARBs pada Heart Failure,16,1.5492333337338053
Q393,C054,Efektivitas Loop diuretics pada Nephrotic Syndrome,17,1.5492333337338053
Q393,C089,Perbandingan Topiramate dan Topiramate pada Migraine,18,1.5492333337338053
Q393,C099,Panduan Praktis: Memulai Dolutegravir pada Malaria,19,1.5492333337338053
Q393,C103,Profil Keamanan Amoxicillin pada HIV/AIDS,20,1.5492333337338053
Q394,C341,Consensus Statement: Topical calcineurin inhibitors Use in Psoriasis,1,14.194605138098664
Q394,C345,Dosis Topical calcineurin inhibitors pada Psoriasis: Referensi Cepat,2,13.149965625973895
Q394,C339,Quick Reference: Calcineurin inhibitors Dosing in Psoriasis,3,10.874546470979087
Q394,C328,Monitoring Parameters for IL-4/IL-13 inhibitors in Psoriasis,4,8.88192489260659
Q394,C331,Profil Keamanan Tacrolimus topical pada Psoriasis,5,7.42859230968978
Q394,C300,Case Series: Calcineurin inhibitors in Refractory Disseminated Intravascular Coagulation,6,7.199438548010087
Q394,C334,Panduan Praktis: Memulai Tacrolimus topical pada Psoriasis,7,6.982911219888281
Q394,C324,Successful Management of Severe Psoriasis with Tacrolimus topical,8,6.587680914236462
Q394,C342,Tacrolimus topical: Farmakologi dan Penggunaan Klinis pada Psoriasis,9,6.587680914236462
Q394,C245,Monitoring Parameters for Factor Xa inhibitors in Deep Vein Thrombosis,10,6.499488270716675
Q394,C229,Monitoring Parameters for Bisphosphonates in Osteoporosis,11,5.615910793799579
Q394,C082,Rare Adverse Event of Aspirin in Ischaemic Stroke,12,5.351892141672573
Q394,C279,Rare Adverse Event of Zinc in Stunting / Malnutrition,13,5.351892141672573
Q394,C327,Biomarkers in Psoriasis: Implications for IL-4/IL-13 inhibitors Therapy,14,5.0878814793325775
Q394,C238,Rare Adverse Event of Warfarin in Deep Vein Thrombosis,15,5.065203419364014
Q394,C252,Rare Adverse Event of Erythropoietin in Iron Deficiency Anaemia,16,5.065203419364014
Q394,C151,Monitoring Parameters for Nitroimidazoles in Inflammatory Bowel Disease,17,4.980193663893905
Q394,C090,Monitoring Parameters for Fatty acid derivatives in Parkinson Disease,18,4.713415985914633
Q394,C203,Monitoring Parameters for CNS stimulants in Breast Cancer HER2-positive,19,4.473766464287212
Q394,C332,Psoriasis in elderly patients: Special Considerations,20,4.168655081457952
Q395,C280,Biomarkers in Stunting / Malnutrition: Implications for Vitamin A Therapy,1,13.29903233965731
Q395,C297,Panduan Praktis: Memulai Vitamin A pada Stunting / Malnutrition,2,13.007113354968983
Q395,C016,Dose Adjustment of Desmopressin in Renal and Hepatic Impairment,3,10.68620986098231
Q395,C040,Dose Adjustment of Atorvastatin in Renal and Hepatic Impairment,4,10.68620986098231
Q395,C084,Dose Adjustment of Valproate in Renal and Hepatic Impairment,5,10.68620986098231
Q395,C116,Dose Adjustment of Salmeterol in Renal and Hepatic Impairment,6,10.68620986098231
Q395,C169,Dose Adjustment of Olanzapine in Renal and Hepatic Impairment,7,10.68620986098231
Q395,C231,Dose Adjustment of Apixaban in Renal and Hepatic Impairment,8,10.68620986098231
Q395,C236,Dose Adjustment of Rivaroxaban in Renal and Hepatic Impairment,9,10.68620986098231
Q395,C314,Dose Adjustment of Vancomycin in Renal and Hepatic Impairment,10,10.68620986098231
Q395,C343,Dose Adjustment of Dupilumab in Renal and Hepatic Impairment,11,10.68620986098231
Q395,C021,Dose Adjustment of Insulin glargine in Renal and Hepatic Impairment,12,10.142878848220512
Q395,C281,Stunting / Malnutrition in anaemia: Special Considerations,13,8.367100661074499
Q395,C283,Drug Interactions: Zinc in Stunting / Malnutrition Patients,14,7.865113422356017
Q395,C288,Zinc in Stunting / Malnutrition: Real-World Outcomes,15,7.865113422356017
Q395,C295,Risk Stratification in Stunting / Malnutrition: Current Approaches,16,7.865113422356017
Q395,C279,Rare Adverse Event of Zinc in Stunting / Malnutrition,17,7.419950784021094
Q395,C287,Challenging Case: Stunting / Malnutrition with Concurrent COPD,18,6.757800383834303
Q395,C289,Case Report: Atypical Presentation of Stunting / Malnutrition,19,6.757800383834303
Q395,C293,Clinical Summary: Stunting / Malnutrition Management Update 2021,20,6.757800383834303
Q396,C301,Successful Management of Severe Sepsis with Norepinephrine,1,12.399441375549683
Q396,C321,Kasus Sulit: Sepsis Refrakter terhadap Norepinephrine,2,9.304242720410047
Q396,C022,Quick Reference: Vasopressin analogues Dosing in Diabetes Insipidus,3,7.211283241335776
Q396,C303,Sepsis in Special Populations: Practical Guidance,4,4.959162545829072
Q396,C306,Sepsis in liver disease: Special Considerations,5,4.959162545829072
Q396,C319,Safety Profile of Meropenem in Sepsis,6,4.959162545829072
Q396,C073,Quick Reference: Antiepileptics other Dosing in Migraine,7,4.265026602851163
Q396,C339,Quick Reference: Calcineurin inhibitors Dosing in Psoriasis,8,4.265026602851163
Q396,C318,Switching Therapy in Sepsis: A Step-by-Step Guide,9,4.162209279760516
Q396,C309,Profil Keamanan Meropenem pada Sepsis,10,4.038960558940491
Q396,C006,"Methimazole: Pharmacology, Dosing, and Clinical Use in Hyperthyroidism",11,4.023627605387614
Q396,C146,Quick Reference: Nitroimidazoles Dosing in Inflammatory Bowel Disease,12,4.023627605387614
Q396,C163,"Risperidone: Pharmacology, Dosing, and Clinical Use in Schizophrenia",13,4.023627605387614
Q396,C217,"Adalimumab: Pharmacology, Dosing, and Clinical Use in Gout",14,4.023627605387614
Q396,C329,"Cyclosporine: Pharmacology, Dosing, and Clinical Use in Psoriasis",15,4.023627605387614
Q396,C005,Liraglutide in Type 2 Diabetes Mellitus: Real-World Outcomes,16,4.005580697124647
Q396,C017,Type 2 Diabetes Mellitus in Special Populations: Practical Guidance,17,4.005580697124647
Q396,C019,Asia-Pacific Guideline: Diabetes Insipidus in Primary Care 2021,18,4.005580697124647
Q396,C095,Quick Reference: NRTIs combination Dosing in Urinary Tract Infection,19,3.8080910013794624
Q396,C176,"Lithium: Pharmacology, Dosing, and Clinical Use in Bipolar Disorder",20,3.8080910013794624
Q397,C086,Risk Stratification in Migraine: Current Approaches,1,8.548135340886487
Q397,C127,Risk Stratification in Asthma: Current Approaches,2,8.548135340886487
Q397,C113,Risk Stratification in Typhoid Fever: Current Approaches,3,8.03528686089552
Q397,C224,Risk Stratification in Rheumatoid Arthritis: Current Approaches,4,8.03528686089552
Q397,C295,Risk Stratification in Stunting / Malnutrition: Current Approaches,5,8.03528686089552
Q397,C180,Risk Stratification in Major Depressive Disorder: Current Approaches,6,7.580492466118352
Q397,C188,Risk Stratification in Chronic Lymphocytic Leukaemia: Current Approaches,7,7.580492466118352
Q397,C110,WHO Guideline Update: Malaria 2025,8,5.1882041982338585
Q397,C097,Laporan Kasus: Malaria dengan atrial fibrillation,9,4.8570694568102715
Q397,C099,Panduan Praktis: Memulai Dolutegravir pada Malaria,10,4.8570694568102715
Q397,C105,Narrative Review: Current Evidence for Integrase inhibitors in Malaria,11,4.076522876343298
Q397,C001,Panduan Praktis: Memulai Levothyroxine pada Hypothyroidism,12,0.0
Q397,C002,Clinical Practice Guideline: Type 1 Diabetes Mellitus Management 2023,13,0.0
Q397,C003,A Case of Type 1 Diabetes Mellitus Resistant to Insulin degludec,14,0.0
Q397,C004,Successful Management of Severe Hypothyroidism with Levothyroxine,15,0.0
Q397,C005,Liraglutide in Type 2 Diabetes Mellitus: Real-World Outcomes,16,0.0
Q397,C006,"Methimazole: Pharmacology, Dosing, and Clinical Use in Hyperthyroidism",17,0.0
Q397,C007,Efficacy of Vasopressin analogues in Diabetes Insipidus: A Cohort Study,18,0.0
Q397,C008,Treatment Intensification in Type 2 Diabetes Mellitus: When and How,19,0.0
Q397,C009,Case Report: Atypical Presentation of Obesity,20,0.0
Q398,C304,Ringkasan Klinis: Tatalaksana Sepsis Terkini 2024,1,8.055243433488439
Q398,C129,Dosis Corticosteroids pada Asthma: Referensi Cepat,2,6.099430817826061
Q398,C124,Konsensus Nasional: Asthma di Indonesia 2024,3,4.274067670443244
Q398,C309,Profil Keamanan Meropenem pada Sepsis,4,4.038960558940491
Q398,C038,Clinical Summary: Heart Failure Management Update 2024,5,4.01764343044776
Q398,C052,Clinical Summary: Chronic Kidney Disease Management Update 2024,6,3.790246233059176
Q398,C196,Scoping Review: Emerging Therapies in Colorectal Cancer 2024,7,3.790246233059176
Q398,C303,Sepsis in Special Populations: Practical Guidance,8,3.781175763045196
Q398,C306,Sepsis in liver disease: Special Considerations,9,3.781175763045196
Q398,C313,Case Report: Atypical Presentation of Sepsis,10,3.781175763045196
Q398,C319,Safety Profile of Meropenem in Sepsis,11,3.781175763045196
Q398,C321,Kasus Sulit: Sepsis Refrakter terhadap Norepinephrine,12,3.781175763045196
Q398,C246,Scoping Review: Emerging Therapies in Deep Vein Thrombosis 2024,13,3.58721133978665
Q398,C301,Successful Management of Severe Sepsis with Norepinephrine,14,3.554322751794755
Q398,C305,Hydrocortisone: Farmakologi dan Penggunaan Klinis pada Sepsis,15,3.554322751794755
Q398,C315,Perbandingan Hydrocortisone dan Piperacillin-tazobactam pada Sepsis,16,3.554322751794755
Q398,C239,Asia-Pacific Guideline: Deep Vein Thrombosis in Primary Care 2024,17,3.4048227103668527
Q398,C318,Switching Therapy in Sepsis: A Step-by-Step Guide,18,3.1735287367398
Q398,C001,Panduan Praktis: Memulai Levothyroxine pada Hypothyroidism,19,0.0
Q398,C002,Clinical Practice Guideline: Type 1 Diabetes Mellitus Management 2023,20,0.0
Q399,C263,Tinjauan Sistematis: Beta blockers non-selective pada Hypertension in Pregnancy,1,13.199414649437976
Q399,C270,Long-term Outcomes of Beta blockers non-selective Therapy in Hypertension in Pregnancy,2,11.45253258164537
Q399,C026,Profil Keamanan Rivaroxaban pada Atrial Fibrillation,3,7.562351526090392
Q399,C097,Laporan Kasus: Malaria dengan atrial fibrillation,4,7.562351526090392
Q399,C027,National Guideline: Atrial Fibrillation Diagnosis and Treatment,5,7.10864550358951
Q399,C037,Atrial Fibrillation in Special Populations: Practical Guidance,6,7.10864550358951
Q399,C042,Atrial Fibrillation in Special Populations: Practical Guidance,7,7.10864550358951
Q399,C081,Parkinson Disease in atrial fibrillation: Special Considerations,8,7.10864550358951
Q399,C168,Challenging Case: ADHD with Concurrent atrial fibrillation,9,7.10864550358951
Q399,C030,Treatment Intensification in Atrial Fibrillation: When and How,10,6.7062986819441015
Q399,C032,Consensus Statement: SGLT2 inhibitors Use in Atrial Fibrillation,11,6.7062986819441015
Q399,C046,Treatment Intensification in Atrial Fibrillation: When and How,12,6.7062986819441015
Q399,C025,Metoprolol versus Empagliflozin in Atrial Fibrillation: Head-to-Head Comparison,13,6.024346876365611
Q399,C033,"Statins: Mechanism, Indications, and Safety",14,4.151558599265983
Q399,C104,"NRTIs: Mechanism, Indications, and Safety",15,4.151558599265983
Q399,C112,"Antimalarials: Mechanism, Indications, and Safety",16,4.151558599265983
Q399,C265,"Magnesium: Mechanism, Indications, and Safety",17,4.151558599265983
Q399,C292,"Benzodiazepines: Mechanism, Indications, and Safety",18,4.151558599265983
Q399,C101,"NRTIs combination: Mechanism, Indications, and Safety",19,3.8865872853495445
Q399,C244,"Iron preparations: Mechanism, Indications, and Safety",20,3.8865872853495445
Q400,C129,Dosis Corticosteroids pada Asthma: Referensi Cepat,1,5.823301004177049
Q400,C133,Panduan Praktis: Memulai Prednisolone pada COPD,2,5.823301004177049
Q400,C135,Prednisolone pada Pasien COPD: Studi Kohort,3,5.823301004177049
Q400,C166,Dosis SSRIs pada ADHD: Referensi Cepat,4,5.823301004177049
Q400,C345,Dosis Topical calcineurin inhibitors pada Psoriasis: Referensi Cepat,5,5.164107449137047
Q400,C116,Dose Adjustment of Salmeterol in Renal and Hepatic Impairment,6,5.119232797191707
Q400,C036,Dosis Platelet aggregation inhibitors pada Stable Angina: Referensi Cepat,7,4.88747792685476
Q400,C185,Dosis BCR-ABL inhibitors pada Chronic Myeloid Leukaemia: Referensi Cepat,8,4.638978377772834
Q400,C198,Dosis BCR-ABL inhibitors pada Chronic Myeloid Leukaemia: Referensi Cepat,9,4.638978377772834
Q400,C083,Laporan Kasus: Migraine dengan COPD,10,4.565455781209233
Q400,C010,Dosis DPP-4 inhibitors pada Type 2 Diabetes Mellitus: Referensi Cepat,11,4.4145256732042455
Q400,C128,COPD in Special Populations: Practical Guidance,12,4.274067670443244
Q400,C132,Practical Guide: Initiating Prednisolone in COPD,13,4.274067670443244
Q400,C118,COPD in Pregnancy: Safety and Management Guide,14,4.01764343044776
Q400,C287,Challenging Case: Stunting / Malnutrition with Concurrent COPD,15,4.01764343044776
Q400,C276,Efektivitas Magnesium pada Preeclampsia,16,1.7759290382152242
Q400,C212,Profil Keamanan Alendronate pada Osteoporosis,17,1.6548536020730698
Q400,C221,Meta-analisis: Alendronate pada Osteoporosis,18,1.6548536020730698
Q400,C309,Profil Keamanan Meropenem pada Sepsis,19,1.6548536020730698
Q400,C001,Panduan Praktis: Memulai Levothyroxine pada Hypothyroidism,20,1.5492333337338053
Q401,C044,Safety Profile of Furosemide in Heart Failure,1,9.142599899417235
Q401,C029,Profil Obat ARBs pada Heart Failure,2,8.548135340886487
Q401,C041,Laporan Kasus: Heart Failure dengan immunocompromised,3,8.548135340886487
Q401,C031,Clinical Practice Guideline: Heart Failure Management 2021,4,8.03528686089552
Q401,C038,Clinical Summary: Heart Failure Management Update 2024,5,8.03528686089552
Q401,C045,Metoprolol pada Pasien Heart Failure: Studi Kohort,6,8.03528686089552
Q401,C034,Spironolactone Real-World Evidence in Heart Failure: A Retrospective Study,7,7.748057364529293
Q401,C080,Treatment Intensification in Epilepsy: When and How,8,4.661635790316469
Q401,C131,Treatment Intensification in Asthma: When and How,9,4.661635790316469
Q401,C138,Treatment Intensification in Asthma: When and How,10,4.661635790316469
Q401,C225,Treatment Intensification in Gout: When and How,11,4.661635790316469
Q401,C274,Treatment Intensification in Preeclampsia: When and How,12,4.661635790316469
Q401,C326,Treatment Intensification in Psoriasis: When and How,13,4.661635790316469
Q401,C275,Treatment Intensification in Hypertension in Pregnancy: When and How,14,4.6098884288459905
Q401,C030,Treatment Intensification in Atrial Fibrillation: When and How,15,4.397788853096821
Q401,C046,Treatment Intensification in Atrial Fibrillation: When and How,16,4.397788853096821
Q401,C214,Adalimumab versus Adalimumab in Gout: Head-to-Head Comparison,17,4.250680833631613
Q401,C210,Treatment Intensification in Systemic Lupus Erythematosus: When and How,18,4.162209279760516
Q401,C025,Metoprolol versus Empagliflozin in Atrial Fibrillation: Head-to-Head Comparison,19,4.034558676916648
Q401,C008,Treatment Intensification in Type 2 Diabetes Mellitus: When and How,20,3.9505853819783936
Q402,C009,Case Report: Atypical Presentation of Obesity,1,5.142303115314051
Q402,C200,Chronic Lymphocytic Leukaemia and obesity: Management Challenges,2,4.8337887749142725
Q402,C023,Hasil Jangka Panjang Terapi GLP-1 receptor agonists pada Obesity,3,4.096479461869578
Q402,C001,Panduan Praktis: Memulai Levothyroxine pada Hypothyroidism,4,0.0
Q402,C002,Clinical Practice Guideline: Type 1 Diabetes Mellitus Management 2023,5,0.0
Q402,C003,A Case of Type 1 Diabetes Mellitus Resistant to Insulin degludec,6,0.0
Q402,C004,Successful Management of Severe Hypothyroidism with Levothyroxine,7,0.0
Q402,C005,Liraglutide in Type 2 Diabetes Mellitus: Real-World Outcomes,8,0.0
Q402,C006,"Methimazole: Pharmacology, Dosing, and Clinical Use in Hyperthyroidism",9,0.0
Q402,C007,Efficacy of Vasopressin analogues in Diabetes Insipidus: A Cohort Study,10,0.0
Q402,C008,Treatment Intensification in Type 2 Diabetes Mellitus: When and How,11,0.0
Q402,C010,Dosis DPP-4 inhibitors pada Type 2 Diabetes Mellitus: Referensi Cepat,12,0.0
Q402,C011,National Guideline: Hypothyroidism Diagnosis and Treatment,13,0.0
Q402,C012,Case Report: Atypical Presentation of Type 2 Diabetes Mellitus,14,0.0
Q402,C013,Asia-Pacific Guideline: Type 1 Diabetes Mellitus in Primary Care 2023,15,0.0
Q402,C014,Practical Guide: Initiating Methimazole in Hyperthyroidism,16,0.0
Q402,C015,Panduan Klinis: Tatalaksana Hyperthyroidism 2021,17,0.0
Q402,C016,Dose Adjustment of Desmopressin in Renal and Hepatic Impairment,18,0.0
Q402,C017,Type 2 Diabetes Mellitus in Special Populations: Practical Guidance,19,0.0
Q402,C018,Laporan Kasus: Type 2 Diabetes Mellitus dengan Presentasi Atipikal,20,0.0
Q403,C096,Drug Interactions: Artemether-lumefantrine in Typhoid Fever Patients,1,28.71183481560358
Q403,C106,Successful Management of Severe Typhoid Fever with Artemether-lumefantrine,2,27.17380695171481
Q403,C113,Risk Stratification in Typhoid Fever: Current Approaches,3,9.667577549828545
Q403,C029,Profil Obat ARBs pada Heart Failure,4,6.691536449047856
Q403,C043,Profil Obat Statins pada Acute Coronary Syndrome,5,6.290075292918985
Q403,C266,Profil Obat Centrally acting antihypertensives pada Hypertension in Pregnancy,6,5.616185161647389
Q403,C089,Perbandingan Topiramate dan Topiramate pada Migraine,7,4.982028724354492
Q403,C088,Perbandingan Valproate dan Valproate pada Parkinson Disease,8,4.683130104168213
Q403,C285,Perbandingan Diazepam dan Diazepam pada Febrile Seizure,9,4.683130104168213
Q403,C291,Perbandingan Diazepam dan Diazepam pada Febrile Seizure,10,4.683130104168213
Q403,C294,Perbandingan Zinc dan Zinc pada Stunting / Malnutrition,11,4.683130104168213
Q403,C305,Hydrocortisone: Farmakologi dan Penggunaan Klinis pada Sepsis,12,4.683130104168213
Q403,C315,Perbandingan Hydrocortisone dan Piperacillin-tazobactam pada Sepsis,13,4.683130104168213
Q403,C091,Valproate: Farmakologi dan Penggunaan Klinis pada Parkinson Disease,14,4.418066596385674
Q403,C123,Metronidazole: Farmakologi dan Penggunaan Klinis pada Pulmonary Embolism,15,4.418066596385674
Q403,C165,Lithium: Farmakologi dan Penggunaan Klinis pada Bipolar Disorder,16,4.418066596385674
Q403,C171,Perbandingan Venlafaxine dan Venlafaxine pada Major Depressive Disorder,17,4.418066596385674
Q403,C273,Magnesium sulphate: Farmakologi dan Penggunaan Klinis pada Preeclampsia,18,4.418066596385674
Q403,C284,Diazepam: Farmakologi dan Penggunaan Klinis pada Febrile Seizure,19,4.418066596385674
Q403,C342,Tacrolimus topical: Farmakologi dan Penggunaan Klinis pada Psoriasis,20,4.418066596385674
Q404,C150,Practical Guide: Initiating Omeprazole in Peptic Ulcer Disease,1,14.258115812959513
Q404,C157,Profil Keamanan Lansoprazole pada Peptic Ulcer Disease,2,9.380043388467092
Q404,C147,National Guideline: Peptic Ulcer Disease Diagnosis and Treatment,3,8.849136249780818
Q404,C154,Peptic Ulcer Disease pada Populasi Khusus: Pendekatan Praktis,4,8.849136249780818
Q404,C143,Consensus Statement: Proton pump inhibitors Use in Peptic Ulcer Disease,5,7.949283032745352
Q404,C161,Asia-Pacific Guideline: Peptic Ulcer Disease in Primary Care 2025,6,7.949283032745352
Q404,C149,Switching Therapy in Peptic Ulcer Disease: A Step-by-Step Guide,7,7.5646642803429085
Q404,C156,Switching Therapy in Peptic Ulcer Disease: A Step-by-Step Guide,8,7.5646642803429085
Q404,C139,Narrative Review: Current Evidence for Proton pump inhibitors in Peptic Ulcer Disease,9,7.215546686584609
Q404,C141,Efficacy of Proton pump inhibitors in Peptic Ulcer Disease: A Cohort Study,10,7.215546686584609
Q404,C016,Dose Adjustment of Desmopressin in Renal and Hepatic Impairment,11,3.2620002906108967
Q404,C040,Dose Adjustment of Atorvastatin in Renal and Hepatic Impairment,12,3.2620002906108967
Q404,C084,Dose Adjustment of Valproate in Renal and Hepatic Impairment,13,3.2620002906108967
Q404,C116,Dose Adjustment of Salmeterol in Renal and Hepatic Impairment,14,3.2620002906108967
Q404,C169,Dose Adjustment of Olanzapine in Renal and Hepatic Impairment,15,3.2620002906108967
Q404,C231,Dose Adjustment of Apixaban in Renal and Hepatic Impairment,16,3.2620002906108967
Q404,C236,Dose Adjustment of Rivaroxaban in Renal and Hepatic Impairment,17,3.2620002906108967
Q404,C314,Dose Adjustment of Vancomycin in Renal and Hepatic Impairment,18,3.2620002906108967
Q404,C343,Dose Adjustment of Dupilumab in Renal and Hepatic Impairment,19,3.2620002906108967
Q404,C021,Dose Adjustment of Insulin glargine in Renal and Hepatic Impairment,20,3.0961467331210595
Q405,C081,Parkinson Disease in atrial fibrillation: Special Considerations,1,6.4241701610907604
Q405,C088,Perbandingan Valproate dan Valproate pada Parkinson Disease,2,6.4241701610907604
Q405,C057,Switching Therapy in Chronic Kidney Disease: A Step-by-Step Guide,3,6.06884887478423
Q405,C149,Switching Therapy in Peptic Ulcer Disease: A Step-by-Step Guide,4,6.06884887478423
Q405,C156,Switching Therapy in Peptic Ulcer Disease: A Step-by-Step Guide,5,6.06884887478423
Q405,C078,Drug Interactions: Levodopa-carbidopa in Parkinson Disease Patients,6,6.060564401777123
Q405,C091,Valproate: Farmakologi dan Penggunaan Klinis pada Parkinson Disease,7,6.060564401777123
Q405,C090,Monitoring Parameters for Fatty acid derivatives in Parkinson Disease,8,5.735913713979216
Q405,C216,Switching Therapy in Osteoporosis: A Step-by-Step Guide,9,4.739049196575517
Q405,C318,Switching Therapy in Sepsis: A Step-by-Step Guide,10,4.739049196575517
Q405,C323,Switching Therapy in Psoriasis: A Step-by-Step Guide,11,4.739049196575517
Q405,C340,Switching Therapy in Psoriasis: A Step-by-Step Guide,12,4.739049196575517
Q405,C039,Switching Therapy in Stable Angina: A Step-by-Step Guide,13,4.561551364759652
Q405,C087,Switching Therapy in Ischaemic Stroke: A Step-by-Step Guide,14,4.561551364759652
Q405,C257,Switching Therapy in Hypertension in Pregnancy: A Step-by-Step Guide,15,4.396869633396971
Q405,C092,Hasil Jangka Panjang Terapi Antiepileptics other pada Migraine,16,3.790246233059176
Q405,C077,Hasil Jangka Panjang Terapi Fatty acid derivatives pada Epilepsy,17,3.58721133978665
Q405,C213,Hasil Jangka Panjang Terapi IL-17 inhibitors pada Gout,18,3.58721133978665
Q405,C220,Hasil Jangka Panjang Terapi Proteasome inhibitors pada Rheumatoid Arthritis,19,3.58721133978665
Q405,C023,Hasil Jangka Panjang Terapi GLP-1 receptor agonists pada Obesity,20,3.4048227103668527
Q406,C085,Pedoman PNPK: Ischaemic Stroke,1,11.135586229852866
Q406,C070,Ischaemic Stroke in Special Populations: Practical Guidance,2,9.13133562640039
Q406,C082,Rare Adverse Event of Aspirin in Ischaemic Stroke,3,8.614505259095605
Q406,C087,Switching Therapy in Ischaemic Stroke: A Step-by-Step Guide,4,7.738511257900502
Q406,C268,Methyldopa Drug Profile: Efficacy in Hypertension in Pregnancy,5,6.397354721279854
Q406,C267,Hypertension in Pregnancy in Pregnancy: Safety and Management Guide,6,4.185725173149176
Q406,C076,Levetiracetam Drug Profile: Efficacy in Epilepsy,7,3.781175763045196
Q406,C126,Budesonide Drug Profile: Efficacy in Asthma,8,3.781175763045196
Q406,C262,Preeclampsia in pregnancy: Special Considerations,9,3.6668290654818585
Q406,C004,Successful Management of Severe Hypothyroidism with Levothyroxine,10,3.6534100715880893
Q406,C168,Challenging Case: ADHD with Concurrent atrial fibrillation,11,3.6534100715880893
Q406,C177,Successful Management of Severe Schizophrenia with Clozapine,12,3.6534100715880893
Q406,C287,Challenging Case: Stunting / Malnutrition with Concurrent COPD,13,3.6534100715880893
Q406,C301,Successful Management of Severe Sepsis with Norepinephrine,14,3.6534100715880893
Q406,C278,Diazepam Drug Profile: Efficacy in Febrile Seizure,15,3.554322751794755
Q406,C283,Drug Interactions: Zinc in Stunting / Malnutrition Patients,16,3.554322751794755
Q406,C064,Successful Management of Severe Nephrotic Syndrome with Furosemide,17,3.446628353505714
Q406,C222,Challenging Case: Psoriatic Arthritis with Concurrent renal impairment,18,3.446628353505714
Q406,C324,Successful Management of Severe Psoriasis with Tacrolimus topical,19,3.446628353505714
Q406,C047,Drug Interactions: Losartan in Chronic Kidney Disease Patients,20,3.3531493409720508
Q407,C199,Pedoman PNPK: Breast Cancer HER2-positive,1,19.143887050654573
Q407,C187,Clinical Practice Guideline: Breast Cancer HER2-positive Management 2022,2,16.067403235237293
Q407,C203,Monitoring Parameters for CNS stimulants in Breast Cancer HER2-positive,3,15.250470142417498
Q407,C190,Case Series: HER2-targeted agents in Refractory Non-Small Cell Lung Cancer,4,6.40608737664751
Q407,C129,Dosis Corticosteroids pada Asthma: Referensi Cepat,5,5.823301004177049
Q407,C166,Dosis SSRIs pada ADHD: Referensi Cepat,6,5.823301004177049
Q407,C345,Dosis Topical calcineurin inhibitors pada Psoriasis: Referensi Cepat,7,5.164107449137047
Q407,C036,Dosis Platelet aggregation inhibitors pada Stable Angina: Referensi Cepat,8,4.88747792685476
Q407,C185,Dosis BCR-ABL inhibitors pada Chronic Myeloid Leukaemia: Referensi Cepat,9,4.638978377772834
Q407,C198,Dosis BCR-ABL inhibitors pada Chronic Myeloid Leukaemia: Referensi Cepat,10,4.638978377772834
Q407,C010,Dosis DPP-4 inhibitors pada Type 2 Diabetes Mellitus: Referensi Cepat,11,4.4145256732042455
Q407,C189,Clinical Practice Guideline: Colorectal Cancer Management 2020,12,3.762097240968909
Q407,C201,Kasus Sulit: Colorectal Cancer Refrakter terhadap Pembrolizumab,13,3.762097240968909
Q407,C196,Scoping Review: Emerging Therapies in Colorectal Cancer 2024,14,3.5491638675350425
Q407,C202,Drug Interactions: Nivolumab in Non-Small Cell Lung Cancer Patients,15,3.188255589728093
Q407,C207,Biomarkers in Colorectal Cancer: Implications for PD-1 inhibitors Therapy,16,3.188255589728093
Q407,C276,Efektivitas Magnesium pada Preeclampsia,17,1.7759290382152242
Q407,C212,Profil Keamanan Alendronate pada Osteoporosis,18,1.6548536020730698
Q407,C221,Meta-analisis: Alendronate pada Osteoporosis,19,1.6548536020730698
Q407,C309,Profil Keamanan Meropenem pada Sepsis,20,1.6548536020730698
Q408,C116,Dose Adjustment of Salmeterol in Renal and Hepatic Impairment,1,5.119232797191707
Q408,C083,Laporan Kasus: Migraine dengan COPD,2,4.565455781209233
Q408,C128,COPD in Special Populations: Practical Guidance,3,4.274067670443244
Q408,C132,Practical Guide: Initiating Prednisolone in COPD,4,4.274067670443244
Q408,C133,Panduan Praktis: Memulai Prednisolone pada COPD,5,4.274067670443244
Q408,C135,Prednisolone pada Pasien COPD: Studi Kohort,6,4.274067670443244
Q408,C118,COPD in Pregnancy: Safety and Management Guide,7,4.01764343044776
Q408,C287,Challenging Case: Stunting / Malnutrition with Concurrent COPD,8,4.01764343044776
Q408,C001,Panduan Praktis: Memulai Levothyroxine pada Hypothyroidism,9,0.0
Q408,C002,Clinical Practice Guideline: Type 1 Diabetes Mellitus Management 2023,10,0.0
Q408,C003,A Case of Type 1 Diabetes Mellitus Resistant to Insulin degludec,11,0.0
Q408,C004,Successful Management of Severe Hypothyroidism with Levothyroxine,12,0.0
Q408,C005,Liraglutide in Type 2 Diabetes Mellitus: Real-World Outcomes,13,0.0
Q408,C006,"Methimazole: Pharmacology, Dosing, and Clinical Use in Hyperthyroidism",14,0.0
Q408,C007,Efficacy of Vasopressin analogues in Diabetes Insipidus: A Cohort Study,15,0.0
Q408,C008,Treatment Intensification in Type 2 Diabetes Mellitus: When and How,16,0.0
Q408,C009,Case Report: Atypical Presentation of Obesity,17,0.0
Q408,C010,Dosis DPP-4 inhibitors pada Type 2 Diabetes Mellitus: Referensi Cepat,18,0.0
Q408,C011,National Guideline: Hypothyroidism Diagnosis and Treatment,19,0.0
Q408,C012,Case Report: Atypical Presentation of Type 2 Diabetes Mellitus,20,0.0
Q409,C034,Spironolactone Real-World Evidence in Heart Failure: A Retrospective Study,1,12.607007238547537
Q409,C044,Safety Profile of Furosemide in Heart Failure,2,9.142599899417235
Q409,C029,Profil Obat ARBs pada Heart Failure,3,8.548135340886487
Q409,C041,Laporan Kasus: Heart Failure dengan immunocompromised,4,8.548135340886487
Q409,C031,Clinical Practice Guideline: Heart Failure Management 2021,5,8.03528686089552
Q409,C038,Clinical Summary: Heart Failure Management Update 2024,6,8.03528686089552
Q409,C045,Metoprolol pada Pasien Heart Failure: Studi Kohort,7,8.03528686089552
Q409,C009,Case Report: Atypical Presentation of Obesity,8,5.142303115314051
Q409,C200,Chronic Lymphocytic Leukaemia and obesity: Management Challenges,9,4.8337887749142725
Q409,C073,Quick Reference: Antiepileptics other Dosing in Migraine,10,4.265026602851163
Q409,C339,Quick Reference: Calcineurin inhibitors Dosing in Psoriasis,11,4.265026602851163
Q409,C023,Hasil Jangka Panjang Terapi GLP-1 receptor agonists pada Obesity,12,4.096479461869578
Q409,C006,"Methimazole: Pharmacology, Dosing, and Clinical Use in Hyperthyroidism",13,4.023627605387614
Q409,C022,Quick Reference: Vasopressin analogues Dosing in Diabetes Insipidus,14,4.023627605387614
Q409,C146,Quick Reference: Nitroimidazoles Dosing in Inflammatory Bowel Disease,15,4.023627605387614
Q409,C163,"Risperidone: Pharmacology, Dosing, and Clinical Use in Schizophrenia",16,4.023627605387614
Q409,C217,"Adalimumab: Pharmacology, Dosing, and Clinical Use in Gout",17,4.023627605387614
Q409,C329,"Cyclosporine: Pharmacology, Dosing, and Clinical Use in Psoriasis",18,4.023627605387614
Q409,C095,Quick Reference: NRTIs combination Dosing in Urinary Tract Infection,19,3.8080910013794624
Q409,C176,"Lithium: Pharmacology, Dosing, and Clinical Use in Bipolar Disorder",20,3.8080910013794624
Q410,C085,Pedoman PNPK: Ischaemic Stroke,1,11.135586229852866
Q410,C070,Ischaemic Stroke in Special Populations: Practical Guidance,2,9.13133562640039
Q410,C082,Rare Adverse Event of Aspirin in Ischaemic Stroke,3,8.614505259095605
Q410,C087,Switching Therapy in Ischaemic Stroke: A Step-by-Step Guide,4,7.738511257900502
Q410,C092,Hasil Jangka Panjang Terapi Antiepileptics other pada Migraine,5,5.164107449137047
Q410,C077,Hasil Jangka Panjang Terapi Fatty acid derivatives pada Epilepsy,6,4.88747792685476
Q410,C213,Hasil Jangka Panjang Terapi IL-17 inhibitors pada Gout,7,4.88747792685476
Q410,C220,Hasil Jangka Panjang Terapi Proteasome inhibitors pada Rheumatoid Arthritis,8,4.88747792685476
Q410,C023,Hasil Jangka Panjang Terapi GLP-1 receptor agonists pada Obesity,9,4.638978377772834
Q410,C098,Hasil Jangka Panjang Terapi NRTIs combination pada Urinary Tract Infection,10,4.638978377772834
Q410,C253,Hasil Jangka Panjang Terapi Erythropoiesis stimulating agents pada Iron Deficiency Anaemia,11,4.4145256732042455
Q410,C276,Efektivitas Magnesium pada Preeclampsia,12,1.7759290382152242
Q410,C212,Profil Keamanan Alendronate pada Osteoporosis,13,1.6548536020730698
Q410,C221,Meta-analisis: Alendronate pada Osteoporosis,14,1.6548536020730698
Q410,C309,Profil Keamanan Meropenem pada Sepsis,15,1.6548536020730698
Q410,C001,Panduan Praktis: Memulai Levothyroxine pada Hypothyroidism,16,1.5492333337338053
Q410,C026,Profil Keamanan Rivaroxaban pada Atrial Fibrillation,17,1.5492333337338053
Q410,C029,Profil Obat ARBs pada Heart Failure,18,1.5492333337338053
Q410,C054,Efektivitas Loop diuretics pada Nephrotic Syndrome,19,1.5492333337338053
Q410,C089,Perbandingan Topiramate dan Topiramate pada Migraine,20,1.5492333337338053
Q411,C212,Profil Keamanan Alendronate pada Osteoporosis,1,11.888220664009136
Q411,C221,Meta-analisis: Alendronate pada Osteoporosis,2,11.888220664009136
Q411,C223,Kasus Sulit: Osteoporosis Refrakter terhadap Alendronate,3,9.580227126329754
Q411,C135,Prednisolone pada Pasien COPD: Studi Kohort,4,5.987157344749509
Q411,C045,Metoprolol pada Pasien Heart Failure: Studi Kohort,5,5.627955668445315
Q411,C152,Metronidazole pada Pasien Inflammatory Bowel Disease: Studi Kohort,6,5.309415367847006
Q411,C250,Rivaroxaban pada Pasien Deep Vein Thrombosis: Studi Kohort,7,5.309415367847006
Q411,C311,Secukinumab pada Pasien Disseminated Intravascular Coagulation: Studi Kohort,8,5.309415367847006
Q411,C317,Secukinumab pada Pasien Disseminated Intravascular Coagulation: Studi Kohort,9,5.309415367847006
Q411,C332,Psoriasis in elderly patients: Special Considerations,10,5.142303115314051
Q411,C322,Disseminated Intravascular Coagulation and elderly patients: Management Challenges,11,4.560198039645514
Q411,C219,Konsensus Nasional: Osteoporosis di Indonesia 2022,12,4.437924011015704
Q411,C229,Monitoring Parameters for Bisphosphonates in Osteoporosis,13,4.437924011015704
Q411,C242,Challenging Case: Deep Vein Thrombosis with Concurrent elderly patients,14,4.315918574579278
Q411,C216,Switching Therapy in Osteoporosis: A Step-by-Step Guide,15,3.724735442893917
Q411,C016,Dose Adjustment of Desmopressin in Renal and Hepatic Impairment,16,3.2620002906108967
Q411,C040,Dose Adjustment of Atorvastatin in Renal and Hepatic Impairment,17,3.2620002906108967
Q411,C084,Dose Adjustment of Valproate in Renal and Hepatic Impairment,18,3.2620002906108967
Q411,C116,Dose Adjustment of Salmeterol in Renal and Hepatic Impairment,19,3.2620002906108967
Q411,C169,Dose Adjustment of Olanzapine in Renal and Hepatic Impairment,20,3.2620002906108967
Q412,C082,Rare Adverse Event of Aspirin in Ischaemic Stroke,1,14.0234848222743
Q412,C085,Pedoman PNPK: Ischaemic Stroke,2,11.135586229852866
Q412,C159,Long-term Outcomes of Nitroimidazoles Therapy in Inflammatory Bowel Disease,3,10.470719975856499
Q412,C174,Long-term Outcomes of SNRIs Therapy in Major Depressive Disorder,4,10.470719975856499
Q412,C209,Long-term Outcomes of Proteasome inhibitors Therapy in Rheumatoid Arthritis,5,10.470719975856499
Q412,C069,Long-term Outcomes of SGLT2 inhibitors Therapy in Chronic Kidney Disease,6,9.964103814715937
Q412,C070,Ischaemic Stroke in Special Populations: Practical Guidance,7,9.13133562640039
Q412,C270,Long-term Outcomes of Beta blockers non-selective Therapy in Hypertension in Pregnancy,8,9.084968149090425
Q412,C087,Switching Therapy in Ischaemic Stroke: A Step-by-Step Guide,9,7.738511257900502
Q412,C167,Sertraline in ADHD: Real-World Outcomes,10,3.8865872853495445
Q412,C053,Furosemide in Nephrotic Syndrome: Real-World Outcomes,11,3.6534100715880893
Q412,C288,Zinc in Stunting / Malnutrition: Real-World Outcomes,12,3.6534100715880893
Q412,C299,Diazepam in Febrile Seizure: Real-World Outcomes,13,3.6534100715880893
Q412,C005,Liraglutide in Type 2 Diabetes Mellitus: Real-World Outcomes,14,3.2620002906108967
Q412,C001,Panduan Praktis: Memulai Levothyroxine pada Hypothyroidism,15,0.0
Q412,C002,Clinical Practice Guideline: Type 1 Diabetes Mellitus Management 2023,16,0.0
Q412,C003,A Case of Type 1 Diabetes Mellitus Resistant to Insulin degludec,17,0.0
Q412,C004,Successful Management of Severe Hypothyroidism with Levothyroxine,18,0.0
Q412,C006,"Methimazole: Pharmacology, Dosing, and Clinical Use in Hyperthyroidism",19,0.0
Q412,C007,Efficacy of Vasopressin analogues in Diabetes Insipidus: A Cohort Study,20,0.0
Q413,C174,Long-term Outcomes of SNRIs Therapy in Major Depressive Disorder,1,13.84819388085678
Q413,C170,Major Depressive Disorder in hypertension: Special Considerations,2,10.607182869993093
Q413,C164,Clinical Summary: Major Depressive Disorder Management Update 2021,3,10.00682007061052
Q413,C171,Perbandingan Venlafaxine dan Venlafaxine pada Major Depressive Disorder,4,10.00682007061052
Q413,C180,Risk Stratification in Major Depressive Disorder: Current Approaches,5,10.00682007061052
Q413,C181,Case Report: Atypical Presentation of Major Depressive Disorder,6,10.00682007061052
Q413,C172,Major Depressive Disorder in Pregnancy: Safety and Management Guide,7,9.470777417942562
Q413,C182,"Sertraline: Pharmacology, Dosing, and Clinical Use in Major Depressive Disorder",8,8.989244006838536
Q413,C173,Escitalopram versus Sertraline in Major Depressive Disorder: Head-to-Head Comparison,9,8.554307698657128
Q413,C184,Sertraline Real-World Evidence in Major Depressive Disorder: A Retrospective Study,10,8.554307698657128
Q413,C124,Konsensus Nasional: Asthma di Indonesia 2024,11,4.274067670443244
Q413,C304,Ringkasan Klinis: Tatalaksana Sepsis Terkini 2024,12,4.274067670443244
Q413,C038,Clinical Summary: Heart Failure Management Update 2024,13,4.01764343044776
Q413,C052,Clinical Summary: Chronic Kidney Disease Management Update 2024,14,3.790246233059176
Q413,C196,Scoping Review: Emerging Therapies in Colorectal Cancer 2024,15,3.790246233059176
Q413,C246,Scoping Review: Emerging Therapies in Deep Vein Thrombosis 2024,16,3.58721133978665
Q413,C239,Asia-Pacific Guideline: Deep Vein Thrombosis in Primary Care 2024,17,3.4048227103668527
Q413,C175,Clinical Summary: Bipolar Disorder Management Update 2020,18,3.300362726816915
Q413,C165,Lithium: Farmakologi dan Penggunaan Klinis pada Bipolar Disorder,19,3.1135633635990922
Q413,C183,Scoping Review: Emerging Therapies in Bipolar Disorder 2022,20,3.1135633635990922
Q414,C035,Stable Angina in Special Populations: Practical Guidance,1,9.667577549828545
Q414,C036,Dosis Platelet aggregation inhibitors pada Stable Angina: Referensi Cepat,2,8.631837149158557
Q414,C040,Dose Adjustment of Atorvastatin in Renal and Hepatic Impairment,3,8.381233087802602
Q414,C039,Switching Therapy in Stable Angina: A Step-by-Step Guide,4,8.192958923739155
Q414,C016,Dose Adjustment of Desmopressin in Renal and Hepatic Impairment,5,3.2620002906108967
Q414,C084,Dose Adjustment of Valproate in Renal and Hepatic Impairment,6,3.2620002906108967
Q414,C116,Dose Adjustment of Salmeterol in Renal and Hepatic Impairment,7,3.2620002906108967
Q414,C169,Dose Adjustment of Olanzapine in Renal and Hepatic Impairment,8,3.2620002906108967
Q414,C231,Dose Adjustment of Apixaban in Renal and Hepatic Impairment,9,3.2620002906108967
Q414,C236,Dose Adjustment of Rivaroxaban in Renal and Hepatic Impairment,10,3.2620002906108967
Q414,C314,Dose Adjustment of Vancomycin in Renal and Hepatic Impairment,11,3.2620002906108967
Q414,C343,Dose Adjustment of Dupilumab in Renal and Hepatic Impairment,12,3.2620002906108967
Q414,C021,Dose Adjustment of Insulin glargine in Renal and Hepatic Impairment,13,3.0961467331210595
Q414,C001,Panduan Praktis: Memulai Levothyroxine pada Hypothyroidism,14,0.0
Q414,C002,Clinical Practice Guideline: Type 1 Diabetes Mellitus Management 2023,15,0.0
Q414,C003,A Case of Type 1 Diabetes Mellitus Resistant to Insulin degludec,16,0.0
Q414,C004,Successful Management of Severe Hypothyroidism with Levothyroxine,17,0.0
Q414,C005,Liraglutide in Type 2 Diabetes Mellitus: Real-World Outcomes,18,0.0
Q414,C006,"Methimazole: Pharmacology, Dosing, and Clinical Use in Hyperthyroidism",19,0.0
Q414,C007,Efficacy of Vasopressin analogues in Diabetes Insipidus: A Cohort Study,20,0.0
Q415,C199,Pedoman PNPK: Breast Cancer HER2-positive,1,19.143887050654573
Q415,C187,Clinical Practice Guideline: Breast Cancer HER2-positive Management 2022,2,18.30180186114743
Q415,C203,Monitoring Parameters for CNS stimulants in Breast Cancer HER2-positive,3,15.250470142417498
Q415,C190,Case Series: HER2-targeted agents in Refractory Non-Small Cell Lung Cancer,4,6.40608737664751
Q415,C189,Clinical Practice Guideline: Colorectal Cancer Management 2020,5,6.264602978733237
Q415,C002,Clinical Practice Guideline: Type 1 Diabetes Mellitus Management 2023,6,5.959134068804051
Q415,C333,WHO Guideline Update: Psoriasis 2023,7,4.740483163795515
Q415,C233,WHO Guideline Update: Iron Deficiency Anaemia 2023,8,4.171669150440603
Q415,C197,Konsensus Nasional: Chronic Myeloid Leukaemia di Indonesia 2023,9,3.935554151769135
Q415,C201,Kasus Sulit: Colorectal Cancer Refrakter terhadap Pembrolizumab,10,3.762097240968909
Q415,C196,Scoping Review: Emerging Therapies in Colorectal Cancer 2024,11,3.5491638675350425
Q415,C142,Asia-Pacific Guideline: Inflammatory Bowel Disease in Primary Care 2023,12,3.5353545204916235
Q415,C013,Asia-Pacific Guideline: Type 1 Diabetes Mellitus in Primary Care 2023,13,3.3642996417848807
Q415,C202,Drug Interactions: Nivolumab in Non-Small Cell Lung Cancer Patients,14,3.188255589728093
Q415,C207,Biomarkers in Colorectal Cancer: Implications for PD-1 inhibitors Therapy,15,3.188255589728093
Q415,C254,Clinical Practice Guideline: Preeclampsia Management 2022,16,2.662227012934592
Q415,C004,Successful Management of Severe Hypothyroidism with Levothyroxine,17,2.502505737764327
Q415,C031,Clinical Practice Guideline: Heart Failure Management 2021,18,2.502505737764327
Q415,C038,Clinical Summary: Heart Failure Management Update 2024,19,2.502505737764327
Q415,C051,Clinical Practice Guideline: Nephrotic Syndrome Management 2022,20,2.502505737764327
Q416,C093,Practical Guide: Initiating Tenofovir+Lamivudine in Urinary Tract Infection,1,10.077129629206315
Q416,C095,Quick Reference: NRTIs combination Dosing in Urinary Tract Infection,2,10.077129629206315
Q416,C108,Case Series: NRTIs combination in Refractory Urinary Tract Infection,3,10.077129629206315
Q416,C109,Panduan Praktis: Memulai Tenofovir+Lamivudine pada Urinary Tract Infection,4,10.077129629206315
Q416,C115,Case Series: NRTIs combination in Refractory Urinary Tract Infection,5,10.077129629206315
Q416,C098,Hasil Jangka Panjang Terapi NRTIs combination pada Urinary Tract Infection,6,9.564766769184278
Q416,C102,Biomarkers in Urinary Tract Infection: Implications for NRTIs combination Therapy,7,9.564766769184278
Q416,C111,Biomarkers in Urinary Tract Infection: Implications for NRTIs combination Therapy,8,9.564766769184278
Q416,C094,"Tenofovir+Lamivudine: Pharmacology, Dosing, and Clinical Use in Urinary Tract Infection",9,9.101984321178588
Q416,C086,Risk Stratification in Migraine: Current Approaches,10,8.548135340886487
Q416,C127,Risk Stratification in Asthma: Current Approaches,11,8.548135340886487
Q416,C113,Risk Stratification in Typhoid Fever: Current Approaches,12,8.03528686089552
Q416,C224,Risk Stratification in Rheumatoid Arthritis: Current Approaches,13,8.03528686089552
Q416,C295,Risk Stratification in Stunting / Malnutrition: Current Approaches,14,8.03528686089552
Q416,C180,Risk Stratification in Major Depressive Disorder: Current Approaches,15,7.580492466118352
Q416,C188,Risk Stratification in Chronic Lymphocytic Leukaemia: Current Approaches,16,7.580492466118352
Q416,C001,Panduan Praktis: Memulai Levothyroxine pada Hypothyroidism,17,0.0
Q416,C002,Clinical Practice Guideline: Type 1 Diabetes Mellitus Management 2023,18,0.0
Q416,C003,A Case of Type 1 Diabetes Mellitus Resistant to Insulin degludec,19,0.0
Q416,C004,Successful Management of Severe Hypothyroidism with Levothyroxine,20,0.0
Q417,C171,Perbandingan Venlafaxine dan Venlafaxine pada Major Depressive Disorder,1,25.483536235814782
Q417,C170,Major Depressive Disorder in hypertension: Special Considerations,2,10.607182869993093
Q417,C164,Clinical Summary: Major Depressive Disorder Management Update 2021,3,10.00682007061052
Q417,C180,Risk Stratification in Major Depressive Disorder: Current Approaches,4,10.00682007061052
Q417,C181,Case Report: Atypical Presentation of Major Depressive Disorder,5,10.00682007061052
Q417,C172,Major Depressive Disorder in Pregnancy: Safety and Management Guide,6,9.470777417942562
Q417,C174,Long-term Outcomes of SNRIs Therapy in Major Depressive Disorder,7,8.989244006838536
Q417,C182,"Sertraline: Pharmacology, Dosing, and Clinical Use in Major Depressive Disorder",8,8.989244006838536
Q417,C173,Escitalopram versus Sertraline in Major Depressive Disorder: Head-to-Head Comparison,9,8.554307698657128
Q417,C184,Sertraline Real-World Evidence in Major Depressive Disorder: A Retrospective Study,10,8.554307698657128
Q417,C175,Clinical Summary: Bipolar Disorder Management Update 2020,11,3.300362726816915
Q417,C165,Lithium: Farmakologi dan Penggunaan Klinis pada Bipolar Disorder,12,3.1135633635990922
Q417,C183,Scoping Review: Emerging Therapies in Bipolar Disorder 2022,13,3.1135633635990922
Q417,C176,"Lithium: Pharmacology, Dosing, and Clinical Use in Bipolar Disorder",14,2.946776836720769
Q417,C001,Panduan Praktis: Memulai Levothyroxine pada Hypothyroidism,15,0.0
Q417,C002,Clinical Practice Guideline: Type 1 Diabetes Mellitus Management 2023,16,0.0
Q417,C003,A Case of Type 1 Diabetes Mellitus Resistant to Insulin degludec,17,0.0
Q417,C004,Successful Management of Severe Hypothyroidism with Levothyroxine,18,0.0
Q417,C005,Liraglutide in Type 2 Diabetes Mellitus: Real-World Outcomes,19,0.0
Q417,C006,"Methimazole: Pharmacology, Dosing, and Clinical Use in Hyperthyroidism",20,0.0
Q418,C218,Profil Keamanan Colchicine pada Psoriatic Arthritis,1,10.68037046098732
Q418,C226,Safety Profile of Ibuprofen in Psoriatic Arthritis,2,8.583311243647955
Q418,C227,Consensus Statement: NSAIDs Use in Psoriatic Arthritis,3,8.583311243647955
Q418,C222,Challenging Case: Psoriatic Arthritis with Concurrent renal impairment,4,8.09749886260698
Q418,C220,Hasil Jangka Panjang Terapi Proteasome inhibitors pada Rheumatoid Arthritis,5,7.0217130555008325
Q418,C245,Monitoring Parameters for Factor Xa inhibitors in Deep Vein Thrombosis,6,5.561076326921087
Q418,C328,Monitoring Parameters for IL-4/IL-13 inhibitors in Psoriasis,7,5.561076326921087
Q418,C209,Long-term Outcomes of Proteasome inhibitors Therapy in Rheumatoid Arthritis,8,5.430544516796317
Q418,C229,Monitoring Parameters for Bisphosphonates in Osteoporosis,9,4.437924011015704
Q418,C224,Risk Stratification in Rheumatoid Arthritis: Current Approaches,10,4.01764343044776
Q418,C151,Monitoring Parameters for Nitroimidazoles in Inflammatory Bowel Disease,11,3.935554151769135
Q418,C090,Monitoring Parameters for Fatty acid derivatives in Parkinson Disease,12,3.724735442893917
Q418,C345,Dosis Topical calcineurin inhibitors pada Psoriasis: Referensi Cepat,13,3.628893298267501
Q418,C203,Monitoring Parameters for CNS stimulants in Breast Cancer HER2-positive,14,3.5353545204916235
Q418,C036,Dosis Platelet aggregation inhibitors pada Stable Angina: Referensi Cepat,15,3.4345017157141826
Q418,C213,Hasil Jangka Panjang Terapi IL-17 inhibitors pada Gout,16,3.4345017157141826
Q418,C185,Dosis BCR-ABL inhibitors pada Chronic Myeloid Leukaemia: Referensi Cepat,17,3.259877473835446
Q418,C198,Dosis BCR-ABL inhibitors pada Chronic Myeloid Leukaemia: Referensi Cepat,18,3.259877473835446
Q418,C010,Dosis DPP-4 inhibitors pada Type 2 Diabetes Mellitus: Referensi Cepat,19,3.1021512988072555
Q418,C140,"Proton pump inhibitors: Mechanism, Indications, and Safety",20,2.3903235498095015
Q419,C228,Methotrexate Drug Profile: Efficacy in Systemic Lupus Erythematosus,1,17.723034140201896
Q419,C208,Laporan Kasus: Systemic Lupus Erythematosus dengan Presentasi Atipikal,2,12.314054577023203
Q419,C211,Case Report: Atypical Presentation of Systemic Lupus Erythematosus,3,12.314054577023203
Q419,C210,Treatment Intensification in Systemic Lupus Erythematosus: When and How,4,11.65441860535705
Q419,C215,Narrative Review: Current Evidence for NSAIDs in Systemic Lupus Erythematosus,5,11.061859864103159
Q419,C029,Profil Obat ARBs pada Heart Failure,6,4.274067670443244
Q419,C041,Laporan Kasus: Heart Failure dengan immunocompromised,7,4.274067670443244
Q419,C031,Clinical Practice Guideline: Heart Failure Management 2021,8,4.01764343044776
Q419,C038,Clinical Summary: Heart Failure Management Update 2024,9,4.01764343044776
Q419,C044,Safety Profile of Furosemide in Heart Failure,10,4.01764343044776
Q419,C045,Metoprolol pada Pasien Heart Failure: Studi Kohort,11,4.01764343044776
Q419,C034,Spironolactone Real-World Evidence in Heart Failure: A Retrospective Study,12,3.4048227103668527
Q419,C162,Biomarkers in Schizophrenia: Implications for Atypical antipsychotics Therapy,13,2.605782573313007
Q419,C216,Switching Therapy in Osteoporosis: A Step-by-Step Guide,14,2.466196711568875
Q419,C280,Biomarkers in Stunting / Malnutrition: Implications for Vitamin A Therapy,15,2.466196711568875
Q419,C318,Switching Therapy in Sepsis: A Step-by-Step Guide,16,2.466196711568875
Q419,C323,Switching Therapy in Psoriasis: A Step-by-Step Guide,17,2.466196711568875
Q419,C340,Switching Therapy in Psoriasis: A Step-by-Step Guide,18,2.466196711568875
Q419,C039,Switching Therapy in Stable Angina: A Step-by-Step Guide,19,2.340805092426243
Q419,C056,Biomarkers in Chronic Kidney Disease: Implications for SGLT2 inhibitors Therapy,20,2.340805092426243
Q420,C025,Metoprolol versus Empagliflozin in Atrial Fibrillation: Head-to-Head Comparison,1,10.424151759511602
Q420,C026,Profil Keamanan Rivaroxaban pada Atrial Fibrillation,2,9.111584859824198
Q420,C097,Laporan Kasus: Malaria dengan atrial fibrillation,3,7.562351526090392
Q420,C027,National Guideline: Atrial Fibrillation Diagnosis and Treatment,4,7.10864550358951
Q420,C037,Atrial Fibrillation in Special Populations: Practical Guidance,5,7.10864550358951
Q420,C042,Atrial Fibrillation in Special Populations: Practical Guidance,6,7.10864550358951
Q420,C081,Parkinson Disease in atrial fibrillation: Special Considerations,7,7.10864550358951
Q420,C168,Challenging Case: ADHD with Concurrent atrial fibrillation,8,7.10864550358951
Q420,C030,Treatment Intensification in Atrial Fibrillation: When and How,9,6.7062986819441015
Q420,C032,Consensus Statement: SGLT2 inhibitors Use in Atrial Fibrillation,10,6.7062986819441015
Q420,C046,Treatment Intensification in Atrial Fibrillation: When and How,11,6.7062986819441015
Q420,C045,Metoprolol pada Pasien Heart Failure: Studi Kohort,12,6.647995070171552
Q420,C129,Dosis Corticosteroids pada Asthma: Referensi Cepat,13,5.823301004177049
Q420,C166,Dosis SSRIs pada ADHD: Referensi Cepat,14,5.823301004177049
Q420,C345,Dosis Topical calcineurin inhibitors pada Psoriasis: Referensi Cepat,15,5.164107449137047
Q420,C036,Dosis Platelet aggregation inhibitors pada Stable Angina: Referensi Cepat,16,4.88747792685476
Q420,C185,Dosis BCR-ABL inhibitors pada Chronic Myeloid Leukaemia: Referensi Cepat,17,4.638978377772834
Q420,C198,Dosis BCR-ABL inhibitors pada Chronic Myeloid Leukaemia: Referensi Cepat,18,4.638978377772834
Q420,C010,Dosis DPP-4 inhibitors pada Type 2 Diabetes Mellitus: Referensi Cepat,19,4.4145256732042455
Q420,C276,Efektivitas Magnesium pada Preeclampsia,20,1.7759290382152242
Q421,C029,Profil Obat ARBs pada Heart Failure,1,8.548135340886487
Q421,C041,Laporan Kasus: Heart Failure dengan immunocompromised,2,8.548135340886487
Q421,C031,Clinical Practice Guideline: Heart Failure Management 2021,3,8.03528686089552
Q421,C038,Clinical Summary: Heart Failure Management Update 2024,4,8.03528686089552
Q421,C044,Safety Profile of Furosemide in Heart Failure,5,8.03528686089552
Q421,C045,Metoprolol pada Pasien Heart Failure: Studi Kohort,6,8.03528686089552
Q421,C034,Spironolactone Real-World Evidence in Heart Failure: A Retrospective Study,7,6.809645420733705
Q421,C016,Dose Adjustment of Desmopressin in Renal and Hepatic Impairment,8,3.2620002906108967
Q421,C040,Dose Adjustment of Atorvastatin in Renal and Hepatic Impairment,9,3.2620002906108967
Q421,C084,Dose Adjustment of Valproate in Renal and Hepatic Impairment,10,3.2620002906108967
Q421,C116,Dose Adjustment of Salmeterol in Renal and Hepatic Impairment,11,3.2620002906108967
Q421,C169,Dose Adjustment of Olanzapine in Renal and Hepatic Impairment,12,3.2620002906108967
Q421,C231,Dose Adjustment of Apixaban in Renal and Hepatic Impairment,13,3.2620002906108967
Q421,C236,Dose Adjustment of Rivaroxaban in Renal and Hepatic Impairment,14,3.2620002906108967
Q421,C314,Dose Adjustment of Vancomycin in Renal and Hepatic Impairment,15,3.2620002906108967
Q421,C343,Dose Adjustment of Dupilumab in Renal and Hepatic Impairment,16,3.2620002906108967
Q421,C021,Dose Adjustment of Insulin glargine in Renal and Hepatic Impairment,17,3.0961467331210595
Q421,C001,Panduan Praktis: Memulai Levothyroxine pada Hypothyroidism,18,0.0
Q421,C002,Clinical Practice Guideline: Type 1 Diabetes Mellitus Management 2023,19,0.0
Q421,C003,A Case of Type 1 Diabetes Mellitus Resistant to Insulin degludec,20,0.0
Q422,C248,Rivaroxaban Real-World Evidence in Deep Vein Thrombosis: A Retrospective Study,1,14.834132297808774
Q422,C250,Rivaroxaban pada Pasien Deep Vein Thrombosis: Studi Kohort,2,13.906323870916534
Q422,C251,A Case of Deep Vein Thrombosis Resistant to Rivaroxaban,3,13.161393644928065
Q422,C243,Kasus Sulit: Deep Vein Thrombosis Refrakter terhadap Warfarin,4,9.8016390119088
Q422,C249,Ringkasan Klinis: Tatalaksana Deep Vein Thrombosis Terkini 2022,5,9.8016390119088
Q422,C234,New Insights into Deep Vein Thrombosis Pathophysiology and Treatment,6,9.276587443142382
Q422,C238,Rare Adverse Event of Warfarin in Deep Vein Thrombosis,7,9.276587443142382
Q422,C242,Challenging Case: Deep Vein Thrombosis with Concurrent elderly patients,8,9.276587443142382
Q422,C246,Scoping Review: Emerging Therapies in Deep Vein Thrombosis 2024,9,9.276587443142382
Q422,C239,Asia-Pacific Guideline: Deep Vein Thrombosis in Primary Care 2024,10,8.804927451805415
Q422,C241,Consensus Statement: Vitamin K antagonists Use in Deep Vein Thrombosis,11,8.804927451805415
Q422,C245,Monitoring Parameters for Factor Xa inhibitors in Deep Vein Thrombosis,12,8.804927451805415
Q422,C026,Profil Keamanan Rivaroxaban pada Atrial Fibrillation,13,4.628644097110018
Q422,C124,Konsensus Nasional: Asthma di Indonesia 2024,14,4.274067670443244
Q422,C219,Konsensus Nasional: Osteoporosis di Indonesia 2022,15,4.274067670443244
Q422,C236,Dose Adjustment of Rivaroxaban in Renal and Hepatic Impairment,16,3.884806201785683
Q422,C062,Konsensus Nasional: Chronic Kidney Disease di Indonesia 2022,17,3.790246233059176
Q422,C153,Konsensus Nasional: Inflammatory Bowel Disease di Indonesia 2021,18,3.790246233059176
Q422,C160,Konsensus Nasional: Inflammatory Bowel Disease di Indonesia 2022,19,3.790246233059176
Q422,C186,Konsensus Nasional: Chronic Lymphocytic Leukaemia di Indonesia 2022,20,3.790246233059176
Q423,C268,Methyldopa Drug Profile: Efficacy in Hypertension in Pregnancy,1,13.214911749483788
Q423,C267,Hypertension in Pregnancy in Pregnancy: Safety and Management Guide,2,8.714280679636161
Q423,C260,Hypertension in Pregnancy in anaemia: Special Considerations,3,8.247649817751334
Q423,C255,Practical Guide: Initiating Labetalol in Hypertension in Pregnancy,4,7.805932186305093
Q423,C275,Treatment Intensification in Hypertension in Pregnancy: When and How,5,7.409689709756355
Q423,C272,National Guideline: Hypertension in Pregnancy Diagnosis and Treatment,6,7.356057896402174
Q423,C266,Profil Obat Centrally acting antihypertensives pada Hypertension in Pregnancy,7,6.9620105606708815
Q423,C257,Switching Therapy in Hypertension in Pregnancy: A Step-by-Step Guide,8,6.727950249968875
Q423,C263,Tinjauan Sistematis: Beta blockers non-selective pada Hypertension in Pregnancy,9,6.608033210609751
Q423,C270,Long-term Outcomes of Beta blockers non-selective Therapy in Hypertension in Pregnancy,10,6.16217819320973
Q423,C262,Preeclampsia in pregnancy: Special Considerations,11,4.92512607487174
Q423,C028,Practical Guide: Initiating Losartan in Hypertension,12,4.8622565146338275
Q423,C170,Major Depressive Disorder in hypertension: Special Considerations,13,4.570543671608399
Q423,C075,Migraine in Pregnancy: Safety and Management Guide,14,4.334156624685214
Q423,C118,COPD in Pregnancy: Safety and Management Guide,15,4.334156624685214
Q423,C269,Preeclampsia in Pregnancy: Safety and Management Guide,16,4.334156624685214
Q423,C172,Major Depressive Disorder in Pregnancy: Safety and Management Guide,17,3.869814746290087
Q423,C137,Asthma in immunocompromised: Special Considerations,18,1.2582970093898815
Q423,C014,Practical Guide: Initiating Methimazole in Hyperthyroidism,19,1.1779867827838757
Q423,C076,Levetiracetam Drug Profile: Efficacy in Epilepsy,20,1.1779867827838757
Q424,C132,Practical Guide: Initiating Prednisolone in COPD,1,10.59435756854117
Q424,C229,Monitoring Parameters for Bisphosphonates in Osteoporosis,2,10.053834804815283
Q424,C133,Panduan Praktis: Memulai Prednisolone pada COPD,3,9.416370785757294
Q424,C135,Prednisolone pada Pasien COPD: Studi Kohort,4,9.416370785757294
Q424,C151,Monitoring Parameters for Nitroimidazoles in Inflammatory Bowel Disease,5,8.915747815663039
Q424,C090,Monitoring Parameters for Fatty acid derivatives in Parkinson Disease,6,8.43815142880855
Q424,C203,Monitoring Parameters for CNS stimulants in Breast Cancer HER2-positive,7,8.009120984778836
Q424,C245,Monitoring Parameters for Factor Xa inhibitors in Deep Vein Thrombosis,8,8.009120984778836
Q424,C328,Monitoring Parameters for IL-4/IL-13 inhibitors in Psoriasis,9,8.009120984778836
Q424,C128,COPD in Special Populations: Practical Guidance,10,5.452054453227119
Q424,C118,COPD in Pregnancy: Safety and Management Guide,11,5.124956468969474
Q424,C083,Laporan Kasus: Migraine dengan COPD,12,4.565455781209233
Q424,C287,Challenging Case: Stunting / Malnutrition with Concurrent COPD,13,4.01764343044776
Q424,C260,Hypertension in Pregnancy in anaemia: Special Considerations,14,1.5575755985011488
Q424,C255,Practical Guide: Initiating Labetalol in Hypertension in Pregnancy,15,1.4945138020276896
Q424,C268,Methyldopa Drug Profile: Efficacy in Hypertension in Pregnancy,16,1.4945138020276896
Q424,C267,Hypertension in Pregnancy in Pregnancy: Safety and Management Guide,17,1.4363596921061903
Q424,C275,Treatment Intensification in Hypertension in Pregnancy: When and How,18,1.4363596921061903
Q424,C257,Switching Therapy in Hypertension in Pregnancy: A Step-by-Step Guide,19,1.3326483965224
Q424,C137,Asthma in immunocompromised: Special Considerations,20,1.2582970093898815
Q425,C093,Practical Guide: Initiating Tenofovir+Lamivudine in Urinary Tract Infection,1,18.70896677836487
Q425,C109,Panduan Praktis: Memulai Tenofovir+Lamivudine pada Urinary Tract Infection,2,18.70896677836487
Q425,C094,"Tenofovir+Lamivudine: Pharmacology, Dosing, and Clinical Use in Urinary Tract Infection",3,16.898534458521226
Q425,C095,Quick Reference: NRTIs combination Dosing in Urinary Tract Infection,4,10.077129629206315
Q425,C108,Case Series: NRTIs combination in Refractory Urinary Tract Infection,5,10.077129629206315
Q425,C115,Case Series: NRTIs combination in Refractory Urinary Tract Infection,6,10.077129629206315
Q425,C098,Hasil Jangka Panjang Terapi NRTIs combination pada Urinary Tract Infection,7,9.564766769184278
Q425,C102,Biomarkers in Urinary Tract Infection: Implications for NRTIs combination Therapy,8,9.564766769184278
Q425,C111,Biomarkers in Urinary Tract Infection: Implications for NRTIs combination Therapy,9,9.564766769184278
Q425,C001,Panduan Praktis: Memulai Levothyroxine pada Hypothyroidism,10,0.0
Q425,C002,Clinical Practice Guideline: Type 1 Diabetes Mellitus Management 2023,11,0.0
Q425,C003,A Case of Type 1 Diabetes Mellitus Resistant to Insulin degludec,12,0.0
Q425,C004,Successful Management of Severe Hypothyroidism with Levothyroxine,13,0.0
Q425,C005,Liraglutide in Type 2 Diabetes Mellitus: Real-World Outcomes,14,0.0
Q425,C006,"Methimazole: Pharmacology, Dosing, and Clinical Use in Hyperthyroidism",15,0.0
Q425,C007,Efficacy of Vasopressin analogues in Diabetes Insipidus: A Cohort Study,16,0.0
Q425,C008,Treatment Intensification in Type 2 Diabetes Mellitus: When and How,17,0.0
Q425,C009,Case Report: Atypical Presentation of Obesity,18,0.0
Q425,C010,Dosis DPP-4 inhibitors pada Type 2 Diabetes Mellitus: Referensi Cepat,19,0.0
Q425,C011,National Guideline: Hypothyroidism Diagnosis and Treatment,20,0.0
Q426,C344,Safety Profile of Dupilumab in Psoriasis,1,8.132971413988127
Q426,C320,Safety Profile of Dupilumab in Disseminated Intravascular Coagulation,2,4.560198039645514
Q426,C343,Dose Adjustment of Dupilumab in Renal and Hepatic Impairment,3,4.315918574579278
Q426,C333,WHO Guideline Update: Psoriasis 2023,4,3.1945595920910574
Q426,C335,WHO Guideline Update: Psoriasis 2025,5,3.1945595920910574
Q426,C338,Laporan Kasus: Psoriasis dengan anaemia,6,3.1945595920910574
Q426,C331,Profil Keamanan Tacrolimus topical pada Psoriasis,7,2.990668298674076
Q426,C332,Psoriasis in elderly patients: Special Considerations,8,2.990668298674076
Q426,C325,A Case of Psoriasis Resistant to Cyclosporine,9,2.811242069447678
Q426,C326,Treatment Intensification in Psoriasis: When and How,10,2.811242069447678
Q426,C330,New Insights into Psoriasis Pathophysiology and Treatment,11,2.811242069447678
Q426,C334,Panduan Praktis: Memulai Tacrolimus topical pada Psoriasis,12,2.811242069447678
Q426,C336,A Case of Psoriasis Resistant to Cyclosporine,13,2.811242069447678
Q426,C337,New Insights into Psoriasis Pathophysiology and Treatment,14,2.811242069447678
Q426,C339,Quick Reference: Calcineurin inhibitors Dosing in Psoriasis,15,2.811242069447678
Q426,C324,Successful Management of Severe Psoriasis with Tacrolimus topical,16,2.6521267624673275
Q426,C329,"Cyclosporine: Pharmacology, Dosing, and Clinical Use in Psoriasis",17,2.6521267624673275
Q426,C341,Consensus Statement: Topical calcineurin inhibitors Use in Psoriasis,18,2.6521267624673275
Q426,C342,Tacrolimus topical: Farmakologi dan Penggunaan Klinis pada Psoriasis,19,2.6521267624673275
Q426,C345,Dosis Topical calcineurin inhibitors pada Psoriasis: Referensi Cepat,20,2.6521267624673275
Q427,C123,Metronidazole: Farmakologi dan Penggunaan Klinis pada Pulmonary Embolism,1,10.4942572953689
Q427,C119,Clinical Practice Guideline: Pulmonary Embolism Management 2025,2,9.667577549828545
Q427,C134,Scoping Review: Emerging Therapies in Pulmonary Embolism 2025,3,9.120396079291028
Q427,C157,Profil Keamanan Lansoprazole pada Peptic Ulcer Disease,4,7.189779771790314
Q427,C222,Challenging Case: Psoriatic Arthritis with Concurrent renal impairment,5,6.7062986819441015
Q427,C016,Dose Adjustment of Desmopressin in Renal and Hepatic Impairment,6,6.3470574734796
Q427,C040,Dose Adjustment of Atorvastatin in Renal and Hepatic Impairment,7,6.3470574734796
Q427,C084,Dose Adjustment of Valproate in Renal and Hepatic Impairment,8,6.3470574734796
Q427,C116,Dose Adjustment of Salmeterol in Renal and Hepatic Impairment,9,6.3470574734796
Q427,C169,Dose Adjustment of Olanzapine in Renal and Hepatic Impairment,10,6.3470574734796
Q427,C231,Dose Adjustment of Apixaban in Renal and Hepatic Impairment,11,6.3470574734796
Q427,C236,Dose Adjustment of Rivaroxaban in Renal and Hepatic Impairment,12,6.3470574734796
Q427,C314,Dose Adjustment of Vancomycin in Renal and Hepatic Impairment,13,6.3470574734796
Q427,C343,Dose Adjustment of Dupilumab in Renal and Hepatic Impairment,14,6.3470574734796
Q427,C021,Dose Adjustment of Insulin glargine in Renal and Hepatic Impairment,15,6.024346876365611
Q427,C083,Laporan Kasus: Migraine dengan COPD,16,4.565455781209233
Q427,C338,Laporan Kasus: Psoriasis dengan anaemia,17,4.565455781209233
Q427,C041,Laporan Kasus: Heart Failure dengan immunocompromised,18,4.274067670443244
Q427,C097,Laporan Kasus: Malaria dengan atrial fibrillation,19,4.274067670443244
Q427,C024,Laporan Kasus: Acute Coronary Syndrome dengan Presentasi Atipikal,20,3.790246233059176
Q428,C171,Perbandingan Venlafaxine dan Venlafaxine pada Major Depressive Disorder,1,19.11903936929052
Q428,C182,"Sertraline: Pharmacology, Dosing, and Clinical Use in Major Depressive Disorder",2,12.858499635788789
Q428,C173,Escitalopram versus Sertraline in Major Depressive Disorder: Head-to-Head Comparison,3,12.236352950696316
Q428,C184,Sertraline Real-World Evidence in Major Depressive Disorder: A Retrospective Study,4,12.236352950696316
Q428,C170,Major Depressive Disorder in hypertension: Special Considerations,5,10.607182869993093
Q428,C164,Clinical Summary: Major Depressive Disorder Management Update 2021,6,10.00682007061052
Q428,C180,Risk Stratification in Major Depressive Disorder: Current Approaches,7,10.00682007061052
Q428,C181,Case Report: Atypical Presentation of Major Depressive Disorder,8,10.00682007061052
Q428,C172,Major Depressive Disorder in Pregnancy: Safety and Management Guide,9,9.470777417942562
Q428,C174,Long-term Outcomes of SNRIs Therapy in Major Depressive Disorder,10,8.989244006838536
Q428,C167,Sertraline in ADHD: Real-World Outcomes,11,4.8570694568102715
Q428,C165,Lithium: Farmakologi dan Penggunaan Klinis pada Bipolar Disorder,12,4.487424579676963
Q428,C175,Clinical Summary: Bipolar Disorder Management Update 2020,13,3.300362726816915
Q428,C183,Scoping Review: Emerging Therapies in Bipolar Disorder 2022,14,3.1135633635990922
Q428,C176,"Lithium: Pharmacology, Dosing, and Clinical Use in Bipolar Disorder",15,2.946776836720769
Q428,C276,Efektivitas Magnesium pada Preeclampsia,16,1.7759290382152242
Q428,C212,Profil Keamanan Alendronate pada Osteoporosis,17,1.6548536020730698
Q428,C221,Meta-analisis: Alendronate pada Osteoporosis,18,1.6548536020730698
Q428,C309,Profil Keamanan Meropenem pada Sepsis,19,1.6548536020730698
Q428,C001,Panduan Praktis: Memulai Levothyroxine pada Hypothyroidism,20,1.5492333337338053
Q429,C320,Safety Profile of Dupilumab in Disseminated Intravascular Coagulation,1,14.619646062561666
Q429,C311,Secukinumab pada Pasien Disseminated Intravascular Coagulation: Studi Kohort,2,13.995002174685288
Q429,C317,Secukinumab pada Pasien Disseminated Intravascular Coagulation: Studi Kohort,3,13.995002174685288
Q429,C308,WHO Guideline Update: Disseminated Intravascular Coagulation 2025,4,10.662968255384264
Q429,C302,Kasus Sulit: Disseminated Intravascular Coagulation Refrakter terhadap Secukinumab,5,10.059448022916152
Q429,C322,Disseminated Intravascular Coagulation and elderly patients: Management Challenges,6,10.059448022916152
Q429,C300,Case Series: Calcineurin inhibitors in Refractory Disseminated Intravascular Coagulation,7,9.520586210219399
Q429,C312,A Case of Disseminated Intravascular Coagulation Resistant to Cyclosporine,8,9.520586210219399
Q429,C307,Case Series: IL-17 inhibitors in Refractory Disseminated Intravascular Coagulation,9,9.036520314548415
Q429,C310,Quick Reference: IL-4/IL-13 inhibitors Dosing in Disseminated Intravascular Coagulation,10,8.202429570730201
Q429,C316,Efficacy of IL-17 inhibitors in Disseminated Intravascular Coagulation: A Cohort Study,11,8.202429570730201
Q429,C344,Safety Profile of Dupilumab in Psoriasis,12,5.142303115314051
Q429,C135,Prednisolone pada Pasien COPD: Studi Kohort,13,4.437924011015704
Q429,C343,Dose Adjustment of Dupilumab in Renal and Hepatic Impairment,14,4.315918574579278
Q429,C129,Dosis Corticosteroids pada Asthma: Referensi Cepat,15,4.274067670443244
Q429,C166,Dosis SSRIs pada ADHD: Referensi Cepat,16,4.274067670443244
Q429,C045,Metoprolol pada Pasien Heart Failure: Studi Kohort,17,4.171669150440603
Q429,C152,Metronidazole pada Pasien Inflammatory Bowel Disease: Studi Kohort,18,3.935554151769135
Q429,C250,Rivaroxaban pada Pasien Deep Vein Thrombosis: Studi Kohort,19,3.935554151769135
Q429,C345,Dosis Topical calcineurin inhibitors pada Psoriasis: Referensi Cepat,20,3.790246233059176
Q430,C171,Perbandingan Venlafaxine dan Venlafaxine pada Major Depressive Disorder,1,17.74517815321265
Q430,C170,Major Depressive Disorder in hypertension: Special Considerations,2,10.607182869993093
Q430,C164,Clinical Summary: Major Depressive Disorder Management Update 2021,3,10.00682007061052
Q430,C180,Risk Stratification in Major Depressive Disorder: Current Approaches,4,10.00682007061052
Q430,C181,Case Report: Atypical Presentation of Major Depressive Disorder,5,10.00682007061052
Q430,C172,Major Depressive Disorder in Pregnancy: Safety and Management Guide,6,9.470777417942562
Q430,C174,Long-term Outcomes of SNRIs Therapy in Major Depressive Disorder,7,8.989244006838536
Q430,C182,"Sertraline: Pharmacology, Dosing, and Clinical Use in Major Depressive Disorder",8,8.989244006838536
Q430,C173,Escitalopram versus Sertraline in Major Depressive Disorder: Head-to-Head Comparison,9,8.554307698657128
Q430,C184,Sertraline Real-World Evidence in Major Depressive Disorder: A Retrospective Study,10,8.554307698657128
Q430,C222,Challenging Case: Psoriatic Arthritis with Concurrent renal impairment,11,6.7062986819441015
Q430,C016,Dose Adjustment of Desmopressin in Renal and Hepatic Impairment,12,6.3470574734796
Q430,C040,Dose Adjustment of Atorvastatin in Renal and Hepatic Impairment,13,6.3470574734796
Q430,C084,Dose Adjustment of Valproate in Renal and Hepatic Impairment,14,6.3470574734796
Q430,C116,Dose Adjustment of Salmeterol in Renal and Hepatic Impairment,15,6.3470574734796
Q430,C169,Dose Adjustment of Olanzapine in Renal and Hepatic Impairment,16,6.3470574734796
Q430,C231,Dose Adjustment of Apixaban in Renal and Hepatic Impairment,17,6.3470574734796
Q430,C236,Dose Adjustment of Rivaroxaban in Renal and Hepatic Impairment,18,6.3470574734796
Q430,C314,Dose Adjustment of Vancomycin in Renal and Hepatic Impairment,19,6.3470574734796
Q430,C343,Dose Adjustment of Dupilumab in Renal and Hepatic Impairment,20,6.3470574734796
Q431,C143,Consensus Statement: Proton pump inhibitors Use in Peptic Ulcer Disease,1,17.71351609707532
Q431,C139,Narrative Review: Current Evidence for Proton pump inhibitors in Peptic Ulcer Disease,2,16.078519516227836
Q431,C141,Efficacy of Proton pump inhibitors in Peptic Ulcer Disease: A Cohort Study,3,16.078519516227836
Q431,C140,"Proton pump inhibitors: Mechanism, Indications, and Safety",4,11.52165917620989
Q431,C157,Profil Keamanan Lansoprazole pada Peptic Ulcer Disease,5,10.836329906471805
Q431,C154,Peptic Ulcer Disease pada Populasi Khusus: Pendekatan Praktis,6,10.222997465858688
Q431,C147,National Guideline: Peptic Ulcer Disease Diagnosis and Treatment,7,8.849136249780818
Q431,C150,Practical Guide: Initiating Omeprazole in Peptic Ulcer Disease,8,8.849136249780818
Q431,C338,Laporan Kasus: Psoriasis dengan anaemia,9,8.717014380475216
Q431,C161,Asia-Pacific Guideline: Peptic Ulcer Disease in Primary Care 2025,10,7.949283032745352
Q431,C149,Switching Therapy in Peptic Ulcer Disease: A Step-by-Step Guide,11,7.5646642803429085
Q431,C156,Switching Therapy in Peptic Ulcer Disease: A Step-by-Step Guide,12,7.5646642803429085
Q431,C247,Iron Deficiency Anaemia pada Populasi Khusus: Pendekatan Praktis,13,4.820489569583584
Q431,C083,Laporan Kasus: Migraine dengan COPD,14,4.565455781209233
Q431,C237,Ferrous sulphate: Farmakologi dan Penggunaan Klinis pada Iron Deficiency Anaemia,15,4.330302400527041
Q431,C041,Laporan Kasus: Heart Failure dengan immunocompromised,16,4.274067670443244
Q431,C097,Laporan Kasus: Malaria dengan atrial fibrillation,17,4.274067670443244
Q431,C253,Hasil Jangka Panjang Terapi Erythropoiesis stimulating agents pada Iron Deficiency Anaemia,18,4.120784699376474
Q431,C058,Case Series: SGLT2 inhibitors in Refractory Chronic Kidney Disease,19,3.985342640839606
Q431,C281,Stunting / Malnutrition in anaemia: Special Considerations,20,3.8865872853495445
Q432,C102,Biomarkers in Urinary Tract Infection: Implications for NRTIs combination Therapy,1,5.745627802793096
Q432,C111,Biomarkers in Urinary Tract Infection: Implications for NRTIs combination Therapy,2,5.745627802793096
Q432,C009,Case Report: Atypical Presentation of Obesity,3,5.142303115314051
Q432,C200,Chronic Lymphocytic Leukaemia and obesity: Management Challenges,4,4.8337887749142725
Q432,C101,"NRTIs combination: Mechanism, Indications, and Safety",5,4.274067670443244
Q432,C023,Hasil Jangka Panjang Terapi GLP-1 receptor agonists pada Obesity,6,4.096479461869578
Q432,C095,Quick Reference: NRTIs combination Dosing in Urinary Tract Infection,7,3.58721133978665
Q432,C108,Case Series: NRTIs combination in Refractory Urinary Tract Infection,8,3.58721133978665
Q432,C115,Case Series: NRTIs combination in Refractory Urinary Tract Infection,9,3.58721133978665
Q432,C098,Hasil Jangka Panjang Terapi NRTIs combination pada Urinary Tract Infection,10,3.4048227103668527
Q432,C162,Biomarkers in Schizophrenia: Implications for Atypical antipsychotics Therapy,11,2.605782573313007
Q432,C216,Switching Therapy in Osteoporosis: A Step-by-Step Guide,12,2.466196711568875
Q432,C280,Biomarkers in Stunting / Malnutrition: Implications for Vitamin A Therapy,13,2.466196711568875
Q432,C318,Switching Therapy in Sepsis: A Step-by-Step Guide,14,2.466196711568875
Q432,C323,Switching Therapy in Psoriasis: A Step-by-Step Guide,15,2.466196711568875
Q432,C340,Switching Therapy in Psoriasis: A Step-by-Step Guide,16,2.466196711568875
Q432,C039,Switching Therapy in Stable Angina: A Step-by-Step Guide,17,2.340805092426243
Q432,C056,Biomarkers in Chronic Kidney Disease: Implications for SGLT2 inhibitors Therapy,18,2.340805092426243
Q432,C087,Switching Therapy in Ischaemic Stroke: A Step-by-Step Guide,19,2.340805092426243
Q432,C159,Long-term Outcomes of Nitroimidazoles Therapy in Inflammatory Bowel Disease,20,2.340805092426243
Q433,C047,Drug Interactions: Losartan in Chronic Kidney Disease Patients,1,13.072594576900562
Q433,C065,Profil Keamanan Losartan pada Chronic Kidney Disease,2,12.749576591153053
Q433,C151,Monitoring Parameters for Nitroimidazoles in Inflammatory Bowel Disease,3,10.871627358432429
Q433,C090,Monitoring Parameters for Fatty acid derivatives in Parkinson Disease,4,10.289258941002084
Q433,C229,Monitoring Parameters for Bisphosphonates in Osteoporosis,5,10.053834804815283
Q433,C059,Safety Profile of Empagliflozin in Chronic Kidney Disease,6,8.512396537255048
Q433,C058,Case Series: SGLT2 inhibitors in Refractory Chronic Kidney Disease,7,8.056406763461368
Q433,C203,Monitoring Parameters for CNS stimulants in Breast Cancer HER2-positive,8,8.009120984778836
Q433,C245,Monitoring Parameters for Factor Xa inhibitors in Deep Vein Thrombosis,9,8.009120984778836
Q433,C328,Monitoring Parameters for IL-4/IL-13 inhibitors in Psoriasis,10,8.009120984778836
Q433,C048,Panduan Klinis: Tatalaksana Chronic Kidney Disease 2022,11,7.915787816238781
Q433,C061,Profil Keamanan Dapagliflozin pada Chronic Kidney Disease,12,7.915787816238781
Q433,C056,Biomarkers in Chronic Kidney Disease: Implications for SGLT2 inhibitors Therapy,13,7.646785793729628
Q433,C050,Chronic Kidney Disease pada Populasi Khusus: Pendekatan Praktis,14,7.467757025130277
Q433,C052,Clinical Summary: Chronic Kidney Disease Management Update 2024,15,7.467757025130277
Q433,C060,Case Report: Atypical Presentation of Chronic Kidney Disease,16,7.467757025130277
Q433,C062,Konsensus Nasional: Chronic Kidney Disease di Indonesia 2022,17,7.467757025130277
Q433,C068,Chronic Kidney Disease pada Populasi Khusus: Pendekatan Praktis,18,7.467757025130277
Q433,C057,Switching Therapy in Chronic Kidney Disease: A Step-by-Step Guide,19,7.276803092175564
Q433,C069,Long-term Outcomes of SGLT2 inhibitors Therapy in Chronic Kidney Disease,20,7.276803092175564
Q434,C043,Profil Obat Statins pada Acute Coronary Syndrome,1,13.937739856128434
Q434,C024,Laporan Kasus: Acute Coronary Syndrome dengan Presentasi Atipikal,2,13.148868709128328
Q434,C064,Successful Management of Severe Nephrotic Syndrome with Furosemide,3,6.799777694477765
Q434,C260,Hypertension in Pregnancy in anaemia: Special Considerations,4,5.210985670089238
Q434,C281,Stunting / Malnutrition in anaemia: Special Considerations,5,5.06457406813342
Q434,C049,Safety Profile of Furosemide in Nephrotic Syndrome,6,4.661635790316469
Q434,C053,Furosemide in Nephrotic Syndrome: Real-World Outcomes,7,4.661635790316469
Q434,C063,Systematic Review: Loop diuretics in Nephrotic Syndrome,8,4.661635790316469
Q434,C067,Consensus Statement: Loop diuretics Use in Nephrotic Syndrome,9,4.397788853096821
Q434,C232,Consensus Statement: Iron preparations Use in Iron Deficiency Anaemia,10,4.250680833631613
Q434,C240,Quick Reference: Iron preparations Dosing in Iron Deficiency Anaemia,11,4.250680833631613
Q434,C252,Rare Adverse Event of Erythropoietin in Iron Deficiency Anaemia,12,4.250680833631613
Q434,C338,Laporan Kasus: Psoriasis dengan anaemia,13,4.151558599265983
Q434,C054,Efektivitas Loop diuretics pada Nephrotic Syndrome,14,3.781175763045196
Q434,C004,Successful Management of Severe Hypothyroidism with Levothyroxine,15,3.6534100715880893
Q434,C168,Challenging Case: ADHD with Concurrent atrial fibrillation,16,3.6534100715880893
Q434,C177,Successful Management of Severe Schizophrenia with Clozapine,17,3.6534100715880893
Q434,C233,WHO Guideline Update: Iron Deficiency Anaemia 2023,18,3.6534100715880893
Q434,C287,Challenging Case: Stunting / Malnutrition with Concurrent COPD,19,3.6534100715880893
Q434,C301,Successful Management of Severe Sepsis with Norepinephrine,20,3.6534100715880893
Q435,C096,Drug Interactions: Artemether-lumefantrine in Typhoid Fever Patients,1,19.960754959572075
Q435,C106,Successful Management of Severe Typhoid Fever with Artemether-lumefantrine,2,17.902822050436683
Q435,C113,Risk Stratification in Typhoid Fever: Current Approaches,3,10.77489058835026
Q435,C016,Dose Adjustment of Desmopressin in Renal and Hepatic Impairment,4,10.68620986098231
Q435,C040,Dose Adjustment of Atorvastatin in Renal and Hepatic Impairment,5,10.68620986098231
Q435,C084,Dose Adjustment of Valproate in Renal and Hepatic Impairment,6,10.68620986098231
Q435,C116,Dose Adjustment of Salmeterol in Renal and Hepatic Impairment,7,10.68620986098231
Q435,C169,Dose Adjustment of Olanzapine in Renal and Hepatic Impairment,8,10.68620986098231
Q435,C231,Dose Adjustment of Apixaban in Renal and Hepatic Impairment,9,10.68620986098231
Q435,C236,Dose Adjustment of Rivaroxaban in Renal and Hepatic Impairment,10,10.68620986098231
Q435,C314,Dose Adjustment of Vancomycin in Renal and Hepatic Impairment,11,10.68620986098231
Q435,C343,Dose Adjustment of Dupilumab in Renal and Hepatic Impairment,12,10.68620986098231
Q435,C021,Dose Adjustment of Insulin glargine in Renal and Hepatic Impairment,13,10.142878848220512
Q435,C222,Challenging Case: Psoriatic Arthritis with Concurrent renal impairment,14,3.3531493409720508
Q435,C260,Hypertension in Pregnancy in anaemia: Special Considerations,15,1.5575755985011488
Q435,C255,Practical Guide: Initiating Labetalol in Hypertension in Pregnancy,16,1.4945138020276896
Q435,C268,Methyldopa Drug Profile: Efficacy in Hypertension in Pregnancy,17,1.4945138020276896
Q435,C267,Hypertension in Pregnancy in Pregnancy: Safety and Management Guide,18,1.4363596921061903
Q435,C275,Treatment Intensification in Hypertension in Pregnancy: When and How,19,1.4363596921061903
Q435,C257,Switching Therapy in Hypertension in Pregnancy: A Step-by-Step Guide,20,1.3326483965224
Q436,C344,Safety Profile of Dupilumab in Psoriasis,1,8.132971413988127
Q436,C325,A Case of Psoriasis Resistant to Cyclosporine,2,7.3769098826478725
Q436,C336,A Case of Psoriasis Resistant to Cyclosporine,3,7.3769098826478725
Q436,C329,"Cyclosporine: Pharmacology, Dosing, and Clinical Use in Psoriasis",4,6.95937939201513
Q436,C320,Safety Profile of Dupilumab in Disseminated Intravascular Coagulation,5,4.560198039645514
Q436,C135,Prednisolone pada Pasien COPD: Studi Kohort,6,4.437924011015704
Q436,C343,Dose Adjustment of Dupilumab in Renal and Hepatic Impairment,7,4.315918574579278
Q436,C045,Metoprolol pada Pasien Heart Failure: Studi Kohort,8,4.171669150440603
Q436,C312,A Case of Disseminated Intravascular Coagulation Resistant to Cyclosporine,9,4.076522876343298
Q436,C152,Metronidazole pada Pasien Inflammatory Bowel Disease: Studi Kohort,10,3.935554151769135
Q436,C250,Rivaroxaban pada Pasien Deep Vein Thrombosis: Studi Kohort,11,3.935554151769135
Q436,C311,Secukinumab pada Pasien Disseminated Intravascular Coagulation: Studi Kohort,12,3.935554151769135
Q436,C317,Secukinumab pada Pasien Disseminated Intravascular Coagulation: Studi Kohort,13,3.935554151769135
Q436,C333,WHO Guideline Update: Psoriasis 2023,14,3.1945595920910574
Q436,C335,WHO Guideline Update: Psoriasis 2025,15,3.1945595920910574
Q436,C338,Laporan Kasus: Psoriasis dengan anaemia,16,3.1945595920910574
Q436,C331,Profil Keamanan Tacrolimus topical pada Psoriasis,17,2.990668298674076
Q436,C332,Psoriasis in elderly patients: Special Considerations,18,2.990668298674076
Q436,C326,Treatment Intensification in Psoriasis: When and How,19,2.811242069447678
Q436,C330,New Insights into Psoriasis Pathophysiology and Treatment,20,2.811242069447678
Q437,C078,Drug Interactions: Levodopa-carbidopa in Parkinson Disease Patients,1,13.076489847841035
Q437,C242,Challenging Case: Deep Vein Thrombosis with Concurrent elderly patients,2,11.044488362623659
Q437,C332,Psoriasis in elderly patients: Special Considerations,3,9.272629213470939
Q437,C047,Drug Interactions: Losartan in Chronic Kidney Disease Patients,4,8.971804988833302
Q437,C322,Disseminated Intravascular Coagulation and elderly patients: Management Challenges,5,8.222974144737375
Q437,C283,Drug Interactions: Zinc in Stunting / Malnutrition Patients,6,7.4368484377172805
Q437,C096,Drug Interactions: Artemether-lumefantrine in Typhoid Fever Patients,7,7.015925446063912
Q437,C081,Parkinson Disease in atrial fibrillation: Special Considerations,8,6.4241701610907604
Q437,C088,Perbandingan Valproate dan Valproate pada Parkinson Disease,9,6.4241701610907604
Q437,C202,Drug Interactions: Nivolumab in Non-Small Cell Lung Cancer Patients,10,6.302488235366883
Q437,C091,Valproate: Farmakologi dan Penggunaan Klinis pada Parkinson Disease,11,6.060564401777123
Q437,C090,Monitoring Parameters for Fatty acid derivatives in Parkinson Disease,12,5.735913713979216
Q437,C145,Metronidazole Drug Profile: Efficacy in Inflammatory Bowel Disease,13,5.3090288837414406
Q437,C076,Levetiracetam Drug Profile: Efficacy in Epilepsy,14,3.781175763045196
Q437,C126,Budesonide Drug Profile: Efficacy in Asthma,15,3.781175763045196
Q437,C004,Successful Management of Severe Hypothyroidism with Levothyroxine,16,3.6534100715880893
Q437,C168,Challenging Case: ADHD with Concurrent atrial fibrillation,17,3.6534100715880893
Q437,C177,Successful Management of Severe Schizophrenia with Clozapine,18,3.6534100715880893
Q437,C287,Challenging Case: Stunting / Malnutrition with Concurrent COPD,19,3.6534100715880893
Q437,C301,Successful Management of Severe Sepsis with Norepinephrine,20,3.6534100715880893
Q438,C163,"Risperidone: Pharmacology, Dosing, and Clinical Use in Schizophrenia",1,9.51366442218643
Q438,C179,Case Report: Atypical Presentation of Schizophrenia,2,4.628644097110018
Q438,C177,Successful Management of Severe Schizophrenia with Clozapine,3,4.350946915799847
Q438,C178,A Case of Schizophrenia Resistant to Clozapine,4,4.350946915799847
Q438,C162,Biomarkers in Schizophrenia: Implications for Atypical antipsychotics Therapy,5,4.104684859007734
Q438,C016,Dose Adjustment of Desmopressin in Renal and Hepatic Impairment,6,3.2620002906108967
Q438,C040,Dose Adjustment of Atorvastatin in Renal and Hepatic Impairment,7,3.2620002906108967
Q438,C084,Dose Adjustment of Valproate in Renal and Hepatic Impairment,8,3.2620002906108967
Q438,C116,Dose Adjustment of Salmeterol in Renal and Hepatic Impairment,9,3.2620002906108967
Q438,C169,Dose Adjustment of Olanzapine in Renal and Hepatic Impairment,10,3.2620002906108967
Q438,C231,Dose Adjustment of Apixaban in Renal and Hepatic Impairment,11,3.2620002906108967
Q438,C236,Dose Adjustment of Rivaroxaban in Renal and Hepatic Impairment,12,3.2620002906108967
Q438,C314,Dose Adjustment of Vancomycin in Renal and Hepatic Impairment,13,3.2620002906108967
Q438,C343,Dose Adjustment of Dupilumab in Renal and Hepatic Impairment,14,3.2620002906108967
Q438,C021,Dose Adjustment of Insulin glargine in Renal and Hepatic Impairment,15,3.0961467331210595
Q438,C001,Panduan Praktis: Memulai Levothyroxine pada Hypothyroidism,16,0.0
Q438,C002,Clinical Practice Guideline: Type 1 Diabetes Mellitus Management 2023,17,0.0
Q438,C003,A Case of Type 1 Diabetes Mellitus Resistant to Insulin degludec,18,0.0
Q438,C004,Successful Management of Severe Hypothyroidism with Levothyroxine,19,0.0
Q438,C005,Liraglutide in Type 2 Diabetes Mellitus: Real-World Outcomes,20,0.0
Q439,C302,Kasus Sulit: Disseminated Intravascular Coagulation Refrakter terhadap Secukinumab,1,14.619646062561666
Q439,C311,Secukinumab pada Pasien Disseminated Intravascular Coagulation: Studi Kohort,2,14.619646062561666
Q439,C317,Secukinumab pada Pasien Disseminated Intravascular Coagulation: Studi Kohort,3,14.619646062561666
Q439,C308,WHO Guideline Update: Disseminated Intravascular Coagulation 2025,4,10.662968255384264
Q439,C320,Safety Profile of Dupilumab in Disseminated Intravascular Coagulation,5,10.059448022916152
Q439,C322,Disseminated Intravascular Coagulation and elderly patients: Management Challenges,6,10.059448022916152
Q439,C300,Case Series: Calcineurin inhibitors in Refractory Disseminated Intravascular Coagulation,7,9.520586210219399
Q439,C312,A Case of Disseminated Intravascular Coagulation Resistant to Cyclosporine,8,9.520586210219399
Q439,C307,Case Series: IL-17 inhibitors in Refractory Disseminated Intravascular Coagulation,9,9.036520314548415
Q439,C310,Quick Reference: IL-4/IL-13 inhibitors Dosing in Disseminated Intravascular Coagulation,10,8.202429570730201
Q439,C316,Efficacy of IL-17 inhibitors in Disseminated Intravascular Coagulation: A Cohort Study,11,8.202429570730201
Q439,C016,Dose Adjustment of Desmopressin in Renal and Hepatic Impairment,12,3.2620002906108967
Q439,C040,Dose Adjustment of Atorvastatin in Renal and Hepatic Impairment,13,3.2620002906108967
Q439,C084,Dose Adjustment of Valproate in Renal and Hepatic Impairment,14,3.2620002906108967
Q439,C116,Dose Adjustment of Salmeterol in Renal and Hepatic Impairment,15,3.2620002906108967
Q439,C169,Dose Adjustment of Olanzapine in Renal and Hepatic Impairment,16,3.2620002906108967
Q439,C231,Dose Adjustment of Apixaban in Renal and Hepatic Impairment,17,3.2620002906108967
Q439,C236,Dose Adjustment of Rivaroxaban in Renal and Hepatic Impairment,18,3.2620002906108967
Q439,C314,Dose Adjustment of Vancomycin in Renal and Hepatic Impairment,19,3.2620002906108967
Q439,C343,Dose Adjustment of Dupilumab in Renal and Hepatic Impairment,20,3.2620002906108967
Q440,C086,Risk Stratification in Migraine: Current Approaches,1,8.548135340886487
Q440,C127,Risk Stratification in Asthma: Current Approaches,2,8.548135340886487
Q440,C113,Risk Stratification in Typhoid Fever: Current Approaches,3,8.03528686089552
Q440,C224,Risk Stratification in Rheumatoid Arthritis: Current Approaches,4,8.03528686089552
Q440,C295,Risk Stratification in Stunting / Malnutrition: Current Approaches,5,8.03528686089552
Q440,C180,Risk Stratification in Major Depressive Disorder: Current Approaches,6,7.580492466118352
Q440,C188,Risk Stratification in Chronic Lymphocytic Leukaemia: Current Approaches,7,7.580492466118352
Q440,C026,Profil Keamanan Rivaroxaban pada Atrial Fibrillation,8,7.562351526090392
Q440,C097,Laporan Kasus: Malaria dengan atrial fibrillation,9,7.562351526090392
Q440,C027,National Guideline: Atrial Fibrillation Diagnosis and Treatment,10,7.10864550358951
Q440,C037,Atrial Fibrillation in Special Populations: Practical Guidance,11,7.10864550358951
Q440,C042,Atrial Fibrillation in Special Populations: Practical Guidance,12,7.10864550358951
Q440,C081,Parkinson Disease in atrial fibrillation: Special Considerations,13,7.10864550358951
Q440,C168,Challenging Case: ADHD with Concurrent atrial fibrillation,14,7.10864550358951
Q440,C030,Treatment Intensification in Atrial Fibrillation: When and How,15,6.7062986819441015
Q440,C032,Consensus Statement: SGLT2 inhibitors Use in Atrial Fibrillation,16,6.7062986819441015
Q440,C046,Treatment Intensification in Atrial Fibrillation: When and How,17,6.7062986819441015
Q440,C025,Metoprolol versus Empagliflozin in Atrial Fibrillation: Head-to-Head Comparison,18,6.024346876365611
Q440,C001,Panduan Praktis: Memulai Levothyroxine pada Hypothyroidism,19,0.0
Q440,C002,Clinical Practice Guideline: Type 1 Diabetes Mellitus Management 2023,20,0.0
Q441,C040,Dose Adjustment of Atorvastatin in Renal and Hepatic Impairment,1,15.805442658174016
Q441,C035,Stable Angina in Special Populations: Practical Guidance,2,10.77489058835026
Q441,C016,Dose Adjustment of Desmopressin in Renal and Hepatic Impairment,3,10.68620986098231
Q441,C084,Dose Adjustment of Valproate in Renal and Hepatic Impairment,4,10.68620986098231
Q441,C116,Dose Adjustment of Salmeterol in Renal and Hepatic Impairment,5,10.68620986098231
Q441,C169,Dose Adjustment of Olanzapine in Renal and Hepatic Impairment,6,10.68620986098231
Q441,C231,Dose Adjustment of Apixaban in Renal and Hepatic Impairment,7,10.68620986098231
Q441,C236,Dose Adjustment of Rivaroxaban in Renal and Hepatic Impairment,8,10.68620986098231
Q441,C314,Dose Adjustment of Vancomycin in Renal and Hepatic Impairment,9,10.68620986098231
Q441,C343,Dose Adjustment of Dupilumab in Renal and Hepatic Impairment,10,10.68620986098231
Q441,C021,Dose Adjustment of Insulin glargine in Renal and Hepatic Impairment,11,10.142878848220512
Q441,C039,Switching Therapy in Stable Angina: A Step-by-Step Guide,12,9.131370867534743
Q441,C036,Dosis Platelet aggregation inhibitors pada Stable Angina: Referensi Cepat,13,8.631837149158557
Q441,C222,Challenging Case: Psoriatic Arthritis with Concurrent renal impairment,14,3.3531493409720508
Q441,C260,Hypertension in Pregnancy in anaemia: Special Considerations,15,1.5575755985011488
Q441,C255,Practical Guide: Initiating Labetalol in Hypertension in Pregnancy,16,1.4945138020276896
Q441,C268,Methyldopa Drug Profile: Efficacy in Hypertension in Pregnancy,17,1.4945138020276896
Q441,C267,Hypertension in Pregnancy in Pregnancy: Safety and Management Guide,18,1.4363596921061903
Q441,C275,Treatment Intensification in Hypertension in Pregnancy: When and How,19,1.4363596921061903
Q441,C257,Switching Therapy in Hypertension in Pregnancy: A Step-by-Step Guide,20,1.3326483965224
Q442,C132,Practical Guide: Initiating Prednisolone in COPD,1,9.416370785757294
Q442,C133,Panduan Praktis: Memulai Prednisolone pada COPD,2,9.416370785757294
Q442,C135,Prednisolone pada Pasien COPD: Studi Kohort,3,9.416370785757294
Q442,C083,Laporan Kasus: Migraine dengan COPD,4,4.565455781209233
Q442,C128,COPD in Special Populations: Practical Guidance,5,4.274067670443244
Q442,C118,COPD in Pregnancy: Safety and Management Guide,6,4.01764343044776
Q442,C287,Challenging Case: Stunting / Malnutrition with Concurrent COPD,7,4.01764343044776
Q442,C001,Panduan Praktis: Memulai Levothyroxine pada Hypothyroidism,8,0.0
Q442,C002,Clinical Practice Guideline: Type 1 Diabetes Mellitus Management 2023,9,0.0
Q442,C003,A Case of Type 1 Diabetes Mellitus Resistant to Insulin degludec,10,0.0
Q442,C004,Successful Management of Severe Hypothyroidism with Levothyroxine,11,0.0
Q442,C005,Liraglutide in Type 2 Diabetes Mellitus: Real-World Outcomes,12,0.0
Q442,C006,"Methimazole: Pharmacology, Dosing, and Clinical Use in Hyperthyroidism",13,0.0
Q442,C007,Efficacy of Vasopressin analogues in Diabetes Insipidus: A Cohort Study,14,0.0
Q442,C008,Treatment Intensification in Type 2 Diabetes Mellitus: When and How,15,0.0
Q442,C009,Case Report: Atypical Presentation of Obesity,16,0.0
Q442,C010,Dosis DPP-4 inhibitors pada Type 2 Diabetes Mellitus: Referensi Cepat,17,0.0
Q442,C011,National Guideline: Hypothyroidism Diagnosis and Treatment,18,0.0
Q442,C012,Case Report: Atypical Presentation of Type 2 Diabetes Mellitus,19,0.0
Q442,C013,Asia-Pacific Guideline: Type 1 Diabetes Mellitus in Primary Care 2023,20,0.0
Q443,C163,"Risperidone: Pharmacology, Dosing, and Clinical Use in Schizophrenia",1,9.51366442218643
Q443,C179,Case Report: Atypical Presentation of Schizophrenia,2,4.628644097110018
Q443,C177,Successful Management of Severe Schizophrenia with Clozapine,3,4.350946915799847
Q443,C178,A Case of Schizophrenia Resistant to Clozapine,4,4.350946915799847
Q443,C162,Biomarkers in Schizophrenia: Implications for Atypical antipsychotics Therapy,5,4.104684859007734
Q443,C001,Panduan Praktis: Memulai Levothyroxine pada Hypothyroidism,6,0.0
Q443,C002,Clinical Practice Guideline: Type 1 Diabetes Mellitus Management 2023,7,0.0
Q443,C003,A Case of Type 1 Diabetes Mellitus Resistant to Insulin degludec,8,0.0
Q443,C004,Successful Management of Severe Hypothyroidism with Levothyroxine,9,0.0
Q443,C005,Liraglutide in Type 2 Diabetes Mellitus: Real-World Outcomes,10,0.0
Q443,C006,"Methimazole: Pharmacology, Dosing, and Clinical Use in Hyperthyroidism",11,0.0
Q443,C007,Efficacy of Vasopressin analogues in Diabetes Insipidus: A Cohort Study,12,0.0
Q443,C008,Treatment Intensification in Type 2 Diabetes Mellitus: When and How,13,0.0
Q443,C009,Case Report: Atypical Presentation of Obesity,14,0.0
Q443,C010,Dosis DPP-4 inhibitors pada Type 2 Diabetes Mellitus: Referensi Cepat,15,0.0
Q443,C011,National Guideline: Hypothyroidism Diagnosis and Treatment,16,0.0
Q443,C012,Case Report: Atypical Presentation of Type 2 Diabetes Mellitus,17,0.0
Q443,C013,Asia-Pacific Guideline: Type 1 Diabetes Mellitus in Primary Care 2023,18,0.0
Q443,C014,Practical Guide: Initiating Methimazole in Hyperthyroidism,19,0.0
Q443,C015,Panduan Klinis: Tatalaksana Hyperthyroidism 2021,20,0.0
Q444,C236,Dose Adjustment of Rivaroxaban in Renal and Hepatic Impairment,1,14.571016062767992
Q444,C121,Asia-Pacific Guideline: Community-acquired Pneumonia in Primary Care 2025,2,14.137826593233566
Q444,C122,Case Series: Factor Xa inhibitors in Refractory Community-acquired Pneumonia,3,14.137826593233566
Q444,C016,Dose Adjustment of Desmopressin in Renal and Hepatic Impairment,4,10.68620986098231
Q444,C040,Dose Adjustment of Atorvastatin in Renal and Hepatic Impairment,5,10.68620986098231
Q444,C084,Dose Adjustment of Valproate in Renal and Hepatic Impairment,6,10.68620986098231
Q444,C116,Dose Adjustment of Salmeterol in Renal and Hepatic Impairment,7,10.68620986098231
Q444,C169,Dose Adjustment of Olanzapine in Renal and Hepatic Impairment,8,10.68620986098231
Q444,C231,Dose Adjustment of Apixaban in Renal and Hepatic Impairment,9,10.68620986098231
Q444,C314,Dose Adjustment of Vancomycin in Renal and Hepatic Impairment,10,10.68620986098231
Q444,C343,Dose Adjustment of Dupilumab in Renal and Hepatic Impairment,11,10.68620986098231
Q444,C021,Dose Adjustment of Insulin glargine in Renal and Hepatic Impairment,12,10.142878848220512
Q444,C026,Profil Keamanan Rivaroxaban pada Atrial Fibrillation,13,4.628644097110018
Q444,C248,Rivaroxaban Real-World Evidence in Deep Vein Thrombosis: A Retrospective Study,14,4.4018883921207665
Q444,C250,Rivaroxaban pada Pasien Deep Vein Thrombosis: Studi Kohort,15,4.104684859007734
Q444,C251,A Case of Deep Vein Thrombosis Resistant to Rivaroxaban,16,3.884806201785683
Q444,C222,Challenging Case: Psoriatic Arthritis with Concurrent renal impairment,17,3.3531493409720508
Q444,C260,Hypertension in Pregnancy in anaemia: Special Considerations,18,1.5575755985011488
Q444,C255,Practical Guide: Initiating Labetalol in Hypertension in Pregnancy,19,1.4945138020276896
Q444,C268,Methyldopa Drug Profile: Efficacy in Hypertension in Pregnancy,20,1.4945138020276896
Q445,C031,Clinical Practice Guideline: Heart Failure Management 2021,1,10.577488705026473
Q445,C029,Profil Obat ARBs pada Heart Failure,2,10.097368674620292
Q445,C045,Metoprolol pada Pasien Heart Failure: Studi Kohort,3,9.491573378900231
Q445,C041,Laporan Kasus: Heart Failure dengan immunocompromised,4,8.548135340886487
Q445,C038,Clinical Summary: Heart Failure Management Update 2024,5,8.03528686089552
Q445,C044,Safety Profile of Furosemide in Heart Failure,6,8.03528686089552
Q445,C034,Spironolactone Real-World Evidence in Heart Failure: A Retrospective Study,7,6.809645420733705
Q445,C065,Profil Keamanan Losartan pada Chronic Kidney Disease,8,6.290075292918985
Q445,C028,Practical Guide: Initiating Losartan in Hypertension,9,5.142303115314051
Q445,C047,Drug Interactions: Losartan in Chronic Kidney Disease Patients,10,4.560198039645514
Q445,C110,WHO Guideline Update: Malaria 2025,11,2.888835285463581
Q445,C333,WHO Guideline Update: Psoriasis 2023,12,2.888835285463581
Q445,C335,WHO Guideline Update: Psoriasis 2025,13,2.888835285463581
Q445,C011,National Guideline: Hypothyroidism Diagnosis and Treatment,14,2.7044567049919497
Q445,C072,National Guideline: Migraine Diagnosis and Treatment,15,2.7044567049919497
Q445,C254,Clinical Practice Guideline: Preeclampsia Management 2022,16,2.7044567049919497
Q445,C027,National Guideline: Atrial Fibrillation Diagnosis and Treatment,17,2.5422018441309535
Q445,C051,Clinical Practice Guideline: Nephrotic Syndrome Management 2022,18,2.5422018441309535
Q445,C119,Clinical Practice Guideline: Pulmonary Embolism Management 2025,19,2.5422018441309535
Q445,C189,Clinical Practice Guideline: Colorectal Cancer Management 2020,20,2.5422018441309535
Q446,C002,Clinical Practice Guideline: Type 1 Diabetes Mellitus Management 2023,1,13.425706937111407
Q446,C018,Laporan Kasus: Type 2 Diabetes Mellitus dengan Presentasi Atipikal,2,13.128112075112375
Q446,C003,A Case of Type 1 Diabetes Mellitus Resistant to Insulin degludec,3,12.126525959153636
Q446,C013,Asia-Pacific Guideline: Type 1 Diabetes Mellitus in Primary Care 2023,4,12.126525959153636
Q446,C005,Liraglutide in Type 2 Diabetes Mellitus: Real-World Outcomes,5,9.540900735325724
Q446,C012,Case Report: Atypical Presentation of Type 2 Diabetes Mellitus,6,9.540900735325724
Q446,C017,Type 2 Diabetes Mellitus in Special Populations: Practical Guidance,7,9.540900735325724
Q446,C020,Clinical Practice Guideline: Type 2 Diabetes Mellitus Management 2021,8,9.540900735325724
Q446,C008,Treatment Intensification in Type 2 Diabetes Mellitus: When and How,9,9.05580196535755
Q446,C010,Dosis DPP-4 inhibitors pada Type 2 Diabetes Mellitus: Referensi Cepat,10,8.61764531153458
Q446,C023,Hasil Jangka Panjang Terapi GLP-1 receptor agonists pada Obesity,11,7.092109331734573
Q446,C083,Laporan Kasus: Migraine dengan COPD,12,4.565455781209233
Q446,C338,Laporan Kasus: Psoriasis dengan anaemia,13,4.565455781209233
Q446,C041,Laporan Kasus: Heart Failure dengan immunocompromised,14,4.274067670443244
Q446,C097,Laporan Kasus: Malaria dengan atrial fibrillation,15,4.274067670443244
Q446,C267,Hypertension in Pregnancy in Pregnancy: Safety and Management Guide,16,4.185725173149176
Q446,C024,Laporan Kasus: Acute Coronary Syndrome dengan Presentasi Atipikal,17,3.790246233059176
Q446,C092,Hasil Jangka Panjang Terapi Antiepileptics other pada Migraine,18,3.790246233059176
Q446,C208,Laporan Kasus: Systemic Lupus Erythematosus dengan Presentasi Atipikal,19,3.790246233059176
Q446,C207,Biomarkers in Colorectal Cancer: Implications for PD-1 inhibitors Therapy,20,3.68728662136772
Q447,C123,Metronidazole: Farmakologi dan Penggunaan Klinis pada Pulmonary Embolism,1,13.42764870883883
Q447,C119,Clinical Practice Guideline: Pulmonary Embolism Management 2025,2,9.667577549828545
Q447,C134,Scoping Review: Emerging Therapies in Pulmonary Embolism 2025,3,9.120396079291028
Q447,C157,Profil Keamanan Lansoprazole pada Peptic Ulcer Disease,4,5.733493253785602
Q447,C145,Metronidazole Drug Profile: Efficacy in Inflammatory Bowel Disease,5,4.307252629547802
Q447,C152,Metronidazole pada Pasien Inflammatory Bowel Disease: Studi Kohort,6,4.307252629547802
Q447,C158,Practical Guide: Initiating Metronidazole in Inflammatory Bowel Disease,7,4.307252629547802
Q447,C001,Panduan Praktis: Memulai Levothyroxine pada Hypothyroidism,8,0.0
Q447,C002,Clinical Practice Guideline: Type 1 Diabetes Mellitus Management 2023,9,0.0
Q447,C003,A Case of Type 1 Diabetes Mellitus Resistant to Insulin degludec,10,0.0
Q447,C004,Successful Management of Severe Hypothyroidism with Levothyroxine,11,0.0
Q447,C005,Liraglutide in Type 2 Diabetes Mellitus: Real-World Outcomes,12,0.0
Q447,C006,"Methimazole: Pharmacology, Dosing, and Clinical Use in Hyperthyroidism",13,0.0
Q447,C007,Efficacy of Vasopressin analogues in Diabetes Insipidus: A Cohort Study,14,0.0
Q447,C008,Treatment Intensification in Type 2 Diabetes Mellitus: When and How,15,0.0
Q447,C009,Case Report: Atypical Presentation of Obesity,16,0.0
Q447,C010,Dosis DPP-4 inhibitors pada Type 2 Diabetes Mellitus: Referensi Cepat,17,0.0
Q447,C011,National Guideline: Hypothyroidism Diagnosis and Treatment,18,0.0
Q447,C012,Case Report: Atypical Presentation of Type 2 Diabetes Mellitus,19,0.0
Q447,C013,Asia-Pacific Guideline: Type 1 Diabetes Mellitus in Primary Care 2023,20,0.0
Q448,C202,Drug Interactions: Nivolumab in Non-Small Cell Lung Cancer Patients,1,20.256925868116323
Q448,C190,Case Series: HER2-targeted agents in Refractory Non-Small Cell Lung Cancer,2,18.38716695908078
Q448,C201,Kasus Sulit: Colorectal Cancer Refrakter terhadap Pembrolizumab,3,15.229083748540113
Q448,C135,Prednisolone pada Pasien COPD: Studi Kohort,4,4.437924011015704
Q448,C045,Metoprolol pada Pasien Heart Failure: Studi Kohort,5,4.171669150440603
Q448,C199,Pedoman PNPK: Breast Cancer HER2-positive,6,4.0022113632162
Q448,C152,Metronidazole pada Pasien Inflammatory Bowel Disease: Studi Kohort,7,3.935554151769135
Q448,C250,Rivaroxaban pada Pasien Deep Vein Thrombosis: Studi Kohort,8,3.935554151769135
Q448,C311,Secukinumab pada Pasien Disseminated Intravascular Coagulation: Studi Kohort,9,3.935554151769135
Q448,C317,Secukinumab pada Pasien Disseminated Intravascular Coagulation: Studi Kohort,10,3.935554151769135
Q448,C263,Tinjauan Sistematis: Beta blockers non-selective pada Hypertension in Pregnancy,11,3.869255628950251
Q448,C189,Clinical Practice Guideline: Colorectal Cancer Management 2020,12,3.762097240968909
Q448,C196,Scoping Review: Emerging Therapies in Colorectal Cancer 2024,13,3.5491638675350425
Q448,C187,Clinical Practice Guideline: Breast Cancer HER2-positive Management 2022,14,3.359043209735438
Q448,C270,Long-term Outcomes of Beta blockers non-selective Therapy in Hypertension in Pregnancy,15,3.357177369918772
Q448,C203,Monitoring Parameters for CNS stimulants in Breast Cancer HER2-positive,16,3.188255589728093
Q448,C207,Biomarkers in Colorectal Cancer: Implications for PD-1 inhibitors Therapy,17,3.188255589728093
Q448,C001,Panduan Praktis: Memulai Levothyroxine pada Hypothyroidism,18,0.0
Q448,C002,Clinical Practice Guideline: Type 1 Diabetes Mellitus Management 2023,19,0.0
Q448,C003,A Case of Type 1 Diabetes Mellitus Resistant to Insulin degludec,20,0.0
Q449,C319,Safety Profile of Meropenem in Sepsis,1,6.768709203313211
Q449,C270,Long-term Outcomes of Beta blockers non-selective Therapy in Hypertension in Pregnancy,2,6.311164022456639
Q449,C313,Case Report: Atypical Presentation of Sepsis,3,5.590722420529335
Q449,C263,Tinjauan Sistematis: Beta blockers non-selective pada Hypertension in Pregnancy,4,5.33821682694158
Q449,C301,Successful Management of Severe Sepsis with Norepinephrine,5,5.2553050012816716
Q449,C303,Sepsis in Special Populations: Practical Guidance,6,4.959162545829072
Q449,C306,Sepsis in liver disease: Special Considerations,7,4.959162545829072
Q449,C318,Switching Therapy in Sepsis: A Step-by-Step Guide,8,4.162209279760516
Q449,C033,"Statins: Mechanism, Indications, and Safety",9,4.151558599265983
Q449,C104,"NRTIs: Mechanism, Indications, and Safety",10,4.151558599265983
Q449,C112,"Antimalarials: Mechanism, Indications, and Safety",11,4.151558599265983
Q449,C265,"Magnesium: Mechanism, Indications, and Safety",12,4.151558599265983
Q449,C292,"Benzodiazepines: Mechanism, Indications, and Safety",13,4.151558599265983
Q449,C309,Profil Keamanan Meropenem pada Sepsis,14,4.038960558940491
Q449,C101,"NRTIs combination: Mechanism, Indications, and Safety",15,3.8865872853495445
Q449,C244,"Iron preparations: Mechanism, Indications, and Safety",16,3.8865872853495445
Q449,C304,Ringkasan Klinis: Tatalaksana Sepsis Terkini 2024,17,3.781175763045196
Q449,C321,Kasus Sulit: Sepsis Refrakter terhadap Norepinephrine,18,3.781175763045196
Q449,C140,"Proton pump inhibitors: Mechanism, Indications, and Safety",19,3.6534100715880893
Q449,C235,"Vitamin K antagonists: Mechanism, Indications, and Safety",20,3.6534100715880893
Q450,C005,Liraglutide in Type 2 Diabetes Mellitus: Real-World Outcomes,1,18.24734487230408
Q450,C018,Laporan Kasus: Type 2 Diabetes Mellitus dengan Presentasi Atipikal,2,16.71532341489902
Q450,C012,Case Report: Atypical Presentation of Type 2 Diabetes Mellitus,3,13.128112075112373
Q450,C017,Type 2 Diabetes Mellitus in Special Populations: Practical Guidance,4,13.128112075112373
Q450,C020,Clinical Practice Guideline: Type 2 Diabetes Mellitus Management 2021,5,13.128112075112373
Q450,C010,Dosis DPP-4 inhibitors pada Type 2 Diabetes Mellitus: Referensi Cepat,6,13.032170984738825
Q450,C008,Treatment Intensification in Type 2 Diabetes Mellitus: When and How,7,12.460624675724404
Q450,C002,Clinical Practice Guideline: Type 1 Diabetes Mellitus Management 2023,8,9.540900735325724
Q450,C003,A Case of Type 1 Diabetes Mellitus Resistant to Insulin degludec,9,8.61764531153458
Q450,C013,Asia-Pacific Guideline: Type 1 Diabetes Mellitus in Primary Care 2023,10,8.61764531153458
Q450,C083,Laporan Kasus: Migraine dengan COPD,11,4.565455781209233
Q450,C338,Laporan Kasus: Psoriasis dengan anaemia,12,4.565455781209233
Q450,C041,Laporan Kasus: Heart Failure dengan immunocompromised,13,4.274067670443244
Q450,C097,Laporan Kasus: Malaria dengan atrial fibrillation,14,4.274067670443244
Q450,C024,Laporan Kasus: Acute Coronary Syndrome dengan Presentasi Atipikal,15,3.790246233059176
Q450,C208,Laporan Kasus: Systemic Lupus Erythematosus dengan Presentasi Atipikal,16,3.790246233059176
Q450,C022,Quick Reference: Vasopressin analogues Dosing in Diabetes Insipidus,17,3.187655635948162
Q450,C019,Asia-Pacific Guideline: Diabetes Insipidus in Primary Care 2021,18,3.016900154103931
Q450,C007,Efficacy of Vasopressin analogues in Diabetes Insipidus: A Cohort Study,19,2.8635084991154307
Q450,C276,Efektivitas Magnesium pada Preeclampsia,20,1.7759290382152242
Q451,C201,Kasus Sulit: Colorectal Cancer Refrakter terhadap Pembrolizumab,1,14.061258307954706
Q451,C189,Clinical Practice Guideline: Colorectal Cancer Management 2020,2,8.327765054169104
Q451,C196,Scoping Review: Emerging Therapies in Colorectal Cancer 2024,3,7.856416497082845
Q451,C207,Biomarkers in Colorectal Cancer: Implications for PD-1 inhibitors Therapy,4,7.057511218678344
Q451,C199,Pedoman PNPK: Breast Cancer HER2-positive,5,4.0022113632162
Q451,C187,Clinical Practice Guideline: Breast Cancer HER2-positive Management 2022,6,3.359043209735438
Q451,C202,Drug Interactions: Nivolumab in Non-Small Cell Lung Cancer Patients,7,3.188255589728093
Q451,C203,Monitoring Parameters for CNS stimulants in Breast Cancer HER2-positive,8,3.188255589728093
Q451,C190,Case Series: HER2-targeted agents in Refractory Non-Small Cell Lung Cancer,9,2.8939725710712842
Q451,C001,Panduan Praktis: Memulai Levothyroxine pada Hypothyroidism,10,0.0
Q451,C002,Clinical Practice Guideline: Type 1 Diabetes Mellitus Management 2023,11,0.0
Q451,C003,A Case of Type 1 Diabetes Mellitus Resistant to Insulin degludec,12,0.0
Q451,C004,Successful Management of Severe Hypothyroidism with Levothyroxine,13,0.0
Q451,C005,Liraglutide in Type 2 Diabetes Mellitus: Real-World Outcomes,14,0.0
Q451,C006,"Methimazole: Pharmacology, Dosing, and Clinical Use in Hyperthyroidism",15,0.0
Q451,C007,Efficacy of Vasopressin analogues in Diabetes Insipidus: A Cohort Study,16,0.0
Q451,C008,Treatment Intensification in Type 2 Diabetes Mellitus: When and How,17,0.0
Q451,C009,Case Report: Atypical Presentation of Obesity,18,0.0
Q451,C010,Dosis DPP-4 inhibitors pada Type 2 Diabetes Mellitus: Referensi Cepat,19,0.0
Q451,C011,National Guideline: Hypothyroidism Diagnosis and Treatment,20,0.0
Q452,C209,Long-term Outcomes of Proteasome inhibitors Therapy in Rheumatoid Arthritis,1,9.842107264662673
Q452,C224,Risk Stratification in Rheumatoid Arthritis: Current Approaches,2,8.851432205362032
Q452,C220,Hasil Jangka Panjang Terapi Proteasome inhibitors pada Rheumatoid Arthritis,3,7.903129914365929
Q452,C102,Biomarkers in Urinary Tract Infection: Implications for NRTIs combination Therapy,4,5.745627802793096
Q452,C111,Biomarkers in Urinary Tract Infection: Implications for NRTIs combination Therapy,5,5.745627802793096
Q452,C132,Practical Guide: Initiating Prednisolone in COPD,6,5.142303115314051
Q452,C133,Panduan Praktis: Memulai Prednisolone pada COPD,7,5.142303115314051
Q452,C135,Prednisolone pada Pasien COPD: Studi Kohort,8,5.142303115314051
Q452,C101,"NRTIs combination: Mechanism, Indications, and Safety",9,4.274067670443244
Q452,C218,Profil Keamanan Colchicine pada Psoriatic Arthritis,10,4.274067670443244
Q452,C226,Safety Profile of Ibuprofen in Psoriatic Arthritis,11,4.01764343044776
Q452,C227,Consensus Statement: NSAIDs Use in Psoriatic Arthritis,12,4.01764343044776
Q452,C222,Challenging Case: Psoriatic Arthritis with Concurrent renal impairment,13,3.790246233059176
Q452,C095,Quick Reference: NRTIs combination Dosing in Urinary Tract Infection,14,3.58721133978665
Q452,C108,Case Series: NRTIs combination in Refractory Urinary Tract Infection,15,3.58721133978665
Q452,C115,Case Series: NRTIs combination in Refractory Urinary Tract Infection,16,3.58721133978665
Q452,C098,Hasil Jangka Panjang Terapi NRTIs combination pada Urinary Tract Infection,17,3.4048227103668527
Q452,C162,Biomarkers in Schizophrenia: Implications for Atypical antipsychotics Therapy,18,2.605782573313007
Q452,C216,Switching Therapy in Osteoporosis: A Step-by-Step Guide,19,2.466196711568875
Q452,C280,Biomarkers in Stunting / Malnutrition: Implications for Vitamin A Therapy,20,2.466196711568875
Q453,C089,Perbandingan Topiramate dan Topiramate pada Migraine,1,12.650319691825597
Q453,C074,Topiramate Real-World Evidence in Migraine: A Retrospective Study,2,7.674961784314716
Q453,C079,Topiramate Real-World Evidence in Migraine: A Retrospective Study,3,7.674961784314716
Q453,C135,Prednisolone pada Pasien COPD: Studi Kohort,4,5.987157344749509
Q453,C045,Metoprolol pada Pasien Heart Failure: Studi Kohort,5,5.627955668445315
Q453,C152,Metronidazole pada Pasien Inflammatory Bowel Disease: Studi Kohort,6,5.309415367847006
Q453,C250,Rivaroxaban pada Pasien Deep Vein Thrombosis: Studi Kohort,7,5.309415367847006
Q453,C311,Secukinumab pada Pasien Disseminated Intravascular Coagulation: Studi Kohort,8,5.309415367847006
Q453,C317,Secukinumab pada Pasien Disseminated Intravascular Coagulation: Studi Kohort,9,5.309415367847006
Q453,C332,Psoriasis in elderly patients: Special Considerations,10,5.142303115314051
Q453,C092,Hasil Jangka Panjang Terapi Antiepileptics other pada Migraine,11,4.923025083612913
Q453,C322,Disseminated Intravascular Coagulation and elderly patients: Management Challenges,12,4.560198039645514
Q453,C242,Challenging Case: Deep Vein Thrombosis with Concurrent elderly patients,13,4.315918574579278
Q453,C083,Laporan Kasus: Migraine dengan COPD,14,4.275065444605325
Q453,C072,National Guideline: Migraine Diagnosis and Treatment,15,4.0022113632162
Q453,C086,Risk Stratification in Migraine: Current Approaches,16,4.0022113632162
Q453,C073,Quick Reference: Antiepileptics other Dosing in Migraine,17,3.762097240968909
Q453,C075,Migraine in Pregnancy: Safety and Management Guide,18,3.762097240968909
Q453,C016,Dose Adjustment of Desmopressin in Renal and Hepatic Impairment,19,3.2620002906108967
Q453,C040,Dose Adjustment of Atorvastatin in Renal and Hepatic Impairment,20,3.2620002906108967
Q454,C309,Profil Keamanan Meropenem pada Sepsis,1,9.938567190084935
Q454,C319,Safety Profile of Meropenem in Sepsis,2,9.304242720410047
Q454,C314,Dose Adjustment of Vancomycin in Renal and Hepatic Impairment,3,5.119232797191707
Q454,C303,Sepsis in Special Populations: Practical Guidance,4,3.781175763045196
Q454,C304,Ringkasan Klinis: Tatalaksana Sepsis Terkini 2024,5,3.781175763045196
Q454,C306,Sepsis in liver disease: Special Considerations,6,3.781175763045196
Q454,C313,Case Report: Atypical Presentation of Sepsis,7,3.781175763045196
Q454,C321,Kasus Sulit: Sepsis Refrakter terhadap Norepinephrine,8,3.781175763045196
Q454,C301,Successful Management of Severe Sepsis with Norepinephrine,9,3.554322751794755
Q454,C305,Hydrocortisone: Farmakologi dan Penggunaan Klinis pada Sepsis,10,3.554322751794755
Q454,C315,Perbandingan Hydrocortisone dan Piperacillin-tazobactam pada Sepsis,11,3.554322751794755
Q454,C318,Switching Therapy in Sepsis: A Step-by-Step Guide,12,3.1735287367398
Q454,C001,Panduan Praktis: Memulai Levothyroxine pada Hypothyroidism,13,0.0
Q454,C002,Clinical Practice Guideline: Type 1 Diabetes Mellitus Management 2023,14,0.0
Q454,C003,A Case of Type 1 Diabetes Mellitus Resistant to Insulin degludec,15,0.0
Q454,C004,Successful Management of Severe Hypothyroidism with Levothyroxine,16,0.0
Q454,C005,Liraglutide in Type 2 Diabetes Mellitus: Real-World Outcomes,17,0.0
Q454,C006,"Methimazole: Pharmacology, Dosing, and Clinical Use in Hyperthyroidism",18,0.0
Q454,C007,Efficacy of Vasopressin analogues in Diabetes Insipidus: A Cohort Study,19,0.0
Q454,C008,Treatment Intensification in Type 2 Diabetes Mellitus: When and How,20,0.0
Q455,C113,Risk Stratification in Typhoid Fever: Current Approaches,1,9.667577549828545
Q455,C096,Drug Interactions: Artemether-lumefantrine in Typhoid Fever Patients,2,9.120396079291028
Q455,C106,Successful Management of Severe Typhoid Fever with Artemether-lumefantrine,3,8.631837149158557
Q455,C112,"Antimalarials: Mechanism, Indications, and Safety",4,6.515264576155366
Q455,C029,Profil Obat ARBs pada Heart Failure,5,5.142303115314051
Q455,C043,Profil Obat Statins pada Acute Coronary Syndrome,6,4.8337887749142725
Q455,C266,Profil Obat Centrally acting antihypertensives pada Hypertension in Pregnancy,7,4.315918574579278
Q455,C001,Panduan Praktis: Memulai Levothyroxine pada Hypothyroidism,8,0.0
Q455,C002,Clinical Practice Guideline: Type 1 Diabetes Mellitus Management 2023,9,0.0
Q455,C003,A Case of Type 1 Diabetes Mellitus Resistant to Insulin degludec,10,0.0
Q455,C004,Successful Management of Severe Hypothyroidism with Levothyroxine,11,0.0
Q455,C005,Liraglutide in Type 2 Diabetes Mellitus: Real-World Outcomes,12,0.0
Q455,C006,"Methimazole: Pharmacology, Dosing, and Clinical Use in Hyperthyroidism",13,0.0
Q455,C007,Efficacy of Vasopressin analogues in Diabetes Insipidus: A Cohort Study,14,0.0
Q455,C008,Treatment Intensification in Type 2 Diabetes Mellitus: When and How,15,0.0
Q455,C009,Case Report: Atypical Presentation of Obesity,16,0.0
Q455,C010,Dosis DPP-4 inhibitors pada Type 2 Diabetes Mellitus: Referensi Cepat,17,0.0
Q455,C011,National Guideline: Hypothyroidism Diagnosis and Treatment,18,0.0
Q455,C012,Case Report: Atypical Presentation of Type 2 Diabetes Mellitus,19,0.0
Q455,C013,Asia-Pacific Guideline: Type 1 Diabetes Mellitus in Primary Care 2023,20,0.0
Q456,C294,Perbandingan Zinc dan Zinc pada Stunting / Malnutrition,1,12.877956573335165
Q456,C296,Narrative Review: Current Evidence for Zinc supplements in Stunting / Malnutrition,2,12.51045035271964
Q456,C283,Drug Interactions: Zinc in Stunting / Malnutrition Patients,3,11.10874729963415
Q456,C288,Zinc in Stunting / Malnutrition: Real-World Outcomes,4,11.10874729963415
Q456,C279,Rare Adverse Event of Zinc in Stunting / Malnutrition,5,10.479996130904059
Q456,C197,Konsensus Nasional: Chronic Myeloid Leukaemia di Indonesia 2023,6,7.725800384828311
Q456,C281,Stunting / Malnutrition in anaemia: Special Considerations,7,7.189113878290622
Q456,C287,Challenging Case: Stunting / Malnutrition with Concurrent COPD,8,6.757800383834303
Q456,C289,Case Report: Atypical Presentation of Stunting / Malnutrition,9,6.757800383834303
Q456,C293,Clinical Summary: Stunting / Malnutrition Management Update 2021,10,6.757800383834303
Q456,C295,Risk Stratification in Stunting / Malnutrition: Current Approaches,11,6.757800383834303
Q456,C298,Clinical Practice Guideline: Stunting / Malnutrition Management 2020,12,6.757800383834303
Q456,C297,Panduan Praktis: Memulai Vitamin A pada Stunting / Malnutrition,13,6.375311271896324
Q456,C280,Biomarkers in Stunting / Malnutrition: Implications for Vitamin A Therapy,14,6.033800308207862
Q456,C333,WHO Guideline Update: Psoriasis 2023,15,4.740483163795515
Q456,C124,Konsensus Nasional: Asthma di Indonesia 2024,16,4.274067670443244
Q456,C219,Konsensus Nasional: Osteoporosis di Indonesia 2022,17,4.274067670443244
Q456,C233,WHO Guideline Update: Iron Deficiency Anaemia 2023,18,4.171669150440603
Q456,C062,Konsensus Nasional: Chronic Kidney Disease di Indonesia 2022,19,3.790246233059176
Q456,C153,Konsensus Nasional: Inflammatory Bowel Disease di Indonesia 2021,20,3.790246233059176
Q457,C202,Drug Interactions: Nivolumab in Non-Small Cell Lung Cancer Patients,1,26.054287685930156
Q457,C190,Case Series: HER2-targeted agents in Refractory Non-Small Cell Lung Cancer,2,19.23896141196582
Q457,C168,Challenging Case: ADHD with Concurrent atrial fibrillation,3,10.7620555751776
Q457,C037,Atrial Fibrillation in Special Populations: Practical Guidance,4,8.215958542111224
Q457,C042,Atrial Fibrillation in Special Populations: Practical Guidance,5,8.215958542111224
Q457,C081,Parkinson Disease in atrial fibrillation: Special Considerations,6,8.215958542111224
Q457,C030,Treatment Intensification in Atrial Fibrillation: When and How,7,7.750938194068872
Q457,C032,Consensus Statement: SGLT2 inhibitors Use in Atrial Fibrillation,8,7.750938194068872
Q457,C046,Treatment Intensification in Atrial Fibrillation: When and How,9,7.750938194068872
Q457,C026,Profil Keamanan Rivaroxaban pada Atrial Fibrillation,10,7.562351526090392
Q457,C097,Laporan Kasus: Malaria dengan atrial fibrillation,11,7.562351526090392
Q457,C027,National Guideline: Atrial Fibrillation Diagnosis and Treatment,12,7.10864550358951
Q457,C025,Metoprolol versus Empagliflozin in Atrial Fibrillation: Head-to-Head Comparison,13,6.9627588201611985
Q457,C263,Tinjauan Sistematis: Beta blockers non-selective pada Hypertension in Pregnancy,14,4.807667572745839
Q457,C270,Long-term Outcomes of Beta blockers non-selective Therapy in Hypertension in Pregnancy,15,4.600082700786578
Q457,C196,Scoping Review: Emerging Therapies in Colorectal Cancer 2024,16,4.593803379659812
Q457,C203,Monitoring Parameters for CNS stimulants in Breast Cancer HER2-positive,17,4.126667533523681
Q457,C207,Biomarkers in Colorectal Cancer: Implications for PD-1 inhibitors Therapy,18,4.126667533523681
Q457,C199,Pedoman PNPK: Breast Cancer HER2-positive,19,4.0022113632162
Q457,C189,Clinical Practice Guideline: Colorectal Cancer Management 2020,20,3.762097240968909
Q458,C104,"NRTIs: Mechanism, Indications, and Safety",1,8.563473107197531
Q458,C101,"NRTIs combination: Mechanism, Indications, and Safety",2,8.01691338350643
Q458,C110,WHO Guideline Update: Malaria 2025,3,5.1882041982338585
Q458,C105,Narrative Review: Current Evidence for Integrase inhibitors in Malaria,4,5.065203419364014
Q458,C097,Laporan Kasus: Malaria dengan atrial fibrillation,5,4.8570694568102715
Q458,C099,Panduan Praktis: Memulai Dolutegravir pada Malaria,6,4.8570694568102715
Q458,C095,Quick Reference: NRTIs combination Dosing in Urinary Tract Infection,7,4.4552500404542
Q458,C108,Case Series: NRTIs combination in Refractory Urinary Tract Infection,8,4.4552500404542
Q458,C115,Case Series: NRTIs combination in Refractory Urinary Tract Infection,9,4.4552500404542
Q458,C102,Biomarkers in Urinary Tract Infection: Implications for NRTIs combination Therapy,10,4.228726740979665
Q458,C111,Biomarkers in Urinary Tract Infection: Implications for NRTIs combination Therapy,11,4.228726740979665
Q458,C033,"Statins: Mechanism, Indications, and Safety",12,4.151558599265983
Q458,C112,"Antimalarials: Mechanism, Indications, and Safety",13,4.151558599265983
Q458,C265,"Magnesium: Mechanism, Indications, and Safety",14,4.151558599265983
Q458,C292,"Benzodiazepines: Mechanism, Indications, and Safety",15,4.151558599265983
Q458,C244,"Iron preparations: Mechanism, Indications, and Safety",16,3.8865872853495445
Q458,C140,"Proton pump inhibitors: Mechanism, Indications, and Safety",17,3.6534100715880893
Q458,C235,"Vitamin K antagonists: Mechanism, Indications, and Safety",18,3.6534100715880893
Q458,C258,"Centrally acting antihypertensives: Mechanism, Indications, and Safety",19,3.6534100715880893
Q458,C098,Hasil Jangka Panjang Terapi NRTIs combination pada Urinary Tract Infection,20,3.2903147971840774
Q459,C214,Adalimumab versus Adalimumab in Gout: Head-to-Head Comparison,1,10.619271197746448
Q459,C217,"Adalimumab: Pharmacology, Dosing, and Clinical Use in Gout",2,9.002544543085872
Q459,C225,Treatment Intensification in Gout: When and How,3,4.350946915799847
Q459,C230,Case Series: IL-17 inhibitors in Refractory Gout,4,4.104684859007734
Q459,C213,Hasil Jangka Panjang Terapi IL-17 inhibitors pada Gout,5,3.884806201785683
Q459,C001,Panduan Praktis: Memulai Levothyroxine pada Hypothyroidism,6,0.0
Q459,C002,Clinical Practice Guideline: Type 1 Diabetes Mellitus Management 2023,7,0.0
Q459,C003,A Case of Type 1 Diabetes Mellitus Resistant to Insulin degludec,8,0.0
Q459,C004,Successful Management of Severe Hypothyroidism with Levothyroxine,9,0.0
Q459,C005,Liraglutide in Type 2 Diabetes Mellitus: Real-World Outcomes,10,0.0
Q459,C006,"Methimazole: Pharmacology, Dosing, and Clinical Use in Hyperthyroidism",11,0.0
Q459,C007,Efficacy of Vasopressin analogues in Diabetes Insipidus: A Cohort Study,12,0.0
Q459,C008,Treatment Intensification in Type 2 Diabetes Mellitus: When and How,13,0.0
Q459,C009,Case Report: Atypical Presentation of Obesity,14,0.0
Q459,C010,Dosis DPP-4 inhibitors pada Type 2 Diabetes Mellitus: Referensi Cepat,15,0.0
Q459,C011,National Guideline: Hypothyroidism Diagnosis and Treatment,16,0.0
Q459,C012,Case Report: Atypical Presentation of Type 2 Diabetes Mellitus,17,0.0
Q459,C013,Asia-Pacific Guideline: Type 1 Diabetes Mellitus in Primary Care 2023,18,0.0
Q459,C014,Practical Guide: Initiating Methimazole in Hyperthyroidism,19,0.0
Q459,C015,Panduan Klinis: Tatalaksana Hyperthyroidism 2021,20,0.0
Q460,C038,Clinical Summary: Heart Failure Management Update 2024,1,7.725991902235357
Q460,C175,Clinical Summary: Bipolar Disorder Management Update 2020,2,7.725991902235357
Q460,C293,Clinical Summary: Stunting / Malnutrition Management Update 2021,3,7.725991902235357
Q460,C052,Clinical Summary: Chronic Kidney Disease Management Update 2024,4,7.288703492741186
Q460,C148,Clinical Summary: Inflammatory Bowel Disease Management Update 2022,5,7.288703492741186
Q460,C164,Clinical Summary: Major Depressive Disorder Management Update 2021,6,7.288703492741186
Q460,C110,WHO Guideline Update: Malaria 2025,7,6.927795844404072
Q460,C333,WHO Guideline Update: Psoriasis 2023,8,6.927795844404072
Q460,C335,WHO Guideline Update: Psoriasis 2025,9,6.927795844404072
Q460,C233,WHO Guideline Update: Iron Deficiency Anaemia 2023,10,6.096524595925708
Q460,C308,WHO Guideline Update: Disseminated Intravascular Coagulation 2025,11,6.096524595925708
Q460,C309,Profil Keamanan Meropenem pada Sepsis,12,4.038960558940491
Q460,C303,Sepsis in Special Populations: Practical Guidance,13,3.781175763045196
Q460,C304,Ringkasan Klinis: Tatalaksana Sepsis Terkini 2024,14,3.781175763045196
Q460,C306,Sepsis in liver disease: Special Considerations,15,3.781175763045196
Q460,C313,Case Report: Atypical Presentation of Sepsis,16,3.781175763045196
Q460,C319,Safety Profile of Meropenem in Sepsis,17,3.781175763045196
Q460,C321,Kasus Sulit: Sepsis Refrakter terhadap Norepinephrine,18,3.781175763045196
Q460,C301,Successful Management of Severe Sepsis with Norepinephrine,19,3.554322751794755
Q460,C305,Hydrocortisone: Farmakologi dan Penggunaan Klinis pada Sepsis,20,3.554322751794755
Q461,C005,Liraglutide in Type 2 Diabetes Mellitus: Real-World Outcomes,1,14.11679261813309
Q461,C017,Type 2 Diabetes Mellitus in Special Populations: Practical Guidance,2,14.11679261813309
Q461,C008,Treatment Intensification in Type 2 Diabetes Mellitus: When and How,3,13.399036619519991
Q461,C012,Case Report: Atypical Presentation of Type 2 Diabetes Mellitus,4,13.128112075112373
Q461,C018,Laporan Kasus: Type 2 Diabetes Mellitus dengan Presentasi Atipikal,5,13.128112075112373
Q461,C020,Clinical Practice Guideline: Type 2 Diabetes Mellitus Management 2021,6,13.128112075112373
Q461,C010,Dosis DPP-4 inhibitors pada Type 2 Diabetes Mellitus: Referensi Cepat,7,11.857728804840177
Q461,C002,Clinical Practice Guideline: Type 1 Diabetes Mellitus Management 2023,8,9.540900735325724
Q461,C013,Asia-Pacific Guideline: Type 1 Diabetes Mellitus in Primary Care 2023,9,9.51065305603629
Q461,C003,A Case of Type 1 Diabetes Mellitus Resistant to Insulin degludec,10,8.61764531153458
Q461,C287,Challenging Case: Stunting / Malnutrition with Concurrent COPD,11,7.671053502035849
Q461,C128,COPD in Special Populations: Practical Guidance,12,5.452054453227119
Q461,C132,Practical Guide: Initiating Prednisolone in COPD,13,5.452054453227119
Q461,C118,COPD in Pregnancy: Safety and Management Guide,14,5.124956468969474
Q461,C083,Laporan Kasus: Migraine dengan COPD,15,4.565455781209233
Q461,C133,Panduan Praktis: Memulai Prednisolone pada COPD,16,4.274067670443244
Q461,C135,Prednisolone pada Pasien COPD: Studi Kohort,17,4.274067670443244
Q461,C022,Quick Reference: Vasopressin analogues Dosing in Diabetes Insipidus,18,4.232295148072932
Q461,C019,Asia-Pacific Guideline: Diabetes Insipidus in Primary Care 2021,19,4.005580697124647
Q461,C007,Efficacy of Vasopressin analogues in Diabetes Insipidus: A Cohort Study,20,3.801920442911019
Q462,C082,Rare Adverse Event of Aspirin in Ischaemic Stroke,1,14.0234848222743
Q462,C085,Pedoman PNPK: Ischaemic Stroke,2,11.135586229852866
Q462,C087,Switching Therapy in Ischaemic Stroke: A Step-by-Step Guide,3,10.079316350326746
Q462,C070,Ischaemic Stroke in Special Populations: Practical Guidance,4,9.13133562640039
Q462,C102,Biomarkers in Urinary Tract Infection: Implications for NRTIs combination Therapy,5,5.745627802793096
Q462,C111,Biomarkers in Urinary Tract Infection: Implications for NRTIs combination Therapy,6,5.745627802793096
Q462,C101,"NRTIs combination: Mechanism, Indications, and Safety",7,4.274067670443244
Q462,C095,Quick Reference: NRTIs combination Dosing in Urinary Tract Infection,8,3.58721133978665
Q462,C108,Case Series: NRTIs combination in Refractory Urinary Tract Infection,9,3.58721133978665
Q462,C115,Case Series: NRTIs combination in Refractory Urinary Tract Infection,10,3.58721133978665
Q462,C098,Hasil Jangka Panjang Terapi NRTIs combination pada Urinary Tract Infection,11,3.4048227103668527
Q462,C162,Biomarkers in Schizophrenia: Implications for Atypical antipsychotics Therapy,12,2.605782573313007
Q462,C216,Switching Therapy in Osteoporosis: A Step-by-Step Guide,13,2.466196711568875
Q462,C280,Biomarkers in Stunting / Malnutrition: Implications for Vitamin A Therapy,14,2.466196711568875
Q462,C318,Switching Therapy in Sepsis: A Step-by-Step Guide,15,2.466196711568875
Q462,C323,Switching Therapy in Psoriasis: A Step-by-Step Guide,16,2.466196711568875
Q462,C340,Switching Therapy in Psoriasis: A Step-by-Step Guide,17,2.466196711568875
Q462,C039,Switching Therapy in Stable Angina: A Step-by-Step Guide,18,2.340805092426243
Q462,C056,Biomarkers in Chronic Kidney Disease: Implications for SGLT2 inhibitors Therapy,19,2.340805092426243
Q462,C159,Long-term Outcomes of Nitroimidazoles Therapy in Inflammatory Bowel Disease,20,2.340805092426243
Q463,C222,Challenging Case: Psoriatic Arthritis with Concurrent renal impairment,1,10.152927035449816
Q463,C016,Dose Adjustment of Desmopressin in Renal and Hepatic Impairment,2,6.3470574734796
Q463,C040,Dose Adjustment of Atorvastatin in Renal and Hepatic Impairment,3,6.3470574734796
Q463,C084,Dose Adjustment of Valproate in Renal and Hepatic Impairment,4,6.3470574734796
Q463,C116,Dose Adjustment of Salmeterol in Renal and Hepatic Impairment,5,6.3470574734796
Q463,C169,Dose Adjustment of Olanzapine in Renal and Hepatic Impairment,6,6.3470574734796
Q463,C231,Dose Adjustment of Apixaban in Renal and Hepatic Impairment,7,6.3470574734796
Q463,C236,Dose Adjustment of Rivaroxaban in Renal and Hepatic Impairment,8,6.3470574734796
Q463,C314,Dose Adjustment of Vancomycin in Renal and Hepatic Impairment,9,6.3470574734796
Q463,C343,Dose Adjustment of Dupilumab in Renal and Hepatic Impairment,10,6.3470574734796
Q463,C021,Dose Adjustment of Insulin glargine in Renal and Hepatic Impairment,11,6.024346876365611
Q463,C130,Profil Keamanan Bedaquiline pada MDR Tuberculosis,12,4.628644097110018
Q463,C117,Safety Profile of Bedaquiline in MDR Tuberculosis,13,4.350946915799847
Q463,C120,Safety Profile of Bedaquiline in MDR Tuberculosis,14,4.350946915799847
Q463,C136,MDR Tuberculosis pada Populasi Khusus: Pendekatan Praktis,15,4.350946915799847
Q463,C125,Efficacy of Antituberculotics in MDR Tuberculosis: A Cohort Study,16,3.884806201785683
Q463,C076,Levetiracetam Drug Profile: Efficacy in Epilepsy,17,3.781175763045196
Q463,C126,Budesonide Drug Profile: Efficacy in Asthma,18,3.781175763045196
Q463,C004,Successful Management of Severe Hypothyroidism with Levothyroxine,19,3.6534100715880893
Q463,C168,Challenging Case: ADHD with Concurrent atrial fibrillation,20,3.6534100715880893
Q464,C018,Laporan Kasus: Type 2 Diabetes Mellitus dengan Presentasi Atipikal,1,6.604111493890581
Q464,C023,Hasil Jangka Panjang Terapi GLP-1 receptor agonists pada Obesity,2,5.330635129275559
Q464,C009,Case Report: Atypical Presentation of Obesity,3,5.142303115314051
Q464,C200,Chronic Lymphocytic Leukaemia and obesity: Management Challenges,4,4.8337887749142725
Q464,C083,Laporan Kasus: Migraine dengan COPD,5,4.565455781209233
Q464,C338,Laporan Kasus: Psoriasis dengan anaemia,6,4.565455781209233
Q464,C041,Laporan Kasus: Heart Failure dengan immunocompromised,7,4.274067670443244
Q464,C097,Laporan Kasus: Malaria dengan atrial fibrillation,8,4.274067670443244
Q464,C010,Dosis DPP-4 inhibitors pada Type 2 Diabetes Mellitus: Referensi Cepat,9,3.8994024524775783
Q464,C024,Laporan Kasus: Acute Coronary Syndrome dengan Presentasi Atipikal,10,3.790246233059176
Q464,C208,Laporan Kasus: Systemic Lupus Erythematosus dengan Presentasi Atipikal,11,3.790246233059176
Q464,C022,Quick Reference: Vasopressin analogues Dosing in Diabetes Insipidus,12,3.187655635948162
Q464,C002,Clinical Practice Guideline: Type 1 Diabetes Mellitus Management 2023,13,3.016900154103931
Q464,C005,Liraglutide in Type 2 Diabetes Mellitus: Real-World Outcomes,14,3.016900154103931
Q464,C012,Case Report: Atypical Presentation of Type 2 Diabetes Mellitus,15,3.016900154103931
Q464,C017,Type 2 Diabetes Mellitus in Special Populations: Practical Guidance,16,3.016900154103931
Q464,C019,Asia-Pacific Guideline: Diabetes Insipidus in Primary Care 2021,17,3.016900154103931
Q464,C020,Clinical Practice Guideline: Type 2 Diabetes Mellitus Management 2021,18,3.016900154103931
Q464,C007,Efficacy of Vasopressin analogues in Diabetes Insipidus: A Cohort Study,19,2.8635084991154307
Q464,C008,Treatment Intensification in Type 2 Diabetes Mellitus: When and How,20,2.8635084991154307
Q465,C028,Practical Guide: Initiating Losartan in Hypertension,1,3.6842697318499518
Q465,C170,Major Depressive Disorder in hypertension: Special Considerations,2,3.463230633086685
Q465,C260,Hypertension in Pregnancy in anaemia: Special Considerations,3,3.463230633086685
Q465,C255,Practical Guide: Initiating Labetalol in Hypertension in Pregnancy,4,3.2672130039696
Q465,C268,Methyldopa Drug Profile: Efficacy in Hypertension in Pregnancy,5,3.2672130039696
Q465,C272,National Guideline: Hypertension in Pregnancy Diagnosis and Treatment,6,3.2672130039696
Q465,C266,Profil Obat Centrally acting antihypertensives pada Hypertension in Pregnancy,7,3.092195814380794
Q465,C267,Hypertension in Pregnancy in Pregnancy: Safety and Management Guide,8,3.092195814380794
Q465,C275,Treatment Intensification in Hypertension in Pregnancy: When and How,9,3.092195814380794
Q465,C263,Tinjauan Sistematis: Beta blockers non-selective pada Hypertension in Pregnancy,10,2.9349758172684717
Q465,C257,Switching Therapy in Hypertension in Pregnancy: A Step-by-Step Guide,11,2.792969710237297
Q465,C270,Long-term Outcomes of Beta blockers non-selective Therapy in Hypertension in Pregnancy,12,2.5465452117635867
Q465,C001,Panduan Praktis: Memulai Levothyroxine pada Hypothyroidism,13,0.0
Q465,C002,Clinical Practice Guideline: Type 1 Diabetes Mellitus Management 2023,14,0.0
Q465,C003,A Case of Type 1 Diabetes Mellitus Resistant to Insulin degludec,15,0.0
Q465,C004,Successful Management of Severe Hypothyroidism with Levothyroxine,16,0.0
Q465,C005,Liraglutide in Type 2 Diabetes Mellitus: Real-World Outcomes,17,0.0
Q465,C006,"Methimazole: Pharmacology, Dosing, and Clinical Use in Hyperthyroidism",18,0.0
Q465,C007,Efficacy of Vasopressin analogues in Diabetes Insipidus: A Cohort Study,19,0.0
Q465,C008,Treatment Intensification in Type 2 Diabetes Mellitus: When and How,20,0.0
Q466,C170,Major Depressive Disorder in hypertension: Special Considerations,1,10.607182869993093
Q466,C164,Clinical Summary: Major Depressive Disorder Management Update 2021,2,10.00682007061052
Q466,C171,Perbandingan Venlafaxine dan Venlafaxine pada Major Depressive Disorder,3,10.00682007061052
Q466,C180,Risk Stratification in Major Depressive Disorder: Current Approaches,4,10.00682007061052
Q466,C181,Case Report: Atypical Presentation of Major Depressive Disorder,5,10.00682007061052
Q466,C172,Major Depressive Disorder in Pregnancy: Safety and Management Guide,6,9.470777417942562
Q466,C174,Long-term Outcomes of SNRIs Therapy in Major Depressive Disorder,7,8.989244006838536
Q466,C182,"Sertraline: Pharmacology, Dosing, and Clinical Use in Major Depressive Disorder",8,8.989244006838536
Q466,C173,Escitalopram versus Sertraline in Major Depressive Disorder: Head-to-Head Comparison,9,8.554307698657128
Q466,C184,Sertraline Real-World Evidence in Major Depressive Disorder: A Retrospective Study,10,8.554307698657128
Q466,C015,Panduan Klinis: Tatalaksana Hyperthyroidism 2021,11,7.789333221940723
Q466,C259,Panduan Klinis: Tatalaksana Preeclampsia 2020,12,7.789333221940723
Q466,C048,Panduan Klinis: Tatalaksana Chronic Kidney Disease 2022,13,6.854685478611669
Q466,C165,Lithium: Farmakologi dan Penggunaan Klinis pada Bipolar Disorder,14,6.2271267271981845
Q466,C001,Panduan Praktis: Memulai Levothyroxine pada Hypothyroidism,15,3.781175763045196
Q466,C099,Panduan Praktis: Memulai Dolutegravir pada Malaria,16,3.781175763045196
Q466,C133,Panduan Praktis: Memulai Prednisolone pada COPD,17,3.781175763045196
Q466,C066,Panduan Praktis: Memulai Furosemide pada Nephrotic Syndrome,18,3.554322751794755
Q466,C271,Panduan Praktis: Memulai Magnesium sulphate pada Preeclampsia,19,3.554322751794755
Q466,C334,Panduan Praktis: Memulai Tacrolimus topical pada Psoriasis,20,3.554322751794755
Q467,C096,Drug Interactions: Artemether-lumefantrine in Typhoid Fever Patients,1,18.916115447447304
Q467,C106,Successful Management of Severe Typhoid Fever with Artemether-lumefantrine,2,17.902822050436683
Q467,C113,Risk Stratification in Typhoid Fever: Current Approaches,3,9.667577549828545
Q467,C135,Prednisolone pada Pasien COPD: Studi Kohort,4,5.987157344749509
Q467,C045,Metoprolol pada Pasien Heart Failure: Studi Kohort,5,5.627955668445315
Q467,C152,Metronidazole pada Pasien Inflammatory Bowel Disease: Studi Kohort,6,5.309415367847006
Q467,C250,Rivaroxaban pada Pasien Deep Vein Thrombosis: Studi Kohort,7,5.309415367847006
Q467,C311,Secukinumab pada Pasien Disseminated Intravascular Coagulation: Studi Kohort,8,5.309415367847006
Q467,C317,Secukinumab pada Pasien Disseminated Intravascular Coagulation: Studi Kohort,9,5.309415367847006
Q467,C276,Efektivitas Magnesium pada Preeclampsia,10,1.7759290382152242
Q467,C212,Profil Keamanan Alendronate pada Osteoporosis,11,1.6548536020730698
Q467,C221,Meta-analisis: Alendronate pada Osteoporosis,12,1.6548536020730698
Q467,C309,Profil Keamanan Meropenem pada Sepsis,13,1.6548536020730698
Q467,C001,Panduan Praktis: Memulai Levothyroxine pada Hypothyroidism,14,1.5492333337338053
Q467,C026,Profil Keamanan Rivaroxaban pada Atrial Fibrillation,15,1.5492333337338053
Q467,C029,Profil Obat ARBs pada Heart Failure,16,1.5492333337338053
Q467,C054,Efektivitas Loop diuretics pada Nephrotic Syndrome,17,1.5492333337338053
Q467,C089,Perbandingan Topiramate dan Topiramate pada Migraine,18,1.5492333337338053
Q467,C099,Panduan Praktis: Memulai Dolutegravir pada Malaria,19,1.5492333337338053
Q467,C103,Profil Keamanan Amoxicillin pada HIV/AIDS,20,1.5492333337338053
Q468,C228,Methotrexate Drug Profile: Efficacy in Systemic Lupus Erythematosus,1,17.723034140201896
Q468,C208,Laporan Kasus: Systemic Lupus Erythematosus dengan Presentasi Atipikal,2,12.314054577023203
Q468,C211,Case Report: Atypical Presentation of Systemic Lupus Erythematosus,3,12.314054577023203
Q468,C210,Treatment Intensification in Systemic Lupus Erythematosus: When and How,4,11.65441860535705
Q468,C215,Narrative Review: Current Evidence for NSAIDs in Systemic Lupus Erythematosus,5,11.061859864103159
Q468,C001,Panduan Praktis: Memulai Levothyroxine pada Hypothyroidism,6,0.0
Q468,C002,Clinical Practice Guideline: Type 1 Diabetes Mellitus Management 2023,7,0.0
Q468,C003,A Case of Type 1 Diabetes Mellitus Resistant to Insulin degludec,8,0.0
Q468,C004,Successful Management of Severe Hypothyroidism with Levothyroxine,9,0.0
Q468,C005,Liraglutide in Type 2 Diabetes Mellitus: Real-World Outcomes,10,0.0
Q468,C006,"Methimazole: Pharmacology, Dosing, and Clinical Use in Hyperthyroidism",11,0.0
Q468,C007,Efficacy of Vasopressin analogues in Diabetes Insipidus: A Cohort Study,12,0.0
Q468,C008,Treatment Intensification in Type 2 Diabetes Mellitus: When and How,13,0.0
Q468,C009,Case Report: Atypical Presentation of Obesity,14,0.0
Q468,C010,Dosis DPP-4 inhibitors pada Type 2 Diabetes Mellitus: Referensi Cepat,15,0.0
Q468,C011,National Guideline: Hypothyroidism Diagnosis and Treatment,16,0.0
Q468,C012,Case Report: Atypical Presentation of Type 2 Diabetes Mellitus,17,0.0
Q468,C013,Asia-Pacific Guideline: Type 1 Diabetes Mellitus in Primary Care 2023,18,0.0
Q468,C014,Practical Guide: Initiating Methimazole in Hyperthyroidism,19,0.0
Q468,C015,Panduan Klinis: Tatalaksana Hyperthyroidism 2021,20,0.0
Q469,C130,Profil Keamanan Bedaquiline pada MDR Tuberculosis,1,15.948824643267894
Q469,C117,Safety Profile of Bedaquiline in MDR Tuberculosis,2,13.535682606513967
Q469,C120,Safety Profile of Bedaquiline in MDR Tuberculosis,3,13.535682606513967
Q469,C136,MDR Tuberculosis pada Populasi Khusus: Pendekatan Praktis,4,10.158180349604407
Q469,C125,Efficacy of Antituberculotics in MDR Tuberculosis: A Cohort Study,5,7.769612403571366
Q469,C110,WHO Guideline Update: Malaria 2025,6,2.888835285463581
Q469,C333,WHO Guideline Update: Psoriasis 2023,7,2.888835285463581
Q469,C335,WHO Guideline Update: Psoriasis 2025,8,2.888835285463581
Q469,C011,National Guideline: Hypothyroidism Diagnosis and Treatment,9,2.7044567049919497
Q469,C072,National Guideline: Migraine Diagnosis and Treatment,10,2.7044567049919497
Q469,C254,Clinical Practice Guideline: Preeclampsia Management 2022,11,2.7044567049919497
Q469,C027,National Guideline: Atrial Fibrillation Diagnosis and Treatment,12,2.5422018441309535
Q469,C031,Clinical Practice Guideline: Heart Failure Management 2021,13,2.5422018441309535
Q469,C051,Clinical Practice Guideline: Nephrotic Syndrome Management 2022,14,2.5422018441309535
Q469,C119,Clinical Practice Guideline: Pulmonary Embolism Management 2025,15,2.5422018441309535
Q469,C189,Clinical Practice Guideline: Colorectal Cancer Management 2020,16,2.5422018441309535
Q469,C233,WHO Guideline Update: Iron Deficiency Anaemia 2023,17,2.5422018441309535
Q469,C298,Clinical Practice Guideline: Stunting / Malnutrition Management 2020,18,2.5422018441309535
Q469,C308,WHO Guideline Update: Disseminated Intravascular Coagulation 2025,19,2.5422018441309535
Q469,C071,Asia-Pacific Guideline: Epilepsy in Primary Care 2022,20,2.3983141187617956
Q470,C103,Profil Keamanan Amoxicillin pada HIV/AIDS,1,17.362803065180408
Q470,C114,Profil Keamanan Levofloxacin pada HIV/AIDS,2,11.263372247354349
Q470,C100,Case Report: Atypical Presentation of HIV/AIDS,3,9.13133562640039
Q470,C107,A Case of HIV/AIDS Resistant to Levofloxacin,4,8.614505259095605
Q470,C129,Dosis Corticosteroids pada Asthma: Referensi Cepat,5,5.823301004177049
Q470,C166,Dosis SSRIs pada ADHD: Referensi Cepat,6,5.823301004177049
Q470,C345,Dosis Topical calcineurin inhibitors pada Psoriasis: Referensi Cepat,7,5.164107449137047
Q470,C036,Dosis Platelet aggregation inhibitors pada Stable Angina: Referensi Cepat,8,4.88747792685476
Q470,C185,Dosis BCR-ABL inhibitors pada Chronic Myeloid Leukaemia: Referensi Cepat,9,4.638978377772834
Q470,C198,Dosis BCR-ABL inhibitors pada Chronic Myeloid Leukaemia: Referensi Cepat,10,4.638978377772834
Q470,C010,Dosis DPP-4 inhibitors pada Type 2 Diabetes Mellitus: Referensi Cepat,11,4.4145256732042455
Q470,C276,Efektivitas Magnesium pada Preeclampsia,12,1.7759290382152242
Q470,C212,Profil Keamanan Alendronate pada Osteoporosis,13,1.6548536020730698
Q470,C221,Meta-analisis: Alendronate pada Osteoporosis,14,1.6548536020730698
Q470,C309,Profil Keamanan Meropenem pada Sepsis,15,1.6548536020730698
Q470,C001,Panduan Praktis: Memulai Levothyroxine pada Hypothyroidism,16,1.5492333337338053
Q470,C026,Profil Keamanan Rivaroxaban pada Atrial Fibrillation,17,1.5492333337338053
Q470,C029,Profil Obat ARBs pada Heart Failure,18,1.5492333337338053
Q470,C054,Efektivitas Loop diuretics pada Nephrotic Syndrome,19,1.5492333337338053
Q470,C089,Perbandingan Topiramate dan Topiramate pada Migraine,20,1.5492333337338053
Q471,C171,Perbandingan Venlafaxine dan Venlafaxine pada Major Depressive Disorder,1,19.11903936929052
Q471,C170,Major Depressive Disorder in hypertension: Special Considerations,2,10.607182869993093
Q471,C164,Clinical Summary: Major Depressive Disorder Management Update 2021,3,10.00682007061052
Q471,C180,Risk Stratification in Major Depressive Disorder: Current Approaches,4,10.00682007061052
Q471,C181,Case Report: Atypical Presentation of Major Depressive Disorder,5,10.00682007061052
Q471,C172,Major Depressive Disorder in Pregnancy: Safety and Management Guide,6,9.470777417942562
Q471,C174,Long-term Outcomes of SNRIs Therapy in Major Depressive Disorder,7,8.989244006838536
Q471,C182,"Sertraline: Pharmacology, Dosing, and Clinical Use in Major Depressive Disorder",8,8.989244006838536
Q471,C173,Escitalopram versus Sertraline in Major Depressive Disorder: Head-to-Head Comparison,9,8.554307698657128
Q471,C184,Sertraline Real-World Evidence in Major Depressive Disorder: A Retrospective Study,10,8.554307698657128
Q471,C092,Hasil Jangka Panjang Terapi Antiepileptics other pada Migraine,11,5.164107449137047
Q471,C077,Hasil Jangka Panjang Terapi Fatty acid derivatives pada Epilepsy,12,4.88747792685476
Q471,C213,Hasil Jangka Panjang Terapi IL-17 inhibitors pada Gout,13,4.88747792685476
Q471,C220,Hasil Jangka Panjang Terapi Proteasome inhibitors pada Rheumatoid Arthritis,14,4.88747792685476
Q471,C023,Hasil Jangka Panjang Terapi GLP-1 receptor agonists pada Obesity,15,4.638978377772834
Q471,C098,Hasil Jangka Panjang Terapi NRTIs combination pada Urinary Tract Infection,16,4.638978377772834
Q471,C165,Lithium: Farmakologi dan Penggunaan Klinis pada Bipolar Disorder,17,4.487424579676963
Q471,C229,Monitoring Parameters for Bisphosphonates in Osteoporosis,18,4.437924011015704
Q471,C253,Hasil Jangka Panjang Terapi Erythropoiesis stimulating agents pada Iron Deficiency Anaemia,19,4.4145256732042455
Q471,C151,Monitoring Parameters for Nitroimidazoles in Inflammatory Bowel Disease,20,3.935554151769135
Q472,C029,Profil Obat ARBs pada Heart Failure,1,6.099430817826061
Q472,C033,"Statins: Mechanism, Indications, and Safety",2,4.151558599265983
Q472,C104,"NRTIs: Mechanism, Indications, and Safety",3,4.151558599265983
Q472,C112,"Antimalarials: Mechanism, Indications, and Safety",4,4.151558599265983
Q472,C265,"Magnesium: Mechanism, Indications, and Safety",5,4.151558599265983
Q472,C292,"Benzodiazepines: Mechanism, Indications, and Safety",6,4.151558599265983
Q472,C101,"NRTIs combination: Mechanism, Indications, and Safety",7,3.8865872853495445
Q472,C244,"Iron preparations: Mechanism, Indications, and Safety",8,3.8865872853495445
Q472,C028,Practical Guide: Initiating Losartan in Hypertension,9,3.6842697318499518
Q472,C140,"Proton pump inhibitors: Mechanism, Indications, and Safety",10,3.6534100715880893
Q472,C235,"Vitamin K antagonists: Mechanism, Indications, and Safety",11,3.6534100715880893
Q472,C258,"Centrally acting antihypertensives: Mechanism, Indications, and Safety",12,3.6534100715880893
Q472,C170,Major Depressive Disorder in hypertension: Special Considerations,13,3.463230633086685
Q472,C260,Hypertension in Pregnancy in anaemia: Special Considerations,14,3.463230633086685
Q472,C255,Practical Guide: Initiating Labetalol in Hypertension in Pregnancy,15,3.2672130039696
Q472,C268,Methyldopa Drug Profile: Efficacy in Hypertension in Pregnancy,16,3.2672130039696
Q472,C272,National Guideline: Hypertension in Pregnancy Diagnosis and Treatment,17,3.2672130039696
Q472,C266,Profil Obat Centrally acting antihypertensives pada Hypertension in Pregnancy,18,3.092195814380794
Q472,C267,Hypertension in Pregnancy in Pregnancy: Safety and Management Guide,19,3.092195814380794
Q472,C275,Treatment Intensification in Hypertension in Pregnancy: When and How,20,3.092195814380794
Q473,C109,Panduan Praktis: Memulai Tenofovir+Lamivudine pada Urinary Tract Infection,1,20.009233365432983
Q473,C094,"Tenofovir+Lamivudine: Pharmacology, Dosing, and Clinical Use in Urinary Tract Infection",2,19.087997904434076
Q473,C093,Practical Guide: Initiating Tenofovir+Lamivudine in Urinary Tract Infection,3,18.70896677836487
Q473,C098,Hasil Jangka Panjang Terapi NRTIs combination pada Urinary Tract Infection,4,10.79892243659026
Q473,C095,Quick Reference: NRTIs combination Dosing in Urinary Tract Infection,5,10.077129629206315
Q473,C108,Case Series: NRTIs combination in Refractory Urinary Tract Infection,6,10.077129629206315
Q473,C115,Case Series: NRTIs combination in Refractory Urinary Tract Infection,7,10.077129629206315
Q473,C102,Biomarkers in Urinary Tract Infection: Implications for NRTIs combination Therapy,8,9.564766769184278
Q473,C111,Biomarkers in Urinary Tract Infection: Implications for NRTIs combination Therapy,9,9.564766769184278
Q473,C076,Levetiracetam Drug Profile: Efficacy in Epilepsy,10,3.781175763045196
Q473,C126,Budesonide Drug Profile: Efficacy in Asthma,11,3.781175763045196
Q473,C278,Diazepam Drug Profile: Efficacy in Febrile Seizure,12,3.554322751794755
Q473,C145,Metronidazole Drug Profile: Efficacy in Inflammatory Bowel Disease,13,3.3531493409720508
Q473,C228,Methotrexate Drug Profile: Efficacy in Systemic Lupus Erythematosus,14,3.3531493409720508
Q473,C268,Methyldopa Drug Profile: Efficacy in Hypertension in Pregnancy,15,3.3531493409720508
Q473,C125,Efficacy of Antituberculotics in MDR Tuberculosis: A Cohort Study,16,3.1735287367398
Q473,C007,Efficacy of Vasopressin analogues in Diabetes Insipidus: A Cohort Study,17,3.0121734381828054
Q473,C254,Clinical Practice Guideline: Preeclampsia Management 2022,18,2.8881709218691287
Q473,C191,Efficacy of BTK inhibitors in Chronic Lymphocytic Leukaemia: A Cohort Study,19,2.8664321952252583
Q473,C141,Efficacy of Proton pump inhibitors in Peptic Ulcer Disease: A Cohort Study,20,2.7341431902434006
Q474,C125,Efficacy of Antituberculotics in MDR Tuberculosis: A Cohort Study,1,9.00403899897739
Q474,C130,Profil Keamanan Bedaquiline pada MDR Tuberculosis,2,4.628644097110018
Q474,C117,Safety Profile of Bedaquiline in MDR Tuberculosis,3,4.350946915799847
Q474,C120,Safety Profile of Bedaquiline in MDR Tuberculosis,4,4.350946915799847
Q474,C136,MDR Tuberculosis pada Populasi Khusus: Pendekatan Praktis,5,4.350946915799847
Q474,C033,"Statins: Mechanism, Indications, and Safety",6,4.151558599265983
Q474,C104,"NRTIs: Mechanism, Indications, and Safety",7,4.151558599265983
Q474,C112,"Antimalarials: Mechanism, Indications, and Safety",8,4.151558599265983
Q474,C265,"Magnesium: Mechanism, Indications, and Safety",9,4.151558599265983
Q474,C292,"Benzodiazepines: Mechanism, Indications, and Safety",10,4.151558599265983
Q474,C101,"NRTIs combination: Mechanism, Indications, and Safety",11,3.8865872853495445
Q474,C244,"Iron preparations: Mechanism, Indications, and Safety",12,3.8865872853495445
Q474,C140,"Proton pump inhibitors: Mechanism, Indications, and Safety",13,3.6534100715880893
Q474,C235,"Vitamin K antagonists: Mechanism, Indications, and Safety",14,3.6534100715880893
Q474,C258,"Centrally acting antihypertensives: Mechanism, Indications, and Safety",15,3.6534100715880893
Q474,C001,Panduan Praktis: Memulai Levothyroxine pada Hypothyroidism,16,0.0
Q474,C002,Clinical Practice Guideline: Type 1 Diabetes Mellitus Management 2023,17,0.0
Q474,C003,A Case of Type 1 Diabetes Mellitus Resistant to Insulin degludec,18,0.0
Q474,C004,Successful Management of Severe Hypothyroidism with Levothyroxine,19,0.0
Q474,C005,Liraglutide in Type 2 Diabetes Mellitus: Real-World Outcomes,20,0.0
Q475,C241,Consensus Statement: Vitamin K antagonists Use in Deep Vein Thrombosis,1,21.47379284704765
Q475,C235,"Vitamin K antagonists: Mechanism, Indications, and Safety",2,14.949084917533874
Q475,C041,Laporan Kasus: Heart Failure dengan immunocompromised,3,12.82220301132973
Q475,C250,Rivaroxaban pada Pasien Deep Vein Thrombosis: Studi Kohort,4,11.17550022798667
Q475,C029,Profil Obat ARBs pada Heart Failure,5,10.097368674620292
Q475,C243,Kasus Sulit: Deep Vein Thrombosis Refrakter terhadap Warfarin,6,9.8016390119088
Q475,C249,Ringkasan Klinis: Tatalaksana Deep Vein Thrombosis Terkini 2022,7,9.8016390119088
Q475,C045,Metoprolol pada Pasien Heart Failure: Studi Kohort,8,9.491573378900231
Q475,C234,New Insights into Deep Vein Thrombosis Pathophysiology and Treatment,9,9.276587443142382
Q475,C238,Rare Adverse Event of Warfarin in Deep Vein Thrombosis,10,9.276587443142382
Q475,C242,Challenging Case: Deep Vein Thrombosis with Concurrent elderly patients,11,9.276587443142382
Q475,C246,Scoping Review: Emerging Therapies in Deep Vein Thrombosis 2024,12,9.276587443142382
Q475,C251,A Case of Deep Vein Thrombosis Resistant to Rivaroxaban,13,9.276587443142382
Q475,C239,Asia-Pacific Guideline: Deep Vein Thrombosis in Primary Care 2024,14,8.804927451805415
Q475,C245,Monitoring Parameters for Factor Xa inhibitors in Deep Vein Thrombosis,15,8.804927451805415
Q475,C248,Rivaroxaban Real-World Evidence in Deep Vein Thrombosis: A Retrospective Study,16,8.37890913071189
Q475,C031,Clinical Practice Guideline: Heart Failure Management 2021,17,8.03528686089552
Q475,C038,Clinical Summary: Heart Failure Management Update 2024,18,8.03528686089552
Q475,C044,Safety Profile of Furosemide in Heart Failure,19,8.03528686089552
Q475,C034,Spironolactone Real-World Evidence in Heart Failure: A Retrospective Study,20,6.809645420733705
Q476,C224,Risk Stratification in Rheumatoid Arthritis: Current Approaches,1,8.851432205362032
Q476,C220,Hasil Jangka Panjang Terapi Proteasome inhibitors pada Rheumatoid Arthritis,2,7.903129914365929
Q476,C209,Long-term Outcomes of Proteasome inhibitors Therapy in Rheumatoid Arthritis,3,7.50130217223643
Q476,C132,Practical Guide: Initiating Prednisolone in COPD,4,5.142303115314051
Q476,C133,Panduan Praktis: Memulai Prednisolone pada COPD,5,5.142303115314051
Q476,C135,Prednisolone pada Pasien COPD: Studi Kohort,6,5.142303115314051
Q476,C218,Profil Keamanan Colchicine pada Psoriatic Arthritis,7,4.274067670443244
Q476,C226,Safety Profile of Ibuprofen in Psoriatic Arthritis,8,4.01764343044776
Q476,C227,Consensus Statement: NSAIDs Use in Psoriatic Arthritis,9,4.01764343044776
Q476,C222,Challenging Case: Psoriatic Arthritis with Concurrent renal impairment,10,3.790246233059176
Q476,C001,Panduan Praktis: Memulai Levothyroxine pada Hypothyroidism,11,0.0
Q476,C002,Clinical Practice Guideline: Type 1 Diabetes Mellitus Management 2023,12,0.0
Q476,C003,A Case of Type 1 Diabetes Mellitus Resistant to Insulin degludec,13,0.0
Q476,C004,Successful Management of Severe Hypothyroidism with Levothyroxine,14,0.0
Q476,C005,Liraglutide in Type 2 Diabetes Mellitus: Real-World Outcomes,15,0.0
Q476,C006,"Methimazole: Pharmacology, Dosing, and Clinical Use in Hyperthyroidism",16,0.0
Q476,C007,Efficacy of Vasopressin analogues in Diabetes Insipidus: A Cohort Study,17,0.0
Q476,C008,Treatment Intensification in Type 2 Diabetes Mellitus: When and How,18,0.0
Q476,C009,Case Report: Atypical Presentation of Obesity,19,0.0
Q476,C010,Dosis DPP-4 inhibitors pada Type 2 Diabetes Mellitus: Referensi Cepat,20,0.0
Q477,C159,Long-term Outcomes of Nitroimidazoles Therapy in Inflammatory Bowel Disease,1,10.470719975856499
Q477,C174,Long-term Outcomes of SNRIs Therapy in Major Depressive Disorder,2,10.470719975856499
Q477,C209,Long-term Outcomes of Proteasome inhibitors Therapy in Rheumatoid Arthritis,3,10.470719975856499
Q477,C069,Long-term Outcomes of SGLT2 inhibitors Therapy in Chronic Kidney Disease,4,9.964103814715937
Q477,C270,Long-term Outcomes of Beta blockers non-selective Therapy in Hypertension in Pregnancy,5,9.084968149090425
Q477,C029,Profil Obat ARBs pada Heart Failure,6,8.548135340886487
Q477,C041,Laporan Kasus: Heart Failure dengan immunocompromised,7,8.548135340886487
Q477,C031,Clinical Practice Guideline: Heart Failure Management 2021,8,8.03528686089552
Q477,C038,Clinical Summary: Heart Failure Management Update 2024,9,8.03528686089552
Q477,C044,Safety Profile of Furosemide in Heart Failure,10,8.03528686089552
Q477,C045,Metoprolol pada Pasien Heart Failure: Studi Kohort,11,8.03528686089552
Q477,C034,Spironolactone Real-World Evidence in Heart Failure: A Retrospective Study,12,6.809645420733705
Q477,C028,Practical Guide: Initiating Losartan in Hypertension,13,5.142303115314051
Q477,C065,Profil Keamanan Losartan pada Chronic Kidney Disease,14,4.8337887749142725
Q477,C047,Drug Interactions: Losartan in Chronic Kidney Disease Patients,15,4.560198039645514
Q477,C167,Sertraline in ADHD: Real-World Outcomes,16,3.8865872853495445
Q477,C053,Furosemide in Nephrotic Syndrome: Real-World Outcomes,17,3.6534100715880893
Q477,C288,Zinc in Stunting / Malnutrition: Real-World Outcomes,18,3.6534100715880893
Q477,C299,Diazepam in Febrile Seizure: Real-World Outcomes,19,3.6534100715880893
Q477,C005,Liraglutide in Type 2 Diabetes Mellitus: Real-World Outcomes,20,3.2620002906108967
Q478,C130,Profil Keamanan Bedaquiline pada MDR Tuberculosis,1,11.320180546157875
Q478,C041,Laporan Kasus: Heart Failure dengan immunocompromised,2,9.797134627808095
Q478,C117,Safety Profile of Bedaquiline in MDR Tuberculosis,3,9.18473569071412
Q478,C120,Safety Profile of Bedaquiline in MDR Tuberculosis,4,9.18473569071412
Q478,C137,Asthma in immunocompromised: Special Considerations,5,5.899606631144445
Q478,C136,MDR Tuberculosis pada Populasi Khusus: Pendekatan Praktis,6,5.8072334338045595
Q478,C083,Laporan Kasus: Migraine dengan COPD,7,4.565455781209233
Q478,C338,Laporan Kasus: Psoriasis dengan anaemia,8,4.565455781209233
Q478,C097,Laporan Kasus: Malaria dengan atrial fibrillation,9,4.274067670443244
Q478,C125,Efficacy of Antituberculotics in MDR Tuberculosis: A Cohort Study,10,3.884806201785683
Q478,C024,Laporan Kasus: Acute Coronary Syndrome dengan Presentasi Atipikal,11,3.790246233059176
Q478,C208,Laporan Kasus: Systemic Lupus Erythematosus dengan Presentasi Atipikal,12,3.790246233059176
Q478,C018,Laporan Kasus: Type 2 Diabetes Mellitus dengan Presentasi Atipikal,13,3.58721133978665
Q478,C276,Efektivitas Magnesium pada Preeclampsia,14,1.7759290382152242
Q478,C212,Profil Keamanan Alendronate pada Osteoporosis,15,1.6548536020730698
Q478,C221,Meta-analisis: Alendronate pada Osteoporosis,16,1.6548536020730698
Q478,C309,Profil Keamanan Meropenem pada Sepsis,17,1.6548536020730698
Q478,C001,Panduan Praktis: Memulai Levothyroxine pada Hypothyroidism,18,1.5492333337338053
Q478,C026,Profil Keamanan Rivaroxaban pada Atrial Fibrillation,19,1.5492333337338053
Q478,C029,Profil Obat ARBs pada Heart Failure,20,1.5492333337338053
Q479,C185,Dosis BCR-ABL inhibitors pada Chronic Myeloid Leukaemia: Referensi Cepat,1,19.464002477519976
Q479,C198,Dosis BCR-ABL inhibitors pada Chronic Myeloid Leukaemia: Referensi Cepat,2,19.464002477519976
Q479,C192,National Guideline: Chronic Myeloid Leukaemia Diagnosis and Treatment,3,11.200660911620684
Q479,C197,Konsensus Nasional: Chronic Myeloid Leukaemia di Indonesia 2023,4,9.61656234136862
Q479,C206,Chronic Myeloid Leukaemia pada Populasi Khusus: Pendekatan Praktis,5,9.61656234136862
Q479,C194,Quick Reference: BTK inhibitors Dosing in Chronic Lymphocytic Leukaemia,6,8.339534379913909
Q479,C195,Biomarkers in Chronic Lymphocytic Leukaemia: Implications for BTK inhibitors Therapy,7,7.91551803365586
Q479,C191,Efficacy of BTK inhibitors in Chronic Lymphocytic Leukaemia: A Cohort Study,8,7.532532969696913
Q479,C200,Chronic Lymphocytic Leukaemia and obesity: Management Challenges,9,7.521701709438765
Q479,C267,Hypertension in Pregnancy in Pregnancy: Safety and Management Guide,10,7.121326868316885
Q479,C188,Risk Stratification in Chronic Lymphocytic Leukaemia: Current Approaches,11,6.5565169944856585
Q479,C075,Migraine in Pregnancy: Safety and Management Guide,12,6.013293763176111
Q479,C118,COPD in Pregnancy: Safety and Management Guide,13,6.013293763176111
Q479,C269,Preeclampsia in Pregnancy: Safety and Management Guide,14,6.013293763176111
Q479,C204,Profil Keamanan Ibrutinib pada Chronic Lymphocytic Leukaemia,15,5.842564570947868
Q479,C275,Treatment Intensification in Hypertension in Pregnancy: When and How,16,5.81673589843708
Q479,C272,National Guideline: Hypertension in Pregnancy Diagnosis and Treatment,17,5.672943462684636
Q479,C193,Meta-analysis: Ibrutinib versus Standard of Care in Chronic Lymphocytic Leukaemia,18,5.604823850788305
Q479,C205,Meta-analysis: Ibrutinib versus Standard of Care in Chronic Lymphocytic Leukaemia,19,5.604823850788305
Q479,C186,Konsensus Nasional: Chronic Lymphocytic Leukaemia di Indonesia 2022,20,5.511877482360887
Q480,C171,Perbandingan Venlafaxine dan Venlafaxine pada Major Depressive Disorder,1,17.745178153212652
Q480,C182,"Sertraline: Pharmacology, Dosing, and Clinical Use in Major Depressive Disorder",2,12.60371594520267
Q480,C170,Major Depressive Disorder in hypertension: Special Considerations,3,11.714495908514806
Q480,C180,Risk Stratification in Major Depressive Disorder: Current Approaches,4,11.05145958273529
Q480,C168,Challenging Case: ADHD with Concurrent atrial fibrillation,5,10.7620555751776
Q480,C172,Major Depressive Disorder in Pregnancy: Safety and Management Guide,6,10.459457960963277
Q480,C164,Clinical Summary: Major Depressive Disorder Management Update 2021,7,10.00682007061052
Q480,C181,Case Report: Atypical Presentation of Major Depressive Disorder,8,10.00682007061052
Q480,C174,Long-term Outcomes of SNRIs Therapy in Major Depressive Disorder,9,9.927655950634126
Q480,C173,Escitalopram versus Sertraline in Major Depressive Disorder: Head-to-Head Comparison,10,9.447315443158837
Q480,C184,Sertraline Real-World Evidence in Major Depressive Disorder: A Retrospective Study,11,9.447315443158837
Q480,C037,Atrial Fibrillation in Special Populations: Practical Guidance,12,8.215958542111224
Q480,C042,Atrial Fibrillation in Special Populations: Practical Guidance,13,8.215958542111224
Q480,C081,Parkinson Disease in atrial fibrillation: Special Considerations,14,8.215958542111224
Q480,C030,Treatment Intensification in Atrial Fibrillation: When and How,15,7.750938194068872
Q480,C032,Consensus Statement: SGLT2 inhibitors Use in Atrial Fibrillation,16,7.750938194068872
Q480,C046,Treatment Intensification in Atrial Fibrillation: When and How,17,7.750938194068872
Q480,C026,Profil Keamanan Rivaroxaban pada Atrial Fibrillation,18,7.562351526090392
Q480,C097,Laporan Kasus: Malaria dengan atrial fibrillation,19,7.562351526090392
Q480,C027,National Guideline: Atrial Fibrillation Diagnosis and Treatment,20,7.10864550358951
Q481,C159,Long-term Outcomes of Nitroimidazoles Therapy in Inflammatory Bowel Disease,1,10.470719975856499
Q481,C174,Long-term Outcomes of SNRIs Therapy in Major Depressive Disorder,2,10.470719975856499
Q481,C209,Long-term Outcomes of Proteasome inhibitors Therapy in Rheumatoid Arthritis,3,10.470719975856499
Q481,C069,Long-term Outcomes of SGLT2 inhibitors Therapy in Chronic Kidney Disease,4,9.964103814715937
Q481,C035,Stable Angina in Special Populations: Practical Guidance,5,9.667577549828545
Q481,C270,Long-term Outcomes of Beta blockers non-selective Therapy in Hypertension in Pregnancy,6,9.084968149090425
Q481,C036,Dosis Platelet aggregation inhibitors pada Stable Angina: Referensi Cepat,7,8.631837149158557
Q481,C039,Switching Therapy in Stable Angina: A Step-by-Step Guide,8,8.192958923739155
Q481,C045,Metoprolol pada Pasien Heart Failure: Studi Kohort,9,5.19170855216684
Q481,C025,Metoprolol versus Empagliflozin in Atrial Fibrillation: Head-to-Head Comparison,10,4.399804883145992
Q481,C167,Sertraline in ADHD: Real-World Outcomes,11,3.8865872853495445
Q481,C053,Furosemide in Nephrotic Syndrome: Real-World Outcomes,12,3.6534100715880893
Q481,C288,Zinc in Stunting / Malnutrition: Real-World Outcomes,13,3.6534100715880893
Q481,C299,Diazepam in Febrile Seizure: Real-World Outcomes,14,3.6534100715880893
Q481,C005,Liraglutide in Type 2 Diabetes Mellitus: Real-World Outcomes,15,3.2620002906108967
Q481,C001,Panduan Praktis: Memulai Levothyroxine pada Hypothyroidism,16,0.0
Q481,C002,Clinical Practice Guideline: Type 1 Diabetes Mellitus Management 2023,17,0.0
Q481,C003,A Case of Type 1 Diabetes Mellitus Resistant to Insulin degludec,18,0.0
Q481,C004,Successful Management of Severe Hypothyroidism with Levothyroxine,19,0.0
Q481,C006,"Methimazole: Pharmacology, Dosing, and Clinical Use in Hyperthyroidism",20,0.0
Q482,C157,Profil Keamanan Lansoprazole pada Peptic Ulcer Disease,1,15.113536642252694
Q482,C159,Long-term Outcomes of Nitroimidazoles Therapy in Inflammatory Bowel Disease,2,12.227709542359731
Q482,C069,Long-term Outcomes of SGLT2 inhibitors Therapy in Chronic Kidney Disease,3,11.636083056103196
Q482,C174,Long-term Outcomes of SNRIs Therapy in Major Depressive Disorder,4,10.470719975856499
Q482,C209,Long-term Outcomes of Proteasome inhibitors Therapy in Rheumatoid Arthritis,5,10.470719975856499
Q482,C270,Long-term Outcomes of Beta blockers non-selective Therapy in Hypertension in Pregnancy,6,9.084968149090425
Q482,C147,National Guideline: Peptic Ulcer Disease Diagnosis and Treatment,7,8.849136249780818
Q482,C150,Practical Guide: Initiating Omeprazole in Peptic Ulcer Disease,8,8.849136249780818
Q482,C154,Peptic Ulcer Disease pada Populasi Khusus: Pendekatan Praktis,9,8.849136249780818
Q482,C143,Consensus Statement: Proton pump inhibitors Use in Peptic Ulcer Disease,10,7.949283032745352
Q482,C161,Asia-Pacific Guideline: Peptic Ulcer Disease in Primary Care 2025,11,7.949283032745352
Q482,C149,Switching Therapy in Peptic Ulcer Disease: A Step-by-Step Guide,12,7.5646642803429085
Q482,C156,Switching Therapy in Peptic Ulcer Disease: A Step-by-Step Guide,13,7.5646642803429085
Q482,C139,Narrative Review: Current Evidence for Proton pump inhibitors in Peptic Ulcer Disease,14,7.215546686584609
Q482,C141,Efficacy of Proton pump inhibitors in Peptic Ulcer Disease: A Cohort Study,15,7.215546686584609
Q482,C167,Sertraline in ADHD: Real-World Outcomes,16,3.8865872853495445
Q482,C053,Furosemide in Nephrotic Syndrome: Real-World Outcomes,17,3.6534100715880893
Q482,C288,Zinc in Stunting / Malnutrition: Real-World Outcomes,18,3.6534100715880893
Q482,C299,Diazepam in Febrile Seizure: Real-World Outcomes,19,3.6534100715880893
Q482,C005,Liraglutide in Type 2 Diabetes Mellitus: Real-World Outcomes,20,3.2620002906108967
Q483,C268,Methyldopa Drug Profile: Efficacy in Hypertension in Pregnancy,1,9.664567725249455
Q483,C267,Hypertension in Pregnancy in Pregnancy: Safety and Management Guide,2,7.27792098752997
Q483,C260,Hypertension in Pregnancy in anaemia: Special Considerations,3,6.690074219250185
Q483,C255,Practical Guide: Initiating Labetalol in Hypertension in Pregnancy,4,6.311418384277403
Q483,C272,National Guideline: Hypertension in Pregnancy Diagnosis and Treatment,5,6.311418384277403
Q483,C266,Profil Obat Centrally acting antihypertensives pada Hypertension in Pregnancy,6,5.973330017650165
Q483,C275,Treatment Intensification in Hypertension in Pregnancy: When and How,7,5.973330017650165
Q483,C263,Tinjauan Sistematis: Beta blockers non-selective pada Hypertension in Pregnancy,8,5.669621266814162
Q483,C257,Switching Therapy in Hypertension in Pregnancy: A Step-by-Step Guide,9,5.395301853446474
Q483,C270,Long-term Outcomes of Beta blockers non-selective Therapy in Hypertension in Pregnancy,10,4.919272862341925
Q483,C083,Laporan Kasus: Migraine dengan COPD,11,4.565455781209233
Q483,C338,Laporan Kasus: Psoriasis dengan anaemia,12,4.565455781209233
Q483,C041,Laporan Kasus: Heart Failure dengan immunocompromised,13,4.274067670443244
Q483,C097,Laporan Kasus: Malaria dengan atrial fibrillation,14,4.274067670443244
Q483,C024,Laporan Kasus: Acute Coronary Syndrome dengan Presentasi Atipikal,15,3.790246233059176
Q483,C208,Laporan Kasus: Systemic Lupus Erythematosus dengan Presentasi Atipikal,16,3.790246233059176
Q483,C076,Levetiracetam Drug Profile: Efficacy in Epilepsy,17,3.781175763045196
Q483,C126,Budesonide Drug Profile: Efficacy in Asthma,18,3.781175763045196
Q483,C028,Practical Guide: Initiating Losartan in Hypertension,19,3.6842697318499518
Q483,C262,Preeclampsia in pregnancy: Special Considerations,20,3.6668290654818585
Q484,C117,Safety Profile of Bedaquiline in MDR Tuberculosis,1,10.292048729235834
Q484,C120,Safety Profile of Bedaquiline in MDR Tuberculosis,2,10.292048729235834
Q484,C130,Profil Keamanan Bedaquiline pada MDR Tuberculosis,3,9.770947212424069
Q484,C125,Efficacy of Antituberculotics in MDR Tuberculosis: A Cohort Study,4,4.873486744806399
Q484,C136,MDR Tuberculosis pada Populasi Khusus: Pendekatan Praktis,5,4.350946915799847
Q484,C260,Hypertension in Pregnancy in anaemia: Special Considerations,6,1.5575755985011488
Q484,C255,Practical Guide: Initiating Labetalol in Hypertension in Pregnancy,7,1.4945138020276896
Q484,C268,Methyldopa Drug Profile: Efficacy in Hypertension in Pregnancy,8,1.4945138020276896
Q484,C267,Hypertension in Pregnancy in Pregnancy: Safety and Management Guide,9,1.4363596921061903
Q484,C275,Treatment Intensification in Hypertension in Pregnancy: When and How,10,1.4363596921061903
Q484,C257,Switching Therapy in Hypertension in Pregnancy: A Step-by-Step Guide,11,1.3326483965224
Q484,C137,Asthma in immunocompromised: Special Considerations,12,1.2582970093898815
Q484,C262,Preeclampsia in pregnancy: Special Considerations,13,1.2582970093898815
Q484,C270,Long-term Outcomes of Beta blockers non-selective Therapy in Hypertension in Pregnancy,14,1.2429053308678053
Q484,C014,Practical Guide: Initiating Methimazole in Hyperthyroidism,15,1.1779867827838757
Q484,C028,Practical Guide: Initiating Losartan in Hypertension,16,1.1779867827838757
Q484,C076,Levetiracetam Drug Profile: Efficacy in Epilepsy,17,1.1779867827838757
Q484,C086,Risk Stratification in Migraine: Current Approaches,18,1.1779867827838757
Q484,C126,Budesonide Drug Profile: Efficacy in Asthma,19,1.1779867827838757
Q484,C127,Risk Stratification in Asthma: Current Approaches,20,1.1779867827838757
Q485,C157,Profil Keamanan Lansoprazole pada Peptic Ulcer Disease,1,15.113536642252694
Q485,C149,Switching Therapy in Peptic Ulcer Disease: A Step-by-Step Guide,2,10.68521941458779
Q485,C156,Switching Therapy in Peptic Ulcer Disease: A Step-by-Step Guide,3,10.68521941458779
Q485,C150,Practical Guide: Initiating Omeprazole in Peptic Ulcer Disease,4,9.893775761905587
Q485,C143,Consensus Statement: Proton pump inhibitors Use in Peptic Ulcer Disease,5,8.88769497654094
Q485,C161,Asia-Pacific Guideline: Peptic Ulcer Disease in Primary Care 2025,6,8.88769497654094
Q485,C147,National Guideline: Peptic Ulcer Disease Diagnosis and Treatment,7,8.849136249780818
Q485,C154,Peptic Ulcer Disease pada Populasi Khusus: Pendekatan Praktis,8,8.849136249780818
Q485,C139,Narrative Review: Current Evidence for Proton pump inhibitors in Peptic Ulcer Disease,9,8.06734113946965
Q485,C141,Efficacy of Proton pump inhibitors in Peptic Ulcer Disease: A Cohort Study,10,8.06734113946965
Q485,C056,Biomarkers in Chronic Kidney Disease: Implications for SGLT2 inhibitors Therapy,11,5.0362066027250645
Q485,C159,Long-term Outcomes of Nitroimidazoles Therapy in Inflammatory Bowel Disease,12,5.0362066027250645
Q485,C057,Switching Therapy in Chronic Kidney Disease: A Step-by-Step Guide,13,4.7925343756321395
Q485,C069,Long-term Outcomes of SGLT2 inhibitors Therapy in Chronic Kidney Disease,14,4.7925343756321395
Q485,C162,Biomarkers in Schizophrenia: Implications for Atypical antipsychotics Therapy,15,3.650422085437777
Q485,C257,Switching Therapy in Hypertension in Pregnancy: A Step-by-Step Guide,16,3.5601957862655706
Q485,C216,Switching Therapy in Osteoporosis: A Step-by-Step Guide,17,3.454877254589591
Q485,C280,Biomarkers in Stunting / Malnutrition: Implications for Vitamin A Therapy,18,3.454877254589591
Q485,C318,Switching Therapy in Sepsis: A Step-by-Step Guide,19,3.454877254589591
Q485,C323,Switching Therapy in Psoriasis: A Step-by-Step Guide,20,3.454877254589591
Q486,C085,Pedoman PNPK: Ischaemic Stroke,1,11.135586229852866
Q486,C070,Ischaemic Stroke in Special Populations: Practical Guidance,2,10.238648664922103
Q486,C082,Rare Adverse Event of Aspirin in Ischaemic Stroke,3,9.659144771220376
Q486,C087,Switching Therapy in Ischaemic Stroke: A Step-by-Step Guide,4,8.67692320169609
Q486,C214,Adalimumab versus Adalimumab in Gout: Head-to-Head Comparison,5,4.250680833631613
Q486,C025,Metoprolol versus Empagliflozin in Atrial Fibrillation: Head-to-Head Comparison,6,4.034558676916648
Q486,C173,Escitalopram versus Sertraline in Major Depressive Disorder: Head-to-Head Comparison,7,3.8393502639795356
Q486,C178,A Case of Schizophrenia Resistant to Clozapine,8,3.6534100715880893
Q486,C325,A Case of Psoriasis Resistant to Cyclosporine,9,3.6534100715880893
Q486,C336,A Case of Psoriasis Resistant to Cyclosporine,10,3.6534100715880893
Q486,C107,A Case of HIV/AIDS Resistant to Levofloxacin,11,3.446628353505714
Q486,C251,A Case of Deep Vein Thrombosis Resistant to Rivaroxaban,12,3.2620002906108967
Q486,C312,A Case of Disseminated Intravascular Coagulation Resistant to Cyclosporine,13,3.2620002906108967
Q486,C003,A Case of Type 1 Diabetes Mellitus Resistant to Insulin degludec,14,2.946342519477825
Q486,C260,Hypertension in Pregnancy in anaemia: Special Considerations,15,1.5575755985011488
Q486,C255,Practical Guide: Initiating Labetalol in Hypertension in Pregnancy,16,1.4945138020276896
Q486,C268,Methyldopa Drug Profile: Efficacy in Hypertension in Pregnancy,17,1.4945138020276896
Q486,C267,Hypertension in Pregnancy in Pregnancy: Safety and Management Guide,18,1.4363596921061903
Q486,C275,Treatment Intensification in Hypertension in Pregnancy: When and How,19,1.4363596921061903
Q486,C257,Switching Therapy in Hypertension in Pregnancy: A Step-by-Step Guide,20,1.3326483965224
Q487,C266,Profil Obat Centrally acting antihypertensives pada Hypertension in Pregnancy,1,20.868487912588073
Q487,C258,"Centrally acting antihypertensives: Mechanism, Indications, and Safety",2,15.575125656500518
Q487,C267,Hypertension in Pregnancy in Pregnancy: Safety and Management Guide,3,8.714280679636161
Q487,C260,Hypertension in Pregnancy in anaemia: Special Considerations,4,8.247649817751334
Q487,C255,Practical Guide: Initiating Labetalol in Hypertension in Pregnancy,5,7.805932186305093
Q487,C268,Methyldopa Drug Profile: Efficacy in Hypertension in Pregnancy,6,7.805932186305093
Q487,C275,Treatment Intensification in Hypertension in Pregnancy: When and How,7,7.409689709756355
Q487,C272,National Guideline: Hypertension in Pregnancy Diagnosis and Treatment,8,7.356057896402174
Q487,C257,Switching Therapy in Hypertension in Pregnancy: A Step-by-Step Guide,9,6.727950249968875
Q487,C263,Tinjauan Sistematis: Beta blockers non-selective pada Hypertension in Pregnancy,10,6.608033210609751
Q487,C270,Long-term Outcomes of Beta blockers non-selective Therapy in Hypertension in Pregnancy,11,6.16217819320973
Q487,C262,Preeclampsia in pregnancy: Special Considerations,12,4.92512607487174
Q487,C028,Practical Guide: Initiating Losartan in Hypertension,13,4.8622565146338275
Q487,C134,Scoping Review: Emerging Therapies in Pulmonary Embolism 2025,14,4.707415617216631
Q487,C170,Major Depressive Disorder in hypertension: Special Considerations,15,4.570543671608399
Q487,C110,WHO Guideline Update: Malaria 2025,16,4.411914507931547
Q487,C335,WHO Guideline Update: Psoriasis 2025,17,4.411914507931547
Q487,C075,Migraine in Pregnancy: Safety and Management Guide,18,4.334156624685214
Q487,C118,COPD in Pregnancy: Safety and Management Guide,19,4.334156624685214
Q487,C269,Preeclampsia in Pregnancy: Safety and Management Guide,20,4.334156624685214
Q488,C096,Drug Interactions: Artemether-lumefantrine in Typhoid Fever Patients,1,18.916115447447304
Q488,C106,Successful Management of Severe Typhoid Fever with Artemether-lumefantrine,2,17.902822050436683
Q488,C113,Risk Stratification in Typhoid Fever: Current Approaches,3,9.667577549828545
Q488,C083,Laporan Kasus: Migraine dengan COPD,4,4.565455781209233
Q488,C338,Laporan Kasus: Psoriasis dengan anaemia,5,4.565455781209233
Q488,C041,Laporan Kasus: Heart Failure dengan immunocompromised,6,4.274067670443244
Q488,C097,Laporan Kasus: Malaria dengan atrial fibrillation,7,4.274067670443244
Q488,C024,Laporan Kasus: Acute Coronary Syndrome dengan Presentasi Atipikal,8,3.790246233059176
Q488,C208,Laporan Kasus: Systemic Lupus Erythematosus dengan Presentasi Atipikal,9,3.790246233059176
Q488,C018,Laporan Kasus: Type 2 Diabetes Mellitus dengan Presentasi Atipikal,10,3.58721133978665
Q488,C276,Efektivitas Magnesium pada Preeclampsia,11,1.7759290382152242
Q488,C212,Profil Keamanan Alendronate pada Osteoporosis,12,1.6548536020730698
Q488,C221,Meta-analisis: Alendronate pada Osteoporosis,13,1.6548536020730698
Q488,C309,Profil Keamanan Meropenem pada Sepsis,14,1.6548536020730698
Q488,C001,Panduan Praktis: Memulai Levothyroxine pada Hypothyroidism,15,1.5492333337338053
Q488,C026,Profil Keamanan Rivaroxaban pada Atrial Fibrillation,16,1.5492333337338053
Q488,C029,Profil Obat ARBs pada Heart Failure,17,1.5492333337338053
Q488,C054,Efektivitas Loop diuretics pada Nephrotic Syndrome,18,1.5492333337338053
Q488,C089,Perbandingan Topiramate dan Topiramate pada Migraine,19,1.5492333337338053
Q488,C099,Panduan Praktis: Memulai Dolutegravir pada Malaria,20,1.5492333337338053
Q489,C130,Profil Keamanan Bedaquiline pada MDR Tuberculosis,1,19.541894424848138
Q489,C117,Safety Profile of Bedaquiline in MDR Tuberculosis,2,19.47678441994995
Q489,C120,Safety Profile of Bedaquiline in MDR Tuberculosis,3,19.47678441994995
Q489,C125,Efficacy of Antituberculotics in MDR Tuberculosis: A Cohort Study,4,8.758292946592082
Q489,C136,MDR Tuberculosis pada Populasi Khusus: Pendekatan Praktis,5,8.701893831599694
Q489,C214,Adalimumab versus Adalimumab in Gout: Head-to-Head Comparison,6,4.250680833631613
Q489,C025,Metoprolol versus Empagliflozin in Atrial Fibrillation: Head-to-Head Comparison,7,4.034558676916648
Q489,C173,Escitalopram versus Sertraline in Major Depressive Disorder: Head-to-Head Comparison,8,3.8393502639795356
Q489,C178,A Case of Schizophrenia Resistant to Clozapine,9,3.6534100715880893
Q489,C325,A Case of Psoriasis Resistant to Cyclosporine,10,3.6534100715880893
Q489,C336,A Case of Psoriasis Resistant to Cyclosporine,11,3.6534100715880893
Q489,C107,A Case of HIV/AIDS Resistant to Levofloxacin,12,3.446628353505714
Q489,C251,A Case of Deep Vein Thrombosis Resistant to Rivaroxaban,13,3.2620002906108967
Q489,C312,A Case of Disseminated Intravascular Coagulation Resistant to Cyclosporine,14,3.2620002906108967
Q489,C003,A Case of Type 1 Diabetes Mellitus Resistant to Insulin degludec,15,2.946342519477825
Q489,C260,Hypertension in Pregnancy in anaemia: Special Considerations,16,1.5575755985011488
Q489,C255,Practical Guide: Initiating Labetalol in Hypertension in Pregnancy,17,1.4945138020276896
Q489,C268,Methyldopa Drug Profile: Efficacy in Hypertension in Pregnancy,18,1.4945138020276896
Q489,C267,Hypertension in Pregnancy in Pregnancy: Safety and Management Guide,19,1.4363596921061903
Q489,C275,Treatment Intensification in Hypertension in Pregnancy: When and How,20,1.4363596921061903
Q490,C001,Panduan Praktis: Memulai Levothyroxine pada Hypothyroidism,1,5.142303115314051
Q490,C011,National Guideline: Hypothyroidism Diagnosis and Treatment,2,5.142303115314051
Q490,C004,Successful Management of Severe Hypothyroidism with Levothyroxine,3,4.8337887749142725
Q490,C083,Laporan Kasus: Migraine dengan COPD,4,4.565455781209233
Q490,C338,Laporan Kasus: Psoriasis dengan anaemia,5,4.565455781209233
Q490,C041,Laporan Kasus: Heart Failure dengan immunocompromised,6,4.274067670443244
Q490,C097,Laporan Kasus: Malaria dengan atrial fibrillation,7,4.274067670443244
Q490,C024,Laporan Kasus: Acute Coronary Syndrome dengan Presentasi Atipikal,8,3.790246233059176
Q490,C092,Hasil Jangka Panjang Terapi Antiepileptics other pada Migraine,9,3.790246233059176
Q490,C208,Laporan Kasus: Systemic Lupus Erythematosus dengan Presentasi Atipikal,10,3.790246233059176
Q490,C018,Laporan Kasus: Type 2 Diabetes Mellitus dengan Presentasi Atipikal,11,3.58721133978665
Q490,C077,Hasil Jangka Panjang Terapi Fatty acid derivatives pada Epilepsy,12,3.58721133978665
Q490,C213,Hasil Jangka Panjang Terapi IL-17 inhibitors pada Gout,13,3.58721133978665
Q490,C220,Hasil Jangka Panjang Terapi Proteasome inhibitors pada Rheumatoid Arthritis,14,3.58721133978665
Q490,C023,Hasil Jangka Panjang Terapi GLP-1 receptor agonists pada Obesity,15,3.4048227103668527
Q490,C098,Hasil Jangka Panjang Terapi NRTIs combination pada Urinary Tract Infection,16,3.4048227103668527
Q490,C253,Hasil Jangka Panjang Terapi Erythropoiesis stimulating agents pada Iron Deficiency Anaemia,17,3.240083493305596
Q490,C002,Clinical Practice Guideline: Type 1 Diabetes Mellitus Management 2023,18,0.0
Q490,C003,A Case of Type 1 Diabetes Mellitus Resistant to Insulin degludec,19,0.0
Q490,C005,Liraglutide in Type 2 Diabetes Mellitus: Real-World Outcomes,20,0.0
Q491,C069,Long-term Outcomes of SGLT2 inhibitors Therapy in Chronic Kidney Disease,1,16.34789916238979
Q491,C059,Safety Profile of Empagliflozin in Chronic Kidney Disease,2,12.365616709208416
Q491,C159,Long-term Outcomes of Nitroimidazoles Therapy in Inflammatory Bowel Disease,3,12.227709542359731
Q491,C174,Long-term Outcomes of SNRIs Therapy in Major Depressive Disorder,4,10.470719975856499
Q491,C209,Long-term Outcomes of Proteasome inhibitors Therapy in Rheumatoid Arthritis,5,10.470719975856499
Q491,C270,Long-term Outcomes of Beta blockers non-selective Therapy in Hypertension in Pregnancy,6,9.084968149090425
Q491,C048,Panduan Klinis: Tatalaksana Chronic Kidney Disease 2022,7,7.915787816238781
Q491,C061,Profil Keamanan Dapagliflozin pada Chronic Kidney Disease,8,7.915787816238781
Q491,C065,Profil Keamanan Losartan pada Chronic Kidney Disease,9,7.915787816238781
Q491,C047,Drug Interactions: Losartan in Chronic Kidney Disease Patients,10,7.467757025130277
Q491,C050,Chronic Kidney Disease pada Populasi Khusus: Pendekatan Praktis,11,7.467757025130277
Q491,C052,Clinical Summary: Chronic Kidney Disease Management Update 2024,12,7.467757025130277
Q491,C060,Case Report: Atypical Presentation of Chronic Kidney Disease,13,7.467757025130277
Q491,C062,Konsensus Nasional: Chronic Kidney Disease di Indonesia 2022,14,7.467757025130277
Q491,C068,Chronic Kidney Disease pada Populasi Khusus: Pendekatan Praktis,15,7.467757025130277
Q491,C058,Case Series: SGLT2 inhibitors in Refractory Chronic Kidney Disease,16,7.067726220440653
Q491,C056,Biomarkers in Chronic Kidney Disease: Implications for SGLT2 inhibitors Therapy,17,6.7083738499340395
Q491,C057,Switching Therapy in Chronic Kidney Disease: A Step-by-Step Guide,18,6.383795347673853
Q491,C025,Metoprolol versus Empagliflozin in Atrial Fibrillation: Head-to-Head Comparison,19,4.399804883145992
Q491,C167,Sertraline in ADHD: Real-World Outcomes,20,3.8865872853495445
Q492,C212,Profil Keamanan Alendronate pada Osteoporosis,1,10.233367061936065
Q492,C221,Meta-analisis: Alendronate pada Osteoporosis,2,10.233367061936065
Q492,C223,Kasus Sulit: Osteoporosis Refrakter terhadap Alendronate,3,9.580227126329754
Q492,C229,Monitoring Parameters for Bisphosphonates in Osteoporosis,4,5.615910793799579
Q492,C216,Switching Therapy in Osteoporosis: A Step-by-Step Guide,5,4.713415985914633
Q492,C219,Konsensus Nasional: Osteoporosis di Indonesia 2022,6,4.437924011015704
Q492,C260,Hypertension in Pregnancy in anaemia: Special Considerations,7,1.5575755985011488
Q492,C255,Practical Guide: Initiating Labetalol in Hypertension in Pregnancy,8,1.4945138020276896
Q492,C268,Methyldopa Drug Profile: Efficacy in Hypertension in Pregnancy,9,1.4945138020276896
Q492,C267,Hypertension in Pregnancy in Pregnancy: Safety and Management Guide,10,1.4363596921061903
Q492,C275,Treatment Intensification in Hypertension in Pregnancy: When and How,11,1.4363596921061903
Q492,C257,Switching Therapy in Hypertension in Pregnancy: A Step-by-Step Guide,12,1.3326483965224
Q492,C137,Asthma in immunocompromised: Special Considerations,13,1.2582970093898815
Q492,C262,Preeclampsia in pregnancy: Special Considerations,14,1.2582970093898815
Q492,C270,Long-term Outcomes of Beta blockers non-selective Therapy in Hypertension in Pregnancy,15,1.2429053308678053
Q492,C014,Practical Guide: Initiating Methimazole in Hyperthyroidism,16,1.1779867827838757
Q492,C028,Practical Guide: Initiating Losartan in Hypertension,17,1.1779867827838757
Q492,C076,Levetiracetam Drug Profile: Efficacy in Epilepsy,18,1.1779867827838757
Q492,C086,Risk Stratification in Migraine: Current Approaches,19,1.1779867827838757
Q492,C126,Budesonide Drug Profile: Efficacy in Asthma,20,1.1779867827838757
Q493,C229,Monitoring Parameters for Bisphosphonates in Osteoporosis,1,10.053834804815283
Q493,C151,Monitoring Parameters for Nitroimidazoles in Inflammatory Bowel Disease,2,8.915747815663039
Q493,C090,Monitoring Parameters for Fatty acid derivatives in Parkinson Disease,3,8.43815142880855
Q493,C203,Monitoring Parameters for CNS stimulants in Breast Cancer HER2-positive,4,8.009120984778836
Q493,C245,Monitoring Parameters for Factor Xa inhibitors in Deep Vein Thrombosis,5,8.009120984778836
Q493,C328,Monitoring Parameters for IL-4/IL-13 inhibitors in Psoriasis,6,8.009120984778836
Q493,C117,Safety Profile of Bedaquiline in MDR Tuberculosis,7,5.45825995432156
Q493,C120,Safety Profile of Bedaquiline in MDR Tuberculosis,8,5.45825995432156
Q493,C125,Efficacy of Antituberculotics in MDR Tuberculosis: A Cohort Study,9,4.873486744806399
Q493,C130,Profil Keamanan Bedaquiline pada MDR Tuberculosis,10,4.628644097110018
Q493,C136,MDR Tuberculosis pada Populasi Khusus: Pendekatan Praktis,11,4.350946915799847
Q493,C260,Hypertension in Pregnancy in anaemia: Special Considerations,12,1.5575755985011488
Q493,C255,Practical Guide: Initiating Labetalol in Hypertension in Pregnancy,13,1.4945138020276896
Q493,C268,Methyldopa Drug Profile: Efficacy in Hypertension in Pregnancy,14,1.4945138020276896
Q493,C267,Hypertension in Pregnancy in Pregnancy: Safety and Management Guide,15,1.4363596921061903
Q493,C275,Treatment Intensification in Hypertension in Pregnancy: When and How,16,1.4363596921061903
Q493,C257,Switching Therapy in Hypertension in Pregnancy: A Step-by-Step Guide,17,1.3326483965224
Q493,C137,Asthma in immunocompromised: Special Considerations,18,1.2582970093898815
Q493,C262,Preeclampsia in pregnancy: Special Considerations,19,1.2582970093898815
Q493,C270,Long-term Outcomes of Beta blockers non-selective Therapy in Hypertension in Pregnancy,20,1.2429053308678053
Q494,C129,Dosis Corticosteroids pada Asthma: Referensi Cepat,1,6.099430817826061
Q494,C083,Laporan Kasus: Migraine dengan COPD,2,4.565455781209233
Q494,C128,COPD in Special Populations: Practical Guidance,3,4.274067670443244
Q494,C132,Practical Guide: Initiating Prednisolone in COPD,4,4.274067670443244
Q494,C133,Panduan Praktis: Memulai Prednisolone pada COPD,5,4.274067670443244
Q494,C135,Prednisolone pada Pasien COPD: Studi Kohort,6,4.274067670443244
Q494,C118,COPD in Pregnancy: Safety and Management Guide,7,4.01764343044776
Q494,C287,Challenging Case: Stunting / Malnutrition with Concurrent COPD,8,4.01764343044776
Q494,C001,Panduan Praktis: Memulai Levothyroxine pada Hypothyroidism,9,0.0
Q494,C002,Clinical Practice Guideline: Type 1 Diabetes Mellitus Management 2023,10,0.0
Q494,C003,A Case of Type 1 Diabetes Mellitus Resistant to Insulin degludec,11,0.0
Q494,C004,Successful Management of Severe Hypothyroidism with Levothyroxine,12,0.0
Q494,C005,Liraglutide in Type 2 Diabetes Mellitus: Real-World Outcomes,13,0.0
Q494,C006,"Methimazole: Pharmacology, Dosing, and Clinical Use in Hyperthyroidism",14,0.0
Q494,C007,Efficacy of Vasopressin analogues in Diabetes Insipidus: A Cohort Study,15,0.0
Q494,C008,Treatment Intensification in Type 2 Diabetes Mellitus: When and How,16,0.0
Q494,C009,Case Report: Atypical Presentation of Obesity,17,0.0
Q494,C010,Dosis DPP-4 inhibitors pada Type 2 Diabetes Mellitus: Referensi Cepat,18,0.0
Q494,C011,National Guideline: Hypothyroidism Diagnosis and Treatment,19,0.0
Q494,C012,Case Report: Atypical Presentation of Type 2 Diabetes Mellitus,20,0.0
Q495,C228,Methotrexate Drug Profile: Efficacy in Systemic Lupus Erythematosus,1,13.35869408914797
Q495,C210,Treatment Intensification in Systemic Lupus Erythematosus: When and How,2,12.643099148377765
Q495,C208,Laporan Kasus: Systemic Lupus Erythematosus dengan Presentasi Atipikal,3,12.314054577023203
Q495,C211,Case Report: Atypical Presentation of Systemic Lupus Erythematosus,4,12.314054577023203
Q495,C215,Narrative Review: Current Evidence for NSAIDs in Systemic Lupus Erythematosus,5,12.000271807898748
Q495,C245,Monitoring Parameters for Factor Xa inhibitors in Deep Vein Thrombosis,6,6.499488270716675
Q495,C328,Monitoring Parameters for IL-4/IL-13 inhibitors in Psoriasis,7,6.499488270716675
Q495,C229,Monitoring Parameters for Bisphosphonates in Osteoporosis,8,5.615910793799579
Q495,C082,Rare Adverse Event of Aspirin in Ischaemic Stroke,9,5.351892141672573
Q495,C279,Rare Adverse Event of Zinc in Stunting / Malnutrition,10,5.351892141672573
Q495,C238,Rare Adverse Event of Warfarin in Deep Vein Thrombosis,11,5.065203419364014
Q495,C252,Rare Adverse Event of Erythropoietin in Iron Deficiency Anaemia,12,5.065203419364014
Q495,C151,Monitoring Parameters for Nitroimidazoles in Inflammatory Bowel Disease,13,4.980193663893905
Q495,C090,Monitoring Parameters for Fatty acid derivatives in Parkinson Disease,14,4.713415985914633
Q495,C203,Monitoring Parameters for CNS stimulants in Breast Cancer HER2-positive,15,4.473766464287212
Q495,C339,Quick Reference: Calcineurin inhibitors Dosing in Psoriasis,16,3.4976365883312153
Q495,C032,Consensus Statement: SGLT2 inhibitors Use in Atrial Fibrillation,17,3.299671594314401
Q495,C230,Case Series: IL-17 inhibitors in Refractory Gout,18,3.299671594314401
Q495,C341,Consensus Statement: Topical calcineurin inhibitors Use in Psoriasis,19,3.299671594314401
Q495,C058,Case Series: SGLT2 inhibitors in Refractory Chronic Kidney Disease,20,3.1229156716667887
Q496,C003,A Case of Type 1 Diabetes Mellitus Resistant to Insulin degludec,1,20.937304378221523
Q496,C002,Clinical Practice Guideline: Type 1 Diabetes Mellitus Management 2023,2,13.425706937111407
Q496,C013,Asia-Pacific Guideline: Type 1 Diabetes Mellitus in Primary Care 2023,3,12.126525959153636
Q496,C010,Dosis DPP-4 inhibitors pada Type 2 Diabetes Mellitus: Referensi Cepat,4,9.792087491433229
Q496,C005,Liraglutide in Type 2 Diabetes Mellitus: Real-World Outcomes,5,9.540900735325724
Q496,C012,Case Report: Atypical Presentation of Type 2 Diabetes Mellitus,6,9.540900735325724
Q496,C017,Type 2 Diabetes Mellitus in Special Populations: Practical Guidance,7,9.540900735325724
Q496,C018,Laporan Kasus: Type 2 Diabetes Mellitus dengan Presentasi Atipikal,8,9.540900735325724
Q496,C020,Clinical Practice Guideline: Type 2 Diabetes Mellitus Management 2021,9,9.540900735325724
Q496,C008,Treatment Intensification in Type 2 Diabetes Mellitus: When and How,10,9.05580196535755
Q496,C135,Prednisolone pada Pasien COPD: Studi Kohort,11,5.987157344749509
Q496,C045,Metoprolol pada Pasien Heart Failure: Studi Kohort,12,5.627955668445315
Q496,C152,Metronidazole pada Pasien Inflammatory Bowel Disease: Studi Kohort,13,5.309415367847006
Q496,C250,Rivaroxaban pada Pasien Deep Vein Thrombosis: Studi Kohort,14,5.309415367847006
Q496,C311,Secukinumab pada Pasien Disseminated Intravascular Coagulation: Studi Kohort,15,5.309415367847006
Q496,C317,Secukinumab pada Pasien Disseminated Intravascular Coagulation: Studi Kohort,16,5.309415367847006
Q496,C023,Hasil Jangka Panjang Terapi GLP-1 receptor agonists pada Obesity,17,4.921442288773702
Q496,C021,Dose Adjustment of Insulin glargine in Renal and Hepatic Impairment,18,4.399804883145992
Q496,C207,Biomarkers in Colorectal Cancer: Implications for PD-1 inhibitors Therapy,19,3.68728662136772
Q496,C022,Quick Reference: Vasopressin analogues Dosing in Diabetes Insipidus,20,3.187655635948162
Q497,C043,Profil Obat Statins pada Acute Coronary Syndrome,1,13.937739856128434
Q497,C024,Laporan Kasus: Acute Coronary Syndrome dengan Presentasi Atipikal,2,13.148868709128328
Q497,C064,Successful Management of Severe Nephrotic Syndrome with Furosemide,3,6.799777694477765
Q497,C049,Safety Profile of Furosemide in Nephrotic Syndrome,4,4.661635790316469
Q497,C053,Furosemide in Nephrotic Syndrome: Real-World Outcomes,5,4.661635790316469
Q497,C063,Systematic Review: Loop diuretics in Nephrotic Syndrome,6,4.661635790316469
Q497,C067,Consensus Statement: Loop diuretics Use in Nephrotic Syndrome,7,4.397788853096821
Q497,C022,Quick Reference: Vasopressin analogues Dosing in Diabetes Insipidus,8,4.232295148072932
Q497,C005,Liraglutide in Type 2 Diabetes Mellitus: Real-World Outcomes,9,4.005580697124647
Q497,C017,Type 2 Diabetes Mellitus in Special Populations: Practical Guidance,10,4.005580697124647
Q497,C019,Asia-Pacific Guideline: Diabetes Insipidus in Primary Care 2021,11,4.005580697124647
Q497,C007,Efficacy of Vasopressin analogues in Diabetes Insipidus: A Cohort Study,12,3.801920442911019
Q497,C008,Treatment Intensification in Type 2 Diabetes Mellitus: When and How,13,3.801920442911019
Q497,C054,Efektivitas Loop diuretics pada Nephrotic Syndrome,14,3.781175763045196
Q497,C004,Successful Management of Severe Hypothyroidism with Levothyroxine,15,3.6534100715880893
Q497,C168,Challenging Case: ADHD with Concurrent atrial fibrillation,16,3.6534100715880893
Q497,C177,Successful Management of Severe Schizophrenia with Clozapine,17,3.6534100715880893
Q497,C287,Challenging Case: Stunting / Malnutrition with Concurrent COPD,18,3.6534100715880893
Q497,C301,Successful Management of Severe Sepsis with Norepinephrine,19,3.6534100715880893
Q497,C013,Asia-Pacific Guideline: Type 1 Diabetes Mellitus in Primary Care 2023,20,3.61796801708064
Q498,C245,Monitoring Parameters for Factor Xa inhibitors in Deep Vein Thrombosis,1,23.16561354501849
Q498,C250,Rivaroxaban pada Pasien Deep Vein Thrombosis: Studi Kohort,2,11.17550022798667
Q498,C122,Case Series: Factor Xa inhibitors in Refractory Community-acquired Pneumonia,3,10.82533157272145
Q498,C243,Kasus Sulit: Deep Vein Thrombosis Refrakter terhadap Warfarin,4,9.8016390119088
Q498,C249,Ringkasan Klinis: Tatalaksana Deep Vein Thrombosis Terkini 2022,5,9.8016390119088
Q498,C234,New Insights into Deep Vein Thrombosis Pathophysiology and Treatment,6,9.276587443142382
Q498,C238,Rare Adverse Event of Warfarin in Deep Vein Thrombosis,7,9.276587443142382
Q498,C242,Challenging Case: Deep Vein Thrombosis with Concurrent elderly patients,8,9.276587443142382
Q498,C246,Scoping Review: Emerging Therapies in Deep Vein Thrombosis 2024,9,9.276587443142382
Q498,C251,A Case of Deep Vein Thrombosis Resistant to Rivaroxaban,10,9.276587443142382
Q498,C239,Asia-Pacific Guideline: Deep Vein Thrombosis in Primary Care 2024,11,8.804927451805415
Q498,C241,Consensus Statement: Vitamin K antagonists Use in Deep Vein Thrombosis,12,8.804927451805415
Q498,C248,Rivaroxaban Real-World Evidence in Deep Vein Thrombosis: A Retrospective Study,13,8.37890913071189
Q498,C328,Monitoring Parameters for IL-4/IL-13 inhibitors in Psoriasis,14,5.561076326921087
Q498,C229,Monitoring Parameters for Bisphosphonates in Osteoporosis,15,4.437924011015704
Q498,C151,Monitoring Parameters for Nitroimidazoles in Inflammatory Bowel Disease,16,3.935554151769135
Q498,C090,Monitoring Parameters for Fatty acid derivatives in Parkinson Disease,17,3.724735442893917
Q498,C345,Dosis Topical calcineurin inhibitors pada Psoriasis: Referensi Cepat,18,3.628893298267501
Q498,C203,Monitoring Parameters for CNS stimulants in Breast Cancer HER2-positive,19,3.5353545204916235
Q498,C036,Dosis Platelet aggregation inhibitors pada Stable Angina: Referensi Cepat,20,3.4345017157141826
Q499,C016,Dose Adjustment of Desmopressin in Renal and Hepatic Impairment,1,6.435529027350697
Q499,C040,Dose Adjustment of Atorvastatin in Renal and Hepatic Impairment,2,6.435529027350697
Q499,C084,Dose Adjustment of Valproate in Renal and Hepatic Impairment,3,6.435529027350697
Q499,C116,Dose Adjustment of Salmeterol in Renal and Hepatic Impairment,4,6.435529027350697
Q499,C169,Dose Adjustment of Olanzapine in Renal and Hepatic Impairment,5,6.435529027350697
Q499,C231,Dose Adjustment of Apixaban in Renal and Hepatic Impairment,6,6.435529027350697
Q499,C236,Dose Adjustment of Rivaroxaban in Renal and Hepatic Impairment,7,6.435529027350697
Q499,C314,Dose Adjustment of Vancomycin in Renal and Hepatic Impairment,8,6.435529027350697
Q499,C343,Dose Adjustment of Dupilumab in Renal and Hepatic Impairment,9,6.435529027350697
Q499,C021,Dose Adjustment of Insulin glargine in Renal and Hepatic Impairment,10,6.108320171303864
Q499,C083,Laporan Kasus: Migraine dengan COPD,11,4.565455781209233
Q499,C338,Laporan Kasus: Psoriasis dengan anaemia,12,4.565455781209233
Q499,C266,Profil Obat Centrally acting antihypertensives pada Hypertension in Pregnancy,13,4.392462401448904
Q499,C041,Laporan Kasus: Heart Failure dengan immunocompromised,14,4.274067670443244
Q499,C097,Laporan Kasus: Malaria dengan atrial fibrillation,15,4.274067670443244
Q499,C263,Tinjauan Sistematis: Beta blockers non-selective pada Hypertension in Pregnancy,16,4.169131484674454
Q499,C024,Laporan Kasus: Acute Coronary Syndrome dengan Presentasi Atipikal,17,3.790246233059176
Q499,C208,Laporan Kasus: Systemic Lupus Erythematosus dengan Presentasi Atipikal,18,3.790246233059176
Q499,C028,Practical Guide: Initiating Losartan in Hypertension,19,3.6842697318499518
Q499,C345,Dosis Topical calcineurin inhibitors pada Psoriasis: Referensi Cepat,20,3.628893298267501
Q500,C125,Efficacy of Antituberculotics in MDR Tuberculosis: A Cohort Study,1,9.00403899897739
Q500,C130,Profil Keamanan Bedaquiline pada MDR Tuberculosis,2,4.628644097110018
Q500,C110,WHO Guideline Update: Malaria 2025,3,4.411914507931547
Q500,C335,WHO Guideline Update: Psoriasis 2025,4,4.411914507931547
Q500,C117,Safety Profile of Bedaquiline in MDR Tuberculosis,5,4.350946915799847
Q500,C120,Safety Profile of Bedaquiline in MDR Tuberculosis,6,4.350946915799847
Q500,C136,MDR Tuberculosis pada Populasi Khusus: Pendekatan Praktis,7,4.350946915799847
Q500,C119,Clinical Practice Guideline: Pulmonary Embolism Management 2025,8,3.882525685922526
Q500,C308,WHO Guideline Update: Disseminated Intravascular Coagulation 2025,9,3.882525685922526
Q500,C134,Scoping Review: Emerging Therapies in Pulmonary Embolism 2025,10,3.662776105091861
Q500,C144,Clinical Practice Guideline: Inflammatory Bowel Disease Management 2025,11,3.662776105091861
Q500,C121,Asia-Pacific Guideline: Community-acquired Pneumonia in Primary Care 2025,12,3.2903147971840774
Q500,C161,Asia-Pacific Guideline: Peptic Ulcer Disease in Primary Care 2025,13,3.2903147971840774
Q500,C001,Panduan Praktis: Memulai Levothyroxine pada Hypothyroidism,14,0.0
Q500,C002,Clinical Practice Guideline: Type 1 Diabetes Mellitus Management 2023,15,0.0
Q500,C003,A Case of Type 1 Diabetes Mellitus Resistant to Insulin degludec,16,0.0
Q500,C004,Successful Management of Severe Hypothyroidism with Levothyroxine,17,0.0
Q500,C005,Liraglutide in Type 2 Diabetes Mellitus: Real-World Outcomes,18,0.0
Q500,C006,"Methimazole: Pharmacology, Dosing, and Clinical Use in Hyperthyroidism",19,0.0
Q500,C007,Efficacy of Vasopressin analogues in Diabetes Insipidus: A Cohort Study,20,0.0
