protocol,split,experiment,scheme,threshold,dimension,value,queries,positive_queries,no_positive_queries,judged_fraction@1,recall@1,hit_rate@1,mrr@1,ndcg@1,judged_fraction@3,recall@3,hit_rate@3,mrr@3,ndcg@3,judged_fraction@5,recall@5,hit_rate@5,mrr@5,ndcg@5,judged_fraction@10,recall@10,hit_rate@10,mrr@10,ndcg@10,judged_fraction@20,recall@20,hit_rate@20,mrr@20,ndcg@20,full_ndcg@10,delta_vs_full
temporal,validation,full:minus_bm25,relevance_grade,1,query_language,EN,59,47,12,0.0677966101694915,0.0425531914893617,0.0425531914893617,0.0425531914893617,0.0425531914893617,0.0451977401129943,0.0478723404255319,0.0638297872340425,0.0531914893617021,0.0468407477000106,0.0338983050847457,0.0478723404255319,0.0638297872340425,0.0531914893617021,0.0466527743324221,0.035593220338983,0.052127659574468,0.0851063829787234,0.0555555555555555,0.0476841052367541,0.0338983050847457,0.0862293144208037,0.1914893617021276,0.0621389335876194,0.0570864100370284,0.0360144764600817,0.011669628776672401
temporal,validation,full:minus_bm25,relevance_grade,1,query_language,ID,29,28,1,0.0689655172413793,0.0357142857142857,0.0357142857142857,0.0357142857142857,0.0357142857142857,0.0689655172413793,0.0428571428571428,0.0714285714285714,0.0476190476190476,0.0385076114644211,0.0551724137931034,0.0428571428571428,0.0714285714285714,0.0476190476190476,0.0381908951102555,0.0448275862068965,0.0785714285714285,0.1071428571428571,0.0520833333333333,0.0494574978526029,0.0413793103448275,0.1023809523809523,0.1785714285714285,0.0575622294372294,0.0580403442366471,0.0613622597573648,-0.011904761904761897
temporal,validation,full:minus_bm25,relevance_grade,1,query_language,MIXED,51,38,13,0.0196078431372549,0.0,0.0,0.0,0.0,0.0196078431372549,0.0,0.0,0.0,0.0,0.0196078431372549,0.0043859649122807,0.0263157894736842,0.0052631578947368,0.0037837280891772,0.0156862745098039,0.0043859649122807,0.0263157894736842,0.0052631578947368,0.0036238075266327,0.0166666666666666,0.0087719298245614,0.0263157894736842,0.0052631578947368,0.004423028487389,0.0038048996107325,-0.00018109208409980036
temporal,validation,full:minus_bm25,relevance_grade,1,query_intent,Comparative Treatment Choice,2,2,0,0.0,0.0,0.0,0.0,0.0,0.0,0.0,0.0,0.0,0.0,0.0,0.0,0.0,0.0,0.0,0.0,0.0,0.0,0.0,0.0,0.025,0.0,0.0,0.0,0.0,0.0,0.0
temporal,validation,full:minus_bm25,relevance_grade,1,query_intent,Dosing / Administration,26,21,5,0.0769230769230769,0.0,0.0,0.0,0.0,0.0512820512820512,0.0,0.0,0.0,0.0,0.0307692307692307,0.0,0.0,0.0,0.0,0.0307692307692307,0.0,0.0,0.0,0.0,0.0326923076923076,0.0218253968253968,0.0952380952380952,0.0067099567099567,0.0034004966893161,0.0,0.0
temporal,validation,full:minus_bm25,relevance_grade,1,query_intent,Efficacy / Outcomes,4,3,1,0.0,0.0,0.0,0.0,0.0,0.0833333333333333,0.0,0.0,0.0,0.0,0.05,0.0,0.0,0.0,0.0,0.05,0.0,0.0,0.0,0.0,0.05,0.0,0.0,0.0,0.0,0.0,0.0
temporal,validation,full:minus_bm25,relevance_grade,1,query_intent,Guideline / Evidence Lookup,16,13,3,0.0,0.0,0.0,0.0,0.0,0.0416666666666666,0.0,0.0,0.0,0.0,0.025,0.0,0.0,0.0,0.0,0.03125,0.0,0.0,0.0,0.0,0.028125,0.0256410256410256,0.0769230769230769,0.0048076923076923,0.0162017027925454,0.0,0.0
temporal,validation,full:minus_bm25,relevance_grade,1,query_intent,Interaction / Combination,7,7,0,0.0,0.0,0.0,0.0,0.0,0.0952380952380952,0.0285714285714285,0.1428571428571428,0.0476190476190476,0.0111733030005418,0.0571428571428571,0.0285714285714285,0.1428571428571428,0.0476190476190476,0.0099064375838791,0.0571428571428571,0.0285714285714285,0.1428571428571428,0.0476190476190476,0.0099064375838791,0.0428571428571428,0.0285714285714285,0.1428571428571428,0.0476190476190476,0.0099064375838791,0.0099064375838791,0.0
temporal,validation,full:minus_bm25,relevance_grade,1,query_intent,Management / Treatment Selection,11,10,1,0.0909090909090909,0.1,0.1,0.1,0.1,0.0606060606060606,0.1,0.1,0.1,0.1,0.0545454545454545,0.1,0.1,0.1,0.1,0.0454545454545454,0.1,0.1,0.1,0.1,0.0363636363636363,0.1,0.1,0.1,0.1,0.1333333333333333,-0.0333333333333333
temporal,validation,full:minus_bm25,relevance_grade,1,query_intent,Mechanism / Background Knowledge,5,4,1,0.0,0.0,0.0,0.0,0.0,0.0,0.0,0.0,0.0,0.0,0.0,0.0,0.0,0.0,0.0,0.02,0.0,0.0,0.0,0.0,0.03,0.0,0.0,0.0,0.0,0.0,0.0
temporal,validation,full:minus_bm25,relevance_grade,1,query_intent,Monitoring / Response / Risk Assessment,12,9,3,0.0833333333333333,0.0,0.0,0.0,0.0,0.0277777777777777,0.0,0.0,0.0,0.0,0.0166666666666666,0.0,0.0,0.0,0.0,0.0166666666666666,0.0,0.0,0.0,0.0,0.0166666666666666,0.0,0.0,0.0,0.0,0.0,0.0
temporal,validation,full:minus_bm25,relevance_grade,1,query_intent,Prophylaxis / Maintenance,12,10,2,0.0833333333333333,0.0,0.0,0.0,0.0,0.0555555555555555,0.025,0.1,0.05,0.0201515141900502,0.05,0.025,0.1,0.05,0.019268039362384,0.025,0.025,0.1,0.05,0.019268039362384,0.0166666666666666,0.025,0.1,0.05,0.019268039362384,0.019268039362384,0.0
temporal,validation,full:minus_bm25,relevance_grade,1,query_intent,Safety / Contraindication,26,19,7,0.0384615384615384,0.0526315789473684,0.0526315789473684,0.0526315789473684,0.0526315789473684,0.0256410256410256,0.0526315789473684,0.0526315789473684,0.0526315789473684,0.0526315789473684,0.0307692307692307,0.0526315789473684,0.0526315789473684,0.0526315789473684,0.0526315789473684,0.0269230769230769,0.1052631578947368,0.1052631578947368,0.0592105263157894,0.0692349935150383,0.0192307692307692,0.1578947368421052,0.1578947368421052,0.062719298245614,0.0823928882518804,0.0692349935150383,0.0
temporal,validation,full:minus_bm25,relevance_grade,1,query_intent,Treatment Change / Escalation,18,15,3,0.0555555555555555,0.0666666666666666,0.0666666666666666,0.0666666666666666,0.0666666666666666,0.0185185185185185,0.0666666666666666,0.0666666666666666,0.0666666666666666,0.0666666666666666,0.0333333333333333,0.0777777777777777,0.1333333333333333,0.08,0.0762521111592491,0.0277777777777777,0.0911111111111111,0.2,0.0874074074074074,0.0790784825677099,0.0416666666666666,0.134074074074074,0.4,0.1002575474634298,0.0911162061741192,0.042972412347189,0.0361060702205209
temporal,validation,full:minus_bm25,relevance_grade,1,has_context,False,78,63,15,0.0641025641025641,0.0317460317460317,0.0317460317460317,0.0317460317460317,0.0317460317460317,0.047008547008547,0.0388888888888888,0.0634920634920634,0.0449735449735449,0.0361861629032427,0.041025641025641,0.0415343915343915,0.0793650793650793,0.0481481481481481,0.0381874146682497,0.032051282051282,0.0447089947089947,0.0952380952380952,0.0499118165784832,0.0388603602416927,0.0294871794871794,0.0517636684303351,0.1269841269841269,0.0518375868866064,0.0405327437722845,0.0434911900833676,-0.004630829841674899
temporal,validation,full:minus_bm25,relevance_grade,1,has_context,True,61,50,11,0.0327868852459016,0.02,0.02,0.02,0.02,0.0327868852459016,0.02,0.02,0.02,0.02,0.0229508196721311,0.02,0.02,0.02,0.02,0.0278688524590163,0.04,0.04,0.0225,0.0263092975357145,0.0286885245901639,0.0798333333333333,0.14,0.0293300865800865,0.0384540627046663,0.0163092975357145,0.009999999999999998
temporal,validation,full:minus_bm25,relevance_grade,1,multiple_entity_dimensions,True,139,113,26,0.0503597122302158,0.0265486725663716,0.0265486725663716,0.0265486725663716,0.0265486725663716,0.040767386091127,0.0305309734513274,0.0442477876106194,0.0339233038348082,0.029024143919507,0.0330935251798561,0.0320058997050147,0.0530973451327433,0.035693215339233,0.0301398860539799,0.0302158273381294,0.0426253687315634,0.0707964601769911,0.0377826941986234,0.0333067926726758,0.029136690647482,0.0641838741396263,0.1327433628318584,0.041878515954518,0.0396129733883826,0.0314638040003353,0.0018429886723404995
temporal,validation,full:minus_dense,relevance_grade,1,query_language,EN,59,47,12,0.0338983050847457,0.0212765957446808,0.0212765957446808,0.0212765957446808,0.0212765957446808,0.0451977401129943,0.0478723404255319,0.0638297872340425,0.0390070921985815,0.0362024498276702,0.0338983050847457,0.0478723404255319,0.0638297872340425,0.0390070921985815,0.0360144764600817,0.023728813559322,0.0478723404255319,0.0638297872340425,0.0390070921985815,0.0360144764600817,0.023728813559322,0.0563829787234042,0.1063829787234042,0.0419621749408983,0.0385103823722944,0.0360144764600817,0.0
temporal,validation,full:minus_dense,relevance_grade,1,query_language,ID,29,28,1,0.0344827586206896,0.0357142857142857,0.0357142857142857,0.0357142857142857,0.0357142857142857,0.0689655172413793,0.0428571428571428,0.0714285714285714,0.0476190476190476,0.0385076114644211,0.0620689655172413,0.0904761904761904,0.1428571428571428,0.0636904761904761,0.0654666832736961,0.0482758620689655,0.0904761904761904,0.1428571428571428,0.0636904761904761,0.0654666832736961,0.0482758620689655,0.1470238095238095,0.25,0.0696551427588579,0.0757677124480553,0.0613622597573648,0.004104423516331307
temporal,validation,full:minus_dense,relevance_grade,1,query_language,MIXED,51,38,13,0.0,0.0,0.0,0.0,0.0,0.0196078431372549,0.0,0.0,0.0,0.0,0.0274509803921568,0.0,0.0,0.0,0.0,0.0254901960784313,0.0087719298245614,0.0263157894736842,0.0032894736842105,0.0038048996107325,0.0225490196078431,0.0116959064327485,0.0526315789473684,0.0046052631578947,0.0056765320343043,0.0038048996107325,0.0
temporal,validation,full:minus_dense,relevance_grade,1,query_intent,Comparative Treatment Choice,2,2,0,0.0,0.0,0.0,0.0,0.0,0.0,0.0,0.0,0.0,0.0,0.0,0.0,0.0,0.0,0.0,0.05,0.0,0.0,0.0,0.0,0.025,0.0,0.0,0.0,0.0,0.0,0.0
temporal,validation,full:minus_dense,relevance_grade,1,query_intent,Dosing / Administration,26,21,5,0.0384615384615384,0.0,0.0,0.0,0.0,0.0384615384615384,0.0,0.0,0.0,0.0,0.0307692307692307,0.0,0.0,0.0,0.0,0.023076923076923,0.0,0.0,0.0,0.0,0.0269230769230769,0.0158730158730158,0.0476190476190476,0.0026455026455026,0.0011934631922851,0.0,0.0
temporal,validation,full:minus_dense,relevance_grade,1,query_intent,Efficacy / Outcomes,4,3,1,0.0,0.0,0.0,0.0,0.0,0.0833333333333333,0.0,0.0,0.0,0.0,0.05,0.0,0.0,0.0,0.0,0.025,0.0,0.0,0.0,0.0,0.025,0.0,0.0,0.0,0.0,0.0,0.0
temporal,validation,full:minus_dense,relevance_grade,1,query_intent,Guideline / Evidence Lookup,16,13,3,0.0,0.0,0.0,0.0,0.0,0.0208333333333333,0.0,0.0,0.0,0.0,0.025,0.0256410256410256,0.0769230769230769,0.0153846153846153,0.0256188854233034,0.01875,0.0256410256410256,0.0769230769230769,0.0153846153846153,0.0256188854233034,0.0375,0.0534188034188034,0.2307692307692307,0.0232793522267206,0.0329016281442008,0.0,0.0256188854233034
temporal,validation,full:minus_dense,relevance_grade,1,query_intent,Interaction / Combination,7,7,0,0.0,0.0,0.0,0.0,0.0,0.0476190476190476,0.0285714285714285,0.1428571428571428,0.0476190476190476,0.0111733030005418,0.0285714285714285,0.0285714285714285,0.1428571428571428,0.0476190476190476,0.0099064375838791,0.0285714285714285,0.0285714285714285,0.1428571428571428,0.0476190476190476,0.0099064375838791,0.0285714285714285,0.0285714285714285,0.1428571428571428,0.0476190476190476,0.0099064375838791,0.0099064375838791,0.0
temporal,validation,full:minus_dense,relevance_grade,1,query_intent,Management / Treatment Selection,11,10,1,0.0909090909090909,0.1,0.1,0.1,0.1,0.0606060606060606,0.1,0.1,0.1,0.1,0.0545454545454545,0.1,0.1,0.1,0.1,0.0272727272727272,0.1,0.1,0.1,0.1,0.0363636363636363,0.2,0.2,0.1058823529411764,0.1239812466568131,0.1333333333333333,-0.0333333333333333
temporal,validation,full:minus_dense,relevance_grade,1,query_intent,Mechanism / Background Knowledge,5,4,1,0.0,0.0,0.0,0.0,0.0,0.0,0.0,0.0,0.0,0.0,0.0,0.0,0.0,0.0,0.0,0.0,0.0,0.0,0.0,0.0,0.0,0.0,0.0,0.0,0.0,0.0,0.0
temporal,validation,full:minus_dense,relevance_grade,1,query_intent,Monitoring / Response / Risk Assessment,12,9,3,0.0,0.0,0.0,0.0,0.0,0.0555555555555555,0.0,0.0,0.0,0.0,0.0333333333333333,0.0,0.0,0.0,0.0,0.025,0.0,0.0,0.0,0.0,0.0208333333333333,0.0,0.0,0.0,0.0,0.0,0.0
temporal,validation,full:minus_dense,relevance_grade,1,query_intent,Prophylaxis / Maintenance,12,10,2,0.0,0.0,0.0,0.0,0.0,0.0555555555555555,0.025,0.1,0.05,0.0201515141900502,0.05,0.025,0.1,0.05,0.019268039362384,0.025,0.025,0.1,0.05,0.019268039362384,0.0208333333333333,0.025,0.1,0.05,0.019268039362384,0.019268039362384,0.0
temporal,validation,full:minus_dense,relevance_grade,1,query_intent,Safety / Contraindication,26,19,7,0.0384615384615384,0.0526315789473684,0.0526315789473684,0.0526315789473684,0.0526315789473684,0.0384615384615384,0.0526315789473684,0.0526315789473684,0.0526315789473684,0.0526315789473684,0.0384615384615384,0.1052631578947368,0.1052631578947368,0.0657894736842105,0.0752987662143891,0.0346153846153846,0.1052631578947368,0.1052631578947368,0.0657894736842105,0.0752987662143891,0.0211538461538461,0.1052631578947368,0.1052631578947368,0.0657894736842105,0.0752987662143891,0.0692349935150383,0.006063772699350808
temporal,validation,full:minus_dense,relevance_grade,1,query_intent,Treatment Change / Escalation,18,15,3,0.0,0.0,0.0,0.0,0.0,0.037037037037037,0.0666666666666666,0.0666666666666666,0.0222222222222222,0.0333333333333333,0.0555555555555555,0.0666666666666666,0.0666666666666666,0.0222222222222222,0.0333333333333333,0.0555555555555555,0.0888888888888888,0.1333333333333333,0.0305555555555555,0.042972412347189,0.0472222222222222,0.1155555555555555,0.2666666666666666,0.0398148148148148,0.0507929175387889,0.042972412347189,0.0
temporal,validation,full:minus_dense,relevance_grade,1,has_context,False,78,63,15,0.0384615384615384,0.0317460317460317,0.0317460317460317,0.0317460317460317,0.0317460317460317,0.047008547008547,0.0388888888888888,0.0634920634920634,0.0449735449735449,0.0361861629032427,0.0435897435897435,0.0388888888888888,0.0634920634920634,0.0449735449735449,0.0359051659795396,0.0294871794871794,0.0441798941798941,0.0793650793650793,0.0469576719576719,0.0382001847923623,0.0275641025641025,0.0632275132275132,0.1111111111111111,0.0487732129888992,0.0426084158914273,0.0434911900833676,-0.005291005291005298
temporal,validation,full:minus_dense,relevance_grade,1,has_context,True,61,50,11,0.0,0.0,0.0,0.0,0.0,0.0327868852459016,0.02,0.02,0.0066666666666666,0.01,0.0295081967213114,0.0466666666666666,0.06,0.0156666666666666,0.0252744413715267,0.0295081967213114,0.0466666666666666,0.06,0.0156666666666666,0.0252744413715267,0.0295081967213114,0.0645555555555555,0.14,0.0204970760233918,0.0292572387237405,0.0163092975357145,0.008965143835812199
temporal,validation,full:minus_dense,relevance_grade,1,multiple_entity_dimensions,True,139,113,26,0.0215827338129496,0.0176991150442477,0.0176991150442477,0.0176991150442477,0.0176991150442477,0.040767386091127,0.0305309734513274,0.0442477876106194,0.0280235988200589,0.024599365158445,0.037410071942446,0.0423303834808259,0.0619469026548672,0.0320058997050147,0.0312013055335162,0.0294964028776978,0.0452802359882005,0.0707964601769911,0.0331120943952802,0.0324808292964174,0.0284172661870503,0.0638151425762045,0.1238938053097345,0.0362616479599136,0.0367008153747518,0.0314638040003353,0.001017025296082101
temporal,validation,full:minus_entities,relevance_grade,1,query_language,EN,59,47,12,0.0508474576271186,0.0212765957446808,0.0212765957446808,0.0212765957446808,0.0212765957446808,0.0338983050847457,0.0212765957446808,0.0212765957446808,0.0212765957446808,0.0212765957446808,0.023728813559322,0.026595744680851,0.0425531914893617,0.025531914893617,0.0237902434564128,0.0220338983050847,0.026595744680851,0.0425531914893617,0.025531914893617,0.0237902434564128,0.0220338983050847,0.0640324214792299,0.1489361702127659,0.0326175488689486,0.0348112633489482,0.0360144764600817,-0.0122242330036689
temporal,validation,full:minus_entities,relevance_grade,1,query_language,ID,29,28,1,0.0344827586206896,0.0,0.0,0.0,0.0,0.0344827586206896,0.0428571428571428,0.0714285714285714,0.0238095238095238,0.0206504686072783,0.0344827586206896,0.0428571428571428,0.0714285714285714,0.0238095238095238,0.0203337522531126,0.0310344827586206,0.0785714285714285,0.1071428571428571,0.0297619047619047,0.0330554375069705,0.0396551724137931,0.1023809523809523,0.1785714285714285,0.0355596784168212,0.0419859527011721,0.0613622597573648,-0.028306822250394298
temporal,validation,full:minus_entities,relevance_grade,1,query_language,MIXED,51,38,13,0.0,0.0,0.0,0.0,0.0,0.0196078431372549,0.0,0.0,0.0,0.0,0.0156862745098039,0.0,0.0,0.0,0.0,0.0254901960784313,0.0043859649122807,0.0263157894736842,0.0043859649122807,0.003336737543435,0.0215686274509803,0.0116959064327485,0.0789473684210526,0.0077952979615029,0.0060589674080305,0.0038048996107325,-0.0004681620672975003
temporal,validation,full:minus_entities,relevance_grade,1,query_intent,Comparative Treatment Choice,2,2,0,0.0,0.0,0.0,0.0,0.0,0.0,0.0,0.0,0.0,0.0,0.0,0.0,0.0,0.0,0.0,0.0,0.0,0.0,0.0,0.0,0.025,0.0,0.0,0.0,0.0,0.0,0.0
temporal,validation,full:minus_entities,relevance_grade,1,query_intent,Dosing / Administration,26,21,5,0.0384615384615384,0.0,0.0,0.0,0.0,0.0256410256410256,0.0,0.0,0.0,0.0,0.023076923076923,0.0,0.0,0.0,0.0,0.023076923076923,0.0,0.0,0.0,0.0,0.0211538461538461,0.0158730158730158,0.0476190476190476,0.0043290043290043,0.0014141696404831,0.0,0.0
temporal,validation,full:minus_entities,relevance_grade,1,query_intent,Efficacy / Outcomes,4,3,1,0.0,0.0,0.0,0.0,0.0,0.0833333333333333,0.0,0.0,0.0,0.0,0.05,0.0,0.0,0.0,0.0,0.025,0.0,0.0,0.0,0.0,0.05,0.0833333333333333,0.3333333333333333,0.0238095238095238,0.0439528680642443,0.0,0.0
temporal,validation,full:minus_entities,relevance_grade,1,query_intent,Guideline / Evidence Lookup,16,13,3,0.0,0.0,0.0,0.0,0.0,0.0208333333333333,0.0,0.0,0.0,0.0,0.0125,0.0,0.0,0.0,0.0,0.0125,0.0,0.0,0.0,0.0,0.025,0.0341880341880341,0.1538461538461538,0.0095430884904569,0.0225105560082095,0.0,0.0
temporal,validation,full:minus_entities,relevance_grade,1,query_intent,Interaction / Combination,7,7,0,0.0,0.0,0.0,0.0,0.0,0.0476190476190476,0.0285714285714285,0.1428571428571428,0.0476190476190476,0.0111733030005418,0.0285714285714285,0.0285714285714285,0.1428571428571428,0.0476190476190476,0.0099064375838791,0.0428571428571428,0.0285714285714285,0.1428571428571428,0.0476190476190476,0.0099064375838791,0.0285714285714285,0.0285714285714285,0.1428571428571428,0.0476190476190476,0.0099064375838791,0.0099064375838791,0.0
temporal,validation,full:minus_entities,relevance_grade,1,query_intent,Management / Treatment Selection,11,10,1,0.0,0.0,0.0,0.0,0.0,0.0303030303030303,0.1,0.1,0.0333333333333333,0.05,0.0363636363636363,0.1,0.1,0.0333333333333333,0.05,0.0272727272727272,0.1,0.1,0.0333333333333333,0.05,0.0318181818181818,0.1142857142857142,0.2,0.0388888888888888,0.0546204116152448,0.1333333333333333,-0.0833333333333333
temporal,validation,full:minus_entities,relevance_grade,1,query_intent,Mechanism / Background Knowledge,5,4,1,0.0,0.0,0.0,0.0,0.0,0.0,0.0,0.0,0.0,0.0,0.0,0.0,0.0,0.0,0.0,0.0,0.0,0.0,0.0,0.0,0.0,0.0,0.0,0.0,0.0,0.0,0.0
temporal,validation,full:minus_entities,relevance_grade,1,query_intent,Monitoring / Response / Risk Assessment,12,9,3,0.0833333333333333,0.0,0.0,0.0,0.0,0.0555555555555555,0.0,0.0,0.0,0.0,0.0333333333333333,0.0,0.0,0.0,0.0,0.025,0.0,0.0,0.0,0.0,0.0291666666666666,0.0,0.0,0.0,0.0,0.0,0.0
temporal,validation,full:minus_entities,relevance_grade,1,query_intent,Prophylaxis / Maintenance,12,10,2,0.0,0.0,0.0,0.0,0.0,0.0277777777777777,0.0,0.0,0.0,0.0,0.0333333333333333,0.025,0.1,0.02,0.0118141442451401,0.025,0.025,0.1,0.02,0.0118141442451401,0.0208333333333333,0.0416666666666666,0.2,0.0276923076923076,0.0149305812186803,0.019268039362384,-0.007453895117243899
temporal,validation,full:minus_entities,relevance_grade,1,query_intent,Safety / Contraindication,26,19,7,0.0384615384615384,0.0526315789473684,0.0526315789473684,0.0526315789473684,0.0526315789473684,0.0256410256410256,0.0526315789473684,0.0526315789473684,0.0526315789473684,0.0526315789473684,0.023076923076923,0.0526315789473684,0.0526315789473684,0.0526315789473684,0.0526315789473684,0.0269230769230769,0.1052631578947368,0.1052631578947368,0.0614035087719298,0.0713793256372643,0.0211538461538461,0.1052631578947368,0.1052631578947368,0.0614035087719298,0.0713793256372643,0.0692349935150383,0.002144332122226006
temporal,validation,full:minus_entities,relevance_grade,1,query_intent,Treatment Change / Escalation,18,15,3,0.0555555555555555,0.0,0.0,0.0,0.0,0.0185185185185185,0.0,0.0,0.0,0.0,0.0111111111111111,0.0,0.0,0.0,0.0,0.0388888888888888,0.0111111111111111,0.0666666666666666,0.0111111111111111,0.0084530684433687,0.0361111111111111,0.1022222222222222,0.2666666666666666,0.0248471557682084,0.0311147494169676,0.042972412347189,-0.034519343903820304
temporal,validation,full:minus_entities,relevance_grade,1,has_context,False,78,63,15,0.0384615384615384,0.0158730158730158,0.0158730158730158,0.0158730158730158,0.0158730158730158,0.0384615384615384,0.0349206349206349,0.0476190476190476,0.0264550264550264,0.0250510019206951,0.0282051282051282,0.0388888888888888,0.0634920634920634,0.0296296296296296,0.0267855000879135,0.0282051282051282,0.0415343915343915,0.0793650793650793,0.0322751322751322,0.0287981354315727,0.0262820512820512,0.0530612244897959,0.1428571428571428,0.0365038180514371,0.0325412300506463,0.0434911900833676,-0.014693054651794896
temporal,validation,full:minus_entities,relevance_grade,1,has_context,True,61,50,11,0.0163934426229508,0.0,0.0,0.0,0.0,0.0163934426229508,0.0,0.0,0.0,0.0,0.0163934426229508,0.0,0.0,0.0,0.0,0.021311475409836,0.02,0.02,0.0033333333333333,0.0071241437421604,0.0245901639344262,0.0595555555555555,0.12,0.0105035315561631,0.0198375864269565,0.0163092975357145,-0.0091851537935541
temporal,validation,full:minus_entities,relevance_grade,1,multiple_entity_dimensions,True,139,113,26,0.0287769784172661,0.0088495575221238,0.0088495575221238,0.0088495575221238,0.0088495575221238,0.0287769784172661,0.0194690265486725,0.0265486725663716,0.0147492625368731,0.0139664877964937,0.0230215827338129,0.0216814159292035,0.0353982300884955,0.0165191740412979,0.0149335088985712,0.0251798561151079,0.0320058997050147,0.0530973451327433,0.0194690265486725,0.0192078736220983,0.0255395683453237,0.0559348223065037,0.1327433628318584,0.0249992665048557,0.026920148801226,0.0314638040003353,-0.012255930378236999
temporal,validation,full:minus_context,relevance_grade,1,query_language,EN,59,47,12,0.0338983050847457,0.0212765957446808,0.0212765957446808,0.0212765957446808,0.0212765957446808,0.03954802259887,0.0478723404255319,0.0638297872340425,0.0390070921985815,0.0362024498276702,0.0338983050847457,0.0478723404255319,0.0638297872340425,0.0390070921985815,0.0360144764600817,0.023728813559322,0.050531914893617,0.0851063829787234,0.0413711583924349,0.0371879564375709,0.0245762711864406,0.076063829787234,0.1276595744680851,0.0441193853427896,0.043249788897494,0.0360144764600817,0.0011734799774891988
temporal,validation,full:minus_context,relevance_grade,1,query_language,ID,29,28,1,0.0344827586206896,0.0357142857142857,0.0357142857142857,0.0357142857142857,0.0357142857142857,0.0344827586206896,0.0428571428571428,0.0714285714285714,0.0476190476190476,0.0385076114644211,0.0413793103448275,0.0428571428571428,0.0714285714285714,0.0476190476190476,0.0381908951102555,0.0517241379310344,0.0785714285714285,0.1071428571428571,0.0527210884353741,0.0500956570150174,0.0379310344827586,0.1142857142857143,0.1428571428571428,0.0559678416821273,0.0600579050739863,0.0613622597573648,-0.0112666027423474
temporal,validation,full:minus_context,relevance_grade,1,query_language,MIXED,51,38,13,0.0,0.0,0.0,0.0,0.0,0.0130718954248366,0.0,0.0,0.0,0.0,0.0235294117647058,0.0131578947368421,0.0263157894736842,0.0052631578947368,0.0028037824258302,0.0372549019607843,0.0219298245614035,0.0526315789473684,0.0085526315789473,0.0066086820365627,0.0254901960784313,0.0219298245614035,0.0526315789473684,0.0085526315789473,0.0066086820365627,0.0038048996107325,0.0028037824258302
temporal,validation,full:minus_context,relevance_grade,1,query_intent,Comparative Treatment Choice,2,2,0,0.0,0.0,0.0,0.0,0.0,0.0,0.0,0.0,0.0,0.0,0.0,0.0,0.0,0.0,0.0,0.0,0.0,0.0,0.0,0.0,0.0,0.0,0.0,0.0,0.0,0.0,0.0
temporal,validation,full:minus_context,relevance_grade,1,query_intent,Dosing / Administration,26,21,5,0.0384615384615384,0.0,0.0,0.0,0.0,0.0256410256410256,0.0,0.0,0.0,0.0,0.0307692307692307,0.0238095238095238,0.0476190476190476,0.0095238095238095,0.0050735110562643,0.0346153846153846,0.0297619047619047,0.0952380952380952,0.0148148148148148,0.0076998710058831,0.0307692307692307,0.0297619047619047,0.0952380952380952,0.0148148148148148,0.0076998710058831,0.0,0.0076998710058831
temporal,validation,full:minus_context,relevance_grade,1,query_intent,Efficacy / Outcomes,4,3,1,0.0,0.0,0.0,0.0,0.0,0.0833333333333333,0.0,0.0,0.0,0.0,0.05,0.0,0.0,0.0,0.0,0.025,0.0,0.0,0.0,0.0,0.025,0.0,0.0,0.0,0.0,0.0,0.0
temporal,validation,full:minus_context,relevance_grade,1,query_intent,Guideline / Evidence Lookup,16,13,3,0.0,0.0,0.0,0.0,0.0,0.0,0.0,0.0,0.0,0.0,0.025,0.0,0.0,0.0,0.0,0.04375,0.0,0.0,0.0,0.0,0.034375,0.0,0.0,0.0,0.0,0.0,0.0
temporal,validation,full:minus_context,relevance_grade,1,query_intent,Interaction / Combination,7,7,0,0.0,0.0,0.0,0.0,0.0,0.0476190476190476,0.0285714285714285,0.1428571428571428,0.0476190476190476,0.0111733030005418,0.0285714285714285,0.0285714285714285,0.1428571428571428,0.0476190476190476,0.0099064375838791,0.0285714285714285,0.0285714285714285,0.1428571428571428,0.0476190476190476,0.0099064375838791,0.0285714285714285,0.0285714285714285,0.1428571428571428,0.0476190476190476,0.0099064375838791,0.0099064375838791,0.0
temporal,validation,full:minus_context,relevance_grade,1,query_intent,Management / Treatment Selection,11,10,1,0.0909090909090909,0.1,0.1,0.1,0.1,0.0303030303030303,0.1,0.1,0.1,0.1,0.0363636363636363,0.1,0.1,0.1,0.1,0.0545454545454545,0.2,0.2,0.1142857142857142,0.1333333333333333,0.0318181818181818,0.2,0.2,0.1142857142857142,0.1333333333333333,0.1333333333333333,0.0
temporal,validation,full:minus_context,relevance_grade,1,query_intent,Mechanism / Background Knowledge,5,4,1,0.0,0.0,0.0,0.0,0.0,0.0,0.0,0.0,0.0,0.0,0.0,0.0,0.0,0.0,0.0,0.0,0.0,0.0,0.0,0.0,0.01,0.0,0.0,0.0,0.0,0.0,0.0
temporal,validation,full:minus_context,relevance_grade,1,query_intent,Monitoring / Response / Risk Assessment,12,9,3,0.0,0.0,0.0,0.0,0.0,0.0277777777777777,0.0,0.0,0.0,0.0,0.0333333333333333,0.0,0.0,0.0,0.0,0.025,0.0,0.0,0.0,0.0,0.0249999999999999,0.0,0.0,0.0,0.0,0.0,0.0
temporal,validation,full:minus_context,relevance_grade,1,query_intent,Prophylaxis / Maintenance,12,10,2,0.0,0.0,0.0,0.0,0.0,0.0555555555555555,0.025,0.1,0.05,0.0201515141900502,0.0333333333333333,0.025,0.1,0.05,0.019268039362384,0.025,0.025,0.1,0.05,0.019268039362384,0.0166666666666666,0.025,0.1,0.05,0.019268039362384,0.019268039362384,0.0
temporal,validation,full:minus_context,relevance_grade,1,query_intent,Safety / Contraindication,26,19,7,0.0384615384615384,0.0526315789473684,0.0526315789473684,0.0526315789473684,0.0526315789473684,0.0256410256410256,0.0526315789473684,0.0526315789473684,0.0526315789473684,0.0526315789473684,0.0307692307692307,0.0526315789473684,0.0526315789473684,0.0526315789473684,0.0526315789473684,0.0269230769230769,0.0526315789473684,0.0526315789473684,0.0526315789473684,0.0526315789473684,0.0211538461538461,0.1578947368421052,0.1578947368421052,0.0607057416267942,0.0801891309352292,0.0692349935150383,-0.0166034145676699
temporal,validation,full:minus_context,relevance_grade,1,query_intent,Treatment Change / Escalation,18,15,3,0.0,0.0,0.0,0.0,0.0,0.037037037037037,0.0666666666666666,0.0666666666666666,0.0222222222222222,0.0333333333333333,0.0444444444444444,0.0666666666666666,0.0666666666666666,0.0222222222222222,0.0333333333333333,0.0555555555555555,0.0888888888888888,0.1333333333333333,0.0305555555555555,0.042972412347189,0.0416666666666666,0.1022222222222222,0.2,0.035,0.0456561179137328,0.042972412347189,0.0
temporal,validation,full:minus_context,relevance_grade,1,has_context,False,78,63,15,0.0384615384615384,0.0317460317460317,0.0317460317460317,0.0317460317460317,0.0317460317460317,0.0384615384615384,0.0388888888888888,0.0634920634920634,0.0449735449735449,0.0361861629032427,0.0358974358974359,0.0388888888888888,0.0634920634920634,0.0449735449735449,0.0359051659795396,0.0333333333333333,0.06005291005291,0.0952380952380952,0.049225245653817,0.0434911900833676,0.0262820512820512,0.0632275132275132,0.1111111111111111,0.0502834467120181,0.0441301675992114,0.0434911900833676,0.0
temporal,validation,full:minus_context,relevance_grade,1,has_context,True,61,50,11,0.0,0.0,0.0,0.0,0.0,0.0163934426229508,0.02,0.02,0.0066666666666666,0.01,0.0262295081967213,0.03,0.04,0.0106666666666666,0.012130874643631,0.0360655737704918,0.0325,0.06,0.0128888888888888,0.0132339458224709,0.0295081967213114,0.0725,0.1,0.0159570707070707,0.023705815577858,0.0163092975357145,-0.0030753517132436
temporal,validation,full:minus_context,relevance_grade,1,multiple_entity_dimensions,True,139,113,26,0.0215827338129496,0.0176991150442477,0.0176991150442477,0.0176991150442477,0.0176991150442477,0.0287769784172661,0.0305309734513274,0.0442477876106194,0.0280235988200589,0.024599365158445,0.0316546762589928,0.0349557522123893,0.0530973451327433,0.0297935103244837,0.0253855680432968,0.0345323741007194,0.0478613569321533,0.079646017699115,0.0331472116870347,0.0301030289059797,0.0276978417266187,0.0673303834808259,0.1061946902654867,0.0350947847629263,0.0350928436959577,0.0314638040003353,-0.0013607750943555978
temporal,validation,full:minus_intent,relevance_grade,1,query_language,EN,59,47,12,0.0,0.0,0.0,0.0,0.0,0.0282485875706214,0.026595744680851,0.0425531914893617,0.0141843971631205,0.0140361057791467,0.0406779661016949,0.0478723404255319,0.0638297872340425,0.0195035460992907,0.0230504714326038,0.035593220338983,0.0726950354609929,0.1063829787234042,0.0242907801418439,0.0313891117197212,0.0288135593220339,0.0796099290780141,0.1489361702127659,0.0266843971631205,0.0332143800562242,0.0360144764600817,-0.004625364740360502
temporal,validation,full:minus_intent,relevance_grade,1,query_language,ID,29,28,1,0.0,0.0,0.0,0.0,0.0,0.0344827586206896,0.0357142857142857,0.0357142857142857,0.0178571428571428,0.0225332054846949,0.0413793103448275,0.0428571428571428,0.0714285714285714,0.0249999999999999,0.0244493720792036,0.0517241379310344,0.1214285714285714,0.1785714285714285,0.0396683673469387,0.0508065771029979,0.0344827586206896,0.1392857142857143,0.2142857142857142,0.0426445578231292,0.0567242830231847,0.0613622597573648,-0.010555682654366898
temporal,validation,full:minus_intent,relevance_grade,1,query_language,MIXED,51,38,13,0.0196078431372549,0.0,0.0,0.0,0.0,0.0261437908496732,0.0131578947368421,0.0263157894736842,0.0087719298245614,0.0036238362154761,0.0313725490196078,0.0175438596491228,0.0526315789473684,0.0140350877192982,0.0048850789118685,0.0274509803921568,0.0175438596491228,0.0526315789473684,0.0140350877192982,0.004831772057687,0.0323529411764705,0.0219298245614035,0.0526315789473684,0.0140350877192982,0.0073632027199009,0.0038048996107325,0.0010268724469544997
temporal,validation,full:minus_intent,relevance_grade,1,query_intent,Comparative Treatment Choice,2,2,0,0.0,0.0,0.0,0.0,0.0,0.0,0.0,0.0,0.0,0.0,0.0,0.0,0.0,0.0,0.0,0.0,0.0,0.0,0.0,0.0,0.025,0.0,0.0,0.0,0.0,0.0,0.0
temporal,validation,full:minus_intent,relevance_grade,1,query_intent,Dosing / Administration,26,21,5,0.0,0.0,0.0,0.0,0.0,0.0384615384615384,0.0238095238095238,0.0476190476190476,0.0158730158730158,0.0065574179137187,0.0307692307692307,0.0238095238095238,0.0476190476190476,0.0158730158730158,0.0065574179137187,0.0346153846153846,0.0238095238095238,0.0476190476190476,0.0158730158730158,0.0065574179137187,0.0288461538461538,0.0297619047619047,0.0952380952380952,0.0182539682539682,0.0072195269299963,0.0,0.0065574179137187
temporal,validation,full:minus_intent,relevance_grade,1,query_intent,Efficacy / Outcomes,4,3,1,0.0,0.0,0.0,0.0,0.0,0.0833333333333333,0.0,0.0,0.0,0.0,0.05,0.0,0.0,0.0,0.0,0.025,0.0,0.0,0.0,0.0,0.0375,0.0,0.0,0.0,0.0,0.0,0.0
temporal,validation,full:minus_intent,relevance_grade,1,query_intent,Guideline / Evidence Lookup,16,13,3,0.0625,0.0,0.0,0.0,0.0,0.0208333333333333,0.0,0.0,0.0,0.0,0.025,0.0,0.0,0.0,0.0,0.04375,0.0,0.0,0.0,0.0,0.040625,0.0,0.0,0.0,0.0,0.0,0.0
temporal,validation,full:minus_intent,relevance_grade,1,query_intent,Interaction / Combination,7,7,0,0.0,0.0,0.0,0.0,0.0,0.0,0.0,0.0,0.0,0.0,0.0285714285714285,0.0285714285714285,0.1428571428571428,0.0285714285714285,0.0076646663780348,0.0285714285714285,0.0571428571428571,0.2857142857142857,0.0489795918367346,0.0204080278847748,0.0357142857142857,0.1285714285714286,0.4285714285714285,0.0608843537414965,0.0440788515655219,0.0099064375838791,0.0105015903008957
temporal,validation,full:minus_intent,relevance_grade,1,query_intent,Management / Treatment Selection,11,10,1,0.0,0.0,0.0,0.0,0.0,0.0303030303030303,0.1,0.1,0.05,0.0630929753571457,0.0363636363636363,0.1,0.1,0.05,0.0630929753571457,0.0454545454545454,0.2,0.2,0.0642857142857142,0.096426308690479,0.0272727272727272,0.2,0.2,0.0642857142857142,0.096426308690479,0.1333333333333333,-0.03690702464285431
temporal,validation,full:minus_intent,relevance_grade,1,query_intent,Mechanism / Background Knowledge,5,4,1,0.0,0.0,0.0,0.0,0.0,0.0,0.0,0.0,0.0,0.0,0.0,0.0,0.0,0.0,0.0,0.0,0.0,0.0,0.0,0.0,0.02,0.0,0.0,0.0,0.0,0.0,0.0
temporal,validation,full:minus_intent,relevance_grade,1,query_intent,Monitoring / Response / Risk Assessment,12,9,3,0.0,0.0,0.0,0.0,0.0,0.0,0.0,0.0,0.0,0.0,0.05,0.0,0.0,0.0,0.0,0.0416666666666666,0.0,0.0,0.0,0.0,0.0291666666666666,0.0,0.0,0.0,0.0,0.0,0.0
temporal,validation,full:minus_intent,relevance_grade,1,query_intent,Prophylaxis / Maintenance,12,10,2,0.0,0.0,0.0,0.0,0.0,0.0555555555555555,0.025,0.1,0.0333333333333333,0.0159696971619899,0.0333333333333333,0.025,0.1,0.0333333333333333,0.0152695599258989,0.0166666666666666,0.025,0.1,0.0333333333333333,0.0152695599258989,0.0166666666666666,0.025,0.1,0.0333333333333333,0.0152695599258989,0.019268039362384,-0.003998479436485099
temporal,validation,full:minus_intent,relevance_grade,1,query_intent,Safety / Contraindication,26,19,7,0.0,0.0,0.0,0.0,0.0,0.0256410256410256,0.0526315789473684,0.0526315789473684,0.0175438596491228,0.0263157894736842,0.0307692307692307,0.0526315789473684,0.0526315789473684,0.0175438596491228,0.0263157894736842,0.0346153846153846,0.1578947368421052,0.1578947368421052,0.0293859649122807,0.0581331422686113,0.0288461538461538,0.1578947368421052,0.1578947368421052,0.0293859649122807,0.0581331422686113,0.0692349935150383,-0.011101851246427
temporal,validation,full:minus_intent,relevance_grade,1,query_intent,Treatment Change / Escalation,18,15,3,0.0,0.0,0.0,0.0,0.0,0.037037037037037,0.0,0.0,0.0,0.0,0.0777777777777777,0.0777777777777777,0.1333333333333333,0.03,0.0319069187024203,0.0555555555555555,0.0888888888888888,0.2,0.0383333333333333,0.0386286258169358,0.0444444444444444,0.1133333333333333,0.2666666666666666,0.0424999999999999,0.0498338049927982,0.042972412347189,-0.004343786530253205
temporal,validation,full:minus_intent,relevance_grade,1,has_context,False,78,63,15,0.0,0.0,0.0,0.0,0.0,0.0341880341880341,0.0357142857142857,0.0476190476190476,0.0185185185185185,0.0204861384951009,0.041025641025641,0.0415343915343915,0.0793650793650793,0.0248677248677248,0.021987384760946,0.0384615384615384,0.0632275132275132,0.1269841269841269,0.0313869992441421,0.0302947255640928,0.0314102564102564,0.0738095238095238,0.1428571428571428,0.0327097505668934,0.0344517117693207,0.0434911900833676,-0.013196464519274798
temporal,validation,full:minus_intent,relevance_grade,1,has_context,True,61,50,11,0.0163934426229508,0.0,0.0,0.0,0.0,0.0218579234972677,0.01,0.02,0.0066666666666666,0.0027541155237618,0.0327868852459016,0.03,0.04,0.0116666666666666,0.0113676466852297,0.0327868852459016,0.07,0.08,0.0161666666666666,0.023458240747302,0.0311475409836065,0.0765,0.12,0.0184166666666666,0.0251739929836148,0.0163092975357145,0.007148943211587499
temporal,validation,full:minus_intent,relevance_grade,1,multiple_entity_dimensions,True,139,113,26,0.0071942446043165,0.0,0.0,0.0,0.0,0.0287769784172661,0.0243362831858407,0.0353982300884955,0.0132743362831858,0.0126401106316765,0.037410071942446,0.0364306784660767,0.0619469026548672,0.0190265486725663,0.017288385612399,0.0359712230215827,0.0662241887905604,0.1061946902654867,0.0246523388116308,0.027269732282327,0.0312949640287769,0.075,0.1327433628318584,0.0263853771597134,0.030346526465911,0.0314638040003353,-0.004194071718008299
temporal,test,full:minus_bm25,relevance_grade,1,query_language,EN,70,52,18,0.0,0.0,0.0,0.0,0.0,0.0095238095238095,0.0,0.0,0.0,0.0,0.0142857142857142,0.0038461538461538,0.0192307692307692,0.0048076923076923,0.0005674559619274,0.0214285714285714,0.0076923076923076,0.0384615384615384,0.0080128205128205,0.0022698228817518,0.0299999999999999,0.0628205128205128,0.1346153846153846,0.0148540185304891,0.018952041113019,0.0227895301633486,-0.0205197072815968
temporal,test,full:minus_bm25,relevance_grade,1,query_language,ID,25,20,5,0.08,0.0083333333333333,0.05,0.05,0.0166666666666666,0.0533333333333333,0.0083333333333333,0.05,0.05,0.0078213121003792,0.04,0.0083333333333333,0.05,0.05,0.0069345063087154,0.044,0.0266666666666666,0.1,0.055,0.0125537457652589,0.038,0.0366666666666666,0.1,0.055,0.0156601920637449,0.0101999099632988,0.0023538358019600993
temporal,test,full:minus_bm25,relevance_grade,1,query_language,MIXED,44,38,6,0.0227272727272727,0.0,0.0,0.0,0.0,0.0227272727272727,0.0029239766081871,0.0263157894736842,0.0087719298245614,0.0010186882133083,0.0181818181818181,0.0062134502923976,0.0526315789473684,0.0140350877192982,0.0057386516934089,0.0181818181818181,0.0362886382623224,0.1052631578947368,0.0199561403508771,0.0138346897146249,0.0295454545454545,0.0757623224728488,0.1578947368421052,0.0228031702062172,0.0250420901351578,0.0196023255681289,-0.0057676358535039985
temporal,test,full:minus_bm25,relevance_grade,1,query_intent,Comparative Treatment Choice,5,5,0,0.0,0.0,0.0,0.0,0.0,0.0,0.0,0.0,0.0,0.0,0.0,0.0,0.0,0.0,0.0,0.02,0.0,0.0,0.0,0.0,0.04,0.0,0.0,0.0,0.0,0.0,0.0
temporal,test,full:minus_bm25,relevance_grade,1,query_intent,Dosing / Administration,29,22,7,0.0344827586206896,0.0,0.0,0.0,0.0,0.0114942528735632,0.0,0.0,0.0,0.0,0.0206896551724137,0.0056818181818181,0.0454545454545454,0.009090909090909,0.0084334521513368,0.0172413793103448,0.0056818181818181,0.0454545454545454,0.009090909090909,0.0078901540936558,0.0293103448275862,0.0738636363636363,0.1363636363636363,0.0140085061137692,0.0272483911836672,0.0260075973587836,-0.0181174432651278
temporal,test,full:minus_bm25,relevance_grade,1,query_intent,Efficacy / Outcomes,6,1,5,0.0,0.0,0.0,0.0,0.0,0.0,0.0,0.0,0.0,0.0,0.0333333333333333,0.0,0.0,0.0,0.0,0.0166666666666666,0.0,0.0,0.0,0.0,0.025,0.0,0.0,0.0,0.0,0.0,0.0
temporal,test,full:minus_bm25,relevance_grade,1,query_intent,Guideline / Evidence Lookup,17,12,5,0.0,0.0,0.0,0.0,0.0,0.0,0.0,0.0,0.0,0.0,0.0,0.0,0.0,0.0,0.0,0.0117647058823529,0.0,0.0,0.0,0.0,0.0058823529411764,0.0,0.0,0.0,0.0,0.0,0.0
temporal,test,full:minus_bm25,relevance_grade,1,query_intent,Interaction / Combination,6,6,0,0.0,0.0,0.0,0.0,0.0,0.0555555555555555,0.0185185185185185,0.1666666666666666,0.0555555555555555,0.0064516920176193,0.0333333333333333,0.0185185185185185,0.1666666666666666,0.0555555555555555,0.0054221361700215,0.0333333333333333,0.0185185185185185,0.1666666666666666,0.0555555555555555,0.0049974617600423,0.0416666666666666,0.1851851851851852,0.3333333333333333,0.065359477124183,0.0449662061880642,0.0680896622715764,-0.0630922005115341
temporal,test,full:minus_bm25,relevance_grade,1,query_intent,Management / Treatment Selection,17,13,4,0.0588235294117647,0.0,0.0,0.0,0.0,0.0392156862745098,0.0,0.0,0.0,0.0,0.0352941176470588,0.0153846153846153,0.0769230769230769,0.0192307692307692,0.0022698238477098,0.0411764705882352,0.0461538461538461,0.2307692307692307,0.0397435897435897,0.0146052260484702,0.038235294117647,0.0897435897435897,0.3076923076923077,0.0452380952380952,0.0244479393951615,0.0185074176269021,-0.0039021915784319006
temporal,test,full:minus_bm25,relevance_grade,1,query_intent,Mechanism / Background Knowledge,7,7,0,0.0,0.0,0.0,0.0,0.0,0.0476190476190476,0.0,0.0,0.0,0.0,0.0571428571428571,0.0,0.0,0.0,0.0,0.0428571428571428,0.1428571428571428,0.1428571428571428,0.0142857142857142,0.0412949751882696,0.0571428571428571,0.2142857142857142,0.2857142857142857,0.0261904761904761,0.07670850448997,0.0,0.0412949751882696
temporal,test,full:minus_bm25,relevance_grade,1,query_intent,Monitoring / Response / Risk Assessment,9,9,0,0.0,0.0,0.0,0.0,0.0,0.0,0.0,0.0,0.0,0.0,0.0,0.0,0.0,0.0,0.0,0.0111111111111111,0.0,0.0,0.0,0.0,0.0111111111111111,0.0,0.0,0.0,0.0,0.0504137529452839,-0.0504137529452839
temporal,test,full:minus_bm25,relevance_grade,1,query_intent,Prophylaxis / Maintenance,8,6,2,0.0,0.0,0.0,0.0,0.0,0.0,0.0,0.0,0.0,0.0,0.0,0.0,0.0,0.0,0.0,0.025,0.0238095238095238,0.1666666666666666,0.0208333333333333,0.0055142037028631,0.0375,0.0238095238095238,0.1666666666666666,0.0208333333333333,0.0055142037028631,0.0,0.0055142037028631
temporal,test,full:minus_bm25,relevance_grade,1,query_intent,Safety / Contraindication,19,15,4,0.0526315789473684,0.0111111111111111,0.0666666666666666,0.0666666666666666,0.0222222222222222,0.0526315789473684,0.0111111111111111,0.0666666666666666,0.0666666666666666,0.010428416133839,0.031578947368421,0.0111111111111111,0.0666666666666666,0.0666666666666666,0.0092460084116205,0.0263157894736842,0.0222222222222222,0.0666666666666666,0.0666666666666666,0.0119491844350773,0.0447368421052631,0.0555555555555555,0.1333333333333333,0.0705882352941176,0.0163523260148568,0.0088107366991306,0.0031384477359467002
temporal,test,full:minus_bm25,relevance_grade,1,query_intent,Treatment Change / Escalation,16,14,2,0.0,0.0,0.0,0.0,0.0,0.0208333333333333,0.0,0.0,0.0,0.0,0.0125,0.0,0.0,0.0,0.0,0.03125,0.0,0.0,0.0,0.0,0.03125,0.0357142857142857,0.0714285714285714,0.0059523809523809,0.0177067646508501,0.023339697691576,-0.023339697691576
temporal,test,full:minus_bm25,relevance_grade,1,has_context,False,73,59,14,0.0273972602739726,0.0028248587570621,0.0169491525423728,0.0169491525423728,0.0056497175141242,0.0319634703196347,0.0047080979284369,0.0338983050847457,0.0225988700564971,0.0033073965103949,0.0273972602739726,0.0080979284369114,0.0508474576271186,0.0268361581920903,0.0034022144612655,0.0315068493150684,0.0370729082593489,0.1186440677966101,0.0351694915254237,0.0122244156652812,0.034931506849315,0.080575733118106,0.1864406779661017,0.0402020130085932,0.0268609775347545,0.0264707626687418,-0.0142463470034606
temporal,test,full:minus_bm25,relevance_grade,1,has_context,True,66,51,15,0.0151515151515151,0.0,0.0,0.0,0.0,0.0101010101010101,0.0,0.0,0.0,0.0,0.0121212121212121,0.0024509803921568,0.0196078431372549,0.0039215686274509,0.003637959751557,0.0166666666666666,0.0024509803921568,0.0196078431372549,0.0039215686274509,0.0034035958835378,0.0272727272727272,0.0416666666666666,0.0784313725490196,0.0071962875277389,0.0130492496026935,0.0112189635665341,-0.007815367682996299
temporal,test,full:minus_bm25,relevance_grade,1,multiple_entity_dimensions,True,139,110,29,0.0215827338129496,0.0015151515151515,0.009090909090909,0.009090909090909,0.003030303030303,0.0215827338129496,0.0025252525252525,0.0181818181818181,0.0121212121212121,0.0017739672192118,0.0201438848920863,0.0054797979797979,0.0363636363636363,0.0162121212121212,0.0035115145504006,0.0244604316546762,0.0210209235209235,0.0727272727272727,0.0206818181818181,0.008134762857382,0.0312949640287769,0.062536075036075,0.1363636363636363,0.0248993584674699,0.0204573582207989,0.0193994739940818,-0.0112647111366998
temporal,test,full:minus_dense,relevance_grade,1,query_language,EN,70,52,18,0.0,0.0,0.0,0.0,0.0,0.0142857142857142,0.0038461538461538,0.0192307692307692,0.0064102564102564,0.002775593069629,0.0142857142857142,0.0038461538461538,0.0192307692307692,0.0064102564102564,0.0023895740757585,0.0314285714285714,0.0589743589743589,0.1153846153846153,0.0209096459096459,0.0217284303278863,0.0321428571428571,0.0782051282051282,0.1346153846153846,0.0219217916586337,0.0261780113501894,0.0227895301633486,-0.0010610998354622994
temporal,test,full:minus_dense,relevance_grade,1,query_language,ID,25,20,5,0.08,0.0083333333333333,0.05,0.05,0.0166666666666666,0.0533333333333333,0.0083333333333333,0.05,0.05,0.0078213121003792,0.0559999999999999,0.0083333333333333,0.05,0.05,0.0069345063087154,0.044,0.0183333333333333,0.1,0.0555555555555555,0.0103485865874025,0.036,0.0266666666666666,0.1,0.0555555555555555,0.0118530435490234,0.0101999099632988,0.00014867662410369964
temporal,test,full:minus_dense,relevance_grade,1,query_language,MIXED,44,38,6,0.0454545454545454,0.0032894736842105,0.0263157894736842,0.0263157894736842,0.0263157894736842,0.0303030303030303,0.0032894736842105,0.0263157894736842,0.0263157894736842,0.0142616349863165,0.05,0.0325292397660818,0.0789473684210526,0.0368421052631578,0.0234638709684161,0.0318181818181818,0.0456871345029239,0.1052631578947368,0.0406015037593984,0.0255581422155257,0.0306818181818181,0.0786862990810359,0.1842105263157894,0.0450567207492415,0.03755522439513,0.0196023255681289,0.005955816647396802
temporal,test,full:minus_dense,relevance_grade,1,query_intent,Comparative Treatment Choice,5,5,0,0.0,0.0,0.0,0.0,0.0,0.0,0.0,0.0,0.0,0.0,0.0,0.0,0.0,0.0,0.0,0.06,0.0,0.0,0.0,0.0,0.04,0.0,0.0,0.0,0.0,0.0,0.0
temporal,test,full:minus_dense,relevance_grade,1,query_intent,Dosing / Administration,29,22,7,0.0689655172413793,0.0056818181818181,0.0454545454545454,0.0454545454545454,0.0454545454545454,0.0229885057471264,0.0056818181818181,0.0454545454545454,0.0454545454545454,0.024633733158183,0.0413793103448275,0.0511363636363636,0.0909090909090909,0.0545454545454545,0.0393843760734929,0.0413793103448275,0.0511363636363636,0.0909090909090909,0.0545454545454545,0.0379799709676728,0.0344827586206896,0.0738636363636363,0.1363636363636363,0.0568181818181818,0.0465303823254228,0.0260075973587836,0.011972373608889197
temporal,test,full:minus_dense,relevance_grade,1,query_intent,Efficacy / Outcomes,6,1,5,0.0,0.0,0.0,0.0,0.0,0.0,0.0,0.0,0.0,0.0,0.0,0.0,0.0,0.0,0.0,0.0166666666666666,0.0,0.0,0.0,0.0,0.025,0.0,0.0,0.0,0.0,0.0,0.0
temporal,test,full:minus_dense,relevance_grade,1,query_intent,Guideline / Evidence Lookup,17,12,5,0.0,0.0,0.0,0.0,0.0,0.0196078431372549,0.0,0.0,0.0,0.0,0.0352941176470588,0.0,0.0,0.0,0.0,0.0235294117647058,0.0,0.0,0.0,0.0,0.0235294117647058,0.0833333333333333,0.0833333333333333,0.0043859649122807,0.0192815177633132,0.0,0.0
temporal,test,full:minus_dense,relevance_grade,1,query_intent,Interaction / Combination,6,6,0,0.0,0.0,0.0,0.0,0.0,0.0,0.0,0.0,0.0,0.0,0.0333333333333333,0.0185185185185185,0.1666666666666666,0.0333333333333333,0.0041951371971615,0.0333333333333333,0.1851851851851852,0.3333333333333333,0.0518518518518518,0.0540382301658361,0.0333333333333333,0.2037037037037037,0.3333333333333333,0.0518518518518518,0.0619137162116838,0.0680896622715764,-0.014051432105740294
temporal,test,full:minus_dense,relevance_grade,1,query_intent,Management / Treatment Selection,17,13,4,0.0588235294117647,0.0,0.0,0.0,0.0,0.0588235294117647,0.0153846153846153,0.0769230769230769,0.0256410256410256,0.0111023722785161,0.0470588235294117,0.0153846153846153,0.0769230769230769,0.0256410256410256,0.009558296303034,0.0470588235294117,0.0589743589743589,0.3076923076923077,0.0598290598290598,0.018736150894754,0.0352941176470588,0.0974358974358974,0.3846153846153846,0.0638776428250112,0.0296491433459843,0.0185074176269021,0.0002287332678518987
temporal,test,full:minus_dense,relevance_grade,1,query_intent,Mechanism / Background Knowledge,7,7,0,0.0,0.0,0.0,0.0,0.0,0.0476190476190476,0.0,0.0,0.0,0.0,0.0857142857142857,0.0,0.0,0.0,0.0,0.0571428571428571,0.0,0.0,0.0,0.0,0.0357142857142857,0.0,0.0,0.0,0.0,0.0,0.0
temporal,test,full:minus_dense,relevance_grade,1,query_intent,Monitoring / Response / Risk Assessment,9,9,0,0.0,0.0,0.0,0.0,0.0,0.0,0.0,0.0,0.0,0.0,0.0,0.0,0.0,0.0,0.0,0.0222222222222222,0.1666666666666666,0.2222222222222222,0.0317460317460317,0.0495315545448302,0.0333333333333333,0.1666666666666666,0.2222222222222222,0.0317460317460317,0.0495315545448302,0.0504137529452839,-0.0008821984004536987
temporal,test,full:minus_dense,relevance_grade,1,query_intent,Prophylaxis / Maintenance,8,6,2,0.0,0.0,0.0,0.0,0.0,0.0,0.0,0.0,0.0,0.0,0.0,0.0,0.0,0.0,0.0,0.0,0.0,0.0,0.0,0.0,0.01875,0.0238095238095238,0.1666666666666666,0.0111111111111111,0.0131097091355637,0.0,0.0
temporal,test,full:minus_dense,relevance_grade,1,query_intent,Safety / Contraindication,19,15,4,0.0526315789473684,0.0111111111111111,0.0666666666666666,0.0666666666666666,0.0222222222222222,0.0526315789473684,0.0111111111111111,0.0666666666666666,0.0666666666666666,0.010428416133839,0.0421052631578947,0.0111111111111111,0.0666666666666666,0.0666666666666666,0.0092460084116205,0.0368421052631578,0.0111111111111111,0.0666666666666666,0.0666666666666666,0.0088107366991306,0.0368421052631579,0.0222222222222222,0.0666666666666666,0.0666666666666666,0.010816679314625,0.0088107366991306,0.0
temporal,test,full:minus_dense,relevance_grade,1,query_intent,Treatment Change / Escalation,16,14,2,0.0,0.0,0.0,0.0,0.0,0.0208333333333333,0.0,0.0,0.0,0.0,0.025,0.0,0.0,0.0,0.0,0.025,0.0357142857142857,0.0714285714285714,0.0119047619047619,0.023339697691576,0.034375,0.0357142857142857,0.0714285714285714,0.0119047619047619,0.023339697691576,0.023339697691576,0.0
temporal,test,full:minus_dense,relevance_grade,1,has_context,False,73,59,14,0.0273972602739726,0.0028248587570621,0.0169491525423728,0.0169491525423728,0.0056497175141242,0.0319634703196347,0.0062146892655367,0.0338983050847457,0.0225988700564971,0.0050975776547168,0.0301369863013698,0.0080979284369114,0.0508474576271186,0.0259887005649717,0.0048833695135037,0.0315068493150684,0.0685499058380414,0.1694915254237288,0.0430723701910142,0.0249576296898189,0.0301369863013698,0.0756793112725316,0.1864406779661017,0.0442023136938391,0.0276017027461051,0.0264707626687418,-0.0015131329789229014
temporal,test,full:minus_dense,relevance_grade,1,has_context,True,66,51,15,0.0303030303030303,0.0024509803921568,0.0196078431372549,0.0196078431372549,0.0196078431372549,0.0202020202020202,0.0024509803921568,0.0196078431372549,0.0196078431372549,0.0106263162643142,0.0363636363636363,0.0220588235294117,0.0392156862745098,0.0235294117647058,0.0169893386983694,0.0363636363636363,0.0220588235294117,0.0392156862745098,0.0235294117647058,0.0163835168880157,0.0348484848484848,0.0612745098039215,0.0980392156862745,0.0265737874097007,0.0273905005134324,0.0112189635665341,0.005164553321481601
temporal,test,full:minus_dense,relevance_grade,1,multiple_entity_dimensions,True,139,110,29,0.0287769784172661,0.0026515151515151,0.0181818181818181,0.0181818181818181,0.0121212121212121,0.026378896882494,0.0044696969696969,0.0272727272727272,0.0212121212121212,0.0076609019191665,0.0330935251798561,0.014570707070707,0.0454545454545454,0.0248484848484848,0.0104961370446687,0.0338129496402877,0.0469949494949494,0.109090909090909,0.034011544011544,0.0209823592089828,0.0323741007194244,0.0690007215007215,0.1454545454545454,0.0360290878711931,0.0275037817109568,0.0193994739940818,0.001582885214900999
temporal,test,full:minus_entities,relevance_grade,1,query_language,EN,70,52,18,0.0285714285714285,0.0038461538461538,0.0192307692307692,0.0192307692307692,0.0082417582417582,0.019047619047619,0.0038461538461538,0.0192307692307692,0.0192307692307692,0.005551186139258,0.0342857142857142,0.0269230769230769,0.0576923076923076,0.0278846153846153,0.0135711037939432,0.0328571428571428,0.0557692307692307,0.0961538461538461,0.0319444444444444,0.0208911381827422,0.0328571428571428,0.0788461538461538,0.1153846153846153,0.0333180708180708,0.0268815987335801,0.0227895301633486,-0.001898391980606401
temporal,test,full:minus_entities,relevance_grade,1,query_language,ID,25,20,5,0.08,0.0083333333333333,0.05,0.05,0.0166666666666666,0.0666666666666666,0.0083333333333333,0.05,0.05,0.0078213121003792,0.048,0.0083333333333333,0.05,0.05,0.0069345063087154,0.024,0.0083333333333333,0.05,0.05,0.0066080525243479,0.0279999999999999,0.0166666666666666,0.05,0.05,0.0081370119098974,0.0101999099632988,-0.0035918574389509003
temporal,test,full:minus_entities,relevance_grade,1,query_language,MIXED,44,38,6,0.0227272727272727,0.0,0.0,0.0,0.0,0.0227272727272727,0.0,0.0,0.0,0.0,0.0363636363636363,0.0160818713450292,0.0526315789473684,0.0118421052631578,0.0041717842364856,0.034090909090909,0.0490810359231411,0.1052631578947368,0.0195175438596491,0.0149769903172174,0.0352272727272727,0.0622389306599832,0.131578947368421,0.0213972431077694,0.0202790570909417,0.0196023255681289,-0.004625335250911498
temporal,test,full:minus_entities,relevance_grade,1,query_intent,Comparative Treatment Choice,5,5,0,0.0,0.0,0.0,0.0,0.0,0.0666666666666666,0.0,0.0,0.0,0.0,0.04,0.0,0.0,0.0,0.0,0.04,0.0,0.0,0.0,0.0,0.04,0.0,0.0,0.0,0.0,0.0,0.0
temporal,test,full:minus_entities,relevance_grade,1,query_intent,Dosing / Administration,29,22,7,0.0344827586206896,0.0,0.0,0.0,0.0,0.0229885057471264,0.0,0.0,0.0,0.0,0.0344827586206896,0.0,0.0,0.0,0.0,0.0310344827586206,0.0454545454545454,0.0454545454545454,0.0056818181818181,0.0143393125811694,0.0293103448275862,0.0454545454545454,0.0454545454545454,0.0056818181818181,0.0143393125811694,0.0260075973587836,-0.0116682847776142
temporal,test,full:minus_entities,relevance_grade,1,query_intent,Efficacy / Outcomes,6,1,5,0.0,0.0,0.0,0.0,0.0,0.0,0.0,0.0,0.0,0.0,0.0333333333333333,0.0,0.0,0.0,0.0,0.0166666666666666,0.0,0.0,0.0,0.0,0.0333333333333333,0.0,0.0,0.0,0.0,0.0,0.0
temporal,test,full:minus_entities,relevance_grade,1,query_intent,Guideline / Evidence Lookup,17,12,5,0.0,0.0,0.0,0.0,0.0,0.0196078431372549,0.0,0.0,0.0,0.0,0.0235294117647058,0.0,0.0,0.0,0.0,0.0117647058823529,0.0,0.0,0.0,0.0,0.0147058823529411,0.0,0.0,0.0,0.0,0.0,0.0
temporal,test,full:minus_entities,relevance_grade,1,query_intent,Interaction / Combination,6,6,0,0.0,0.0,0.0,0.0,0.0,0.0,0.0,0.0,0.0,0.0,0.0666666666666666,0.1851851851851852,0.3333333333333333,0.0833333333333333,0.0764498002317857,0.05,0.2037037037037037,0.3333333333333333,0.0833333333333333,0.086078929125487,0.0333333333333333,0.2037037037037037,0.3333333333333333,0.0833333333333333,0.086078929125487,0.0680896622715764,0.0179892668539106
temporal,test,full:minus_entities,relevance_grade,1,query_intent,Management / Treatment Selection,17,13,4,0.1176470588235294,0.0153846153846153,0.0769230769230769,0.0769230769230769,0.0329670329670329,0.0588235294117647,0.0153846153846153,0.0769230769230769,0.0769230769230769,0.0222047445570322,0.0470588235294117,0.0307692307692307,0.1538461538461538,0.0923076923076923,0.0211554491701275,0.0235294117647058,0.0307692307692307,0.1538461538461538,0.0923076923076923,0.0211554491701275,0.0205882352941176,0.0461538461538461,0.1538461538461538,0.0923076923076923,0.0254282125419549,0.0185074176269021,0.0026480315432253973
temporal,test,full:minus_entities,relevance_grade,1,query_intent,Mechanism / Background Knowledge,7,7,0,0.0,0.0,0.0,0.0,0.0,0.0476190476190476,0.0,0.0,0.0,0.0,0.0571428571428571,0.0,0.0,0.0,0.0,0.0714285714285714,0.0,0.0,0.0,0.0,0.0499999999999999,0.0,0.0,0.0,0.0,0.0,0.0
temporal,test,full:minus_entities,relevance_grade,1,query_intent,Monitoring / Response / Risk Assessment,9,9,0,0.0,0.0,0.0,0.0,0.0,0.0,0.0,0.0,0.0,0.0,0.0222222222222222,0.0555555555555555,0.1111111111111111,0.0222222222222222,0.0145006175187927,0.0333333333333333,0.2222222222222222,0.3333333333333333,0.045679012345679,0.0567941495429642,0.0333333333333333,0.2222222222222222,0.3333333333333333,0.045679012345679,0.0567941495429642,0.0504137529452839,0.006380396597680298
temporal,test,full:minus_entities,relevance_grade,1,query_intent,Prophylaxis / Maintenance,8,6,2,0.0,0.0,0.0,0.0,0.0,0.0,0.0,0.0,0.0,0.0,0.0,0.0,0.0,0.0,0.0,0.0125,0.0238095238095238,0.1666666666666666,0.0277777777777777,0.0062263634866446,0.03125,0.0238095238095238,0.1666666666666666,0.0277777777777777,0.0062263634866446,0.0,0.0062263634866446
temporal,test,full:minus_entities,relevance_grade,1,query_intent,Safety / Contraindication,19,15,4,0.0526315789473684,0.0111111111111111,0.0666666666666666,0.0666666666666666,0.0222222222222222,0.0526315789473684,0.0111111111111111,0.0666666666666666,0.0666666666666666,0.010428416133839,0.0526315789473684,0.0111111111111111,0.0666666666666666,0.0666666666666666,0.0092460084116205,0.0473684210526315,0.0111111111111111,0.0666666666666666,0.0666666666666666,0.0088107366991306,0.0526315789473684,0.0555555555555555,0.1333333333333333,0.0714285714285714,0.0242812517066315,0.0088107366991306,0.0
temporal,test,full:minus_entities,relevance_grade,1,query_intent,Treatment Change / Escalation,16,14,2,0.0625,0.0,0.0,0.0,0.0,0.0208333333333333,0.0,0.0,0.0,0.0,0.0375,0.0,0.0,0.0,0.0,0.03125,0.0,0.0,0.0,0.0,0.0375,0.0714285714285714,0.0714285714285714,0.0051020408163265,0.0182827160578439,0.023339697691576,-0.023339697691576
temporal,test,full:minus_entities,relevance_grade,1,has_context,False,73,59,14,0.0547945205479452,0.0062146892655367,0.0338983050847457,0.0338983050847457,0.0129136400322841,0.0319634703196347,0.0062146892655367,0.0338983050847457,0.0338983050847457,0.007543863072017,0.0438356164383561,0.0369114877589453,0.1016949152542373,0.0491525423728813,0.0169985648211155,0.0383561643835616,0.0666397632499327,0.1525423728813559,0.0555555555555555,0.0249518812077641,0.0356164383561643,0.0982781813290287,0.1864406779661017,0.0579768630616088,0.0341647909324435,0.0264707626687418,-0.0015188814609777002
temporal,test,full:minus_entities,relevance_grade,1,has_context,True,66,51,15,0.0151515151515151,0.0,0.0,0.0,0.0,0.0252525252525252,0.0,0.0,0.0,0.0,0.0303030303030303,0.0,0.0,0.0,0.0,0.0242424242424242,0.0196078431372549,0.0196078431372549,0.0024509803921568,0.006185585819328,0.0295454545454545,0.0196078431372549,0.0196078431372549,0.0024509803921568,0.006185585819328,0.0112189635665341,-0.005033377747206099
temporal,test,full:minus_entities,relevance_grade,1,multiple_entity_dimensions,True,139,110,29,0.0359712230215827,0.0033333333333333,0.0181818181818181,0.0181818181818181,0.0069264069264069,0.0287769784172661,0.0033333333333333,0.0181818181818181,0.0181818181818181,0.0040462538295364,0.037410071942446,0.0197979797979798,0.0545454545454545,0.0263636363636363,0.0091174120404165,0.0316546762589928,0.0448340548340548,0.0909090909090909,0.0309343434343434,0.0162511442549437,0.0327338129496402,0.0618037518037518,0.109090909090909,0.0322330447330447,0.0211926140163627,0.0193994739940818,-0.0031483297391380997
temporal,test,full:minus_context,relevance_grade,1,query_language,EN,70,52,18,0.0142857142857142,0.0,0.0,0.0,0.0,0.0238095238095238,0.0038461538461538,0.0192307692307692,0.0064102564102564,0.002775593069629,0.02,0.0038461538461538,0.0192307692307692,0.0064102564102564,0.0023895740757585,0.0314285714285714,0.0589743589743589,0.1153846153846153,0.0219780219780219,0.0227895301633486,0.0292857142857142,0.0782051282051282,0.1538461538461538,0.0239010989010989,0.0266798838265842,0.0227895301633486,0.0
temporal,test,full:minus_context,relevance_grade,1,query_language,ID,25,20,5,0.08,0.0083333333333333,0.05,0.05,0.0166666666666666,0.0533333333333333,0.0083333333333333,0.05,0.05,0.0078213121003792,0.04,0.0083333333333333,0.05,0.05,0.0069345063087154,0.048,0.0349999999999999,0.15,0.06,0.0182402248822503,0.038,0.0433333333333333,0.15,0.06,0.0197958193464767,0.0101999099632988,0.0080403149189515
temporal,test,full:minus_context,relevance_grade,1,query_language,MIXED,44,38,6,0.0454545454545454,0.0,0.0,0.0,0.0,0.0454545454545454,0.0032894736842105,0.0263157894736842,0.0131578947368421,0.0089980898474427,0.0454545454545454,0.0062134502923976,0.0526315789473684,0.0184210526315789,0.0086254452641992,0.0318181818181818,0.0222953216374269,0.0789473684210526,0.0210526315789473,0.0119953564545002,0.0295454545454545,0.0655284043441938,0.1578947368421052,0.0265046099411424,0.0254026840355549,0.0196023255681289,-0.007606969113628698
temporal,test,full:minus_context,relevance_grade,1,query_intent,Comparative Treatment Choice,5,5,0,0.0,0.0,0.0,0.0,0.0,0.0,0.0,0.0,0.0,0.0,0.0,0.0,0.0,0.0,0.0,0.04,0.0,0.0,0.0,0.0,0.05,0.2,0.4,0.0217647058823529,0.0719160009716549,0.0,0.0
temporal,test,full:minus_context,relevance_grade,1,query_intent,Dosing / Administration,29,22,7,0.0689655172413793,0.0,0.0,0.0,0.0,0.057471264367816,0.0056818181818181,0.0454545454545454,0.0227272727272727,0.0155421551910374,0.0482758620689655,0.0056818181818181,0.0454545454545454,0.0227272727272727,0.0137543680389365,0.0310344827586206,0.0208333333333333,0.0909090909090909,0.0272727272727272,0.0201776642706537,0.0310344827586206,0.0662878787878787,0.1363636363636363,0.0307692307692307,0.0321162794996171,0.0260075973587836,-0.005829933088129902
temporal,test,full:minus_context,relevance_grade,1,query_intent,Efficacy / Outcomes,6,1,5,0.0,0.0,0.0,0.0,0.0,0.0,0.0,0.0,0.0,0.0,0.0,0.0,0.0,0.0,0.0,0.0166666666666666,0.0,0.0,0.0,0.0,0.025,0.0,0.0,0.0,0.0,0.0,0.0
temporal,test,full:minus_context,relevance_grade,1,query_intent,Guideline / Evidence Lookup,17,12,5,0.0,0.0,0.0,0.0,0.0,0.0392156862745098,0.0,0.0,0.0,0.0,0.0352941176470588,0.0,0.0,0.0,0.0,0.0352941176470588,0.0,0.0,0.0,0.0,0.0264705882352941,0.0,0.0,0.0,0.0,0.0,0.0
temporal,test,full:minus_context,relevance_grade,1,query_intent,Interaction / Combination,6,6,0,0.0,0.0,0.0,0.0,0.0,0.0,0.0,0.0,0.0,0.0,0.0333333333333333,0.0185185185185185,0.1666666666666666,0.0333333333333333,0.0041951371971615,0.05,0.2037037037037037,0.3333333333333333,0.0571428571428571,0.0680896622715764,0.0333333333333333,0.2037037037037037,0.3333333333333333,0.0571428571428571,0.0680896622715764,0.0680896622715764,0.0
temporal,test,full:minus_context,relevance_grade,1,query_intent,Management / Treatment Selection,17,13,4,0.0588235294117647,0.0,0.0,0.0,0.0,0.0588235294117647,0.0153846153846153,0.0769230769230769,0.0256410256410256,0.0111023722785161,0.0470588235294117,0.0153846153846153,0.0769230769230769,0.0256410256410256,0.009558296303034,0.0529411764705882,0.0589743589743589,0.3076923076923077,0.0589743589743589,0.0185074176269021,0.0323529411764705,0.0589743589743589,0.3076923076923077,0.0589743589743589,0.0185074176269021,0.0185074176269021,0.0
temporal,test,full:minus_context,relevance_grade,1,query_intent,Mechanism / Background Knowledge,7,7,0,0.0,0.0,0.0,0.0,0.0,0.0476190476190476,0.0,0.0,0.0,0.0,0.0857142857142857,0.0,0.0,0.0,0.0,0.0571428571428571,0.0,0.0,0.0,0.0,0.0428571428571428,0.0,0.0,0.0,0.0,0.0,0.0
temporal,test,full:minus_context,relevance_grade,1,query_intent,Monitoring / Response / Risk Assessment,9,9,0,0.0,0.0,0.0,0.0,0.0,0.0,0.0,0.0,0.0,0.0,0.0,0.0,0.0,0.0,0.0,0.0222222222222222,0.1666666666666666,0.2222222222222222,0.0296296296296296,0.0504137529452839,0.0222222222222222,0.1666666666666666,0.2222222222222222,0.0296296296296296,0.0504137529452839,0.0504137529452839,0.0
temporal,test,full:minus_context,relevance_grade,1,query_intent,Prophylaxis / Maintenance,8,6,2,0.0,0.0,0.0,0.0,0.0,0.0,0.0,0.0,0.0,0.0,0.0,0.0,0.0,0.0,0.0,0.0,0.0,0.0,0.0,0.0,0.01875,0.0238095238095238,0.1666666666666666,0.0119047619047619,0.0044740470082268,0.0,0.0
temporal,test,full:minus_context,relevance_grade,1,query_intent,Safety / Contraindication,19,15,4,0.0526315789473684,0.0111111111111111,0.0666666666666666,0.0666666666666666,0.0222222222222222,0.0526315789473684,0.0111111111111111,0.0666666666666666,0.0666666666666666,0.010428416133839,0.031578947368421,0.0111111111111111,0.0666666666666666,0.0666666666666666,0.0092460084116205,0.031578947368421,0.0111111111111111,0.0666666666666666,0.0666666666666666,0.0088107366991306,0.0342105263157894,0.0555555555555555,0.1333333333333333,0.07,0.0150650637596658,0.0088107366991306,0.0
temporal,test,full:minus_context,relevance_grade,1,query_intent,Treatment Change / Escalation,16,14,2,0.0625,0.0,0.0,0.0,0.0,0.0208333333333333,0.0,0.0,0.0,0.0,0.0125,0.0,0.0,0.0,0.0,0.0375,0.0357142857142857,0.0714285714285714,0.0119047619047619,0.023339697691576,0.03125,0.0357142857142857,0.0714285714285714,0.0119047619047619,0.023339697691576,0.023339697691576,0.0
temporal,test,full:minus_context,relevance_grade,1,has_context,False,73,59,14,0.0410958904109589,0.0028248587570621,0.0169491525423728,0.0169491525423728,0.0056497175141242,0.0319634703196347,0.0062146892655367,0.0338983050847457,0.0225988700564971,0.0050975776547168,0.0301369863013698,0.0080979284369114,0.0508474576271186,0.0259887005649717,0.0048833695135037,0.0356164383561643,0.0704331450094161,0.1694915254237288,0.0430992736077481,0.0264707626687418,0.0308219178082191,0.0756793112725316,0.1864406779661017,0.0443099273607748,0.0274530706574518,0.0264707626687418,0.0
temporal,test,full:minus_context,relevance_grade,1,has_context,True,66,51,15,0.0303030303030303,0.0,0.0,0.0,0.0,0.0404040404040404,0.0024509803921568,0.0196078431372549,0.0098039215686274,0.0067044591020161,0.0333333333333333,0.0024509803921568,0.0196078431372549,0.0098039215686274,0.0059332568011098,0.0333333333333333,0.0089869281045751,0.0392156862745098,0.0117647058823529,0.0087040904696937,0.031060606060606,0.0580065359477124,0.1176470588235294,0.0163871883595067,0.0221341405975166,0.0112189635665341,-0.0025148730968403993
temporal,test,full:minus_context,relevance_grade,1,multiple_entity_dimensions,True,139,110,29,0.0359712230215827,0.0015151515151515,0.009090909090909,0.009090909090909,0.003030303030303,0.0359712230215827,0.0044696969696969,0.0272727272727272,0.0166666666666666,0.0058425863257374,0.0316546762589928,0.0054797979797979,0.0363636363636363,0.0184848484848484,0.0053701354377574,0.0345323741007194,0.0419444444444444,0.109090909090909,0.0285714285714285,0.0182334873764559,0.0309352517985611,0.0674855699855699,0.1545454545454545,0.0313639301874596,0.0249870212660273,0.0193994739940818,-0.0011659866176258991
temporal,test,full:minus_intent,relevance_grade,1,query_language,EN,70,52,18,0.0285714285714285,0.0032051282051282,0.0192307692307692,0.0192307692307692,0.0027472527472527,0.0285714285714285,0.0128205128205128,0.0384615384615384,0.0256410256410256,0.0101096062376871,0.0285714285714285,0.0166666666666666,0.0576923076923076,0.0294871794871794,0.0117763889047741,0.03,0.0358974358974358,0.0769230769230769,0.0326923076923076,0.0186042771997167,0.0278571428571428,0.0589743589743589,0.1153846153846153,0.0356684981684981,0.0241384130154815,0.0227895301633486,-0.0041852529636319
temporal,test,full:minus_intent,relevance_grade,1,query_language,ID,25,20,5,0.04,0.0,0.0,0.0,0.0,0.0266666666666666,0.0,0.0,0.0,0.0,0.048,0.0083333333333333,0.05,0.01,0.0026826332323122,0.036,0.0083333333333333,0.05,0.01,0.0025563436693973,0.034,0.0183333333333333,0.1,0.0126315789473684,0.0054313996446791,0.0101999099632988,-0.0076435662939015
temporal,test,full:minus_intent,relevance_grade,1,query_language,MIXED,44,38,6,0.0454545454545454,0.0,0.0,0.0,0.0,0.0227272727272727,0.0,0.0,0.0,0.0,0.0318181818181818,0.0062134502923976,0.0526315789473684,0.0105263157894736,0.0055449150134836,0.0318181818181818,0.0062134502923976,0.0526315789473684,0.0105263157894736,0.005178494089249,0.0329545454545454,0.035453216374269,0.0789473684210526,0.0124060150375939,0.0130496087085916,0.0196023255681289,-0.014423831478879899
temporal,test,full:minus_intent,relevance_grade,1,query_intent,Comparative Treatment Choice,5,5,0,0.0,0.0,0.0,0.0,0.0,0.0666666666666666,0.0,0.0,0.0,0.0,0.04,0.0,0.0,0.0,0.0,0.02,0.0,0.0,0.0,0.0,0.03,0.0,0.0,0.0,0.0,0.0,0.0
temporal,test,full:minus_intent,relevance_grade,1,query_intent,Dosing / Administration,29,22,7,0.0689655172413793,0.0,0.0,0.0,0.0,0.0229885057471264,0.0,0.0,0.0,0.0,0.0344827586206896,0.0056818181818181,0.0454545454545454,0.009090909090909,0.0084334521513368,0.0310344827586206,0.0056818181818181,0.0454545454545454,0.009090909090909,0.0078901540936558,0.0293103448275862,0.0511363636363636,0.0909090909090909,0.0123376623376623,0.0195246097668292,0.0260075973587836,-0.0181174432651278
temporal,test,full:minus_intent,relevance_grade,1,query_intent,Efficacy / Outcomes,6,1,5,0.0,0.0,0.0,0.0,0.0,0.0,0.0,0.0,0.0,0.0,0.0,0.0,0.0,0.0,0.0,0.0166666666666666,0.0,0.0,0.0,0.0,0.0166666666666666,0.0,0.0,0.0,0.0,0.0,0.0
temporal,test,full:minus_intent,relevance_grade,1,query_intent,Guideline / Evidence Lookup,17,12,5,0.0,0.0,0.0,0.0,0.0,0.0,0.0,0.0,0.0,0.0,0.0117647058823529,0.0,0.0,0.0,0.0,0.0294117647058823,0.0,0.0,0.0,0.0,0.0176470588235294,0.0,0.0,0.0,0.0,0.0,0.0
temporal,test,full:minus_intent,relevance_grade,1,query_intent,Interaction / Combination,6,6,0,0.0,0.0,0.0,0.0,0.0,0.0,0.0,0.0,0.0,0.0,0.0333333333333333,0.0185185185185185,0.1666666666666666,0.0333333333333333,0.0041951371971615,0.0166666666666666,0.0185185185185185,0.1666666666666666,0.0333333333333333,0.0038665642218393,0.0416666666666666,0.2037037037037037,0.3333333333333333,0.0472222222222222,0.0560969784139266,0.0680896622715764,-0.0642230980497371
temporal,test,full:minus_intent,relevance_grade,1,query_intent,Management / Treatment Selection,17,13,4,0.1176470588235294,0.0128205128205128,0.0769230769230769,0.0769230769230769,0.0109890109890109,0.0980392156862745,0.0128205128205128,0.0769230769230769,0.0769230769230769,0.0051569090771731,0.0823529411764705,0.0282051282051282,0.1538461538461538,0.0923076923076923,0.0118240397455213,0.0529411764705882,0.0282051282051282,0.1538461538461538,0.0923076923076923,0.0117350400708285,0.0441176470588235,0.0589743589743589,0.3076923076923077,0.1018507807981492,0.0175071960322198,0.0185074176269021,-0.006772377556073602
temporal,test,full:minus_intent,relevance_grade,1,query_intent,Mechanism / Background Knowledge,7,7,0,0.0,0.0,0.0,0.0,0.0,0.0,0.0,0.0,0.0,0.0,0.0571428571428571,0.0,0.0,0.0,0.0,0.0571428571428571,0.0,0.0,0.0,0.0,0.0357142857142857,0.0,0.0,0.0,0.0,0.0,0.0
temporal,test,full:minus_intent,relevance_grade,1,query_intent,Monitoring / Response / Risk Assessment,9,9,0,0.0,0.0,0.0,0.0,0.0,0.0,0.0,0.0,0.0,0.0,0.0,0.0,0.0,0.0,0.0,0.0222222222222222,0.1111111111111111,0.1111111111111111,0.0185185185185185,0.0395785763453358,0.0166666666666666,0.1111111111111111,0.1111111111111111,0.0185185185185185,0.0395785763453358,0.0504137529452839,-0.0108351765999481
temporal,test,full:minus_intent,relevance_grade,1,query_intent,Prophylaxis / Maintenance,8,6,2,0.0,0.0,0.0,0.0,0.0,0.0,0.0,0.0,0.0,0.0,0.0,0.0,0.0,0.0,0.0,0.0,0.0,0.0,0.0,0.0,0.01875,0.0,0.0,0.0,0.0,0.0,0.0
temporal,test,full:minus_intent,relevance_grade,1,query_intent,Safety / Contraindication,19,15,4,0.0,0.0,0.0,0.0,0.0,0.0175438596491228,0.0,0.0,0.0,0.0,0.031578947368421,0.0111111111111111,0.0666666666666666,0.0133333333333333,0.0035768443097495,0.031578947368421,0.0111111111111111,0.0666666666666666,0.0133333333333333,0.003408458225863,0.0342105263157894,0.0111111111111111,0.0666666666666666,0.0133333333333333,0.003408458225863,0.0088107366991306,-0.0054022784732676
temporal,test,full:minus_intent,relevance_grade,1,query_intent,Treatment Change / Escalation,16,14,2,0.0625,0.0,0.0,0.0,0.0,0.0416666666666666,0.0357142857142857,0.0714285714285714,0.0238095238095238,0.0327614075968913,0.0375,0.0357142857142857,0.0714285714285714,0.0238095238095238,0.0327614075968913,0.0375,0.0357142857142857,0.0714285714285714,0.0238095238095238,0.0327614075968913,0.040625,0.0357142857142857,0.0714285714285714,0.0238095238095238,0.0327614075968913,0.023339697691576,0.009421709905315299
temporal,test,full:minus_intent,relevance_grade,1,has_context,False,73,59,14,0.0410958904109589,0.0028248587570621,0.0169491525423728,0.0169491525423728,0.0024213075060532,0.0365296803652968,0.0112994350282485,0.0338983050847457,0.0225988700564971,0.0089101614298259,0.0383561643835616,0.01939736346516,0.0847457627118644,0.0327683615819209,0.011715181540296,0.0356164383561643,0.0363465160075329,0.1016949152542373,0.035593220338983,0.0176567571712585,0.034931506849315,0.0619585687382297,0.1525423728813559,0.0391083641306656,0.0242401556907604,0.0264707626687418,-0.0088140054974833
temporal,test,full:minus_intent,relevance_grade,1,has_context,True,66,51,15,0.0303030303030303,0.0,0.0,0.0,0.0,0.0151515151515151,0.0,0.0,0.0,0.0,0.0272727272727272,0.0024509803921568,0.0196078431372549,0.0039215686274509,0.003637959751557,0.0272727272727272,0.0024509803921568,0.0196078431372549,0.0039215686274509,0.0034035958835378,0.0257575757575757,0.0220588235294117,0.0392156862745098,0.0053221288515406,0.0084223806837302,0.0112189635665341,-0.007815367682996299
temporal,test,full:minus_intent,relevance_grade,1,multiple_entity_dimensions,True,139,110,29,0.0359712230215827,0.0015151515151515,0.009090909090909,0.009090909090909,0.0012987012987012,0.026378896882494,0.006060606060606,0.0181818181818181,0.0121212121212121,0.0047790865850884,0.0330935251798561,0.011540404040404,0.0545454545454545,0.0193939393939393,0.0079702878018807,0.0316546762589928,0.0206313131313131,0.0636363636363636,0.0209090909090909,0.0110484733014971,0.0305755395683453,0.0434595959595959,0.1,0.0234438368648894,0.0169064600056828,0.0193994739940818,-0.0083510006925847
query,validation,full:minus_bm25,relevance_grade,1,query_language,EN,43,28,15,0.0,0.0,0.0,0.0,0.0,0.0077519379844961,0.0,0.0,0.0,0.0,0.0186046511627906,0.0071428571428571,0.0357142857142857,0.0071428571428571,0.0022247122118752,0.0441860465116279,0.0211734693877551,0.1428571428571428,0.0206774376417233,0.0100543105509308,0.0372093023255813,0.0613520408163265,0.1785714285714285,0.0227782779778578,0.0201848979376035,0.0228469760350505,-0.012792665484119699
query,validation,full:minus_bm25,relevance_grade,1,query_language,ID,16,9,7,0.0,0.0,0.0,0.0,0.0,0.0208333333333333,0.0,0.0,0.0,0.0,0.025,0.0,0.0,0.0,0.0,0.025,0.0,0.0,0.0,0.0,0.040625,0.0138888888888888,0.1111111111111111,0.0079365079365079,0.0052106272949411,0.0,0.0
query,validation,full:minus_bm25,relevance_grade,1,query_language,MIXED,41,33,8,0.0,0.0,0.0,0.0,0.0,0.024390243902439,0.0,0.0,0.0,0.0,0.0439024390243902,0.005050505050505,0.0303030303030303,0.006060606060606,0.0043570202239011,0.0390243902439024,0.0414141414141414,0.0909090909090909,0.0121212121212121,0.0169220247197486,0.0378048780487804,0.0525252525252525,0.1212121212121212,0.0140151515151515,0.0184564761460626,0.0069854071846703,0.0099366175350783
query,validation,full:minus_bm25,relevance_grade,1,query_intent,Comparative Treatment Choice,2,1,1,0.0,0.0,0.0,0.0,0.0,0.0,0.0,0.0,0.0,0.0,0.0,0.0,0.0,0.0,0.0,0.0,0.0,0.0,0.0,0.0,0.0,0.0,0.0,0.0,0.0,0.0,0.0
query,validation,full:minus_bm25,relevance_grade,1,query_intent,Dosing / Administration,21,14,7,0.0,0.0,0.0,0.0,0.0,0.0,0.0,0.0,0.0,0.0,0.0095238095238095,0.0142857142857142,0.0714285714285714,0.0142857142857142,0.0044494244237504,0.0238095238095238,0.0142857142857142,0.0714285714285714,0.0142857142857142,0.0044494244237504,0.0333333333333333,0.0142857142857142,0.0714285714285714,0.0142857142857142,0.0044494244237504,0.0044494244237504,0.0
query,validation,full:minus_bm25,relevance_grade,1,query_intent,Efficacy / Outcomes,3,1,2,0.0,0.0,0.0,0.0,0.0,0.0,0.0,0.0,0.0,0.0,0.0,0.0,0.0,0.0,0.0,0.0,0.0,0.0,0.0,0.0,0.0,0.0,0.0,0.0,0.0,0.0,0.0
query,validation,full:minus_bm25,relevance_grade,1,query_intent,Guideline / Evidence Lookup,11,9,2,0.0,0.0,0.0,0.0,0.0,0.0303030303030303,0.0,0.0,0.0,0.0,0.0545454545454545,0.0,0.0,0.0,0.0,0.0545454545454545,0.0,0.0,0.0,0.0,0.0545454545454545,0.0222222222222222,0.1111111111111111,0.0069444444444444,0.0022518333955133,0.0032786325863284,-0.0032786325863284
query,validation,full:minus_bm25,relevance_grade,1,query_intent,Interaction / Combination,3,2,1,0.0,0.0,0.0,0.0,0.0,0.0,0.0,0.0,0.0,0.0,0.0,0.0,0.0,0.0,0.0,0.0,0.0,0.0,0.0,0.0,0.0166666666666666,0.5,0.5,0.0294117647058823,0.1199062332840657,0.1666666666666666,-0.1666666666666666
query,validation,full:minus_bm25,relevance_grade,1,query_intent,Management / Treatment Selection,11,8,3,0.0,0.0,0.0,0.0,0.0,0.0,0.0,0.0,0.0,0.0,0.0,0.0,0.0,0.0,0.0,0.0272727272727272,0.015625,0.125,0.0178571428571428,0.0080126170366832,0.0272727272727272,0.015625,0.125,0.0178571428571428,0.0080126170366832,0.0,0.0080126170366832
query,validation,full:minus_bm25,relevance_grade,1,query_intent,Mechanism / Background Knowledge,5,3,2,0.0,0.0,0.0,0.0,0.0,0.0,0.0,0.0,0.0,0.0,0.08,0.0,0.0,0.0,0.0,0.1,0.3333333333333333,0.3333333333333333,0.0333333333333333,0.0963549421059626,0.06,0.3333333333333333,0.3333333333333333,0.0333333333333333,0.0963549421059626,0.0,0.0963549421059626
query,validation,full:minus_bm25,relevance_grade,1,query_intent,Monitoring / Response / Risk Assessment,11,9,2,0.0,0.0,0.0,0.0,0.0,0.0,0.0,0.0,0.0,0.0,0.0,0.0,0.0,0.0,0.0,0.0545454545454545,0.0380952380952381,0.2222222222222222,0.025,0.0195980056716542,0.0454545454545454,0.0380952380952381,0.2222222222222222,0.025,0.0195980056716542,0.021611086807979,-0.002013081136324802
query,validation,full:minus_bm25,relevance_grade,1,query_intent,Prophylaxis / Maintenance,7,6,1,0.0,0.0,0.0,0.0,0.0,0.0,0.0,0.0,0.0,0.0,0.0285714285714285,0.0,0.0,0.0,0.0,0.0428571428571428,0.0,0.0,0.0,0.0,0.0428571428571428,0.0,0.0,0.0,0.0,0.0,0.0
query,validation,full:minus_bm25,relevance_grade,1,query_intent,Safety / Contraindication,15,9,6,0.0,0.0,0.0,0.0,0.0,0.0666666666666666,0.0,0.0,0.0,0.0,0.0533333333333333,0.0,0.0,0.0,0.0,0.0466666666666666,0.0138888888888888,0.1111111111111111,0.0123456790123456,0.0122670077307753,0.0366666666666666,0.0277777777777777,0.1111111111111111,0.0123456790123456,0.0171385610928535,0.011779425672566,0.0004875820582092988
query,validation,full:minus_bm25,relevance_grade,1,query_intent,Treatment Change / Escalation,11,8,3,0.0,0.0,0.0,0.0,0.0,0.0303030303030303,0.0,0.0,0.0,0.0,0.0727272727272727,0.0208333333333333,0.125,0.025,0.0179727084235921,0.0363636363636363,0.0208333333333333,0.125,0.025,0.0172130857515054,0.0454545454545454,0.0572916666666666,0.25,0.0339285714285714,0.0268713410219069,0.0180732731509793,-0.0008601873994739002
query,validation,full:minus_bm25,relevance_grade,1,has_context,False,51,34,17,0.0,0.0,0.0,0.0,0.0,0.0130718954248366,0.0,0.0,0.0,0.0,0.0274509803921568,0.0049019607843137,0.0294117647058823,0.0058823529411764,0.0042288725702569,0.0392156862745098,0.0443977591036414,0.1176470588235294,0.0154411764705882,0.0177397518639652,0.034313725490196,0.0787114845938375,0.1470588235294117,0.0171712802768166,0.0256863066603439,0.0197770382297935,-0.002037286365828301
query,validation,full:minus_bm25,relevance_grade,1,has_context,True,49,36,13,0.0,0.0,0.0,0.0,0.0,0.0204081632653061,0.0,0.0,0.0,0.0,0.0326530612244897,0.0055555555555555,0.0277777777777777,0.0055555555555555,0.0017303317203473,0.0387755102040816,0.0125,0.0833333333333333,0.0126102292768959,0.0065776652167485,0.0418367346938775,0.025,0.1388888888888889,0.016330467372134,0.0096611687298817,0.005494846285071,0.0010828189316775
query,validation,full:minus_bm25,relevance_grade,1,multiple_entity_dimensions,True,100,70,30,0.0,0.0,0.0,0.0,0.0,0.0166666666666666,0.0,0.0,0.0,0.0,0.03,0.0052380952380952,0.0285714285714285,0.0057142857142857,0.0029439087045891,0.039,0.0279931972789115,0.1,0.013985260770975,0.0119992501596824,0.0379999999999999,0.0510884353741496,0.1428571428571428,0.0167388622115512,0.0174448071532491,0.0124319109439362,-0.0004326607842537987
query,validation,full:minus_dense,relevance_grade,1,query_language,EN,43,28,15,0.0232558139534883,0.0,0.0,0.0,0.0,0.0077519379844961,0.0,0.0,0.0,0.0,0.013953488372093,0.0,0.0,0.0,0.0,0.0348837209302325,0.0524234693877551,0.1428571428571428,0.0189909297052154,0.0213571105909266,0.0372093023255813,0.0798469387755102,0.2142857142857142,0.0242892028606314,0.0252857551503996,0.0228469760350505,-0.0014898654441238973
query,validation,full:minus_dense,relevance_grade,1,query_language,ID,16,9,7,0.0,0.0,0.0,0.0,0.0,0.0625,0.0,0.0,0.0,0.0,0.05,0.0,0.0,0.0,0.0,0.0375,0.0,0.0,0.0,0.0,0.04375,0.0138888888888888,0.1111111111111111,0.0079365079365079,0.0052106272949411,0.0,0.0
query,validation,full:minus_dense,relevance_grade,1,query_language,MIXED,41,33,8,0.0,0.0,0.0,0.0,0.0,0.040650406504065,0.0,0.0,0.0,0.0,0.048780487804878,0.0,0.0,0.0,0.0,0.0512195121951219,0.0222222222222222,0.0909090909090909,0.0124458874458874,0.0071898386434738,0.0512195121951219,0.0299182299182299,0.1515151515151515,0.0155559352927773,0.0108991345330238,0.0069854071846703,0.0002044314588035001
query,validation,full:minus_dense,relevance_grade,1,query_intent,Comparative Treatment Choice,2,1,1,0.0,0.0,0.0,0.0,0.0,0.0,0.0,0.0,0.0,0.0,0.0,0.0,0.0,0.0,0.0,0.0,0.0,0.0,0.0,0.0,0.0,0.0,0.0,0.0,0.0,0.0,0.0
query,validation,full:minus_dense,relevance_grade,1,query_intent,Dosing / Administration,21,14,7,0.0,0.0,0.0,0.0,0.0,0.0,0.0,0.0,0.0,0.0,0.0095238095238095,0.0,0.0,0.0,0.0,0.019047619047619,0.0142857142857142,0.0714285714285714,0.0119047619047619,0.0040969509037915,0.0404761904761904,0.0244897959183673,0.1428571428571428,0.0156641604010025,0.0077601460651788,0.0044494244237504,-0.00035247351995889957
query,validation,full:minus_dense,relevance_grade,1,query_intent,Efficacy / Outcomes,3,1,2,0.0,0.0,0.0,0.0,0.0,0.0,0.0,0.0,0.0,0.0,0.0,0.0,0.0,0.0,0.0,0.0333333333333333,0.0,0.0,0.0,0.0,0.0333333333333333,0.0,0.0,0.0,0.0,0.0,0.0
query,validation,full:minus_dense,relevance_grade,1,query_intent,Guideline / Evidence Lookup,11,9,2,0.0,0.0,0.0,0.0,0.0,0.0606060606060606,0.0,0.0,0.0,0.0,0.0545454545454545,0.0,0.0,0.0,0.0,0.0636363636363636,0.0222222222222222,0.1111111111111111,0.0158730158730158,0.0030680951096158,0.0590909090909091,0.0345679012345679,0.2222222222222222,0.0214285714285714,0.0109705431202525,0.0032786325863284,-0.00021053747671260017
query,validation,full:minus_dense,relevance_grade,1,query_intent,Interaction / Combination,3,2,1,0.0,0.0,0.0,0.0,0.0,0.0,0.0,0.0,0.0,0.0,0.0,0.0,0.0,0.0,0.0,0.0333333333333333,0.5,0.5,0.0555555555555555,0.1505149978319906,0.0333333333333333,0.5,0.5,0.0555555555555555,0.1505149978319906,0.1666666666666666,-0.016151668834676003
query,validation,full:minus_dense,relevance_grade,1,query_intent,Management / Treatment Selection,11,8,3,0.0,0.0,0.0,0.0,0.0,0.0303030303030303,0.0,0.0,0.0,0.0,0.0181818181818181,0.0,0.0,0.0,0.0,0.009090909090909,0.0,0.0,0.0,0.0,0.0181818181818181,0.0,0.0,0.0,0.0,0.0,0.0
query,validation,full:minus_dense,relevance_grade,1,query_intent,Mechanism / Background Knowledge,5,3,2,0.0,0.0,0.0,0.0,0.0,0.0,0.0,0.0,0.0,0.0,0.04,0.0,0.0,0.0,0.0,0.08,0.0,0.0,0.0,0.0,0.06,0.1666666666666666,0.3333333333333333,0.0256410256410256,0.0114730246299833,0.0,0.0
query,validation,full:minus_dense,relevance_grade,1,query_intent,Monitoring / Response / Risk Assessment,11,9,2,0.0,0.0,0.0,0.0,0.0,0.0,0.0,0.0,0.0,0.0,0.0181818181818181,0.0,0.0,0.0,0.0,0.0454545454545454,0.0380952380952381,0.2222222222222222,0.0317460317460317,0.021586039188018,0.0454545454545454,0.0539682539682539,0.3333333333333333,0.0396825396825396,0.0256180633544448,0.021611086807979,-2.5047619961002937e-05
query,validation,full:minus_dense,relevance_grade,1,query_intent,Prophylaxis / Maintenance,7,6,1,0.0,0.0,0.0,0.0,0.0,0.0,0.0,0.0,0.0,0.0,0.0285714285714285,0.0,0.0,0.0,0.0,0.0285714285714285,0.0,0.0,0.0,0.0,0.0428571428571428,0.0,0.0,0.0,0.0,0.0,0.0
query,validation,full:minus_dense,relevance_grade,1,query_intent,Safety / Contraindication,15,9,6,0.0666666666666666,0.0,0.0,0.0,0.0,0.0666666666666666,0.0,0.0,0.0,0.0,0.04,0.0,0.0,0.0,0.0,0.0533333333333333,0.0138888888888888,0.1111111111111111,0.0123456790123456,0.0122670077307753,0.0433333333333333,0.0277777777777777,0.1111111111111111,0.0123456790123456,0.0166330917616034,0.011779425672566,0.0004875820582092988
query,validation,full:minus_dense,relevance_grade,1,query_intent,Treatment Change / Escalation,11,8,3,0.0,0.0,0.0,0.0,0.0,0.0909090909090909,0.0,0.0,0.0,0.0,0.1090909090909091,0.0,0.0,0.0,0.0,0.0818181818181818,0.0416666666666666,0.125,0.015625,0.0180732731509793,0.0681818181818181,0.0572916666666666,0.25,0.0245535714285714,0.0239352288577881,0.0180732731509793,0.0
query,validation,full:minus_dense,relevance_grade,1,has_context,False,51,34,17,0.0,0.0,0.0,0.0,0.0,0.0130718954248366,0.0,0.0,0.0,0.0,0.0274509803921568,0.0,0.0,0.0,0.0,0.0431372549019607,0.0492997198879551,0.1176470588235294,0.0153478057889822,0.0188203098107052,0.0411764705882352,0.0682072829131652,0.1764705882352941,0.0197110895640307,0.0208999360279932,0.0197770382297935,-0.0009567284190882992
query,validation,full:minus_dense,relevance_grade,1,has_context,True,49,36,13,0.0204081632653061,0.0,0.0,0.0,0.0,0.0476190476190476,0.0,0.0,0.0,0.0,0.0408163265306122,0.0,0.0,0.0,0.0,0.0408163265306122,0.0145833333333333,0.0833333333333333,0.01168430335097,0.0054270343949056,0.046938775510204,0.0285824514991181,0.1666666666666666,0.0165193075280794,0.0112214001251021,0.005494846285071,-6.781189016539981e-05
query,validation,full:minus_dense,relevance_grade,1,multiple_entity_dimensions,True,100,70,30,0.01,0.0,0.0,0.0,0.0,0.03,0.0,0.0,0.0,0.0,0.034,0.0,0.0,0.0,0.0,0.0419999999999999,0.0314455782312925,0.1,0.0134637188208616,0.0119323395968654,0.044,0.047828798185941,0.1714285714285714,0.0180696016598272,0.0159224032779349,0.0124319109439362,-0.0004995713470707999
query,validation,full:minus_entities,relevance_grade,1,query_language,EN,43,28,15,0.0232558139534883,0.0,0.0,0.0,0.0,0.0077519379844961,0.0,0.0,0.0,0.0,0.0372093023255813,0.0428571428571428,0.0714285714285714,0.0178571428571428,0.0178580393803672,0.0395348837209302,0.0702806122448979,0.1785714285714285,0.0289682539682539,0.028654958082269,0.0395348837209302,0.0843112244897959,0.25,0.0329861111111111,0.0334191519190524,0.0228469760350505,0.0058079820472185
query,validation,full:minus_entities,relevance_grade,1,query_language,ID,16,9,7,0.0,0.0,0.0,0.0,0.0,0.0,0.0,0.0,0.0,0.0,0.0375,0.0,0.0,0.0,0.0,0.01875,0.0,0.0,0.0,0.0,0.03125,0.0138888888888888,0.1111111111111111,0.0092592592592592,0.0055013329026889,0.0,0.0
query,validation,full:minus_entities,relevance_grade,1,query_language,MIXED,41,33,8,0.0,0.0,0.0,0.0,0.0,0.032520325203252,0.006060606060606,0.0303030303030303,0.0101010101010101,0.001457887268896,0.0390243902439024,0.0121212121212121,0.0606060606060606,0.0161616161616161,0.0035433864705673,0.0390243902439024,0.0171717171717171,0.0909090909090909,0.0212121212121212,0.0073856903084621,0.0451219512195122,0.0435545935545935,0.2121212121212121,0.0287531182268024,0.0165457986712582,0.0069854071846703,0.00040028312379180014
query,validation,full:minus_entities,relevance_grade,1,query_intent,Comparative Treatment Choice,2,1,1,0.0,0.0,0.0,0.0,0.0,0.0,0.0,0.0,0.0,0.0,0.0,0.0,0.0,0.0,0.0,0.0,0.0,0.0,0.0,0.0,0.0,0.0,0.0,0.0,0.0,0.0,0.0
query,validation,full:minus_entities,relevance_grade,1,query_intent,Dosing / Administration,21,14,7,0.0,0.0,0.0,0.0,0.0,0.0,0.0,0.0,0.0,0.0,0.0285714285714285,0.0142857142857142,0.0714285714285714,0.0178571428571428,0.0049534674697777,0.0238095238095238,0.0142857142857142,0.0714285714285714,0.0178571428571428,0.0049534674697777,0.0380952380952381,0.0244897959183673,0.1428571428571428,0.0226190476190476,0.0089114839910415,0.0044494244237504,0.0005040430460273
query,validation,full:minus_entities,relevance_grade,1,query_intent,Efficacy / Outcomes,3,1,2,0.0,0.0,0.0,0.0,0.0,0.0,0.0,0.0,0.0,0.0,0.0666666666666666,0.0,0.0,0.0,0.0,0.0333333333333333,0.0,0.0,0.0,0.0,0.0333333333333333,0.0,0.0,0.0,0.0,0.0,0.0
query,validation,full:minus_entities,relevance_grade,1,query_intent,Guideline / Evidence Lookup,11,9,2,0.0,0.0,0.0,0.0,0.0,0.0606060606060606,0.0222222222222222,0.1111111111111111,0.037037037037037,0.0053455866526188,0.0545454545454545,0.0222222222222222,0.1111111111111111,0.037037037037037,0.0046021426644237,0.0454545454545454,0.0222222222222222,0.1111111111111111,0.037037037037037,0.0046021426644237,0.0590909090909091,0.0345679012345679,0.2222222222222222,0.0428849902534113,0.0126332943443379,0.0032786325863284,0.0013235100780953002
query,validation,full:minus_entities,relevance_grade,1,query_intent,Interaction / Combination,3,2,1,0.0,0.0,0.0,0.0,0.0,0.0,0.0,0.0,0.0,0.0,0.0666666666666666,0.5,0.5,0.125,0.2153382790366965,0.0666666666666666,0.5,0.5,0.125,0.2153382790366965,0.05,0.5,0.5,0.125,0.2153382790366965,0.1666666666666666,0.0486716123700299
query,validation,full:minus_entities,relevance_grade,1,query_intent,Management / Treatment Selection,11,8,3,0.0,0.0,0.0,0.0,0.0,0.0,0.0,0.0,0.0,0.0,0.0181818181818181,0.0,0.0,0.0,0.0,0.009090909090909,0.0,0.0,0.0,0.0,0.0136363636363636,0.0,0.0,0.0,0.0,0.0,0.0
query,validation,full:minus_entities,relevance_grade,1,query_intent,Mechanism / Background Knowledge,5,3,2,0.0,0.0,0.0,0.0,0.0,0.0,0.0,0.0,0.0,0.0,0.08,0.0,0.0,0.0,0.0,0.08,0.0,0.0,0.0,0.0,0.05,0.0,0.0,0.0,0.0,0.0,0.0
query,validation,full:minus_entities,relevance_grade,1,query_intent,Monitoring / Response / Risk Assessment,11,9,2,0.0,0.0,0.0,0.0,0.0,0.0,0.0,0.0,0.0,0.0,0.0363636363636363,0.0222222222222222,0.1111111111111111,0.0222222222222222,0.008390274394323,0.0454545454545454,0.0936507936507936,0.3333333333333333,0.045679012345679,0.0302012624610071,0.05,0.1317460317460317,0.4444444444444444,0.0512345679012345,0.0500911845388113,0.021611086807979,0.008590175653028099
query,validation,full:minus_entities,relevance_grade,1,query_intent,Prophylaxis / Maintenance,7,6,1,0.0,0.0,0.0,0.0,0.0,0.0,0.0,0.0,0.0,0.0,0.0,0.0,0.0,0.0,0.0,0.0142857142857142,0.0,0.0,0.0,0.0,0.0285714285714285,0.0694444444444444,0.3333333333333333,0.0215924426450742,0.0118160693283928,0.0,0.0
query,validation,full:minus_entities,relevance_grade,1,query_intent,Safety / Contraindication,15,9,6,0.0666666666666666,0.0,0.0,0.0,0.0,0.0444444444444444,0.0,0.0,0.0,0.0,0.0666666666666666,0.0,0.0,0.0,0.0,0.0666666666666666,0.0138888888888888,0.1111111111111111,0.0111111111111111,0.011779425672566,0.0433333333333333,0.0416666666666666,0.2222222222222222,0.0180555555555555,0.0182330581519762,0.011779425672566,0.0
query,validation,full:minus_entities,relevance_grade,1,query_intent,Treatment Change / Escalation,11,8,3,0.0,0.0,0.0,0.0,0.0,0.0303030303030303,0.0,0.0,0.0,0.0,0.0181818181818181,0.0,0.0,0.0,0.0,0.0181818181818181,0.0208333333333333,0.125,0.0208333333333333,0.0158495033313163,0.05,0.0364583333333333,0.25,0.03125,0.0220385028468413,0.0180732731509793,-0.0022237698196629976
query,validation,full:minus_entities,relevance_grade,1,has_context,False,51,34,17,0.0,0.0,0.0,0.0,0.0,0.0065359477124183,0.0,0.0,0.0,0.0,0.0431372549019607,0.0352941176470588,0.0588235294117647,0.013235294117647,0.0148879125771264,0.0411764705882352,0.0591036414565826,0.1470588235294117,0.0243464052287581,0.0243907043197937,0.0362745098039215,0.0851190476190476,0.2647058823529412,0.031465659813183,0.0322349810586936,0.0197770382297935,0.004613666090000201
query,validation,full:minus_entities,relevance_grade,1,has_context,True,49,36,13,0.0204081632653061,0.0,0.0,0.0,0.0,0.0272108843537414,0.0055555555555555,0.0277777777777777,0.0092592592592592,0.0013363966631547,0.0326530612244898,0.0111111111111111,0.0555555555555555,0.0162037037037037,0.003076884126575,0.0306122448979591,0.0145833333333333,0.0833333333333333,0.0189814814814814,0.0060217405447166,0.0448979591836734,0.0285824514991181,0.1666666666666666,0.0246101364522417,0.0120908402781558,0.005494846285071,0.0005268942596456001
query,validation,full:minus_entities,relevance_grade,1,multiple_entity_dimensions,True,100,70,30,0.01,0.0,0.0,0.0,0.0,0.0166666666666666,0.0028571428571428,0.0142857142857142,0.0047619047619047,0.0006872897124795,0.038,0.0228571428571428,0.0571428571428571,0.0147619047619047,0.0088136693739857,0.036,0.0362074829931972,0.1142857142857142,0.0215873015873015,0.0149438086640397,0.0405,0.0560430839002267,0.2142857142857142,0.0279399620846989,0.0218751372287027,0.0124319109439362,0.0025118977201035
query,validation,full:minus_context,relevance_grade,1,query_language,EN,43,28,15,0.0,0.0,0.0,0.0,0.0,0.0077519379844961,0.0,0.0,0.0,0.0,0.027906976744186,0.0059523809523809,0.0357142857142857,0.0089285714285714,0.0035922585732827,0.0325581395348837,0.0539115646258503,0.1428571428571428,0.0239512471655328,0.0218835487339504,0.0360465116279069,0.0634778911564625,0.2142857142857142,0.0279317867497876,0.0261962241948847,0.0228469760350505,-0.000963427301100099
query,validation,full:minus_context,relevance_grade,1,query_language,ID,16,9,7,0.0,0.0,0.0,0.0,0.0,0.0416666666666666,0.0,0.0,0.0,0.0,0.0375,0.0,0.0,0.0,0.0,0.04375,0.0,0.0,0.0,0.0,0.04375,0.0,0.0,0.0,0.0,0.0,0.0
query,validation,full:minus_context,relevance_grade,1,query_language,MIXED,41,33,8,0.024390243902439,0.0,0.0,0.0,0.0,0.040650406504065,0.0,0.0,0.0,0.0,0.0536585365853658,0.0151515151515151,0.0303030303030303,0.006060606060606,0.0032285979448954,0.0609756097560975,0.0373737373737373,0.1212121212121212,0.0172077922077922,0.0101565858177351,0.0451219512195121,0.0373737373737373,0.1212121212121212,0.0172077922077922,0.0101565858177351,0.0069854071846703,0.0031711786330647996
query,validation,full:minus_context,relevance_grade,1,query_intent,Comparative Treatment Choice,2,1,1,0.0,0.0,0.0,0.0,0.0,0.0,0.0,0.0,0.0,0.0,0.0,0.0,0.0,0.0,0.0,0.05,0.0,0.0,0.0,0.0,0.025,0.0,0.0,0.0,0.0,0.0,0.0
query,validation,full:minus_context,relevance_grade,1,query_intent,Dosing / Administration,21,14,7,0.0476190476190476,0.0,0.0,0.0,0.0,0.0317460317460317,0.0,0.0,0.0,0.0,0.0476190476190476,0.0476190476190476,0.1428571428571428,0.0321428571428571,0.0147947837309618,0.0428571428571428,0.0619047619047619,0.2142857142857142,0.040079365079365,0.0177053243383107,0.0357142857142857,0.0619047619047619,0.2142857142857142,0.040079365079365,0.0177053243383107,0.0044494244237504,0.0132558999145603
query,validation,full:minus_context,relevance_grade,1,query_intent,Efficacy / Outcomes,3,1,2,0.0,0.0,0.0,0.0,0.0,0.0,0.0,0.0,0.0,0.0,0.0,0.0,0.0,0.0,0.0,0.0333333333333333,0.0,0.0,0.0,0.0,0.0166666666666666,0.0,0.0,0.0,0.0,0.0,0.0
query,validation,full:minus_context,relevance_grade,1,query_intent,Guideline / Evidence Lookup,11,9,2,0.0,0.0,0.0,0.0,0.0,0.0,0.0,0.0,0.0,0.0,0.0363636363636363,0.0,0.0,0.0,0.0,0.0818181818181818,0.0222222222222222,0.1111111111111111,0.0158730158730158,0.0030680951096158,0.0681818181818181,0.0222222222222222,0.1111111111111111,0.0158730158730158,0.0030680951096158,0.0032786325863284,-0.00021053747671260017
query,validation,full:minus_context,relevance_grade,1,query_intent,Interaction / Combination,3,2,1,0.0,0.0,0.0,0.0,0.0,0.0,0.0,0.0,0.0,0.0,0.0,0.0,0.0,0.0,0.0,0.0333333333333333,0.5,0.5,0.0714285714285714,0.1666666666666666,0.0333333333333333,0.5,0.5,0.0714285714285714,0.1666666666666666,0.1666666666666666,0.0
query,validation,full:minus_context,relevance_grade,1,query_intent,Management / Treatment Selection,11,8,3,0.0,0.0,0.0,0.0,0.0,0.0303030303030303,0.0,0.0,0.0,0.0,0.0181818181818181,0.0,0.0,0.0,0.0,0.0181818181818181,0.0,0.0,0.0,0.0,0.0181818181818181,0.0,0.0,0.0,0.0,0.0,0.0
query,validation,full:minus_context,relevance_grade,1,query_intent,Mechanism / Background Knowledge,5,3,2,0.0,0.0,0.0,0.0,0.0,0.0,0.0,0.0,0.0,0.0,0.04,0.0,0.0,0.0,0.0,0.06,0.0,0.0,0.0,0.0,0.07,0.0,0.0,0.0,0.0,0.0,0.0
query,validation,full:minus_context,relevance_grade,1,query_intent,Monitoring / Response / Risk Assessment,11,9,2,0.0,0.0,0.0,0.0,0.0,0.0,0.0,0.0,0.0,0.0,0.0181818181818181,0.0,0.0,0.0,0.0,0.0272727272727272,0.0380952380952381,0.2222222222222222,0.0296296296296296,0.021611086807979,0.0409090909090909,0.0539682539682539,0.3333333333333333,0.0354775828460039,0.0252559131334594,0.021611086807979,0.0
query,validation,full:minus_context,relevance_grade,1,query_intent,Prophylaxis / Maintenance,7,6,1,0.0,0.0,0.0,0.0,0.0,0.0,0.0,0.0,0.0,0.0,0.0,0.0,0.0,0.0,0.0,0.0142857142857142,0.0,0.0,0.0,0.0,0.0357142857142857,0.0,0.0,0.0,0.0,0.0,0.0
query,validation,full:minus_context,relevance_grade,1,query_intent,Safety / Contraindication,15,9,6,0.0,0.0,0.0,0.0,0.0,0.0444444444444444,0.0,0.0,0.0,0.0,0.0533333333333333,0.0,0.0,0.0,0.0,0.0466666666666666,0.0,0.0,0.0,0.0,0.04,0.0138888888888888,0.1111111111111111,0.0065359477124183,0.0097723862196485,0.011779425672566,-0.011779425672566
query,validation,full:minus_context,relevance_grade,1,query_intent,Treatment Change / Escalation,11,8,3,0.0,0.0,0.0,0.0,0.0,0.0909090909090909,0.0,0.0,0.0,0.0,0.109090909090909,0.0,0.0,0.0,0.0,0.0818181818181818,0.0416666666666666,0.125,0.015625,0.0180732731509793,0.05,0.0416666666666666,0.125,0.015625,0.0180732731509793,0.0180732731509793,0.0
query,validation,full:minus_context,relevance_grade,1,has_context,False,51,34,17,0.0,0.0,0.0,0.0,0.0,0.0130718954248366,0.0,0.0,0.0,0.0,0.0235294117647058,0.0,0.0,0.0,0.0,0.0392156862745098,0.0492997198879551,0.1176470588235294,0.0157212885154061,0.0197770382297935,0.038235294117647,0.053501400560224,0.1470588235294117,0.0172692761315052,0.020741845198303,0.0197770382297935,0.0
query,validation,full:minus_context,relevance_grade,1,has_context,True,49,36,13,0.0204081632653061,0.0,0.0,0.0,0.0,0.0408163265306122,0.0,0.0,0.0,0.0,0.0571428571428571,0.0185185185185185,0.0555555555555555,0.0125,0.0057535270064851,0.0530612244897959,0.0296296296296296,0.1111111111111111,0.0195546737213403,0.007652427686747,0.0438775510204081,0.0331018518518518,0.1388888888888889,0.0211886606494449,0.0100955242416591,0.005494846285071,0.002157581401676
query,validation,full:minus_context,relevance_grade,1,multiple_entity_dimensions,True,100,70,30,0.01,0.0,0.0,0.0,0.0,0.0266666666666666,0.0,0.0,0.0,0.0,0.04,0.0095238095238095,0.0285714285714285,0.0064285714285714,0.0029589567461923,0.046,0.0391836734693877,0.1142857142857142,0.0176927437641723,0.0135415242362267,0.0409999999999999,0.0430102040816326,0.1428571428571428,0.0192849595978742,0.0152665944206004,0.0124319109439362,0.0011096132922905014
query,validation,full:minus_intent,relevance_grade,1,query_language,EN,43,28,15,0.0,0.0,0.0,0.0,0.0,0.0077519379844961,0.0059523809523809,0.0357142857142857,0.0178571428571428,0.0065044729339039,0.013953488372093,0.0059523809523809,0.0357142857142857,0.0178571428571428,0.0052625636894311,0.0255813953488372,0.0181972789115646,0.1071428571428571,0.0297619047619047,0.0118381222003788,0.0302325581395348,0.0702806122448979,0.2142857142857142,0.0380856888209829,0.0277245782405386,0.0228469760350505,-0.011008853834671699
query,validation,full:minus_intent,relevance_grade,1,query_language,ID,16,9,7,0.0625,0.0,0.0,0.0,0.0,0.0833333333333333,0.0,0.0,0.0,0.0,0.075,0.0,0.0,0.0,0.0,0.05,0.0,0.0,0.0,0.0,0.05625,0.1408730158730158,0.3333333333333333,0.0201161946259985,0.0347206612312423,0.0,0.0
query,validation,full:minus_intent,relevance_grade,1,query_language,MIXED,41,33,8,0.048780487804878,0.0,0.0,0.0,0.0,0.040650406504065,0.0151515151515151,0.0303030303030303,0.0101010101010101,0.0041729023087301,0.0341463414634146,0.0202020202020202,0.0606060606060606,0.0161616161616161,0.0056252423833638,0.0512195121951219,0.0363636363636363,0.1212121212121212,0.0242784992784992,0.0135248846382597,0.0597560975609756,0.0414141414141414,0.1212121212121212,0.0242784992784992,0.016439865400809,0.0069854071846703,0.0065394774535894
query,validation,full:minus_intent,relevance_grade,1,query_intent,Comparative Treatment Choice,2,1,1,0.0,0.0,0.0,0.0,0.0,0.0,0.0,0.0,0.0,0.0,0.1,0.0,0.0,0.0,0.0,0.05,0.0,0.0,0.0,0.0,0.025,0.0,0.0,0.0,0.0,0.0,0.0
query,validation,full:minus_intent,relevance_grade,1,query_intent,Dosing / Administration,21,14,7,0.0476190476190476,0.0,0.0,0.0,0.0,0.0476190476190476,0.0476190476190476,0.1428571428571428,0.0595238095238095,0.022845072738386,0.0380952380952381,0.0476190476190476,0.1428571428571428,0.0595238095238095,0.0203612542494403,0.0380952380952381,0.0619047619047619,0.2142857142857142,0.0714285714285714,0.0236498553668729,0.0309523809523809,0.0619047619047619,0.2142857142857142,0.0714285714285714,0.0236498553668729,0.0044494244237504,0.0192004309431225
query,validation,full:minus_intent,relevance_grade,1,query_intent,Efficacy / Outcomes,3,1,2,0.0,0.0,0.0,0.0,0.0,0.0,0.0,0.0,0.0,0.0,0.0,0.0,0.0,0.0,0.0,0.0333333333333333,0.0,0.0,0.0,0.0,0.0166666666666666,0.0,0.0,0.0,0.0,0.0,0.0
query,validation,full:minus_intent,relevance_grade,1,query_intent,Guideline / Evidence Lookup,11,9,2,0.1818181818181818,0.0,0.0,0.0,0.0,0.0606060606060606,0.0,0.0,0.0,0.0,0.0363636363636363,0.0,0.0,0.0,0.0,0.0636363636363636,0.0222222222222222,0.1111111111111111,0.0158730158730158,0.0030680951096158,0.0818181818181818,0.0222222222222222,0.1111111111111111,0.0158730158730158,0.0030680951096158,0.0032786325863284,-0.00021053747671260017
query,validation,full:minus_intent,relevance_grade,1,query_intent,Interaction / Combination,3,2,1,0.0,0.0,0.0,0.0,0.0,0.0,0.0,0.0,0.0,0.0,0.0,0.0,0.0,0.0,0.0,0.0,0.0,0.0,0.0,0.0,0.0166666666666666,0.5,0.5,0.0416666666666666,0.1351190772136598,0.1666666666666666,-0.1666666666666666
query,validation,full:minus_intent,relevance_grade,1,query_intent,Management / Treatment Selection,11,8,3,0.0,0.0,0.0,0.0,0.0,0.0303030303030303,0.0,0.0,0.0,0.0,0.0363636363636363,0.0,0.0,0.0,0.0,0.0272727272727272,0.0,0.0,0.0,0.0,0.0272727272727272,0.125,0.125,0.0073529411764705,0.0299765583210164,0.0,0.0
query,validation,full:minus_intent,relevance_grade,1,query_intent,Mechanism / Background Knowledge,5,3,2,0.0,0.0,0.0,0.0,0.0,0.0,0.0,0.0,0.0,0.0,0.0,0.0,0.0,0.0,0.0,0.06,0.0,0.0,0.0,0.0,0.06,0.0,0.0,0.0,0.0,0.0,0.0
query,validation,full:minus_intent,relevance_grade,1,query_intent,Monitoring / Response / Risk Assessment,11,9,2,0.0,0.0,0.0,0.0,0.0,0.0,0.0,0.0,0.0,0.0,0.0,0.0,0.0,0.0,0.0,0.0272727272727272,0.0158730158730158,0.1111111111111111,0.0185185185185185,0.0153416914069422,0.0409090909090909,0.0529100529100529,0.2222222222222222,0.0286195286195286,0.0249673734869775,0.021611086807979,-0.0062693954010368015
query,validation,full:minus_intent,relevance_grade,1,query_intent,Prophylaxis / Maintenance,7,6,1,0.0,0.0,0.0,0.0,0.0,0.0,0.0,0.0,0.0,0.0,0.0,0.0,0.0,0.0,0.0,0.0142857142857142,0.0555555555555555,0.1666666666666666,0.0208333333333333,0.0391834998139865,0.0571428571428571,0.0793650793650793,0.3333333333333333,0.0300925925925925,0.0436617406918933,0.0,0.0391834998139865
query,validation,full:minus_intent,relevance_grade,1,query_intent,Safety / Contraindication,15,9,6,0.0,0.0,0.0,0.0,0.0,0.0222222222222222,0.0,0.0,0.0,0.0,0.0266666666666666,0.0,0.0,0.0,0.0,0.04,0.0,0.0,0.0,0.0,0.0466666666666666,0.0138888888888888,0.1111111111111111,0.0065359477124183,0.0097723862196485,0.011779425672566,-0.011779425672566
query,validation,full:minus_intent,relevance_grade,1,query_intent,Treatment Change / Escalation,11,8,3,0.0,0.0,0.0,0.0,0.0,0.0909090909090909,0.0,0.0,0.0,0.0,0.0909090909090909,0.0208333333333333,0.125,0.025,0.005990902807864,0.0636363636363636,0.0208333333333333,0.125,0.025,0.0057376952505018,0.0727272727272727,0.0572916666666666,0.25,0.0333333333333333,0.0234874958017192,0.0180732731509793,-0.012335577900477498
query,validation,full:minus_intent,relevance_grade,1,has_context,False,51,34,17,0.0,0.0,0.0,0.0,0.0,0.0130718954248366,0.0,0.0,0.0,0.0,0.0196078431372549,0.0049019607843137,0.0294117647058823,0.0058823529411764,0.0014096241900856,0.0352941176470588,0.01890756302521,0.088235294117647,0.0144607843137254,0.0123258171632474,0.046078431372549,0.0966386554621848,0.2058823529411764,0.0229496522316591,0.0334948045205221,0.0197770382297935,-0.007451221066546101
query,validation,full:minus_intent,relevance_grade,1,has_context,True,49,36,13,0.0612244897959183,0.0,0.0,0.0,0.0,0.0544217687074829,0.0185185185185185,0.0555555555555555,0.0231481481481481,0.0088841949538168,0.0448979591836734,0.0185185185185185,0.0555555555555555,0.0231481481481481,0.007918265541449,0.0448979591836734,0.0296296296296296,0.1111111111111111,0.0317460317460317,0.00996418975341,0.046938775510204,0.036574074074074,0.1666666666666666,0.0352318705259881,0.0136796207318114,0.005494846285071,0.004469343468338999
query,validation,full:minus_intent,relevance_grade,1,multiple_entity_dimensions,True,100,70,30,0.03,0.0,0.0,0.0,0.0,0.0333333333333333,0.0095238095238095,0.0285714285714285,0.0119047619047619,0.0045690145476772,0.032,0.0119047619047619,0.0428571428571428,0.0147619047619047,0.004756925456501,0.04,0.0244217687074829,0.1,0.0233503401360544,0.0111112659239025,0.0464999999999999,0.0657482993197278,0.1857142857142857,0.0292662216401712,0.0233041385720423,0.0124319109439362,-0.0013206450200336992
query,test,full:minus_bm25,relevance_grade,1,query_language,EN,50,34,16,0.02,0.0,0.0,0.0,0.0,0.0333333333333333,0.0058823529411764,0.0294117647058823,0.0147058823529411,0.0043100094227246,0.032,0.0091503267973856,0.0588235294117647,0.0220588235294117,0.0086977864781101,0.03,0.0091503267973856,0.0588235294117647,0.0220588235294117,0.0082537200497806,0.038,0.0235644257703081,0.1764705882352941,0.0302388757360529,0.0160756039814315,0.008329782741743,-7.606269196239884e-05
query,test,full:minus_bm25,relevance_grade,1,query_language,ID,18,12,6,0.0,0.0,0.0,0.0,0.0,0.037037037037037,0.0166666666666666,0.0833333333333333,0.0277777777777777,0.0065177600836493,0.0222222222222222,0.0166666666666666,0.0833333333333333,0.0277777777777777,0.0057787552572628,0.05,0.0270833333333333,0.1666666666666666,0.0381944444444444,0.0071096162119906,0.0527777777777777,0.0652777777777777,0.25,0.045770202020202,0.0210444288710217,0.0172971456172564,-0.010187529405265799
query,test,full:minus_bm25,relevance_grade,1,query_language,MIXED,32,22,10,0.0625,0.009090909090909,0.0454545454545454,0.0454545454545454,0.0454545454545454,0.03125,0.009090909090909,0.0454545454545454,0.0454545454545454,0.0306156326468172,0.025,0.0181818181818181,0.0909090909090909,0.0545454545454545,0.0294758648867587,0.028125,0.0246753246753246,0.1363636363636363,0.0602272727272727,0.0309797386239032,0.0296875,0.0492965367965368,0.2727272727272727,0.0688131313131313,0.0427254861029992,0.0284319060967252,0.002547832527177999
query,test,full:minus_bm25,relevance_grade,1,query_intent,Comparative Treatment Choice,2,2,0,0.0,0.0,0.0,0.0,0.0,0.0,0.0,0.0,0.0,0.0,0.0,0.0,0.0,0.0,0.0,0.0,0.0,0.0,0.0,0.0,0.0,0.0,0.0,0.0,0.0,0.0,0.0
query,test,full:minus_bm25,relevance_grade,1,query_intent,Dosing / Administration,19,14,5,0.0526315789473684,0.0142857142857142,0.0714285714285714,0.0714285714285714,0.0714285714285714,0.0350877192982456,0.0142857142857142,0.0714285714285714,0.0714285714285714,0.0481102798735698,0.0210526315789473,0.0142857142857142,0.0714285714285714,0.0714285714285714,0.0389245084918904,0.031578947368421,0.0142857142857142,0.0714285714285714,0.0714285714285714,0.0389245084918904,0.0368421052631579,0.0244897959183673,0.1428571428571428,0.0773809523809523,0.0458758943327916,0.0389245084918904,0.0
query,test,full:minus_bm25,relevance_grade,1,query_intent,Efficacy / Outcomes,3,1,2,0.0,0.0,0.0,0.0,0.0,0.1111111111111111,0.0,0.0,0.0,0.0,0.1333333333333333,0.0,0.0,0.0,0.0,0.1,0.0,0.0,0.0,0.0,0.0833333333333333,0.0,0.0,0.0,0.0,0.0,0.0
query,test,full:minus_bm25,relevance_grade,1,query_intent,Guideline / Evidence Lookup,10,8,2,0.0,0.0,0.0,0.0,0.0,0.0,0.0,0.0,0.0,0.0,0.0,0.0,0.0,0.0,0.0,0.0,0.0,0.0,0.0,0.0,0.025,0.0208333333333333,0.125,0.0083333333333333,0.0111237952973348,0.0,0.0
query,test,full:minus_bm25,relevance_grade,1,query_intent,Interaction / Combination,7,7,0,0.0,0.0,0.0,0.0,0.0,0.0476190476190476,0.0285714285714285,0.1428571428571428,0.0476190476190476,0.0111733030005418,0.0285714285714285,0.0285714285714285,0.1428571428571428,0.0476190476190476,0.0099064375838791,0.0571428571428571,0.0285714285714285,0.1428571428571428,0.0476190476190476,0.0099064375838791,0.0428571428571428,0.0761904761904761,0.2857142857142857,0.0606060606060606,0.0214093145987653,0.0099064375838791,0.0
query,test,full:minus_bm25,relevance_grade,1,query_intent,Management / Treatment Selection,11,7,4,0.0,0.0,0.0,0.0,0.0,0.0,0.0,0.0,0.0,0.0,0.0,0.0,0.0,0.0,0.0,0.0181818181818181,0.0,0.0,0.0,0.0,0.0181818181818181,0.0,0.0,0.0,0.0,0.0174643361233127,-0.0174643361233127
query,test,full:minus_bm25,relevance_grade,1,query_intent,Mechanism / Background Knowledge,6,3,3,0.0,0.0,0.0,0.0,0.0,0.0555555555555555,0.0,0.0,0.0,0.0,0.0333333333333333,0.0,0.0,0.0,0.0,0.0166666666666666,0.0,0.0,0.0,0.0,0.0333333333333333,0.1203703703703703,0.6666666666666666,0.0462962962962963,0.0797049132219829,0.0,0.0
query,test,full:minus_bm25,relevance_grade,1,query_intent,Monitoring / Response / Risk Assessment,9,7,2,0.1111111111111111,0.0,0.0,0.0,0.0,0.037037037037037,0.0,0.0,0.0,0.0,0.0666666666666666,0.0158730158730158,0.1428571428571428,0.0357142857142857,0.0225581924883724,0.0444444444444444,0.0158730158730158,0.1428571428571428,0.0357142857142857,0.0204012984079151,0.05,0.0337301587301587,0.2857142857142857,0.0432330827067669,0.0251665937932406,0.0207707457688752,-0.00036944736096010053
query,test,full:minus_bm25,relevance_grade,1,query_intent,Prophylaxis / Maintenance,8,6,2,0.125,0.0,0.0,0.0,0.0,0.125,0.0333333333333333,0.1666666666666666,0.0833333333333333,0.0244233867287731,0.1,0.0666666666666666,0.3333333333333333,0.1166666666666666,0.0402238835765605,0.075,0.0904761904761904,0.5,0.1374999999999999,0.0457380872794236,0.06875,0.1113095238095238,0.6666666666666666,0.1486111111111111,0.0485992592301282,0.0363960346797708,0.009342052599652796
query,test,full:minus_bm25,relevance_grade,1,query_intent,Safety / Contraindication,14,6,8,0.0,0.0,0.0,0.0,0.0,0.0,0.0,0.0,0.0,0.0,0.0,0.0,0.0,0.0,0.0,0.0214285714285714,0.0208333333333333,0.1666666666666666,0.0208333333333333,0.0026617219094556,0.0357142857142857,0.0416666666666666,0.1666666666666666,0.0208333333333333,0.0171113240434838,0.0026617219094556,0.0
query,test,full:minus_bm25,relevance_grade,1,query_intent,Treatment Change / Escalation,11,7,4,0.0,0.0,0.0,0.0,0.0,0.0303030303030303,0.0,0.0,0.0,0.0,0.0181818181818181,0.0,0.0,0.0,0.0,0.0363636363636363,0.0,0.0,0.0,0.0,0.0363636363636363,0.0158730158730158,0.1428571428571428,0.0084033613445378,0.0069145564282131,0.0,0.0
query,test,full:minus_bm25,relevance_grade,1,has_context,False,56,39,17,0.0357142857142857,0.0,0.0,0.0,0.0,0.0476190476190476,0.0102564102564102,0.0512820512820512,0.0213675213675213,0.0057629087532418,0.0428571428571428,0.0182336182336182,0.1025641025641025,0.0329059829059829,0.0120152746657724,0.0428571428571428,0.0218966218966219,0.1282051282051282,0.0361111111111111,0.0124764788620282,0.0428571428571428,0.0532356532356532,0.3076923076923077,0.0482799937134302,0.0254906131068443,0.0142401754977203,-0.0017636966356921
query,test,full:minus_bm25,relevance_grade,1,has_context,True,44,29,15,0.0227272727272727,0.0068965517241379,0.0344827586206896,0.0344827586206896,0.0344827586206896,0.0151515151515151,0.0068965517241379,0.0344827586206896,0.0344827586206896,0.0232256523527578,0.009090909090909,0.0068965517241379,0.0344827586206896,0.0344827586206896,0.0187911420305678,0.0204545454545454,0.0112068965517241,0.0689655172413793,0.0387931034482758,0.0193418431152827,0.0318181818181818,0.0204433497536945,0.1034482758620689,0.0416666666666666,0.0256872574110339,0.0193418431152827,0.0
query,test,full:minus_bm25,relevance_grade,1,multiple_entity_dimensions,True,100,68,32,0.03,0.0029411764705882,0.0147058823529411,0.0147058823529411,0.0147058823529411,0.0333333333333333,0.0088235294117647,0.0441176470588235,0.0269607843137254,0.0132102552883295,0.028,0.0133986928104575,0.0735294117647058,0.033578431372549,0.014904982806641,0.033,0.0173377684407096,0.1029411764705882,0.0372549019607843,0.0154043547935632,0.038,0.039250700280112,0.2205882352941176,0.0454596042376045,0.0255744761189252,0.0164158866875631,-0.0010115318939999014
query,test,full:minus_dense,relevance_grade,1,query_language,EN,50,34,16,0.0,0.0,0.0,0.0,0.0,0.04,0.0058823529411764,0.0294117647058823,0.0147058823529411,0.0043100094227246,0.044,0.0128267973856209,0.088235294117647,0.0279411764705882,0.0088886757685938,0.036,0.0128267973856209,0.088235294117647,0.0279411764705882,0.0084350377857419,0.035,0.01609477124183,0.1176470588235294,0.030614973262032,0.0095652533506601,0.008329782741743,0.00010525504399890029
query,test,full:minus_dense,relevance_grade,1,query_language,ID,18,12,6,0.0,0.0,0.0,0.0,0.0,0.0185185185185185,0.0166666666666666,0.0833333333333333,0.0277777777777777,0.0065177600836493,0.0333333333333333,0.0270833333333333,0.1666666666666666,0.0486111111111111,0.0078450523406771,0.0333333333333333,0.0270833333333333,0.1666666666666666,0.0486111111111111,0.0075956631206563,0.0583333333333333,0.0756944444444444,0.4166666666666667,0.0625286664373351,0.0250132878446437,0.0172971456172564,-0.009701482496600099
query,test,full:minus_dense,relevance_grade,1,query_language,MIXED,32,22,10,0.03125,0.009090909090909,0.0454545454545454,0.0454545454545454,0.0454545454545454,0.03125,0.009090909090909,0.0454545454545454,0.0454545454545454,0.0306156326468172,0.03125,0.009090909090909,0.0454545454545454,0.0454545454545454,0.0247701417675666,0.028125,0.0181818181818181,0.0909090909090909,0.0519480519480519,0.0288248477015293,0.03125,0.0322510822510822,0.1818181818181818,0.0587662337662337,0.0367726940641435,0.0284319060967252,0.0003929416048041
query,test,full:minus_dense,relevance_grade,1,query_intent,Comparative Treatment Choice,2,2,0,0.0,0.0,0.0,0.0,0.0,0.0,0.0,0.0,0.0,0.0,0.0,0.0,0.0,0.0,0.0,0.0,0.0,0.0,0.0,0.0,0.0,0.0,0.0,0.0,0.0,0.0,0.0
query,test,full:minus_dense,relevance_grade,1,query_intent,Dosing / Administration,19,14,5,0.0526315789473684,0.0142857142857142,0.0714285714285714,0.0714285714285714,0.0714285714285714,0.0350877192982456,0.0142857142857142,0.0714285714285714,0.0714285714285714,0.0481102798735698,0.0421052631578947,0.0142857142857142,0.0714285714285714,0.0714285714285714,0.0389245084918904,0.0473684210526315,0.0142857142857142,0.0714285714285714,0.0714285714285714,0.0389245084918904,0.0342105263157894,0.0142857142857142,0.0714285714285714,0.0714285714285714,0.0389245084918904,0.0389245084918904,0.0
query,test,full:minus_dense,relevance_grade,1,query_intent,Efficacy / Outcomes,3,1,2,0.0,0.0,0.0,0.0,0.0,0.1111111111111111,0.0,0.0,0.0,0.0,0.0666666666666666,0.0,0.0,0.0,0.0,0.0333333333333333,0.0,0.0,0.0,0.0,0.0333333333333333,0.0,0.0,0.0,0.0,0.0,0.0
query,test,full:minus_dense,relevance_grade,1,query_intent,Guideline / Evidence Lookup,10,8,2,0.0,0.0,0.0,0.0,0.0,0.0333333333333333,0.0,0.0,0.0,0.0,0.04,0.0,0.0,0.0,0.0,0.02,0.0,0.0,0.0,0.0,0.04,0.0416666666666666,0.25,0.0169956140350877,0.0143515050438018,0.0,0.0
query,test,full:minus_dense,relevance_grade,1,query_intent,Interaction / Combination,7,7,0,0.0,0.0,0.0,0.0,0.0,0.0476190476190476,0.0285714285714285,0.1428571428571428,0.0476190476190476,0.0111733030005418,0.0285714285714285,0.0285714285714285,0.1428571428571428,0.0476190476190476,0.0099064375838791,0.0285714285714285,0.0285714285714285,0.1428571428571428,0.0476190476190476,0.0099064375838791,0.0214285714285714,0.0285714285714285,0.1428571428571428,0.0476190476190476,0.0099064375838791,0.0099064375838791,0.0
query,test,full:minus_dense,relevance_grade,1,query_intent,Management / Treatment Selection,11,7,4,0.0,0.0,0.0,0.0,0.0,0.0,0.0,0.0,0.0,0.0,0.0,0.0,0.0,0.0,0.0,0.0,0.0,0.0,0.0,0.0,0.0227272727272727,0.0178571428571428,0.1428571428571428,0.0084033613445378,0.0125644965681196,0.0174643361233127,-0.0174643361233127
query,test,full:minus_dense,relevance_grade,1,query_intent,Mechanism / Background Knowledge,6,3,3,0.0,0.0,0.0,0.0,0.0,0.0,0.0,0.0,0.0,0.0,0.0333333333333333,0.0,0.0,0.0,0.0,0.0333333333333333,0.0,0.0,0.0,0.0,0.0333333333333333,0.037037037037037,0.3333333333333333,0.0303030303030303,0.0128091097357391,0.0,0.0
query,test,full:minus_dense,relevance_grade,1,query_intent,Monitoring / Response / Risk Assessment,9,7,2,0.0,0.0,0.0,0.0,0.0,0.1111111111111111,0.0,0.0,0.0,0.0,0.1111111111111111,0.0337301587301587,0.2857142857142857,0.0642857142857143,0.0234853690421505,0.0777777777777777,0.0337301587301587,0.2857142857142857,0.0642857142857143,0.0212819845540129,0.0666666666666666,0.0337301587301587,0.2857142857142857,0.0642857142857143,0.0212819845540129,0.0207707457688752,0.0005112387851376986
query,test,full:minus_dense,relevance_grade,1,query_intent,Prophylaxis / Maintenance,8,6,2,0.0,0.0,0.0,0.0,0.0,0.0833333333333333,0.0333333333333333,0.1666666666666666,0.0833333333333333,0.0244233867287731,0.075,0.0333333333333333,0.1666666666666666,0.0833333333333333,0.0229695654728561,0.05,0.0666666666666666,0.3333333333333333,0.1071428571428571,0.0378368205640528,0.05,0.0904761904761904,0.5,0.1182539682539682,0.0509465296996165,0.0363960346797708,0.0014407858842819948
query,test,full:minus_dense,relevance_grade,1,query_intent,Safety / Contraindication,14,6,8,0.0,0.0,0.0,0.0,0.0,0.0,0.0,0.0,0.0,0.0,0.0142857142857142,0.0208333333333333,0.1666666666666666,0.0416666666666666,0.0041325941668286,0.0214285714285714,0.0208333333333333,0.1666666666666666,0.0416666666666666,0.0036338157267869,0.0464285714285714,0.0416666666666666,0.1666666666666666,0.0416666666666666,0.0180834178608151,0.0026617219094556,0.0009720938173313001
query,test,full:minus_dense,relevance_grade,1,query_intent,Treatment Change / Escalation,11,7,4,0.0,0.0,0.0,0.0,0.0,0.0,0.0,0.0,0.0,0.0,0.0181818181818181,0.0,0.0,0.0,0.0,0.0272727272727272,0.0,0.0,0.0,0.0,0.0363636363636363,0.0238095238095238,0.1428571428571428,0.0079365079365079,0.0022492475315082,0.0,0.0
query,test,full:minus_dense,relevance_grade,1,has_context,False,56,39,17,0.0,0.0,0.0,0.0,0.0,0.0416666666666666,0.0102564102564102,0.0512820512820512,0.0213675213675213,0.0057629087532418,0.0428571428571428,0.0163105413105413,0.1025641025641025,0.0329059829059829,0.0095271804928037,0.0303571428571428,0.0214387464387464,0.1282051282051282,0.0365689865689865,0.0114189712397323,0.0410714285714285,0.0397028897028897,0.2564102564102564,0.0456789397965868,0.0195465650315817,0.0142401754977203,-0.002821204257988
query,test,full:minus_dense,relevance_grade,1,has_context,True,44,29,15,0.0227272727272727,0.0068965517241379,0.0344827586206896,0.0344827586206896,0.0344827586206896,0.0227272727272727,0.0068965517241379,0.0344827586206896,0.0344827586206896,0.0232256523527578,0.0318181818181818,0.0112068965517241,0.0689655172413793,0.043103448275862,0.0196461615133599,0.0363636363636363,0.0112068965517241,0.0689655172413793,0.043103448275862,0.0195429659740409,0.034090909090909,0.0212643678160919,0.1034482758620689,0.0449183303085299,0.0231745276288842,0.0193418431152827,0.000201122858758198
query,test,full:minus_dense,relevance_grade,1,multiple_entity_dimensions,True,100,68,32,0.01,0.0029411764705882,0.0147058823529411,0.0147058823529411,0.0147058823529411,0.0333333333333333,0.0088235294117647,0.0441176470588235,0.0269607843137254,0.0132102552883295,0.038,0.0141339869281045,0.088235294117647,0.0372549019607843,0.0138426282809821,0.033,0.0170751633986928,0.1029411764705882,0.0393557422969187,0.0148836160528933,0.038,0.0318394024276377,0.1911764705882352,0.0453545622207978,0.0210937843745489,0.0164158866875631,-0.0015322706346698016
query,test,full:minus_entities,relevance_grade,1,query_language,EN,50,34,16,0.02,0.0,0.0,0.0,0.0,0.0399999999999999,0.0036764705882352,0.0294117647058823,0.0098039215686274,0.0009858796765183,0.04,0.0128267973856209,0.088235294117647,0.0215686274509803,0.0050435267156582,0.034,0.0128267973856209,0.088235294117647,0.0215686274509803,0.0047595060272124,0.036,0.0234477124183006,0.1176470588235294,0.0236694677871148,0.0123495226881168,0.008329782741743,-0.0035702767145305995
query,test,full:minus_entities,relevance_grade,1,query_language,ID,18,12,6,0.0,0.0,0.0,0.0,0.0,0.037037037037037,0.0166666666666666,0.0833333333333333,0.0277777777777777,0.0065177600836493,0.0333333333333333,0.0166666666666666,0.0833333333333333,0.0277777777777777,0.0057787552572628,0.0388888888888888,0.0270833333333333,0.1666666666666666,0.0416666666666666,0.0072814969949349,0.0527777777777777,0.0389880952380952,0.25,0.0465686274509803,0.0164336876697812,0.0172971456172564,-0.010015648622321498
query,test,full:minus_entities,relevance_grade,1,query_language,MIXED,32,22,10,0.03125,0.009090909090909,0.0454545454545454,0.0454545454545454,0.0454545454545454,0.0208333333333333,0.009090909090909,0.0454545454545454,0.0454545454545454,0.0306156326468172,0.0375,0.009090909090909,0.0454545454545454,0.0454545454545454,0.0247701417675666,0.0375,0.0212662337662337,0.1363636363636363,0.0587121212121212,0.0274528946350789,0.0296875,0.0212662337662337,0.1363636363636363,0.0587121212121212,0.0274528946350789,0.0284319060967252,-0.0009790114616462994
query,test,full:minus_entities,relevance_grade,1,query_intent,Comparative Treatment Choice,2,2,0,0.0,0.0,0.0,0.0,0.0,0.0,0.0,0.0,0.0,0.0,0.0,0.0,0.0,0.0,0.0,0.0,0.0,0.0,0.0,0.0,0.0,0.0,0.0,0.0,0.0,0.0,0.0
query,test,full:minus_entities,relevance_grade,1,query_intent,Dosing / Administration,19,14,5,0.0526315789473684,0.0142857142857142,0.0714285714285714,0.0714285714285714,0.0714285714285714,0.0701754385964912,0.0142857142857142,0.0714285714285714,0.0714285714285714,0.0481102798735698,0.0736842105263158,0.0142857142857142,0.0714285714285714,0.0714285714285714,0.0389245084918904,0.0421052631578947,0.0142857142857142,0.0714285714285714,0.0714285714285714,0.0389245084918904,0.031578947368421,0.0142857142857142,0.0714285714285714,0.0714285714285714,0.0389245084918904,0.0389245084918904,0.0
query,test,full:minus_entities,relevance_grade,1,query_intent,Efficacy / Outcomes,3,1,2,0.0,0.0,0.0,0.0,0.0,0.1111111111111111,0.0,0.0,0.0,0.0,0.0666666666666666,0.0,0.0,0.0,0.0,0.0333333333333333,0.0,0.0,0.0,0.0,0.0833333333333333,0.25,1.0,0.0714285714285714,0.1823904319229166,0.0,0.0
query,test,full:minus_entities,relevance_grade,1,query_intent,Guideline / Evidence Lookup,10,8,2,0.0,0.0,0.0,0.0,0.0,0.0,0.0,0.0,0.0,0.0,0.02,0.0,0.0,0.0,0.0,0.02,0.0,0.0,0.0,0.0,0.03,0.0,0.0,0.0,0.0,0.0,0.0
query,test,full:minus_entities,relevance_grade,1,query_intent,Interaction / Combination,7,7,0,0.0,0.0,0.0,0.0,0.0,0.0476190476190476,0.0285714285714285,0.1428571428571428,0.0476190476190476,0.0111733030005418,0.0285714285714285,0.0285714285714285,0.1428571428571428,0.0476190476190476,0.0099064375838791,0.0285714285714285,0.0285714285714285,0.1428571428571428,0.0476190476190476,0.0099064375838791,0.0285714285714285,0.0489795918367346,0.2857142857142857,0.0560224089635854,0.0255959073121871,0.0099064375838791,0.0
query,test,full:minus_entities,relevance_grade,1,query_intent,Management / Treatment Selection,11,7,4,0.0,0.0,0.0,0.0,0.0,0.0,0.0,0.0,0.0,0.0,0.0,0.0,0.0,0.0,0.0,0.009090909090909,0.0,0.0,0.0,0.0,0.0227272727272727,0.0,0.0,0.0,0.0,0.0174643361233127,-0.0174643361233127
query,test,full:minus_entities,relevance_grade,1,query_intent,Mechanism / Background Knowledge,6,3,3,0.0,0.0,0.0,0.0,0.0,0.0,0.0,0.0,0.0,0.0,0.0666666666666666,0.037037037037037,0.3333333333333333,0.0666666666666666,0.0202627701152401,0.0333333333333333,0.037037037037037,0.3333333333333333,0.0666666666666666,0.0177643497951851,0.0499999999999999,0.074074074074074,0.3333333333333333,0.0666666666666666,0.0429877279777971,0.0,0.0177643497951851
query,test,full:minus_entities,relevance_grade,1,query_intent,Monitoring / Response / Risk Assessment,9,7,2,0.1111111111111111,0.0,0.0,0.0,0.0,0.1111111111111111,0.0178571428571428,0.1428571428571428,0.0476190476190476,0.0047885584288036,0.0666666666666666,0.0178571428571428,0.1428571428571428,0.0476190476190476,0.0037413214934735,0.0555555555555555,0.0178571428571428,0.1428571428571428,0.0476190476190476,0.0034325440010458,0.0555555555555555,0.0178571428571428,0.1428571428571428,0.0476190476190476,0.0034325440010458,0.0207707457688752,-0.0173382017678294
query,test,full:minus_entities,relevance_grade,1,query_intent,Prophylaxis / Maintenance,8,6,2,0.0,0.0,0.0,0.0,0.0,0.0416666666666666,0.0,0.0,0.0,0.0,0.075,0.0333333333333333,0.1666666666666666,0.0333333333333333,0.0140837245887241,0.0875,0.0779761904761904,0.5,0.0819444444444444,0.0239204851029359,0.05625,0.0779761904761904,0.5,0.0819444444444444,0.0239204851029359,0.0363960346797708,-0.012475549576834902
query,test,full:minus_entities,relevance_grade,1,query_intent,Safety / Contraindication,14,6,8,0.0,0.0,0.0,0.0,0.0,0.0,0.0,0.0,0.0,0.0,0.0,0.0,0.0,0.0,0.0,0.0285714285714285,0.0208333333333333,0.1666666666666666,0.0277777777777777,0.0030054834753441,0.0321428571428571,0.0208333333333333,0.1666666666666666,0.0277777777777777,0.0030054834753441,0.0026617219094556,0.00034376156588849984
query,test,full:minus_entities,relevance_grade,1,query_intent,Treatment Change / Escalation,11,7,4,0.0,0.0,0.0,0.0,0.0,0.0,0.0,0.0,0.0,0.0,0.0181818181818181,0.0,0.0,0.0,0.0,0.0363636363636363,0.0,0.0,0.0,0.0,0.0363636363636363,0.0,0.0,0.0,0.0,0.0,0.0
query,test,full:minus_entities,relevance_grade,1,has_context,False,56,39,17,0.0178571428571428,0.0,0.0,0.0,0.0,0.0357142857142857,0.0083333333333333,0.0512820512820512,0.017094017094017,0.0028649494873184,0.0392857142857142,0.0163105413105413,0.1025641025641025,0.0273504273504273,0.0061749992671675,0.0392857142857142,0.0231786731786731,0.1538461538461538,0.0348290598290598,0.007440739258914,0.0410714285714285,0.0361009361009361,0.2051282051282051,0.0381688572865043,0.0168737355299116,0.0142401754977203,-0.0067994362388063
query,test,full:minus_entities,relevance_grade,1,has_context,True,44,29,15,0.0227272727272727,0.0068965517241379,0.0344827586206896,0.0344827586206896,0.0344827586206896,0.0303030303030303,0.0068965517241379,0.0344827586206896,0.0344827586206896,0.0232256523527578,0.0363636363636363,0.0068965517241379,0.0344827586206896,0.0344827586206896,0.0187911420305678,0.0318181818181818,0.0112068965517241,0.0689655172413793,0.0402298850574712,0.0194129661978803,0.0318181818181818,0.0112068965517241,0.0689655172413793,0.0402298850574712,0.0194129661978803,0.0193418431152827,7.112308259759823e-05
query,test,full:minus_entities,relevance_grade,1,multiple_entity_dimensions,True,100,68,32,0.02,0.0029411764705882,0.0147058823529411,0.0147058823529411,0.0147058823529411,0.0333333333333333,0.0077205882352941,0.0441176470588235,0.0245098039215686,0.0115481904152264,0.038,0.0122957516339869,0.0735294117647058,0.030392156862745,0.0115554130927353,0.036,0.0180730625583566,0.1176470588235294,0.0371323529411764,0.0125465419240614,0.037,0.025484360410831,0.1470588235294117,0.0390478250123578,0.0179566427265453,0.0164158866875631,-0.0038693447635017014
query,test,full:minus_context,relevance_grade,1,query_language,EN,50,34,16,0.0,0.0,0.0,0.0,0.0,0.0333333333333333,0.0058823529411764,0.0294117647058823,0.0147058823529411,0.0043100094227246,0.0279999999999999,0.0091503267973856,0.0588235294117647,0.0205882352941176,0.0082251995189358,0.034,0.0128267973856209,0.088235294117647,0.0254901960784313,0.008329782741743,0.033,0.0202964519140989,0.1470588235294117,0.028672170622635,0.011734342724719,0.008329782741743,0.0
query,test,full:minus_context,relevance_grade,1,query_language,ID,18,12,6,0.0,0.0,0.0,0.0,0.0,0.0555555555555555,0.0166666666666666,0.0833333333333333,0.0277777777777777,0.0065177600836493,0.0444444444444444,0.0166666666666666,0.0833333333333333,0.0277777777777777,0.0057787552572628,0.0388888888888888,0.0270833333333333,0.1666666666666666,0.0396825396825396,0.0159662846625285,0.0611111111111111,0.0618055555555555,0.3333333333333333,0.0514249639249639,0.0256367998399682,0.0172971456172564,-0.0013308609547278971
query,test,full:minus_context,relevance_grade,1,query_language,MIXED,32,22,10,0.0,0.0,0.0,0.0,0.0,0.0416666666666666,0.009090909090909,0.0454545454545454,0.0227272727272727,0.0193163135612906,0.0375,0.009090909090909,0.0454545454545454,0.0227272727272727,0.0156282194413408,0.034375,0.0181818181818181,0.0909090909090909,0.0277777777777777,0.0192899837704994,0.0328125,0.0379329004329004,0.2272727272727272,0.0361381673881673,0.0220643626960263,0.0284319060967252,-0.0091419223262258
query,test,full:minus_context,relevance_grade,1,query_intent,Comparative Treatment Choice,2,2,0,0.0,0.0,0.0,0.0,0.0,0.0,0.0,0.0,0.0,0.0,0.0,0.0,0.0,0.0,0.0,0.0,0.0,0.0,0.0,0.0,0.0,0.0,0.0,0.0,0.0,0.0,0.0
query,test,full:minus_context,relevance_grade,1,query_intent,Dosing / Administration,19,14,5,0.0,0.0,0.0,0.0,0.0,0.0350877192982456,0.0142857142857142,0.0714285714285714,0.0357142857142857,0.0303542070248853,0.0210526315789473,0.0142857142857142,0.0714285714285714,0.0357142857142857,0.0245586305506785,0.031578947368421,0.0142857142857142,0.0714285714285714,0.0357142857142857,0.0245586305506785,0.0342105263157894,0.0244897959183673,0.1428571428571428,0.0394736842105263,0.0305104149619517,0.0389245084918904,-0.0143658779412119
query,test,full:minus_context,relevance_grade,1,query_intent,Efficacy / Outcomes,3,1,2,0.0,0.0,0.0,0.0,0.0,0.1111111111111111,0.0,0.0,0.0,0.0,0.0666666666666666,0.0,0.0,0.0,0.0,0.0333333333333333,0.0,0.0,0.0,0.0,0.05,0.0,0.0,0.0,0.0,0.0,0.0
query,test,full:minus_context,relevance_grade,1,query_intent,Guideline / Evidence Lookup,10,8,2,0.0,0.0,0.0,0.0,0.0,0.0666666666666666,0.0,0.0,0.0,0.0,0.08,0.0,0.0,0.0,0.0,0.06,0.0,0.0,0.0,0.0,0.03,0.0,0.0,0.0,0.0,0.0,0.0
query,test,full:minus_context,relevance_grade,1,query_intent,Interaction / Combination,7,7,0,0.0,0.0,0.0,0.0,0.0,0.0476190476190476,0.0285714285714285,0.1428571428571428,0.0476190476190476,0.0111733030005418,0.0285714285714285,0.0285714285714285,0.1428571428571428,0.0476190476190476,0.0099064375838791,0.0285714285714285,0.0285714285714285,0.1428571428571428,0.0476190476190476,0.0099064375838791,0.0214285714285714,0.0285714285714285,0.1428571428571428,0.0476190476190476,0.0099064375838791,0.0099064375838791,0.0
query,test,full:minus_context,relevance_grade,1,query_intent,Management / Treatment Selection,11,7,4,0.0,0.0,0.0,0.0,0.0,0.0,0.0,0.0,0.0,0.0,0.0,0.0,0.0,0.0,0.0,0.009090909090909,0.0178571428571428,0.1428571428571428,0.0204081632653061,0.0174643361233127,0.0272727272727272,0.0178571428571428,0.1428571428571428,0.0204081632653061,0.0174643361233127,0.0174643361233127,0.0
query,test,full:minus_context,relevance_grade,1,query_intent,Mechanism / Background Knowledge,6,3,3,0.0,0.0,0.0,0.0,0.0,0.0,0.0,0.0,0.0,0.0,0.0333333333333333,0.0,0.0,0.0,0.0,0.0333333333333333,0.0,0.0,0.0,0.0,0.025,0.037037037037037,0.3333333333333333,0.0185185185185185,0.0108100192211194,0.0,0.0
query,test,full:minus_context,relevance_grade,1,query_intent,Monitoring / Response / Risk Assessment,9,7,2,0.0,0.0,0.0,0.0,0.0,0.074074074074074,0.0,0.0,0.0,0.0,0.0888888888888888,0.0158730158730158,0.1428571428571428,0.0285714285714285,0.0202627701152401,0.0777777777777777,0.0337301587301587,0.2857142857142857,0.0523809523809523,0.0207707457688752,0.0611111111111111,0.0337301587301587,0.2857142857142857,0.0523809523809523,0.0207707457688752,0.0207707457688752,0.0
query,test,full:minus_context,relevance_grade,1,query_intent,Prophylaxis / Maintenance,8,6,2,0.0,0.0,0.0,0.0,0.0,0.0833333333333333,0.0333333333333333,0.1666666666666666,0.0833333333333333,0.0244233867287731,0.05,0.0333333333333333,0.1666666666666666,0.0833333333333333,0.0229695654728561,0.05,0.0666666666666666,0.3333333333333333,0.1018518518518518,0.0363960346797708,0.0625,0.1113095238095238,0.6666666666666666,0.1241732804232804,0.0436700307633309,0.0363960346797708,0.0
query,test,full:minus_context,relevance_grade,1,query_intent,Safety / Contraindication,14,6,8,0.0,0.0,0.0,0.0,0.0,0.0238095238095238,0.0,0.0,0.0,0.0,0.0142857142857142,0.0,0.0,0.0,0.0,0.0142857142857142,0.0,0.0,0.0,0.0,0.0357142857142857,0.0416666666666666,0.1666666666666666,0.0151515151515151,0.0168031717532286,0.0026617219094556,-0.0026617219094556
query,test,full:minus_context,relevance_grade,1,query_intent,Treatment Change / Escalation,11,7,4,0.0,0.0,0.0,0.0,0.0,0.0303030303030303,0.0,0.0,0.0,0.0,0.0181818181818181,0.0,0.0,0.0,0.0,0.0363636363636363,0.0,0.0,0.0,0.0,0.05,0.0476190476190476,0.2857142857142857,0.0142857142857142,0.0046599302100192,0.0,0.0
query,test,full:minus_context,relevance_grade,1,has_context,False,56,39,17,0.0,0.0,0.0,0.0,0.0,0.0416666666666666,0.0102564102564102,0.0512820512820512,0.0213675213675213,0.0057629087532418,0.0357142857142857,0.0131054131054131,0.0769230769230769,0.0264957264957264,0.0089487653007941,0.0321428571428571,0.0246438746438746,0.1538461538461538,0.0372812372812372,0.0142401754977203,0.0410714285714285,0.0386345136345136,0.2564102564102564,0.0434218559218559,0.0165812315432235,0.0142401754977203,0.0
query,test,full:minus_context,relevance_grade,1,has_context,True,44,29,15,0.0,0.0,0.0,0.0,0.0,0.0378787878787878,0.0068965517241379,0.0344827586206896,0.0172413793103448,0.0146537551154618,0.0318181818181818,0.0068965517241379,0.0344827586206896,0.0172413793103448,0.0118558906106724,0.0386363636363636,0.0068965517241379,0.0344827586206896,0.0172413793103448,0.0118558906106724,0.034090909090909,0.0261904761904761,0.1379310344827586,0.0239151955122917,0.0188054206843768,0.0193418431152827,-0.0074859525046103
query,test,full:minus_context,relevance_grade,1,multiple_entity_dimensions,True,100,68,32,0.0,0.0,0.0,0.0,0.0,0.04,0.0088235294117647,0.0441176470588235,0.0196078431372549,0.0095545932312474,0.034,0.0104575163398692,0.0588235294117647,0.0225490196078431,0.0101885687417716,0.035,0.0170751633986928,0.1029411764705882,0.028734827264239,0.0132233481194205,0.038,0.0333274976657329,0.2058823529411764,0.0351028389824829,0.0175297827945977,0.0164158866875631,-0.0031925385681426006
query,test,full:minus_intent,relevance_grade,1,query_language,EN,50,34,16,0.0,0.0,0.0,0.0,0.0,0.0333333333333333,0.0058823529411764,0.0294117647058823,0.0098039215686274,0.0034156016563867,0.036,0.0058823529411764,0.0294117647058823,0.0098039215686274,0.0032122852881473,0.03,0.0058823529411764,0.0294117647058823,0.0098039215686274,0.0032122852881473,0.034,0.0261788048552754,0.1470588235294117,0.0182273866484392,0.0101083935482704,0.008329782741743,-0.0051174974535956996
query,test,full:minus_intent,relevance_grade,1,query_language,ID,18,12,6,0.0,0.0,0.0,0.0,0.0,0.0185185185185185,0.0,0.0,0.0,0.0,0.0333333333333333,0.0166666666666666,0.0833333333333333,0.0166666666666666,0.004471055387187,0.0722222222222222,0.0494047619047619,0.3333333333333333,0.0508928571428571,0.0214414384204675,0.0472222222222222,0.0494047619047619,0.3333333333333333,0.0508928571428571,0.0214414384204675,0.0172971456172564,0.004144292803211103
query,test,full:minus_intent,relevance_grade,1,query_language,MIXED,32,22,10,0.0,0.0,0.0,0.0,0.0,0.0416666666666666,0.009090909090909,0.0454545454545454,0.0227272727272727,0.0193163135612906,0.0375,0.009090909090909,0.0454545454545454,0.0227272727272727,0.0156282194413408,0.034375,0.009090909090909,0.0454545454545454,0.0227272727272727,0.0156282194413408,0.0296875,0.009090909090909,0.0454545454545454,0.0227272727272727,0.0156282194413408,0.0284319060967252,-0.012803686655384401
query,test,full:minus_intent,relevance_grade,1,query_intent,Comparative Treatment Choice,2,2,0,0.0,0.0,0.0,0.0,0.0,0.0,0.0,0.0,0.0,0.0,0.0,0.0,0.0,0.0,0.0,0.0,0.0,0.0,0.0,0.0,0.0,0.0,0.0,0.0,0.0,0.0,0.0
query,test,full:minus_intent,relevance_grade,1,query_intent,Dosing / Administration,19,14,5,0.0,0.0,0.0,0.0,0.0,0.0350877192982456,0.0142857142857142,0.0714285714285714,0.0357142857142857,0.0303542070248853,0.0421052631578947,0.0142857142857142,0.0714285714285714,0.0357142857142857,0.0245586305506785,0.0473684210526315,0.0142857142857142,0.0714285714285714,0.0357142857142857,0.0245586305506785,0.0342105263157894,0.0244897959183673,0.1428571428571428,0.0408163265306122,0.0311426859861463,0.0389245084918904,-0.0143658779412119
query,test,full:minus_intent,relevance_grade,1,query_intent,Efficacy / Outcomes,3,1,2,0.0,0.0,0.0,0.0,0.0,0.1111111111111111,0.0,0.0,0.0,0.0,0.0666666666666666,0.0,0.0,0.0,0.0,0.0333333333333333,0.0,0.0,0.0,0.0,0.0333333333333333,0.0,0.0,0.0,0.0,0.0,0.0
query,test,full:minus_intent,relevance_grade,1,query_intent,Guideline / Evidence Lookup,10,8,2,0.0,0.0,0.0,0.0,0.0,0.0,0.0,0.0,0.0,0.0,0.02,0.0,0.0,0.0,0.0,0.04,0.0,0.0,0.0,0.0,0.025,0.0,0.0,0.0,0.0,0.0,0.0
query,test,full:minus_intent,relevance_grade,1,query_intent,Interaction / Combination,7,7,0,0.0,0.0,0.0,0.0,0.0,0.0,0.0,0.0,0.0,0.0,0.0285714285714285,0.0285714285714285,0.1428571428571428,0.0285714285714285,0.0076646663780348,0.0285714285714285,0.0489795918367346,0.2857142857142857,0.0489795918367346,0.017010939532241,0.0285714285714285,0.0489795918367346,0.2857142857142857,0.0489795918367346,0.017010939532241,0.0099064375838791,0.0071045019483619
query,test,full:minus_intent,relevance_grade,1,query_intent,Management / Treatment Selection,11,7,4,0.0,0.0,0.0,0.0,0.0,0.0,0.0,0.0,0.0,0.0,0.0,0.0,0.0,0.0,0.0,0.0272727272727272,0.0178571428571428,0.1428571428571428,0.0204081632653061,0.0174643361233127,0.0318181818181818,0.0464285714285714,0.2857142857142857,0.0279269602577873,0.0227867732544595,0.0174643361233127,0.0
query,test,full:minus_intent,relevance_grade,1,query_intent,Mechanism / Background Knowledge,6,3,3,0.0,0.0,0.0,0.0,0.0,0.0,0.0,0.0,0.0,0.0,0.0333333333333333,0.0,0.0,0.0,0.0,0.0333333333333333,0.0,0.0,0.0,0.0,0.0166666666666666,0.0,0.0,0.0,0.0,0.0,0.0
query,test,full:minus_intent,relevance_grade,1,query_intent,Monitoring / Response / Risk Assessment,9,7,2,0.0,0.0,0.0,0.0,0.0,0.074074074074074,0.0,0.0,0.0,0.0,0.0888888888888888,0.0,0.0,0.0,0.0,0.0666666666666666,0.0,0.0,0.0,0.0,0.0666666666666666,0.0496031746031746,0.2857142857142857,0.023191094619666,0.0150048349756582,0.0207707457688752,-0.0207707457688752
query,test,full:minus_intent,relevance_grade,1,query_intent,Prophylaxis / Maintenance,8,6,2,0.0,0.0,0.0,0.0,0.0,0.125,0.0333333333333333,0.1666666666666666,0.0555555555555555,0.0193550760528581,0.075,0.0333333333333333,0.1666666666666666,0.0555555555555555,0.0182029499661682,0.0375,0.0333333333333333,0.1666666666666666,0.0555555555555555,0.0182029499661682,0.0375,0.0333333333333333,0.1666666666666666,0.0555555555555555,0.0182029499661682,0.0363960346797708,-0.018193084713602602
query,test,full:minus_intent,relevance_grade,1,query_intent,Safety / Contraindication,14,6,8,0.0,0.0,0.0,0.0,0.0,0.0,0.0,0.0,0.0,0.0,0.0,0.0,0.0,0.0,0.0,0.0214285714285714,0.0208333333333333,0.1666666666666666,0.0208333333333333,0.0026617219094556,0.0249999999999999,0.0208333333333333,0.1666666666666666,0.0208333333333333,0.0026617219094556,0.0026617219094556,0.0
query,test,full:minus_intent,relevance_grade,1,query_intent,Treatment Change / Escalation,11,7,4,0.0,0.0,0.0,0.0,0.0,0.0606060606060606,0.0,0.0,0.0,0.0,0.0545454545454545,0.0,0.0,0.0,0.0,0.0545454545454545,0.0,0.0,0.0,0.0,0.0545454545454545,0.0,0.0,0.0,0.0,0.0,0.0
query,test,full:minus_intent,relevance_grade,1,has_context,False,56,39,17,0.0,0.0,0.0,0.0,0.0,0.0416666666666666,0.0051282051282051,0.0256410256410256,0.0085470085470085,0.002977704008132,0.0357142857142857,0.0102564102564102,0.0512820512820512,0.0136752136752136,0.0041761631908526,0.0392857142857142,0.0171245421245421,0.1025641025641025,0.021001221001221,0.0089883238304073,0.0392857142857142,0.0311558811558811,0.1794871794871795,0.0265132528290423,0.0126368085675261,0.0142401754977203,-0.005251851667313
query,test,full:minus_intent,relevance_grade,1,has_context,True,44,29,15,0.0,0.0,0.0,0.0,0.0,0.0227272727272727,0.0068965517241379,0.0344827586206896,0.0172413793103448,0.0146537551154618,0.0363636363636363,0.0068965517241379,0.0344827586206896,0.0172413793103448,0.0118558906106724,0.0386363636363636,0.0112068965517241,0.0689655172413793,0.021551724137931,0.0124065916953873,0.0295454545454545,0.0161330049261083,0.1034482758620689,0.0240147783251231,0.015585101215958,0.0193418431152827,-0.006935251419895401
query,test,full:minus_intent,relevance_grade,1,multiple_entity_dimensions,True,100,68,32,0.0,0.0,0.0,0.0,0.0,0.0333333333333333,0.0058823529411764,0.0294117647058823,0.0122549019607843,0.0079571963921403,0.036,0.0088235294117647,0.0441176470588235,0.0151960784313725,0.0074513410610698,0.039,0.0146008403361344,0.088235294117647,0.0212359943977591,0.0104461145375311,0.035,0.0247490662931839,0.1470588235294117,0.025447726937665,0.0138941686675927,0.0164158866875631,-0.005969772150032001
query_dedup,validation,full:minus_bm25,relevance_grade,1,query_language,EN,44,25,19,0.0454545454545454,0.008,0.04,0.04,0.0057142857142857,0.0227272727272727,0.008,0.04,0.04,0.0033566879724253,0.0227272727272727,0.008,0.04,0.04,0.0031411875109733,0.034090909090909,0.0187142857142857,0.12,0.0494444444444444,0.009346300198977,0.0352272727272727,0.0774285714285714,0.2,0.0546545284780578,0.0267350676280343,0.0207151140864304,-0.011368813887453401
query_dedup,validation,full:minus_bm25,relevance_grade,1,query_language,ID,20,16,4,0.05,0.03125,0.0625,0.0625,0.0625,0.0666666666666666,0.0416666666666666,0.125,0.09375,0.0497045271821731,0.07,0.0416666666666666,0.125,0.09375,0.0475311860043456,0.045,0.0520833333333333,0.1875,0.1,0.0509294215719093,0.05,0.0703125,0.25,0.1044642857142857,0.0574111095574702,0.0559028782764385,-0.0049734567045292
query_dedup,validation,full:minus_bm25,relevance_grade,1,query_language,MIXED,35,28,7,0.0571428571428571,0.0142857142857142,0.0714285714285714,0.0714285714285714,0.0714285714285714,0.0571428571428571,0.0142857142857142,0.0714285714285714,0.0714285714285714,0.0408150944375976,0.0571428571428571,0.0142857142857142,0.0714285714285714,0.0714285714285714,0.0327361906206254,0.0342857142857142,0.0499999999999999,0.1071428571428571,0.075,0.0430599344176929,0.0385714285714285,0.0571428571428571,0.1428571428571428,0.0772321428571428,0.0437837380091079,0.0337900368090881,0.009269897608604805
query_dedup,validation,full:minus_bm25,relevance_grade,1,query_intent,Comparative Treatment Choice,2,1,1,0.0,0.0,0.0,0.0,0.0,0.1666666666666666,0.0,0.0,0.0,0.0,0.1,0.0,0.0,0.0,0.0,0.05,0.0,0.0,0.0,0.0,0.05,0.0,0.0,0.0,0.0,0.0,0.0
query_dedup,validation,full:minus_bm25,relevance_grade,1,query_intent,Dosing / Administration,21,13,8,0.0952380952380952,0.0307692307692307,0.1538461538461538,0.1538461538461538,0.1538461538461538,0.0317460317460317,0.0307692307692307,0.1538461538461538,0.1538461538461538,0.0879094341732873,0.019047619047619,0.0307692307692307,0.1538461538461538,0.1538461538461538,0.0705087182598087,0.019047619047619,0.0307692307692307,0.1538461538461538,0.1538461538461538,0.0705087182598087,0.0261904761904761,0.0307692307692307,0.1538461538461538,0.1538461538461538,0.0705087182598087,0.0705087182598087,0.0
query_dedup,validation,full:minus_bm25,relevance_grade,1,query_intent,Efficacy / Outcomes,3,1,2,0.0,0.0,0.0,0.0,0.0,0.0,0.0,0.0,0.0,0.0,0.0,0.0,0.0,0.0,0.0,0.0,0.0,0.0,0.0,0.0,0.0,0.0,0.0,0.0,0.0,0.0,0.0
query_dedup,validation,full:minus_bm25,relevance_grade,1,query_intent,Guideline / Evidence Lookup,8,7,1,0.0,0.0,0.0,0.0,0.0,0.0416666666666666,0.0,0.0,0.0,0.0,0.05,0.0,0.0,0.0,0.0,0.0375,0.0,0.0,0.0,0.0,0.0625,0.0489795918367346,0.2857142857142857,0.0191326530612244,0.004843183693448,0.0042153847538508,-0.0042153847538508
query_dedup,validation,full:minus_bm25,relevance_grade,1,query_intent,Interaction / Combination,4,4,0,0.25,0.125,0.25,0.25,0.25,0.1666666666666666,0.125,0.25,0.25,0.1532867981913646,0.15,0.125,0.25,0.25,0.1532867981913646,0.075,0.125,0.25,0.25,0.1532867981913646,0.05,0.375,0.5,0.2647058823529412,0.2132399148333974,0.2366201315246979,-0.08333333333333331
query_dedup,validation,full:minus_bm25,relevance_grade,1,query_intent,Management / Treatment Selection,14,10,4,0.0714285714285714,0.0,0.0,0.0,0.0,0.0238095238095238,0.0,0.0,0.0,0.0,0.0142857142857142,0.0,0.0,0.0,0.0,0.0214285714285714,0.0166666666666666,0.1,0.01,0.0065688666090046,0.0357142857142857,0.0333333333333333,0.1,0.01,0.012250002820455,0.0065688666090046,0.0
query_dedup,validation,full:minus_bm25,relevance_grade,1,query_intent,Mechanism / Background Knowledge,6,4,2,0.0,0.0,0.0,0.0,0.0,0.0,0.0,0.0,0.0,0.0,0.0666666666666666,0.0,0.0,0.0,0.0,0.0833333333333333,0.25,0.25,0.025,0.0722662065794719,0.0583333333333333,0.25,0.25,0.025,0.0722662065794719,0.0,0.0722662065794719
query_dedup,validation,full:minus_bm25,relevance_grade,1,query_intent,Monitoring / Response / Risk Assessment,9,6,3,0.0,0.0,0.0,0.0,0.0,0.0,0.0,0.0,0.0,0.0,0.0,0.0,0.0,0.0,0.0,0.0222222222222222,0.0238095238095238,0.1666666666666666,0.0208333333333333,0.0074541246038524,0.0277777777777777,0.0238095238095238,0.1666666666666666,0.0208333333333333,0.0074541246038524,0.0,0.0074541246038524
query_dedup,validation,full:minus_bm25,relevance_grade,1,query_intent,Prophylaxis / Maintenance,4,3,1,0.0,0.0,0.0,0.0,0.0,0.0,0.0,0.0,0.0,0.0,0.05,0.0,0.0,0.0,0.0,0.025,0.0,0.0,0.0,0.0,0.0375,0.0,0.0,0.0,0.0,0.0,0.0
query_dedup,validation,full:minus_bm25,relevance_grade,1,query_intent,Safety / Contraindication,14,10,4,0.0714285714285714,0.02,0.1,0.1,0.0142857142857142,0.119047619047619,0.0366666666666666,0.2,0.15,0.0266042441459944,0.1,0.0366666666666666,0.2,0.15,0.0225881471078404,0.0642857142857143,0.0491666666666666,0.3,0.1611111111111111,0.0324967643646355,0.05,0.0816666666666666,0.3,0.1611111111111111,0.0506238577510142,0.040015471239494,-0.007518706874858498
query_dedup,validation,full:minus_bm25,relevance_grade,1,query_intent,Treatment Change / Escalation,14,10,4,0.0,0.0,0.0,0.0,0.0,0.0238095238095238,0.0,0.0,0.0,0.0,0.0428571428571428,0.0,0.0,0.0,0.0,0.0357142857142857,0.0,0.0,0.0,0.0,0.0428571428571428,0.0125,0.1,0.0071428571428571,0.004689564565447,0.0,0.0
query_dedup,validation,full:minus_bm25,relevance_grade,1,has_context,False,50,33,17,0.04,0.0151515151515151,0.0303030303030303,0.0303030303030303,0.0303030303030303,0.0399999999999999,0.0202020202020202,0.0606060606060606,0.0454545454545454,0.0240991646943869,0.044,0.0202020202020202,0.0606060606060606,0.0454545454545454,0.0230454235172584,0.04,0.0598845598845598,0.1515151515151515,0.0553030303030303,0.0348078884573197,0.037,0.0952380952380952,0.1818181818181818,0.0570855614973262,0.0437964893264905,0.0372054359320106,-0.0023975474746909045
query_dedup,validation,full:minus_bm25,relevance_grade,1,has_context,True,49,36,13,0.0612244897959183,0.0166666666666666,0.0833333333333333,0.0833333333333333,0.0595238095238095,0.0476190476190476,0.0166666666666666,0.0833333333333333,0.0833333333333333,0.0340761067656491,0.0448979591836734,0.0166666666666666,0.0833333333333333,0.0833333333333333,0.0276428618097735,0.0326530612244898,0.0201388888888888,0.1111111111111111,0.0864197530864197,0.0307096137424673,0.0418367346938775,0.0421626984126984,0.1944444444444444,0.0921241181657848,0.037989304447256,0.0314073763744971,-0.0006977626320298011
query_dedup,validation,full:minus_bm25,relevance_grade,1,multiple_entity_dimensions,True,99,69,30,0.0505050505050505,0.0159420289855072,0.0579710144927536,0.0579710144927536,0.0455486542443064,0.0437710437710437,0.0183574879227053,0.072463768115942,0.0652173913043478,0.0293045257750454,0.0444444444444444,0.0183574879227053,0.072463768115942,0.0652173913043478,0.0254440869742228,0.0363636363636363,0.0391476880607315,0.1304347826086956,0.0715378421900161,0.0326696581713098,0.0393939393939393,0.0675465838509316,0.1884057971014492,0.0753665475852176,0.0407666537373247,0.0341803613802644,-0.0015107032089546057
query_dedup,validation,full:minus_dense,relevance_grade,1,query_language,EN,44,25,19,0.0681818181818181,0.008,0.04,0.04,0.0057142857142857,0.0227272727272727,0.008,0.04,0.04,0.0033566879724253,0.0136363636363636,0.008,0.04,0.04,0.0031411875109733,0.0272727272727272,0.053,0.12,0.0488888888888888,0.0195985101206116,0.0363636363636363,0.1294285714285714,0.28,0.0592811591573201,0.0337647467357369,0.0207151140864304,-0.0011166039658188007
query_dedup,validation,full:minus_dense,relevance_grade,1,query_language,ID,20,16,4,0.1,0.0416666666666666,0.125,0.125,0.0892857142857142,0.0666666666666666,0.0416666666666666,0.125,0.125,0.0563630545004298,0.05,0.0416666666666666,0.125,0.125,0.0529183902323,0.04,0.0520833333333333,0.1875,0.1319444444444444,0.0560728176685591,0.05,0.0598958333333333,0.25,0.1364087301587301,0.0590037955219635,0.0559028782764385,0.00016993939212060077
query_dedup,validation,full:minus_dense,relevance_grade,1,query_language,MIXED,35,28,7,0.0571428571428571,0.0142857142857142,0.0714285714285714,0.0714285714285714,0.0714285714285714,0.0666666666666666,0.0142857142857142,0.0714285714285714,0.0714285714285714,0.0408150944375976,0.0742857142857143,0.0142857142857142,0.0714285714285714,0.0714285714285714,0.0327361906206254,0.0542857142857142,0.0214285714285714,0.1071428571428571,0.0765306122448979,0.0337223640487163,0.0557142857142857,0.0265306122448979,0.1428571428571428,0.0784103114930182,0.0355539616294099,0.0337900368090881,-6.767276037179804e-05
query_dedup,validation,full:minus_dense,relevance_grade,1,query_intent,Comparative Treatment Choice,2,1,1,0.0,0.0,0.0,0.0,0.0,0.1666666666666666,0.0,0.0,0.0,0.0,0.1,0.0,0.0,0.0,0.0,0.1,0.0,0.0,0.0,0.0,0.05,0.0,0.0,0.0,0.0,0.0,0.0
query_dedup,validation,full:minus_dense,relevance_grade,1,query_intent,Dosing / Administration,21,13,8,0.0952380952380952,0.0307692307692307,0.1538461538461538,0.1538461538461538,0.1538461538461538,0.0317460317460317,0.0307692307692307,0.1538461538461538,0.1538461538461538,0.0879094341732873,0.0285714285714285,0.0307692307692307,0.1538461538461538,0.1538461538461538,0.0705087182598087,0.0142857142857142,0.0307692307692307,0.1538461538461538,0.1538461538461538,0.0705087182598087,0.0404761904761904,0.0417582417582417,0.2307692307692307,0.1578947368421052,0.0744536976643796,0.0705087182598087,0.0
query_dedup,validation,full:minus_dense,relevance_grade,1,query_intent,Efficacy / Outcomes,3,1,2,0.0,0.0,0.0,0.0,0.0,0.0,0.0,0.0,0.0,0.0,0.0,0.0,0.0,0.0,0.0,0.0,0.0,0.0,0.0,0.0,0.0,0.0,0.0,0.0,0.0,0.0,0.0
query_dedup,validation,full:minus_dense,relevance_grade,1,query_intent,Guideline / Evidence Lookup,8,7,1,0.0,0.0,0.0,0.0,0.0,0.0416666666666666,0.0,0.0,0.0,0.0,0.05,0.0,0.0,0.0,0.0,0.0375,0.0285714285714285,0.1428571428571428,0.0204081632653061,0.0039446937123632,0.075,0.1918367346938775,0.4285714285714285,0.0363303216023251,0.0388238176713471,0.0042153847538508,-0.00027069104148760067
query_dedup,validation,full:minus_dense,relevance_grade,1,query_intent,Interaction / Combination,4,4,0,0.25,0.125,0.25,0.25,0.25,0.0833333333333333,0.125,0.25,0.25,0.1532867981913646,0.05,0.125,0.25,0.25,0.1532867981913646,0.075,0.375,0.5,0.2777777777777778,0.2285442971073599,0.0625,0.375,0.5,0.2777777777777778,0.2285442971073599,0.2366201315246979,-0.008075834417338001
query_dedup,validation,full:minus_dense,relevance_grade,1,query_intent,Management / Treatment Selection,14,10,4,0.0714285714285714,0.0,0.0,0.0,0.0,0.0238095238095238,0.0,0.0,0.0,0.0,0.0142857142857142,0.0,0.0,0.0,0.0,0.0142857142857142,0.0166666666666666,0.1,0.0111111111111111,0.0068407696363975,0.0178571428571428,0.0166666666666666,0.1,0.0111111111111111,0.0068407696363975,0.0065688666090046,0.0002719030273929
query_dedup,validation,full:minus_dense,relevance_grade,1,query_intent,Mechanism / Background Knowledge,6,4,2,0.0,0.0,0.0,0.0,0.0,0.0,0.0,0.0,0.0,0.0,0.0333333333333333,0.0,0.0,0.0,0.0,0.0833333333333333,0.0,0.0,0.0,0.0,0.0583333333333333,0.125,0.25,0.0192307692307692,0.0086047684724874,0.0,0.0
query_dedup,validation,full:minus_dense,relevance_grade,1,query_intent,Monitoring / Response / Risk Assessment,9,6,3,0.0,0.0,0.0,0.0,0.0,0.0,0.0,0.0,0.0,0.0,0.0,0.0,0.0,0.0,0.0,0.0111111111111111,0.0,0.0,0.0,0.0,0.0388888888888888,0.0238095238095238,0.1666666666666666,0.0119047619047619,0.00604803624964,0.0,0.0
query_dedup,validation,full:minus_dense,relevance_grade,1,query_intent,Prophylaxis / Maintenance,4,3,1,0.0,0.0,0.0,0.0,0.0,0.0,0.0,0.0,0.0,0.0,0.05,0.0,0.0,0.0,0.0,0.025,0.0,0.0,0.0,0.0,0.05,0.0,0.0,0.0,0.0,0.0,0.0
query_dedup,validation,full:minus_dense,relevance_grade,1,query_intent,Safety / Contraindication,14,10,4,0.2142857142857142,0.0366666666666666,0.2,0.2,0.0571428571428571,0.119047619047619,0.0366666666666666,0.2,0.2,0.0372578878552052,0.0714285714285714,0.0366666666666666,0.2,0.2,0.0312076738725675,0.0714285714285714,0.0491666666666666,0.3,0.2111111111111111,0.0404542950918823,0.05,0.0616666666666666,0.3,0.2111111111111111,0.0443837707196276,0.040015471239494,0.0004388238523883037
query_dedup,validation,full:minus_dense,relevance_grade,1,query_intent,Treatment Change / Escalation,14,10,4,0.0,0.0,0.0,0.0,0.0,0.0714285714285714,0.0,0.0,0.0,0.0,0.0857142857142857,0.0,0.0,0.0,0.0,0.0642857142857143,0.0,0.0,0.0,0.0,0.0642857142857143,0.0125,0.1,0.0071428571428571,0.004689564565447,0.0,0.0
query_dedup,validation,full:minus_dense,relevance_grade,1,has_context,False,50,33,17,0.06,0.0202020202020202,0.0606060606060606,0.0606060606060606,0.0432900432900432,0.0266666666666666,0.0202020202020202,0.0606060606060606,0.0606060606060606,0.0273275415759659,0.032,0.0202020202020202,0.0606060606060606,0.0606060606060606,0.0256574013247515,0.038,0.0555555555555555,0.1212121212121212,0.0673400673400673,0.0363089417685129,0.041,0.075036075036075,0.1818181818181818,0.0718355718355718,0.0384515869620823,0.0372054359320106,-0.0008964941634976992
query_dedup,validation,full:minus_dense,relevance_grade,1,has_context,True,49,36,13,0.0816326530612244,0.0166666666666666,0.0833333333333333,0.0833333333333333,0.0595238095238095,0.0680272108843537,0.0166666666666666,0.0833333333333333,0.0833333333333333,0.0340761067656491,0.0530612244897959,0.0166666666666666,0.0833333333333333,0.0833333333333333,0.0276428618097735,0.0408163265306122,0.0256944444444444,0.1388888888888889,0.0903880070546737,0.0314766375198713,0.0510204081632653,0.0683531746031746,0.25,0.0969300975750924,0.0420774431283222,0.0314073763744971,6.92611453741998e-05
query_dedup,validation,full:minus_dense,relevance_grade,1,multiple_entity_dimensions,True,99,69,30,0.0707070707070707,0.0183574879227053,0.072463768115942,0.072463768115942,0.05175983436853,0.0471380471380471,0.0183574879227053,0.072463768115942,0.072463768115942,0.0308485321097137,0.0424242424242424,0.0183574879227053,0.072463768115942,0.072463768115942,0.0266932937517195,0.0393939393939394,0.039975845410628,0.1304347826086956,0.0793650793650793,0.0337877395518303,0.0459595959595959,0.0715493443754313,0.217391304347826,0.0849283678735825,0.0403433380053379,0.0341803613802644,-0.0003926218284341018
query_dedup,validation,full:minus_entities,relevance_grade,1,query_language,EN,44,25,19,0.0681818181818181,0.008,0.04,0.04,0.0057142857142857,0.0227272727272727,0.008,0.04,0.04,0.0033566879724253,0.0227272727272727,0.048,0.08,0.05,0.020368249833909,0.0295454545454545,0.053,0.12,0.054,0.0246088430760328,0.0375,0.0751428571428571,0.24,0.0602222222222222,0.0316060688752627,0.0207151140864304,0.003893728989602399
query_dedup,validation,full:minus_entities,relevance_grade,1,query_language,ID,20,16,4,0.1,0.0416666666666666,0.125,0.125,0.0892857142857142,0.0333333333333333,0.0416666666666666,0.125,0.125,0.0563630545004298,0.05,0.0416666666666666,0.125,0.125,0.0529183902323,0.025,0.0416666666666666,0.125,0.125,0.0517973366458106,0.035,0.0564236111111111,0.25,0.1338848039215686,0.0570656110031371,0.0559028782764385,-0.004105541630627901
query_dedup,validation,full:minus_entities,relevance_grade,1,query_language,MIXED,35,28,7,0.0571428571428571,0.0142857142857142,0.0714285714285714,0.0714285714285714,0.0714285714285714,0.0571428571428571,0.0214285714285714,0.1071428571428571,0.0833333333333333,0.0425333187187966,0.0514285714285714,0.0214285714285714,0.1071428571428571,0.0833333333333333,0.0342154507627617,0.0485714285714285,0.0214285714285714,0.1071428571428571,0.0833333333333333,0.0342154507627617,0.0471428571428571,0.0354591836734693,0.1785714285714285,0.087593984962406,0.0376134606746419,0.0337900368090881,0.00042541395367360485
query_dedup,validation,full:minus_entities,relevance_grade,1,query_intent,Comparative Treatment Choice,2,1,1,0.0,0.0,0.0,0.0,0.0,0.0,0.0,0.0,0.0,0.0,0.0,0.0,0.0,0.0,0.0,0.05,0.0,0.0,0.0,0.0,0.05,0.0,0.0,0.0,0.0,0.0,0.0
query_dedup,validation,full:minus_entities,relevance_grade,1,query_intent,Dosing / Administration,21,13,8,0.0952380952380952,0.0307692307692307,0.1538461538461538,0.1538461538461538,0.1538461538461538,0.0317460317460317,0.0307692307692307,0.1538461538461538,0.1538461538461538,0.0879094341732873,0.019047619047619,0.0307692307692307,0.1538461538461538,0.1538461538461538,0.0705087182598087,0.0238095238095238,0.0307692307692307,0.1538461538461538,0.1538461538461538,0.0705087182598087,0.0333333333333333,0.0417582417582417,0.2307692307692307,0.1589743589743589,0.0747711975904004,0.0705087182598087,0.0
query_dedup,validation,full:minus_entities,relevance_grade,1,query_intent,Efficacy / Outcomes,3,1,2,0.0,0.0,0.0,0.0,0.0,0.0,0.0,0.0,0.0,0.0,0.0,0.0,0.0,0.0,0.0,0.0,0.0,0.0,0.0,0.0,0.0,0.0,0.0,0.0,0.0,0.0,0.0
query_dedup,validation,full:minus_entities,relevance_grade,1,query_intent,Guideline / Evidence Lookup,8,7,1,0.0,0.0,0.0,0.0,0.0,0.0833333333333333,0.0285714285714285,0.1428571428571428,0.0476190476190476,0.0068728971247956,0.075,0.0285714285714285,0.1428571428571428,0.0476190476190476,0.0059170405685448,0.05,0.0285714285714285,0.1428571428571428,0.0476190476190476,0.0059170405685448,0.0625,0.0489795918367346,0.2857142857142857,0.0547619047619047,0.0076497256900254,0.0042153847538508,0.0017016558146939996
query_dedup,validation,full:minus_entities,relevance_grade,1,query_intent,Interaction / Combination,4,4,0,0.25,0.125,0.25,0.25,0.25,0.0833333333333333,0.125,0.25,0.25,0.1532867981913646,0.1,0.375,0.5,0.3125,0.2609559377097128,0.075,0.375,0.5,0.3125,0.2609559377097128,0.0625,0.375,0.5,0.3125,0.2609559377097128,0.2366201315246979,0.024335806185014908
query_dedup,validation,full:minus_entities,relevance_grade,1,query_intent,Management / Treatment Selection,14,10,4,0.0714285714285714,0.0,0.0,0.0,0.0,0.0238095238095238,0.0,0.0,0.0,0.0,0.0285714285714285,0.0,0.0,0.0,0.0,0.0142857142857142,0.0,0.0,0.0,0.0,0.0249999999999999,0.0253968253968253,0.2,0.011437908496732,0.0080984509745471,0.0065688666090046,-0.0065688666090046
query_dedup,validation,full:minus_entities,relevance_grade,1,query_intent,Mechanism / Background Knowledge,6,4,2,0.0,0.0,0.0,0.0,0.0,0.0,0.0,0.0,0.0,0.0,0.0666666666666666,0.0,0.0,0.0,0.0,0.0666666666666666,0.0,0.0,0.0,0.0,0.0583333333333333,0.0,0.0,0.0,0.0,0.0,0.0
query_dedup,validation,full:minus_entities,relevance_grade,1,query_intent,Monitoring / Response / Risk Assessment,9,6,3,0.0,0.0,0.0,0.0,0.0,0.0,0.0,0.0,0.0,0.0,0.0,0.0,0.0,0.0,0.0,0.0111111111111111,0.0,0.0,0.0,0.0,0.0333333333333333,0.0238095238095238,0.1666666666666666,0.0083333333333333,0.0125524558525407,0.0,0.0
query_dedup,validation,full:minus_entities,relevance_grade,1,query_intent,Prophylaxis / Maintenance,4,3,1,0.0,0.0,0.0,0.0,0.0,0.0,0.0,0.0,0.0,0.0,0.0,0.0,0.0,0.0,0.0,0.025,0.0,0.0,0.0,0.0,0.025,0.0833333333333333,0.3333333333333333,0.0175438596491228,0.0132440154116518,0.0,0.0
query_dedup,validation,full:minus_entities,relevance_grade,1,query_intent,Safety / Contraindication,14,10,4,0.2142857142857142,0.0366666666666666,0.2,0.2,0.0571428571428571,0.0952380952380952,0.0366666666666666,0.2,0.2,0.0372578878552052,0.0999999999999999,0.0366666666666666,0.2,0.2,0.0312076738725675,0.0785714285714285,0.0491666666666666,0.3,0.21,0.040015471239494,0.0464285714285714,0.0616666666666666,0.3,0.21,0.0441437710257632,0.040015471239494,0.0
query_dedup,validation,full:minus_entities,relevance_grade,1,query_intent,Treatment Change / Escalation,14,10,4,0.0,0.0,0.0,0.0,0.0,0.0238095238095238,0.0,0.0,0.0,0.0,0.0142857142857142,0.0,0.0,0.0,0.0,0.0214285714285714,0.0,0.0,0.0,0.0,0.05,0.0125,0.1,0.0083333333333333,0.00495119961242,0.0,0.0
query_dedup,validation,full:minus_entities,relevance_grade,1,has_context,False,50,33,17,0.06,0.0202020202020202,0.0606060606060606,0.0606060606060606,0.0432900432900432,0.0266666666666666,0.0202020202020202,0.0606060606060606,0.0606060606060606,0.0273275415759659,0.04,0.0505050505050505,0.0909090909090909,0.0681818181818181,0.0387082061148543,0.038,0.0505050505050505,0.0909090909090909,0.0681818181818181,0.038164664982011,0.036,0.0701058201058201,0.2121212121212121,0.0747578989065057,0.0441050071364253,0.0372054359320106,0.0009592290500003986
query_dedup,validation,full:minus_entities,relevance_grade,1,has_context,True,49,36,13,0.0816326530612244,0.0166666666666666,0.0833333333333333,0.0833333333333333,0.0595238095238095,0.0476190476190476,0.0222222222222222,0.1111111111111111,0.0925925925925926,0.0354125034288038,0.036734693877551,0.0222222222222222,0.1111111111111111,0.0925925925925926,0.0287933974758794,0.0326530612244898,0.0256944444444444,0.1388888888888889,0.0953703703703703,0.0317382538940209,0.0448979591836734,0.0405753968253968,0.2222222222222222,0.1009259259259259,0.0361364767033251,0.0314073763744971,0.00033087751952379924
query_dedup,validation,full:minus_entities,relevance_grade,1,multiple_entity_dimensions,True,99,69,30,0.0707070707070707,0.0183574879227053,0.072463768115942,0.072463768115942,0.05175983436853,0.037037037037037,0.0212560386473429,0.0869565217391304,0.0772946859903381,0.0315457825426639,0.0383838383838383,0.0357487922705314,0.1014492753623188,0.0809178743961352,0.0335352624771283,0.0353535353535353,0.0375603864734299,0.1159420289855072,0.0823671497584541,0.0348117548491466,0.0404040404040404,0.054698642742121,0.217391304347826,0.0884107825688119,0.0399475129974165,0.0341803613802644,0.0006313934688821979
query_dedup,validation,full:minus_context,relevance_grade,1,query_language,EN,44,25,19,0.0454545454545454,0.008,0.04,0.04,0.0057142857142857,0.0227272727272727,0.008,0.04,0.04,0.0033566879724253,0.0227272727272727,0.008,0.04,0.04,0.0031411875109733,0.0272727272727272,0.048,0.08,0.0457142857142857,0.0164745208443066,0.034090909090909,0.0667142857142857,0.16,0.050172490048651,0.0266841699527354,0.0207151140864304,-0.004240593242123801
query_dedup,validation,full:minus_context,relevance_grade,1,query_language,ID,20,16,4,0.1,0.0416666666666666,0.125,0.125,0.0892857142857142,0.05,0.0416666666666666,0.125,0.125,0.0563630545004298,0.05,0.0416666666666666,0.125,0.125,0.0529183902323,0.04,0.0520833333333333,0.1875,0.13125,0.0559028782764385,0.04,0.0520833333333333,0.1875,0.13125,0.0559028782764385,0.0559028782764385,0.0
query_dedup,validation,full:minus_context,relevance_grade,1,query_language,MIXED,35,28,7,0.0571428571428571,0.0071428571428571,0.0357142857142857,0.0357142857142857,0.0357142857142857,0.0571428571428571,0.0142857142857142,0.0714285714285714,0.0535714285714285,0.0319370580132553,0.0628571428571428,0.0321428571428571,0.1071428571428571,0.0607142857142857,0.0293583849422177,0.06,0.0392857142857142,0.1428571428571428,0.0658163265306122,0.0303445583703085,0.0499999999999999,0.0452380952380952,0.1785714285714285,0.0676020408163265,0.0309657140796025,0.0337900368090881,-0.003445478438779598
query_dedup,validation,full:minus_context,relevance_grade,1,query_intent,Comparative Treatment Choice,2,1,1,0.0,0.0,0.0,0.0,0.0,0.0,0.0,0.0,0.0,0.0,0.0,0.0,0.0,0.0,0.0,0.0,0.0,0.0,0.0,0.0,0.025,0.0,0.0,0.0,0.0,0.0,0.0
query_dedup,validation,full:minus_context,relevance_grade,1,query_intent,Dosing / Administration,21,13,8,0.0952380952380952,0.0153846153846153,0.0769230769230769,0.0769230769230769,0.0769230769230769,0.0634920634920634,0.0307692307692307,0.1538461538461538,0.1153846153846153,0.0687875095670116,0.0476190476190476,0.0692307692307692,0.2307692307692307,0.1307692307692307,0.0632334444909305,0.0285714285714285,0.0692307692307692,0.2307692307692307,0.1307692307692307,0.0632334444909305,0.0309523809523809,0.0692307692307692,0.2307692307692307,0.1307692307692307,0.0632334444909305,0.0705087182598087,-0.007275273768878196
query_dedup,validation,full:minus_context,relevance_grade,1,query_intent,Efficacy / Outcomes,3,1,2,0.0,0.0,0.0,0.0,0.0,0.0,0.0,0.0,0.0,0.0,0.0,0.0,0.0,0.0,0.0,0.0,0.0,0.0,0.0,0.0,0.0,0.0,0.0,0.0,0.0,0.0,0.0
query_dedup,validation,full:minus_context,relevance_grade,1,query_intent,Guideline / Evidence Lookup,8,7,1,0.0,0.0,0.0,0.0,0.0,0.0,0.0,0.0,0.0,0.0,0.025,0.0,0.0,0.0,0.0,0.0625,0.0285714285714285,0.1428571428571428,0.0204081632653061,0.0039446937123632,0.05625,0.0285714285714285,0.1428571428571428,0.0204081632653061,0.0039446937123632,0.0042153847538508,-0.00027069104148760067
query_dedup,validation,full:minus_context,relevance_grade,1,query_intent,Interaction / Combination,4,4,0,0.25,0.125,0.25,0.25,0.25,0.0833333333333333,0.125,0.25,0.25,0.1532867981913646,0.05,0.125,0.25,0.25,0.1532867981913646,0.075,0.375,0.5,0.2857142857142857,0.2366201315246979,0.0625,0.375,0.5,0.2857142857142857,0.2366201315246979,0.2366201315246979,0.0
query_dedup,validation,full:minus_context,relevance_grade,1,query_intent,Management / Treatment Selection,14,10,4,0.0714285714285714,0.0,0.0,0.0,0.0,0.0238095238095238,0.0,0.0,0.0,0.0,0.0142857142857142,0.0,0.0,0.0,0.0,0.0214285714285714,0.0166666666666666,0.1,0.01,0.0065688666090046,0.0178571428571428,0.0166666666666666,0.1,0.01,0.0065688666090046,0.0065688666090046,0.0
query_dedup,validation,full:minus_context,relevance_grade,1,query_intent,Mechanism / Background Knowledge,6,4,2,0.0,0.0,0.0,0.0,0.0,0.0,0.0,0.0,0.0,0.0,0.0333333333333333,0.0,0.0,0.0,0.0,0.0666666666666666,0.0,0.0,0.0,0.0,0.0666666666666666,0.0,0.0,0.0,0.0,0.0,0.0
query_dedup,validation,full:minus_context,relevance_grade,1,query_intent,Monitoring / Response / Risk Assessment,9,6,3,0.0,0.0,0.0,0.0,0.0,0.0,0.0,0.0,0.0,0.0,0.0,0.0,0.0,0.0,0.0,0.0111111111111111,0.0,0.0,0.0,0.0,0.0277777777777777,0.0238095238095238,0.1666666666666666,0.0087719298245614,0.0054672394882206,0.0,0.0
query_dedup,validation,full:minus_context,relevance_grade,1,query_intent,Prophylaxis / Maintenance,4,3,1,0.0,0.0,0.0,0.0,0.0,0.0,0.0,0.0,0.0,0.0,0.0,0.0,0.0,0.0,0.0,0.025,0.0,0.0,0.0,0.0,0.0375,0.0,0.0,0.0,0.0,0.0,0.0
query_dedup,validation,full:minus_context,relevance_grade,1,query_intent,Safety / Contraindication,14,10,4,0.1428571428571428,0.0366666666666666,0.2,0.2,0.0571428571428571,0.0714285714285714,0.0366666666666666,0.2,0.2,0.0372578878552052,0.0857142857142857,0.0366666666666666,0.2,0.2,0.0312076738725675,0.0571428571428571,0.0366666666666666,0.2,0.2,0.0294139881341845,0.0571428571428571,0.0691666666666666,0.3,0.2058823529411764,0.0516577672123241,0.040015471239494,-0.010601483105309499
query_dedup,validation,full:minus_context,relevance_grade,1,query_intent,Treatment Change / Escalation,14,10,4,0.0,0.0,0.0,0.0,0.0,0.0714285714285714,0.0,0.0,0.0,0.0,0.0857142857142857,0.0,0.0,0.0,0.0,0.0714285714285714,0.0,0.0,0.0,0.0,0.0571428571428571,0.0166666666666666,0.1,0.005,0.0017392359860231,0.0,0.0
query_dedup,validation,full:minus_context,relevance_grade,1,has_context,False,50,33,17,0.06,0.0202020202020202,0.0606060606060606,0.0606060606060606,0.0432900432900432,0.0266666666666666,0.0202020202020202,0.0606060606060606,0.0606060606060606,0.0273275415759659,0.028,0.0202020202020202,0.0606060606060606,0.0606060606060606,0.0256574013247515,0.04,0.0555555555555555,0.1212121212121212,0.0679653679653679,0.0372054359320106,0.04,0.0598845598845598,0.1515151515151515,0.0695602642971064,0.0381994794753234,0.0372054359320106,0.0
query_dedup,validation,full:minus_context,relevance_grade,1,has_context,True,49,36,13,0.0612244897959183,0.0111111111111111,0.0555555555555555,0.0555555555555555,0.0317460317460317,0.0544217687074829,0.0166666666666666,0.0833333333333333,0.0694444444444444,0.0271709673244939,0.0571428571428571,0.0305555555555555,0.1111111111111111,0.075,0.0250156796154564,0.0428571428571428,0.0361111111111111,0.1388888888888889,0.0789682539682539,0.0257827033928603,0.0418367346938775,0.0497685185185185,0.1944444444444444,0.0819911297852474,0.0324446520217944,0.0314073763744971,-0.0056246729816368
query_dedup,validation,full:minus_context,relevance_grade,1,multiple_entity_dimensions,True,99,69,30,0.0606060606060606,0.0154589371980676,0.0579710144927536,0.0579710144927536,0.0372670807453416,0.0404040404040404,0.0183574879227053,0.072463768115942,0.0652173913043478,0.0272458506621545,0.0424242424242424,0.0256038647342995,0.0869565217391304,0.0681159420289855,0.0253225899981627,0.0414141414141414,0.0454106280193236,0.1304347826086956,0.0737060041407867,0.0312457493898452,0.0409090909090909,0.0546066252587991,0.1739130434782608,0.0760459332474408,0.035196960803917,0.0341803613802644,-0.0029346119904192017
query_dedup,validation,full:minus_intent,relevance_grade,1,query_language,EN,44,25,19,0.0454545454545454,0.008,0.04,0.04,0.0057142857142857,0.0227272727272727,0.008,0.04,0.04,0.0033566879724253,0.0227272727272727,0.008,0.04,0.04,0.0031411875109733,0.025,0.016,0.04,0.04,0.0094972352670132,0.0284090909090909,0.061,0.12,0.0456862745098039,0.0238248204831795,0.0207151140864304,-0.011217878819417201
query_dedup,validation,full:minus_intent,relevance_grade,1,query_language,ID,20,16,4,0.1,0.0416666666666666,0.125,0.125,0.0892857142857142,0.0666666666666666,0.0416666666666666,0.125,0.125,0.0563630545004298,0.06,0.0416666666666666,0.125,0.125,0.0529183902323,0.0399999999999999,0.0416666666666666,0.125,0.125,0.0517973366458106,0.0525,0.1070188492063492,0.4375,0.1450429459064327,0.0751561108416713,0.0559028782764385,-0.004105541630627901
query_dedup,validation,full:minus_intent,relevance_grade,1,query_language,MIXED,35,28,7,0.0857142857142857,0.0071428571428571,0.0357142857142857,0.0357142857142857,0.0357142857142857,0.0857142857142857,0.0321428571428571,0.1071428571428571,0.0654761904761904,0.0368551214485444,0.0685714285714285,0.0321428571428571,0.1071428571428571,0.0654761904761904,0.0304713150853085,0.06,0.0392857142857142,0.1428571428571428,0.070578231292517,0.0314574885133994,0.0671428571428571,0.075,0.1785714285714285,0.0733254840397697,0.040837829050442,0.0337900368090881,-0.0023325482956886995
query_dedup,validation,full:minus_intent,relevance_grade,1,query_intent,Comparative Treatment Choice,2,1,1,0.0,0.0,0.0,0.0,0.0,0.0,0.0,0.0,0.0,0.0,0.1,0.0,0.0,0.0,0.0,0.05,0.0,0.0,0.0,0.0,0.075,0.0,0.0,0.0,0.0,0.0,0.0
query_dedup,validation,full:minus_intent,relevance_grade,1,query_intent,Dosing / Administration,21,13,8,0.0952380952380952,0.0153846153846153,0.0769230769230769,0.0769230769230769,0.0769230769230769,0.0634920634920634,0.0692307692307692,0.2307692307692307,0.141025641025641,0.0793802615814803,0.0380952380952381,0.0692307692307692,0.2307692307692307,0.141025641025641,0.0656305247991261,0.0238095238095238,0.0692307692307692,0.2307692307692307,0.141025641025641,0.0656305247991261,0.0285714285714285,0.0692307692307692,0.2307692307692307,0.141025641025641,0.0656305247991261,0.0705087182598087,-0.004878193460682606
query_dedup,validation,full:minus_intent,relevance_grade,1,query_intent,Efficacy / Outcomes,3,1,2,0.0,0.0,0.0,0.0,0.0,0.0,0.0,0.0,0.0,0.0,0.0,0.0,0.0,0.0,0.0,0.0,0.0,0.0,0.0,0.0,0.0166666666666666,1.0,1.0,0.0769230769230769,0.2626495350371935,0.0,0.0
query_dedup,validation,full:minus_intent,relevance_grade,1,query_intent,Guideline / Evidence Lookup,8,7,1,0.125,0.0,0.0,0.0,0.0,0.0416666666666666,0.0,0.0,0.0,0.0,0.025,0.0,0.0,0.0,0.0,0.05,0.0285714285714285,0.1428571428571428,0.0204081632653061,0.0039446937123632,0.075,0.0285714285714285,0.1428571428571428,0.0204081632653061,0.0039446937123632,0.0042153847538508,-0.00027069104148760067
query_dedup,validation,full:minus_intent,relevance_grade,1,query_intent,Interaction / Combination,4,4,0,0.25,0.125,0.25,0.25,0.25,0.0833333333333333,0.125,0.25,0.25,0.1532867981913646,0.05,0.125,0.25,0.25,0.1532867981913646,0.025,0.125,0.25,0.25,0.1532867981913646,0.0625,0.5,0.75,0.2916666666666667,0.2622702782395019,0.2366201315246979,-0.08333333333333331
query_dedup,validation,full:minus_intent,relevance_grade,1,query_intent,Management / Treatment Selection,14,10,4,0.0714285714285714,0.0,0.0,0.0,0.0,0.0238095238095238,0.0,0.0,0.0,0.0,0.0285714285714285,0.0,0.0,0.0,0.0,0.0214285714285714,0.0,0.0,0.0,0.0,0.0214285714285714,0.0277777777777777,0.2,0.0115131578947368,0.013537113685549,0.0065688666090046,-0.0065688666090046
query_dedup,validation,full:minus_intent,relevance_grade,1,query_intent,Mechanism / Background Knowledge,6,4,2,0.0,0.0,0.0,0.0,0.0,0.0,0.0,0.0,0.0,0.0,0.0333333333333333,0.0,0.0,0.0,0.0,0.0666666666666666,0.0,0.0,0.0,0.0,0.0666666666666666,0.0,0.0,0.0,0.0,0.0,0.0
query_dedup,validation,full:minus_intent,relevance_grade,1,query_intent,Monitoring / Response / Risk Assessment,9,6,3,0.0,0.0,0.0,0.0,0.0,0.037037037037037,0.0,0.0,0.0,0.0,0.0444444444444444,0.0,0.0,0.0,0.0,0.0333333333333333,0.0,0.0,0.0,0.0,0.0166666666666666,0.0,0.0,0.0,0.0,0.0,0.0
query_dedup,validation,full:minus_intent,relevance_grade,1,query_intent,Prophylaxis / Maintenance,4,3,1,0.0,0.0,0.0,0.0,0.0,0.0,0.0,0.0,0.0,0.0,0.0,0.0,0.0,0.0,0.0,0.0,0.0,0.0,0.0,0.0,0.0625,0.0476190476190476,0.3333333333333333,0.0185185185185185,0.0089564817558134,0.0,0.0
query_dedup,validation,full:minus_intent,relevance_grade,1,query_intent,Safety / Contraindication,14,10,4,0.1428571428571428,0.0366666666666666,0.2,0.2,0.0571428571428571,0.0952380952380952,0.0366666666666666,0.2,0.2,0.0372578878552052,0.0857142857142857,0.0366666666666666,0.2,0.2,0.0312076738725675,0.0714285714285714,0.0566666666666666,0.2,0.2,0.0453041075242843,0.0607142857142857,0.0691666666666666,0.3,0.2058823529411764,0.0540992551219681,0.040015471239494,0.005288636284790302
query_dedup,validation,full:minus_intent,relevance_grade,1,query_intent,Treatment Change / Escalation,14,10,4,0.0,0.0,0.0,0.0,0.0,0.0952380952380952,0.0,0.0,0.0,0.0,0.0714285714285714,0.0,0.0,0.0,0.0,0.0642857142857143,0.0,0.0,0.0,0.0,0.075,0.0125,0.1,0.0066666666666666,0.0045804039245609,0.0,0.0
query_dedup,validation,full:minus_intent,relevance_grade,1,has_context,False,50,33,17,0.06,0.0202020202020202,0.0606060606060606,0.0606060606060606,0.0432900432900432,0.04,0.0202020202020202,0.0606060606060606,0.0606060606060606,0.0273275415759659,0.036,0.0202020202020202,0.0606060606060606,0.0606060606060606,0.0256574013247515,0.042,0.0202020202020202,0.0606060606060606,0.0606060606060606,0.0251138601919082,0.048,0.1087061087061087,0.2424242424242424,0.0731599053967475,0.0511994370813831,0.0372054359320106,-0.012091575740102403
query_dedup,validation,full:minus_intent,relevance_grade,1,has_context,True,49,36,13,0.0816326530612244,0.0111111111111111,0.0555555555555555,0.0555555555555555,0.0317460317460317,0.0680272108843537,0.0305555555555555,0.1111111111111111,0.0787037037037037,0.0309961277741632,0.0571428571428571,0.0305555555555555,0.1111111111111111,0.0787037037037037,0.0258812919489714,0.0387755102040816,0.0416666666666666,0.1388888888888889,0.0826719576719576,0.0310622377791809,0.0459183673469387,0.0486111111111111,0.1944444444444444,0.0861577964519141,0.0347776687575822,0.0314073763744971,-0.0003451385953162009
query_dedup,validation,full:minus_intent,relevance_grade,1,multiple_entity_dimensions,True,99,69,30,0.0707070707070707,0.0154589371980676,0.0579710144927536,0.0579710144927536,0.0372670807453416,0.0538720538720538,0.0256038647342995,0.0869565217391304,0.0700483091787439,0.0292415865489384,0.0464646464646464,0.0256038647342995,0.0869565217391304,0.0700483091787439,0.0257742138243445,0.0404040404040404,0.0314009661835748,0.1014492753623188,0.0721187025534851,0.0282173615417896,0.0469696969696969,0.0773521969174143,0.217391304347826,0.0799414137733561,0.0426315579559218,0.0341803613802644,-0.0059629998384748036
query_dedup,test,full:minus_bm25,relevance_grade,1,query_language,EN,47,31,16,0.0,0.0,0.0,0.0,0.0,0.0283687943262411,0.0064516129032258,0.032258064516129,0.0161290322580645,0.0047271071087948,0.025531914893617,0.0064516129032258,0.032258064516129,0.0161290322580645,0.004445722349585,0.0234042553191489,0.0064516129032258,0.032258064516129,0.0161290322580645,0.004445722349585,0.0308510638297872,0.0300563236047107,0.1935483870967742,0.028639608336003,0.016417582479432,0.0094142001827951,-0.0049684778332101
query_dedup,test,full:minus_bm25,relevance_grade,1,query_language,ID,22,17,5,0.0,0.0,0.0,0.0,0.0,0.0757575757575757,0.0117647058823529,0.0588235294117647,0.0196078431372549,0.0046007718237525,0.0545454545454545,0.0117647058823529,0.0588235294117647,0.0196078431372549,0.0040791213580678,0.0681818181818181,0.0264705882352941,0.1764705882352941,0.0328431372549019,0.0078919213275285,0.0568181818181818,0.0485294117647058,0.2352941176470588,0.0365196078431372,0.0232466604322621,0.0122097498474751,-0.004317828519946599
query_dedup,test,full:minus_bm25,relevance_grade,1,query_language,MIXED,32,20,12,0.0625,0.0,0.0,0.0,0.0,0.0416666666666666,0.0,0.0,0.0,0.0,0.0375,0.0083333333333333,0.05,0.01,0.0071890833694368,0.04375,0.0145833333333333,0.1,0.0155555555555555,0.0101453968644848,0.0421875,0.0508928571428571,0.3,0.0286999550157444,0.0202797997470136,0.0132069833217381,-0.0030615864572532993
query_dedup,test,full:minus_bm25,relevance_grade,1,query_intent,Comparative Treatment Choice,6,6,0,0.0,0.0,0.0,0.0,0.0,0.0,0.0,0.0,0.0,0.0,0.0,0.0,0.0,0.0,0.0,0.0166666666666666,0.0208333333333333,0.1666666666666666,0.0185185185185185,0.0108672085462754,0.0333333333333333,0.0208333333333333,0.1666666666666666,0.0185185185185185,0.0108672085462754,0.0104352649112609,0.0004319436350144999
query_dedup,test,full:minus_bm25,relevance_grade,1,query_intent,Dosing / Administration,25,17,8,0.04,0.0,0.0,0.0,0.0,0.04,0.0,0.0,0.0,0.0,0.024,0.0,0.0,0.0,0.0,0.036,0.0,0.0,0.0,0.0,0.04,0.0359243697478991,0.2352941176470588,0.0178704164772276,0.0169164755896766,0.0112275725612651,-0.0112275725612651
query_dedup,test,full:minus_bm25,relevance_grade,1,query_intent,Efficacy / Outcomes,6,3,3,0.0,0.0,0.0,0.0,0.0,0.0555555555555555,0.0,0.0,0.0,0.0,0.0333333333333333,0.0,0.0,0.0,0.0,0.0333333333333333,0.0,0.0,0.0,0.0,0.0249999999999999,0.0,0.0,0.0,0.0,0.0,0.0
query_dedup,test,full:minus_bm25,relevance_grade,1,query_intent,Guideline / Evidence Lookup,8,7,1,0.0,0.0,0.0,0.0,0.0,0.0,0.0,0.0,0.0,0.0,0.025,0.0,0.0,0.0,0.0,0.05,0.0,0.0,0.0,0.0,0.05,0.0595238095238095,0.2857142857142857,0.0184523809523809,0.0376176163364259,0.0,0.0
query_dedup,test,full:minus_bm25,relevance_grade,1,query_intent,Interaction / Combination,5,4,1,0.0,0.0,0.0,0.0,0.0,0.0666666666666666,0.05,0.25,0.0833333333333333,0.0195532802509481,0.04,0.05,0.25,0.0833333333333333,0.0173362657717885,0.08,0.05,0.25,0.0833333333333333,0.0173362657717885,0.06,0.05,0.25,0.0833333333333333,0.0173362657717885,0.0173362657717885,0.0
query_dedup,test,full:minus_bm25,relevance_grade,1,query_intent,Management / Treatment Selection,10,8,2,0.0,0.0,0.0,0.0,0.0,0.0333333333333333,0.0,0.0,0.0,0.0,0.02,0.0,0.0,0.0,0.0,0.03,0.0,0.0,0.0,0.0,0.035,0.0208333333333333,0.125,0.0089285714285714,0.0018050327316808,0.0177932904888196,-0.0177932904888196
query_dedup,test,full:minus_bm25,relevance_grade,1,query_intent,Mechanism / Background Knowledge,7,3,4,0.0,0.0,0.0,0.0,0.0,0.0952380952380952,0.0,0.0,0.0,0.0,0.0857142857142857,0.0,0.0,0.0,0.0,0.0428571428571428,0.0,0.0,0.0,0.0,0.0357142857142857,0.037037037037037,0.3333333333333333,0.0277777777777777,0.0289552297362474,0.0,0.0
query_dedup,test,full:minus_bm25,relevance_grade,1,query_intent,Monitoring / Response / Risk Assessment,6,5,1,0.0,0.0,0.0,0.0,0.0,0.0,0.0,0.0,0.0,0.0,0.0333333333333333,0.0,0.0,0.0,0.0,0.0166666666666666,0.0,0.0,0.0,0.0,0.0166666666666666,0.0,0.0,0.0,0.0,0.0,0.0
query_dedup,test,full:minus_bm25,relevance_grade,1,query_intent,Prophylaxis / Maintenance,9,6,3,0.1111111111111111,0.0,0.0,0.0,0.0,0.1111111111111111,0.0333333333333333,0.1666666666666666,0.0833333333333333,0.0244233867287731,0.0666666666666666,0.0333333333333333,0.1666666666666666,0.0833333333333333,0.0229695654728561,0.0555555555555555,0.0333333333333333,0.1666666666666666,0.0833333333333333,0.0229695654728561,0.0444444444444444,0.0541666666666666,0.3333333333333333,0.0944444444444444,0.0258307374235606,0.0229695654728561,0.0
query_dedup,test,full:minus_bm25,relevance_grade,1,query_intent,Safety / Contraindication,12,6,6,0.0,0.0,0.0,0.0,0.0,0.0277777777777777,0.0,0.0,0.0,0.0,0.0333333333333333,0.0,0.0,0.0,0.0,0.0416666666666666,0.0416666666666666,0.3333333333333333,0.0375,0.0108029332468051,0.0499999999999999,0.0625,0.3333333333333333,0.0375,0.0252525353808333,0.0026617219094556,0.0081412113373495
query_dedup,test,full:minus_bm25,relevance_grade,1,query_intent,Treatment Change / Escalation,7,3,4,0.0,0.0,0.0,0.0,0.0,0.0476190476190476,0.0,0.0,0.0,0.0,0.0571428571428571,0.0555555555555555,0.3333333333333333,0.0666666666666666,0.0479272224629123,0.0428571428571428,0.0555555555555555,0.3333333333333333,0.0666666666666666,0.0459015620040145,0.0428571428571428,0.1481481481481481,0.6666666666666666,0.0862745098039215,0.0721589925060925,0.0481953950692783,-0.0022938330652638034
query_dedup,test,full:minus_bm25,relevance_grade,1,has_context,False,52,34,18,0.0192307692307692,0.0,0.0,0.0,0.0,0.0576923076923076,0.0117647058823529,0.0588235294117647,0.0245098039215686,0.0066103953346009,0.0461538461538461,0.0166666666666666,0.088235294117647,0.030392156862745,0.0103218859797949,0.0384615384615384,0.0166666666666666,0.088235294117647,0.030392156862745,0.0101431512334216,0.0365384615384615,0.0415849673202614,0.2352941176470588,0.0405956500247157,0.0185618464290489,0.0145322048541965,-0.004389053620774901
query_dedup,test,full:minus_bm25,relevance_grade,1,has_context,True,49,34,15,0.0204081632653061,0.0,0.0,0.0,0.0,0.0272108843537414,0.0,0.0,0.0,0.0,0.0244897959183673,0.0,0.0,0.0,0.0,0.0408163265306122,0.0110294117647058,0.088235294117647,0.0098856209150326,0.0038241426693671,0.0438775510204081,0.0400210084033613,0.2352941176470588,0.0206590644477641,0.0199597500165723,0.0079250192489943,-0.004100876579627199
query_dedup,test,full:minus_bm25,relevance_grade,1,multiple_entity_dimensions,True,101,68,33,0.0198019801980198,0.0,0.0,0.0,0.0,0.0429042904290429,0.0058823529411764,0.0294117647058823,0.0122549019607843,0.0033051976673004,0.0356435643564356,0.0083333333333333,0.0441176470588235,0.0151960784313725,0.0051609429898974,0.0396039603960396,0.0138480392156862,0.088235294117647,0.0201388888888888,0.0069836469513943,0.0400990099009901,0.0408029878618113,0.2352941176470588,0.0306273572362399,0.0192607982228106,0.0112286120515954,-0.004244965100201101
query_dedup,test,full:minus_dense,relevance_grade,1,query_language,EN,47,31,16,0.0,0.0,0.0,0.0,0.0,0.0283687943262411,0.0064516129032258,0.032258064516129,0.0161290322580645,0.0047271071087948,0.0340425531914893,0.0064516129032258,0.032258064516129,0.0161290322580645,0.004445722349585,0.0319148936170212,0.0182795698924731,0.0967741935483871,0.0255376344086021,0.0096213618383136,0.0308510638297872,0.0218637992831541,0.1290322580645161,0.0284701857282502,0.0108609531030625,0.0094142001827951,0.0002071616555184997
query_dedup,test,full:minus_dense,relevance_grade,1,query_language,ID,22,17,5,0.0454545454545454,0.0,0.0,0.0,0.0,0.0454545454545454,0.0117647058823529,0.0588235294117647,0.0196078431372549,0.0046007718237525,0.0727272727272727,0.0338235294117647,0.1764705882352941,0.046078431372549,0.0217531761063566,0.0681818181818181,0.0338235294117647,0.1764705882352941,0.046078431372549,0.0215771366569301,0.0681818181818181,0.0656862745098039,0.3529411764705882,0.0567281814686658,0.0352618288553547,0.0122097498474751,0.009367386809455001
query_dedup,test,full:minus_dense,relevance_grade,1,query_language,MIXED,32,20,12,0.0625,0.0,0.0,0.0,0.0,0.0520833333333333,0.0,0.0,0.0,0.0,0.05625,0.00625,0.05,0.01,0.0045174166140937,0.05,0.0229166666666666,0.1,0.01625,0.0110395498484545,0.0375,0.0375,0.2,0.0233578431372549,0.018446443262357,0.0132069833217381,-0.0021674334732835997
query_dedup,test,full:minus_dense,relevance_grade,1,query_intent,Comparative Treatment Choice,6,6,0,0.0,0.0,0.0,0.0,0.0,0.0,0.0,0.0,0.0,0.0,0.0,0.0,0.0,0.0,0.0,0.0166666666666666,0.0,0.0,0.0,0.0,0.0333333333333333,0.0208333333333333,0.1666666666666666,0.0098039215686274,0.0086572505189867,0.0104352649112609,-0.0104352649112609
query_dedup,test,full:minus_dense,relevance_grade,1,query_intent,Dosing / Administration,25,17,8,0.04,0.0,0.0,0.0,0.0,0.0266666666666666,0.0,0.0,0.0,0.0,0.064,0.0073529411764705,0.0588235294117647,0.0117647058823529,0.0053146077812867,0.0559999999999999,0.0191176470588235,0.1176470588235294,0.0191176470588235,0.0127384508743807,0.038,0.0191176470588235,0.1176470588235294,0.0191176470588235,0.0127384508743807,0.0112275725612651,0.0015108783131155996
query_dedup,test,full:minus_dense,relevance_grade,1,query_intent,Efficacy / Outcomes,6,3,3,0.0,0.0,0.0,0.0,0.0,0.0555555555555555,0.0,0.0,0.0,0.0,0.0333333333333333,0.0,0.0,0.0,0.0,0.0333333333333333,0.0,0.0,0.0,0.0,0.0333333333333333,0.0,0.0,0.0,0.0,0.0,0.0
query_dedup,test,full:minus_dense,relevance_grade,1,query_intent,Guideline / Evidence Lookup,8,7,1,0.0,0.0,0.0,0.0,0.0,0.0416666666666666,0.0,0.0,0.0,0.0,0.075,0.0357142857142857,0.1428571428571428,0.0285714285714285,0.0393804808171338,0.0875,0.0357142857142857,0.1428571428571428,0.0285714285714285,0.0393804808171338,0.0625,0.0595238095238095,0.2857142857142857,0.0404761904761904,0.0531225329834381,0.0,0.0393804808171338
query_dedup,test,full:minus_dense,relevance_grade,1,query_intent,Interaction / Combination,5,4,1,0.0,0.0,0.0,0.0,0.0,0.0666666666666666,0.05,0.25,0.0833333333333333,0.0195532802509481,0.04,0.05,0.25,0.0833333333333333,0.0173362657717885,0.04,0.05,0.25,0.0833333333333333,0.0173362657717885,0.03,0.05,0.25,0.0833333333333333,0.0173362657717885,0.0173362657717885,0.0
query_dedup,test,full:minus_dense,relevance_grade,1,query_intent,Management / Treatment Selection,10,8,2,0.1,0.0,0.0,0.0,0.0,0.0333333333333333,0.0,0.0,0.0,0.0,0.02,0.0,0.0,0.0,0.0,0.02,0.0208333333333333,0.125,0.0208333333333333,0.002511996380921,0.03,0.0364583333333333,0.25,0.0281862745098039,0.0135059308780256,0.0177932904888196,-0.015281294107898599
query_dedup,test,full:minus_dense,relevance_grade,1,query_intent,Mechanism / Background Knowledge,7,3,4,0.0,0.0,0.0,0.0,0.0,0.0476190476190476,0.0,0.0,0.0,0.0,0.0857142857142857,0.0,0.0,0.0,0.0,0.0428571428571428,0.0,0.0,0.0,0.0,0.0357142857142857,0.037037037037037,0.3333333333333333,0.0303030303030303,0.0128091097357391,0.0,0.0
query_dedup,test,full:minus_dense,relevance_grade,1,query_intent,Monitoring / Response / Risk Assessment,6,5,1,0.0,0.0,0.0,0.0,0.0,0.0555555555555555,0.0,0.0,0.0,0.0,0.0333333333333333,0.0,0.0,0.0,0.0,0.0333333333333333,0.0,0.0,0.0,0.0,0.025,0.0,0.0,0.0,0.0,0.0,0.0
query_dedup,test,full:minus_dense,relevance_grade,1,query_intent,Prophylaxis / Maintenance,9,6,3,0.1111111111111111,0.0,0.0,0.0,0.0,0.1111111111111111,0.0333333333333333,0.1666666666666666,0.0833333333333333,0.0244233867287731,0.0666666666666666,0.0333333333333333,0.1666666666666666,0.0833333333333333,0.0229695654728561,0.0444444444444444,0.0333333333333333,0.1666666666666666,0.0833333333333333,0.0229695654728561,0.0388888888888888,0.0333333333333333,0.1666666666666666,0.0833333333333333,0.0229695654728561,0.0229695654728561,0.0
query_dedup,test,full:minus_dense,relevance_grade,1,query_intent,Safety / Contraindication,12,6,6,0.0,0.0,0.0,0.0,0.0,0.0277777777777777,0.0,0.0,0.0,0.0,0.05,0.0208333333333333,0.1666666666666666,0.0416666666666666,0.0041325941668286,0.05,0.0208333333333333,0.1666666666666666,0.0416666666666666,0.0036338157267869,0.0666666666666666,0.0625,0.3333333333333333,0.0527777777777777,0.0251244088394239,0.0026617219094556,0.0009720938173313001
query_dedup,test,full:minus_dense,relevance_grade,1,query_intent,Treatment Change / Escalation,7,3,4,0.0,0.0,0.0,0.0,0.0,0.0,0.0,0.0,0.0,0.0,0.0285714285714285,0.0,0.0,0.0,0.0,0.0428571428571428,0.1111111111111111,0.3333333333333333,0.0416666666666666,0.0481953950692783,0.0428571428571428,0.1666666666666666,0.6666666666666666,0.0601851851851851,0.0534436393094642,0.0481953950692783,0.0
query_dedup,test,full:minus_dense,relevance_grade,1,has_context,False,52,34,18,0.0384615384615384,0.0,0.0,0.0,0.0,0.0512820512820512,0.0117647058823529,0.0588235294117647,0.0245098039215686,0.0066103953346009,0.0423076923076923,0.0117647058823529,0.0588235294117647,0.0245098039215686,0.0060930134095379,0.0346153846153846,0.0264705882352941,0.1176470588235294,0.0330882352941176,0.0109366062405733,0.0346153846153846,0.043218954248366,0.2352941176470588,0.0415771032120513,0.0179459563308304,0.0145322048541965,-0.0035955986136231993
query_dedup,test,full:minus_dense,relevance_grade,1,has_context,True,49,34,15,0.0204081632653061,0.0,0.0,0.0,0.0,0.0272108843537414,0.0,0.0,0.0,0.0,0.0571428571428571,0.0147058823529411,0.088235294117647,0.0191176470588235,0.0114943312647877,0.0571428571428571,0.0205882352941176,0.1176470588235294,0.0227941176470588,0.0151182330866215,0.0479591836734693,0.0316176470588235,0.1764705882352941,0.0264850057670126,0.0204384407863198,0.0079250192489943,0.007193213837627201
query_dedup,test,full:minus_dense,relevance_grade,1,multiple_entity_dimensions,True,101,68,33,0.0297029702970297,0.0,0.0,0.0,0.0,0.0396039603960396,0.0058823529411764,0.0294117647058823,0.0122549019607843,0.0033051976673004,0.0495049504950495,0.013235294117647,0.0735294117647058,0.021813725490196,0.0087936723371628,0.0455445544554455,0.0235294117647058,0.1176470588235294,0.0279411764705882,0.0130274196635974,0.041089108910891,0.0374183006535947,0.2058823529411764,0.0340310544895319,0.0191921985585751,0.0112286120515954,0.001798807612001999
query_dedup,test,full:minus_entities,relevance_grade,1,query_language,EN,47,31,16,0.0,0.0,0.0,0.0,0.0,0.0141843971631205,0.0,0.0,0.0,0.0,0.0297872340425531,0.0100358422939068,0.064516129032258,0.0129032258064516,0.0046867954154214,0.0276595744680851,0.0164874551971326,0.0967741935483871,0.0164874551971326,0.008765233506453,0.0297872340425531,0.0402329749103942,0.1935483870967742,0.0234235298751427,0.0218805849268636,0.0094142001827951,-0.0006489666763420995
query_dedup,test,full:minus_entities,relevance_grade,1,query_language,ID,22,17,5,0.0454545454545454,0.0,0.0,0.0,0.0,0.0606060606060606,0.0117647058823529,0.0588235294117647,0.0196078431372549,0.0046007718237525,0.0636363636363636,0.0117647058823529,0.0588235294117647,0.0196078431372549,0.0040791213580678,0.0636363636363636,0.0264705882352941,0.1764705882352941,0.0352941176470588,0.0080132489390185,0.0659090909090909,0.0495798319327731,0.2941176470588235,0.0429560059317844,0.0252024677637875,0.0122097498474751,-0.004196500908456599
query_dedup,test,full:minus_entities,relevance_grade,1,query_language,MIXED,32,20,12,0.0625,0.0,0.0,0.0,0.0,0.0416666666666666,0.0,0.0,0.0,0.0,0.0625,0.00625,0.05,0.0125,0.0050291620025957,0.053125,0.0270833333333333,0.2,0.0333333333333333,0.0151942759681206,0.040625,0.0425595238095238,0.3,0.0401206636500754,0.0176921092094809,0.0132069833217381,0.0019872926463824995
query_dedup,test,full:minus_entities,relevance_grade,1,query_intent,Comparative Treatment Choice,6,6,0,0.0,0.0,0.0,0.0,0.0,0.0,0.0,0.0,0.0,0.0,0.0333333333333333,0.0208333333333333,0.1666666666666666,0.0416666666666666,0.0167638733419859,0.0333333333333333,0.0208333333333333,0.1666666666666666,0.0416666666666666,0.0155474605188511,0.0333333333333333,0.0208333333333333,0.1666666666666666,0.0416666666666666,0.0155474605188511,0.0104352649112609,0.0051121956075902
query_dedup,test,full:minus_entities,relevance_grade,1,query_intent,Dosing / Administration,25,17,8,0.04,0.0,0.0,0.0,0.0,0.04,0.0,0.0,0.0,0.0,0.064,0.0,0.0,0.0,0.0,0.052,0.0191176470588235,0.1176470588235294,0.0138888888888888,0.0115334817185598,0.044,0.0275210084033613,0.1764705882352941,0.0173490965013456,0.0126389108416071,0.0112275725612651,0.0003059091572946999
query_dedup,test,full:minus_entities,relevance_grade,1,query_intent,Efficacy / Outcomes,6,3,3,0.0,0.0,0.0,0.0,0.0,0.0555555555555555,0.0,0.0,0.0,0.0,0.0666666666666666,0.0,0.0,0.0,0.0,0.0333333333333333,0.0,0.0,0.0,0.0,0.0499999999999999,0.0833333333333333,0.3333333333333333,0.0238095238095238,0.0607968106409722,0.0,0.0
query_dedup,test,full:minus_entities,relevance_grade,1,query_intent,Guideline / Evidence Lookup,8,7,1,0.0,0.0,0.0,0.0,0.0,0.0,0.0,0.0,0.0,0.0,0.025,0.0,0.0,0.0,0.0,0.05,0.0,0.0,0.0,0.0,0.0375,0.0357142857142857,0.1428571428571428,0.010204081632653,0.026055775988988,0.0,0.0
query_dedup,test,full:minus_entities,relevance_grade,1,query_intent,Interaction / Combination,5,4,1,0.0,0.0,0.0,0.0,0.0,0.0666666666666666,0.05,0.25,0.0833333333333333,0.0195532802509481,0.04,0.05,0.25,0.0833333333333333,0.0173362657717885,0.04,0.05,0.25,0.0833333333333333,0.0173362657717885,0.05,0.0857142857142857,0.5,0.0980392156862745,0.0447928377963274,0.0173362657717885,0.0
query_dedup,test,full:minus_entities,relevance_grade,1,query_intent,Management / Treatment Selection,10,8,2,0.1,0.0,0.0,0.0,0.0,0.0333333333333333,0.0,0.0,0.0,0.0,0.02,0.0,0.0,0.0,0.0,0.02,0.0,0.0,0.0,0.0,0.0349999999999999,0.03125,0.125,0.0096153846153846,0.0161746651188804,0.0177932904888196,-0.0177932904888196
query_dedup,test,full:minus_entities,relevance_grade,1,query_intent,Mechanism / Background Knowledge,7,3,4,0.0,0.0,0.0,0.0,0.0,0.0476190476190476,0.0,0.0,0.0,0.0,0.0857142857142857,0.037037037037037,0.3333333333333333,0.0666666666666666,0.0202627701152401,0.0571428571428571,0.037037037037037,0.3333333333333333,0.0666666666666666,0.0177643497951851,0.05,0.1157407407407407,0.6666666666666666,0.0888888888888888,0.0493603968481078,0.0,0.0177643497951851
query_dedup,test,full:minus_entities,relevance_grade,1,query_intent,Monitoring / Response / Risk Assessment,6,5,1,0.0,0.0,0.0,0.0,0.0,0.0,0.0,0.0,0.0,0.0,0.0,0.0,0.0,0.0,0.0,0.0,0.0,0.0,0.0,0.0,0.0083333333333333,0.0,0.0,0.0,0.0,0.0,0.0
query_dedup,test,full:minus_entities,relevance_grade,1,query_intent,Prophylaxis / Maintenance,9,6,3,0.1111111111111111,0.0,0.0,0.0,0.0,0.074074074074074,0.0,0.0,0.0,0.0,0.0888888888888888,0.0333333333333333,0.1666666666666666,0.0333333333333333,0.0140837245887241,0.0555555555555555,0.0541666666666666,0.3333333333333333,0.0541666666666666,0.0176941216162913,0.0388888888888888,0.0819444444444444,0.5,0.0669871794871794,0.0228881832388582,0.0229695654728561,-0.0052754438565647994
query_dedup,test,full:minus_entities,relevance_grade,1,query_intent,Safety / Contraindication,12,6,6,0.0,0.0,0.0,0.0,0.0,0.0277777777777777,0.0,0.0,0.0,0.0,0.0333333333333333,0.0,0.0,0.0,0.0,0.0583333333333333,0.0416666666666666,0.3333333333333333,0.0444444444444444,0.0111466948126936,0.0541666666666666,0.0416666666666666,0.3333333333333333,0.0444444444444444,0.0111466948126936,0.0026617219094556,0.008484972903238
query_dedup,test,full:minus_entities,relevance_grade,1,query_intent,Treatment Change / Escalation,7,3,4,0.0,0.0,0.0,0.0,0.0,0.0,0.0,0.0,0.0,0.0,0.0285714285714285,0.0,0.0,0.0,0.0,0.0428571428571428,0.0555555555555555,0.3333333333333333,0.0555555555555555,0.0422653422168435,0.0357142857142857,0.0555555555555555,0.3333333333333333,0.0555555555555555,0.0422653422168435,0.0481953950692783,-0.0059300528524348015
query_dedup,test,full:minus_entities,relevance_grade,1,has_context,False,52,34,18,0.0384615384615384,0.0,0.0,0.0,0.0,0.0384615384615384,0.0058823529411764,0.0294117647058823,0.0098039215686274,0.0023003859118762,0.0461538461538461,0.015032679738562,0.088235294117647,0.0215686274509803,0.0063128153225064,0.0346153846153846,0.0236111111111111,0.1470588235294117,0.0301470588235294,0.0104587902594408,0.0365384615384615,0.0543650793650793,0.2941176470588235,0.0404636741574457,0.0265636888437433,0.0145322048541965,-0.0040734145947557004
query_dedup,test,full:minus_entities,relevance_grade,1,has_context,True,49,34,15,0.0204081632653061,0.0,0.0,0.0,0.0,0.0272108843537414,0.0,0.0,0.0,0.0,0.0489795918367347,0.0036764705882352,0.0294117647058823,0.0073529411764705,0.0029583305897622,0.0530612244897959,0.0205882352941176,0.1470588235294117,0.0221405228758169,0.0104774741530819,0.0459183673469387,0.0321428571428571,0.2058823529411764,0.0259714670181798,0.0163946131829266,0.0079250192489943,0.002552454904087601
query_dedup,test,full:minus_entities,relevance_grade,1,multiple_entity_dimensions,True,101,68,33,0.0297029702970297,0.0,0.0,0.0,0.0,0.033003300330033,0.0029411764705882,0.0147058823529411,0.0049019607843137,0.0011501929559381,0.0475247524752475,0.0093545751633986,0.0588235294117647,0.0144607843137254,0.0046355729561343,0.0435643564356435,0.0220996732026143,0.1470588235294117,0.0261437908496732,0.0104681322062613,0.041089108910891,0.0432539682539682,0.25,0.0332175705878128,0.021479151013335,0.0112286120515954,-0.000760479845334101
query_dedup,test,full:minus_context,relevance_grade,1,query_language,EN,47,31,16,0.0,0.0,0.0,0.0,0.0,0.0354609929078014,0.0064516129032258,0.032258064516129,0.0161290322580645,0.0047271071087948,0.025531914893617,0.0064516129032258,0.032258064516129,0.0161290322580645,0.004445722349585,0.0276595744680851,0.0118279569892473,0.064516129032258,0.021505376344086,0.0050939794801453,0.0244680851063829,0.0264720942140297,0.1612903225806451,0.0276834559517072,0.012706325756827,0.0094142001827951,-0.0043202207026498
query_dedup,test,full:minus_context,relevance_grade,1,query_language,ID,22,17,5,0.0454545454545454,0.0,0.0,0.0,0.0,0.0909090909090909,0.0117647058823529,0.0588235294117647,0.0196078431372549,0.0046007718237525,0.0545454545454545,0.0117647058823529,0.0588235294117647,0.0196078431372549,0.0040791213580678,0.0590909090909091,0.0264705882352941,0.1764705882352941,0.0353641456582633,0.0144061096698078,0.0795454545454545,0.0877450980392157,0.3529411764705882,0.0490005092946269,0.02903085761866,0.0122097498474751,0.0021963598223327004
query_dedup,test,full:minus_context,relevance_grade,1,query_language,MIXED,32,20,12,0.0625,0.0,0.0,0.0,0.0,0.0520833333333333,0.0,0.0,0.0,0.0,0.05,0.0,0.0,0.0,0.0,0.040625,0.0166666666666666,0.05,0.00625,0.0072293092603917,0.0359375,0.0291666666666666,0.15,0.0132211538461538,0.0106562156754787,0.0132069833217381,-0.0059776740613464
query_dedup,test,full:minus_context,relevance_grade,1,query_intent,Comparative Treatment Choice,6,6,0,0.0,0.0,0.0,0.0,0.0,0.0,0.0,0.0,0.0,0.0,0.0,0.0,0.0,0.0,0.0,0.0,0.0,0.0,0.0,0.0,0.0166666666666666,0.0,0.0,0.0,0.0,0.0104352649112609,-0.0104352649112609
query_dedup,test,full:minus_context,relevance_grade,1,query_intent,Dosing / Administration,25,17,8,0.04,0.0,0.0,0.0,0.0,0.0266666666666666,0.0,0.0,0.0,0.0,0.032,0.0,0.0,0.0,0.0,0.044,0.0,0.0,0.0,0.0,0.038,0.0275210084033613,0.1764705882352941,0.0125228228943399,0.0150171241625598,0.0112275725612651,-0.0112275725612651
query_dedup,test,full:minus_context,relevance_grade,1,query_intent,Efficacy / Outcomes,6,3,3,0.0,0.0,0.0,0.0,0.0,0.0555555555555555,0.0,0.0,0.0,0.0,0.0333333333333333,0.0,0.0,0.0,0.0,0.0333333333333333,0.0,0.0,0.0,0.0,0.025,0.0,0.0,0.0,0.0,0.0,0.0
query_dedup,test,full:minus_context,relevance_grade,1,query_intent,Guideline / Evidence Lookup,8,7,1,0.0,0.0,0.0,0.0,0.0,0.125,0.0,0.0,0.0,0.0,0.075,0.0,0.0,0.0,0.0,0.0625,0.0,0.0,0.0,0.0,0.06875,0.0714285714285714,0.1428571428571428,0.0129870129870129,0.0134431361412947,0.0,0.0
query_dedup,test,full:minus_context,relevance_grade,1,query_intent,Interaction / Combination,5,4,1,0.0,0.0,0.0,0.0,0.0,0.0666666666666666,0.05,0.25,0.0833333333333333,0.0195532802509481,0.04,0.05,0.25,0.0833333333333333,0.0173362657717885,0.04,0.05,0.25,0.0833333333333333,0.0173362657717885,0.03,0.05,0.25,0.0833333333333333,0.0173362657717885,0.0173362657717885,0.0
query_dedup,test,full:minus_context,relevance_grade,1,query_intent,Management / Treatment Selection,10,8,2,0.1,0.0,0.0,0.0,0.0,0.0333333333333333,0.0,0.0,0.0,0.0,0.02,0.0,0.0,0.0,0.0,0.03,0.0364583333333333,0.25,0.0386904761904761,0.0177932904888196,0.0399999999999999,0.0364583333333333,0.25,0.0386904761904761,0.0177932904888196,0.0177932904888196,0.0
query_dedup,test,full:minus_context,relevance_grade,1,query_intent,Mechanism / Background Knowledge,7,3,4,0.0,0.0,0.0,0.0,0.0,0.0476190476190476,0.0,0.0,0.0,0.0,0.0857142857142857,0.0,0.0,0.0,0.0,0.0428571428571428,0.0,0.0,0.0,0.0,0.0285714285714285,0.037037037037037,0.3333333333333333,0.0185185185185185,0.0108100192211194,0.0,0.0
query_dedup,test,full:minus_context,relevance_grade,1,query_intent,Monitoring / Response / Risk Assessment,6,5,1,0.0,0.0,0.0,0.0,0.0,0.0555555555555555,0.0,0.0,0.0,0.0,0.0333333333333333,0.0,0.0,0.0,0.0,0.0333333333333333,0.0,0.0,0.0,0.0,0.025,0.0,0.0,0.0,0.0,0.0,0.0
query_dedup,test,full:minus_context,relevance_grade,1,query_intent,Prophylaxis / Maintenance,9,6,3,0.1111111111111111,0.0,0.0,0.0,0.0,0.1111111111111111,0.0333333333333333,0.1666666666666666,0.0833333333333333,0.0244233867287731,0.0666666666666666,0.0333333333333333,0.1666666666666666,0.0833333333333333,0.0229695654728561,0.0333333333333333,0.0333333333333333,0.1666666666666666,0.0833333333333333,0.0229695654728561,0.0388888888888888,0.0541666666666666,0.3333333333333333,0.09375,0.0257695145481894,0.0229695654728561,0.0
query_dedup,test,full:minus_context,relevance_grade,1,query_intent,Safety / Contraindication,12,6,6,0.0,0.0,0.0,0.0,0.0,0.0555555555555555,0.0,0.0,0.0,0.0,0.0333333333333333,0.0,0.0,0.0,0.0,0.0416666666666666,0.0208333333333333,0.1666666666666666,0.0208333333333333,0.008884741406065,0.0541666666666666,0.0833333333333333,0.3333333333333333,0.0359848484848484,0.0321000098279851,0.0026617219094556,0.006223019496609399
query_dedup,test,full:minus_context,relevance_grade,1,query_intent,Treatment Change / Escalation,7,3,4,0.0,0.0,0.0,0.0,0.0,0.0476190476190476,0.0,0.0,0.0,0.0,0.0285714285714285,0.0,0.0,0.0,0.0,0.0428571428571428,0.1111111111111111,0.3333333333333333,0.0416666666666666,0.0481953950692783,0.0571428571428571,0.1666666666666666,0.6666666666666666,0.0583333333333333,0.0532711122725795,0.0481953950692783,0.0
query_dedup,test,full:minus_context,relevance_grade,1,has_context,False,52,34,18,0.0384615384615384,0.0,0.0,0.0,0.0,0.0576923076923076,0.0117647058823529,0.0588235294117647,0.0245098039215686,0.0066103953346009,0.0423076923076923,0.0117647058823529,0.0588235294117647,0.0245098039215686,0.0060930134095379,0.0326923076923076,0.0301470588235294,0.1470588235294117,0.0372899159663865,0.0145322048541965,0.0326923076923076,0.0419934640522875,0.2352941176470588,0.0422327264239029,0.0164279961402336,0.0145322048541965,0.0
query_dedup,test,full:minus_context,relevance_grade,1,has_context,True,49,34,15,0.0204081632653061,0.0,0.0,0.0,0.0,0.0476190476190476,0.0,0.0,0.0,0.0,0.036734693877551,0.0,0.0,0.0,0.0,0.0448979591836734,0.0036764705882352,0.0294117647058823,0.0036764705882352,0.0015678955422467,0.0479591836734693,0.043172268907563,0.1764705882352941,0.0152854756182929,0.0159409741976614,0.0079250192489943,-0.006357123706747599
query_dedup,test,full:minus_context,relevance_grade,1,multiple_entity_dimensions,True,101,68,33,0.0297029702970297,0.0,0.0,0.0,0.0,0.0528052805280528,0.0058823529411764,0.0294117647058823,0.0122549019607843,0.0033051976673004,0.0396039603960396,0.0058823529411764,0.0294117647058823,0.0122549019607843,0.0030465067047689,0.0386138613861386,0.0169117647058823,0.088235294117647,0.0204831932773109,0.0080500501982216,0.0400990099009901,0.0425828664799253,0.2058823529411764,0.0287591010210979,0.0161844851689475,0.0112286120515954,-0.0031785618533738003
query_dedup,test,full:minus_intent,relevance_grade,1,query_language,EN,47,31,16,0.0212765957446808,0.0053763440860215,0.032258064516129,0.032258064516129,0.0046082949308755,0.0283687943262411,0.0118279569892473,0.064516129032258,0.043010752688172,0.0059087185264645,0.0297872340425531,0.0118279569892473,0.064516129032258,0.043010752688172,0.0053803618968184,0.025531914893617,0.0118279569892473,0.064516129032258,0.043010752688172,0.0053430394525924,0.026595744680851,0.0228878648233486,0.1290322580645161,0.0482474514732579,0.0123197230748345,0.0094142001827951,-0.004071160730202699
query_dedup,test,full:minus_intent,relevance_grade,1,query_language,ID,22,17,5,0.0454545454545454,0.0,0.0,0.0,0.0,0.0303030303030303,0.0,0.0,0.0,0.0,0.0727272727272727,0.0191176470588235,0.1176470588235294,0.0264705882352941,0.0081011408587181,0.0818181818181818,0.0422268907563025,0.2941176470588235,0.0506302521008403,0.0194161538404613,0.0522727272727272,0.0422268907563025,0.2941176470588235,0.0506302521008403,0.0194161538404613,0.0122097498474751,0.0072064039929862
query_dedup,test,full:minus_intent,relevance_grade,1,query_language,MIXED,32,20,12,0.0625,0.0,0.0,0.0,0.0,0.03125,0.0,0.0,0.0,0.0,0.05,0.0083333333333333,0.05,0.01,0.0023963611231456,0.040625,0.025,0.1,0.01625,0.0140501280443967,0.040625,0.0529761904761904,0.25,0.0261675824175824,0.0251174023520655,0.0132069833217381,0.0008431447226586002
query_dedup,test,full:minus_intent,relevance_grade,1,query_intent,Comparative Treatment Choice,6,6,0,0.0,0.0,0.0,0.0,0.0,0.0,0.0,0.0,0.0,0.0,0.0,0.0,0.0,0.0,0.0,0.0,0.0,0.0,0.0,0.0,0.0333333333333333,0.0208333333333333,0.1666666666666666,0.0128205128205128,0.0094816706406144,0.0104352649112609,-0.0104352649112609
query_dedup,test,full:minus_intent,relevance_grade,1,query_intent,Dosing / Administration,25,17,8,0.04,0.0,0.0,0.0,0.0,0.0133333333333333,0.0,0.0,0.0,0.0,0.048,0.0,0.0,0.0,0.0,0.052,0.0,0.0,0.0,0.0,0.044,0.0359243697478991,0.2352941176470588,0.0166921313980137,0.0167375464373568,0.0112275725612651,-0.0112275725612651
query_dedup,test,full:minus_intent,relevance_grade,1,query_intent,Efficacy / Outcomes,6,3,3,0.0,0.0,0.0,0.0,0.0,0.0555555555555555,0.0,0.0,0.0,0.0,0.0333333333333333,0.0,0.0,0.0,0.0,0.0333333333333333,0.0,0.0,0.0,0.0,0.025,0.0,0.0,0.0,0.0,0.0,0.0
query_dedup,test,full:minus_intent,relevance_grade,1,query_intent,Guideline / Evidence Lookup,8,7,1,0.0,0.0,0.0,0.0,0.0,0.0,0.0,0.0,0.0,0.0,0.05,0.0,0.0,0.0,0.0,0.05,0.0,0.0,0.0,0.0,0.0375,0.0,0.0,0.0,0.0,0.0,0.0
query_dedup,test,full:minus_intent,relevance_grade,1,query_intent,Interaction / Combination,5,4,1,0.0,0.0,0.0,0.0,0.0,0.0,0.0,0.0,0.0,0.0,0.04,0.05,0.25,0.05,0.013413166161561,0.04,0.0857142857142857,0.5,0.0857142857142857,0.0297691441814219,0.04,0.0857142857142857,0.5,0.0857142857142857,0.0297691441814219,0.0173362657717885,0.012432878409633398
query_dedup,test,full:minus_intent,relevance_grade,1,query_intent,Management / Treatment Selection,10,8,2,0.2,0.0208333333333333,0.125,0.125,0.0178571428571428,0.0666666666666666,0.0208333333333333,0.125,0.125,0.0083799772504063,0.04,0.0208333333333333,0.125,0.125,0.0071966898755453,0.04,0.0364583333333333,0.25,0.1428571428571428,0.0223333595120681,0.03,0.0364583333333333,0.25,0.1428571428571428,0.0223333595120681,0.0177932904888196,0.004540069023248501
query_dedup,test,full:minus_intent,relevance_grade,1,query_intent,Mechanism / Background Knowledge,7,3,4,0.0,0.0,0.0,0.0,0.0,0.0,0.0,0.0,0.0,0.0,0.0285714285714285,0.0,0.0,0.0,0.0,0.0428571428571428,0.0,0.0,0.0,0.0,0.0285714285714285,0.0,0.0,0.0,0.0,0.0,0.0
query_dedup,test,full:minus_intent,relevance_grade,1,query_intent,Monitoring / Response / Risk Assessment,6,5,1,0.0,0.0,0.0,0.0,0.0,0.0555555555555555,0.0,0.0,0.0,0.0,0.0666666666666666,0.0,0.0,0.0,0.0,0.0333333333333333,0.0,0.0,0.0,0.0,0.025,0.0,0.0,0.0,0.0,0.0,0.0
query_dedup,test,full:minus_intent,relevance_grade,1,query_intent,Prophylaxis / Maintenance,9,6,3,0.1111111111111111,0.0,0.0,0.0,0.0,0.1111111111111111,0.0333333333333333,0.1666666666666666,0.0555555555555555,0.0193550760528581,0.0666666666666666,0.0333333333333333,0.1666666666666666,0.0555555555555555,0.0182029499661682,0.0444444444444444,0.0888888888888888,0.3333333333333333,0.0763888888888888,0.0573864497801548,0.0444444444444444,0.0888888888888888,0.3333333333333333,0.0763888888888888,0.0573864497801548,0.0229695654728561,0.0344168843072987
query_dedup,test,full:minus_intent,relevance_grade,1,query_intent,Safety / Contraindication,12,6,6,0.0,0.0,0.0,0.0,0.0,0.0,0.0,0.0,0.0,0.0,0.0333333333333333,0.0208333333333333,0.1666666666666666,0.0416666666666666,0.0140111216586606,0.0416666666666666,0.0416666666666666,0.3333333333333333,0.0625,0.0147912809498278,0.0291666666666666,0.0416666666666666,0.3333333333333333,0.0625,0.0147912809498278,0.0026617219094556,0.0121295590403722
query_dedup,test,full:minus_intent,relevance_grade,1,query_intent,Treatment Change / Escalation,7,3,4,0.0,0.0,0.0,0.0,0.0,0.0476190476190476,0.0,0.0,0.0,0.0,0.0857142857142857,0.0555555555555555,0.3333333333333333,0.0666666666666666,0.0159757408209707,0.0571428571428571,0.0555555555555555,0.3333333333333333,0.0666666666666666,0.0153005206680048,0.0499999999999999,0.1111111111111111,0.3333333333333333,0.0666666666666666,0.0473653090560481,0.0481953950692783,-0.0328948744012735
query_dedup,test,full:minus_intent,relevance_grade,1,has_context,False,52,34,18,0.0576923076923076,0.0049019607843137,0.0294117647058823,0.0294117647058823,0.0042016806722689,0.0512820512820512,0.0107843137254901,0.0588235294117647,0.0392156862745098,0.0053873610094235,0.0461538461538461,0.0215686274509803,0.1176470588235294,0.0509803921568627,0.0078932678208978,0.0384615384615384,0.039250700280112,0.2058823529411764,0.0630602240896358,0.0202342268678581,0.0307692307692307,0.0441526610644257,0.2058823529411764,0.0630602240896358,0.0230634729020972,0.0145322048541965,0.005702022013661599
query_dedup,test,full:minus_intent,relevance_grade,1,has_context,True,49,34,15,0.0204081632653061,0.0,0.0,0.0,0.0,0.0068027210884353,0.0,0.0,0.0,0.0,0.0448979591836734,0.0036764705882352,0.0294117647058823,0.0073529411764705,0.0024725508809401,0.046938775510204,0.0073529411764705,0.0588235294117647,0.0110294117647058,0.0026102260499696,0.0428571428571428,0.0289915966386554,0.2058823529411764,0.0216379209026267,0.0126522352640506,0.0079250192489943,-0.0053147931990246994
query_dedup,test,full:minus_intent,relevance_grade,1,multiple_entity_dimensions,True,101,68,33,0.0396039603960396,0.0024509803921568,0.0147058823529411,0.0147058823529411,0.0021008403361344,0.0297029702970297,0.005392156862745,0.0294117647058823,0.0196078431372549,0.0026936805047117,0.0455445544554455,0.0126225490196078,0.0735294117647058,0.0291666666666666,0.005182909350919,0.0425742574257425,0.0233018207282913,0.1323529411764706,0.0370448179271708,0.0114222264589138,0.0366336633663366,0.0365721288515406,0.2058823529411764,0.0423490724961313,0.0178578540830739,0.0112286120515954,0.00019361440731839943
