protocol,split,experiment,scheme,threshold,dimension,value,queries,positive_queries,no_positive_queries,judged_fraction@1,recall@1,hit_rate@1,mrr@1,ndcg@1,judged_fraction@3,recall@3,hit_rate@3,mrr@3,ndcg@3,judged_fraction@5,recall@5,hit_rate@5,mrr@5,ndcg@5,judged_fraction@10,recall@10,hit_rate@10,mrr@10,ndcg@10,judged_fraction@20,recall@20,hit_rate@20,mrr@20,ndcg@20
temporal,validation,R-B0,relevance_grade,1,query_language,EN,59,47,12,0.03389830508474576,0.0,0.0,0.0,0.0,0.028248587570621465,0.02127659574468085,0.02127659574468085,0.0070921985815602835,0.010638297872340425,0.030508474576271188,0.05053191489361702,0.0851063829787234,0.02092198581560284,0.021979074319218396,0.03389830508474577,0.05053191489361702,0.0851063829787234,0.02092198581560284,0.02194247980801745,0.03135593220338983,0.057446808510638304,0.10638297872340426,0.02198581560283688,0.023746344345647333
temporal,validation,R-B0,relevance_grade,1,query_language,ID,29,28,1,0.034482758620689655,0.0,0.0,0.0,0.0,0.06896551724137931,0.04017857142857143,0.07142857142857142,0.023809523809523808,0.019575367138341782,0.055172413793103454,0.04732142857142857,0.10714285714285714,0.030952380952380953,0.02314741692485057,0.05172413793103449,0.14375000000000002,0.25,0.0522108843537415,0.05588962805580435,0.039655172413793106,0.14821428571428572,0.25,0.0522108843537415,0.06062503688981026
temporal,validation,R-B0,relevance_grade,1,query_language,MIXED,51,38,13,0.0392156862745098,0.0,0.0,0.0,0.0,0.0326797385620915,0.0,0.0,0.0,0.0,0.023529411764705885,0.0,0.0,0.0,0.0,0.03529411764705883,0.017543859649122806,0.05263157894736842,0.005555555555555556,0.003035003958461805,0.03137254901960785,0.017543859649122806,0.05263157894736842,0.005555555555555556,0.003035003958461805
temporal,validation,R-B0,relevance_grade,1,query_intent,Comparative Treatment Choice,2,2,0,0.0,0.0,0.0,0.0,0.0,0.0,0.0,0.0,0.0,0.0,0.0,0.0,0.0,0.0,0.0,0.0,0.0,0.0,0.0,0.0,0.0,0.0,0.0,0.0,0.0
temporal,validation,R-B0,relevance_grade,1,query_intent,Dosing / Administration,26,21,5,0.038461538461538464,0.0,0.0,0.0,0.0,0.038461538461538464,0.0,0.0,0.0,0.0,0.03076923076923077,0.005952380952380952,0.047619047619047616,0.011904761904761904,0.0013343925389200642,0.03461538461538462,0.02976190476190476,0.09523809523809523,0.016666666666666666,0.005043528278306636,0.02884615384615385,0.03571428571428571,0.09523809523809523,0.016666666666666666,0.007335034870818017
temporal,validation,R-B0,relevance_grade,1,query_intent,Efficacy / Outcomes,4,3,1,0.0,0.0,0.0,0.0,0.0,0.08333333333333333,0.0,0.0,0.0,0.0,0.05,0.0,0.0,0.0,0.0,0.05,0.0,0.0,0.0,0.0,0.05,0.0,0.0,0.0,0.0
temporal,validation,R-B0,relevance_grade,1,query_intent,Guideline / Evidence Lookup,16,13,3,0.0,0.0,0.0,0.0,0.0,0.041666666666666664,0.0,0.0,0.0,0.0,0.025,0.0,0.0,0.0,0.0,0.05625,0.0,0.0,0.0,0.0,0.037500000000000006,0.0,0.0,0.0,0.0
temporal,validation,R-B0,relevance_grade,1,query_intent,Interaction / Combination,7,7,0,0.0,0.0,0.0,0.0,0.0,0.0,0.0,0.0,0.0,0.0,0.028571428571428574,0.028571428571428574,0.14285714285714285,0.028571428571428574,0.014789415517460871,0.042857142857142864,0.1285714285714286,0.42857142857142855,0.07278911564625849,0.05104438941927419,0.04285714285714286,0.1285714285714286,0.42857142857142855,0.07278911564625849,0.05104438941927419
temporal,validation,R-B0,relevance_grade,1,query_intent,Management / Treatment Selection,11,10,1,0.0,0.0,0.0,0.0,0.0,0.0,0.0,0.0,0.0,0.0,0.0,0.0,0.0,0.0,0.0,0.02727272727272728,0.2,0.2,0.02857142857142857,0.06666666666666668,0.022727272727272728,0.2,0.2,0.02857142857142857,0.06666666666666668
temporal,validation,R-B0,relevance_grade,1,query_intent,Mechanism / Background Knowledge,5,4,1,0.0,0.0,0.0,0.0,0.0,0.0,0.0,0.0,0.0,0.0,0.0,0.0,0.0,0.0,0.0,0.0,0.0,0.0,0.0,0.0,0.01,0.0,0.0,0.0,0.0
temporal,validation,R-B0,relevance_grade,1,query_intent,Monitoring / Response / Risk Assessment,12,9,3,0.08333333333333333,0.0,0.0,0.0,0.0,0.027777777777777776,0.0,0.0,0.0,0.0,0.03333333333333333,0.0,0.0,0.0,0.0,0.049999999999999996,0.0,0.0,0.0,0.0,0.0375,0.0,0.0,0.0,0.0
temporal,validation,R-B0,relevance_grade,1,query_intent,Prophylaxis / Maintenance,12,10,2,0.0,0.0,0.0,0.0,0.0,0.027777777777777776,0.0,0.0,0.0,0.0,0.03333333333333333,0.025,0.1,0.02,0.011814144245140152,0.025000000000000005,0.025,0.1,0.02,0.011814144245140152,0.016666666666666666,0.025,0.1,0.02,0.011814144245140152
temporal,validation,R-B0,relevance_grade,1,query_intent,Safety / Contraindication,26,19,7,0.0,0.0,0.0,0.0,0.0,0.05128205128205128,0.10526315789473684,0.10526315789473684,0.03508771929824561,0.05263157894736842,0.038461538461538464,0.10526315789473684,0.10526315789473684,0.03508771929824561,0.05263157894736842,0.02692307692307692,0.10526315789473684,0.10526315789473684,0.03508771929824561,0.05263157894736842,0.032692307692307694,0.10526315789473684,0.10526315789473684,0.03508771929824561,0.05263157894736842
temporal,validation,R-B0,relevance_grade,1,query_intent,Treatment Change / Escalation,18,15,3,0.16666666666666666,0.0,0.0,0.0,0.0,0.07407407407407407,0.008333333333333333,0.06666666666666667,0.02222222222222222,0.003207351991571326,0.06666666666666667,0.075,0.13333333333333333,0.035555555555555556,0.028763638167208772,0.0611111111111111,0.0861111111111111,0.2,0.04296296296296296,0.030900223870897588,0.052777777777777785,0.10777777777777776,0.26666666666666666,0.046296296296296294,0.04218365334943298
temporal,validation,R-B0,relevance_grade,1,has_context,False,78,63,15,0.05128205128205128,0.0,0.0,0.0,0.0,0.03846153846153846,0.017857142857142856,0.031746031746031744,0.010582010582010581,0.008700163172596347,0.035897435897435895,0.024999999999999998,0.06349206349206349,0.016931216931216932,0.01216300184678123,0.041025641025641026,0.0705026455026455,0.14285714285714285,0.02814310909549005,0.027282053744157302,0.03589743589743589,0.07566137566137567,0.15873015873015872,0.028936759889140844,0.02996858457238001
temporal,validation,R-B0,relevance_grade,1,has_context,True,61,50,11,0.01639344262295082,0.0,0.0,0.0,0.0,0.03825136612021858,0.02,0.02,0.006666666666666666,0.01,0.029508196721311476,0.0425,0.06,0.015666666666666666,0.018297501011037262,0.03442622950819672,0.0525,0.08,0.017666666666666667,0.01985533802157962,0.029508196721311476,0.055,0.08,0.017666666666666667,0.0208177707904344
temporal,validation,R-B0,relevance_grade,1,multiple_entity_dimensions,True,139,113,26,0.03597122302158273,0.0,0.0,0.0,0.0,0.03836930455635492,0.018805309734513276,0.02654867256637168,0.008849557522123894,0.009275312211270531,0.03309352517985612,0.03274336283185841,0.061946902654867256,0.016371681415929203,0.014877382007956465,0.038129496402877695,0.06253687315634218,0.11504424778761062,0.023507515100435455,0.023995896344786643,0.033093525179856115,0.06651917404129794,0.12389380530973451,0.02394999297654165,0.025919551925501418
temporal,validation,R-E1,relevance_grade,1,query_language,EN,59,47,12,0.01694915254237288,0.0,0.0,0.0,0.0,0.028248587570621465,0.026595744680851064,0.0425531914893617,0.014184397163120567,0.014036105779146798,0.03728813559322034,0.047872340425531915,0.06382978723404255,0.019503546099290777,0.023050471432603893,0.03389830508474576,0.07180851063829788,0.10638297872340426,0.02541371158392435,0.029918222488656377,0.027966101694915257,0.07801418439716312,0.1276595744680851,0.026933468422830124,0.032647459351601564
temporal,validation,R-E1,relevance_grade,1,query_language,ID,29,28,1,0.0,0.0,0.0,0.0,0.0,0.022988505747126436,0.03571428571428571,0.03571428571428571,0.017857142857142856,0.022533205484694906,0.05517241379310344,0.049999999999999996,0.10714285714285714,0.03214285714285714,0.02814672595856884,0.05172413793103449,0.14375000000000002,0.25,0.052551020408163264,0.060230197133418005,0.039655172413793106,0.14375000000000002,0.25,0.052551020408163264,0.060230197133418005
temporal,validation,R-E1,relevance_grade,1,query_language,MIXED,51,38,13,0.0196078431372549,0.0,0.0,0.0,0.0,0.0261437908496732,0.013157894736842105,0.02631578947368421,0.008771929824561403,0.00362383621547614,0.04313725490196079,0.017543859649122806,0.05263157894736842,0.014035087719298246,0.00488507891186857,0.03529411764705883,0.017543859649122806,0.05263157894736842,0.014035087719298246,0.00483177205768705,0.03235294117647059,0.03508771929824561,0.07894736842105263,0.015350877192982454,0.012079299673214307
temporal,validation,R-E1,relevance_grade,1,query_intent,Comparative Treatment Choice,2,2,0,0.0,0.0,0.0,0.0,0.0,0.0,0.0,0.0,0.0,0.0,0.0,0.0,0.0,0.0,0.0,0.0,0.0,0.0,0.0,0.0,0.0,0.0,0.0,0.0,0.0
temporal,validation,R-E1,relevance_grade,1,query_intent,Dosing / Administration,26,21,5,0.038461538461538464,0.0,0.0,0.0,0.0,0.038461538461538464,0.023809523809523808,0.047619047619047616,0.015873015873015872,0.006557417913718729,0.04615384615384616,0.023809523809523808,0.047619047619047616,0.015873015873015872,0.006557417913718729,0.038461538461538464,0.02976190476190476,0.09523809523809523,0.023809523809523808,0.007593337150408512,0.02884615384615385,0.05952380952380952,0.14285714285714285,0.026190476190476188,0.0182616998340503
temporal,validation,R-E1,relevance_grade,1,query_intent,Efficacy / Outcomes,4,3,1,0.0,0.0,0.0,0.0,0.0,0.08333333333333333,0.0,0.0,0.0,0.0,0.05,0.0,0.0,0.0,0.0,0.025,0.0,0.0,0.0,0.0,0.025,0.0,0.0,0.0,0.0
temporal,validation,R-E1,relevance_grade,1,query_intent,Guideline / Evidence Lookup,16,13,3,0.0,0.0,0.0,0.0,0.0,0.020833333333333332,0.0,0.0,0.0,0.0,0.025,0.0,0.0,0.0,0.0,0.05,0.0,0.0,0.0,0.0,0.04062500000000001,0.0,0.0,0.0,0.0
temporal,validation,R-E1,relevance_grade,1,query_intent,Interaction / Combination,7,7,0,0.0,0.0,0.0,0.0,0.0,0.0,0.0,0.0,0.0,0.0,0.05714285714285715,0.05714285714285715,0.2857142857142857,0.05714285714285715,0.022454081895495727,0.042857142857142864,0.1285714285714286,0.42857142857142855,0.07755102040816328,0.05165156726527947,0.03571428571428571,0.1285714285714286,0.42857142857142855,0.07755102040816328,0.05165156726527947
temporal,validation,R-E1,relevance_grade,1,query_intent,Management / Treatment Selection,11,10,1,0.0,0.0,0.0,0.0,0.0,0.0303030303030303,0.1,0.1,0.05,0.06309297535714574,0.03636363636363637,0.1,0.1,0.05,0.06309297535714574,0.03636363636363637,0.2,0.2,0.06428571428571428,0.09642630869047908,0.022727272727272728,0.2,0.2,0.06428571428571428,0.09642630869047908
temporal,validation,R-E1,relevance_grade,1,query_intent,Mechanism / Background Knowledge,5,4,1,0.0,0.0,0.0,0.0,0.0,0.0,0.0,0.0,0.0,0.0,0.0,0.0,0.0,0.0,0.0,0.0,0.0,0.0,0.0,0.0,0.04,0.0,0.0,0.0,0.0
temporal,validation,R-E1,relevance_grade,1,query_intent,Monitoring / Response / Risk Assessment,12,9,3,0.0,0.0,0.0,0.0,0.0,0.0,0.0,0.0,0.0,0.0,0.05000000000000001,0.0,0.0,0.0,0.0,0.041666666666666664,0.0,0.0,0.0,0.0,0.02916666666666667,0.0,0.0,0.0,0.0
temporal,validation,R-E1,relevance_grade,1,query_intent,Prophylaxis / Maintenance,12,10,2,0.0,0.0,0.0,0.0,0.0,0.05555555555555555,0.025,0.1,0.03333333333333333,0.015969697161989947,0.03333333333333333,0.025,0.1,0.03333333333333333,0.01526955992589897,0.025000000000000005,0.025,0.1,0.03333333333333333,0.01526955992589897,0.012500000000000002,0.025,0.1,0.03333333333333333,0.01526955992589897
temporal,validation,R-E1,relevance_grade,1,query_intent,Safety / Contraindication,26,19,7,0.0,0.0,0.0,0.0,0.0,0.01282051282051282,0.05263157894736842,0.05263157894736842,0.017543859649122806,0.02631578947368421,0.038461538461538464,0.05263157894736842,0.05263157894736842,0.017543859649122806,0.02631578947368421,0.03076923076923077,0.15789473684210525,0.15789473684210525,0.030910609857978274,0.05970333310512182,0.026923076923076925,0.15789473684210525,0.15789473684210525,0.030910609857978274,0.05970333310512182
temporal,validation,R-E1,relevance_grade,1,query_intent,Treatment Change / Escalation,18,15,3,0.05555555555555555,0.0,0.0,0.0,0.0,0.037037037037037035,0.0,0.0,0.0,0.0,0.07777777777777778,0.07777777777777778,0.13333333333333333,0.030000000000000002,0.031906918702420364,0.06111111111111113,0.0861111111111111,0.2,0.039523809523809524,0.033591083247868775,0.05833333333333335,0.10833333333333334,0.26666666666666666,0.04428571428571429,0.04556738762066758
temporal,validation,R-E1,relevance_grade,1,has_context,False,78,63,15,0.02564102564102564,0.0,0.0,0.0,0.0,0.029914529914529912,0.03571428571428571,0.047619047619047616,0.018518518518518517,0.020486138495100902,0.04615384615384616,0.04470899470899471,0.09523809523809523,0.028042328042328042,0.023630653151775073,0.038461538461538464,0.0705026455026455,0.14285714285714285,0.03484504913076341,0.032566815042307545,0.03141025641025641,0.0757936507936508,0.15873015873015872,0.03597883597883598,0.03541831608345011
temporal,validation,R-E1,relevance_grade,1,has_context,True,61,50,11,0.0,0.0,0.0,0.0,0.0,0.02185792349726776,0.01,0.02,0.006666666666666666,0.0027541155237618665,0.03934426229508197,0.03,0.04,0.011666666666666665,0.01136764668522973,0.03770491803278689,0.0725,0.1,0.02007936507936508,0.02448999934458573,0.03278688524590165,0.085,0.12,0.021079365079365076,0.028970711671715277
temporal,validation,R-E1,relevance_grade,1,multiple_entity_dimensions,True,139,113,26,0.014388489208633094,0.0,0.0,0.0,0.0,0.026378896882494004,0.024336283185840708,0.035398230088495575,0.013274336283185839,0.01264011063167655,0.04316546762589928,0.03820058997050147,0.07079646017699115,0.020796460176991147,0.018204544095781556,0.0381294964028777,0.07138643067846608,0.12389380530973451,0.028311560612445566,0.028993002786678424,0.03201438848920863,0.07986725663716815,0.1415929203539823,0.02938614974013204,0.032565393777372754
temporal,validation,R-E2,relevance_grade,1,query_language,EN,59,47,12,0.01694915254237288,0.0,0.0,0.0,0.0,0.028248587570621465,0.026595744680851064,0.0425531914893617,0.014184397163120567,0.014036105779146798,0.03728813559322034,0.047872340425531915,0.06382978723404255,0.019503546099290777,0.023050471432603893,0.03050847457627119,0.06914893617021277,0.0851063829787234,0.021867612293144205,0.02945536495736945,0.029661016949152547,0.07695035460992908,0.1276595744680851,0.025024030343179276,0.03287285419932708
temporal,validation,R-E2,relevance_grade,1,query_language,ID,29,28,1,0.0,0.0,0.0,0.0,0.0,0.034482758620689655,0.03571428571428571,0.03571428571428571,0.017857142857142856,0.022533205484694906,0.06206896551724138,0.08571428571428572,0.14285714285714285,0.04107142857142857,0.04352803160404716,0.05172413793103449,0.14375000000000002,0.25,0.05637755102040815,0.06370674087413443,0.0413793103448276,0.1675595238095238,0.2857142857142857,0.05875850340136054,0.07246804142897868
temporal,validation,R-E2,relevance_grade,1,query_language,MIXED,51,38,13,0.0392156862745098,0.0,0.0,0.0,0.0,0.0261437908496732,0.013157894736842105,0.02631578947368421,0.008771929824561403,0.00362383621547614,0.0392156862745098,0.017543859649122806,0.05263157894736842,0.014035087719298246,0.00488507891186857,0.03333333333333334,0.017543859649122806,0.05263157894736842,0.014035087719298246,0.00483177205768705,0.030392156862745098,0.021929824561403508,0.05263157894736842,0.014035087719298246,0.007363202719900996
temporal,validation,R-E2,relevance_grade,1,query_intent,Comparative Treatment Choice,2,2,0,0.0,0.0,0.0,0.0,0.0,0.0,0.0,0.0,0.0,0.0,0.0,0.0,0.0,0.0,0.0,0.05,0.0,0.0,0.0,0.0,0.025,0.0,0.0,0.0,0.0
temporal,validation,R-E2,relevance_grade,1,query_intent,Dosing / Administration,26,21,5,0.038461538461538464,0.0,0.0,0.0,0.0,0.038461538461538464,0.023809523809523808,0.047619047619047616,0.015873015873015872,0.006557417913718729,0.038461538461538464,0.023809523809523808,0.047619047619047616,0.015873015873015872,0.006557417913718729,0.03076923076923077,0.023809523809523808,0.047619047619047616,0.015873015873015872,0.006557417913718729,0.02884615384615385,0.023809523809523808,0.047619047619047616,0.015873015873015872,0.006557417913718729
temporal,validation,R-E2,relevance_grade,1,query_intent,Efficacy / Outcomes,4,3,1,0.0,0.0,0.0,0.0,0.0,0.08333333333333333,0.0,0.0,0.0,0.0,0.05,0.0,0.0,0.0,0.0,0.025,0.0,0.0,0.0,0.0,0.025,0.0,0.0,0.0,0.0
temporal,validation,R-E2,relevance_grade,1,query_intent,Guideline / Evidence Lookup,16,13,3,0.0625,0.0,0.0,0.0,0.0,0.020833333333333332,0.0,0.0,0.0,0.0,0.025,0.0,0.0,0.0,0.0,0.037500000000000006,0.0,0.0,0.0,0.0,0.046875,0.05128205128205128,0.07692307692307693,0.005128205128205128,0.018870493502741458
temporal,validation,R-E2,relevance_grade,1,query_intent,Interaction / Combination,7,7,0,0.0,0.0,0.0,0.0,0.0,0.0,0.0,0.0,0.0,0.0,0.05714285714285715,0.05714285714285715,0.2857142857142857,0.05714285714285715,0.022454081895495727,0.042857142857142864,0.1285714285714286,0.42857142857142855,0.07755102040816328,0.05165156726527947,0.03571428571428571,0.1285714285714286,0.42857142857142855,0.07755102040816328,0.05165156726527947
temporal,validation,R-E2,relevance_grade,1,query_intent,Management / Treatment Selection,11,10,1,0.0,0.0,0.0,0.0,0.0,0.0303030303030303,0.1,0.1,0.05,0.06309297535714574,0.03636363636363637,0.1,0.1,0.05,0.06309297535714574,0.03636363636363637,0.2,0.2,0.06428571428571428,0.09642630869047908,0.022727272727272728,0.2,0.2,0.06428571428571428,0.09642630869047908
temporal,validation,R-E2,relevance_grade,1,query_intent,Mechanism / Background Knowledge,5,4,1,0.0,0.0,0.0,0.0,0.0,0.0,0.0,0.0,0.0,0.0,0.0,0.0,0.0,0.0,0.0,0.0,0.0,0.0,0.0,0.0,0.04,0.0,0.0,0.0,0.0
temporal,validation,R-E2,relevance_grade,1,query_intent,Monitoring / Response / Risk Assessment,12,9,3,0.0,0.0,0.0,0.0,0.0,0.0,0.0,0.0,0.0,0.0,0.05000000000000001,0.0,0.0,0.0,0.0,0.041666666666666664,0.0,0.0,0.0,0.0,0.02916666666666667,0.0,0.0,0.0,0.0
temporal,validation,R-E2,relevance_grade,1,query_intent,Prophylaxis / Maintenance,12,10,2,0.0,0.0,0.0,0.0,0.0,0.05555555555555555,0.025,0.1,0.03333333333333333,0.015969697161989947,0.03333333333333333,0.025,0.1,0.03333333333333333,0.01526955992589897,0.025000000000000005,0.025,0.1,0.03333333333333333,0.01526955992589897,0.012500000000000002,0.025,0.1,0.03333333333333333,0.01526955992589897
temporal,validation,R-E2,relevance_grade,1,query_intent,Safety / Contraindication,26,19,7,0.0,0.0,0.0,0.0,0.0,0.02564102564102564,0.05263157894736842,0.05263157894736842,0.017543859649122806,0.02631578947368421,0.04615384615384615,0.10526315789473684,0.10526315789473684,0.030701754385964907,0.0489829767407049,0.03461538461538461,0.15789473684210525,0.15789473684210525,0.03654970760233918,0.06482666072301971,0.02884615384615385,0.15789473684210525,0.15789473684210525,0.03654970760233918,0.06482666072301971
temporal,validation,R-E2,relevance_grade,1,query_intent,Treatment Change / Escalation,18,15,3,0.05555555555555555,0.0,0.0,0.0,0.0,0.037037037037037035,0.0,0.0,0.0,0.0,0.07777777777777778,0.07777777777777778,0.13333333333333333,0.030000000000000002,0.031906918702420364,0.05555555555555555,0.0861111111111111,0.2,0.039523809523809524,0.033591083247868775,0.05000000000000001,0.12166666666666666,0.3333333333333333,0.04941391941391941,0.05071217388361137
temporal,validation,R-E2,relevance_grade,1,has_context,False,78,63,15,0.02564102564102564,0.0,0.0,0.0,0.0,0.029914529914529912,0.03571428571428571,0.047619047619047616,0.018518518518518517,0.020486138495100902,0.04615384615384616,0.04470899470899471,0.09523809523809523,0.028042328042328042,0.023630653151775073,0.038461538461538464,0.0705026455026455,0.14285714285714285,0.03484504913076341,0.032566815042307545,0.03141025641025641,0.0757936507936508,0.15873015873015872,0.03597883597883598,0.03541831608345011
temporal,validation,R-E2,relevance_grade,1,has_context,True,61,50,11,0.01639344262295082,0.0,0.0,0.0,0.0,0.0273224043715847,0.01,0.02,0.006666666666666666,0.0027541155237618665,0.03934426229508197,0.05,0.06,0.016666666666666666,0.01998117784669759,0.03278688524590164,0.07,0.08,0.01888888888888889,0.026001777759977217,0.03360655737704918,0.08733333333333335,0.12,0.02176068376068376,0.032451541949573136
temporal,validation,R-E2,relevance_grade,1,multiple_entity_dimensions,True,139,113,26,0.02158273381294964,0.0,0.0,0.0,0.0,0.02877697841726619,0.024336283185840708,0.035398230088495575,0.013274336283185839,0.01264011063167655,0.04316546762589929,0.047050147492625365,0.07964601769911504,0.02300884955752212,0.022015841069882382,0.03597122302158273,0.07028023598820059,0.11504424778761062,0.027784801236128667,0.029661931289064036,0.03237410071942446,0.08089970501474926,0.1415929203539823,0.0296876181831934,0.03410558416580543
temporal,validation,R-E3,relevance_grade,1,query_language,EN,59,47,12,0.01694915254237288,0.0,0.0,0.0,0.0,0.04519774011299435,0.0425531914893617,0.0425531914893617,0.017730496453900707,0.02406233518237143,0.03389830508474576,0.0668693009118541,0.0851063829787234,0.02730496453900709,0.03646677157504784,0.03559322033898305,0.0780986153326579,0.14893617021276595,0.035368118878757175,0.04050422608809474,0.043220338983050846,0.09088990206011481,0.2127659574468085,0.039588366716026294,0.04415759242885462
temporal,validation,R-E3,relevance_grade,1,query_language,ID,29,28,1,0.0,0.0,0.0,0.0,0.0,0.022988505747126436,0.03571428571428571,0.03571428571428571,0.011904761904761904,0.017857142857142856,0.034482758620689655,0.03571428571428571,0.03571428571428571,0.011904761904761904,0.017857142857142856,0.0413793103448276,0.09761904761904762,0.17857142857142858,0.03337585034013605,0.03840119206341854,0.03275862068965517,0.10476190476190475,0.17857142857142858,0.03337585034013605,0.039151167284653524
temporal,validation,R-E3,relevance_grade,1,query_language,MIXED,51,38,13,0.0196078431372549,0.0,0.0,0.0,0.0,0.0196078431372549,0.013157894736842105,0.02631578947368421,0.013157894736842105,0.004572772180827369,0.03137254901960784,0.013157894736842105,0.02631578947368421,0.013157894736842105,0.004572772180827369,0.023529411764705882,0.04385964912280702,0.07894736842105263,0.019078947368421053,0.013164770547189581,0.027450980392156866,0.09298245614035089,0.15789473684210525,0.02404201292705448,0.027460220776773136
temporal,validation,R-E3,relevance_grade,1,query_intent,Comparative Treatment Choice,2,2,0,0.0,0.0,0.0,0.0,0.0,0.0,0.0,0.0,0.0,0.0,0.0,0.0,0.0,0.0,0.0,0.0,0.0,0.0,0.0,0.0,0.0,0.0,0.0,0.0,0.0
temporal,validation,R-E3,relevance_grade,1,query_intent,Dosing / Administration,26,21,5,0.0,0.0,0.0,0.0,0.0,0.038461538461538464,0.023809523809523808,0.047619047619047616,0.023809523809523808,0.00827454013673524,0.03076923076923077,0.023809523809523808,0.047619047619047616,0.023809523809523808,0.00827454013673524,0.02692307692307692,0.03968253968253968,0.09523809523809523,0.031746031746031744,0.013170890840947818,0.032692307692307694,0.04563492063492063,0.14285714285714285,0.03540903540903541,0.0154623974334592
temporal,validation,R-E3,relevance_grade,1,query_intent,Efficacy / Outcomes,4,3,1,0.0,0.0,0.0,0.0,0.0,0.08333333333333333,0.0,0.0,0.0,0.0,0.05,0.0,0.0,0.0,0.0,0.025,0.0,0.0,0.0,0.0,0.037500000000000006,0.16666666666666666,0.3333333333333333,0.027777777777777776,0.030388458165892824
temporal,validation,R-E3,relevance_grade,1,query_intent,Guideline / Evidence Lookup,16,13,3,0.0,0.0,0.0,0.0,0.0,0.0,0.0,0.0,0.0,0.0,0.05,0.0,0.0,0.0,0.0,0.037500000000000006,0.0,0.0,0.0,0.0,0.040625,0.0,0.0,0.0,0.0
temporal,validation,R-E3,relevance_grade,1,query_intent,Interaction / Combination,7,7,0,0.0,0.0,0.0,0.0,0.0,0.0,0.0,0.0,0.0,0.0,0.0,0.0,0.0,0.0,0.0,0.028571428571428574,0.05714285714285715,0.2857142857142857,0.041666666666666664,0.019868097093417393,0.03571428571428571,0.08571428571428573,0.2857142857142857,0.041666666666666664,0.022867997978357296
temporal,validation,R-E3,relevance_grade,1,query_intent,Management / Treatment Selection,11,10,1,0.0,0.0,0.0,0.0,0.0,0.0303030303030303,0.1,0.1,0.03333333333333333,0.05,0.03636363636363637,0.1,0.1,0.03333333333333333,0.05,0.03636363636363637,0.2,0.2,0.047619047619047616,0.08333333333333334,0.031818181818181815,0.21428571428571427,0.3,0.054761904761904755,0.08500791086445188
temporal,validation,R-E3,relevance_grade,1,query_intent,Mechanism / Background Knowledge,5,4,1,0.0,0.0,0.0,0.0,0.0,0.0,0.0,0.0,0.0,0.0,0.0,0.0,0.0,0.0,0.0,0.04,0.0,0.0,0.0,0.0,0.030000000000000006,0.0,0.0,0.0,0.0
temporal,validation,R-E3,relevance_grade,1,query_intent,Monitoring / Response / Risk Assessment,12,9,3,0.08333333333333333,0.0,0.0,0.0,0.0,0.08333333333333333,0.0,0.0,0.0,0.0,0.05000000000000001,0.0,0.0,0.0,0.0,0.025000000000000005,0.0,0.0,0.0,0.0,0.05000000000000001,0.037037037037037035,0.1111111111111111,0.005555555555555556,0.011871200473532247
temporal,validation,R-E3,relevance_grade,1,query_intent,Prophylaxis / Maintenance,12,10,2,0.08333333333333333,0.0,0.0,0.0,0.0,0.027777777777777776,0.0,0.0,0.0,0.0,0.03333333333333333,0.014285714285714285,0.1,0.025,0.019615570322124944,0.03333333333333333,0.1392857142857143,0.3,0.04928571428571429,0.05785948817167228,0.024999999999999998,0.1392857142857143,0.3,0.04928571428571429,0.05785948817167228
temporal,validation,R-E3,relevance_grade,1,query_intent,Safety / Contraindication,26,19,7,0.0,0.0,0.0,0.0,0.0,0.02564102564102564,0.05263157894736842,0.05263157894736842,0.02631578947368421,0.033206829135339865,0.03076923076923077,0.10526315789473684,0.10526315789473684,0.03684210526315789,0.05356750320031573,0.023076923076923075,0.10526315789473684,0.10526315789473684,0.03684210526315789,0.05356750320031573,0.025,0.10526315789473684,0.10526315789473684,0.03684210526315789,0.05356750320031573
temporal,validation,R-E3,relevance_grade,1,query_intent,Treatment Change / Escalation,18,15,3,0.0,0.0,0.0,0.0,0.0,0.037037037037037035,0.06666666666666667,0.06666666666666667,0.02222222222222222,0.03333333333333333,0.03333333333333334,0.06666666666666667,0.06666666666666667,0.02222222222222222,0.03333333333333333,0.05555555555555555,0.0962962962962963,0.26666666666666666,0.046296296296296294,0.04225447476929968,0.052777777777777785,0.18740740740740738,0.4,0.05331384015594542,0.0723919237177328
temporal,validation,R-E3,relevance_grade,1,has_context,False,78,63,15,0.02564102564102564,0.0,0.0,0.0,0.0,0.034188034188034185,0.031746031746031744,0.031746031746031744,0.013227513227513227,0.01795126592970567,0.02820512820512821,0.03401360544217687,0.047619047619047616,0.017195767195767195,0.021064848520519156,0.03333333333333333,0.08313177122700932,0.1746031746031746,0.03367976820357773,0.036757964600236996,0.035897435897435895,0.12031997984378937,0.23809523809523808,0.03776537905610588,0.045656735753113145
temporal,validation,R-E3,relevance_grade,1,has_context,True,61,50,11,0.0,0.0,0.0,0.0,0.0,0.0273224043715847,0.03,0.04,0.016666666666666666,0.013475306857428801,0.03934426229508197,0.05,0.06,0.020666666666666663,0.021212363002119636,0.031147540983606562,0.056666666666666664,0.08,0.024,0.02326883029788892,0.034426229508196717,0.06316666666666666,0.12,0.026591093117408905,0.026775071303954342
temporal,validation,R-E3,relevance_grade,1,multiple_entity_dimensions,True,139,113,26,0.014388489208633094,0.0,0.0,0.0,0.0,0.031175059952038366,0.030973451327433628,0.035398230088495575,0.014749262536873154,0.015970753065866348,0.03309352517985612,0.04108723135271807,0.05309734513274336,0.018731563421828905,0.021130120415032642,0.03237410071942446,0.07142154797022053,0.13274336283185842,0.029396684927658377,0.0307893211036228,0.03525179856115108,0.09503090321674393,0.18584070796460178,0.03282100474694792,0.037302016970299515
temporal,validation,R-E4,relevance_grade,1,query_language,EN,59,47,12,0.01694915254237288,0.0,0.0,0.0,0.0,0.03389830508474576,0.02127659574468085,0.02127659574468085,0.0070921985815602835,0.010638297872340425,0.03389830508474576,0.04559270516717325,0.06382978723404255,0.015602836879432626,0.022618054670538852,0.03389830508474576,0.05357142857142857,0.10638297872340426,0.022695035460992906,0.025234462927323825,0.030508474576271195,0.08282674772036475,0.14893617021276595,0.025749092266449485,0.03462318209290773
temporal,validation,R-E4,relevance_grade,1,query_language,ID,29,28,1,0.06896551724137931,0.0,0.0,0.0,0.0,0.04597701149425287,0.0,0.0,0.0,0.0,0.04827586206896552,0.04017857142857143,0.07142857142857142,0.016071428571428573,0.01518823845494985,0.04482758620689656,0.12589285714285714,0.21428571428571427,0.03732993197278911,0.043835089147507826,0.04137931034482759,0.14375000000000002,0.25,0.04030612244897959,0.04975279506769459
temporal,validation,R-E4,relevance_grade,1,query_language,MIXED,51,38,13,0.0,0.0,0.0,0.0,0.0,0.0261437908496732,0.013157894736842105,0.02631578947368421,0.008771929824561403,0.00362383621547614,0.03137254901960784,0.013157894736842105,0.02631578947368421,0.008771929824561403,0.00362383621547614,0.03137254901960784,0.04385964912280702,0.07894736842105263,0.014327485380116961,0.012170762115104407,0.02843137254901961,0.04824561403508772,0.07894736842105263,0.014327485380116961,0.01451261375664858
temporal,validation,R-E4,relevance_grade,1,query_intent,Comparative Treatment Choice,2,2,0,0.0,0.0,0.0,0.0,0.0,0.0,0.0,0.0,0.0,0.0,0.0,0.0,0.0,0.0,0.0,0.0,0.0,0.0,0.0,0.0,0.0,0.0,0.0,0.0,0.0
temporal,validation,R-E4,relevance_grade,1,query_intent,Dosing / Administration,26,21,5,0.0,0.0,0.0,0.0,0.0,0.05128205128205128,0.023809523809523808,0.047619047619047616,0.015873015873015872,0.006557417913718729,0.03076923076923077,0.023809523809523808,0.047619047619047616,0.015873015873015872,0.006557417913718729,0.030769230769230767,0.02976190476190476,0.09523809523809523,0.023809523809523808,0.007593337150408512,0.028846153846153848,0.03571428571428571,0.09523809523809523,0.023809523809523808,0.009647180789763147
temporal,validation,R-E4,relevance_grade,1,query_intent,Efficacy / Outcomes,4,3,1,0.0,0.0,0.0,0.0,0.0,0.08333333333333333,0.0,0.0,0.0,0.0,0.05,0.0,0.0,0.0,0.0,0.025,0.0,0.0,0.0,0.0,0.0625,0.08333333333333333,0.3333333333333333,0.017543859649122806,0.03973204623495562
temporal,validation,R-E4,relevance_grade,1,query_intent,Guideline / Evidence Lookup,16,13,3,0.0625,0.0,0.0,0.0,0.0,0.041666666666666664,0.0,0.0,0.0,0.0,0.037500000000000006,0.0,0.0,0.0,0.0,0.05,0.0,0.0,0.0,0.0,0.034375,0.0,0.0,0.0,0.0
temporal,validation,R-E4,relevance_grade,1,query_intent,Interaction / Combination,7,7,0,0.0,0.0,0.0,0.0,0.0,0.0,0.0,0.0,0.0,0.0,0.0,0.0,0.0,0.0,0.0,0.028571428571428574,0.05714285714285715,0.2857142857142857,0.04421768707482993,0.01980085003876956,0.04285714285714286,0.1285714285714286,0.42857142857142855,0.05612244897959184,0.043471673719516636
temporal,validation,R-E4,relevance_grade,1,query_intent,Management / Treatment Selection,11,10,1,0.0,0.0,0.0,0.0,0.0,0.0,0.0,0.0,0.0,0.0,0.018181818181818184,0.1,0.1,0.02,0.03868528072345416,0.03636363636363637,0.2,0.2,0.03428571428571429,0.0720186140567875,0.02727272727272727,0.2,0.2,0.03428571428571429,0.0720186140567875
temporal,validation,R-E4,relevance_grade,1,query_intent,Mechanism / Background Knowledge,5,4,1,0.0,0.0,0.0,0.0,0.0,0.0,0.0,0.0,0.0,0.0,0.0,0.0,0.0,0.0,0.0,0.0,0.0,0.0,0.0,0.0,0.0,0.0,0.0,0.0,0.0
temporal,validation,R-E4,relevance_grade,1,query_intent,Monitoring / Response / Risk Assessment,12,9,3,0.08333333333333333,0.0,0.0,0.0,0.0,0.05555555555555555,0.0,0.0,0.0,0.0,0.05000000000000001,0.0,0.0,0.0,0.0,0.049999999999999996,0.0,0.0,0.0,0.0,0.0375,0.0,0.0,0.0,0.0
temporal,validation,R-E4,relevance_grade,1,query_intent,Prophylaxis / Maintenance,12,10,2,0.0,0.0,0.0,0.0,0.0,0.027777777777777776,0.0,0.0,0.0,0.0,0.03333333333333333,0.014285714285714285,0.1,0.02,0.017619576228078433,0.03333333333333333,0.1392857142857143,0.3,0.04666666666666667,0.056647747269708025,0.024999999999999998,0.1392857142857143,0.3,0.04666666666666667,0.056647747269708025
temporal,validation,R-E4,relevance_grade,1,query_intent,Safety / Contraindication,26,19,7,0.0,0.0,0.0,0.0,0.0,0.02564102564102564,0.05263157894736842,0.05263157894736842,0.017543859649122806,0.02631578947368421,0.03076923076923077,0.05263157894736842,0.05263157894736842,0.017543859649122806,0.02631578947368421,0.023076923076923075,0.10526315789473684,0.10526315789473684,0.02506265664160401,0.043859649122807015,0.02884615384615385,0.15789473684210525,0.15789473684210525,0.02984734563681932,0.058540856788655955
temporal,validation,R-E4,relevance_grade,1,query_intent,Treatment Change / Escalation,18,15,3,0.05555555555555555,0.0,0.0,0.0,0.0,0.037037037037037035,0.0,0.0,0.0,0.0,0.07777777777777778,0.075,0.13333333333333333,0.030000000000000002,0.028351378449239722,0.05555555555555555,0.0861111111111111,0.2,0.03740740740740741,0.030521882470676776,0.044444444444444446,0.09722222222222222,0.2,0.03740740740740741,0.03645457329592201
temporal,validation,R-E4,relevance_grade,1,has_context,False,78,63,15,0.01282051282051282,0.0,0.0,0.0,0.0,0.034188034188034185,0.015873015873015872,0.015873015873015872,0.005291005291005291,0.007936507936507936,0.041025641025641026,0.03599773242630385,0.06349206349206349,0.01560846560846561,0.01748359427014889,0.038461538461538464,0.08070672713529856,0.15873015873015872,0.028785588309397835,0.03168642846606274,0.03461538461538461,0.0952569916855631,0.19047619047619047,0.03094376152020262,0.03762106762239249
temporal,validation,R-E4,relevance_grade,1,has_context,True,61,50,11,0.03278688524590164,0.0,0.0,0.0,0.0,0.03278688524590164,0.01,0.02,0.006666666666666666,0.0027541155237618665,0.029508196721311476,0.03,0.04,0.010666666666666666,0.010491171668452698,0.031147540983606562,0.0525,0.08,0.016857142857142855,0.017592924414529074,0.02868852459016394,0.075,0.1,0.018675324675324675,0.02403439765608062
temporal,validation,R-E4,relevance_grade,1,multiple_entity_dimensions,True,139,113,26,0.02158273381294964,0.0,0.0,0.0,0.0,0.033573141486810544,0.01327433628318584,0.017699115044247787,0.0058997050147492625,0.005643413948567198,0.03597122302158273,0.033343868520859674,0.05309734513274336,0.013421828908554572,0.014389601968513408,0.035251798561151085,0.06822587442056469,0.12389380530973451,0.023507515100435455,0.02545036472644607,0.03201438848920863,0.08629372102823431,0.1504424778761062,0.025515249641938045,0.03160926675234299
temporal,validation,R-E5,relevance_grade,1,query_language,EN,59,47,12,0.0,0.0,0.0,0.0,0.0,0.028248587570621465,0.026595744680851064,0.0425531914893617,0.014184397163120567,0.014036105779146798,0.04067796610169492,0.047872340425531915,0.06382978723404255,0.019503546099290777,0.023050471432603893,0.03728813559322035,0.07535460992907801,0.1276595744680851,0.027836879432624115,0.03185196925100821,0.02796610169491526,0.07801418439716312,0.1276595744680851,0.027836879432624115,0.032753931528127236
temporal,validation,R-E5,relevance_grade,1,query_language,ID,29,28,1,0.0,0.0,0.0,0.0,0.0,0.034482758620689655,0.03571428571428571,0.03571428571428571,0.017857142857142856,0.022533205484694906,0.05517241379310344,0.04285714285714286,0.07142857142857142,0.024999999999999998,0.02444937207920362,0.04827586206896553,0.08571428571428572,0.14285714285714285,0.03520408163265305,0.03953997436065052,0.03620689655172415,0.1392857142857143,0.21428571428571427,0.04142702535559678,0.05541992833980621
temporal,validation,R-E5,relevance_grade,1,query_language,MIXED,51,38,13,0.0,0.0,0.0,0.0,0.0,0.0261437908496732,0.013157894736842105,0.02631578947368421,0.008771929824561403,0.00362383621547614,0.03529411764705883,0.017543859649122806,0.05263157894736842,0.014035087719298246,0.00488507891186857,0.029411764705882356,0.017543859649122806,0.05263157894736842,0.014035087719298246,0.00483177205768705,0.030392156862745098,0.021929824561403508,0.05263157894736842,0.014035087719298246,0.007363202719900996
temporal,validation,R-E5,relevance_grade,1,query_intent,Comparative Treatment Choice,2,2,0,0.0,0.0,0.0,0.0,0.0,0.0,0.0,0.0,0.0,0.0,0.0,0.0,0.0,0.0,0.0,0.0,0.0,0.0,0.0,0.0,0.0,0.0,0.0,0.0,0.0
temporal,validation,R-E5,relevance_grade,1,query_intent,Dosing / Administration,26,21,5,0.0,0.0,0.0,0.0,0.0,0.038461538461538464,0.023809523809523808,0.047619047619047616,0.015873015873015872,0.006557417913718729,0.038461538461538464,0.023809523809523808,0.047619047619047616,0.015873015873015872,0.006557417913718729,0.03846153846153847,0.02976190476190476,0.09523809523809523,0.023809523809523808,0.007593337150408512,0.030769230769230767,0.03571428571428571,0.09523809523809523,0.023809523809523808,0.009612014627770163
temporal,validation,R-E5,relevance_grade,1,query_intent,Efficacy / Outcomes,4,3,1,0.0,0.0,0.0,0.0,0.0,0.08333333333333333,0.0,0.0,0.0,0.0,0.05,0.0,0.0,0.0,0.0,0.025,0.0,0.0,0.0,0.0,0.037500000000000006,0.0,0.0,0.0,0.0
temporal,validation,R-E5,relevance_grade,1,query_intent,Guideline / Evidence Lookup,16,13,3,0.0,0.0,0.0,0.0,0.0,0.020833333333333332,0.0,0.0,0.0,0.0,0.05,0.0,0.0,0.0,0.0,0.043750000000000004,0.0,0.0,0.0,0.0,0.03125,0.0,0.0,0.0,0.0
temporal,validation,R-E5,relevance_grade,1,query_intent,Interaction / Combination,7,7,0,0.0,0.0,0.0,0.0,0.0,0.0,0.0,0.0,0.0,0.0,0.028571428571428574,0.028571428571428574,0.14285714285714285,0.028571428571428574,0.0076646663780348566,0.028571428571428574,0.05714285714285715,0.2857142857142857,0.04897959183673469,0.020408027884774832,0.03571428571428571,0.1285714285714286,0.42857142857142855,0.060884353741496595,0.0440788515655219
temporal,validation,R-E5,relevance_grade,1,query_intent,Management / Treatment Selection,11,10,1,0.0,0.0,0.0,0.0,0.0,0.0303030303030303,0.1,0.1,0.05,0.06309297535714574,0.03636363636363637,0.1,0.1,0.05,0.06309297535714574,0.045454545454545456,0.2,0.2,0.06428571428571428,0.09642630869047908,0.02727272727272727,0.2,0.2,0.06428571428571428,0.09642630869047908
temporal,validation,R-E5,relevance_grade,1,query_intent,Mechanism / Background Knowledge,5,4,1,0.0,0.0,0.0,0.0,0.0,0.0,0.0,0.0,0.0,0.0,0.0,0.0,0.0,0.0,0.0,0.0,0.0,0.0,0.0,0.0,0.02,0.0,0.0,0.0,0.0
temporal,validation,R-E5,relevance_grade,1,query_intent,Monitoring / Response / Risk Assessment,12,9,3,0.0,0.0,0.0,0.0,0.0,0.0,0.0,0.0,0.0,0.0,0.05000000000000001,0.0,0.0,0.0,0.0,0.041666666666666664,0.0,0.0,0.0,0.0,0.02916666666666667,0.0,0.0,0.0,0.0
temporal,validation,R-E5,relevance_grade,1,query_intent,Prophylaxis / Maintenance,12,10,2,0.0,0.0,0.0,0.0,0.0,0.05555555555555555,0.025,0.1,0.03333333333333333,0.015969697161989947,0.03333333333333333,0.025,0.1,0.03333333333333333,0.01526955992589897,0.016666666666666666,0.025,0.1,0.03333333333333333,0.01526955992589897,0.016666666666666666,0.025,0.1,0.03333333333333333,0.01526955992589897
temporal,validation,R-E5,relevance_grade,1,query_intent,Safety / Contraindication,26,19,7,0.0,0.0,0.0,0.0,0.0,0.02564102564102564,0.05263157894736842,0.05263157894736842,0.017543859649122806,0.02631578947368421,0.03076923076923077,0.05263157894736842,0.05263157894736842,0.017543859649122806,0.02631578947368421,0.030769230769230767,0.10526315789473684,0.10526315789473684,0.02280701754385965,0.04152972770094147,0.026923076923076925,0.15789473684210525,0.15789473684210525,0.027591706539074962,0.05621093536679041
temporal,validation,R-E5,relevance_grade,1,query_intent,Treatment Change / Escalation,18,15,3,0.0,0.0,0.0,0.0,0.0,0.037037037037037035,0.0,0.0,0.0,0.0,0.07777777777777778,0.07777777777777778,0.13333333333333333,0.030000000000000002,0.031906918702420364,0.061111111111111116,0.08888888888888888,0.2,0.03833333333333333,0.038628625816935824,0.05000000000000002,0.1,0.2,0.03833333333333333,0.045041583494544485
temporal,validation,R-E5,relevance_grade,1,has_context,False,78,63,15,0.0,0.0,0.0,0.0,0.0,0.034188034188034185,0.03571428571428571,0.047619047619047616,0.018518518518518517,0.020486138495100902,0.04102564102564103,0.041534391534391535,0.07936507936507936,0.02486772486772487,0.021987384760946086,0.03846153846153847,0.06322751322751323,0.12698412698412698,0.0313869992441421,0.030294725564092833,0.03141025641025641,0.07380952380952381,0.14285714285714285,0.03270975056689343,0.034451711769320756
temporal,validation,R-E5,relevance_grade,1,has_context,True,61,50,11,0.0,0.0,0.0,0.0,0.0,0.02185792349726776,0.01,0.02,0.006666666666666666,0.0027541155237618665,0.04262295081967214,0.03,0.04,0.011666666666666665,0.01136764668522973,0.03442622950819673,0.0525,0.08,0.017,0.017584029290997193,0.02950819672131148,0.075,0.1,0.018818181818181817,0.02401073274451169
temporal,validation,R-E5,relevance_grade,1,multiple_entity_dimensions,True,139,113,26,0.0,0.0,0.0,0.0,0.0,0.02877697841726619,0.024336283185840708,0.035398230088495575,0.013274336283185839,0.01264011063167655,0.041726618705035974,0.0364306784660767,0.061946902654867256,0.01902654867256637,0.017288385612399027,0.0366906474820144,0.058480825958702055,0.10619469026548672,0.025021070375052672,0.024670523673342555,0.030575539568345324,0.0743362831858407,0.12389380530973451,0.026563038731180322,0.02983180954595391
temporal,validation,R-E6,relevance_grade,1,query_language,EN,59,47,12,0.0,0.0,0.0,0.0,0.0,0.028248587570621465,0.026595744680851064,0.0425531914893617,0.014184397163120567,0.014036105779146798,0.04067796610169492,0.047872340425531915,0.06382978723404255,0.019503546099290777,0.023050471432603893,0.03559322033898306,0.0726950354609929,0.10638297872340426,0.024290780141843972,0.03138911171972128,0.028813559322033905,0.07960992907801419,0.14893617021276595,0.026684397163120568,0.03321438005622421
temporal,validation,R-E6,relevance_grade,1,query_language,ID,29,28,1,0.0,0.0,0.0,0.0,0.0,0.034482758620689655,0.03571428571428571,0.03571428571428571,0.017857142857142856,0.022533205484694906,0.041379310344827586,0.04285714285714286,0.07142857142857142,0.024999999999999998,0.02444937207920362,0.051724137931034496,0.12142857142857143,0.17857142857142858,0.03966836734693877,0.05080657710299798,0.03448275862068966,0.1392857142857143,0.21428571428571427,0.042644557823129245,0.05672428302318474
temporal,validation,R-E6,relevance_grade,1,query_language,MIXED,51,38,13,0.0196078431372549,0.0,0.0,0.0,0.0,0.0261437908496732,0.013157894736842105,0.02631578947368421,0.008771929824561403,0.00362383621547614,0.03137254901960784,0.017543859649122806,0.05263157894736842,0.014035087719298246,0.00488507891186857,0.027450980392156866,0.017543859649122806,0.05263157894736842,0.014035087719298246,0.00483177205768705,0.03235294117647059,0.021929824561403508,0.05263157894736842,0.014035087719298246,0.007363202719900996
temporal,validation,R-E6,relevance_grade,1,query_intent,Comparative Treatment Choice,2,2,0,0.0,0.0,0.0,0.0,0.0,0.0,0.0,0.0,0.0,0.0,0.0,0.0,0.0,0.0,0.0,0.0,0.0,0.0,0.0,0.0,0.025,0.0,0.0,0.0,0.0
temporal,validation,R-E6,relevance_grade,1,query_intent,Dosing / Administration,26,21,5,0.0,0.0,0.0,0.0,0.0,0.038461538461538464,0.023809523809523808,0.047619047619047616,0.015873015873015872,0.006557417913718729,0.03076923076923077,0.023809523809523808,0.047619047619047616,0.015873015873015872,0.006557417913718729,0.03461538461538462,0.023809523809523808,0.047619047619047616,0.015873015873015872,0.006557417913718729,0.02884615384615385,0.02976190476190476,0.09523809523809523,0.01825396825396825,0.007219526929996377
temporal,validation,R-E6,relevance_grade,1,query_intent,Efficacy / Outcomes,4,3,1,0.0,0.0,0.0,0.0,0.0,0.08333333333333333,0.0,0.0,0.0,0.0,0.05,0.0,0.0,0.0,0.0,0.025,0.0,0.0,0.0,0.0,0.037500000000000006,0.0,0.0,0.0,0.0
temporal,validation,R-E6,relevance_grade,1,query_intent,Guideline / Evidence Lookup,16,13,3,0.0625,0.0,0.0,0.0,0.0,0.020833333333333332,0.0,0.0,0.0,0.0,0.025,0.0,0.0,0.0,0.0,0.043750000000000004,0.0,0.0,0.0,0.0,0.040625,0.0,0.0,0.0,0.0
temporal,validation,R-E6,relevance_grade,1,query_intent,Interaction / Combination,7,7,0,0.0,0.0,0.0,0.0,0.0,0.0,0.0,0.0,0.0,0.0,0.028571428571428574,0.028571428571428574,0.14285714285714285,0.028571428571428574,0.0076646663780348566,0.028571428571428574,0.05714285714285715,0.2857142857142857,0.04897959183673469,0.020408027884774832,0.03571428571428571,0.1285714285714286,0.42857142857142855,0.060884353741496595,0.0440788515655219
temporal,validation,R-E6,relevance_grade,1,query_intent,Management / Treatment Selection,11,10,1,0.0,0.0,0.0,0.0,0.0,0.0303030303030303,0.1,0.1,0.05,0.06309297535714574,0.03636363636363637,0.1,0.1,0.05,0.06309297535714574,0.045454545454545456,0.2,0.2,0.06428571428571428,0.09642630869047908,0.02727272727272727,0.2,0.2,0.06428571428571428,0.09642630869047908
temporal,validation,R-E6,relevance_grade,1,query_intent,Mechanism / Background Knowledge,5,4,1,0.0,0.0,0.0,0.0,0.0,0.0,0.0,0.0,0.0,0.0,0.0,0.0,0.0,0.0,0.0,0.0,0.0,0.0,0.0,0.0,0.02,0.0,0.0,0.0,0.0
temporal,validation,R-E6,relevance_grade,1,query_intent,Monitoring / Response / Risk Assessment,12,9,3,0.0,0.0,0.0,0.0,0.0,0.0,0.0,0.0,0.0,0.0,0.05000000000000001,0.0,0.0,0.0,0.0,0.041666666666666664,0.0,0.0,0.0,0.0,0.02916666666666667,0.0,0.0,0.0,0.0
temporal,validation,R-E6,relevance_grade,1,query_intent,Prophylaxis / Maintenance,12,10,2,0.0,0.0,0.0,0.0,0.0,0.05555555555555555,0.025,0.1,0.03333333333333333,0.015969697161989947,0.03333333333333333,0.025,0.1,0.03333333333333333,0.01526955992589897,0.016666666666666666,0.025,0.1,0.03333333333333333,0.01526955992589897,0.016666666666666666,0.025,0.1,0.03333333333333333,0.01526955992589897
temporal,validation,R-E6,relevance_grade,1,query_intent,Safety / Contraindication,26,19,7,0.0,0.0,0.0,0.0,0.0,0.02564102564102564,0.05263157894736842,0.05263157894736842,0.017543859649122806,0.02631578947368421,0.03076923076923077,0.05263157894736842,0.05263157894736842,0.017543859649122806,0.02631578947368421,0.03461538461538462,0.15789473684210525,0.15789473684210525,0.029385964912280703,0.058133142268611396,0.02884615384615385,0.15789473684210525,0.15789473684210525,0.029385964912280703,0.058133142268611396
temporal,validation,R-E6,relevance_grade,1,query_intent,Treatment Change / Escalation,18,15,3,0.0,0.0,0.0,0.0,0.0,0.037037037037037035,0.0,0.0,0.0,0.0,0.07777777777777778,0.07777777777777778,0.13333333333333333,0.030000000000000002,0.031906918702420364,0.05555555555555555,0.08888888888888888,0.2,0.03833333333333333,0.038628625816935824,0.04444444444444445,0.11333333333333333,0.26666666666666666,0.042499999999999996,0.049833804992798277
temporal,validation,R-E6,relevance_grade,1,has_context,False,78,63,15,0.0,0.0,0.0,0.0,0.0,0.034188034188034185,0.03571428571428571,0.047619047619047616,0.018518518518518517,0.020486138495100902,0.04102564102564103,0.041534391534391535,0.07936507936507936,0.02486772486772487,0.021987384760946086,0.03846153846153847,0.06322751322751323,0.12698412698412698,0.0313869992441421,0.030294725564092833,0.03141025641025641,0.07380952380952381,0.14285714285714285,0.03270975056689343,0.034451711769320756
temporal,validation,R-E6,relevance_grade,1,has_context,True,61,50,11,0.01639344262295082,0.0,0.0,0.0,0.0,0.02185792349726776,0.01,0.02,0.006666666666666666,0.0027541155237618665,0.03278688524590164,0.03,0.04,0.011666666666666665,0.01136764668522973,0.03278688524590165,0.07,0.08,0.016166666666666666,0.02345824074730206,0.03114754098360656,0.0765,0.12,0.018416666666666668,0.02517399298361481
temporal,validation,R-E6,relevance_grade,1,multiple_entity_dimensions,True,139,113,26,0.007194244604316547,0.0,0.0,0.0,0.0,0.02877697841726619,0.024336283185840708,0.035398230088495575,0.013274336283185839,0.01264011063167655,0.03741007194244605,0.0364306784660767,0.061946902654867256,0.01902654867256637,0.017288385612399027,0.03597122302158274,0.06622418879056047,0.10619469026548672,0.024652338811630845,0.027269732282327007,0.03129496402877698,0.075,0.13274336283185842,0.02638537715971344,0.030346526465911048
temporal,validation,R-E7,relevance_grade,1,query_language,EN,59,47,12,0.03389830508474576,0.02127659574468085,0.02127659574468085,0.02127659574468085,0.02127659574468085,0.03954802259887005,0.047872340425531915,0.06382978723404255,0.03900709219858156,0.03620244982767026,0.03389830508474577,0.047872340425531915,0.06382978723404255,0.03900709219858156,0.03601447646008172,0.025423728813559327,0.047872340425531915,0.06382978723404255,0.03900709219858156,0.03601447646008172,0.025423728813559327,0.07765957446808511,0.1276595744680851,0.04317375886524823,0.04363918343871381
temporal,validation,R-E7,relevance_grade,1,query_language,ID,29,28,1,0.034482758620689655,0.03571428571428571,0.03571428571428571,0.03571428571428571,0.03571428571428571,0.034482758620689655,0.04285714285714286,0.07142857142857142,0.047619047619047616,0.03850761146442117,0.034482758620689655,0.04285714285714286,0.07142857142857142,0.047619047619047616,0.03819089511025551,0.04482758620689656,0.1142857142857143,0.14285714285714285,0.05718537414965986,0.06136225975736487,0.039655172413793106,0.1380952380952381,0.21428571428571427,0.06151835734293717,0.06979631997456165
temporal,validation,R-E7,relevance_grade,1,query_language,MIXED,51,38,13,0.0,0.0,0.0,0.0,0.0,0.0196078431372549,0.0,0.0,0.0,0.0,0.0196078431372549,0.0,0.0,0.0,0.0,0.025490196078431372,0.008771929824561403,0.02631578947368421,0.003289473684210526,0.0038048996107325037,0.023529411764705885,0.021929824561403508,0.05263157894736842,0.004751461988304093,0.005511066302140322
temporal,validation,R-E7,relevance_grade,1,query_intent,Comparative Treatment Choice,2,2,0,0.0,0.0,0.0,0.0,0.0,0.0,0.0,0.0,0.0,0.0,0.0,0.0,0.0,0.0,0.0,0.0,0.0,0.0,0.0,0.0,0.025,0.0,0.0,0.0,0.0
temporal,validation,R-E7,relevance_grade,1,query_intent,Dosing / Administration,26,21,5,0.038461538461538464,0.0,0.0,0.0,0.0,0.02564102564102564,0.0,0.0,0.0,0.0,0.02307692307692308,0.0,0.0,0.0,0.0,0.023076923076923075,0.0,0.0,0.0,0.0,0.02884615384615385,0.03968253968253968,0.09523809523809523,0.005446623093681917,0.0043031373358055425
temporal,validation,R-E7,relevance_grade,1,query_intent,Efficacy / Outcomes,4,3,1,0.0,0.0,0.0,0.0,0.0,0.08333333333333333,0.0,0.0,0.0,0.0,0.05,0.0,0.0,0.0,0.0,0.025,0.0,0.0,0.0,0.0,0.025,0.0,0.0,0.0,0.0
temporal,validation,R-E7,relevance_grade,1,query_intent,Guideline / Evidence Lookup,16,13,3,0.0,0.0,0.0,0.0,0.0,0.020833333333333332,0.0,0.0,0.0,0.0,0.0125,0.0,0.0,0.0,0.0,0.0125,0.0,0.0,0.0,0.0,0.034375,0.02564102564102564,0.07692307692307693,0.004807692307692308,0.01620170279254543
temporal,validation,R-E7,relevance_grade,1,query_intent,Interaction / Combination,7,7,0,0.0,0.0,0.0,0.0,0.0,0.047619047619047616,0.028571428571428574,0.14285714285714285,0.047619047619047616,0.011173303000541823,0.028571428571428574,0.028571428571428574,0.14285714285714285,0.047619047619047616,0.009906437583879173,0.028571428571428574,0.028571428571428574,0.14285714285714285,0.047619047619047616,0.009906437583879173,0.028571428571428574,0.028571428571428574,0.14285714285714285,0.047619047619047616,0.009906437583879173
temporal,validation,R-E7,relevance_grade,1,query_intent,Management / Treatment Selection,11,10,1,0.09090909090909091,0.1,0.1,0.1,0.1,0.0303030303030303,0.1,0.1,0.1,0.1,0.03636363636363637,0.1,0.1,0.1,0.1,0.05454545454545454,0.2,0.2,0.11428571428571428,0.13333333333333336,0.03181818181818182,0.2,0.2,0.11428571428571428,0.13333333333333336
temporal,validation,R-E7,relevance_grade,1,query_intent,Mechanism / Background Knowledge,5,4,1,0.0,0.0,0.0,0.0,0.0,0.0,0.0,0.0,0.0,0.0,0.0,0.0,0.0,0.0,0.0,0.0,0.0,0.0,0.0,0.0,0.01,0.0,0.0,0.0,0.0
temporal,validation,R-E7,relevance_grade,1,query_intent,Monitoring / Response / Risk Assessment,12,9,3,0.0,0.0,0.0,0.0,0.0,0.027777777777777776,0.0,0.0,0.0,0.0,0.03333333333333333,0.0,0.0,0.0,0.0,0.025000000000000005,0.0,0.0,0.0,0.0,0.020833333333333332,0.0,0.0,0.0,0.0
temporal,validation,R-E7,relevance_grade,1,query_intent,Prophylaxis / Maintenance,12,10,2,0.0,0.0,0.0,0.0,0.0,0.05555555555555555,0.025,0.1,0.05,0.020151514190050242,0.03333333333333333,0.025,0.1,0.05,0.01926803936238408,0.025000000000000005,0.025,0.1,0.05,0.01926803936238408,0.016666666666666666,0.025,0.1,0.05,0.01926803936238408
temporal,validation,R-E7,relevance_grade,1,query_intent,Safety / Contraindication,26,19,7,0.038461538461538464,0.05263157894736842,0.05263157894736842,0.05263157894736842,0.05263157894736842,0.02564102564102564,0.05263157894736842,0.05263157894736842,0.05263157894736842,0.05263157894736842,0.03076923076923077,0.05263157894736842,0.05263157894736842,0.05263157894736842,0.05263157894736842,0.030769230769230767,0.10526315789473684,0.10526315789473684,0.05921052631578947,0.06923499351503837,0.02115384615384616,0.15789473684210525,0.15789473684210525,0.0625,0.08211133783705026
temporal,validation,R-E7,relevance_grade,1,query_intent,Treatment Change / Escalation,18,15,3,0.0,0.0,0.0,0.0,0.0,0.037037037037037035,0.06666666666666667,0.06666666666666667,0.02222222222222222,0.03333333333333333,0.044444444444444446,0.06666666666666667,0.06666666666666667,0.02222222222222222,0.03333333333333333,0.055555555555555566,0.08888888888888888,0.13333333333333333,0.030555555555555555,0.04297241234718901,0.04444444444444445,0.11555555555555555,0.26666666666666666,0.039444444444444435,0.050553124739021155
temporal,validation,R-E7,relevance_grade,1,has_context,False,78,63,15,0.038461538461538464,0.031746031746031744,0.031746031746031744,0.031746031746031744,0.031746031746031744,0.038461538461538464,0.03888888888888889,0.06349206349206349,0.04497354497354497,0.03618616290324278,0.0358974358974359,0.03888888888888889,0.06349206349206349,0.04497354497354497,0.0359051659795396,0.03333333333333333,0.06005291005291005,0.09523809523809523,0.049225245653817085,0.04349119008336767,0.02628205128205128,0.06322751322751323,0.1111111111111111,0.05028344671201815,0.044130167599211435
temporal,validation,R-E7,relevance_grade,1,has_context,True,61,50,11,0.0,0.0,0.0,0.0,0.0,0.02185792349726776,0.02,0.02,0.006666666666666666,0.01,0.019672131147540982,0.02,0.02,0.006666666666666666,0.01,0.024590163934426236,0.04,0.04,0.009166666666666667,0.016309297535714574,0.02950819672131148,0.08733333333333335,0.14,0.015287581699346403,0.028691170832765744
temporal,validation,R-E7,relevance_grade,1,multiple_entity_dimensions,True,139,113,26,0.02158273381294964,0.017699115044247787,0.017699115044247787,0.017699115044247787,0.017699115044247787,0.031175059952038366,0.030530973451327437,0.04424778761061947,0.028023598820058997,0.024599365158445092,0.028776978417266192,0.030530973451327437,0.04424778761061947,0.028023598820058997,0.024442703156734465,0.029496402877697846,0.05117994100294985,0.07079646017699115,0.031500210703750524,0.03146380400033533,0.027697841726618707,0.07389380530973451,0.12389380530973451,0.034798550688712064,0.037298753100784135
temporal,validation,full:complete,relevance_grade,1,query_language,EN,59,47,12,0.03389830508474576,0.02127659574468085,0.02127659574468085,0.02127659574468085,0.02127659574468085,0.03954802259887005,0.047872340425531915,0.06382978723404255,0.03900709219858156,0.03620244982767026,0.03389830508474577,0.047872340425531915,0.06382978723404255,0.03900709219858156,0.03601447646008172,0.025423728813559327,0.047872340425531915,0.06382978723404255,0.03900709219858156,0.03601447646008172,0.025423728813559327,0.07765957446808511,0.1276595744680851,0.04317375886524823,0.04363918343871381
temporal,validation,full:complete,relevance_grade,1,query_language,ID,29,28,1,0.034482758620689655,0.03571428571428571,0.03571428571428571,0.03571428571428571,0.03571428571428571,0.034482758620689655,0.04285714285714286,0.07142857142857142,0.047619047619047616,0.03850761146442117,0.034482758620689655,0.04285714285714286,0.07142857142857142,0.047619047619047616,0.03819089511025551,0.04482758620689656,0.1142857142857143,0.14285714285714285,0.05718537414965986,0.06136225975736487,0.039655172413793106,0.1380952380952381,0.21428571428571427,0.06151835734293717,0.06979631997456165
temporal,validation,full:complete,relevance_grade,1,query_language,MIXED,51,38,13,0.0,0.0,0.0,0.0,0.0,0.0196078431372549,0.0,0.0,0.0,0.0,0.0196078431372549,0.0,0.0,0.0,0.0,0.025490196078431372,0.008771929824561403,0.02631578947368421,0.003289473684210526,0.0038048996107325037,0.023529411764705885,0.021929824561403508,0.05263157894736842,0.004751461988304093,0.005511066302140322
temporal,validation,full:complete,relevance_grade,1,query_intent,Comparative Treatment Choice,2,2,0,0.0,0.0,0.0,0.0,0.0,0.0,0.0,0.0,0.0,0.0,0.0,0.0,0.0,0.0,0.0,0.0,0.0,0.0,0.0,0.0,0.025,0.0,0.0,0.0,0.0
temporal,validation,full:complete,relevance_grade,1,query_intent,Dosing / Administration,26,21,5,0.038461538461538464,0.0,0.0,0.0,0.0,0.02564102564102564,0.0,0.0,0.0,0.0,0.02307692307692308,0.0,0.0,0.0,0.0,0.023076923076923075,0.0,0.0,0.0,0.0,0.02884615384615385,0.03968253968253968,0.09523809523809523,0.005446623093681917,0.0043031373358055425
temporal,validation,full:complete,relevance_grade,1,query_intent,Efficacy / Outcomes,4,3,1,0.0,0.0,0.0,0.0,0.0,0.08333333333333333,0.0,0.0,0.0,0.0,0.05,0.0,0.0,0.0,0.0,0.025,0.0,0.0,0.0,0.0,0.025,0.0,0.0,0.0,0.0
temporal,validation,full:complete,relevance_grade,1,query_intent,Guideline / Evidence Lookup,16,13,3,0.0,0.0,0.0,0.0,0.0,0.020833333333333332,0.0,0.0,0.0,0.0,0.0125,0.0,0.0,0.0,0.0,0.0125,0.0,0.0,0.0,0.0,0.034375,0.02564102564102564,0.07692307692307693,0.004807692307692308,0.01620170279254543
temporal,validation,full:complete,relevance_grade,1,query_intent,Interaction / Combination,7,7,0,0.0,0.0,0.0,0.0,0.0,0.047619047619047616,0.028571428571428574,0.14285714285714285,0.047619047619047616,0.011173303000541823,0.028571428571428574,0.028571428571428574,0.14285714285714285,0.047619047619047616,0.009906437583879173,0.028571428571428574,0.028571428571428574,0.14285714285714285,0.047619047619047616,0.009906437583879173,0.028571428571428574,0.028571428571428574,0.14285714285714285,0.047619047619047616,0.009906437583879173
temporal,validation,full:complete,relevance_grade,1,query_intent,Management / Treatment Selection,11,10,1,0.09090909090909091,0.1,0.1,0.1,0.1,0.0303030303030303,0.1,0.1,0.1,0.1,0.03636363636363637,0.1,0.1,0.1,0.1,0.05454545454545454,0.2,0.2,0.11428571428571428,0.13333333333333336,0.03181818181818182,0.2,0.2,0.11428571428571428,0.13333333333333336
temporal,validation,full:complete,relevance_grade,1,query_intent,Mechanism / Background Knowledge,5,4,1,0.0,0.0,0.0,0.0,0.0,0.0,0.0,0.0,0.0,0.0,0.0,0.0,0.0,0.0,0.0,0.0,0.0,0.0,0.0,0.0,0.01,0.0,0.0,0.0,0.0
temporal,validation,full:complete,relevance_grade,1,query_intent,Monitoring / Response / Risk Assessment,12,9,3,0.0,0.0,0.0,0.0,0.0,0.027777777777777776,0.0,0.0,0.0,0.0,0.03333333333333333,0.0,0.0,0.0,0.0,0.025000000000000005,0.0,0.0,0.0,0.0,0.020833333333333332,0.0,0.0,0.0,0.0
temporal,validation,full:complete,relevance_grade,1,query_intent,Prophylaxis / Maintenance,12,10,2,0.0,0.0,0.0,0.0,0.0,0.05555555555555555,0.025,0.1,0.05,0.020151514190050242,0.03333333333333333,0.025,0.1,0.05,0.01926803936238408,0.025000000000000005,0.025,0.1,0.05,0.01926803936238408,0.016666666666666666,0.025,0.1,0.05,0.01926803936238408
temporal,validation,full:complete,relevance_grade,1,query_intent,Safety / Contraindication,26,19,7,0.038461538461538464,0.05263157894736842,0.05263157894736842,0.05263157894736842,0.05263157894736842,0.02564102564102564,0.05263157894736842,0.05263157894736842,0.05263157894736842,0.05263157894736842,0.03076923076923077,0.05263157894736842,0.05263157894736842,0.05263157894736842,0.05263157894736842,0.030769230769230767,0.10526315789473684,0.10526315789473684,0.05921052631578947,0.06923499351503837,0.02115384615384616,0.15789473684210525,0.15789473684210525,0.0625,0.08211133783705026
temporal,validation,full:complete,relevance_grade,1,query_intent,Treatment Change / Escalation,18,15,3,0.0,0.0,0.0,0.0,0.0,0.037037037037037035,0.06666666666666667,0.06666666666666667,0.02222222222222222,0.03333333333333333,0.044444444444444446,0.06666666666666667,0.06666666666666667,0.02222222222222222,0.03333333333333333,0.055555555555555566,0.08888888888888888,0.13333333333333333,0.030555555555555555,0.04297241234718901,0.04444444444444445,0.11555555555555555,0.26666666666666666,0.039444444444444435,0.050553124739021155
temporal,validation,full:complete,relevance_grade,1,has_context,False,78,63,15,0.038461538461538464,0.031746031746031744,0.031746031746031744,0.031746031746031744,0.031746031746031744,0.038461538461538464,0.03888888888888889,0.06349206349206349,0.04497354497354497,0.03618616290324278,0.0358974358974359,0.03888888888888889,0.06349206349206349,0.04497354497354497,0.0359051659795396,0.03333333333333333,0.06005291005291005,0.09523809523809523,0.049225245653817085,0.04349119008336767,0.02628205128205128,0.06322751322751323,0.1111111111111111,0.05028344671201815,0.044130167599211435
temporal,validation,full:complete,relevance_grade,1,has_context,True,61,50,11,0.0,0.0,0.0,0.0,0.0,0.02185792349726776,0.02,0.02,0.006666666666666666,0.01,0.019672131147540982,0.02,0.02,0.006666666666666666,0.01,0.024590163934426236,0.04,0.04,0.009166666666666667,0.016309297535714574,0.02950819672131148,0.08733333333333335,0.14,0.015287581699346403,0.028691170832765744
temporal,validation,full:complete,relevance_grade,1,multiple_entity_dimensions,True,139,113,26,0.02158273381294964,0.017699115044247787,0.017699115044247787,0.017699115044247787,0.017699115044247787,0.031175059952038366,0.030530973451327437,0.04424778761061947,0.028023598820058997,0.024599365158445092,0.028776978417266192,0.030530973451327437,0.04424778761061947,0.028023598820058997,0.024442703156734465,0.029496402877697846,0.05117994100294985,0.07079646017699115,0.031500210703750524,0.03146380400033533,0.027697841726618707,0.07389380530973451,0.12389380530973451,0.034798550688712064,0.037298753100784135
temporal,validation,full:minus_bm25,relevance_grade,1,query_language,EN,59,47,12,0.06779661016949153,0.0425531914893617,0.0425531914893617,0.0425531914893617,0.0425531914893617,0.04519774011299435,0.047872340425531915,0.06382978723404255,0.05319148936170213,0.04684074770001069,0.03389830508474576,0.047872340425531915,0.06382978723404255,0.05319148936170213,0.046652774332422146,0.03559322033898305,0.05212765957446809,0.0851063829787234,0.05555555555555556,0.04768410523675416,0.03389830508474576,0.08622931442080377,0.19148936170212766,0.062138933587619447,0.05708641003702843
temporal,validation,full:minus_bm25,relevance_grade,1,query_language,ID,29,28,1,0.06896551724137931,0.03571428571428571,0.03571428571428571,0.03571428571428571,0.03571428571428571,0.06896551724137931,0.04285714285714286,0.07142857142857142,0.047619047619047616,0.03850761146442117,0.055172413793103454,0.04285714285714286,0.07142857142857142,0.047619047619047616,0.03819089511025551,0.04482758620689656,0.07857142857142858,0.10714285714285714,0.05208333333333333,0.04945749785260296,0.04137931034482759,0.10238095238095238,0.17857142857142858,0.05756222943722943,0.05804034423664715
temporal,validation,full:minus_bm25,relevance_grade,1,query_language,MIXED,51,38,13,0.0196078431372549,0.0,0.0,0.0,0.0,0.0196078431372549,0.0,0.0,0.0,0.0,0.0196078431372549,0.0043859649122807015,0.02631578947368421,0.005263157894736842,0.003783728089177292,0.01568627450980392,0.0043859649122807015,0.02631578947368421,0.005263157894736842,0.003623807526632731,0.01666666666666667,0.008771929824561403,0.02631578947368421,0.005263157894736842,0.004423028487389092
temporal,validation,full:minus_bm25,relevance_grade,1,query_intent,Comparative Treatment Choice,2,2,0,0.0,0.0,0.0,0.0,0.0,0.0,0.0,0.0,0.0,0.0,0.0,0.0,0.0,0.0,0.0,0.0,0.0,0.0,0.0,0.0,0.025,0.0,0.0,0.0,0.0
temporal,validation,full:minus_bm25,relevance_grade,1,query_intent,Dosing / Administration,26,21,5,0.07692307692307693,0.0,0.0,0.0,0.0,0.05128205128205128,0.0,0.0,0.0,0.0,0.03076923076923077,0.0,0.0,0.0,0.0,0.03076923076923077,0.0,0.0,0.0,0.0,0.032692307692307694,0.021825396825396824,0.09523809523809523,0.006709956709956711,0.003400496689316108
temporal,validation,full:minus_bm25,relevance_grade,1,query_intent,Efficacy / Outcomes,4,3,1,0.0,0.0,0.0,0.0,0.0,0.08333333333333333,0.0,0.0,0.0,0.0,0.05,0.0,0.0,0.0,0.0,0.05,0.0,0.0,0.0,0.0,0.05,0.0,0.0,0.0,0.0
temporal,validation,full:minus_bm25,relevance_grade,1,query_intent,Guideline / Evidence Lookup,16,13,3,0.0,0.0,0.0,0.0,0.0,0.041666666666666664,0.0,0.0,0.0,0.0,0.025,0.0,0.0,0.0,0.0,0.03125,0.0,0.0,0.0,0.0,0.028125000000000004,0.02564102564102564,0.07692307692307693,0.004807692307692308,0.01620170279254543
temporal,validation,full:minus_bm25,relevance_grade,1,query_intent,Interaction / Combination,7,7,0,0.0,0.0,0.0,0.0,0.0,0.09523809523809523,0.028571428571428574,0.14285714285714285,0.047619047619047616,0.011173303000541823,0.05714285714285715,0.028571428571428574,0.14285714285714285,0.047619047619047616,0.009906437583879173,0.05714285714285715,0.028571428571428574,0.14285714285714285,0.047619047619047616,0.009906437583879173,0.04285714285714286,0.028571428571428574,0.14285714285714285,0.047619047619047616,0.009906437583879173
temporal,validation,full:minus_bm25,relevance_grade,1,query_intent,Management / Treatment Selection,11,10,1,0.09090909090909091,0.1,0.1,0.1,0.1,0.0606060606060606,0.1,0.1,0.1,0.1,0.05454545454545456,0.1,0.1,0.1,0.1,0.045454545454545456,0.1,0.1,0.1,0.1,0.03636363636363637,0.1,0.1,0.1,0.1
temporal,validation,full:minus_bm25,relevance_grade,1,query_intent,Mechanism / Background Knowledge,5,4,1,0.0,0.0,0.0,0.0,0.0,0.0,0.0,0.0,0.0,0.0,0.0,0.0,0.0,0.0,0.0,0.02,0.0,0.0,0.0,0.0,0.030000000000000006,0.0,0.0,0.0,0.0
temporal,validation,full:minus_bm25,relevance_grade,1,query_intent,Monitoring / Response / Risk Assessment,12,9,3,0.08333333333333333,0.0,0.0,0.0,0.0,0.027777777777777776,0.0,0.0,0.0,0.0,0.016666666666666666,0.0,0.0,0.0,0.0,0.016666666666666666,0.0,0.0,0.0,0.0,0.016666666666666666,0.0,0.0,0.0,0.0
temporal,validation,full:minus_bm25,relevance_grade,1,query_intent,Prophylaxis / Maintenance,12,10,2,0.08333333333333333,0.0,0.0,0.0,0.0,0.05555555555555555,0.025,0.1,0.05,0.020151514190050242,0.05000000000000001,0.025,0.1,0.05,0.01926803936238408,0.025000000000000005,0.025,0.1,0.05,0.01926803936238408,0.016666666666666666,0.025,0.1,0.05,0.01926803936238408
temporal,validation,full:minus_bm25,relevance_grade,1,query_intent,Safety / Contraindication,26,19,7,0.038461538461538464,0.05263157894736842,0.05263157894736842,0.05263157894736842,0.05263157894736842,0.02564102564102564,0.05263157894736842,0.05263157894736842,0.05263157894736842,0.05263157894736842,0.03076923076923077,0.05263157894736842,0.05263157894736842,0.05263157894736842,0.05263157894736842,0.02692307692307692,0.10526315789473684,0.10526315789473684,0.05921052631578947,0.06923499351503837,0.01923076923076923,0.15789473684210525,0.15789473684210525,0.06271929824561404,0.08239288825188047
temporal,validation,full:minus_bm25,relevance_grade,1,query_intent,Treatment Change / Escalation,18,15,3,0.05555555555555555,0.06666666666666667,0.06666666666666667,0.06666666666666667,0.06666666666666667,0.018518518518518517,0.06666666666666667,0.06666666666666667,0.06666666666666667,0.06666666666666667,0.03333333333333334,0.07777777777777778,0.13333333333333333,0.08,0.07625211115924914,0.027777777777777776,0.09111111111111111,0.2,0.0874074074074074,0.07907848256770991,0.04166666666666667,0.13407407407407407,0.4,0.10025754746342981,0.09111620617411925
temporal,validation,full:minus_bm25,relevance_grade,1,has_context,False,78,63,15,0.0641025641025641,0.031746031746031744,0.031746031746031744,0.031746031746031744,0.031746031746031744,0.047008547008547015,0.03888888888888889,0.06349206349206349,0.04497354497354497,0.03618616290324278,0.041025641025641026,0.041534391534391535,0.07936507936507936,0.04814814814814815,0.038187414668249715,0.03205128205128205,0.04470899470899471,0.09523809523809523,0.049911816578483245,0.03886036024169275,0.02948717948717948,0.0517636684303351,0.12698412698412698,0.05183758688660649,0.04053274377228452
temporal,validation,full:minus_bm25,relevance_grade,1,has_context,True,61,50,11,0.03278688524590164,0.02,0.02,0.02,0.02,0.032786885245901634,0.02,0.02,0.02,0.02,0.022950819672131147,0.02,0.02,0.02,0.02,0.027868852459016397,0.04,0.04,0.0225,0.02630929753571458,0.02868852459016394,0.07983333333333334,0.14,0.029330086580086578,0.03845406270466634
temporal,validation,full:minus_bm25,relevance_grade,1,multiple_entity_dimensions,True,139,113,26,0.050359712230215826,0.02654867256637168,0.02654867256637168,0.02654867256637168,0.02654867256637168,0.040767386091127095,0.030530973451327437,0.04424778761061947,0.03392330383480826,0.02902414391950704,0.033093525179856115,0.03200589970501475,0.05309734513274336,0.03569321533923304,0.03013988605397993,0.030215827338129497,0.04262536873156342,0.07079646017699115,0.0377826941986234,0.03330679267267586,0.02913669064748202,0.06418387413962635,0.13274336283185842,0.04187851595451804,0.03961297338838267
temporal,validation,full:minus_dense,relevance_grade,1,query_language,EN,59,47,12,0.03389830508474576,0.02127659574468085,0.02127659574468085,0.02127659574468085,0.02127659574468085,0.04519774011299435,0.047872340425531915,0.06382978723404255,0.03900709219858156,0.03620244982767026,0.03389830508474577,0.047872340425531915,0.06382978723404255,0.03900709219858156,0.03601447646008172,0.023728813559322035,0.047872340425531915,0.06382978723404255,0.03900709219858156,0.03601447646008172,0.02372881355932204,0.05638297872340426,0.10638297872340426,0.04196217494089834,0.03851038237229447
temporal,validation,full:minus_dense,relevance_grade,1,query_language,ID,29,28,1,0.034482758620689655,0.03571428571428571,0.03571428571428571,0.03571428571428571,0.03571428571428571,0.06896551724137931,0.04285714285714286,0.07142857142857142,0.047619047619047616,0.03850761146442117,0.06206896551724138,0.09047619047619047,0.14285714285714285,0.06369047619047619,0.06546668327369616,0.04827586206896553,0.09047619047619047,0.14285714285714285,0.06369047619047619,0.06546668327369616,0.048275862068965524,0.1470238095238095,0.25,0.06965514275885792,0.07576771244805532
temporal,validation,full:minus_dense,relevance_grade,1,query_language,MIXED,51,38,13,0.0,0.0,0.0,0.0,0.0,0.0196078431372549,0.0,0.0,0.0,0.0,0.027450980392156866,0.0,0.0,0.0,0.0,0.025490196078431372,0.008771929824561403,0.02631578947368421,0.003289473684210526,0.0038048996107325037,0.022549019607843137,0.011695906432748537,0.05263157894736842,0.004605263157894736,0.005676532034304343
temporal,validation,full:minus_dense,relevance_grade,1,query_intent,Comparative Treatment Choice,2,2,0,0.0,0.0,0.0,0.0,0.0,0.0,0.0,0.0,0.0,0.0,0.0,0.0,0.0,0.0,0.0,0.05,0.0,0.0,0.0,0.0,0.025,0.0,0.0,0.0,0.0
temporal,validation,full:minus_dense,relevance_grade,1,query_intent,Dosing / Administration,26,21,5,0.038461538461538464,0.0,0.0,0.0,0.0,0.038461538461538464,0.0,0.0,0.0,0.0,0.03076923076923077,0.0,0.0,0.0,0.0,0.023076923076923075,0.0,0.0,0.0,0.0,0.02692307692307692,0.015873015873015872,0.047619047619047616,0.0026455026455026454,0.0011934631922851876
temporal,validation,full:minus_dense,relevance_grade,1,query_intent,Efficacy / Outcomes,4,3,1,0.0,0.0,0.0,0.0,0.0,0.08333333333333333,0.0,0.0,0.0,0.0,0.05,0.0,0.0,0.0,0.0,0.025,0.0,0.0,0.0,0.0,0.025,0.0,0.0,0.0,0.0
temporal,validation,full:minus_dense,relevance_grade,1,query_intent,Guideline / Evidence Lookup,16,13,3,0.0,0.0,0.0,0.0,0.0,0.020833333333333332,0.0,0.0,0.0,0.0,0.025,0.02564102564102564,0.07692307692307693,0.015384615384615385,0.025618885423303466,0.018750000000000003,0.02564102564102564,0.07692307692307693,0.015384615384615385,0.025618885423303466,0.037500000000000006,0.053418803418803416,0.23076923076923078,0.02327935222672065,0.03290162814420083
temporal,validation,full:minus_dense,relevance_grade,1,query_intent,Interaction / Combination,7,7,0,0.0,0.0,0.0,0.0,0.0,0.047619047619047616,0.028571428571428574,0.14285714285714285,0.047619047619047616,0.011173303000541823,0.028571428571428574,0.028571428571428574,0.14285714285714285,0.047619047619047616,0.009906437583879173,0.028571428571428574,0.028571428571428574,0.14285714285714285,0.047619047619047616,0.009906437583879173,0.028571428571428574,0.028571428571428574,0.14285714285714285,0.047619047619047616,0.009906437583879173
temporal,validation,full:minus_dense,relevance_grade,1,query_intent,Management / Treatment Selection,11,10,1,0.09090909090909091,0.1,0.1,0.1,0.1,0.0606060606060606,0.1,0.1,0.1,0.1,0.05454545454545456,0.1,0.1,0.1,0.1,0.02727272727272728,0.1,0.1,0.1,0.1,0.03636363636363637,0.2,0.2,0.10588235294117647,0.12398124665681313
temporal,validation,full:minus_dense,relevance_grade,1,query_intent,Mechanism / Background Knowledge,5,4,1,0.0,0.0,0.0,0.0,0.0,0.0,0.0,0.0,0.0,0.0,0.0,0.0,0.0,0.0,0.0,0.0,0.0,0.0,0.0,0.0,0.0,0.0,0.0,0.0,0.0
temporal,validation,full:minus_dense,relevance_grade,1,query_intent,Monitoring / Response / Risk Assessment,12,9,3,0.0,0.0,0.0,0.0,0.0,0.05555555555555555,0.0,0.0,0.0,0.0,0.03333333333333333,0.0,0.0,0.0,0.0,0.025000000000000005,0.0,0.0,0.0,0.0,0.020833333333333332,0.0,0.0,0.0,0.0
temporal,validation,full:minus_dense,relevance_grade,1,query_intent,Prophylaxis / Maintenance,12,10,2,0.0,0.0,0.0,0.0,0.0,0.05555555555555555,0.025,0.1,0.05,0.020151514190050242,0.05000000000000001,0.025,0.1,0.05,0.01926803936238408,0.025000000000000005,0.025,0.1,0.05,0.01926803936238408,0.020833333333333332,0.025,0.1,0.05,0.01926803936238408
temporal,validation,full:minus_dense,relevance_grade,1,query_intent,Safety / Contraindication,26,19,7,0.038461538461538464,0.05263157894736842,0.05263157894736842,0.05263157894736842,0.05263157894736842,0.038461538461538464,0.05263157894736842,0.05263157894736842,0.05263157894736842,0.05263157894736842,0.038461538461538464,0.10526315789473684,0.10526315789473684,0.06578947368421052,0.0752987662143891,0.03461538461538462,0.10526315789473684,0.10526315789473684,0.06578947368421052,0.0752987662143891,0.02115384615384616,0.10526315789473684,0.10526315789473684,0.06578947368421052,0.0752987662143891
temporal,validation,full:minus_dense,relevance_grade,1,query_intent,Treatment Change / Escalation,18,15,3,0.0,0.0,0.0,0.0,0.0,0.037037037037037035,0.06666666666666667,0.06666666666666667,0.02222222222222222,0.03333333333333333,0.05555555555555555,0.06666666666666667,0.06666666666666667,0.02222222222222222,0.03333333333333333,0.055555555555555566,0.08888888888888888,0.13333333333333333,0.030555555555555555,0.04297241234718901,0.04722222222222222,0.11555555555555555,0.26666666666666666,0.03981481481481482,0.050792917538788944
temporal,validation,full:minus_dense,relevance_grade,1,has_context,False,78,63,15,0.038461538461538464,0.031746031746031744,0.031746031746031744,0.031746031746031744,0.031746031746031744,0.047008547008547015,0.03888888888888889,0.06349206349206349,0.04497354497354497,0.03618616290324278,0.043589743589743594,0.03888888888888889,0.06349206349206349,0.04497354497354497,0.0359051659795396,0.02948717948717949,0.04417989417989418,0.07936507936507936,0.046957671957671955,0.03820018479236238,0.027564102564102563,0.06322751322751323,0.1111111111111111,0.04877321298889926,0.042608415891427394
temporal,validation,full:minus_dense,relevance_grade,1,has_context,True,61,50,11,0.0,0.0,0.0,0.0,0.0,0.032786885245901634,0.02,0.02,0.006666666666666666,0.01,0.029508196721311476,0.04666666666666666,0.06,0.015666666666666666,0.025274441371526762,0.02950819672131148,0.04666666666666666,0.06,0.015666666666666666,0.025274441371526762,0.02950819672131148,0.06455555555555556,0.14,0.020497076023391812,0.029257238723740548
temporal,validation,full:minus_dense,relevance_grade,1,multiple_entity_dimensions,True,139,113,26,0.02158273381294964,0.017699115044247787,0.017699115044247787,0.017699115044247787,0.017699115044247787,0.040767386091127095,0.030530973451327437,0.04424778761061947,0.028023598820058997,0.024599365158445092,0.03741007194244605,0.042330383480825955,0.061946902654867256,0.032005899705014745,0.031201305533516223,0.02949640287769784,0.045280235988200586,0.07079646017699115,0.033112094395280234,0.03248082929641742,0.02841726618705036,0.06381514257620452,0.12389380530973451,0.03626164795991366,0.036700815374751804
temporal,validation,full:minus_entities,relevance_grade,1,query_language,EN,59,47,12,0.05084745762711865,0.02127659574468085,0.02127659574468085,0.02127659574468085,0.02127659574468085,0.03389830508474576,0.02127659574468085,0.02127659574468085,0.02127659574468085,0.02127659574468085,0.023728813559322035,0.026595744680851064,0.0425531914893617,0.02553191489361702,0.0237902434564128,0.02203389830508475,0.026595744680851064,0.0425531914893617,0.02553191489361702,0.0237902434564128,0.02203389830508475,0.06403242147922998,0.14893617021276595,0.03261754886894865,0.03481126334894823
temporal,validation,full:minus_entities,relevance_grade,1,query_language,ID,29,28,1,0.034482758620689655,0.0,0.0,0.0,0.0,0.034482758620689655,0.04285714285714286,0.07142857142857142,0.023809523809523808,0.020650468607278313,0.034482758620689655,0.04285714285714286,0.07142857142857142,0.023809523809523808,0.02033375225311265,0.031034482758620686,0.07857142857142858,0.10714285714285714,0.02976190476190476,0.033055437506970584,0.039655172413793106,0.10238095238095238,0.17857142857142858,0.03555967841682127,0.041985952701172134
temporal,validation,full:minus_entities,relevance_grade,1,query_language,MIXED,51,38,13,0.0,0.0,0.0,0.0,0.0,0.0196078431372549,0.0,0.0,0.0,0.0,0.01568627450980392,0.0,0.0,0.0,0.0,0.025490196078431372,0.0043859649122807015,0.02631578947368421,0.0043859649122807015,0.003336737543435016,0.021568627450980395,0.011695906432748537,0.07894736842105263,0.007795297961502946,0.006058967408030514
temporal,validation,full:minus_entities,relevance_grade,1,query_intent,Comparative Treatment Choice,2,2,0,0.0,0.0,0.0,0.0,0.0,0.0,0.0,0.0,0.0,0.0,0.0,0.0,0.0,0.0,0.0,0.0,0.0,0.0,0.0,0.0,0.025,0.0,0.0,0.0,0.0
temporal,validation,full:minus_entities,relevance_grade,1,query_intent,Dosing / Administration,26,21,5,0.038461538461538464,0.0,0.0,0.0,0.0,0.02564102564102564,0.0,0.0,0.0,0.0,0.02307692307692308,0.0,0.0,0.0,0.0,0.02307692307692308,0.0,0.0,0.0,0.0,0.021153846153846155,0.015873015873015872,0.047619047619047616,0.004329004329004329,0.0014141696404831635
temporal,validation,full:minus_entities,relevance_grade,1,query_intent,Efficacy / Outcomes,4,3,1,0.0,0.0,0.0,0.0,0.0,0.08333333333333333,0.0,0.0,0.0,0.0,0.05,0.0,0.0,0.0,0.0,0.025,0.0,0.0,0.0,0.0,0.05,0.08333333333333333,0.3333333333333333,0.023809523809523808,0.04395286806424437
temporal,validation,full:minus_entities,relevance_grade,1,query_intent,Guideline / Evidence Lookup,16,13,3,0.0,0.0,0.0,0.0,0.0,0.020833333333333332,0.0,0.0,0.0,0.0,0.0125,0.0,0.0,0.0,0.0,0.0125,0.0,0.0,0.0,0.0,0.025,0.034188034188034185,0.15384615384615385,0.009543088490456911,0.022510556008209556
temporal,validation,full:minus_entities,relevance_grade,1,query_intent,Interaction / Combination,7,7,0,0.0,0.0,0.0,0.0,0.0,0.047619047619047616,0.028571428571428574,0.14285714285714285,0.047619047619047616,0.011173303000541823,0.028571428571428574,0.028571428571428574,0.14285714285714285,0.047619047619047616,0.009906437583879173,0.042857142857142864,0.028571428571428574,0.14285714285714285,0.047619047619047616,0.009906437583879173,0.028571428571428574,0.028571428571428574,0.14285714285714285,0.047619047619047616,0.009906437583879173
temporal,validation,full:minus_entities,relevance_grade,1,query_intent,Management / Treatment Selection,11,10,1,0.0,0.0,0.0,0.0,0.0,0.0303030303030303,0.1,0.1,0.03333333333333333,0.05,0.03636363636363637,0.1,0.1,0.03333333333333333,0.05,0.02727272727272728,0.1,0.1,0.03333333333333333,0.05,0.031818181818181815,0.11428571428571428,0.2,0.03888888888888888,0.05462041161524489
temporal,validation,full:minus_entities,relevance_grade,1,query_intent,Mechanism / Background Knowledge,5,4,1,0.0,0.0,0.0,0.0,0.0,0.0,0.0,0.0,0.0,0.0,0.0,0.0,0.0,0.0,0.0,0.0,0.0,0.0,0.0,0.0,0.0,0.0,0.0,0.0,0.0
temporal,validation,full:minus_entities,relevance_grade,1,query_intent,Monitoring / Response / Risk Assessment,12,9,3,0.08333333333333333,0.0,0.0,0.0,0.0,0.05555555555555555,0.0,0.0,0.0,0.0,0.03333333333333333,0.0,0.0,0.0,0.0,0.025000000000000005,0.0,0.0,0.0,0.0,0.02916666666666667,0.0,0.0,0.0,0.0
temporal,validation,full:minus_entities,relevance_grade,1,query_intent,Prophylaxis / Maintenance,12,10,2,0.0,0.0,0.0,0.0,0.0,0.027777777777777776,0.0,0.0,0.0,0.0,0.03333333333333333,0.025,0.1,0.02,0.011814144245140152,0.025000000000000005,0.025,0.1,0.02,0.011814144245140152,0.020833333333333332,0.041666666666666664,0.2,0.027692307692307693,0.014930581218680322
temporal,validation,full:minus_entities,relevance_grade,1,query_intent,Safety / Contraindication,26,19,7,0.038461538461538464,0.05263157894736842,0.05263157894736842,0.05263157894736842,0.05263157894736842,0.02564102564102564,0.05263157894736842,0.05263157894736842,0.05263157894736842,0.05263157894736842,0.02307692307692308,0.05263157894736842,0.05263157894736842,0.05263157894736842,0.05263157894736842,0.02692307692307692,0.10526315789473684,0.10526315789473684,0.06140350877192983,0.07137932563726432,0.02115384615384616,0.10526315789473684,0.10526315789473684,0.06140350877192983,0.07137932563726432
temporal,validation,full:minus_entities,relevance_grade,1,query_intent,Treatment Change / Escalation,18,15,3,0.05555555555555555,0.0,0.0,0.0,0.0,0.018518518518518517,0.0,0.0,0.0,0.0,0.011111111111111112,0.0,0.0,0.0,0.0,0.03888888888888889,0.01111111111111111,0.06666666666666667,0.01111111111111111,0.008453068443368707,0.03611111111111112,0.10222222222222221,0.26666666666666666,0.0248471557682084,0.031114749416967607
temporal,validation,full:minus_entities,relevance_grade,1,has_context,False,78,63,15,0.038461538461538464,0.015873015873015872,0.015873015873015872,0.015873015873015872,0.015873015873015872,0.038461538461538464,0.03492063492063492,0.047619047619047616,0.026455026455026454,0.025051001920695124,0.02820512820512821,0.03888888888888889,0.06349206349206349,0.02962962962962963,0.026785500087913583,0.028205128205128212,0.041534391534391535,0.07936507936507936,0.032275132275132276,0.028798135431572797,0.02628205128205128,0.05306122448979592,0.14285714285714285,0.0365038180514371,0.032541230050646304
temporal,validation,full:minus_entities,relevance_grade,1,has_context,True,61,50,11,0.01639344262295082,0.0,0.0,0.0,0.0,0.01639344262295082,0.0,0.0,0.0,0.0,0.01639344262295082,0.0,0.0,0.0,0.0,0.02131147540983607,0.02,0.02,0.003333333333333333,0.007124143742160444,0.024590163934426233,0.059555555555555556,0.12,0.010503531556163135,0.019837586426956585
temporal,validation,full:minus_entities,relevance_grade,1,multiple_entity_dimensions,True,139,113,26,0.02877697841726619,0.008849557522123894,0.008849557522123894,0.008849557522123894,0.008849557522123894,0.02877697841726619,0.01946902654867257,0.02654867256637168,0.014749262536873154,0.01396648779649374,0.02302158273381295,0.021681415929203543,0.035398230088495575,0.016519174041297935,0.01493350889857129,0.025179856115107913,0.03200589970501475,0.05309734513274336,0.01946902654867257,0.019207873622098304,0.025539568345323744,0.05593482230650372,0.13274336283185842,0.0249992665048557,0.026920148801226073
temporal,validation,full:minus_context,relevance_grade,1,query_language,EN,59,47,12,0.03389830508474576,0.02127659574468085,0.02127659574468085,0.02127659574468085,0.02127659574468085,0.03954802259887005,0.047872340425531915,0.06382978723404255,0.03900709219858156,0.03620244982767026,0.03389830508474577,0.047872340425531915,0.06382978723404255,0.03900709219858156,0.03601447646008172,0.023728813559322035,0.05053191489361702,0.0851063829787234,0.041371158392434985,0.037187956437570974,0.024576271186440683,0.07606382978723404,0.1276595744680851,0.044119385342789606,0.04324978889749402
temporal,validation,full:minus_context,relevance_grade,1,query_language,ID,29,28,1,0.034482758620689655,0.03571428571428571,0.03571428571428571,0.03571428571428571,0.03571428571428571,0.034482758620689655,0.04285714285714286,0.07142857142857142,0.047619047619047616,0.03850761146442117,0.041379310344827586,0.04285714285714286,0.07142857142857142,0.047619047619047616,0.03819089511025551,0.051724137931034496,0.07857142857142858,0.10714285714285714,0.052721088435374146,0.050095657015017406,0.03793103448275863,0.1142857142857143,0.14285714285714285,0.055967841682127394,0.06005790507398634
temporal,validation,full:minus_context,relevance_grade,1,query_language,MIXED,51,38,13,0.0,0.0,0.0,0.0,0.0,0.0130718954248366,0.0,0.0,0.0,0.0,0.023529411764705885,0.013157894736842105,0.02631578947368421,0.005263157894736842,0.002803782425830284,0.03725490196078432,0.021929824561403508,0.05263157894736842,0.008552631578947369,0.006608682036562788,0.025490196078431372,0.021929824561403508,0.05263157894736842,0.008552631578947369,0.006608682036562788
temporal,validation,full:minus_context,relevance_grade,1,query_intent,Comparative Treatment Choice,2,2,0,0.0,0.0,0.0,0.0,0.0,0.0,0.0,0.0,0.0,0.0,0.0,0.0,0.0,0.0,0.0,0.0,0.0,0.0,0.0,0.0,0.0,0.0,0.0,0.0,0.0
temporal,validation,full:minus_context,relevance_grade,1,query_intent,Dosing / Administration,26,21,5,0.038461538461538464,0.0,0.0,0.0,0.0,0.02564102564102564,0.0,0.0,0.0,0.0,0.03076923076923077,0.023809523809523808,0.047619047619047616,0.009523809523809525,0.005073511056264323,0.03461538461538462,0.02976190476190476,0.09523809523809523,0.014814814814814815,0.007699871005883127,0.030769230769230774,0.02976190476190476,0.09523809523809523,0.014814814814814815,0.007699871005883127
temporal,validation,full:minus_context,relevance_grade,1,query_intent,Efficacy / Outcomes,4,3,1,0.0,0.0,0.0,0.0,0.0,0.08333333333333333,0.0,0.0,0.0,0.0,0.05,0.0,0.0,0.0,0.0,0.025,0.0,0.0,0.0,0.0,0.025,0.0,0.0,0.0,0.0
temporal,validation,full:minus_context,relevance_grade,1,query_intent,Guideline / Evidence Lookup,16,13,3,0.0,0.0,0.0,0.0,0.0,0.0,0.0,0.0,0.0,0.0,0.025,0.0,0.0,0.0,0.0,0.043750000000000004,0.0,0.0,0.0,0.0,0.034375,0.0,0.0,0.0,0.0
temporal,validation,full:minus_context,relevance_grade,1,query_intent,Interaction / Combination,7,7,0,0.0,0.0,0.0,0.0,0.0,0.047619047619047616,0.028571428571428574,0.14285714285714285,0.047619047619047616,0.011173303000541823,0.028571428571428574,0.028571428571428574,0.14285714285714285,0.047619047619047616,0.009906437583879173,0.028571428571428574,0.028571428571428574,0.14285714285714285,0.047619047619047616,0.009906437583879173,0.028571428571428574,0.028571428571428574,0.14285714285714285,0.047619047619047616,0.009906437583879173
temporal,validation,full:minus_context,relevance_grade,1,query_intent,Management / Treatment Selection,11,10,1,0.09090909090909091,0.1,0.1,0.1,0.1,0.0303030303030303,0.1,0.1,0.1,0.1,0.03636363636363637,0.1,0.1,0.1,0.1,0.05454545454545454,0.2,0.2,0.11428571428571428,0.13333333333333336,0.03181818181818182,0.2,0.2,0.11428571428571428,0.13333333333333336
temporal,validation,full:minus_context,relevance_grade,1,query_intent,Mechanism / Background Knowledge,5,4,1,0.0,0.0,0.0,0.0,0.0,0.0,0.0,0.0,0.0,0.0,0.0,0.0,0.0,0.0,0.0,0.0,0.0,0.0,0.0,0.0,0.01,0.0,0.0,0.0,0.0
temporal,validation,full:minus_context,relevance_grade,1,query_intent,Monitoring / Response / Risk Assessment,12,9,3,0.0,0.0,0.0,0.0,0.0,0.027777777777777776,0.0,0.0,0.0,0.0,0.03333333333333333,0.0,0.0,0.0,0.0,0.025000000000000005,0.0,0.0,0.0,0.0,0.024999999999999998,0.0,0.0,0.0,0.0
temporal,validation,full:minus_context,relevance_grade,1,query_intent,Prophylaxis / Maintenance,12,10,2,0.0,0.0,0.0,0.0,0.0,0.05555555555555555,0.025,0.1,0.05,0.020151514190050242,0.03333333333333333,0.025,0.1,0.05,0.01926803936238408,0.025000000000000005,0.025,0.1,0.05,0.01926803936238408,0.016666666666666666,0.025,0.1,0.05,0.01926803936238408
temporal,validation,full:minus_context,relevance_grade,1,query_intent,Safety / Contraindication,26,19,7,0.038461538461538464,0.05263157894736842,0.05263157894736842,0.05263157894736842,0.05263157894736842,0.02564102564102564,0.05263157894736842,0.05263157894736842,0.05263157894736842,0.05263157894736842,0.03076923076923077,0.05263157894736842,0.05263157894736842,0.05263157894736842,0.05263157894736842,0.02692307692307692,0.05263157894736842,0.05263157894736842,0.05263157894736842,0.05263157894736842,0.02115384615384616,0.15789473684210525,0.15789473684210525,0.060705741626794256,0.08018913093522927
temporal,validation,full:minus_context,relevance_grade,1,query_intent,Treatment Change / Escalation,18,15,3,0.0,0.0,0.0,0.0,0.0,0.037037037037037035,0.06666666666666667,0.06666666666666667,0.02222222222222222,0.03333333333333333,0.044444444444444446,0.06666666666666667,0.06666666666666667,0.02222222222222222,0.03333333333333333,0.055555555555555566,0.08888888888888888,0.13333333333333333,0.030555555555555555,0.04297241234718901,0.041666666666666664,0.10222222222222221,0.2,0.035,0.04565611791373281
temporal,validation,full:minus_context,relevance_grade,1,has_context,False,78,63,15,0.038461538461538464,0.031746031746031744,0.031746031746031744,0.031746031746031744,0.031746031746031744,0.038461538461538464,0.03888888888888889,0.06349206349206349,0.04497354497354497,0.03618616290324278,0.0358974358974359,0.03888888888888889,0.06349206349206349,0.04497354497354497,0.0359051659795396,0.03333333333333333,0.06005291005291005,0.09523809523809523,0.049225245653817085,0.04349119008336767,0.02628205128205128,0.06322751322751323,0.1111111111111111,0.05028344671201815,0.044130167599211435
temporal,validation,full:minus_context,relevance_grade,1,has_context,True,61,50,11,0.0,0.0,0.0,0.0,0.0,0.01639344262295082,0.02,0.02,0.006666666666666666,0.01,0.02622950819672131,0.03,0.04,0.010666666666666666,0.012130874643631016,0.03606557377049181,0.0325,0.06,0.012888888888888887,0.013233945822470915,0.02950819672131148,0.0725,0.1,0.015957070707070708,0.023705815577858034
temporal,validation,full:minus_context,relevance_grade,1,multiple_entity_dimensions,True,139,113,26,0.02158273381294964,0.017699115044247787,0.017699115044247787,0.017699115044247787,0.017699115044247787,0.028776978417266185,0.030530973451327437,0.04424778761061947,0.028023598820058997,0.024599365158445092,0.031654676258992806,0.034955752212389384,0.05309734513274336,0.029793510324483772,0.025385568043296867,0.034532374100719423,0.04786135693215339,0.07964601769911504,0.0331472116870347,0.030103028905979726,0.02769784172661871,0.06733038348082596,0.10619469026548672,0.03509478476292636,0.03509284369595772
temporal,validation,full:minus_intent,relevance_grade,1,query_language,EN,59,47,12,0.0,0.0,0.0,0.0,0.0,0.028248587570621465,0.026595744680851064,0.0425531914893617,0.014184397163120567,0.014036105779146798,0.04067796610169492,0.047872340425531915,0.06382978723404255,0.019503546099290777,0.023050471432603893,0.03559322033898306,0.0726950354609929,0.10638297872340426,0.024290780141843972,0.03138911171972128,0.028813559322033905,0.07960992907801419,0.14893617021276595,0.026684397163120568,0.03321438005622421
temporal,validation,full:minus_intent,relevance_grade,1,query_language,ID,29,28,1,0.0,0.0,0.0,0.0,0.0,0.034482758620689655,0.03571428571428571,0.03571428571428571,0.017857142857142856,0.022533205484694906,0.041379310344827586,0.04285714285714286,0.07142857142857142,0.024999999999999998,0.02444937207920362,0.051724137931034496,0.12142857142857143,0.17857142857142858,0.03966836734693877,0.05080657710299798,0.03448275862068966,0.1392857142857143,0.21428571428571427,0.042644557823129245,0.05672428302318474
temporal,validation,full:minus_intent,relevance_grade,1,query_language,MIXED,51,38,13,0.0196078431372549,0.0,0.0,0.0,0.0,0.0261437908496732,0.013157894736842105,0.02631578947368421,0.008771929824561403,0.00362383621547614,0.03137254901960784,0.017543859649122806,0.05263157894736842,0.014035087719298246,0.00488507891186857,0.027450980392156866,0.017543859649122806,0.05263157894736842,0.014035087719298246,0.00483177205768705,0.03235294117647059,0.021929824561403508,0.05263157894736842,0.014035087719298246,0.007363202719900996
temporal,validation,full:minus_intent,relevance_grade,1,query_intent,Comparative Treatment Choice,2,2,0,0.0,0.0,0.0,0.0,0.0,0.0,0.0,0.0,0.0,0.0,0.0,0.0,0.0,0.0,0.0,0.0,0.0,0.0,0.0,0.0,0.025,0.0,0.0,0.0,0.0
temporal,validation,full:minus_intent,relevance_grade,1,query_intent,Dosing / Administration,26,21,5,0.0,0.0,0.0,0.0,0.0,0.038461538461538464,0.023809523809523808,0.047619047619047616,0.015873015873015872,0.006557417913718729,0.03076923076923077,0.023809523809523808,0.047619047619047616,0.015873015873015872,0.006557417913718729,0.03461538461538462,0.023809523809523808,0.047619047619047616,0.015873015873015872,0.006557417913718729,0.02884615384615385,0.02976190476190476,0.09523809523809523,0.01825396825396825,0.007219526929996377
temporal,validation,full:minus_intent,relevance_grade,1,query_intent,Efficacy / Outcomes,4,3,1,0.0,0.0,0.0,0.0,0.0,0.08333333333333333,0.0,0.0,0.0,0.0,0.05,0.0,0.0,0.0,0.0,0.025,0.0,0.0,0.0,0.0,0.037500000000000006,0.0,0.0,0.0,0.0
temporal,validation,full:minus_intent,relevance_grade,1,query_intent,Guideline / Evidence Lookup,16,13,3,0.0625,0.0,0.0,0.0,0.0,0.020833333333333332,0.0,0.0,0.0,0.0,0.025,0.0,0.0,0.0,0.0,0.043750000000000004,0.0,0.0,0.0,0.0,0.040625,0.0,0.0,0.0,0.0
temporal,validation,full:minus_intent,relevance_grade,1,query_intent,Interaction / Combination,7,7,0,0.0,0.0,0.0,0.0,0.0,0.0,0.0,0.0,0.0,0.0,0.028571428571428574,0.028571428571428574,0.14285714285714285,0.028571428571428574,0.0076646663780348566,0.028571428571428574,0.05714285714285715,0.2857142857142857,0.04897959183673469,0.020408027884774832,0.03571428571428571,0.1285714285714286,0.42857142857142855,0.060884353741496595,0.0440788515655219
temporal,validation,full:minus_intent,relevance_grade,1,query_intent,Management / Treatment Selection,11,10,1,0.0,0.0,0.0,0.0,0.0,0.0303030303030303,0.1,0.1,0.05,0.06309297535714574,0.03636363636363637,0.1,0.1,0.05,0.06309297535714574,0.045454545454545456,0.2,0.2,0.06428571428571428,0.09642630869047908,0.02727272727272727,0.2,0.2,0.06428571428571428,0.09642630869047908
temporal,validation,full:minus_intent,relevance_grade,1,query_intent,Mechanism / Background Knowledge,5,4,1,0.0,0.0,0.0,0.0,0.0,0.0,0.0,0.0,0.0,0.0,0.0,0.0,0.0,0.0,0.0,0.0,0.0,0.0,0.0,0.0,0.02,0.0,0.0,0.0,0.0
temporal,validation,full:minus_intent,relevance_grade,1,query_intent,Monitoring / Response / Risk Assessment,12,9,3,0.0,0.0,0.0,0.0,0.0,0.0,0.0,0.0,0.0,0.0,0.05000000000000001,0.0,0.0,0.0,0.0,0.041666666666666664,0.0,0.0,0.0,0.0,0.02916666666666667,0.0,0.0,0.0,0.0
temporal,validation,full:minus_intent,relevance_grade,1,query_intent,Prophylaxis / Maintenance,12,10,2,0.0,0.0,0.0,0.0,0.0,0.05555555555555555,0.025,0.1,0.03333333333333333,0.015969697161989947,0.03333333333333333,0.025,0.1,0.03333333333333333,0.01526955992589897,0.016666666666666666,0.025,0.1,0.03333333333333333,0.01526955992589897,0.016666666666666666,0.025,0.1,0.03333333333333333,0.01526955992589897
temporal,validation,full:minus_intent,relevance_grade,1,query_intent,Safety / Contraindication,26,19,7,0.0,0.0,0.0,0.0,0.0,0.02564102564102564,0.05263157894736842,0.05263157894736842,0.017543859649122806,0.02631578947368421,0.03076923076923077,0.05263157894736842,0.05263157894736842,0.017543859649122806,0.02631578947368421,0.03461538461538462,0.15789473684210525,0.15789473684210525,0.029385964912280703,0.058133142268611396,0.02884615384615385,0.15789473684210525,0.15789473684210525,0.029385964912280703,0.058133142268611396
temporal,validation,full:minus_intent,relevance_grade,1,query_intent,Treatment Change / Escalation,18,15,3,0.0,0.0,0.0,0.0,0.0,0.037037037037037035,0.0,0.0,0.0,0.0,0.07777777777777778,0.07777777777777778,0.13333333333333333,0.030000000000000002,0.031906918702420364,0.05555555555555555,0.08888888888888888,0.2,0.03833333333333333,0.038628625816935824,0.04444444444444445,0.11333333333333333,0.26666666666666666,0.042499999999999996,0.049833804992798277
temporal,validation,full:minus_intent,relevance_grade,1,has_context,False,78,63,15,0.0,0.0,0.0,0.0,0.0,0.034188034188034185,0.03571428571428571,0.047619047619047616,0.018518518518518517,0.020486138495100902,0.04102564102564103,0.041534391534391535,0.07936507936507936,0.02486772486772487,0.021987384760946086,0.03846153846153847,0.06322751322751323,0.12698412698412698,0.0313869992441421,0.030294725564092833,0.03141025641025641,0.07380952380952381,0.14285714285714285,0.03270975056689343,0.034451711769320756
temporal,validation,full:minus_intent,relevance_grade,1,has_context,True,61,50,11,0.01639344262295082,0.0,0.0,0.0,0.0,0.02185792349726776,0.01,0.02,0.006666666666666666,0.0027541155237618665,0.03278688524590164,0.03,0.04,0.011666666666666665,0.01136764668522973,0.03278688524590165,0.07,0.08,0.016166666666666666,0.02345824074730206,0.03114754098360656,0.0765,0.12,0.018416666666666668,0.02517399298361481
temporal,validation,full:minus_intent,relevance_grade,1,multiple_entity_dimensions,True,139,113,26,0.007194244604316547,0.0,0.0,0.0,0.0,0.02877697841726619,0.024336283185840708,0.035398230088495575,0.013274336283185839,0.01264011063167655,0.03741007194244605,0.0364306784660767,0.061946902654867256,0.01902654867256637,0.017288385612399027,0.03597122302158274,0.06622418879056047,0.10619469026548672,0.024652338811630845,0.027269732282327007,0.03129496402877698,0.075,0.13274336283185842,0.02638537715971344,0.030346526465911048
temporal,validation,selected:complete,relevance_grade,1,query_language,EN,59,47,12,0.03389830508474576,0.02127659574468085,0.02127659574468085,0.02127659574468085,0.02127659574468085,0.03954802259887005,0.047872340425531915,0.06382978723404255,0.03900709219858156,0.03620244982767026,0.03389830508474577,0.047872340425531915,0.06382978723404255,0.03900709219858156,0.03601447646008172,0.025423728813559327,0.047872340425531915,0.06382978723404255,0.03900709219858156,0.03601447646008172,0.025423728813559327,0.07765957446808511,0.1276595744680851,0.04317375886524823,0.04363918343871381
temporal,validation,selected:complete,relevance_grade,1,query_language,ID,29,28,1,0.034482758620689655,0.03571428571428571,0.03571428571428571,0.03571428571428571,0.03571428571428571,0.034482758620689655,0.04285714285714286,0.07142857142857142,0.047619047619047616,0.03850761146442117,0.034482758620689655,0.04285714285714286,0.07142857142857142,0.047619047619047616,0.03819089511025551,0.04482758620689656,0.1142857142857143,0.14285714285714285,0.05718537414965986,0.06136225975736487,0.039655172413793106,0.1380952380952381,0.21428571428571427,0.06151835734293717,0.06979631997456165
temporal,validation,selected:complete,relevance_grade,1,query_language,MIXED,51,38,13,0.0,0.0,0.0,0.0,0.0,0.0196078431372549,0.0,0.0,0.0,0.0,0.0196078431372549,0.0,0.0,0.0,0.0,0.025490196078431372,0.008771929824561403,0.02631578947368421,0.003289473684210526,0.0038048996107325037,0.023529411764705885,0.021929824561403508,0.05263157894736842,0.004751461988304093,0.005511066302140322
temporal,validation,selected:complete,relevance_grade,1,query_intent,Comparative Treatment Choice,2,2,0,0.0,0.0,0.0,0.0,0.0,0.0,0.0,0.0,0.0,0.0,0.0,0.0,0.0,0.0,0.0,0.0,0.0,0.0,0.0,0.0,0.025,0.0,0.0,0.0,0.0
temporal,validation,selected:complete,relevance_grade,1,query_intent,Dosing / Administration,26,21,5,0.038461538461538464,0.0,0.0,0.0,0.0,0.02564102564102564,0.0,0.0,0.0,0.0,0.02307692307692308,0.0,0.0,0.0,0.0,0.023076923076923075,0.0,0.0,0.0,0.0,0.02884615384615385,0.03968253968253968,0.09523809523809523,0.005446623093681917,0.0043031373358055425
temporal,validation,selected:complete,relevance_grade,1,query_intent,Efficacy / Outcomes,4,3,1,0.0,0.0,0.0,0.0,0.0,0.08333333333333333,0.0,0.0,0.0,0.0,0.05,0.0,0.0,0.0,0.0,0.025,0.0,0.0,0.0,0.0,0.025,0.0,0.0,0.0,0.0
temporal,validation,selected:complete,relevance_grade,1,query_intent,Guideline / Evidence Lookup,16,13,3,0.0,0.0,0.0,0.0,0.0,0.020833333333333332,0.0,0.0,0.0,0.0,0.0125,0.0,0.0,0.0,0.0,0.0125,0.0,0.0,0.0,0.0,0.034375,0.02564102564102564,0.07692307692307693,0.004807692307692308,0.01620170279254543
temporal,validation,selected:complete,relevance_grade,1,query_intent,Interaction / Combination,7,7,0,0.0,0.0,0.0,0.0,0.0,0.047619047619047616,0.028571428571428574,0.14285714285714285,0.047619047619047616,0.011173303000541823,0.028571428571428574,0.028571428571428574,0.14285714285714285,0.047619047619047616,0.009906437583879173,0.028571428571428574,0.028571428571428574,0.14285714285714285,0.047619047619047616,0.009906437583879173,0.028571428571428574,0.028571428571428574,0.14285714285714285,0.047619047619047616,0.009906437583879173
temporal,validation,selected:complete,relevance_grade,1,query_intent,Management / Treatment Selection,11,10,1,0.09090909090909091,0.1,0.1,0.1,0.1,0.0303030303030303,0.1,0.1,0.1,0.1,0.03636363636363637,0.1,0.1,0.1,0.1,0.05454545454545454,0.2,0.2,0.11428571428571428,0.13333333333333336,0.03181818181818182,0.2,0.2,0.11428571428571428,0.13333333333333336
temporal,validation,selected:complete,relevance_grade,1,query_intent,Mechanism / Background Knowledge,5,4,1,0.0,0.0,0.0,0.0,0.0,0.0,0.0,0.0,0.0,0.0,0.0,0.0,0.0,0.0,0.0,0.0,0.0,0.0,0.0,0.0,0.01,0.0,0.0,0.0,0.0
temporal,validation,selected:complete,relevance_grade,1,query_intent,Monitoring / Response / Risk Assessment,12,9,3,0.0,0.0,0.0,0.0,0.0,0.027777777777777776,0.0,0.0,0.0,0.0,0.03333333333333333,0.0,0.0,0.0,0.0,0.025000000000000005,0.0,0.0,0.0,0.0,0.020833333333333332,0.0,0.0,0.0,0.0
temporal,validation,selected:complete,relevance_grade,1,query_intent,Prophylaxis / Maintenance,12,10,2,0.0,0.0,0.0,0.0,0.0,0.05555555555555555,0.025,0.1,0.05,0.020151514190050242,0.03333333333333333,0.025,0.1,0.05,0.01926803936238408,0.025000000000000005,0.025,0.1,0.05,0.01926803936238408,0.016666666666666666,0.025,0.1,0.05,0.01926803936238408
temporal,validation,selected:complete,relevance_grade,1,query_intent,Safety / Contraindication,26,19,7,0.038461538461538464,0.05263157894736842,0.05263157894736842,0.05263157894736842,0.05263157894736842,0.02564102564102564,0.05263157894736842,0.05263157894736842,0.05263157894736842,0.05263157894736842,0.03076923076923077,0.05263157894736842,0.05263157894736842,0.05263157894736842,0.05263157894736842,0.030769230769230767,0.10526315789473684,0.10526315789473684,0.05921052631578947,0.06923499351503837,0.02115384615384616,0.15789473684210525,0.15789473684210525,0.0625,0.08211133783705026
temporal,validation,selected:complete,relevance_grade,1,query_intent,Treatment Change / Escalation,18,15,3,0.0,0.0,0.0,0.0,0.0,0.037037037037037035,0.06666666666666667,0.06666666666666667,0.02222222222222222,0.03333333333333333,0.044444444444444446,0.06666666666666667,0.06666666666666667,0.02222222222222222,0.03333333333333333,0.055555555555555566,0.08888888888888888,0.13333333333333333,0.030555555555555555,0.04297241234718901,0.04444444444444445,0.11555555555555555,0.26666666666666666,0.039444444444444435,0.050553124739021155
temporal,validation,selected:complete,relevance_grade,1,has_context,False,78,63,15,0.038461538461538464,0.031746031746031744,0.031746031746031744,0.031746031746031744,0.031746031746031744,0.038461538461538464,0.03888888888888889,0.06349206349206349,0.04497354497354497,0.03618616290324278,0.0358974358974359,0.03888888888888889,0.06349206349206349,0.04497354497354497,0.0359051659795396,0.03333333333333333,0.06005291005291005,0.09523809523809523,0.049225245653817085,0.04349119008336767,0.02628205128205128,0.06322751322751323,0.1111111111111111,0.05028344671201815,0.044130167599211435
temporal,validation,selected:complete,relevance_grade,1,has_context,True,61,50,11,0.0,0.0,0.0,0.0,0.0,0.02185792349726776,0.02,0.02,0.006666666666666666,0.01,0.019672131147540982,0.02,0.02,0.006666666666666666,0.01,0.024590163934426236,0.04,0.04,0.009166666666666667,0.016309297535714574,0.02950819672131148,0.08733333333333335,0.14,0.015287581699346403,0.028691170832765744
temporal,validation,selected:complete,relevance_grade,1,multiple_entity_dimensions,True,139,113,26,0.02158273381294964,0.017699115044247787,0.017699115044247787,0.017699115044247787,0.017699115044247787,0.031175059952038366,0.030530973451327437,0.04424778761061947,0.028023598820058997,0.024599365158445092,0.028776978417266192,0.030530973451327437,0.04424778761061947,0.028023598820058997,0.024442703156734465,0.029496402877697846,0.05117994100294985,0.07079646017699115,0.031500210703750524,0.03146380400033533,0.027697841726618707,0.07389380530973451,0.12389380530973451,0.034798550688712064,0.037298753100784135
temporal,validation,selected:minus_bm25,relevance_grade,1,query_language,EN,59,47,12,0.06779661016949153,0.0425531914893617,0.0425531914893617,0.0425531914893617,0.0425531914893617,0.04519774011299435,0.047872340425531915,0.06382978723404255,0.05319148936170213,0.04684074770001069,0.03389830508474576,0.047872340425531915,0.06382978723404255,0.05319148936170213,0.046652774332422146,0.03559322033898305,0.05212765957446809,0.0851063829787234,0.05555555555555556,0.04768410523675416,0.03389830508474576,0.08622931442080377,0.19148936170212766,0.062138933587619447,0.05708641003702843
temporal,validation,selected:minus_bm25,relevance_grade,1,query_language,ID,29,28,1,0.06896551724137931,0.03571428571428571,0.03571428571428571,0.03571428571428571,0.03571428571428571,0.06896551724137931,0.04285714285714286,0.07142857142857142,0.047619047619047616,0.03850761146442117,0.055172413793103454,0.04285714285714286,0.07142857142857142,0.047619047619047616,0.03819089511025551,0.04482758620689656,0.07857142857142858,0.10714285714285714,0.05208333333333333,0.04945749785260296,0.04137931034482759,0.10238095238095238,0.17857142857142858,0.05756222943722943,0.05804034423664715
temporal,validation,selected:minus_bm25,relevance_grade,1,query_language,MIXED,51,38,13,0.0196078431372549,0.0,0.0,0.0,0.0,0.0196078431372549,0.0,0.0,0.0,0.0,0.0196078431372549,0.0043859649122807015,0.02631578947368421,0.005263157894736842,0.003783728089177292,0.01568627450980392,0.0043859649122807015,0.02631578947368421,0.005263157894736842,0.003623807526632731,0.01666666666666667,0.008771929824561403,0.02631578947368421,0.005263157894736842,0.004423028487389092
temporal,validation,selected:minus_bm25,relevance_grade,1,query_intent,Comparative Treatment Choice,2,2,0,0.0,0.0,0.0,0.0,0.0,0.0,0.0,0.0,0.0,0.0,0.0,0.0,0.0,0.0,0.0,0.0,0.0,0.0,0.0,0.0,0.025,0.0,0.0,0.0,0.0
temporal,validation,selected:minus_bm25,relevance_grade,1,query_intent,Dosing / Administration,26,21,5,0.07692307692307693,0.0,0.0,0.0,0.0,0.05128205128205128,0.0,0.0,0.0,0.0,0.03076923076923077,0.0,0.0,0.0,0.0,0.03076923076923077,0.0,0.0,0.0,0.0,0.032692307692307694,0.021825396825396824,0.09523809523809523,0.006709956709956711,0.003400496689316108
temporal,validation,selected:minus_bm25,relevance_grade,1,query_intent,Efficacy / Outcomes,4,3,1,0.0,0.0,0.0,0.0,0.0,0.08333333333333333,0.0,0.0,0.0,0.0,0.05,0.0,0.0,0.0,0.0,0.05,0.0,0.0,0.0,0.0,0.05,0.0,0.0,0.0,0.0
temporal,validation,selected:minus_bm25,relevance_grade,1,query_intent,Guideline / Evidence Lookup,16,13,3,0.0,0.0,0.0,0.0,0.0,0.041666666666666664,0.0,0.0,0.0,0.0,0.025,0.0,0.0,0.0,0.0,0.03125,0.0,0.0,0.0,0.0,0.028125000000000004,0.02564102564102564,0.07692307692307693,0.004807692307692308,0.01620170279254543
temporal,validation,selected:minus_bm25,relevance_grade,1,query_intent,Interaction / Combination,7,7,0,0.0,0.0,0.0,0.0,0.0,0.09523809523809523,0.028571428571428574,0.14285714285714285,0.047619047619047616,0.011173303000541823,0.05714285714285715,0.028571428571428574,0.14285714285714285,0.047619047619047616,0.009906437583879173,0.05714285714285715,0.028571428571428574,0.14285714285714285,0.047619047619047616,0.009906437583879173,0.04285714285714286,0.028571428571428574,0.14285714285714285,0.047619047619047616,0.009906437583879173
temporal,validation,selected:minus_bm25,relevance_grade,1,query_intent,Management / Treatment Selection,11,10,1,0.09090909090909091,0.1,0.1,0.1,0.1,0.0606060606060606,0.1,0.1,0.1,0.1,0.05454545454545456,0.1,0.1,0.1,0.1,0.045454545454545456,0.1,0.1,0.1,0.1,0.03636363636363637,0.1,0.1,0.1,0.1
temporal,validation,selected:minus_bm25,relevance_grade,1,query_intent,Mechanism / Background Knowledge,5,4,1,0.0,0.0,0.0,0.0,0.0,0.0,0.0,0.0,0.0,0.0,0.0,0.0,0.0,0.0,0.0,0.02,0.0,0.0,0.0,0.0,0.030000000000000006,0.0,0.0,0.0,0.0
temporal,validation,selected:minus_bm25,relevance_grade,1,query_intent,Monitoring / Response / Risk Assessment,12,9,3,0.08333333333333333,0.0,0.0,0.0,0.0,0.027777777777777776,0.0,0.0,0.0,0.0,0.016666666666666666,0.0,0.0,0.0,0.0,0.016666666666666666,0.0,0.0,0.0,0.0,0.016666666666666666,0.0,0.0,0.0,0.0
temporal,validation,selected:minus_bm25,relevance_grade,1,query_intent,Prophylaxis / Maintenance,12,10,2,0.08333333333333333,0.0,0.0,0.0,0.0,0.05555555555555555,0.025,0.1,0.05,0.020151514190050242,0.05000000000000001,0.025,0.1,0.05,0.01926803936238408,0.025000000000000005,0.025,0.1,0.05,0.01926803936238408,0.016666666666666666,0.025,0.1,0.05,0.01926803936238408
temporal,validation,selected:minus_bm25,relevance_grade,1,query_intent,Safety / Contraindication,26,19,7,0.038461538461538464,0.05263157894736842,0.05263157894736842,0.05263157894736842,0.05263157894736842,0.02564102564102564,0.05263157894736842,0.05263157894736842,0.05263157894736842,0.05263157894736842,0.03076923076923077,0.05263157894736842,0.05263157894736842,0.05263157894736842,0.05263157894736842,0.02692307692307692,0.10526315789473684,0.10526315789473684,0.05921052631578947,0.06923499351503837,0.01923076923076923,0.15789473684210525,0.15789473684210525,0.06271929824561404,0.08239288825188047
temporal,validation,selected:minus_bm25,relevance_grade,1,query_intent,Treatment Change / Escalation,18,15,3,0.05555555555555555,0.06666666666666667,0.06666666666666667,0.06666666666666667,0.06666666666666667,0.018518518518518517,0.06666666666666667,0.06666666666666667,0.06666666666666667,0.06666666666666667,0.03333333333333334,0.07777777777777778,0.13333333333333333,0.08,0.07625211115924914,0.027777777777777776,0.09111111111111111,0.2,0.0874074074074074,0.07907848256770991,0.04166666666666667,0.13407407407407407,0.4,0.10025754746342981,0.09111620617411925
temporal,validation,selected:minus_bm25,relevance_grade,1,has_context,False,78,63,15,0.0641025641025641,0.031746031746031744,0.031746031746031744,0.031746031746031744,0.031746031746031744,0.047008547008547015,0.03888888888888889,0.06349206349206349,0.04497354497354497,0.03618616290324278,0.041025641025641026,0.041534391534391535,0.07936507936507936,0.04814814814814815,0.038187414668249715,0.03205128205128205,0.04470899470899471,0.09523809523809523,0.049911816578483245,0.03886036024169275,0.02948717948717948,0.0517636684303351,0.12698412698412698,0.05183758688660649,0.04053274377228452
temporal,validation,selected:minus_bm25,relevance_grade,1,has_context,True,61,50,11,0.03278688524590164,0.02,0.02,0.02,0.02,0.032786885245901634,0.02,0.02,0.02,0.02,0.022950819672131147,0.02,0.02,0.02,0.02,0.027868852459016397,0.04,0.04,0.0225,0.02630929753571458,0.02868852459016394,0.07983333333333334,0.14,0.029330086580086578,0.03845406270466634
temporal,validation,selected:minus_bm25,relevance_grade,1,multiple_entity_dimensions,True,139,113,26,0.050359712230215826,0.02654867256637168,0.02654867256637168,0.02654867256637168,0.02654867256637168,0.040767386091127095,0.030530973451327437,0.04424778761061947,0.03392330383480826,0.02902414391950704,0.033093525179856115,0.03200589970501475,0.05309734513274336,0.03569321533923304,0.03013988605397993,0.030215827338129497,0.04262536873156342,0.07079646017699115,0.0377826941986234,0.03330679267267586,0.02913669064748202,0.06418387413962635,0.13274336283185842,0.04187851595451804,0.03961297338838267
temporal,validation,selected:minus_dense,relevance_grade,1,query_language,EN,59,47,12,0.03389830508474576,0.02127659574468085,0.02127659574468085,0.02127659574468085,0.02127659574468085,0.04519774011299435,0.047872340425531915,0.06382978723404255,0.03900709219858156,0.03620244982767026,0.03389830508474577,0.047872340425531915,0.06382978723404255,0.03900709219858156,0.03601447646008172,0.023728813559322035,0.047872340425531915,0.06382978723404255,0.03900709219858156,0.03601447646008172,0.02372881355932204,0.05638297872340426,0.10638297872340426,0.04196217494089834,0.03851038237229447
temporal,validation,selected:minus_dense,relevance_grade,1,query_language,ID,29,28,1,0.034482758620689655,0.03571428571428571,0.03571428571428571,0.03571428571428571,0.03571428571428571,0.06896551724137931,0.04285714285714286,0.07142857142857142,0.047619047619047616,0.03850761146442117,0.06206896551724138,0.09047619047619047,0.14285714285714285,0.06369047619047619,0.06546668327369616,0.04827586206896553,0.09047619047619047,0.14285714285714285,0.06369047619047619,0.06546668327369616,0.048275862068965524,0.1470238095238095,0.25,0.06965514275885792,0.07576771244805532
temporal,validation,selected:minus_dense,relevance_grade,1,query_language,MIXED,51,38,13,0.0,0.0,0.0,0.0,0.0,0.0196078431372549,0.0,0.0,0.0,0.0,0.027450980392156866,0.0,0.0,0.0,0.0,0.025490196078431372,0.008771929824561403,0.02631578947368421,0.003289473684210526,0.0038048996107325037,0.022549019607843137,0.011695906432748537,0.05263157894736842,0.004605263157894736,0.005676532034304343
temporal,validation,selected:minus_dense,relevance_grade,1,query_intent,Comparative Treatment Choice,2,2,0,0.0,0.0,0.0,0.0,0.0,0.0,0.0,0.0,0.0,0.0,0.0,0.0,0.0,0.0,0.0,0.05,0.0,0.0,0.0,0.0,0.025,0.0,0.0,0.0,0.0
temporal,validation,selected:minus_dense,relevance_grade,1,query_intent,Dosing / Administration,26,21,5,0.038461538461538464,0.0,0.0,0.0,0.0,0.038461538461538464,0.0,0.0,0.0,0.0,0.03076923076923077,0.0,0.0,0.0,0.0,0.023076923076923075,0.0,0.0,0.0,0.0,0.02692307692307692,0.015873015873015872,0.047619047619047616,0.0026455026455026454,0.0011934631922851876
temporal,validation,selected:minus_dense,relevance_grade,1,query_intent,Efficacy / Outcomes,4,3,1,0.0,0.0,0.0,0.0,0.0,0.08333333333333333,0.0,0.0,0.0,0.0,0.05,0.0,0.0,0.0,0.0,0.025,0.0,0.0,0.0,0.0,0.025,0.0,0.0,0.0,0.0
temporal,validation,selected:minus_dense,relevance_grade,1,query_intent,Guideline / Evidence Lookup,16,13,3,0.0,0.0,0.0,0.0,0.0,0.020833333333333332,0.0,0.0,0.0,0.0,0.025,0.02564102564102564,0.07692307692307693,0.015384615384615385,0.025618885423303466,0.018750000000000003,0.02564102564102564,0.07692307692307693,0.015384615384615385,0.025618885423303466,0.037500000000000006,0.053418803418803416,0.23076923076923078,0.02327935222672065,0.03290162814420083
temporal,validation,selected:minus_dense,relevance_grade,1,query_intent,Interaction / Combination,7,7,0,0.0,0.0,0.0,0.0,0.0,0.047619047619047616,0.028571428571428574,0.14285714285714285,0.047619047619047616,0.011173303000541823,0.028571428571428574,0.028571428571428574,0.14285714285714285,0.047619047619047616,0.009906437583879173,0.028571428571428574,0.028571428571428574,0.14285714285714285,0.047619047619047616,0.009906437583879173,0.028571428571428574,0.028571428571428574,0.14285714285714285,0.047619047619047616,0.009906437583879173
temporal,validation,selected:minus_dense,relevance_grade,1,query_intent,Management / Treatment Selection,11,10,1,0.09090909090909091,0.1,0.1,0.1,0.1,0.0606060606060606,0.1,0.1,0.1,0.1,0.05454545454545456,0.1,0.1,0.1,0.1,0.02727272727272728,0.1,0.1,0.1,0.1,0.03636363636363637,0.2,0.2,0.10588235294117647,0.12398124665681313
temporal,validation,selected:minus_dense,relevance_grade,1,query_intent,Mechanism / Background Knowledge,5,4,1,0.0,0.0,0.0,0.0,0.0,0.0,0.0,0.0,0.0,0.0,0.0,0.0,0.0,0.0,0.0,0.0,0.0,0.0,0.0,0.0,0.0,0.0,0.0,0.0,0.0
temporal,validation,selected:minus_dense,relevance_grade,1,query_intent,Monitoring / Response / Risk Assessment,12,9,3,0.0,0.0,0.0,0.0,0.0,0.05555555555555555,0.0,0.0,0.0,0.0,0.03333333333333333,0.0,0.0,0.0,0.0,0.025000000000000005,0.0,0.0,0.0,0.0,0.020833333333333332,0.0,0.0,0.0,0.0
temporal,validation,selected:minus_dense,relevance_grade,1,query_intent,Prophylaxis / Maintenance,12,10,2,0.0,0.0,0.0,0.0,0.0,0.05555555555555555,0.025,0.1,0.05,0.020151514190050242,0.05000000000000001,0.025,0.1,0.05,0.01926803936238408,0.025000000000000005,0.025,0.1,0.05,0.01926803936238408,0.020833333333333332,0.025,0.1,0.05,0.01926803936238408
temporal,validation,selected:minus_dense,relevance_grade,1,query_intent,Safety / Contraindication,26,19,7,0.038461538461538464,0.05263157894736842,0.05263157894736842,0.05263157894736842,0.05263157894736842,0.038461538461538464,0.05263157894736842,0.05263157894736842,0.05263157894736842,0.05263157894736842,0.038461538461538464,0.10526315789473684,0.10526315789473684,0.06578947368421052,0.0752987662143891,0.03461538461538462,0.10526315789473684,0.10526315789473684,0.06578947368421052,0.0752987662143891,0.02115384615384616,0.10526315789473684,0.10526315789473684,0.06578947368421052,0.0752987662143891
temporal,validation,selected:minus_dense,relevance_grade,1,query_intent,Treatment Change / Escalation,18,15,3,0.0,0.0,0.0,0.0,0.0,0.037037037037037035,0.06666666666666667,0.06666666666666667,0.02222222222222222,0.03333333333333333,0.05555555555555555,0.06666666666666667,0.06666666666666667,0.02222222222222222,0.03333333333333333,0.055555555555555566,0.08888888888888888,0.13333333333333333,0.030555555555555555,0.04297241234718901,0.04722222222222222,0.11555555555555555,0.26666666666666666,0.03981481481481482,0.050792917538788944
temporal,validation,selected:minus_dense,relevance_grade,1,has_context,False,78,63,15,0.038461538461538464,0.031746031746031744,0.031746031746031744,0.031746031746031744,0.031746031746031744,0.047008547008547015,0.03888888888888889,0.06349206349206349,0.04497354497354497,0.03618616290324278,0.043589743589743594,0.03888888888888889,0.06349206349206349,0.04497354497354497,0.0359051659795396,0.02948717948717949,0.04417989417989418,0.07936507936507936,0.046957671957671955,0.03820018479236238,0.027564102564102563,0.06322751322751323,0.1111111111111111,0.04877321298889926,0.042608415891427394
temporal,validation,selected:minus_dense,relevance_grade,1,has_context,True,61,50,11,0.0,0.0,0.0,0.0,0.0,0.032786885245901634,0.02,0.02,0.006666666666666666,0.01,0.029508196721311476,0.04666666666666666,0.06,0.015666666666666666,0.025274441371526762,0.02950819672131148,0.04666666666666666,0.06,0.015666666666666666,0.025274441371526762,0.02950819672131148,0.06455555555555556,0.14,0.020497076023391812,0.029257238723740548
temporal,validation,selected:minus_dense,relevance_grade,1,multiple_entity_dimensions,True,139,113,26,0.02158273381294964,0.017699115044247787,0.017699115044247787,0.017699115044247787,0.017699115044247787,0.040767386091127095,0.030530973451327437,0.04424778761061947,0.028023598820058997,0.024599365158445092,0.03741007194244605,0.042330383480825955,0.061946902654867256,0.032005899705014745,0.031201305533516223,0.02949640287769784,0.045280235988200586,0.07079646017699115,0.033112094395280234,0.03248082929641742,0.02841726618705036,0.06381514257620452,0.12389380530973451,0.03626164795991366,0.036700815374751804
temporal,validation,selected:minus_entities,relevance_grade,1,query_language,EN,59,47,12,0.05084745762711865,0.02127659574468085,0.02127659574468085,0.02127659574468085,0.02127659574468085,0.03389830508474576,0.02127659574468085,0.02127659574468085,0.02127659574468085,0.02127659574468085,0.023728813559322035,0.026595744680851064,0.0425531914893617,0.02553191489361702,0.0237902434564128,0.02203389830508475,0.026595744680851064,0.0425531914893617,0.02553191489361702,0.0237902434564128,0.02203389830508475,0.06403242147922998,0.14893617021276595,0.03261754886894865,0.03481126334894823
temporal,validation,selected:minus_entities,relevance_grade,1,query_language,ID,29,28,1,0.034482758620689655,0.0,0.0,0.0,0.0,0.034482758620689655,0.04285714285714286,0.07142857142857142,0.023809523809523808,0.020650468607278313,0.034482758620689655,0.04285714285714286,0.07142857142857142,0.023809523809523808,0.02033375225311265,0.031034482758620686,0.07857142857142858,0.10714285714285714,0.02976190476190476,0.033055437506970584,0.039655172413793106,0.10238095238095238,0.17857142857142858,0.03555967841682127,0.041985952701172134
temporal,validation,selected:minus_entities,relevance_grade,1,query_language,MIXED,51,38,13,0.0,0.0,0.0,0.0,0.0,0.0196078431372549,0.0,0.0,0.0,0.0,0.01568627450980392,0.0,0.0,0.0,0.0,0.025490196078431372,0.0043859649122807015,0.02631578947368421,0.0043859649122807015,0.003336737543435016,0.021568627450980395,0.011695906432748537,0.07894736842105263,0.007795297961502946,0.006058967408030514
temporal,validation,selected:minus_entities,relevance_grade,1,query_intent,Comparative Treatment Choice,2,2,0,0.0,0.0,0.0,0.0,0.0,0.0,0.0,0.0,0.0,0.0,0.0,0.0,0.0,0.0,0.0,0.0,0.0,0.0,0.0,0.0,0.025,0.0,0.0,0.0,0.0
temporal,validation,selected:minus_entities,relevance_grade,1,query_intent,Dosing / Administration,26,21,5,0.038461538461538464,0.0,0.0,0.0,0.0,0.02564102564102564,0.0,0.0,0.0,0.0,0.02307692307692308,0.0,0.0,0.0,0.0,0.02307692307692308,0.0,0.0,0.0,0.0,0.021153846153846155,0.015873015873015872,0.047619047619047616,0.004329004329004329,0.0014141696404831635
temporal,validation,selected:minus_entities,relevance_grade,1,query_intent,Efficacy / Outcomes,4,3,1,0.0,0.0,0.0,0.0,0.0,0.08333333333333333,0.0,0.0,0.0,0.0,0.05,0.0,0.0,0.0,0.0,0.025,0.0,0.0,0.0,0.0,0.05,0.08333333333333333,0.3333333333333333,0.023809523809523808,0.04395286806424437
temporal,validation,selected:minus_entities,relevance_grade,1,query_intent,Guideline / Evidence Lookup,16,13,3,0.0,0.0,0.0,0.0,0.0,0.020833333333333332,0.0,0.0,0.0,0.0,0.0125,0.0,0.0,0.0,0.0,0.0125,0.0,0.0,0.0,0.0,0.025,0.034188034188034185,0.15384615384615385,0.009543088490456911,0.022510556008209556
temporal,validation,selected:minus_entities,relevance_grade,1,query_intent,Interaction / Combination,7,7,0,0.0,0.0,0.0,0.0,0.0,0.047619047619047616,0.028571428571428574,0.14285714285714285,0.047619047619047616,0.011173303000541823,0.028571428571428574,0.028571428571428574,0.14285714285714285,0.047619047619047616,0.009906437583879173,0.042857142857142864,0.028571428571428574,0.14285714285714285,0.047619047619047616,0.009906437583879173,0.028571428571428574,0.028571428571428574,0.14285714285714285,0.047619047619047616,0.009906437583879173
temporal,validation,selected:minus_entities,relevance_grade,1,query_intent,Management / Treatment Selection,11,10,1,0.0,0.0,0.0,0.0,0.0,0.0303030303030303,0.1,0.1,0.03333333333333333,0.05,0.03636363636363637,0.1,0.1,0.03333333333333333,0.05,0.02727272727272728,0.1,0.1,0.03333333333333333,0.05,0.031818181818181815,0.11428571428571428,0.2,0.03888888888888888,0.05462041161524489
temporal,validation,selected:minus_entities,relevance_grade,1,query_intent,Mechanism / Background Knowledge,5,4,1,0.0,0.0,0.0,0.0,0.0,0.0,0.0,0.0,0.0,0.0,0.0,0.0,0.0,0.0,0.0,0.0,0.0,0.0,0.0,0.0,0.0,0.0,0.0,0.0,0.0
temporal,validation,selected:minus_entities,relevance_grade,1,query_intent,Monitoring / Response / Risk Assessment,12,9,3,0.08333333333333333,0.0,0.0,0.0,0.0,0.05555555555555555,0.0,0.0,0.0,0.0,0.03333333333333333,0.0,0.0,0.0,0.0,0.025000000000000005,0.0,0.0,0.0,0.0,0.02916666666666667,0.0,0.0,0.0,0.0
temporal,validation,selected:minus_entities,relevance_grade,1,query_intent,Prophylaxis / Maintenance,12,10,2,0.0,0.0,0.0,0.0,0.0,0.027777777777777776,0.0,0.0,0.0,0.0,0.03333333333333333,0.025,0.1,0.02,0.011814144245140152,0.025000000000000005,0.025,0.1,0.02,0.011814144245140152,0.020833333333333332,0.041666666666666664,0.2,0.027692307692307693,0.014930581218680322
temporal,validation,selected:minus_entities,relevance_grade,1,query_intent,Safety / Contraindication,26,19,7,0.038461538461538464,0.05263157894736842,0.05263157894736842,0.05263157894736842,0.05263157894736842,0.02564102564102564,0.05263157894736842,0.05263157894736842,0.05263157894736842,0.05263157894736842,0.02307692307692308,0.05263157894736842,0.05263157894736842,0.05263157894736842,0.05263157894736842,0.02692307692307692,0.10526315789473684,0.10526315789473684,0.06140350877192983,0.07137932563726432,0.02115384615384616,0.10526315789473684,0.10526315789473684,0.06140350877192983,0.07137932563726432
temporal,validation,selected:minus_entities,relevance_grade,1,query_intent,Treatment Change / Escalation,18,15,3,0.05555555555555555,0.0,0.0,0.0,0.0,0.018518518518518517,0.0,0.0,0.0,0.0,0.011111111111111112,0.0,0.0,0.0,0.0,0.03888888888888889,0.01111111111111111,0.06666666666666667,0.01111111111111111,0.008453068443368707,0.03611111111111112,0.10222222222222221,0.26666666666666666,0.0248471557682084,0.031114749416967607
temporal,validation,selected:minus_entities,relevance_grade,1,has_context,False,78,63,15,0.038461538461538464,0.015873015873015872,0.015873015873015872,0.015873015873015872,0.015873015873015872,0.038461538461538464,0.03492063492063492,0.047619047619047616,0.026455026455026454,0.025051001920695124,0.02820512820512821,0.03888888888888889,0.06349206349206349,0.02962962962962963,0.026785500087913583,0.028205128205128212,0.041534391534391535,0.07936507936507936,0.032275132275132276,0.028798135431572797,0.02628205128205128,0.05306122448979592,0.14285714285714285,0.0365038180514371,0.032541230050646304
temporal,validation,selected:minus_entities,relevance_grade,1,has_context,True,61,50,11,0.01639344262295082,0.0,0.0,0.0,0.0,0.01639344262295082,0.0,0.0,0.0,0.0,0.01639344262295082,0.0,0.0,0.0,0.0,0.02131147540983607,0.02,0.02,0.003333333333333333,0.007124143742160444,0.024590163934426233,0.059555555555555556,0.12,0.010503531556163135,0.019837586426956585
temporal,validation,selected:minus_entities,relevance_grade,1,multiple_entity_dimensions,True,139,113,26,0.02877697841726619,0.008849557522123894,0.008849557522123894,0.008849557522123894,0.008849557522123894,0.02877697841726619,0.01946902654867257,0.02654867256637168,0.014749262536873154,0.01396648779649374,0.02302158273381295,0.021681415929203543,0.035398230088495575,0.016519174041297935,0.01493350889857129,0.025179856115107913,0.03200589970501475,0.05309734513274336,0.01946902654867257,0.019207873622098304,0.025539568345323744,0.05593482230650372,0.13274336283185842,0.0249992665048557,0.026920148801226073
temporal,validation,selected:minus_context,relevance_grade,1,query_language,EN,59,47,12,0.03389830508474576,0.02127659574468085,0.02127659574468085,0.02127659574468085,0.02127659574468085,0.03954802259887005,0.047872340425531915,0.06382978723404255,0.03900709219858156,0.03620244982767026,0.03389830508474577,0.047872340425531915,0.06382978723404255,0.03900709219858156,0.03601447646008172,0.023728813559322035,0.05053191489361702,0.0851063829787234,0.041371158392434985,0.037187956437570974,0.024576271186440683,0.07606382978723404,0.1276595744680851,0.044119385342789606,0.04324978889749402
temporal,validation,selected:minus_context,relevance_grade,1,query_language,ID,29,28,1,0.034482758620689655,0.03571428571428571,0.03571428571428571,0.03571428571428571,0.03571428571428571,0.034482758620689655,0.04285714285714286,0.07142857142857142,0.047619047619047616,0.03850761146442117,0.041379310344827586,0.04285714285714286,0.07142857142857142,0.047619047619047616,0.03819089511025551,0.051724137931034496,0.07857142857142858,0.10714285714285714,0.052721088435374146,0.050095657015017406,0.03793103448275863,0.1142857142857143,0.14285714285714285,0.055967841682127394,0.06005790507398634
temporal,validation,selected:minus_context,relevance_grade,1,query_language,MIXED,51,38,13,0.0,0.0,0.0,0.0,0.0,0.0130718954248366,0.0,0.0,0.0,0.0,0.023529411764705885,0.013157894736842105,0.02631578947368421,0.005263157894736842,0.002803782425830284,0.03725490196078432,0.021929824561403508,0.05263157894736842,0.008552631578947369,0.006608682036562788,0.025490196078431372,0.021929824561403508,0.05263157894736842,0.008552631578947369,0.006608682036562788
temporal,validation,selected:minus_context,relevance_grade,1,query_intent,Comparative Treatment Choice,2,2,0,0.0,0.0,0.0,0.0,0.0,0.0,0.0,0.0,0.0,0.0,0.0,0.0,0.0,0.0,0.0,0.0,0.0,0.0,0.0,0.0,0.0,0.0,0.0,0.0,0.0
temporal,validation,selected:minus_context,relevance_grade,1,query_intent,Dosing / Administration,26,21,5,0.038461538461538464,0.0,0.0,0.0,0.0,0.02564102564102564,0.0,0.0,0.0,0.0,0.03076923076923077,0.023809523809523808,0.047619047619047616,0.009523809523809525,0.005073511056264323,0.03461538461538462,0.02976190476190476,0.09523809523809523,0.014814814814814815,0.007699871005883127,0.030769230769230774,0.02976190476190476,0.09523809523809523,0.014814814814814815,0.007699871005883127
temporal,validation,selected:minus_context,relevance_grade,1,query_intent,Efficacy / Outcomes,4,3,1,0.0,0.0,0.0,0.0,0.0,0.08333333333333333,0.0,0.0,0.0,0.0,0.05,0.0,0.0,0.0,0.0,0.025,0.0,0.0,0.0,0.0,0.025,0.0,0.0,0.0,0.0
temporal,validation,selected:minus_context,relevance_grade,1,query_intent,Guideline / Evidence Lookup,16,13,3,0.0,0.0,0.0,0.0,0.0,0.0,0.0,0.0,0.0,0.0,0.025,0.0,0.0,0.0,0.0,0.043750000000000004,0.0,0.0,0.0,0.0,0.034375,0.0,0.0,0.0,0.0
temporal,validation,selected:minus_context,relevance_grade,1,query_intent,Interaction / Combination,7,7,0,0.0,0.0,0.0,0.0,0.0,0.047619047619047616,0.028571428571428574,0.14285714285714285,0.047619047619047616,0.011173303000541823,0.028571428571428574,0.028571428571428574,0.14285714285714285,0.047619047619047616,0.009906437583879173,0.028571428571428574,0.028571428571428574,0.14285714285714285,0.047619047619047616,0.009906437583879173,0.028571428571428574,0.028571428571428574,0.14285714285714285,0.047619047619047616,0.009906437583879173
temporal,validation,selected:minus_context,relevance_grade,1,query_intent,Management / Treatment Selection,11,10,1,0.09090909090909091,0.1,0.1,0.1,0.1,0.0303030303030303,0.1,0.1,0.1,0.1,0.03636363636363637,0.1,0.1,0.1,0.1,0.05454545454545454,0.2,0.2,0.11428571428571428,0.13333333333333336,0.03181818181818182,0.2,0.2,0.11428571428571428,0.13333333333333336
temporal,validation,selected:minus_context,relevance_grade,1,query_intent,Mechanism / Background Knowledge,5,4,1,0.0,0.0,0.0,0.0,0.0,0.0,0.0,0.0,0.0,0.0,0.0,0.0,0.0,0.0,0.0,0.0,0.0,0.0,0.0,0.0,0.01,0.0,0.0,0.0,0.0
temporal,validation,selected:minus_context,relevance_grade,1,query_intent,Monitoring / Response / Risk Assessment,12,9,3,0.0,0.0,0.0,0.0,0.0,0.027777777777777776,0.0,0.0,0.0,0.0,0.03333333333333333,0.0,0.0,0.0,0.0,0.025000000000000005,0.0,0.0,0.0,0.0,0.024999999999999998,0.0,0.0,0.0,0.0
temporal,validation,selected:minus_context,relevance_grade,1,query_intent,Prophylaxis / Maintenance,12,10,2,0.0,0.0,0.0,0.0,0.0,0.05555555555555555,0.025,0.1,0.05,0.020151514190050242,0.03333333333333333,0.025,0.1,0.05,0.01926803936238408,0.025000000000000005,0.025,0.1,0.05,0.01926803936238408,0.016666666666666666,0.025,0.1,0.05,0.01926803936238408
temporal,validation,selected:minus_context,relevance_grade,1,query_intent,Safety / Contraindication,26,19,7,0.038461538461538464,0.05263157894736842,0.05263157894736842,0.05263157894736842,0.05263157894736842,0.02564102564102564,0.05263157894736842,0.05263157894736842,0.05263157894736842,0.05263157894736842,0.03076923076923077,0.05263157894736842,0.05263157894736842,0.05263157894736842,0.05263157894736842,0.02692307692307692,0.05263157894736842,0.05263157894736842,0.05263157894736842,0.05263157894736842,0.02115384615384616,0.15789473684210525,0.15789473684210525,0.060705741626794256,0.08018913093522927
temporal,validation,selected:minus_context,relevance_grade,1,query_intent,Treatment Change / Escalation,18,15,3,0.0,0.0,0.0,0.0,0.0,0.037037037037037035,0.06666666666666667,0.06666666666666667,0.02222222222222222,0.03333333333333333,0.044444444444444446,0.06666666666666667,0.06666666666666667,0.02222222222222222,0.03333333333333333,0.055555555555555566,0.08888888888888888,0.13333333333333333,0.030555555555555555,0.04297241234718901,0.041666666666666664,0.10222222222222221,0.2,0.035,0.04565611791373281
temporal,validation,selected:minus_context,relevance_grade,1,has_context,False,78,63,15,0.038461538461538464,0.031746031746031744,0.031746031746031744,0.031746031746031744,0.031746031746031744,0.038461538461538464,0.03888888888888889,0.06349206349206349,0.04497354497354497,0.03618616290324278,0.0358974358974359,0.03888888888888889,0.06349206349206349,0.04497354497354497,0.0359051659795396,0.03333333333333333,0.06005291005291005,0.09523809523809523,0.049225245653817085,0.04349119008336767,0.02628205128205128,0.06322751322751323,0.1111111111111111,0.05028344671201815,0.044130167599211435
temporal,validation,selected:minus_context,relevance_grade,1,has_context,True,61,50,11,0.0,0.0,0.0,0.0,0.0,0.01639344262295082,0.02,0.02,0.006666666666666666,0.01,0.02622950819672131,0.03,0.04,0.010666666666666666,0.012130874643631016,0.03606557377049181,0.0325,0.06,0.012888888888888887,0.013233945822470915,0.02950819672131148,0.0725,0.1,0.015957070707070708,0.023705815577858034
temporal,validation,selected:minus_context,relevance_grade,1,multiple_entity_dimensions,True,139,113,26,0.02158273381294964,0.017699115044247787,0.017699115044247787,0.017699115044247787,0.017699115044247787,0.028776978417266185,0.030530973451327437,0.04424778761061947,0.028023598820058997,0.024599365158445092,0.031654676258992806,0.034955752212389384,0.05309734513274336,0.029793510324483772,0.025385568043296867,0.034532374100719423,0.04786135693215339,0.07964601769911504,0.0331472116870347,0.030103028905979726,0.02769784172661871,0.06733038348082596,0.10619469026548672,0.03509478476292636,0.03509284369595772
temporal,validation,selected:minus_intent,relevance_grade,1,query_language,EN,59,47,12,0.0,0.0,0.0,0.0,0.0,0.028248587570621465,0.026595744680851064,0.0425531914893617,0.014184397163120567,0.014036105779146798,0.04067796610169492,0.047872340425531915,0.06382978723404255,0.019503546099290777,0.023050471432603893,0.03559322033898306,0.0726950354609929,0.10638297872340426,0.024290780141843972,0.03138911171972128,0.028813559322033905,0.07960992907801419,0.14893617021276595,0.026684397163120568,0.03321438005622421
temporal,validation,selected:minus_intent,relevance_grade,1,query_language,ID,29,28,1,0.0,0.0,0.0,0.0,0.0,0.034482758620689655,0.03571428571428571,0.03571428571428571,0.017857142857142856,0.022533205484694906,0.041379310344827586,0.04285714285714286,0.07142857142857142,0.024999999999999998,0.02444937207920362,0.051724137931034496,0.12142857142857143,0.17857142857142858,0.03966836734693877,0.05080657710299798,0.03448275862068966,0.1392857142857143,0.21428571428571427,0.042644557823129245,0.05672428302318474
temporal,validation,selected:minus_intent,relevance_grade,1,query_language,MIXED,51,38,13,0.0196078431372549,0.0,0.0,0.0,0.0,0.0261437908496732,0.013157894736842105,0.02631578947368421,0.008771929824561403,0.00362383621547614,0.03137254901960784,0.017543859649122806,0.05263157894736842,0.014035087719298246,0.00488507891186857,0.027450980392156866,0.017543859649122806,0.05263157894736842,0.014035087719298246,0.00483177205768705,0.03235294117647059,0.021929824561403508,0.05263157894736842,0.014035087719298246,0.007363202719900996
temporal,validation,selected:minus_intent,relevance_grade,1,query_intent,Comparative Treatment Choice,2,2,0,0.0,0.0,0.0,0.0,0.0,0.0,0.0,0.0,0.0,0.0,0.0,0.0,0.0,0.0,0.0,0.0,0.0,0.0,0.0,0.0,0.025,0.0,0.0,0.0,0.0
temporal,validation,selected:minus_intent,relevance_grade,1,query_intent,Dosing / Administration,26,21,5,0.0,0.0,0.0,0.0,0.0,0.038461538461538464,0.023809523809523808,0.047619047619047616,0.015873015873015872,0.006557417913718729,0.03076923076923077,0.023809523809523808,0.047619047619047616,0.015873015873015872,0.006557417913718729,0.03461538461538462,0.023809523809523808,0.047619047619047616,0.015873015873015872,0.006557417913718729,0.02884615384615385,0.02976190476190476,0.09523809523809523,0.01825396825396825,0.007219526929996377
temporal,validation,selected:minus_intent,relevance_grade,1,query_intent,Efficacy / Outcomes,4,3,1,0.0,0.0,0.0,0.0,0.0,0.08333333333333333,0.0,0.0,0.0,0.0,0.05,0.0,0.0,0.0,0.0,0.025,0.0,0.0,0.0,0.0,0.037500000000000006,0.0,0.0,0.0,0.0
temporal,validation,selected:minus_intent,relevance_grade,1,query_intent,Guideline / Evidence Lookup,16,13,3,0.0625,0.0,0.0,0.0,0.0,0.020833333333333332,0.0,0.0,0.0,0.0,0.025,0.0,0.0,0.0,0.0,0.043750000000000004,0.0,0.0,0.0,0.0,0.040625,0.0,0.0,0.0,0.0
temporal,validation,selected:minus_intent,relevance_grade,1,query_intent,Interaction / Combination,7,7,0,0.0,0.0,0.0,0.0,0.0,0.0,0.0,0.0,0.0,0.0,0.028571428571428574,0.028571428571428574,0.14285714285714285,0.028571428571428574,0.0076646663780348566,0.028571428571428574,0.05714285714285715,0.2857142857142857,0.04897959183673469,0.020408027884774832,0.03571428571428571,0.1285714285714286,0.42857142857142855,0.060884353741496595,0.0440788515655219
temporal,validation,selected:minus_intent,relevance_grade,1,query_intent,Management / Treatment Selection,11,10,1,0.0,0.0,0.0,0.0,0.0,0.0303030303030303,0.1,0.1,0.05,0.06309297535714574,0.03636363636363637,0.1,0.1,0.05,0.06309297535714574,0.045454545454545456,0.2,0.2,0.06428571428571428,0.09642630869047908,0.02727272727272727,0.2,0.2,0.06428571428571428,0.09642630869047908
temporal,validation,selected:minus_intent,relevance_grade,1,query_intent,Mechanism / Background Knowledge,5,4,1,0.0,0.0,0.0,0.0,0.0,0.0,0.0,0.0,0.0,0.0,0.0,0.0,0.0,0.0,0.0,0.0,0.0,0.0,0.0,0.0,0.02,0.0,0.0,0.0,0.0
temporal,validation,selected:minus_intent,relevance_grade,1,query_intent,Monitoring / Response / Risk Assessment,12,9,3,0.0,0.0,0.0,0.0,0.0,0.0,0.0,0.0,0.0,0.0,0.05000000000000001,0.0,0.0,0.0,0.0,0.041666666666666664,0.0,0.0,0.0,0.0,0.02916666666666667,0.0,0.0,0.0,0.0
temporal,validation,selected:minus_intent,relevance_grade,1,query_intent,Prophylaxis / Maintenance,12,10,2,0.0,0.0,0.0,0.0,0.0,0.05555555555555555,0.025,0.1,0.03333333333333333,0.015969697161989947,0.03333333333333333,0.025,0.1,0.03333333333333333,0.01526955992589897,0.016666666666666666,0.025,0.1,0.03333333333333333,0.01526955992589897,0.016666666666666666,0.025,0.1,0.03333333333333333,0.01526955992589897
temporal,validation,selected:minus_intent,relevance_grade,1,query_intent,Safety / Contraindication,26,19,7,0.0,0.0,0.0,0.0,0.0,0.02564102564102564,0.05263157894736842,0.05263157894736842,0.017543859649122806,0.02631578947368421,0.03076923076923077,0.05263157894736842,0.05263157894736842,0.017543859649122806,0.02631578947368421,0.03461538461538462,0.15789473684210525,0.15789473684210525,0.029385964912280703,0.058133142268611396,0.02884615384615385,0.15789473684210525,0.15789473684210525,0.029385964912280703,0.058133142268611396
temporal,validation,selected:minus_intent,relevance_grade,1,query_intent,Treatment Change / Escalation,18,15,3,0.0,0.0,0.0,0.0,0.0,0.037037037037037035,0.0,0.0,0.0,0.0,0.07777777777777778,0.07777777777777778,0.13333333333333333,0.030000000000000002,0.031906918702420364,0.05555555555555555,0.08888888888888888,0.2,0.03833333333333333,0.038628625816935824,0.04444444444444445,0.11333333333333333,0.26666666666666666,0.042499999999999996,0.049833804992798277
temporal,validation,selected:minus_intent,relevance_grade,1,has_context,False,78,63,15,0.0,0.0,0.0,0.0,0.0,0.034188034188034185,0.03571428571428571,0.047619047619047616,0.018518518518518517,0.020486138495100902,0.04102564102564103,0.041534391534391535,0.07936507936507936,0.02486772486772487,0.021987384760946086,0.03846153846153847,0.06322751322751323,0.12698412698412698,0.0313869992441421,0.030294725564092833,0.03141025641025641,0.07380952380952381,0.14285714285714285,0.03270975056689343,0.034451711769320756
temporal,validation,selected:minus_intent,relevance_grade,1,has_context,True,61,50,11,0.01639344262295082,0.0,0.0,0.0,0.0,0.02185792349726776,0.01,0.02,0.006666666666666666,0.0027541155237618665,0.03278688524590164,0.03,0.04,0.011666666666666665,0.01136764668522973,0.03278688524590165,0.07,0.08,0.016166666666666666,0.02345824074730206,0.03114754098360656,0.0765,0.12,0.018416666666666668,0.02517399298361481
temporal,validation,selected:minus_intent,relevance_grade,1,multiple_entity_dimensions,True,139,113,26,0.007194244604316547,0.0,0.0,0.0,0.0,0.02877697841726619,0.024336283185840708,0.035398230088495575,0.013274336283185839,0.01264011063167655,0.03741007194244605,0.0364306784660767,0.061946902654867256,0.01902654867256637,0.017288385612399027,0.03597122302158274,0.06622418879056047,0.10619469026548672,0.024652338811630845,0.027269732282327007,0.03129496402877698,0.075,0.13274336283185842,0.02638537715971344,0.030346526465911048
temporal,test,R-B0,relevance_grade,1,query_language,EN,70,52,18,0.014285714285714285,0.0038461538461538464,0.019230769230769232,0.019230769230769232,0.008241758241758242,0.028571428571428567,0.01346153846153846,0.038461538461538464,0.02564102564102564,0.014371565107651883,0.02857142857142857,0.016666666666666666,0.057692307692307696,0.030448717948717948,0.014076364908391072,0.025714285714285717,0.016666666666666666,0.057692307692307696,0.030448717948717948,0.01406678238999948,0.029285714285714283,0.05512820512820513,0.09615384615384616,0.033104395604395605,0.023796744405572855
temporal,test,R-B0,relevance_grade,1,query_language,ID,25,20,5,0.04,0.0,0.0,0.0,0.0,0.04,0.0,0.0,0.0,0.0,0.032,0.0,0.0,0.0,0.0,0.04,0.008333333333333333,0.05,0.00625,0.0020846084753870587,0.028000000000000004,0.018333333333333333,0.1,0.010416666666666666,0.0030684347961850863
temporal,test,R-B0,relevance_grade,1,query_language,MIXED,44,38,6,0.022727272727272728,0.0,0.0,0.0,0.0,0.04545454545454545,0.0,0.0,0.0,0.0,0.03636363636363637,0.003289473684210526,0.02631578947368421,0.005263157894736842,0.004882524929721339,0.02727272727272728,0.01937134502923977,0.07894736842105263,0.013408521303258144,0.009213652428806646,0.02727272727272728,0.051535087719298246,0.10526315789473684,0.015053258145363407,0.017125650218022398
temporal,test,R-B0,relevance_grade,1,query_intent,Comparative Treatment Choice,5,5,0,0.0,0.0,0.0,0.0,0.0,0.06666666666666667,0.0,0.0,0.0,0.0,0.04,0.0,0.0,0.0,0.0,0.02,0.0,0.0,0.0,0.0,0.01,0.0,0.0,0.0,0.0
temporal,test,R-B0,relevance_grade,1,query_intent,Dosing / Administration,29,22,7,0.0,0.0,0.0,0.0,0.0,0.022988505747126436,0.0,0.0,0.0,0.0,0.041379310344827586,0.005681818181818182,0.045454545454545456,0.009090909090909092,0.008433452151336859,0.031034482758620686,0.005681818181818182,0.045454545454545456,0.009090909090909092,0.007890154093655838,0.032758620689655175,0.05113636363636364,0.09090909090909091,0.011931818181818182,0.01901063328084793
temporal,test,R-B0,relevance_grade,1,query_intent,Efficacy / Outcomes,6,1,5,0.0,0.0,0.0,0.0,0.0,0.0,0.0,0.0,0.0,0.0,0.0,0.0,0.0,0.0,0.0,0.016666666666666666,0.0,0.0,0.0,0.0,0.024999999999999998,0.0,0.0,0.0,0.0
temporal,test,R-B0,relevance_grade,1,query_intent,Guideline / Evidence Lookup,17,12,5,0.058823529411764705,0.0,0.0,0.0,0.0,0.0784313725490196,0.0,0.0,0.0,0.0,0.047058823529411764,0.0,0.0,0.0,0.0,0.023529411764705882,0.0,0.0,0.0,0.0,0.020588235294117647,0.0,0.0,0.0,0.0
temporal,test,R-B0,relevance_grade,1,query_intent,Interaction / Combination,6,6,0,0.0,0.0,0.0,0.0,0.0,0.0,0.0,0.0,0.0,0.0,0.0,0.0,0.0,0.0,0.0,0.016666666666666666,0.018518518518518517,0.16666666666666666,0.027777777777777776,0.010680790777347543,0.03333333333333333,0.2222222222222222,0.3333333333333333,0.03968253968253968,0.06267469055764555
temporal,test,R-B0,relevance_grade,1,query_intent,Management / Treatment Selection,17,13,4,0.11764705882352941,0.015384615384615385,0.07692307692307693,0.07692307692307693,0.03296703296703297,0.0784313725490196,0.015384615384615385,0.07692307692307693,0.07692307692307693,0.022204744557032256,0.058823529411764705,0.02820512820512821,0.15384615384615385,0.09615384615384616,0.02102394375998901,0.041176470588235294,0.02820512820512821,0.15384615384615385,0.09615384615384616,0.02098561368642265,0.032352941176470584,0.02820512820512821,0.15384615384615385,0.09615384615384616,0.02098561368642265
temporal,test,R-B0,relevance_grade,1,query_intent,Mechanism / Background Knowledge,7,7,0,0.0,0.0,0.0,0.0,0.0,0.0,0.0,0.0,0.0,0.0,0.05714285714285715,0.0,0.0,0.0,0.0,0.05714285714285715,0.0,0.0,0.0,0.0,0.05714285714285715,0.0,0.0,0.0,0.0
temporal,test,R-B0,relevance_grade,1,query_intent,Monitoring / Response / Risk Assessment,9,9,0,0.0,0.0,0.0,0.0,0.0,0.0,0.0,0.0,0.0,0.0,0.0,0.0,0.0,0.0,0.0,0.011111111111111112,0.05555555555555555,0.1111111111111111,0.015873015873015872,0.012494517507793202,0.01666666666666667,0.16666666666666666,0.2222222222222222,0.023280423280423276,0.04027229528557098
temporal,test,R-B0,relevance_grade,1,query_intent,Prophylaxis / Maintenance,8,6,2,0.0,0.0,0.0,0.0,0.0,0.0,0.0,0.0,0.0,0.0,0.0,0.0,0.0,0.0,0.0,0.0,0.0,0.0,0.0,0.0,0.0125,0.0,0.0,0.0,0.0
temporal,test,R-B0,relevance_grade,1,query_intent,Safety / Contraindication,19,15,4,0.0,0.0,0.0,0.0,0.0,0.03508771929824561,0.0,0.0,0.0,0.0,0.021052631578947368,0.0,0.0,0.0,0.0,0.0368421052631579,0.01111111111111111,0.06666666666666667,0.008333333333333333,0.0027794779671827447,0.02631578947368421,0.01111111111111111,0.06666666666666667,0.008333333333333333,0.0027794779671827447
temporal,test,R-B0,relevance_grade,1,query_intent,Treatment Change / Escalation,16,14,2,0.0,0.0,0.0,0.0,0.0,0.041666666666666664,0.03571428571428571,0.07142857142857142,0.023809523809523808,0.03276140759689133,0.025,0.03571428571428571,0.07142857142857142,0.023809523809523808,0.03276140759689133,0.03125,0.03571428571428571,0.07142857142857142,0.023809523809523808,0.03276140759689133,0.034375,0.049999999999999996,0.14285714285714285,0.02976190476190476,0.03416687376945994
temporal,test,R-B0,relevance_grade,1,has_context,False,73,59,14,0.0273972602739726,0.0033898305084745766,0.01694915254237288,0.01694915254237288,0.007263922518159806,0.0319634703196347,0.011864406779661016,0.03389830508474576,0.022598870056497175,0.012666464162676236,0.0273972602739726,0.014689265536723162,0.05084745762711865,0.026836158192090395,0.012406287715870096,0.031506849315068496,0.027871939736346513,0.1016949152542373,0.03420096852300242,0.01609661450884641,0.03150684931506849,0.0655367231638418,0.13559322033898305,0.03654156577885391,0.025621417876334346
temporal,test,R-B0,relevance_grade,1,has_context,True,66,51,15,0.015151515151515152,0.0,0.0,0.0,0.0,0.04040404040404041,0.0,0.0,0.0,0.0,0.03636363636363637,0.0024509803921568627,0.0196078431372549,0.00392156862745098,0.003637959751557076,0.02575757575757576,0.0024509803921568627,0.0196078431372549,0.00392156862745098,0.0034035958835378125,0.025,0.025980392156862743,0.058823529411764705,0.006781045751633987,0.00858647958028657
temporal,test,R-B0,relevance_grade,1,multiple_entity_dimensions,True,139,110,29,0.02158273381294964,0.0018181818181818182,0.00909090909090909,0.00909090909090909,0.003896103896103896,0.03597122302158273,0.006363636363636363,0.01818181818181818,0.012121212121212121,0.006793830778162709,0.031654676258992806,0.009015151515151514,0.03636363636363636,0.016212121212121212,0.008340972023324969,0.02877697841726619,0.016085858585858585,0.06363636363636363,0.020162337662337663,0.010211669509839698,0.02841726618705036,0.0471969696969697,0.1,0.022743506493506496,0.01772340102998492
temporal,test,R-E1,relevance_grade,1,query_language,EN,70,52,18,0.02857142857142857,0.003205128205128205,0.019230769230769232,0.019230769230769232,0.002747252747252747,0.033333333333333326,0.01282051282051282,0.038461538461538464,0.02564102564102564,0.010109606237687106,0.03142857142857143,0.016666666666666666,0.057692307692307696,0.029487179487179487,0.011776388904774154,0.02714285714285715,0.035897435897435895,0.07692307692307693,0.032692307692307694,0.018604277199716756,0.027142857142857146,0.05897435897435897,0.11538461538461539,0.035134310134310134,0.023468619918160773
temporal,test,R-E1,relevance_grade,1,query_language,ID,25,20,5,0.04,0.0,0.0,0.0,0.0,0.026666666666666665,0.0,0.0,0.0,0.0,0.04800000000000001,0.008333333333333333,0.05,0.01,0.0026826332323122,0.044000000000000004,0.024583333333333332,0.15,0.023333333333333334,0.012488763517518759,0.038000000000000006,0.024583333333333332,0.15,0.023333333333333334,0.012488763517518759
temporal,test,R-E1,relevance_grade,1,query_language,MIXED,44,38,6,0.022727272727272728,0.0,0.0,0.0,0.0,0.0303030303030303,0.0,0.0,0.0,0.0,0.03181818181818182,0.0062134502923976605,0.05263157894736842,0.011842105263157895,0.006098020876962305,0.029545454545454552,0.0062134502923976605,0.05263157894736842,0.011842105263157895,0.005695967884634154,0.029545454545454545,0.04861111111111111,0.10526315789473684,0.014871883656509696,0.015115081000559319
temporal,test,R-E1,relevance_grade,1,query_intent,Comparative Treatment Choice,5,5,0,0.0,0.0,0.0,0.0,0.0,0.06666666666666667,0.0,0.0,0.0,0.0,0.04,0.0,0.0,0.0,0.0,0.02,0.0,0.0,0.0,0.0,0.02,0.0,0.0,0.0,0.0
temporal,test,R-E1,relevance_grade,1,query_intent,Dosing / Administration,29,22,7,0.034482758620689655,0.0,0.0,0.0,0.0,0.022988505747126436,0.0,0.0,0.0,0.0,0.041379310344827586,0.005681818181818182,0.045454545454545456,0.011363636363636364,0.00938881682461811,0.034482758620689655,0.011363636363636364,0.09090909090909091,0.015909090909090907,0.013789668700755592,0.025862068965517244,0.056818181818181816,0.13636363636363635,0.018301435406698565,0.02430686020801737
temporal,test,R-E1,relevance_grade,1,query_intent,Efficacy / Outcomes,6,1,5,0.0,0.0,0.0,0.0,0.0,0.0,0.0,0.0,0.0,0.0,0.0,0.0,0.0,0.0,0.0,0.016666666666666666,0.0,0.0,0.0,0.0,0.025000000000000005,0.0,0.0,0.0,0.0
temporal,test,R-E1,relevance_grade,1,query_intent,Guideline / Evidence Lookup,17,12,5,0.0,0.0,0.0,0.0,0.0,0.0196078431372549,0.0,0.0,0.0,0.0,0.023529411764705882,0.0,0.0,0.0,0.0,0.029411764705882353,0.0,0.0,0.0,0.0,0.023529411764705882,0.0,0.0,0.0,0.0
temporal,test,R-E1,relevance_grade,1,query_intent,Interaction / Combination,6,6,0,0.0,0.0,0.0,0.0,0.0,0.0,0.0,0.0,0.0,0.0,0.03333333333333333,0.018518518518518517,0.16666666666666666,0.03333333333333333,0.004195137197161532,0.016666666666666666,0.018518518518518517,0.16666666666666666,0.03333333333333333,0.0038665642218393107,0.041666666666666664,0.20370370370370372,0.3333333333333333,0.04259259259259259,0.05043717348913581
temporal,test,R-E1,relevance_grade,1,query_intent,Management / Treatment Selection,17,13,4,0.17647058823529413,0.01282051282051282,0.07692307692307693,0.07692307692307693,0.010989010989010988,0.0980392156862745,0.01282051282051282,0.07692307692307693,0.07692307692307693,0.005156909077173148,0.08235294117647059,0.02820512820512821,0.15384615384615385,0.0923076923076923,0.011824039745521344,0.058823529411764705,0.04358974358974359,0.23076923076923078,0.10512820512820513,0.018544507750126043,0.0411764705882353,0.05897435897435898,0.3076923076923077,0.11062271062271065,0.01989350067262225
temporal,test,R-E1,relevance_grade,1,query_intent,Mechanism / Background Knowledge,7,7,0,0.0,0.0,0.0,0.0,0.0,0.047619047619047616,0.0,0.0,0.0,0.0,0.05714285714285715,0.0,0.0,0.0,0.0,0.05714285714285715,0.0,0.0,0.0,0.0,0.03571428571428571,0.0,0.0,0.0,0.0
temporal,test,R-E1,relevance_grade,1,query_intent,Monitoring / Response / Risk Assessment,9,9,0,0.0,0.0,0.0,0.0,0.0,0.0,0.0,0.0,0.0,0.0,0.0,0.0,0.0,0.0,0.0,0.022222222222222223,0.1111111111111111,0.1111111111111111,0.018518518518518517,0.0395785763453358,0.01666666666666667,0.16666666666666666,0.2222222222222222,0.02546296296296296,0.04874894779069762
temporal,test,R-E1,relevance_grade,1,query_intent,Prophylaxis / Maintenance,8,6,2,0.0,0.0,0.0,0.0,0.0,0.0,0.0,0.0,0.0,0.0,0.0,0.0,0.0,0.0,0.0,0.0,0.0,0.0,0.0,0.0,0.018750000000000003,0.0,0.0,0.0,0.0
temporal,test,R-E1,relevance_grade,1,query_intent,Safety / Contraindication,19,15,4,0.0,0.0,0.0,0.0,0.0,0.017543859649122806,0.0,0.0,0.0,0.0,0.03157894736842106,0.01111111111111111,0.06666666666666667,0.013333333333333334,0.0035768443097495997,0.02631578947368421,0.01111111111111111,0.06666666666666667,0.013333333333333334,0.0034084582258630857,0.03684210526315789,0.01111111111111111,0.06666666666666667,0.013333333333333334,0.0034084582258630857
temporal,test,R-E1,relevance_grade,1,query_intent,Treatment Change / Escalation,16,14,2,0.0,0.0,0.0,0.0,0.0,0.041666666666666664,0.03571428571428571,0.07142857142857142,0.023809523809523808,0.03276140759689133,0.025,0.03571428571428571,0.07142857142857142,0.023809523809523808,0.03276140759689133,0.025,0.03571428571428571,0.07142857142857142,0.023809523809523808,0.03276140759689133,0.034375,0.03571428571428571,0.07142857142857142,0.023809523809523808,0.03276140759689133
temporal,test,R-E1,relevance_grade,1,has_context,False,73,59,14,0.0410958904109589,0.002824858757062147,0.01694915254237288,0.01694915254237288,0.0024213075060532684,0.0365296803652968,0.011299435028248588,0.03389830508474576,0.022598870056497175,0.008910161429825925,0.038356164383561646,0.019397363465160074,0.0847457627118644,0.0327683615819209,0.011715181540296087,0.03424657534246575,0.039736346516007534,0.11864406779661017,0.03841807909604519,0.019157148354832565,0.034246575342465745,0.07043314500941619,0.1694915254237288,0.04162967446865752,0.02558924846677301
temporal,test,R-E1,relevance_grade,1,has_context,True,66,51,15,0.015151515151515152,0.0,0.0,0.0,0.0,0.02525252525252525,0.0,0.0,0.0,0.0,0.030303030303030304,0.0024509803921568627,0.0196078431372549,0.004901960784313725,0.004050077845913694,0.02727272727272728,0.004901960784313725,0.0392156862745098,0.006862745098039216,0.005948484537580844,0.025,0.024509803921568627,0.058823529411764705,0.007894736842105263,0.010485312246595728
temporal,test,R-E1,relevance_grade,1,multiple_entity_dimensions,True,139,110,29,0.02877697841726619,0.0015151515151515152,0.00909090909090909,0.00909090909090909,0.0012987012987012987,0.031175059952038366,0.006060606060606061,0.01818181818181818,0.012121212121212121,0.004779086585088451,0.03453237410071943,0.01154040404040404,0.05454545454545454,0.01984848484848485,0.008161360736536978,0.030935251798561155,0.02358585858585859,0.08181818181818182,0.023787878787878792,0.01303313149410677,0.029856115107913667,0.04914141414141414,0.11818181818181818,0.025988930659983294,0.018586514401054455
temporal,test,R-E2,relevance_grade,1,query_language,EN,70,52,18,0.02857142857142857,0.003205128205128205,0.019230769230769232,0.019230769230769232,0.002747252747252747,0.033333333333333326,0.01282051282051282,0.038461538461538464,0.02564102564102564,0.010109606237687106,0.02857142857142857,0.016666666666666666,0.057692307692307696,0.029487179487179487,0.011776388904774154,0.02857142857142857,0.035897435897435895,0.07692307692307693,0.032692307692307694,0.018604277199716756,0.029285714285714283,0.05897435897435897,0.11538461538461539,0.035134310134310134,0.023468619918160773
temporal,test,R-E2,relevance_grade,1,query_language,ID,25,20,5,0.04,0.0,0.0,0.0,0.0,0.026666666666666665,0.0,0.0,0.0,0.0,0.04800000000000001,0.008333333333333333,0.05,0.01,0.0026826332323122,0.04,0.018333333333333333,0.1,0.018333333333333333,0.006982497660940707,0.036000000000000004,0.018333333333333333,0.1,0.018333333333333333,0.006982497660940707
temporal,test,R-E2,relevance_grade,1,query_language,MIXED,44,38,6,0.045454545454545456,0.0,0.0,0.0,0.0,0.022727272727272728,0.0,0.0,0.0,0.0,0.02727272727272727,0.0062134502923976605,0.05263157894736842,0.011842105263157895,0.006098020876962305,0.03636363636363637,0.03252923976608187,0.07894736842105263,0.01476608187134503,0.013617809875791554,0.031818181818181815,0.04861111111111111,0.10526315789473684,0.016410818713450293,0.016948022645407266
temporal,test,R-E2,relevance_grade,1,query_intent,Comparative Treatment Choice,5,5,0,0.0,0.0,0.0,0.0,0.0,0.06666666666666667,0.0,0.0,0.0,0.0,0.04,0.0,0.0,0.0,0.0,0.04,0.0,0.0,0.0,0.0,0.030000000000000006,0.0,0.0,0.0,0.0
temporal,test,R-E2,relevance_grade,1,query_intent,Dosing / Administration,29,22,7,0.06896551724137931,0.0,0.0,0.0,0.0,0.022988505747126436,0.0,0.0,0.0,0.0,0.034482758620689655,0.005681818181818182,0.045454545454545456,0.011363636363636364,0.00938881682461811,0.03793103448275863,0.05113636363636364,0.09090909090909091,0.016414141414141412,0.022467154088592872,0.034482758620689655,0.05113636363636364,0.09090909090909091,0.016414141414141412,0.022467154088592872
temporal,test,R-E2,relevance_grade,1,query_intent,Efficacy / Outcomes,6,1,5,0.0,0.0,0.0,0.0,0.0,0.0,0.0,0.0,0.0,0.0,0.0,0.0,0.0,0.0,0.0,0.016666666666666666,0.0,0.0,0.0,0.0,0.025000000000000005,0.0,0.0,0.0,0.0
temporal,test,R-E2,relevance_grade,1,query_intent,Guideline / Evidence Lookup,17,12,5,0.0,0.0,0.0,0.0,0.0,0.0,0.0,0.0,0.0,0.0,0.011764705882352941,0.0,0.0,0.0,0.0,0.029411764705882353,0.0,0.0,0.0,0.0,0.014705882352941176,0.0,0.0,0.0,0.0
temporal,test,R-E2,relevance_grade,1,query_intent,Interaction / Combination,6,6,0,0.0,0.0,0.0,0.0,0.0,0.0,0.0,0.0,0.0,0.0,0.03333333333333333,0.018518518518518517,0.16666666666666666,0.03333333333333333,0.004195137197161532,0.016666666666666666,0.018518518518518517,0.16666666666666666,0.03333333333333333,0.0038665642218393107,0.041666666666666664,0.20370370370370372,0.3333333333333333,0.04259259259259259,0.05043717348913581
temporal,test,R-E2,relevance_grade,1,query_intent,Management / Treatment Selection,17,13,4,0.17647058823529413,0.01282051282051282,0.07692307692307693,0.07692307692307693,0.010989010989010988,0.0980392156862745,0.01282051282051282,0.07692307692307693,0.07692307692307693,0.005156909077173148,0.08235294117647059,0.02820512820512821,0.15384615384615385,0.0923076923076923,0.011824039745521344,0.058823529411764705,0.04358974358974359,0.23076923076923078,0.10512820512820513,0.018544507750126043,0.0411764705882353,0.05897435897435898,0.3076923076923077,0.11062271062271065,0.01989350067262225
temporal,test,R-E2,relevance_grade,1,query_intent,Mechanism / Background Knowledge,7,7,0,0.0,0.0,0.0,0.0,0.0,0.047619047619047616,0.0,0.0,0.0,0.0,0.05714285714285715,0.0,0.0,0.0,0.0,0.05714285714285715,0.0,0.0,0.0,0.0,0.03571428571428571,0.0,0.0,0.0,0.0
temporal,test,R-E2,relevance_grade,1,query_intent,Monitoring / Response / Risk Assessment,9,9,0,0.0,0.0,0.0,0.0,0.0,0.0,0.0,0.0,0.0,0.0,0.0,0.0,0.0,0.0,0.0,0.022222222222222223,0.1111111111111111,0.1111111111111111,0.018518518518518517,0.0395785763453358,0.01666666666666667,0.16666666666666666,0.2222222222222222,0.02546296296296296,0.04874894779069762
temporal,test,R-E2,relevance_grade,1,query_intent,Prophylaxis / Maintenance,8,6,2,0.0,0.0,0.0,0.0,0.0,0.0,0.0,0.0,0.0,0.0,0.0,0.0,0.0,0.0,0.0,0.0,0.0,0.0,0.0,0.0,0.018750000000000003,0.0,0.0,0.0,0.0
temporal,test,R-E2,relevance_grade,1,query_intent,Safety / Contraindication,19,15,4,0.0,0.0,0.0,0.0,0.0,0.017543859649122806,0.0,0.0,0.0,0.0,0.03157894736842106,0.01111111111111111,0.06666666666666667,0.013333333333333334,0.0035768443097495997,0.02631578947368421,0.01111111111111111,0.06666666666666667,0.013333333333333334,0.0034084582258630857,0.0368421052631579,0.01111111111111111,0.06666666666666667,0.013333333333333334,0.0034084582258630857
temporal,test,R-E2,relevance_grade,1,query_intent,Treatment Change / Escalation,16,14,2,0.0,0.0,0.0,0.0,0.0,0.041666666666666664,0.03571428571428571,0.07142857142857142,0.023809523809523808,0.03276140759689133,0.025,0.03571428571428571,0.07142857142857142,0.023809523809523808,0.03276140759689133,0.03125,0.03571428571428571,0.07142857142857142,0.023809523809523808,0.03276140759689133,0.037500000000000006,0.03571428571428571,0.07142857142857142,0.023809523809523808,0.03276140759689133
temporal,test,R-E2,relevance_grade,1,has_context,False,73,59,14,0.0410958904109589,0.002824858757062147,0.01694915254237288,0.01694915254237288,0.0024213075060532684,0.0365296803652968,0.011299435028248588,0.03389830508474576,0.022598870056497175,0.008910161429825925,0.038356164383561646,0.019397363465160074,0.0847457627118644,0.0327683615819209,0.011715181540296087,0.03424657534246575,0.039736346516007534,0.11864406779661017,0.03841807909604519,0.019157148354832565,0.034246575342465745,0.07043314500941619,0.1694915254237288,0.04162967446865752,0.02558924846677301
temporal,test,R-E2,relevance_grade,1,has_context,True,66,51,15,0.030303030303030304,0.0,0.0,0.0,0.0,0.0202020202020202,0.0,0.0,0.0,0.0,0.024242424242424242,0.0024509803921568627,0.0196078431372549,0.004901960784313725,0.004050077845913694,0.03181818181818182,0.022058823529411766,0.0392156862745098,0.007080610021786492,0.009691713528412612,0.02803030303030303,0.022058823529411766,0.0392156862745098,0.007080610021786492,0.009691713528412612
temporal,test,R-E2,relevance_grade,1,multiple_entity_dimensions,True,139,110,29,0.03597122302158273,0.0015151515151515152,0.00909090909090909,0.00909090909090909,0.0012987012987012987,0.02877697841726619,0.006060606060606061,0.01818181818181818,0.012121212121212121,0.004779086585088451,0.031654676258992806,0.01154040404040404,0.05454545454545454,0.01984848484848485,0.008161360736536978,0.033093525179856115,0.03154040404040404,0.08181818181818182,0.023888888888888894,0.014768628571674223,0.031294964028776975,0.0480050505050505,0.10909090909090909,0.025611471861471863,0.01821857317716955
temporal,test,R-E3,relevance_grade,1,query_language,EN,70,52,18,0.014285714285714285,0.0,0.0,0.0,0.0,0.033333333333333326,0.028846153846153848,0.038461538461538464,0.016025641025641024,0.02074546367325577,0.02,0.028846153846153848,0.038461538461538464,0.016025641025641024,0.02074546367325577,0.025714285714285717,0.05512820512820513,0.09615384615384616,0.024839743589743588,0.028900923820639707,0.027857142857142858,0.08301282051282051,0.17307692307692307,0.029744452281068142,0.03669479352948647
temporal,test,R-E3,relevance_grade,1,query_language,ID,25,20,5,0.04,0.0,0.0,0.0,0.0,0.04,0.0,0.0,0.0,0.0,0.04800000000000001,0.008333333333333333,0.05,0.0125,0.002986529308975788,0.032,0.008333333333333333,0.05,0.0125,0.0028459333167543833,0.029999999999999995,0.0475,0.2,0.02088235294117647,0.013565889688249167
temporal,test,R-E3,relevance_grade,1,query_language,MIXED,44,38,6,0.045454545454545456,0.0,0.0,0.0,0.0,0.0303030303030303,0.0,0.0,0.0,0.0,0.031818181818181815,0.0029239766081871343,0.02631578947368421,0.005263157894736842,0.0006623900837623471,0.03181818181818182,0.0062134502923976605,0.05263157894736842,0.009649122807017544,0.004816628547043102,0.034090909090909095,0.03921261487050961,0.10526315789473684,0.012419205909510617,0.014305873776498253
temporal,test,R-E3,relevance_grade,1,query_intent,Comparative Treatment Choice,5,5,0,0.2,0.0,0.0,0.0,0.0,0.06666666666666667,0.0,0.0,0.0,0.0,0.04,0.0,0.0,0.0,0.0,0.02,0.0,0.0,0.0,0.0,0.05,0.2,0.2,0.010526315789473684,0.04627564263195183
temporal,test,R-E3,relevance_grade,1,query_intent,Dosing / Administration,29,22,7,0.06896551724137931,0.0,0.0,0.0,0.0,0.022988505747126436,0.0,0.0,0.0,0.0,0.020689655172413796,0.0,0.0,0.0,0.0,0.024137931034482762,0.005681818181818182,0.045454545454545456,0.007575757575757575,0.007265113611663727,0.02758620689655173,0.032196969696969696,0.13636363636363635,0.012923351158645275,0.01803672164078911
temporal,test,R-E3,relevance_grade,1,query_intent,Efficacy / Outcomes,6,1,5,0.0,0.0,0.0,0.0,0.0,0.0,0.0,0.0,0.0,0.0,0.0,0.0,0.0,0.0,0.0,0.0,0.0,0.0,0.0,0.0,0.008333333333333333,0.0,0.0,0.0,0.0
temporal,test,R-E3,relevance_grade,1,query_intent,Guideline / Evidence Lookup,17,12,5,0.0,0.0,0.0,0.0,0.0,0.0196078431372549,0.0,0.0,0.0,0.0,0.023529411764705882,0.0,0.0,0.0,0.0,0.029411764705882353,0.0,0.0,0.0,0.0,0.023529411764705882,0.0,0.0,0.0,0.0
temporal,test,R-E3,relevance_grade,1,query_intent,Interaction / Combination,6,6,0,0.0,0.0,0.0,0.0,0.0,0.0,0.0,0.0,0.0,0.0,0.03333333333333333,0.018518518518518517,0.16666666666666666,0.03333333333333333,0.004195137197161532,0.03333333333333333,0.1851851851851852,0.3333333333333333,0.05416666666666667,0.05644404368612744,0.041666666666666664,0.20370370370370372,0.3333333333333333,0.05416666666666667,0.07393515984627565
temporal,test,R-E3,relevance_grade,1,query_intent,Management / Treatment Selection,17,13,4,0.058823529411764705,0.0,0.0,0.0,0.0,0.0784313725490196,0.0,0.0,0.0,0.0,0.047058823529411764,0.0,0.0,0.0,0.0,0.041176470588235294,0.02820512820512821,0.15384615384615385,0.02564102564102564,0.008355311606018151,0.03529411764705882,0.05897435897435898,0.3076923076923077,0.03461538461538462,0.014025182939490729
temporal,test,R-E3,relevance_grade,1,query_intent,Mechanism / Background Knowledge,7,7,0,0.0,0.0,0.0,0.0,0.0,0.047619047619047616,0.0,0.0,0.0,0.0,0.028571428571428574,0.0,0.0,0.0,0.0,0.05714285714285715,0.0,0.0,0.0,0.0,0.05714285714285714,0.07142857142857142,0.14285714285714285,0.007518796992481203,0.030321103801469098
temporal,test,R-E3,relevance_grade,1,query_intent,Monitoring / Response / Risk Assessment,9,9,0,0.0,0.0,0.0,0.0,0.0,0.037037037037037035,0.1111111111111111,0.1111111111111111,0.037037037037037035,0.05555555555555555,0.044444444444444446,0.1111111111111111,0.1111111111111111,0.037037037037037035,0.05555555555555555,0.03333333333333334,0.1111111111111111,0.1111111111111111,0.037037037037037035,0.05555555555555555,0.022222222222222223,0.1111111111111111,0.1111111111111111,0.037037037037037035,0.05555555555555555
temporal,test,R-E3,relevance_grade,1,query_intent,Prophylaxis / Maintenance,8,6,2,0.0,0.0,0.0,0.0,0.0,0.0,0.0,0.0,0.0,0.0,0.0,0.0,0.0,0.0,0.0,0.0,0.0,0.0,0.0,0.0,0.025,0.023809523809523808,0.16666666666666666,0.008771929824561403,0.004044401433107892
temporal,test,R-E3,relevance_grade,1,query_intent,Safety / Contraindication,19,15,4,0.0,0.0,0.0,0.0,0.0,0.03508771929824561,0.0,0.0,0.0,0.0,0.03157894736842106,0.01111111111111111,0.06666666666666667,0.016666666666666666,0.003982039078634384,0.02631578947368421,0.01111111111111111,0.06666666666666667,0.016666666666666666,0.003794577755672511,0.02631578947368421,0.01111111111111111,0.06666666666666667,0.016666666666666666,0.003794577755672511
temporal,test,R-E3,relevance_grade,1,query_intent,Treatment Change / Escalation,16,14,2,0.0,0.0,0.0,0.0,0.0,0.041666666666666664,0.03571428571428571,0.07142857142857142,0.03571428571428571,0.04134029364352144,0.037500000000000006,0.03571428571428571,0.07142857142857142,0.03571428571428571,0.04134029364352144,0.037500000000000006,0.03571428571428571,0.07142857142857142,0.03571428571428571,0.04134029364352144,0.034375,0.08928571428571429,0.21428571428571427,0.045410471881060115,0.04825093090807443
temporal,test,R-E3,relevance_grade,1,has_context,False,73,59,14,0.0136986301369863,0.0,0.0,0.0,0.0,0.041095890410958895,0.025423728813559324,0.03389830508474576,0.014124293785310733,0.0182841374747339,0.03561643835616438,0.030131826741996236,0.06779661016949153,0.02175141242937853,0.019723144413081102,0.03287671232876713,0.053295668549905834,0.11864406779661017,0.029519774011299436,0.02682993373456591,0.03287671232876712,0.0813290287866559,0.2033898305084746,0.034585077426290634,0.03509274518677677
temporal,test,R-E3,relevance_grade,1,has_context,True,66,51,15,0.045454545454545456,0.0,0.0,0.0,0.0,0.02525252525252525,0.0,0.0,0.0,0.0,0.021212121212121213,0.0,0.0,0.0,0.0,0.024242424242424246,0.0024509803921568627,0.0196078431372549,0.00326797385620915,0.003133970577580431,0.02727272727272728,0.03839869281045751,0.09803921568627451,0.0077601732127319445,0.012796044995791851
temporal,test,R-E3,relevance_grade,1,multiple_entity_dimensions,True,139,110,29,0.02877697841726619,0.0,0.0,0.0,0.0,0.033573141486810544,0.013636363636363636,0.01818181818181818,0.007575757575757575,0.00980694646372091,0.02877697841726619,0.01616161616161616,0.03636363636363636,0.011666666666666665,0.01057877745792532,0.02877697841726619,0.029722222222222223,0.07272727272727272,0.017348484848484846,0.015843623543599913,0.03021582733812949,0.061424963924963924,0.15454545454545454,0.02214807638182251,0.024755184189138305
temporal,test,R-E4,relevance_grade,1,query_language,EN,70,52,18,0.02857142857142857,0.0038461538461538464,0.019230769230769232,0.019230769230769232,0.008241758241758242,0.02857142857142857,0.01346153846153846,0.038461538461538464,0.02564102564102564,0.014371565107651883,0.025714285714285714,0.016666666666666666,0.057692307692307696,0.029487179487179487,0.014027843993934088,0.030000000000000002,0.05512820512820513,0.09615384615384616,0.035096153846153846,0.026936007009929826,0.02785714285714286,0.06282051282051282,0.1346153846153846,0.037310222672064776,0.027809615509408508
temporal,test,R-E4,relevance_grade,1,query_language,ID,25,20,5,0.04,0.0,0.0,0.0,0.0,0.026666666666666665,0.0,0.0,0.0,0.0,0.04800000000000001,0.008333333333333333,0.05,0.01,0.0026826332323122,0.036000000000000004,0.008333333333333333,0.05,0.01,0.002556343669397314,0.024,0.008333333333333333,0.05,0.01,0.002556343669397314
temporal,test,R-E4,relevance_grade,1,query_language,MIXED,44,38,6,0.022727272727272728,0.0,0.0,0.0,0.0,0.04545454545454545,0.0,0.0,0.0,0.0,0.03181818181818182,0.003289473684210526,0.02631578947368421,0.005263157894736842,0.004882524929721339,0.03181818181818182,0.0222953216374269,0.07894736842105263,0.013408521303258144,0.009582907391755153,0.02727272727272728,0.025219298245614034,0.07894736842105263,0.013408521303258144,0.01071828451610263
temporal,test,R-E4,relevance_grade,1,query_intent,Comparative Treatment Choice,5,5,0,0.0,0.0,0.0,0.0,0.0,0.06666666666666667,0.0,0.0,0.0,0.0,0.04,0.0,0.0,0.0,0.0,0.02,0.0,0.0,0.0,0.0,0.02,0.0,0.0,0.0,0.0
temporal,test,R-E4,relevance_grade,1,query_intent,Dosing / Administration,29,22,7,0.0,0.0,0.0,0.0,0.0,0.022988505747126436,0.0,0.0,0.0,0.0,0.027586206896551727,0.005681818181818182,0.045454545454545456,0.009090909090909092,0.008433452151336859,0.031034482758620686,0.005681818181818182,0.045454545454545456,0.009090909090909092,0.007890154093655838,0.025862068965517244,0.005681818181818182,0.045454545454545456,0.009090909090909092,0.007890154093655838
temporal,test,R-E4,relevance_grade,1,query_intent,Efficacy / Outcomes,6,1,5,0.0,0.0,0.0,0.0,0.0,0.0,0.0,0.0,0.0,0.0,0.0,0.0,0.0,0.0,0.0,0.016666666666666666,0.0,0.0,0.0,0.0,0.016666666666666666,0.0,0.0,0.0,0.0
temporal,test,R-E4,relevance_grade,1,query_intent,Guideline / Evidence Lookup,17,12,5,0.058823529411764705,0.0,0.0,0.0,0.0,0.058823529411764705,0.0,0.0,0.0,0.0,0.047058823529411764,0.0,0.0,0.0,0.0,0.029411764705882353,0.0,0.0,0.0,0.0,0.023529411764705882,0.0,0.0,0.0,0.0
temporal,test,R-E4,relevance_grade,1,query_intent,Interaction / Combination,6,6,0,0.0,0.0,0.0,0.0,0.0,0.0,0.0,0.0,0.0,0.0,0.0,0.0,0.0,0.0,0.0,0.05000000000000001,0.20370370370370372,0.3333333333333333,0.048611111111111105,0.0655968850069762,0.05000000000000001,0.25555555555555554,0.5,0.057383040935672515,0.07756518407446333
temporal,test,R-E4,relevance_grade,1,query_intent,Management / Treatment Selection,17,13,4,0.11764705882352941,0.015384615384615385,0.07692307692307693,0.07692307692307693,0.03296703296703297,0.0980392156862745,0.015384615384615385,0.07692307692307693,0.07692307692307693,0.022204744557032256,0.07058823529411766,0.02820512820512821,0.15384615384615385,0.0923076923076923,0.020829860102161084,0.047058823529411764,0.02820512820512821,0.15384615384615385,0.0923076923076923,0.0207954303281632,0.03529411764705882,0.04358974358974359,0.23076923076923078,0.09711538461538462,0.022084828658407274
temporal,test,R-E4,relevance_grade,1,query_intent,Mechanism / Background Knowledge,7,7,0,0.0,0.0,0.0,0.0,0.0,0.0,0.0,0.0,0.0,0.0,0.028571428571428574,0.0,0.0,0.0,0.0,0.042857142857142864,0.0,0.0,0.0,0.0,0.05714285714285715,0.0,0.0,0.0,0.0
temporal,test,R-E4,relevance_grade,1,query_intent,Monitoring / Response / Risk Assessment,9,9,0,0.0,0.0,0.0,0.0,0.0,0.0,0.0,0.0,0.0,0.0,0.0,0.0,0.0,0.0,0.0,0.022222222222222223,0.16666666666666666,0.2222222222222222,0.03439153439153439,0.052073093853129,0.011111111111111112,0.16666666666666666,0.2222222222222222,0.03439153439153439,0.052073093853129
temporal,test,R-E4,relevance_grade,1,query_intent,Prophylaxis / Maintenance,8,6,2,0.0,0.0,0.0,0.0,0.0,0.0,0.0,0.0,0.0,0.0,0.0,0.0,0.0,0.0,0.0,0.0,0.0,0.0,0.0,0.0,0.0125,0.0,0.0,0.0,0.0
temporal,test,R-E4,relevance_grade,1,query_intent,Safety / Contraindication,19,15,4,0.0,0.0,0.0,0.0,0.0,0.017543859649122806,0.0,0.0,0.0,0.0,0.03157894736842106,0.01111111111111111,0.06666666666666667,0.013333333333333334,0.0035768443097495997,0.031578947368421054,0.01111111111111111,0.06666666666666667,0.013333333333333334,0.0034084582258630857,0.023684210526315787,0.01111111111111111,0.06666666666666667,0.013333333333333334,0.0034084582258630857
temporal,test,R-E4,relevance_grade,1,query_intent,Treatment Change / Escalation,16,14,2,0.0625,0.0,0.0,0.0,0.0,0.041666666666666664,0.03571428571428571,0.07142857142857142,0.023809523809523808,0.03276140759689133,0.037500000000000006,0.03571428571428571,0.07142857142857142,0.023809523809523808,0.03276140759689133,0.037500000000000006,0.03571428571428571,0.07142857142857142,0.023809523809523808,0.03276140759689133,0.028125,0.03571428571428571,0.07142857142857142,0.023809523809523808,0.03276140759689133
temporal,test,R-E4,relevance_grade,1,has_context,False,73,59,14,0.0410958904109589,0.0033898305084745766,0.01694915254237288,0.01694915254237288,0.007263922518159806,0.0365296803652968,0.011864406779661016,0.03389830508474576,0.022598870056497175,0.012666464162676236,0.03287671232876712,0.017514124293785308,0.06779661016949153,0.02937853107344633,0.013272890717471467,0.036986301369863014,0.06365348399246705,0.13559322033898305,0.0395682001614205,0.027836717436111266,0.03219178082191781,0.07231638418079096,0.1694915254237288,0.041519582855443694,0.02933793731235018
temporal,test,R-E4,relevance_grade,1,has_context,True,66,51,15,0.015151515151515152,0.0,0.0,0.0,0.0,0.0303030303030303,0.0,0.0,0.0,0.0,0.03030303030303031,0.0024509803921568627,0.0196078431372549,0.00392156862745098,0.003637959751557076,0.025757575757575764,0.0024509803921568627,0.0196078431372549,0.00392156862745098,0.0034035958835378125,0.021212121212121213,0.0024509803921568627,0.0196078431372549,0.00392156862745098,0.0034035958835378125
temporal,test,R-E4,relevance_grade,1,multiple_entity_dimensions,True,139,110,29,0.02877697841726619,0.0018181818181818182,0.00909090909090909,0.00909090909090909,0.003896103896103896,0.033573141486810544,0.006363636363636363,0.01818181818181818,0.012121212121212121,0.006793830778162709,0.031654676258992806,0.010530303030303029,0.045454545454545456,0.017575757575757574,0.008805786360547522,0.031654676258992806,0.035277777777777776,0.08181818181818182,0.02304112554112554,0.016508633807190847,0.02697841726618705,0.039924242424242425,0.1,0.02408777625882889,0.017313833558991718
temporal,test,R-E5,relevance_grade,1,query_language,EN,70,52,18,0.02857142857142857,0.003205128205128205,0.019230769230769232,0.019230769230769232,0.002747252747252747,0.02857142857142857,0.01282051282051282,0.038461538461538464,0.02564102564102564,0.010109606237687106,0.03142857142857143,0.016666666666666666,0.057692307692307696,0.029487179487179487,0.011776388904774154,0.030000000000000002,0.035897435897435895,0.07692307692307693,0.032692307692307694,0.018604277199716756,0.028571428571428577,0.061721611721611724,0.1346153846153846,0.036630036630036625,0.02439947440895476
temporal,test,R-E5,relevance_grade,1,query_language,ID,25,20,5,0.04,0.0,0.0,0.0,0.0,0.026666666666666665,0.0,0.0,0.0,0.0,0.04800000000000001,0.008333333333333333,0.05,0.01,0.0026826332323122,0.044000000000000004,0.014583333333333332,0.1,0.017142857142857144,0.008905860404353677,0.038000000000000006,0.041249999999999995,0.2,0.022552213868003344,0.01832879639086332
temporal,test,R-E5,relevance_grade,1,query_language,MIXED,44,38,6,0.022727272727272728,0.0,0.0,0.0,0.0,0.0303030303030303,0.0,0.0,0.0,0.0,0.03181818181818182,0.0062134502923976605,0.05263157894736842,0.010526315789473684,0.0055449150134836865,0.02727272727272728,0.0062134502923976605,0.05263157894736842,0.010526315789473684,0.005178494089249061,0.028409090909090908,0.009137426900584795,0.05263157894736842,0.010526315789473684,0.0063138712135965384
temporal,test,R-E5,relevance_grade,1,query_intent,Comparative Treatment Choice,5,5,0,0.0,0.0,0.0,0.0,0.0,0.06666666666666667,0.0,0.0,0.0,0.0,0.04,0.0,0.0,0.0,0.0,0.02,0.0,0.0,0.0,0.0,0.02,0.0,0.0,0.0,0.0
temporal,test,R-E5,relevance_grade,1,query_intent,Dosing / Administration,29,22,7,0.034482758620689655,0.0,0.0,0.0,0.0,0.022988505747126436,0.0,0.0,0.0,0.0,0.034482758620689655,0.005681818181818182,0.045454545454545456,0.009090909090909092,0.008433452151336859,0.03793103448275861,0.011363636363636364,0.09090909090909091,0.015584415584415584,0.013662442034525258,0.027586206896551727,0.033008658008658,0.18181818181818182,0.020382395382395384,0.020232114429305365
temporal,test,R-E5,relevance_grade,1,query_intent,Efficacy / Outcomes,6,1,5,0.0,0.0,0.0,0.0,0.0,0.0,0.0,0.0,0.0,0.0,0.0,0.0,0.0,0.0,0.0,0.016666666666666666,0.0,0.0,0.0,0.0,0.016666666666666666,0.0,0.0,0.0,0.0
temporal,test,R-E5,relevance_grade,1,query_intent,Guideline / Evidence Lookup,17,12,5,0.0,0.0,0.0,0.0,0.0,0.0196078431372549,0.0,0.0,0.0,0.0,0.023529411764705882,0.0,0.0,0.0,0.0,0.023529411764705882,0.0,0.0,0.0,0.0,0.023529411764705882,0.0,0.0,0.0,0.0
temporal,test,R-E5,relevance_grade,1,query_intent,Interaction / Combination,6,6,0,0.0,0.0,0.0,0.0,0.0,0.0,0.0,0.0,0.0,0.0,0.03333333333333333,0.018518518518518517,0.16666666666666666,0.03333333333333333,0.004195137197161532,0.016666666666666666,0.018518518518518517,0.16666666666666666,0.03333333333333333,0.0038665642218393107,0.041666666666666664,0.20370370370370372,0.3333333333333333,0.04722222222222222,0.05609697841392663
temporal,test,R-E5,relevance_grade,1,query_intent,Management / Treatment Selection,17,13,4,0.11764705882352941,0.01282051282051282,0.07692307692307693,0.07692307692307693,0.010989010989010988,0.0980392156862745,0.01282051282051282,0.07692307692307693,0.07692307692307693,0.005156909077173148,0.08235294117647059,0.02820512820512821,0.15384615384615385,0.0923076923076923,0.011824039745521344,0.05294117647058823,0.02820512820512821,0.15384615384615385,0.0923076923076923,0.011735040070828514,0.04411764705882353,0.05897435897435898,0.3076923076923077,0.10185078079814923,0.01750719603221982
temporal,test,R-E5,relevance_grade,1,query_intent,Mechanism / Background Knowledge,7,7,0,0.0,0.0,0.0,0.0,0.0,0.0,0.0,0.0,0.0,0.0,0.05714285714285715,0.0,0.0,0.0,0.0,0.05714285714285715,0.0,0.0,0.0,0.0,0.03571428571428571,0.0,0.0,0.0,0.0
temporal,test,R-E5,relevance_grade,1,query_intent,Monitoring / Response / Risk Assessment,9,9,0,0.0,0.0,0.0,0.0,0.0,0.0,0.0,0.0,0.0,0.0,0.0,0.0,0.0,0.0,0.0,0.022222222222222223,0.1111111111111111,0.1111111111111111,0.018518518518518517,0.0395785763453358,0.01666666666666667,0.1111111111111111,0.1111111111111111,0.018518518518518517,0.0395785763453358
temporal,test,R-E5,relevance_grade,1,query_intent,Prophylaxis / Maintenance,8,6,2,0.0,0.0,0.0,0.0,0.0,0.0,0.0,0.0,0.0,0.0,0.0,0.0,0.0,0.0,0.0,0.0,0.0,0.0,0.0,0.0,0.018750000000000003,0.0,0.0,0.0,0.0
temporal,test,R-E5,relevance_grade,1,query_intent,Safety / Contraindication,19,15,4,0.0,0.0,0.0,0.0,0.0,0.017543859649122806,0.0,0.0,0.0,0.0,0.03157894736842106,0.01111111111111111,0.06666666666666667,0.013333333333333334,0.0035768443097495997,0.031578947368421054,0.01111111111111111,0.06666666666666667,0.013333333333333334,0.0034084582258630857,0.03684210526315789,0.01111111111111111,0.06666666666666667,0.013333333333333334,0.0034084582258630857
temporal,test,R-E5,relevance_grade,1,query_intent,Treatment Change / Escalation,16,14,2,0.0625,0.0,0.0,0.0,0.0,0.041666666666666664,0.03571428571428571,0.07142857142857142,0.023809523809523808,0.03276140759689133,0.037500000000000006,0.03571428571428571,0.07142857142857142,0.023809523809523808,0.03276140759689133,0.03125,0.03571428571428571,0.07142857142857142,0.023809523809523808,0.03276140759689133,0.034375,0.03571428571428571,0.07142857142857142,0.023809523809523808,0.03276140759689133
temporal,test,R-E5,relevance_grade,1,has_context,False,73,59,14,0.0410958904109589,0.002824858757062147,0.01694915254237288,0.01694915254237288,0.0024213075060532684,0.0365296803652968,0.011299435028248588,0.03389830508474576,0.022598870056497175,0.008910161429825925,0.038356164383561646,0.019397363465160074,0.0847457627118644,0.0327683615819209,0.011715181540296087,0.03561643835616438,0.036346516007532956,0.1016949152542373,0.03559322033898305,0.017656757171258534,0.03493150684931507,0.061958568738229754,0.15254237288135594,0.03910836413066565,0.024240155690760417
temporal,test,R-E5,relevance_grade,1,has_context,True,66,51,15,0.015151515151515152,0.0,0.0,0.0,0.0,0.0202020202020202,0.0,0.0,0.0,0.0,0.030303030303030304,0.0024509803921568627,0.0196078431372549,0.00392156862745098,0.003637959751557076,0.02727272727272728,0.004901960784313725,0.0392156862745098,0.0067226890756302525,0.005893602446265797,0.025,0.014239028944911298,0.0784313725490196,0.00879240585122938,0.008727578773425844
temporal,test,R-E5,relevance_grade,1,multiple_entity_dimensions,True,139,110,29,0.02877697841726619,0.0015151515151515152,0.00909090909090909,0.00909090909090909,0.0012987012987012987,0.028776978417266185,0.006060606060606061,0.01818181818181818,0.012121212121212121,0.004779086585088451,0.03453237410071943,0.01154040404040404,0.05454545454545454,0.019393939393939394,0.007970287801880728,0.031654676258992806,0.021767676767676766,0.07272727272727272,0.02220779220779221,0.012202930889670994,0.03021582733812949,0.03983405483405483,0.11818181818181818,0.025052783473836104,0.017047960938178022
temporal,test,R-E6,relevance_grade,1,query_language,EN,70,52,18,0.02857142857142857,0.003205128205128205,0.019230769230769232,0.019230769230769232,0.002747252747252747,0.02857142857142857,0.01282051282051282,0.038461538461538464,0.02564102564102564,0.010109606237687106,0.02857142857142857,0.016666666666666666,0.057692307692307696,0.029487179487179487,0.011776388904774154,0.030000000000000002,0.035897435897435895,0.07692307692307693,0.032692307692307694,0.018604277199716756,0.027857142857142858,0.05897435897435897,0.11538461538461539,0.03566849816849817,0.024138413015481572
temporal,test,R-E6,relevance_grade,1,query_language,ID,25,20,5,0.04,0.0,0.0,0.0,0.0,0.026666666666666665,0.0,0.0,0.0,0.0,0.04800000000000001,0.008333333333333333,0.05,0.01,0.0026826332323122,0.036000000000000004,0.008333333333333333,0.05,0.01,0.002556343669397314,0.034,0.018333333333333333,0.1,0.01263157894736842,0.005431399644679128
temporal,test,R-E6,relevance_grade,1,query_language,MIXED,44,38,6,0.045454545454545456,0.0,0.0,0.0,0.0,0.022727272727272728,0.0,0.0,0.0,0.0,0.031818181818181815,0.0062134502923976605,0.05263157894736842,0.010526315789473684,0.0055449150134836865,0.03181818181818182,0.0062134502923976605,0.05263157894736842,0.010526315789473684,0.005178494089249061,0.03295454545454545,0.03545321637426901,0.07894736842105263,0.012406015037593985,0.013049608708591683
temporal,test,R-E6,relevance_grade,1,query_intent,Comparative Treatment Choice,5,5,0,0.0,0.0,0.0,0.0,0.0,0.06666666666666667,0.0,0.0,0.0,0.0,0.04,0.0,0.0,0.0,0.0,0.02,0.0,0.0,0.0,0.0,0.030000000000000006,0.0,0.0,0.0,0.0
temporal,test,R-E6,relevance_grade,1,query_intent,Dosing / Administration,29,22,7,0.06896551724137931,0.0,0.0,0.0,0.0,0.022988505747126436,0.0,0.0,0.0,0.0,0.034482758620689655,0.005681818181818182,0.045454545454545456,0.009090909090909092,0.008433452151336859,0.03103448275862069,0.005681818181818182,0.045454545454545456,0.009090909090909092,0.007890154093655838,0.029310344827586213,0.05113636363636364,0.09090909090909091,0.01233766233766234,0.01952460976682927
temporal,test,R-E6,relevance_grade,1,query_intent,Efficacy / Outcomes,6,1,5,0.0,0.0,0.0,0.0,0.0,0.0,0.0,0.0,0.0,0.0,0.0,0.0,0.0,0.0,0.0,0.016666666666666666,0.0,0.0,0.0,0.0,0.016666666666666666,0.0,0.0,0.0,0.0
temporal,test,R-E6,relevance_grade,1,query_intent,Guideline / Evidence Lookup,17,12,5,0.0,0.0,0.0,0.0,0.0,0.0,0.0,0.0,0.0,0.0,0.011764705882352941,0.0,0.0,0.0,0.0,0.029411764705882353,0.0,0.0,0.0,0.0,0.01764705882352941,0.0,0.0,0.0,0.0
temporal,test,R-E6,relevance_grade,1,query_intent,Interaction / Combination,6,6,0,0.0,0.0,0.0,0.0,0.0,0.0,0.0,0.0,0.0,0.0,0.03333333333333333,0.018518518518518517,0.16666666666666666,0.03333333333333333,0.004195137197161532,0.016666666666666666,0.018518518518518517,0.16666666666666666,0.03333333333333333,0.0038665642218393107,0.041666666666666664,0.20370370370370372,0.3333333333333333,0.04722222222222222,0.05609697841392663
temporal,test,R-E6,relevance_grade,1,query_intent,Management / Treatment Selection,17,13,4,0.11764705882352941,0.01282051282051282,0.07692307692307693,0.07692307692307693,0.010989010989010988,0.0980392156862745,0.01282051282051282,0.07692307692307693,0.07692307692307693,0.005156909077173148,0.08235294117647059,0.02820512820512821,0.15384615384615385,0.0923076923076923,0.011824039745521344,0.05294117647058823,0.02820512820512821,0.15384615384615385,0.0923076923076923,0.011735040070828514,0.04411764705882353,0.05897435897435898,0.3076923076923077,0.10185078079814923,0.01750719603221982
temporal,test,R-E6,relevance_grade,1,query_intent,Mechanism / Background Knowledge,7,7,0,0.0,0.0,0.0,0.0,0.0,0.0,0.0,0.0,0.0,0.0,0.05714285714285715,0.0,0.0,0.0,0.0,0.05714285714285715,0.0,0.0,0.0,0.0,0.03571428571428571,0.0,0.0,0.0,0.0
temporal,test,R-E6,relevance_grade,1,query_intent,Monitoring / Response / Risk Assessment,9,9,0,0.0,0.0,0.0,0.0,0.0,0.0,0.0,0.0,0.0,0.0,0.0,0.0,0.0,0.0,0.0,0.022222222222222223,0.1111111111111111,0.1111111111111111,0.018518518518518517,0.0395785763453358,0.01666666666666667,0.1111111111111111,0.1111111111111111,0.018518518518518517,0.0395785763453358
temporal,test,R-E6,relevance_grade,1,query_intent,Prophylaxis / Maintenance,8,6,2,0.0,0.0,0.0,0.0,0.0,0.0,0.0,0.0,0.0,0.0,0.0,0.0,0.0,0.0,0.0,0.0,0.0,0.0,0.0,0.0,0.018750000000000003,0.0,0.0,0.0,0.0
temporal,test,R-E6,relevance_grade,1,query_intent,Safety / Contraindication,19,15,4,0.0,0.0,0.0,0.0,0.0,0.017543859649122806,0.0,0.0,0.0,0.0,0.03157894736842106,0.01111111111111111,0.06666666666666667,0.013333333333333334,0.0035768443097495997,0.031578947368421054,0.01111111111111111,0.06666666666666667,0.013333333333333334,0.0034084582258630857,0.034210526315789476,0.01111111111111111,0.06666666666666667,0.013333333333333334,0.0034084582258630857
temporal,test,R-E6,relevance_grade,1,query_intent,Treatment Change / Escalation,16,14,2,0.0625,0.0,0.0,0.0,0.0,0.041666666666666664,0.03571428571428571,0.07142857142857142,0.023809523809523808,0.03276140759689133,0.037500000000000006,0.03571428571428571,0.07142857142857142,0.023809523809523808,0.03276140759689133,0.037500000000000006,0.03571428571428571,0.07142857142857142,0.023809523809523808,0.03276140759689133,0.04062500000000001,0.03571428571428571,0.07142857142857142,0.023809523809523808,0.03276140759689133
temporal,test,R-E6,relevance_grade,1,has_context,False,73,59,14,0.0410958904109589,0.002824858757062147,0.01694915254237288,0.01694915254237288,0.0024213075060532684,0.0365296803652968,0.011299435028248588,0.03389830508474576,0.022598870056497175,0.008910161429825925,0.038356164383561646,0.019397363465160074,0.0847457627118644,0.0327683615819209,0.011715181540296087,0.03561643835616438,0.036346516007532956,0.1016949152542373,0.03559322033898305,0.017656757171258534,0.03493150684931507,0.061958568738229754,0.15254237288135594,0.03910836413066565,0.024240155690760417
temporal,test,R-E6,relevance_grade,1,has_context,True,66,51,15,0.030303030303030304,0.0,0.0,0.0,0.0,0.015151515151515152,0.0,0.0,0.0,0.0,0.02727272727272728,0.0024509803921568627,0.0196078431372549,0.00392156862745098,0.003637959751557076,0.02727272727272728,0.0024509803921568627,0.0196078431372549,0.00392156862745098,0.0034035958835378125,0.025757575757575757,0.022058823529411766,0.0392156862745098,0.005322128851540617,0.008422380683730274
temporal,test,R-E6,relevance_grade,1,multiple_entity_dimensions,True,139,110,29,0.03597122302158273,0.0015151515151515152,0.00909090909090909,0.00909090909090909,0.0012987012987012987,0.026378896882494,0.006060606060606061,0.01818181818181818,0.012121212121212121,0.004779086585088451,0.03309352517985612,0.01154040404040404,0.05454545454545454,0.019393939393939394,0.007970287801880728,0.031654676258992806,0.020631313131313132,0.06363636363636363,0.02090909090909091,0.01104847330149711,0.030575539568345324,0.043459595959595955,0.1,0.023443836864889493,0.016906460005682803
temporal,test,R-E7,relevance_grade,1,query_language,EN,70,52,18,0.014285714285714285,0.0,0.0,0.0,0.0,0.014285714285714285,0.0038461538461538464,0.019230769230769232,0.00641025641025641,0.002775593069629032,0.02,0.0038461538461538464,0.019230769230769232,0.00641025641025641,0.002389574075758511,0.03142857142857143,0.05897435897435897,0.11538461538461539,0.021978021978021976,0.022789530163348674,0.03142857142857142,0.05897435897435897,0.11538461538461539,0.021978021978021976,0.022789530163348674
temporal,test,R-E7,relevance_grade,1,query_language,ID,25,20,5,0.08,0.008333333333333333,0.05,0.05,0.016666666666666666,0.05333333333333333,0.008333333333333333,0.05,0.05,0.007821312100379275,0.04,0.008333333333333333,0.05,0.05,0.006934506308715421,0.036000000000000004,0.018333333333333333,0.1,0.05500000000000001,0.010199909963298856,0.032,0.026666666666666665,0.1,0.05500000000000001,0.011755504427525284
temporal,test,R-E7,relevance_grade,1,query_language,MIXED,44,38,6,0.022727272727272728,0.0,0.0,0.0,0.0,0.0303030303030303,0.003289473684210526,0.02631578947368421,0.013157894736842105,0.008998089847442747,0.040909090909090916,0.0062134502923976605,0.05263157894736842,0.018421052631578946,0.008625445264199269,0.03181818181818182,0.04861111111111111,0.10526315789473684,0.023684210526315787,0.019602325568128926,0.028409090909090915,0.05237050960735171,0.13157894736842105,0.02556390977443609,0.020308754043112102
temporal,test,R-E7,relevance_grade,1,query_intent,Comparative Treatment Choice,5,5,0,0.0,0.0,0.0,0.0,0.0,0.0,0.0,0.0,0.0,0.0,0.0,0.0,0.0,0.0,0.0,0.04,0.0,0.0,0.0,0.0,0.04,0.0,0.0,0.0,0.0
temporal,test,R-E7,relevance_grade,1,query_intent,Dosing / Administration,29,22,7,0.034482758620689655,0.0,0.0,0.0,0.0,0.022988505747126436,0.005681818181818182,0.045454545454545456,0.022727272727272728,0.01554215519103747,0.041379310344827586,0.005681818181818182,0.045454545454545456,0.022727272727272728,0.0137543680389365,0.02758620689655172,0.05113636363636364,0.09090909090909091,0.02727272727272727,0.026007597358783663,0.032758620689655175,0.05113636363636364,0.09090909090909091,0.02727272727272727,0.026007597358783663
temporal,test,R-E7,relevance_grade,1,query_intent,Efficacy / Outcomes,6,1,5,0.0,0.0,0.0,0.0,0.0,0.0,0.0,0.0,0.0,0.0,0.0,0.0,0.0,0.0,0.0,0.016666666666666666,0.0,0.0,0.0,0.0,0.025000000000000005,0.0,0.0,0.0,0.0
temporal,test,R-E7,relevance_grade,1,query_intent,Guideline / Evidence Lookup,17,12,5,0.0,0.0,0.0,0.0,0.0,0.0196078431372549,0.0,0.0,0.0,0.0,0.03529411764705883,0.0,0.0,0.0,0.0,0.029411764705882353,0.0,0.0,0.0,0.0,0.014705882352941176,0.0,0.0,0.0,0.0
temporal,test,R-E7,relevance_grade,1,query_intent,Interaction / Combination,6,6,0,0.0,0.0,0.0,0.0,0.0,0.0,0.0,0.0,0.0,0.0,0.03333333333333333,0.018518518518518517,0.16666666666666666,0.03333333333333333,0.004195137197161532,0.05000000000000001,0.20370370370370372,0.3333333333333333,0.05714285714285714,0.06808966227157642,0.03333333333333333,0.20370370370370372,0.3333333333333333,0.05714285714285714,0.06808966227157642
temporal,test,R-E7,relevance_grade,1,query_intent,Management / Treatment Selection,17,13,4,0.058823529411764705,0.0,0.0,0.0,0.0,0.058823529411764705,0.015384615384615385,0.07692307692307693,0.02564102564102564,0.011102372278516128,0.047058823529411764,0.015384615384615385,0.07692307692307693,0.02564102564102564,0.009558296303034043,0.05294117647058824,0.05897435897435898,0.3076923076923077,0.05897435897435897,0.018507417626902136,0.032352941176470584,0.05897435897435898,0.3076923076923077,0.05897435897435897,0.018507417626902136
temporal,test,R-E7,relevance_grade,1,query_intent,Mechanism / Background Knowledge,7,7,0,0.0,0.0,0.0,0.0,0.0,0.047619047619047616,0.0,0.0,0.0,0.0,0.08571428571428573,0.0,0.0,0.0,0.0,0.05714285714285715,0.0,0.0,0.0,0.0,0.04285714285714286,0.0,0.0,0.0,0.0
temporal,test,R-E7,relevance_grade,1,query_intent,Monitoring / Response / Risk Assessment,9,9,0,0.0,0.0,0.0,0.0,0.0,0.0,0.0,0.0,0.0,0.0,0.0,0.0,0.0,0.0,0.0,0.022222222222222223,0.16666666666666666,0.2222222222222222,0.02962962962962963,0.050413752945283954,0.022222222222222223,0.16666666666666666,0.2222222222222222,0.02962962962962963,0.050413752945283954
temporal,test,R-E7,relevance_grade,1,query_intent,Prophylaxis / Maintenance,8,6,2,0.0,0.0,0.0,0.0,0.0,0.0,0.0,0.0,0.0,0.0,0.0,0.0,0.0,0.0,0.0,0.0,0.0,0.0,0.0,0.0,0.018750000000000003,0.023809523809523808,0.16666666666666666,0.011904761904761904,0.0044740470082268
temporal,test,R-E7,relevance_grade,1,query_intent,Safety / Contraindication,19,15,4,0.05263157894736842,0.01111111111111111,0.06666666666666667,0.06666666666666667,0.02222222222222222,0.05263157894736842,0.01111111111111111,0.06666666666666667,0.06666666666666667,0.010428416133839035,0.03157894736842106,0.01111111111111111,0.06666666666666667,0.06666666666666667,0.009246008411620562,0.02631578947368421,0.01111111111111111,0.06666666666666667,0.06666666666666667,0.008810736699130635,0.0368421052631579,0.02222222222222222,0.06666666666666667,0.06666666666666667,0.01088486265143254
temporal,test,R-E7,relevance_grade,1,query_intent,Treatment Change / Escalation,16,14,2,0.0625,0.0,0.0,0.0,0.0,0.020833333333333332,0.0,0.0,0.0,0.0,0.0125,0.0,0.0,0.0,0.0,0.037500000000000006,0.03571428571428571,0.07142857142857142,0.011904761904761904,0.023339697691576095,0.037500000000000006,0.03571428571428571,0.07142857142857142,0.011904761904761904,0.023339697691576095
temporal,test,R-E7,relevance_grade,1,has_context,False,73,59,14,0.0410958904109589,0.002824858757062147,0.01694915254237288,0.01694915254237288,0.005649717514124294,0.0319634703196347,0.0062146892655367235,0.03389830508474576,0.022598870056497175,0.005097577654716867,0.030136986301369864,0.008097928436911487,0.05084745762711865,0.02598870056497175,0.004883369513503732,0.03561643835616438,0.07043314500941619,0.1694915254237288,0.04309927360774818,0.02647076266874181,0.030821917808219176,0.07567931127253161,0.1864406779661017,0.04430992736077482,0.0274530706574518
temporal,test,R-E7,relevance_grade,1,has_context,True,66,51,15,0.015151515151515152,0.0,0.0,0.0,0.0,0.0202020202020202,0.0024509803921568627,0.0196078431372549,0.00980392156862745,0.006704459102016164,0.030303030303030304,0.0024509803921568627,0.0196078431372549,0.00980392156862745,0.005933256801109863,0.02878787878787879,0.022058823529411766,0.0392156862745098,0.011764705882352941,0.011218963566534129,0.030303030303030304,0.022058823529411766,0.0392156862745098,0.011764705882352941,0.011218963566534129
temporal,test,R-E7,relevance_grade,1,multiple_entity_dimensions,True,139,110,29,0.02877697841726619,0.0015151515151515152,0.00909090909090909,0.00909090909090909,0.0030303030303030303,0.026378896882494,0.00446969696969697,0.02727272727272727,0.016666666666666666,0.00584258632573745,0.030215827338129497,0.00547979797979798,0.03636363636363636,0.018484848484848482,0.005370135437757484,0.03237410071942446,0.0480050505050505,0.10909090909090909,0.028571428571428574,0.019399473994081883,0.030575539568345324,0.05081890331890332,0.11818181818181818,0.029220779220779224,0.019926348278935427
temporal,test,full:complete,relevance_grade,1,query_language,EN,70,52,18,0.014285714285714285,0.0,0.0,0.0,0.0,0.014285714285714285,0.0038461538461538464,0.019230769230769232,0.00641025641025641,0.002775593069629032,0.02,0.0038461538461538464,0.019230769230769232,0.00641025641025641,0.002389574075758511,0.03142857142857143,0.05897435897435897,0.11538461538461539,0.021978021978021976,0.022789530163348674,0.03142857142857142,0.05897435897435897,0.11538461538461539,0.021978021978021976,0.022789530163348674
temporal,test,full:complete,relevance_grade,1,query_language,ID,25,20,5,0.08,0.008333333333333333,0.05,0.05,0.016666666666666666,0.05333333333333333,0.008333333333333333,0.05,0.05,0.007821312100379275,0.04,0.008333333333333333,0.05,0.05,0.006934506308715421,0.036000000000000004,0.018333333333333333,0.1,0.05500000000000001,0.010199909963298856,0.032,0.026666666666666665,0.1,0.05500000000000001,0.011755504427525284
temporal,test,full:complete,relevance_grade,1,query_language,MIXED,44,38,6,0.022727272727272728,0.0,0.0,0.0,0.0,0.0303030303030303,0.003289473684210526,0.02631578947368421,0.013157894736842105,0.008998089847442747,0.040909090909090916,0.0062134502923976605,0.05263157894736842,0.018421052631578946,0.008625445264199269,0.03181818181818182,0.04861111111111111,0.10526315789473684,0.023684210526315787,0.019602325568128926,0.028409090909090915,0.05237050960735171,0.13157894736842105,0.02556390977443609,0.020308754043112102
temporal,test,full:complete,relevance_grade,1,query_intent,Comparative Treatment Choice,5,5,0,0.0,0.0,0.0,0.0,0.0,0.0,0.0,0.0,0.0,0.0,0.0,0.0,0.0,0.0,0.0,0.04,0.0,0.0,0.0,0.0,0.04,0.0,0.0,0.0,0.0
temporal,test,full:complete,relevance_grade,1,query_intent,Dosing / Administration,29,22,7,0.034482758620689655,0.0,0.0,0.0,0.0,0.022988505747126436,0.005681818181818182,0.045454545454545456,0.022727272727272728,0.01554215519103747,0.041379310344827586,0.005681818181818182,0.045454545454545456,0.022727272727272728,0.0137543680389365,0.02758620689655172,0.05113636363636364,0.09090909090909091,0.02727272727272727,0.026007597358783663,0.032758620689655175,0.05113636363636364,0.09090909090909091,0.02727272727272727,0.026007597358783663
temporal,test,full:complete,relevance_grade,1,query_intent,Efficacy / Outcomes,6,1,5,0.0,0.0,0.0,0.0,0.0,0.0,0.0,0.0,0.0,0.0,0.0,0.0,0.0,0.0,0.0,0.016666666666666666,0.0,0.0,0.0,0.0,0.025000000000000005,0.0,0.0,0.0,0.0
temporal,test,full:complete,relevance_grade,1,query_intent,Guideline / Evidence Lookup,17,12,5,0.0,0.0,0.0,0.0,0.0,0.0196078431372549,0.0,0.0,0.0,0.0,0.03529411764705883,0.0,0.0,0.0,0.0,0.029411764705882353,0.0,0.0,0.0,0.0,0.014705882352941176,0.0,0.0,0.0,0.0
temporal,test,full:complete,relevance_grade,1,query_intent,Interaction / Combination,6,6,0,0.0,0.0,0.0,0.0,0.0,0.0,0.0,0.0,0.0,0.0,0.03333333333333333,0.018518518518518517,0.16666666666666666,0.03333333333333333,0.004195137197161532,0.05000000000000001,0.20370370370370372,0.3333333333333333,0.05714285714285714,0.06808966227157642,0.03333333333333333,0.20370370370370372,0.3333333333333333,0.05714285714285714,0.06808966227157642
temporal,test,full:complete,relevance_grade,1,query_intent,Management / Treatment Selection,17,13,4,0.058823529411764705,0.0,0.0,0.0,0.0,0.058823529411764705,0.015384615384615385,0.07692307692307693,0.02564102564102564,0.011102372278516128,0.047058823529411764,0.015384615384615385,0.07692307692307693,0.02564102564102564,0.009558296303034043,0.05294117647058824,0.05897435897435898,0.3076923076923077,0.05897435897435897,0.018507417626902136,0.032352941176470584,0.05897435897435898,0.3076923076923077,0.05897435897435897,0.018507417626902136
temporal,test,full:complete,relevance_grade,1,query_intent,Mechanism / Background Knowledge,7,7,0,0.0,0.0,0.0,0.0,0.0,0.047619047619047616,0.0,0.0,0.0,0.0,0.08571428571428573,0.0,0.0,0.0,0.0,0.05714285714285715,0.0,0.0,0.0,0.0,0.04285714285714286,0.0,0.0,0.0,0.0
temporal,test,full:complete,relevance_grade,1,query_intent,Monitoring / Response / Risk Assessment,9,9,0,0.0,0.0,0.0,0.0,0.0,0.0,0.0,0.0,0.0,0.0,0.0,0.0,0.0,0.0,0.0,0.022222222222222223,0.16666666666666666,0.2222222222222222,0.02962962962962963,0.050413752945283954,0.022222222222222223,0.16666666666666666,0.2222222222222222,0.02962962962962963,0.050413752945283954
temporal,test,full:complete,relevance_grade,1,query_intent,Prophylaxis / Maintenance,8,6,2,0.0,0.0,0.0,0.0,0.0,0.0,0.0,0.0,0.0,0.0,0.0,0.0,0.0,0.0,0.0,0.0,0.0,0.0,0.0,0.0,0.018750000000000003,0.023809523809523808,0.16666666666666666,0.011904761904761904,0.0044740470082268
temporal,test,full:complete,relevance_grade,1,query_intent,Safety / Contraindication,19,15,4,0.05263157894736842,0.01111111111111111,0.06666666666666667,0.06666666666666667,0.02222222222222222,0.05263157894736842,0.01111111111111111,0.06666666666666667,0.06666666666666667,0.010428416133839035,0.03157894736842106,0.01111111111111111,0.06666666666666667,0.06666666666666667,0.009246008411620562,0.02631578947368421,0.01111111111111111,0.06666666666666667,0.06666666666666667,0.008810736699130635,0.0368421052631579,0.02222222222222222,0.06666666666666667,0.06666666666666667,0.01088486265143254
temporal,test,full:complete,relevance_grade,1,query_intent,Treatment Change / Escalation,16,14,2,0.0625,0.0,0.0,0.0,0.0,0.020833333333333332,0.0,0.0,0.0,0.0,0.0125,0.0,0.0,0.0,0.0,0.037500000000000006,0.03571428571428571,0.07142857142857142,0.011904761904761904,0.023339697691576095,0.037500000000000006,0.03571428571428571,0.07142857142857142,0.011904761904761904,0.023339697691576095
temporal,test,full:complete,relevance_grade,1,has_context,False,73,59,14,0.0410958904109589,0.002824858757062147,0.01694915254237288,0.01694915254237288,0.005649717514124294,0.0319634703196347,0.0062146892655367235,0.03389830508474576,0.022598870056497175,0.005097577654716867,0.030136986301369864,0.008097928436911487,0.05084745762711865,0.02598870056497175,0.004883369513503732,0.03561643835616438,0.07043314500941619,0.1694915254237288,0.04309927360774818,0.02647076266874181,0.030821917808219176,0.07567931127253161,0.1864406779661017,0.04430992736077482,0.0274530706574518
temporal,test,full:complete,relevance_grade,1,has_context,True,66,51,15,0.015151515151515152,0.0,0.0,0.0,0.0,0.0202020202020202,0.0024509803921568627,0.0196078431372549,0.00980392156862745,0.006704459102016164,0.030303030303030304,0.0024509803921568627,0.0196078431372549,0.00980392156862745,0.005933256801109863,0.02878787878787879,0.022058823529411766,0.0392156862745098,0.011764705882352941,0.011218963566534129,0.030303030303030304,0.022058823529411766,0.0392156862745098,0.011764705882352941,0.011218963566534129
temporal,test,full:complete,relevance_grade,1,multiple_entity_dimensions,True,139,110,29,0.02877697841726619,0.0015151515151515152,0.00909090909090909,0.00909090909090909,0.0030303030303030303,0.026378896882494,0.00446969696969697,0.02727272727272727,0.016666666666666666,0.00584258632573745,0.030215827338129497,0.00547979797979798,0.03636363636363636,0.018484848484848482,0.005370135437757484,0.03237410071942446,0.0480050505050505,0.10909090909090909,0.028571428571428574,0.019399473994081883,0.030575539568345324,0.05081890331890332,0.11818181818181818,0.029220779220779224,0.019926348278935427
temporal,test,full:minus_bm25,relevance_grade,1,query_language,EN,70,52,18,0.0,0.0,0.0,0.0,0.0,0.009523809523809523,0.0,0.0,0.0,0.0,0.014285714285714285,0.0038461538461538464,0.019230769230769232,0.004807692307692308,0.000567455961927468,0.021428571428571432,0.007692307692307693,0.038461538461538464,0.008012820512820512,0.0022698228817518503,0.029999999999999995,0.06282051282051282,0.1346153846153846,0.014854018530489118,0.018952041113019017
temporal,test,full:minus_bm25,relevance_grade,1,query_language,ID,25,20,5,0.08,0.008333333333333333,0.05,0.05,0.016666666666666666,0.05333333333333333,0.008333333333333333,0.05,0.05,0.007821312100379275,0.04,0.008333333333333333,0.05,0.05,0.006934506308715421,0.044000000000000004,0.026666666666666665,0.1,0.05500000000000001,0.012553745765258913,0.038000000000000006,0.03666666666666667,0.1,0.05500000000000001,0.015660192063744978
temporal,test,full:minus_bm25,relevance_grade,1,query_language,MIXED,44,38,6,0.022727272727272728,0.0,0.0,0.0,0.0,0.022727272727272728,0.0029239766081871343,0.02631578947368421,0.008771929824561403,0.0010186882133083213,0.018181818181818184,0.0062134502923976605,0.05263157894736842,0.014035087719298246,0.005738651693408946,0.018181818181818184,0.036288638262322474,0.10526315789473684,0.019956140350877193,0.013834689714624985,0.029545454545454545,0.0757623224728488,0.15789473684210525,0.022803170206217294,0.025042090135157888
temporal,test,full:minus_bm25,relevance_grade,1,query_intent,Comparative Treatment Choice,5,5,0,0.0,0.0,0.0,0.0,0.0,0.0,0.0,0.0,0.0,0.0,0.0,0.0,0.0,0.0,0.0,0.02,0.0,0.0,0.0,0.0,0.04,0.0,0.0,0.0,0.0
temporal,test,full:minus_bm25,relevance_grade,1,query_intent,Dosing / Administration,29,22,7,0.034482758620689655,0.0,0.0,0.0,0.0,0.011494252873563218,0.0,0.0,0.0,0.0,0.020689655172413796,0.005681818181818182,0.045454545454545456,0.009090909090909092,0.008433452151336859,0.017241379310344827,0.005681818181818182,0.045454545454545456,0.009090909090909092,0.007890154093655838,0.029310344827586213,0.07386363636363637,0.13636363636363635,0.01400850611376927,0.027248391183667217
temporal,test,full:minus_bm25,relevance_grade,1,query_intent,Efficacy / Outcomes,6,1,5,0.0,0.0,0.0,0.0,0.0,0.0,0.0,0.0,0.0,0.0,0.03333333333333333,0.0,0.0,0.0,0.0,0.016666666666666666,0.0,0.0,0.0,0.0,0.025000000000000005,0.0,0.0,0.0,0.0
temporal,test,full:minus_bm25,relevance_grade,1,query_intent,Guideline / Evidence Lookup,17,12,5,0.0,0.0,0.0,0.0,0.0,0.0,0.0,0.0,0.0,0.0,0.0,0.0,0.0,0.0,0.0,0.011764705882352941,0.0,0.0,0.0,0.0,0.0058823529411764705,0.0,0.0,0.0,0.0
temporal,test,full:minus_bm25,relevance_grade,1,query_intent,Interaction / Combination,6,6,0,0.0,0.0,0.0,0.0,0.0,0.05555555555555555,0.018518518518518517,0.16666666666666666,0.05555555555555555,0.006451692017619369,0.03333333333333333,0.018518518518518517,0.16666666666666666,0.05555555555555555,0.005422136170021507,0.03333333333333333,0.018518518518518517,0.16666666666666666,0.05555555555555555,0.0049974617600423476,0.041666666666666664,0.1851851851851852,0.3333333333333333,0.06535947712418301,0.04496620618806426
temporal,test,full:minus_bm25,relevance_grade,1,query_intent,Management / Treatment Selection,17,13,4,0.058823529411764705,0.0,0.0,0.0,0.0,0.0392156862745098,0.0,0.0,0.0,0.0,0.03529411764705883,0.015384615384615385,0.07692307692307693,0.019230769230769232,0.002269823847709872,0.041176470588235294,0.04615384615384616,0.23076923076923078,0.03974358974358974,0.014605226048470293,0.03823529411764706,0.08974358974358974,0.3076923076923077,0.04523809523809523,0.024447939395161544
temporal,test,full:minus_bm25,relevance_grade,1,query_intent,Mechanism / Background Knowledge,7,7,0,0.0,0.0,0.0,0.0,0.0,0.047619047619047616,0.0,0.0,0.0,0.0,0.05714285714285715,0.0,0.0,0.0,0.0,0.042857142857142864,0.14285714285714285,0.14285714285714285,0.014285714285714287,0.041294975188269696,0.05714285714285714,0.21428571428571427,0.2857142857142857,0.02619047619047619,0.07670850448997003
temporal,test,full:minus_bm25,relevance_grade,1,query_intent,Monitoring / Response / Risk Assessment,9,9,0,0.0,0.0,0.0,0.0,0.0,0.0,0.0,0.0,0.0,0.0,0.0,0.0,0.0,0.0,0.0,0.011111111111111112,0.0,0.0,0.0,0.0,0.011111111111111112,0.0,0.0,0.0,0.0
temporal,test,full:minus_bm25,relevance_grade,1,query_intent,Prophylaxis / Maintenance,8,6,2,0.0,0.0,0.0,0.0,0.0,0.0,0.0,0.0,0.0,0.0,0.0,0.0,0.0,0.0,0.0,0.025,0.023809523809523808,0.16666666666666666,0.020833333333333332,0.005514203702863163,0.0375,0.023809523809523808,0.16666666666666666,0.020833333333333332,0.005514203702863163
temporal,test,full:minus_bm25,relevance_grade,1,query_intent,Safety / Contraindication,19,15,4,0.05263157894736842,0.01111111111111111,0.06666666666666667,0.06666666666666667,0.02222222222222222,0.05263157894736842,0.01111111111111111,0.06666666666666667,0.06666666666666667,0.010428416133839035,0.03157894736842106,0.01111111111111111,0.06666666666666667,0.06666666666666667,0.009246008411620562,0.02631578947368421,0.02222222222222222,0.06666666666666667,0.06666666666666667,0.01194918443507738,0.044736842105263165,0.05555555555555555,0.13333333333333333,0.07058823529411765,0.016352326014856807
temporal,test,full:minus_bm25,relevance_grade,1,query_intent,Treatment Change / Escalation,16,14,2,0.0,0.0,0.0,0.0,0.0,0.020833333333333332,0.0,0.0,0.0,0.0,0.0125,0.0,0.0,0.0,0.0,0.03125,0.0,0.0,0.0,0.0,0.03125,0.03571428571428571,0.07142857142857142,0.005952380952380952,0.01770676465085017
temporal,test,full:minus_bm25,relevance_grade,1,has_context,False,73,59,14,0.0273972602739726,0.002824858757062147,0.01694915254237288,0.01694915254237288,0.005649717514124294,0.0319634703196347,0.004708097928436912,0.03389830508474576,0.022598870056497175,0.0033073965103949444,0.0273972602739726,0.008097928436911489,0.05084745762711865,0.026836158192090395,0.0034022144612655225,0.03150684931506849,0.03707290825934894,0.11864406779661017,0.03516949152542373,0.012224415665281279,0.03493150684931507,0.080575733118106,0.1864406779661017,0.04020201300859327,0.02686097753475454
temporal,test,full:minus_bm25,relevance_grade,1,has_context,True,66,51,15,0.015151515151515152,0.0,0.0,0.0,0.0,0.0101010101010101,0.0,0.0,0.0,0.0,0.012121212121212121,0.0024509803921568627,0.0196078431372549,0.00392156862745098,0.003637959751557076,0.016666666666666666,0.0024509803921568627,0.0196078431372549,0.00392156862745098,0.0034035958835378125,0.027272727272727275,0.041666666666666664,0.0784313725490196,0.007196287527738995,0.013049249602693535
temporal,test,full:minus_bm25,relevance_grade,1,multiple_entity_dimensions,True,139,110,29,0.02158273381294964,0.0015151515151515152,0.00909090909090909,0.00909090909090909,0.0030303030303030303,0.021582733812949638,0.0025252525252525255,0.01818181818181818,0.012121212121212121,0.0017739672192118338,0.02014388489208633,0.00547979797979798,0.03636363636363636,0.016212121212121212,0.003511514550400697,0.02446043165467626,0.02102092352092352,0.07272727272727272,0.02068181818181818,0.008134762857382035,0.031294964028776975,0.06253607503607503,0.13636363636363635,0.024899358467469924,0.02045735822079898
temporal,test,full:minus_dense,relevance_grade,1,query_language,EN,70,52,18,0.0,0.0,0.0,0.0,0.0,0.014285714285714285,0.0038461538461538464,0.019230769230769232,0.00641025641025641,0.002775593069629032,0.014285714285714285,0.0038461538461538464,0.019230769230769232,0.00641025641025641,0.002389574075758511,0.03142857142857143,0.05897435897435897,0.11538461538461539,0.020909645909645908,0.021728430327886347,0.03214285714285713,0.0782051282051282,0.1346153846153846,0.02192179165863376,0.026178011350189403
temporal,test,full:minus_dense,relevance_grade,1,query_language,ID,25,20,5,0.08,0.008333333333333333,0.05,0.05,0.016666666666666666,0.05333333333333333,0.008333333333333333,0.05,0.05,0.007821312100379275,0.055999999999999994,0.008333333333333333,0.05,0.05,0.006934506308715421,0.044000000000000004,0.018333333333333333,0.1,0.05555555555555556,0.010348586587402578,0.036000000000000004,0.026666666666666665,0.1,0.05555555555555556,0.01185304354902341
temporal,test,full:minus_dense,relevance_grade,1,query_language,MIXED,44,38,6,0.045454545454545456,0.003289473684210526,0.02631578947368421,0.02631578947368421,0.02631578947368421,0.0303030303030303,0.003289473684210526,0.02631578947368421,0.02631578947368421,0.0142616349863165,0.05,0.03252923976608187,0.07894736842105263,0.03684210526315789,0.023463870968416144,0.03181818181818182,0.04568713450292398,0.10526315789473684,0.04060150375939849,0.025558142215525718,0.030681818181818185,0.07868629908103593,0.18421052631578946,0.045056720749241524,0.037555224395130024
temporal,test,full:minus_dense,relevance_grade,1,query_intent,Comparative Treatment Choice,5,5,0,0.0,0.0,0.0,0.0,0.0,0.0,0.0,0.0,0.0,0.0,0.0,0.0,0.0,0.0,0.0,0.06000000000000001,0.0,0.0,0.0,0.0,0.04,0.0,0.0,0.0,0.0
temporal,test,full:minus_dense,relevance_grade,1,query_intent,Dosing / Administration,29,22,7,0.06896551724137931,0.005681818181818182,0.045454545454545456,0.045454545454545456,0.045454545454545456,0.022988505747126436,0.005681818181818182,0.045454545454545456,0.045454545454545456,0.024633733158183044,0.041379310344827586,0.05113636363636364,0.09090909090909091,0.05454545454545454,0.039384376073492926,0.04137931034482759,0.05113636363636364,0.09090909090909091,0.05454545454545454,0.037979970967672846,0.034482758620689655,0.07386363636363637,0.13636363636363635,0.056818181818181816,0.04653038232542288
temporal,test,full:minus_dense,relevance_grade,1,query_intent,Efficacy / Outcomes,6,1,5,0.0,0.0,0.0,0.0,0.0,0.0,0.0,0.0,0.0,0.0,0.0,0.0,0.0,0.0,0.0,0.016666666666666666,0.0,0.0,0.0,0.0,0.025000000000000005,0.0,0.0,0.0,0.0
temporal,test,full:minus_dense,relevance_grade,1,query_intent,Guideline / Evidence Lookup,17,12,5,0.0,0.0,0.0,0.0,0.0,0.0196078431372549,0.0,0.0,0.0,0.0,0.03529411764705883,0.0,0.0,0.0,0.0,0.023529411764705882,0.0,0.0,0.0,0.0,0.023529411764705882,0.08333333333333333,0.08333333333333333,0.0043859649122807015,0.01928151776331326
temporal,test,full:minus_dense,relevance_grade,1,query_intent,Interaction / Combination,6,6,0,0.0,0.0,0.0,0.0,0.0,0.0,0.0,0.0,0.0,0.0,0.03333333333333333,0.018518518518518517,0.16666666666666666,0.03333333333333333,0.004195137197161532,0.03333333333333333,0.1851851851851852,0.3333333333333333,0.05185185185185185,0.05403823016583618,0.03333333333333333,0.20370370370370372,0.3333333333333333,0.05185185185185185,0.061913716211683845
temporal,test,full:minus_dense,relevance_grade,1,query_intent,Management / Treatment Selection,17,13,4,0.058823529411764705,0.0,0.0,0.0,0.0,0.058823529411764705,0.015384615384615385,0.07692307692307693,0.02564102564102564,0.011102372278516128,0.047058823529411764,0.015384615384615385,0.07692307692307693,0.02564102564102564,0.009558296303034043,0.047058823529411764,0.05897435897435898,0.3076923076923077,0.05982905982905983,0.018736150894754017,0.03529411764705882,0.09743589743589744,0.38461538461538464,0.06387764282501124,0.029649143345984338
temporal,test,full:minus_dense,relevance_grade,1,query_intent,Mechanism / Background Knowledge,7,7,0,0.0,0.0,0.0,0.0,0.0,0.047619047619047616,0.0,0.0,0.0,0.0,0.08571428571428573,0.0,0.0,0.0,0.0,0.05714285714285715,0.0,0.0,0.0,0.0,0.03571428571428571,0.0,0.0,0.0,0.0
temporal,test,full:minus_dense,relevance_grade,1,query_intent,Monitoring / Response / Risk Assessment,9,9,0,0.0,0.0,0.0,0.0,0.0,0.0,0.0,0.0,0.0,0.0,0.0,0.0,0.0,0.0,0.0,0.022222222222222223,0.16666666666666666,0.2222222222222222,0.031746031746031744,0.04953155454483024,0.03333333333333333,0.16666666666666666,0.2222222222222222,0.031746031746031744,0.04953155454483024
temporal,test,full:minus_dense,relevance_grade,1,query_intent,Prophylaxis / Maintenance,8,6,2,0.0,0.0,0.0,0.0,0.0,0.0,0.0,0.0,0.0,0.0,0.0,0.0,0.0,0.0,0.0,0.0,0.0,0.0,0.0,0.0,0.018750000000000003,0.023809523809523808,0.16666666666666666,0.011111111111111112,0.013109709135563785
temporal,test,full:minus_dense,relevance_grade,1,query_intent,Safety / Contraindication,19,15,4,0.05263157894736842,0.01111111111111111,0.06666666666666667,0.06666666666666667,0.02222222222222222,0.05263157894736842,0.01111111111111111,0.06666666666666667,0.06666666666666667,0.010428416133839035,0.042105263157894736,0.01111111111111111,0.06666666666666667,0.06666666666666667,0.009246008411620562,0.03684210526315789,0.01111111111111111,0.06666666666666667,0.06666666666666667,0.008810736699130635,0.0368421052631579,0.02222222222222222,0.06666666666666667,0.06666666666666667,0.010816679314625079
temporal,test,full:minus_dense,relevance_grade,1,query_intent,Treatment Change / Escalation,16,14,2,0.0,0.0,0.0,0.0,0.0,0.020833333333333332,0.0,0.0,0.0,0.0,0.025,0.0,0.0,0.0,0.0,0.025,0.03571428571428571,0.07142857142857142,0.011904761904761904,0.023339697691576095,0.034375,0.03571428571428571,0.07142857142857142,0.011904761904761904,0.023339697691576095
temporal,test,full:minus_dense,relevance_grade,1,has_context,False,73,59,14,0.0273972602739726,0.002824858757062147,0.01694915254237288,0.01694915254237288,0.005649717514124294,0.0319634703196347,0.0062146892655367235,0.03389830508474576,0.022598870056497175,0.005097577654716867,0.030136986301369864,0.008097928436911487,0.05084745762711865,0.02598870056497175,0.004883369513503732,0.031506849315068496,0.06854990583804142,0.1694915254237288,0.04307237019101426,0.024957629689818923,0.03013698630136986,0.07567931127253161,0.1864406779661017,0.04420231369383911,0.02760170274610511
temporal,test,full:minus_dense,relevance_grade,1,has_context,True,66,51,15,0.030303030303030304,0.0024509803921568627,0.0196078431372549,0.0196078431372549,0.0196078431372549,0.0202020202020202,0.0024509803921568627,0.0196078431372549,0.0196078431372549,0.010626316264314255,0.03636363636363636,0.022058823529411766,0.0392156862745098,0.023529411764705882,0.016989338698369497,0.03636363636363637,0.022058823529411766,0.0392156862745098,0.023529411764705882,0.016383516888015738,0.034848484848484844,0.061274509803921566,0.09803921568627451,0.02657378740970072,0.027390500513432486
temporal,test,full:minus_dense,relevance_grade,1,multiple_entity_dimensions,True,139,110,29,0.02877697841726619,0.0026515151515151512,0.01818181818181818,0.01818181818181818,0.012121212121212121,0.026378896882494,0.00446969696969697,0.02727272727272727,0.02121212121212121,0.007660901919166565,0.033093525179856115,0.01457070707070707,0.045454545454545456,0.02484848484848485,0.01049613704466877,0.033812949640287776,0.04699494949494949,0.10909090909090909,0.03401154401154401,0.020982359208982896,0.03237410071942446,0.0690007215007215,0.14545454545454545,0.03602908787119314,0.027503781710956892
temporal,test,full:minus_entities,relevance_grade,1,query_language,EN,70,52,18,0.02857142857142857,0.0038461538461538464,0.019230769230769232,0.019230769230769232,0.008241758241758242,0.019047619047619046,0.0038461538461538464,0.019230769230769232,0.019230769230769232,0.005551186139258064,0.03428571428571429,0.02692307692307692,0.057692307692307696,0.027884615384615383,0.013571103793943292,0.03285714285714286,0.055769230769230765,0.09615384615384616,0.03194444444444445,0.020891138182742207,0.03285714285714285,0.07884615384615384,0.11538461538461539,0.03331807081807082,0.02688159873358013
temporal,test,full:minus_entities,relevance_grade,1,query_language,ID,25,20,5,0.08,0.008333333333333333,0.05,0.05,0.016666666666666666,0.06666666666666667,0.008333333333333333,0.05,0.05,0.007821312100379275,0.04800000000000001,0.008333333333333333,0.05,0.05,0.006934506308715421,0.024000000000000004,0.008333333333333333,0.05,0.05,0.006608052524347976,0.027999999999999997,0.016666666666666666,0.05,0.05,0.008137011909897447
temporal,test,full:minus_entities,relevance_grade,1,query_language,MIXED,44,38,6,0.022727272727272728,0.0,0.0,0.0,0.0,0.022727272727272728,0.0,0.0,0.0,0.0,0.03636363636363637,0.016081871345029242,0.05263157894736842,0.011842105263157895,0.004171784236485696,0.034090909090909095,0.04908103592314119,0.10526315789473684,0.019517543859649124,0.014976990317217404,0.035227272727272725,0.062238930659983295,0.13157894736842105,0.021397243107769425,0.020279057090941712
temporal,test,full:minus_entities,relevance_grade,1,query_intent,Comparative Treatment Choice,5,5,0,0.0,0.0,0.0,0.0,0.0,0.06666666666666667,0.0,0.0,0.0,0.0,0.04,0.0,0.0,0.0,0.0,0.04,0.0,0.0,0.0,0.0,0.04,0.0,0.0,0.0,0.0
temporal,test,full:minus_entities,relevance_grade,1,query_intent,Dosing / Administration,29,22,7,0.034482758620689655,0.0,0.0,0.0,0.0,0.022988505747126436,0.0,0.0,0.0,0.0,0.034482758620689655,0.0,0.0,0.0,0.0,0.031034482758620686,0.045454545454545456,0.045454545454545456,0.005681818181818182,0.014339312581169487,0.02931034482758621,0.045454545454545456,0.045454545454545456,0.005681818181818182,0.014339312581169487
temporal,test,full:minus_entities,relevance_grade,1,query_intent,Efficacy / Outcomes,6,1,5,0.0,0.0,0.0,0.0,0.0,0.0,0.0,0.0,0.0,0.0,0.03333333333333333,0.0,0.0,0.0,0.0,0.016666666666666666,0.0,0.0,0.0,0.0,0.03333333333333333,0.0,0.0,0.0,0.0
temporal,test,full:minus_entities,relevance_grade,1,query_intent,Guideline / Evidence Lookup,17,12,5,0.0,0.0,0.0,0.0,0.0,0.0196078431372549,0.0,0.0,0.0,0.0,0.023529411764705882,0.0,0.0,0.0,0.0,0.011764705882352941,0.0,0.0,0.0,0.0,0.014705882352941176,0.0,0.0,0.0,0.0
temporal,test,full:minus_entities,relevance_grade,1,query_intent,Interaction / Combination,6,6,0,0.0,0.0,0.0,0.0,0.0,0.0,0.0,0.0,0.0,0.0,0.06666666666666667,0.1851851851851852,0.3333333333333333,0.08333333333333333,0.07644980023178573,0.05000000000000001,0.20370370370370372,0.3333333333333333,0.08333333333333333,0.08607892912548709,0.03333333333333333,0.20370370370370372,0.3333333333333333,0.08333333333333333,0.08607892912548709
temporal,test,full:minus_entities,relevance_grade,1,query_intent,Management / Treatment Selection,17,13,4,0.11764705882352941,0.015384615384615385,0.07692307692307693,0.07692307692307693,0.03296703296703297,0.058823529411764705,0.015384615384615385,0.07692307692307693,0.07692307692307693,0.022204744557032256,0.047058823529411764,0.03076923076923077,0.15384615384615385,0.0923076923076923,0.021155449170127547,0.023529411764705882,0.03076923076923077,0.15384615384615385,0.0923076923076923,0.021155449170127547,0.020588235294117647,0.04615384615384616,0.15384615384615385,0.0923076923076923,0.025428212541954973
temporal,test,full:minus_entities,relevance_grade,1,query_intent,Mechanism / Background Knowledge,7,7,0,0.0,0.0,0.0,0.0,0.0,0.047619047619047616,0.0,0.0,0.0,0.0,0.05714285714285715,0.0,0.0,0.0,0.0,0.07142857142857142,0.0,0.0,0.0,0.0,0.049999999999999996,0.0,0.0,0.0,0.0
temporal,test,full:minus_entities,relevance_grade,1,query_intent,Monitoring / Response / Risk Assessment,9,9,0,0.0,0.0,0.0,0.0,0.0,0.0,0.0,0.0,0.0,0.0,0.022222222222222223,0.05555555555555555,0.1111111111111111,0.022222222222222223,0.014500617518792789,0.03333333333333334,0.2222222222222222,0.3333333333333333,0.04567901234567902,0.056794149542964294,0.03333333333333333,0.2222222222222222,0.3333333333333333,0.04567901234567902,0.056794149542964294
temporal,test,full:minus_entities,relevance_grade,1,query_intent,Prophylaxis / Maintenance,8,6,2,0.0,0.0,0.0,0.0,0.0,0.0,0.0,0.0,0.0,0.0,0.0,0.0,0.0,0.0,0.0,0.0125,0.023809523809523808,0.16666666666666666,0.027777777777777776,0.006226363486644689,0.03125,0.023809523809523808,0.16666666666666666,0.027777777777777776,0.006226363486644689
temporal,test,full:minus_entities,relevance_grade,1,query_intent,Safety / Contraindication,19,15,4,0.05263157894736842,0.01111111111111111,0.06666666666666667,0.06666666666666667,0.02222222222222222,0.05263157894736842,0.01111111111111111,0.06666666666666667,0.06666666666666667,0.010428416133839035,0.05263157894736842,0.01111111111111111,0.06666666666666667,0.06666666666666667,0.009246008411620562,0.04736842105263158,0.01111111111111111,0.06666666666666667,0.06666666666666667,0.008810736699130635,0.05263157894736842,0.05555555555555555,0.13333333333333333,0.07142857142857142,0.024281251706631504
temporal,test,full:minus_entities,relevance_grade,1,query_intent,Treatment Change / Escalation,16,14,2,0.0625,0.0,0.0,0.0,0.0,0.020833333333333332,0.0,0.0,0.0,0.0,0.037500000000000006,0.0,0.0,0.0,0.0,0.03125,0.0,0.0,0.0,0.0,0.037500000000000006,0.07142857142857142,0.07142857142857142,0.00510204081632653,0.018282716057843963
temporal,test,full:minus_entities,relevance_grade,1,has_context,False,73,59,14,0.0547945205479452,0.0062146892655367235,0.03389830508474576,0.03389830508474576,0.0129136400322841,0.0319634703196347,0.0062146892655367235,0.03389830508474576,0.03389830508474576,0.007543863072017032,0.043835616438356165,0.036911487758945385,0.1016949152542373,0.04915254237288135,0.016998564821115527,0.03835616438356165,0.06663976324993273,0.15254237288135594,0.05555555555555556,0.024951881207764183,0.03561643835616438,0.09827818132902878,0.1864406779661017,0.057976863061608826,0.034164790932443595
temporal,test,full:minus_entities,relevance_grade,1,has_context,True,66,51,15,0.015151515151515152,0.0,0.0,0.0,0.0,0.02525252525252525,0.0,0.0,0.0,0.0,0.030303030303030304,0.0,0.0,0.0,0.0,0.024242424242424242,0.0196078431372549,0.0196078431372549,0.0024509803921568627,0.006185585819328014,0.029545454545454545,0.0196078431372549,0.0196078431372549,0.0024509803921568627,0.006185585819328014
temporal,test,full:minus_entities,relevance_grade,1,multiple_entity_dimensions,True,139,110,29,0.03597122302158273,0.0033333333333333335,0.01818181818181818,0.01818181818181818,0.006926406926406926,0.028776978417266185,0.0033333333333333335,0.01818181818181818,0.01818181818181818,0.004046253829536408,0.03741007194244605,0.0197979797979798,0.05454545454545454,0.026363636363636367,0.009117412040416509,0.031654676258992806,0.04483405483405484,0.09090909090909091,0.030934343434343443,0.016251144254943777,0.03273381294964029,0.06180375180375181,0.10909090909090909,0.03223304473304474,0.021192614016362733
temporal,test,full:minus_context,relevance_grade,1,query_language,EN,70,52,18,0.014285714285714285,0.0,0.0,0.0,0.0,0.023809523809523808,0.0038461538461538464,0.019230769230769232,0.00641025641025641,0.002775593069629032,0.02,0.0038461538461538464,0.019230769230769232,0.00641025641025641,0.002389574075758511,0.03142857142857143,0.05897435897435897,0.11538461538461539,0.021978021978021976,0.022789530163348674,0.029285714285714283,0.0782051282051282,0.15384615384615385,0.023901098901098903,0.026679883826584268
temporal,test,full:minus_context,relevance_grade,1,query_language,ID,25,20,5,0.08,0.008333333333333333,0.05,0.05,0.016666666666666666,0.05333333333333333,0.008333333333333333,0.05,0.05,0.007821312100379275,0.04,0.008333333333333333,0.05,0.05,0.006934506308715421,0.048,0.034999999999999996,0.15,0.06000000000000001,0.01824022488225035,0.038000000000000006,0.043333333333333335,0.15,0.06000000000000001,0.019795819346476777
temporal,test,full:minus_context,relevance_grade,1,query_language,MIXED,44,38,6,0.045454545454545456,0.0,0.0,0.0,0.0,0.04545454545454545,0.003289473684210526,0.02631578947368421,0.013157894736842105,0.008998089847442747,0.045454545454545456,0.0062134502923976605,0.05263157894736842,0.018421052631578946,0.008625445264199269,0.031818181818181815,0.0222953216374269,0.07894736842105263,0.021052631578947368,0.011995356454500297,0.029545454545454545,0.06552840434419382,0.15789473684210525,0.026504609941142447,0.025402684035554988
temporal,test,full:minus_context,relevance_grade,1,query_intent,Comparative Treatment Choice,5,5,0,0.0,0.0,0.0,0.0,0.0,0.0,0.0,0.0,0.0,0.0,0.0,0.0,0.0,0.0,0.0,0.04,0.0,0.0,0.0,0.0,0.05,0.2,0.4,0.021764705882352943,0.0719160009716549
temporal,test,full:minus_context,relevance_grade,1,query_intent,Dosing / Administration,29,22,7,0.06896551724137931,0.0,0.0,0.0,0.0,0.057471264367816084,0.005681818181818182,0.045454545454545456,0.022727272727272728,0.01554215519103747,0.04827586206896552,0.005681818181818182,0.045454545454545456,0.022727272727272728,0.0137543680389365,0.031034482758620686,0.020833333333333332,0.09090909090909091,0.02727272727272727,0.020177664270653758,0.031034482758620693,0.06628787878787878,0.13636363636363635,0.030769230769230767,0.0321162794996171
temporal,test,full:minus_context,relevance_grade,1,query_intent,Efficacy / Outcomes,6,1,5,0.0,0.0,0.0,0.0,0.0,0.0,0.0,0.0,0.0,0.0,0.0,0.0,0.0,0.0,0.0,0.016666666666666666,0.0,0.0,0.0,0.0,0.025000000000000005,0.0,0.0,0.0,0.0
temporal,test,full:minus_context,relevance_grade,1,query_intent,Guideline / Evidence Lookup,17,12,5,0.0,0.0,0.0,0.0,0.0,0.0392156862745098,0.0,0.0,0.0,0.0,0.03529411764705883,0.0,0.0,0.0,0.0,0.03529411764705882,0.0,0.0,0.0,0.0,0.026470588235294117,0.0,0.0,0.0,0.0
temporal,test,full:minus_context,relevance_grade,1,query_intent,Interaction / Combination,6,6,0,0.0,0.0,0.0,0.0,0.0,0.0,0.0,0.0,0.0,0.0,0.03333333333333333,0.018518518518518517,0.16666666666666666,0.03333333333333333,0.004195137197161532,0.05000000000000001,0.20370370370370372,0.3333333333333333,0.05714285714285714,0.06808966227157642,0.03333333333333333,0.20370370370370372,0.3333333333333333,0.05714285714285714,0.06808966227157642
temporal,test,full:minus_context,relevance_grade,1,query_intent,Management / Treatment Selection,17,13,4,0.058823529411764705,0.0,0.0,0.0,0.0,0.058823529411764705,0.015384615384615385,0.07692307692307693,0.02564102564102564,0.011102372278516128,0.047058823529411764,0.015384615384615385,0.07692307692307693,0.02564102564102564,0.009558296303034043,0.05294117647058824,0.05897435897435898,0.3076923076923077,0.05897435897435897,0.018507417626902136,0.032352941176470584,0.05897435897435898,0.3076923076923077,0.05897435897435897,0.018507417626902136
temporal,test,full:minus_context,relevance_grade,1,query_intent,Mechanism / Background Knowledge,7,7,0,0.0,0.0,0.0,0.0,0.0,0.047619047619047616,0.0,0.0,0.0,0.0,0.08571428571428573,0.0,0.0,0.0,0.0,0.05714285714285715,0.0,0.0,0.0,0.0,0.04285714285714286,0.0,0.0,0.0,0.0
temporal,test,full:minus_context,relevance_grade,1,query_intent,Monitoring / Response / Risk Assessment,9,9,0,0.0,0.0,0.0,0.0,0.0,0.0,0.0,0.0,0.0,0.0,0.0,0.0,0.0,0.0,0.0,0.022222222222222223,0.16666666666666666,0.2222222222222222,0.02962962962962963,0.050413752945283954,0.022222222222222223,0.16666666666666666,0.2222222222222222,0.02962962962962963,0.050413752945283954
temporal,test,full:minus_context,relevance_grade,1,query_intent,Prophylaxis / Maintenance,8,6,2,0.0,0.0,0.0,0.0,0.0,0.0,0.0,0.0,0.0,0.0,0.0,0.0,0.0,0.0,0.0,0.0,0.0,0.0,0.0,0.0,0.018750000000000003,0.023809523809523808,0.16666666666666666,0.011904761904761904,0.0044740470082268
temporal,test,full:minus_context,relevance_grade,1,query_intent,Safety / Contraindication,19,15,4,0.05263157894736842,0.01111111111111111,0.06666666666666667,0.06666666666666667,0.02222222222222222,0.05263157894736842,0.01111111111111111,0.06666666666666667,0.06666666666666667,0.010428416133839035,0.03157894736842106,0.01111111111111111,0.06666666666666667,0.06666666666666667,0.009246008411620562,0.031578947368421054,0.01111111111111111,0.06666666666666667,0.06666666666666667,0.008810736699130635,0.034210526315789476,0.05555555555555555,0.13333333333333333,0.07,0.015065063759665894
temporal,test,full:minus_context,relevance_grade,1,query_intent,Treatment Change / Escalation,16,14,2,0.0625,0.0,0.0,0.0,0.0,0.020833333333333332,0.0,0.0,0.0,0.0,0.0125,0.0,0.0,0.0,0.0,0.037500000000000006,0.03571428571428571,0.07142857142857142,0.011904761904761904,0.023339697691576095,0.03125,0.03571428571428571,0.07142857142857142,0.011904761904761904,0.023339697691576095
temporal,test,full:minus_context,relevance_grade,1,has_context,False,73,59,14,0.0410958904109589,0.002824858757062147,0.01694915254237288,0.01694915254237288,0.005649717514124294,0.0319634703196347,0.0062146892655367235,0.03389830508474576,0.022598870056497175,0.005097577654716867,0.030136986301369864,0.008097928436911487,0.05084745762711865,0.02598870056497175,0.004883369513503732,0.03561643835616438,0.07043314500941619,0.1694915254237288,0.04309927360774818,0.02647076266874181,0.030821917808219176,0.07567931127253161,0.1864406779661017,0.04430992736077482,0.0274530706574518
temporal,test,full:minus_context,relevance_grade,1,has_context,True,66,51,15,0.030303030303030304,0.0,0.0,0.0,0.0,0.0404040404040404,0.0024509803921568627,0.0196078431372549,0.00980392156862745,0.006704459102016164,0.03333333333333333,0.0024509803921568627,0.0196078431372549,0.00980392156862745,0.005933256801109863,0.03333333333333333,0.008986928104575163,0.0392156862745098,0.011764705882352941,0.008704090469693776,0.03106060606060606,0.05800653594771241,0.11764705882352941,0.0163871883595067,0.022134140597516686
temporal,test,full:minus_context,relevance_grade,1,multiple_entity_dimensions,True,139,110,29,0.03597122302158273,0.0015151515151515152,0.00909090909090909,0.00909090909090909,0.0030303030303030303,0.03597122302158273,0.00446969696969697,0.02727272727272727,0.016666666666666666,0.00584258632573745,0.031654676258992806,0.00547979797979798,0.03636363636363636,0.018484848484848482,0.005370135437757484,0.034532374100719423,0.041944444444444444,0.10909090909090909,0.028571428571428574,0.018233487376455904,0.030935251798561145,0.06748556998556998,0.15454545454545454,0.0313639301874596,0.024987021266027337
temporal,test,full:minus_intent,relevance_grade,1,query_language,EN,70,52,18,0.02857142857142857,0.003205128205128205,0.019230769230769232,0.019230769230769232,0.002747252747252747,0.02857142857142857,0.01282051282051282,0.038461538461538464,0.02564102564102564,0.010109606237687106,0.02857142857142857,0.016666666666666666,0.057692307692307696,0.029487179487179487,0.011776388904774154,0.030000000000000002,0.035897435897435895,0.07692307692307693,0.032692307692307694,0.018604277199716756,0.027857142857142858,0.05897435897435897,0.11538461538461539,0.03566849816849817,0.024138413015481572
temporal,test,full:minus_intent,relevance_grade,1,query_language,ID,25,20,5,0.04,0.0,0.0,0.0,0.0,0.026666666666666665,0.0,0.0,0.0,0.0,0.04800000000000001,0.008333333333333333,0.05,0.01,0.0026826332323122,0.036000000000000004,0.008333333333333333,0.05,0.01,0.002556343669397314,0.034,0.018333333333333333,0.1,0.01263157894736842,0.005431399644679128
temporal,test,full:minus_intent,relevance_grade,1,query_language,MIXED,44,38,6,0.045454545454545456,0.0,0.0,0.0,0.0,0.022727272727272728,0.0,0.0,0.0,0.0,0.031818181818181815,0.0062134502923976605,0.05263157894736842,0.010526315789473684,0.0055449150134836865,0.03181818181818182,0.0062134502923976605,0.05263157894736842,0.010526315789473684,0.005178494089249061,0.03295454545454545,0.03545321637426901,0.07894736842105263,0.012406015037593985,0.013049608708591683
temporal,test,full:minus_intent,relevance_grade,1,query_intent,Comparative Treatment Choice,5,5,0,0.0,0.0,0.0,0.0,0.0,0.06666666666666667,0.0,0.0,0.0,0.0,0.04,0.0,0.0,0.0,0.0,0.02,0.0,0.0,0.0,0.0,0.030000000000000006,0.0,0.0,0.0,0.0
temporal,test,full:minus_intent,relevance_grade,1,query_intent,Dosing / Administration,29,22,7,0.06896551724137931,0.0,0.0,0.0,0.0,0.022988505747126436,0.0,0.0,0.0,0.0,0.034482758620689655,0.005681818181818182,0.045454545454545456,0.009090909090909092,0.008433452151336859,0.03103448275862069,0.005681818181818182,0.045454545454545456,0.009090909090909092,0.007890154093655838,0.029310344827586213,0.05113636363636364,0.09090909090909091,0.01233766233766234,0.01952460976682927
temporal,test,full:minus_intent,relevance_grade,1,query_intent,Efficacy / Outcomes,6,1,5,0.0,0.0,0.0,0.0,0.0,0.0,0.0,0.0,0.0,0.0,0.0,0.0,0.0,0.0,0.0,0.016666666666666666,0.0,0.0,0.0,0.0,0.016666666666666666,0.0,0.0,0.0,0.0
temporal,test,full:minus_intent,relevance_grade,1,query_intent,Guideline / Evidence Lookup,17,12,5,0.0,0.0,0.0,0.0,0.0,0.0,0.0,0.0,0.0,0.0,0.011764705882352941,0.0,0.0,0.0,0.0,0.029411764705882353,0.0,0.0,0.0,0.0,0.01764705882352941,0.0,0.0,0.0,0.0
temporal,test,full:minus_intent,relevance_grade,1,query_intent,Interaction / Combination,6,6,0,0.0,0.0,0.0,0.0,0.0,0.0,0.0,0.0,0.0,0.0,0.03333333333333333,0.018518518518518517,0.16666666666666666,0.03333333333333333,0.004195137197161532,0.016666666666666666,0.018518518518518517,0.16666666666666666,0.03333333333333333,0.0038665642218393107,0.041666666666666664,0.20370370370370372,0.3333333333333333,0.04722222222222222,0.05609697841392663
temporal,test,full:minus_intent,relevance_grade,1,query_intent,Management / Treatment Selection,17,13,4,0.11764705882352941,0.01282051282051282,0.07692307692307693,0.07692307692307693,0.010989010989010988,0.0980392156862745,0.01282051282051282,0.07692307692307693,0.07692307692307693,0.005156909077173148,0.08235294117647059,0.02820512820512821,0.15384615384615385,0.0923076923076923,0.011824039745521344,0.05294117647058823,0.02820512820512821,0.15384615384615385,0.0923076923076923,0.011735040070828514,0.04411764705882353,0.05897435897435898,0.3076923076923077,0.10185078079814923,0.01750719603221982
temporal,test,full:minus_intent,relevance_grade,1,query_intent,Mechanism / Background Knowledge,7,7,0,0.0,0.0,0.0,0.0,0.0,0.0,0.0,0.0,0.0,0.0,0.05714285714285715,0.0,0.0,0.0,0.0,0.05714285714285715,0.0,0.0,0.0,0.0,0.03571428571428571,0.0,0.0,0.0,0.0
temporal,test,full:minus_intent,relevance_grade,1,query_intent,Monitoring / Response / Risk Assessment,9,9,0,0.0,0.0,0.0,0.0,0.0,0.0,0.0,0.0,0.0,0.0,0.0,0.0,0.0,0.0,0.0,0.022222222222222223,0.1111111111111111,0.1111111111111111,0.018518518518518517,0.0395785763453358,0.01666666666666667,0.1111111111111111,0.1111111111111111,0.018518518518518517,0.0395785763453358
temporal,test,full:minus_intent,relevance_grade,1,query_intent,Prophylaxis / Maintenance,8,6,2,0.0,0.0,0.0,0.0,0.0,0.0,0.0,0.0,0.0,0.0,0.0,0.0,0.0,0.0,0.0,0.0,0.0,0.0,0.0,0.0,0.018750000000000003,0.0,0.0,0.0,0.0
temporal,test,full:minus_intent,relevance_grade,1,query_intent,Safety / Contraindication,19,15,4,0.0,0.0,0.0,0.0,0.0,0.017543859649122806,0.0,0.0,0.0,0.0,0.03157894736842106,0.01111111111111111,0.06666666666666667,0.013333333333333334,0.0035768443097495997,0.031578947368421054,0.01111111111111111,0.06666666666666667,0.013333333333333334,0.0034084582258630857,0.034210526315789476,0.01111111111111111,0.06666666666666667,0.013333333333333334,0.0034084582258630857
temporal,test,full:minus_intent,relevance_grade,1,query_intent,Treatment Change / Escalation,16,14,2,0.0625,0.0,0.0,0.0,0.0,0.041666666666666664,0.03571428571428571,0.07142857142857142,0.023809523809523808,0.03276140759689133,0.037500000000000006,0.03571428571428571,0.07142857142857142,0.023809523809523808,0.03276140759689133,0.037500000000000006,0.03571428571428571,0.07142857142857142,0.023809523809523808,0.03276140759689133,0.04062500000000001,0.03571428571428571,0.07142857142857142,0.023809523809523808,0.03276140759689133
temporal,test,full:minus_intent,relevance_grade,1,has_context,False,73,59,14,0.0410958904109589,0.002824858757062147,0.01694915254237288,0.01694915254237288,0.0024213075060532684,0.0365296803652968,0.011299435028248588,0.03389830508474576,0.022598870056497175,0.008910161429825925,0.038356164383561646,0.019397363465160074,0.0847457627118644,0.0327683615819209,0.011715181540296087,0.03561643835616438,0.036346516007532956,0.1016949152542373,0.03559322033898305,0.017656757171258534,0.03493150684931507,0.061958568738229754,0.15254237288135594,0.03910836413066565,0.024240155690760417
temporal,test,full:minus_intent,relevance_grade,1,has_context,True,66,51,15,0.030303030303030304,0.0,0.0,0.0,0.0,0.015151515151515152,0.0,0.0,0.0,0.0,0.02727272727272728,0.0024509803921568627,0.0196078431372549,0.00392156862745098,0.003637959751557076,0.02727272727272728,0.0024509803921568627,0.0196078431372549,0.00392156862745098,0.0034035958835378125,0.025757575757575757,0.022058823529411766,0.0392156862745098,0.005322128851540617,0.008422380683730274
temporal,test,full:minus_intent,relevance_grade,1,multiple_entity_dimensions,True,139,110,29,0.03597122302158273,0.0015151515151515152,0.00909090909090909,0.00909090909090909,0.0012987012987012987,0.026378896882494,0.006060606060606061,0.01818181818181818,0.012121212121212121,0.004779086585088451,0.03309352517985612,0.01154040404040404,0.05454545454545454,0.019393939393939394,0.007970287801880728,0.031654676258992806,0.020631313131313132,0.06363636363636363,0.02090909090909091,0.01104847330149711,0.030575539568345324,0.043459595959595955,0.1,0.023443836864889493,0.016906460005682803
temporal,test,selected:complete,relevance_grade,1,query_language,EN,70,52,18,0.014285714285714285,0.0,0.0,0.0,0.0,0.014285714285714285,0.0038461538461538464,0.019230769230769232,0.00641025641025641,0.002775593069629032,0.02,0.0038461538461538464,0.019230769230769232,0.00641025641025641,0.002389574075758511,0.03142857142857143,0.05897435897435897,0.11538461538461539,0.021978021978021976,0.022789530163348674,0.03142857142857142,0.05897435897435897,0.11538461538461539,0.021978021978021976,0.022789530163348674
temporal,test,selected:complete,relevance_grade,1,query_language,ID,25,20,5,0.08,0.008333333333333333,0.05,0.05,0.016666666666666666,0.05333333333333333,0.008333333333333333,0.05,0.05,0.007821312100379275,0.04,0.008333333333333333,0.05,0.05,0.006934506308715421,0.036000000000000004,0.018333333333333333,0.1,0.05500000000000001,0.010199909963298856,0.032,0.026666666666666665,0.1,0.05500000000000001,0.011755504427525284
temporal,test,selected:complete,relevance_grade,1,query_language,MIXED,44,38,6,0.022727272727272728,0.0,0.0,0.0,0.0,0.0303030303030303,0.003289473684210526,0.02631578947368421,0.013157894736842105,0.008998089847442747,0.040909090909090916,0.0062134502923976605,0.05263157894736842,0.018421052631578946,0.008625445264199269,0.03181818181818182,0.04861111111111111,0.10526315789473684,0.023684210526315787,0.019602325568128926,0.028409090909090915,0.05237050960735171,0.13157894736842105,0.02556390977443609,0.020308754043112102
temporal,test,selected:complete,relevance_grade,1,query_intent,Comparative Treatment Choice,5,5,0,0.0,0.0,0.0,0.0,0.0,0.0,0.0,0.0,0.0,0.0,0.0,0.0,0.0,0.0,0.0,0.04,0.0,0.0,0.0,0.0,0.04,0.0,0.0,0.0,0.0
temporal,test,selected:complete,relevance_grade,1,query_intent,Dosing / Administration,29,22,7,0.034482758620689655,0.0,0.0,0.0,0.0,0.022988505747126436,0.005681818181818182,0.045454545454545456,0.022727272727272728,0.01554215519103747,0.041379310344827586,0.005681818181818182,0.045454545454545456,0.022727272727272728,0.0137543680389365,0.02758620689655172,0.05113636363636364,0.09090909090909091,0.02727272727272727,0.026007597358783663,0.032758620689655175,0.05113636363636364,0.09090909090909091,0.02727272727272727,0.026007597358783663
temporal,test,selected:complete,relevance_grade,1,query_intent,Efficacy / Outcomes,6,1,5,0.0,0.0,0.0,0.0,0.0,0.0,0.0,0.0,0.0,0.0,0.0,0.0,0.0,0.0,0.0,0.016666666666666666,0.0,0.0,0.0,0.0,0.025000000000000005,0.0,0.0,0.0,0.0
temporal,test,selected:complete,relevance_grade,1,query_intent,Guideline / Evidence Lookup,17,12,5,0.0,0.0,0.0,0.0,0.0,0.0196078431372549,0.0,0.0,0.0,0.0,0.03529411764705883,0.0,0.0,0.0,0.0,0.029411764705882353,0.0,0.0,0.0,0.0,0.014705882352941176,0.0,0.0,0.0,0.0
temporal,test,selected:complete,relevance_grade,1,query_intent,Interaction / Combination,6,6,0,0.0,0.0,0.0,0.0,0.0,0.0,0.0,0.0,0.0,0.0,0.03333333333333333,0.018518518518518517,0.16666666666666666,0.03333333333333333,0.004195137197161532,0.05000000000000001,0.20370370370370372,0.3333333333333333,0.05714285714285714,0.06808966227157642,0.03333333333333333,0.20370370370370372,0.3333333333333333,0.05714285714285714,0.06808966227157642
temporal,test,selected:complete,relevance_grade,1,query_intent,Management / Treatment Selection,17,13,4,0.058823529411764705,0.0,0.0,0.0,0.0,0.058823529411764705,0.015384615384615385,0.07692307692307693,0.02564102564102564,0.011102372278516128,0.047058823529411764,0.015384615384615385,0.07692307692307693,0.02564102564102564,0.009558296303034043,0.05294117647058824,0.05897435897435898,0.3076923076923077,0.05897435897435897,0.018507417626902136,0.032352941176470584,0.05897435897435898,0.3076923076923077,0.05897435897435897,0.018507417626902136
temporal,test,selected:complete,relevance_grade,1,query_intent,Mechanism / Background Knowledge,7,7,0,0.0,0.0,0.0,0.0,0.0,0.047619047619047616,0.0,0.0,0.0,0.0,0.08571428571428573,0.0,0.0,0.0,0.0,0.05714285714285715,0.0,0.0,0.0,0.0,0.04285714285714286,0.0,0.0,0.0,0.0
temporal,test,selected:complete,relevance_grade,1,query_intent,Monitoring / Response / Risk Assessment,9,9,0,0.0,0.0,0.0,0.0,0.0,0.0,0.0,0.0,0.0,0.0,0.0,0.0,0.0,0.0,0.0,0.022222222222222223,0.16666666666666666,0.2222222222222222,0.02962962962962963,0.050413752945283954,0.022222222222222223,0.16666666666666666,0.2222222222222222,0.02962962962962963,0.050413752945283954
temporal,test,selected:complete,relevance_grade,1,query_intent,Prophylaxis / Maintenance,8,6,2,0.0,0.0,0.0,0.0,0.0,0.0,0.0,0.0,0.0,0.0,0.0,0.0,0.0,0.0,0.0,0.0,0.0,0.0,0.0,0.0,0.018750000000000003,0.023809523809523808,0.16666666666666666,0.011904761904761904,0.0044740470082268
temporal,test,selected:complete,relevance_grade,1,query_intent,Safety / Contraindication,19,15,4,0.05263157894736842,0.01111111111111111,0.06666666666666667,0.06666666666666667,0.02222222222222222,0.05263157894736842,0.01111111111111111,0.06666666666666667,0.06666666666666667,0.010428416133839035,0.03157894736842106,0.01111111111111111,0.06666666666666667,0.06666666666666667,0.009246008411620562,0.02631578947368421,0.01111111111111111,0.06666666666666667,0.06666666666666667,0.008810736699130635,0.0368421052631579,0.02222222222222222,0.06666666666666667,0.06666666666666667,0.01088486265143254
temporal,test,selected:complete,relevance_grade,1,query_intent,Treatment Change / Escalation,16,14,2,0.0625,0.0,0.0,0.0,0.0,0.020833333333333332,0.0,0.0,0.0,0.0,0.0125,0.0,0.0,0.0,0.0,0.037500000000000006,0.03571428571428571,0.07142857142857142,0.011904761904761904,0.023339697691576095,0.037500000000000006,0.03571428571428571,0.07142857142857142,0.011904761904761904,0.023339697691576095
temporal,test,selected:complete,relevance_grade,1,has_context,False,73,59,14,0.0410958904109589,0.002824858757062147,0.01694915254237288,0.01694915254237288,0.005649717514124294,0.0319634703196347,0.0062146892655367235,0.03389830508474576,0.022598870056497175,0.005097577654716867,0.030136986301369864,0.008097928436911487,0.05084745762711865,0.02598870056497175,0.004883369513503732,0.03561643835616438,0.07043314500941619,0.1694915254237288,0.04309927360774818,0.02647076266874181,0.030821917808219176,0.07567931127253161,0.1864406779661017,0.04430992736077482,0.0274530706574518
temporal,test,selected:complete,relevance_grade,1,has_context,True,66,51,15,0.015151515151515152,0.0,0.0,0.0,0.0,0.0202020202020202,0.0024509803921568627,0.0196078431372549,0.00980392156862745,0.006704459102016164,0.030303030303030304,0.0024509803921568627,0.0196078431372549,0.00980392156862745,0.005933256801109863,0.02878787878787879,0.022058823529411766,0.0392156862745098,0.011764705882352941,0.011218963566534129,0.030303030303030304,0.022058823529411766,0.0392156862745098,0.011764705882352941,0.011218963566534129
temporal,test,selected:complete,relevance_grade,1,multiple_entity_dimensions,True,139,110,29,0.02877697841726619,0.0015151515151515152,0.00909090909090909,0.00909090909090909,0.0030303030303030303,0.026378896882494,0.00446969696969697,0.02727272727272727,0.016666666666666666,0.00584258632573745,0.030215827338129497,0.00547979797979798,0.03636363636363636,0.018484848484848482,0.005370135437757484,0.03237410071942446,0.0480050505050505,0.10909090909090909,0.028571428571428574,0.019399473994081883,0.030575539568345324,0.05081890331890332,0.11818181818181818,0.029220779220779224,0.019926348278935427
temporal,test,selected:minus_bm25,relevance_grade,1,query_language,EN,70,52,18,0.0,0.0,0.0,0.0,0.0,0.009523809523809523,0.0,0.0,0.0,0.0,0.014285714285714285,0.0038461538461538464,0.019230769230769232,0.004807692307692308,0.000567455961927468,0.021428571428571432,0.007692307692307693,0.038461538461538464,0.008012820512820512,0.0022698228817518503,0.029999999999999995,0.06282051282051282,0.1346153846153846,0.014854018530489118,0.018952041113019017
temporal,test,selected:minus_bm25,relevance_grade,1,query_language,ID,25,20,5,0.08,0.008333333333333333,0.05,0.05,0.016666666666666666,0.05333333333333333,0.008333333333333333,0.05,0.05,0.007821312100379275,0.04,0.008333333333333333,0.05,0.05,0.006934506308715421,0.044000000000000004,0.026666666666666665,0.1,0.05500000000000001,0.012553745765258913,0.038000000000000006,0.03666666666666667,0.1,0.05500000000000001,0.015660192063744978
temporal,test,selected:minus_bm25,relevance_grade,1,query_language,MIXED,44,38,6,0.022727272727272728,0.0,0.0,0.0,0.0,0.022727272727272728,0.0029239766081871343,0.02631578947368421,0.008771929824561403,0.0010186882133083213,0.018181818181818184,0.0062134502923976605,0.05263157894736842,0.014035087719298246,0.005738651693408946,0.018181818181818184,0.036288638262322474,0.10526315789473684,0.019956140350877193,0.013834689714624985,0.029545454545454545,0.0757623224728488,0.15789473684210525,0.022803170206217294,0.025042090135157888
temporal,test,selected:minus_bm25,relevance_grade,1,query_intent,Comparative Treatment Choice,5,5,0,0.0,0.0,0.0,0.0,0.0,0.0,0.0,0.0,0.0,0.0,0.0,0.0,0.0,0.0,0.0,0.02,0.0,0.0,0.0,0.0,0.04,0.0,0.0,0.0,0.0
temporal,test,selected:minus_bm25,relevance_grade,1,query_intent,Dosing / Administration,29,22,7,0.034482758620689655,0.0,0.0,0.0,0.0,0.011494252873563218,0.0,0.0,0.0,0.0,0.020689655172413796,0.005681818181818182,0.045454545454545456,0.009090909090909092,0.008433452151336859,0.017241379310344827,0.005681818181818182,0.045454545454545456,0.009090909090909092,0.007890154093655838,0.029310344827586213,0.07386363636363637,0.13636363636363635,0.01400850611376927,0.027248391183667217
temporal,test,selected:minus_bm25,relevance_grade,1,query_intent,Efficacy / Outcomes,6,1,5,0.0,0.0,0.0,0.0,0.0,0.0,0.0,0.0,0.0,0.0,0.03333333333333333,0.0,0.0,0.0,0.0,0.016666666666666666,0.0,0.0,0.0,0.0,0.025000000000000005,0.0,0.0,0.0,0.0
temporal,test,selected:minus_bm25,relevance_grade,1,query_intent,Guideline / Evidence Lookup,17,12,5,0.0,0.0,0.0,0.0,0.0,0.0,0.0,0.0,0.0,0.0,0.0,0.0,0.0,0.0,0.0,0.011764705882352941,0.0,0.0,0.0,0.0,0.0058823529411764705,0.0,0.0,0.0,0.0
temporal,test,selected:minus_bm25,relevance_grade,1,query_intent,Interaction / Combination,6,6,0,0.0,0.0,0.0,0.0,0.0,0.05555555555555555,0.018518518518518517,0.16666666666666666,0.05555555555555555,0.006451692017619369,0.03333333333333333,0.018518518518518517,0.16666666666666666,0.05555555555555555,0.005422136170021507,0.03333333333333333,0.018518518518518517,0.16666666666666666,0.05555555555555555,0.0049974617600423476,0.041666666666666664,0.1851851851851852,0.3333333333333333,0.06535947712418301,0.04496620618806426
temporal,test,selected:minus_bm25,relevance_grade,1,query_intent,Management / Treatment Selection,17,13,4,0.058823529411764705,0.0,0.0,0.0,0.0,0.0392156862745098,0.0,0.0,0.0,0.0,0.03529411764705883,0.015384615384615385,0.07692307692307693,0.019230769230769232,0.002269823847709872,0.041176470588235294,0.04615384615384616,0.23076923076923078,0.03974358974358974,0.014605226048470293,0.03823529411764706,0.08974358974358974,0.3076923076923077,0.04523809523809523,0.024447939395161544
temporal,test,selected:minus_bm25,relevance_grade,1,query_intent,Mechanism / Background Knowledge,7,7,0,0.0,0.0,0.0,0.0,0.0,0.047619047619047616,0.0,0.0,0.0,0.0,0.05714285714285715,0.0,0.0,0.0,0.0,0.042857142857142864,0.14285714285714285,0.14285714285714285,0.014285714285714287,0.041294975188269696,0.05714285714285714,0.21428571428571427,0.2857142857142857,0.02619047619047619,0.07670850448997003
temporal,test,selected:minus_bm25,relevance_grade,1,query_intent,Monitoring / Response / Risk Assessment,9,9,0,0.0,0.0,0.0,0.0,0.0,0.0,0.0,0.0,0.0,0.0,0.0,0.0,0.0,0.0,0.0,0.011111111111111112,0.0,0.0,0.0,0.0,0.011111111111111112,0.0,0.0,0.0,0.0
temporal,test,selected:minus_bm25,relevance_grade,1,query_intent,Prophylaxis / Maintenance,8,6,2,0.0,0.0,0.0,0.0,0.0,0.0,0.0,0.0,0.0,0.0,0.0,0.0,0.0,0.0,0.0,0.025,0.023809523809523808,0.16666666666666666,0.020833333333333332,0.005514203702863163,0.0375,0.023809523809523808,0.16666666666666666,0.020833333333333332,0.005514203702863163
temporal,test,selected:minus_bm25,relevance_grade,1,query_intent,Safety / Contraindication,19,15,4,0.05263157894736842,0.01111111111111111,0.06666666666666667,0.06666666666666667,0.02222222222222222,0.05263157894736842,0.01111111111111111,0.06666666666666667,0.06666666666666667,0.010428416133839035,0.03157894736842106,0.01111111111111111,0.06666666666666667,0.06666666666666667,0.009246008411620562,0.02631578947368421,0.02222222222222222,0.06666666666666667,0.06666666666666667,0.01194918443507738,0.044736842105263165,0.05555555555555555,0.13333333333333333,0.07058823529411765,0.016352326014856807
temporal,test,selected:minus_bm25,relevance_grade,1,query_intent,Treatment Change / Escalation,16,14,2,0.0,0.0,0.0,0.0,0.0,0.020833333333333332,0.0,0.0,0.0,0.0,0.0125,0.0,0.0,0.0,0.0,0.03125,0.0,0.0,0.0,0.0,0.03125,0.03571428571428571,0.07142857142857142,0.005952380952380952,0.01770676465085017
temporal,test,selected:minus_bm25,relevance_grade,1,has_context,False,73,59,14,0.0273972602739726,0.002824858757062147,0.01694915254237288,0.01694915254237288,0.005649717514124294,0.0319634703196347,0.004708097928436912,0.03389830508474576,0.022598870056497175,0.0033073965103949444,0.0273972602739726,0.008097928436911489,0.05084745762711865,0.026836158192090395,0.0034022144612655225,0.03150684931506849,0.03707290825934894,0.11864406779661017,0.03516949152542373,0.012224415665281279,0.03493150684931507,0.080575733118106,0.1864406779661017,0.04020201300859327,0.02686097753475454
temporal,test,selected:minus_bm25,relevance_grade,1,has_context,True,66,51,15,0.015151515151515152,0.0,0.0,0.0,0.0,0.0101010101010101,0.0,0.0,0.0,0.0,0.012121212121212121,0.0024509803921568627,0.0196078431372549,0.00392156862745098,0.003637959751557076,0.016666666666666666,0.0024509803921568627,0.0196078431372549,0.00392156862745098,0.0034035958835378125,0.027272727272727275,0.041666666666666664,0.0784313725490196,0.007196287527738995,0.013049249602693535
temporal,test,selected:minus_bm25,relevance_grade,1,multiple_entity_dimensions,True,139,110,29,0.02158273381294964,0.0015151515151515152,0.00909090909090909,0.00909090909090909,0.0030303030303030303,0.021582733812949638,0.0025252525252525255,0.01818181818181818,0.012121212121212121,0.0017739672192118338,0.02014388489208633,0.00547979797979798,0.03636363636363636,0.016212121212121212,0.003511514550400697,0.02446043165467626,0.02102092352092352,0.07272727272727272,0.02068181818181818,0.008134762857382035,0.031294964028776975,0.06253607503607503,0.13636363636363635,0.024899358467469924,0.02045735822079898
temporal,test,selected:minus_dense,relevance_grade,1,query_language,EN,70,52,18,0.0,0.0,0.0,0.0,0.0,0.014285714285714285,0.0038461538461538464,0.019230769230769232,0.00641025641025641,0.002775593069629032,0.014285714285714285,0.0038461538461538464,0.019230769230769232,0.00641025641025641,0.002389574075758511,0.03142857142857143,0.05897435897435897,0.11538461538461539,0.020909645909645908,0.021728430327886347,0.03214285714285713,0.0782051282051282,0.1346153846153846,0.02192179165863376,0.026178011350189403
temporal,test,selected:minus_dense,relevance_grade,1,query_language,ID,25,20,5,0.08,0.008333333333333333,0.05,0.05,0.016666666666666666,0.05333333333333333,0.008333333333333333,0.05,0.05,0.007821312100379275,0.055999999999999994,0.008333333333333333,0.05,0.05,0.006934506308715421,0.044000000000000004,0.018333333333333333,0.1,0.05555555555555556,0.010348586587402578,0.036000000000000004,0.026666666666666665,0.1,0.05555555555555556,0.01185304354902341
temporal,test,selected:minus_dense,relevance_grade,1,query_language,MIXED,44,38,6,0.045454545454545456,0.003289473684210526,0.02631578947368421,0.02631578947368421,0.02631578947368421,0.0303030303030303,0.003289473684210526,0.02631578947368421,0.02631578947368421,0.0142616349863165,0.05,0.03252923976608187,0.07894736842105263,0.03684210526315789,0.023463870968416144,0.03181818181818182,0.04568713450292398,0.10526315789473684,0.04060150375939849,0.025558142215525718,0.030681818181818185,0.07868629908103593,0.18421052631578946,0.045056720749241524,0.037555224395130024
temporal,test,selected:minus_dense,relevance_grade,1,query_intent,Comparative Treatment Choice,5,5,0,0.0,0.0,0.0,0.0,0.0,0.0,0.0,0.0,0.0,0.0,0.0,0.0,0.0,0.0,0.0,0.06000000000000001,0.0,0.0,0.0,0.0,0.04,0.0,0.0,0.0,0.0
temporal,test,selected:minus_dense,relevance_grade,1,query_intent,Dosing / Administration,29,22,7,0.06896551724137931,0.005681818181818182,0.045454545454545456,0.045454545454545456,0.045454545454545456,0.022988505747126436,0.005681818181818182,0.045454545454545456,0.045454545454545456,0.024633733158183044,0.041379310344827586,0.05113636363636364,0.09090909090909091,0.05454545454545454,0.039384376073492926,0.04137931034482759,0.05113636363636364,0.09090909090909091,0.05454545454545454,0.037979970967672846,0.034482758620689655,0.07386363636363637,0.13636363636363635,0.056818181818181816,0.04653038232542288
temporal,test,selected:minus_dense,relevance_grade,1,query_intent,Efficacy / Outcomes,6,1,5,0.0,0.0,0.0,0.0,0.0,0.0,0.0,0.0,0.0,0.0,0.0,0.0,0.0,0.0,0.0,0.016666666666666666,0.0,0.0,0.0,0.0,0.025000000000000005,0.0,0.0,0.0,0.0
temporal,test,selected:minus_dense,relevance_grade,1,query_intent,Guideline / Evidence Lookup,17,12,5,0.0,0.0,0.0,0.0,0.0,0.0196078431372549,0.0,0.0,0.0,0.0,0.03529411764705883,0.0,0.0,0.0,0.0,0.023529411764705882,0.0,0.0,0.0,0.0,0.023529411764705882,0.08333333333333333,0.08333333333333333,0.0043859649122807015,0.01928151776331326
temporal,test,selected:minus_dense,relevance_grade,1,query_intent,Interaction / Combination,6,6,0,0.0,0.0,0.0,0.0,0.0,0.0,0.0,0.0,0.0,0.0,0.03333333333333333,0.018518518518518517,0.16666666666666666,0.03333333333333333,0.004195137197161532,0.03333333333333333,0.1851851851851852,0.3333333333333333,0.05185185185185185,0.05403823016583618,0.03333333333333333,0.20370370370370372,0.3333333333333333,0.05185185185185185,0.061913716211683845
temporal,test,selected:minus_dense,relevance_grade,1,query_intent,Management / Treatment Selection,17,13,4,0.058823529411764705,0.0,0.0,0.0,0.0,0.058823529411764705,0.015384615384615385,0.07692307692307693,0.02564102564102564,0.011102372278516128,0.047058823529411764,0.015384615384615385,0.07692307692307693,0.02564102564102564,0.009558296303034043,0.047058823529411764,0.05897435897435898,0.3076923076923077,0.05982905982905983,0.018736150894754017,0.03529411764705882,0.09743589743589744,0.38461538461538464,0.06387764282501124,0.029649143345984338
temporal,test,selected:minus_dense,relevance_grade,1,query_intent,Mechanism / Background Knowledge,7,7,0,0.0,0.0,0.0,0.0,0.0,0.047619047619047616,0.0,0.0,0.0,0.0,0.08571428571428573,0.0,0.0,0.0,0.0,0.05714285714285715,0.0,0.0,0.0,0.0,0.03571428571428571,0.0,0.0,0.0,0.0
temporal,test,selected:minus_dense,relevance_grade,1,query_intent,Monitoring / Response / Risk Assessment,9,9,0,0.0,0.0,0.0,0.0,0.0,0.0,0.0,0.0,0.0,0.0,0.0,0.0,0.0,0.0,0.0,0.022222222222222223,0.16666666666666666,0.2222222222222222,0.031746031746031744,0.04953155454483024,0.03333333333333333,0.16666666666666666,0.2222222222222222,0.031746031746031744,0.04953155454483024
temporal,test,selected:minus_dense,relevance_grade,1,query_intent,Prophylaxis / Maintenance,8,6,2,0.0,0.0,0.0,0.0,0.0,0.0,0.0,0.0,0.0,0.0,0.0,0.0,0.0,0.0,0.0,0.0,0.0,0.0,0.0,0.0,0.018750000000000003,0.023809523809523808,0.16666666666666666,0.011111111111111112,0.013109709135563785
temporal,test,selected:minus_dense,relevance_grade,1,query_intent,Safety / Contraindication,19,15,4,0.05263157894736842,0.01111111111111111,0.06666666666666667,0.06666666666666667,0.02222222222222222,0.05263157894736842,0.01111111111111111,0.06666666666666667,0.06666666666666667,0.010428416133839035,0.042105263157894736,0.01111111111111111,0.06666666666666667,0.06666666666666667,0.009246008411620562,0.03684210526315789,0.01111111111111111,0.06666666666666667,0.06666666666666667,0.008810736699130635,0.0368421052631579,0.02222222222222222,0.06666666666666667,0.06666666666666667,0.010816679314625079
temporal,test,selected:minus_dense,relevance_grade,1,query_intent,Treatment Change / Escalation,16,14,2,0.0,0.0,0.0,0.0,0.0,0.020833333333333332,0.0,0.0,0.0,0.0,0.025,0.0,0.0,0.0,0.0,0.025,0.03571428571428571,0.07142857142857142,0.011904761904761904,0.023339697691576095,0.034375,0.03571428571428571,0.07142857142857142,0.011904761904761904,0.023339697691576095
temporal,test,selected:minus_dense,relevance_grade,1,has_context,False,73,59,14,0.0273972602739726,0.002824858757062147,0.01694915254237288,0.01694915254237288,0.005649717514124294,0.0319634703196347,0.0062146892655367235,0.03389830508474576,0.022598870056497175,0.005097577654716867,0.030136986301369864,0.008097928436911487,0.05084745762711865,0.02598870056497175,0.004883369513503732,0.031506849315068496,0.06854990583804142,0.1694915254237288,0.04307237019101426,0.024957629689818923,0.03013698630136986,0.07567931127253161,0.1864406779661017,0.04420231369383911,0.02760170274610511
temporal,test,selected:minus_dense,relevance_grade,1,has_context,True,66,51,15,0.030303030303030304,0.0024509803921568627,0.0196078431372549,0.0196078431372549,0.0196078431372549,0.0202020202020202,0.0024509803921568627,0.0196078431372549,0.0196078431372549,0.010626316264314255,0.03636363636363636,0.022058823529411766,0.0392156862745098,0.023529411764705882,0.016989338698369497,0.03636363636363637,0.022058823529411766,0.0392156862745098,0.023529411764705882,0.016383516888015738,0.034848484848484844,0.061274509803921566,0.09803921568627451,0.02657378740970072,0.027390500513432486
temporal,test,selected:minus_dense,relevance_grade,1,multiple_entity_dimensions,True,139,110,29,0.02877697841726619,0.0026515151515151512,0.01818181818181818,0.01818181818181818,0.012121212121212121,0.026378896882494,0.00446969696969697,0.02727272727272727,0.02121212121212121,0.007660901919166565,0.033093525179856115,0.01457070707070707,0.045454545454545456,0.02484848484848485,0.01049613704466877,0.033812949640287776,0.04699494949494949,0.10909090909090909,0.03401154401154401,0.020982359208982896,0.03237410071942446,0.0690007215007215,0.14545454545454545,0.03602908787119314,0.027503781710956892
temporal,test,selected:minus_entities,relevance_grade,1,query_language,EN,70,52,18,0.02857142857142857,0.0038461538461538464,0.019230769230769232,0.019230769230769232,0.008241758241758242,0.019047619047619046,0.0038461538461538464,0.019230769230769232,0.019230769230769232,0.005551186139258064,0.03428571428571429,0.02692307692307692,0.057692307692307696,0.027884615384615383,0.013571103793943292,0.03285714285714286,0.055769230769230765,0.09615384615384616,0.03194444444444445,0.020891138182742207,0.03285714285714285,0.07884615384615384,0.11538461538461539,0.03331807081807082,0.02688159873358013
temporal,test,selected:minus_entities,relevance_grade,1,query_language,ID,25,20,5,0.08,0.008333333333333333,0.05,0.05,0.016666666666666666,0.06666666666666667,0.008333333333333333,0.05,0.05,0.007821312100379275,0.04800000000000001,0.008333333333333333,0.05,0.05,0.006934506308715421,0.024000000000000004,0.008333333333333333,0.05,0.05,0.006608052524347976,0.027999999999999997,0.016666666666666666,0.05,0.05,0.008137011909897447
temporal,test,selected:minus_entities,relevance_grade,1,query_language,MIXED,44,38,6,0.022727272727272728,0.0,0.0,0.0,0.0,0.022727272727272728,0.0,0.0,0.0,0.0,0.03636363636363637,0.016081871345029242,0.05263157894736842,0.011842105263157895,0.004171784236485696,0.034090909090909095,0.04908103592314119,0.10526315789473684,0.019517543859649124,0.014976990317217404,0.035227272727272725,0.062238930659983295,0.13157894736842105,0.021397243107769425,0.020279057090941712
temporal,test,selected:minus_entities,relevance_grade,1,query_intent,Comparative Treatment Choice,5,5,0,0.0,0.0,0.0,0.0,0.0,0.06666666666666667,0.0,0.0,0.0,0.0,0.04,0.0,0.0,0.0,0.0,0.04,0.0,0.0,0.0,0.0,0.04,0.0,0.0,0.0,0.0
temporal,test,selected:minus_entities,relevance_grade,1,query_intent,Dosing / Administration,29,22,7,0.034482758620689655,0.0,0.0,0.0,0.0,0.022988505747126436,0.0,0.0,0.0,0.0,0.034482758620689655,0.0,0.0,0.0,0.0,0.031034482758620686,0.045454545454545456,0.045454545454545456,0.005681818181818182,0.014339312581169487,0.02931034482758621,0.045454545454545456,0.045454545454545456,0.005681818181818182,0.014339312581169487
temporal,test,selected:minus_entities,relevance_grade,1,query_intent,Efficacy / Outcomes,6,1,5,0.0,0.0,0.0,0.0,0.0,0.0,0.0,0.0,0.0,0.0,0.03333333333333333,0.0,0.0,0.0,0.0,0.016666666666666666,0.0,0.0,0.0,0.0,0.03333333333333333,0.0,0.0,0.0,0.0
temporal,test,selected:minus_entities,relevance_grade,1,query_intent,Guideline / Evidence Lookup,17,12,5,0.0,0.0,0.0,0.0,0.0,0.0196078431372549,0.0,0.0,0.0,0.0,0.023529411764705882,0.0,0.0,0.0,0.0,0.011764705882352941,0.0,0.0,0.0,0.0,0.014705882352941176,0.0,0.0,0.0,0.0
temporal,test,selected:minus_entities,relevance_grade,1,query_intent,Interaction / Combination,6,6,0,0.0,0.0,0.0,0.0,0.0,0.0,0.0,0.0,0.0,0.0,0.06666666666666667,0.1851851851851852,0.3333333333333333,0.08333333333333333,0.07644980023178573,0.05000000000000001,0.20370370370370372,0.3333333333333333,0.08333333333333333,0.08607892912548709,0.03333333333333333,0.20370370370370372,0.3333333333333333,0.08333333333333333,0.08607892912548709
temporal,test,selected:minus_entities,relevance_grade,1,query_intent,Management / Treatment Selection,17,13,4,0.11764705882352941,0.015384615384615385,0.07692307692307693,0.07692307692307693,0.03296703296703297,0.058823529411764705,0.015384615384615385,0.07692307692307693,0.07692307692307693,0.022204744557032256,0.047058823529411764,0.03076923076923077,0.15384615384615385,0.0923076923076923,0.021155449170127547,0.023529411764705882,0.03076923076923077,0.15384615384615385,0.0923076923076923,0.021155449170127547,0.020588235294117647,0.04615384615384616,0.15384615384615385,0.0923076923076923,0.025428212541954973
temporal,test,selected:minus_entities,relevance_grade,1,query_intent,Mechanism / Background Knowledge,7,7,0,0.0,0.0,0.0,0.0,0.0,0.047619047619047616,0.0,0.0,0.0,0.0,0.05714285714285715,0.0,0.0,0.0,0.0,0.07142857142857142,0.0,0.0,0.0,0.0,0.049999999999999996,0.0,0.0,0.0,0.0
temporal,test,selected:minus_entities,relevance_grade,1,query_intent,Monitoring / Response / Risk Assessment,9,9,0,0.0,0.0,0.0,0.0,0.0,0.0,0.0,0.0,0.0,0.0,0.022222222222222223,0.05555555555555555,0.1111111111111111,0.022222222222222223,0.014500617518792789,0.03333333333333334,0.2222222222222222,0.3333333333333333,0.04567901234567902,0.056794149542964294,0.03333333333333333,0.2222222222222222,0.3333333333333333,0.04567901234567902,0.056794149542964294
temporal,test,selected:minus_entities,relevance_grade,1,query_intent,Prophylaxis / Maintenance,8,6,2,0.0,0.0,0.0,0.0,0.0,0.0,0.0,0.0,0.0,0.0,0.0,0.0,0.0,0.0,0.0,0.0125,0.023809523809523808,0.16666666666666666,0.027777777777777776,0.006226363486644689,0.03125,0.023809523809523808,0.16666666666666666,0.027777777777777776,0.006226363486644689
temporal,test,selected:minus_entities,relevance_grade,1,query_intent,Safety / Contraindication,19,15,4,0.05263157894736842,0.01111111111111111,0.06666666666666667,0.06666666666666667,0.02222222222222222,0.05263157894736842,0.01111111111111111,0.06666666666666667,0.06666666666666667,0.010428416133839035,0.05263157894736842,0.01111111111111111,0.06666666666666667,0.06666666666666667,0.009246008411620562,0.04736842105263158,0.01111111111111111,0.06666666666666667,0.06666666666666667,0.008810736699130635,0.05263157894736842,0.05555555555555555,0.13333333333333333,0.07142857142857142,0.024281251706631504
temporal,test,selected:minus_entities,relevance_grade,1,query_intent,Treatment Change / Escalation,16,14,2,0.0625,0.0,0.0,0.0,0.0,0.020833333333333332,0.0,0.0,0.0,0.0,0.037500000000000006,0.0,0.0,0.0,0.0,0.03125,0.0,0.0,0.0,0.0,0.037500000000000006,0.07142857142857142,0.07142857142857142,0.00510204081632653,0.018282716057843963
temporal,test,selected:minus_entities,relevance_grade,1,has_context,False,73,59,14,0.0547945205479452,0.0062146892655367235,0.03389830508474576,0.03389830508474576,0.0129136400322841,0.0319634703196347,0.0062146892655367235,0.03389830508474576,0.03389830508474576,0.007543863072017032,0.043835616438356165,0.036911487758945385,0.1016949152542373,0.04915254237288135,0.016998564821115527,0.03835616438356165,0.06663976324993273,0.15254237288135594,0.05555555555555556,0.024951881207764183,0.03561643835616438,0.09827818132902878,0.1864406779661017,0.057976863061608826,0.034164790932443595
temporal,test,selected:minus_entities,relevance_grade,1,has_context,True,66,51,15,0.015151515151515152,0.0,0.0,0.0,0.0,0.02525252525252525,0.0,0.0,0.0,0.0,0.030303030303030304,0.0,0.0,0.0,0.0,0.024242424242424242,0.0196078431372549,0.0196078431372549,0.0024509803921568627,0.006185585819328014,0.029545454545454545,0.0196078431372549,0.0196078431372549,0.0024509803921568627,0.006185585819328014
temporal,test,selected:minus_entities,relevance_grade,1,multiple_entity_dimensions,True,139,110,29,0.03597122302158273,0.0033333333333333335,0.01818181818181818,0.01818181818181818,0.006926406926406926,0.028776978417266185,0.0033333333333333335,0.01818181818181818,0.01818181818181818,0.004046253829536408,0.03741007194244605,0.0197979797979798,0.05454545454545454,0.026363636363636367,0.009117412040416509,0.031654676258992806,0.04483405483405484,0.09090909090909091,0.030934343434343443,0.016251144254943777,0.03273381294964029,0.06180375180375181,0.10909090909090909,0.03223304473304474,0.021192614016362733
temporal,test,selected:minus_context,relevance_grade,1,query_language,EN,70,52,18,0.014285714285714285,0.0,0.0,0.0,0.0,0.023809523809523808,0.0038461538461538464,0.019230769230769232,0.00641025641025641,0.002775593069629032,0.02,0.0038461538461538464,0.019230769230769232,0.00641025641025641,0.002389574075758511,0.03142857142857143,0.05897435897435897,0.11538461538461539,0.021978021978021976,0.022789530163348674,0.029285714285714283,0.0782051282051282,0.15384615384615385,0.023901098901098903,0.026679883826584268
temporal,test,selected:minus_context,relevance_grade,1,query_language,ID,25,20,5,0.08,0.008333333333333333,0.05,0.05,0.016666666666666666,0.05333333333333333,0.008333333333333333,0.05,0.05,0.007821312100379275,0.04,0.008333333333333333,0.05,0.05,0.006934506308715421,0.048,0.034999999999999996,0.15,0.06000000000000001,0.01824022488225035,0.038000000000000006,0.043333333333333335,0.15,0.06000000000000001,0.019795819346476777
temporal,test,selected:minus_context,relevance_grade,1,query_language,MIXED,44,38,6,0.045454545454545456,0.0,0.0,0.0,0.0,0.04545454545454545,0.003289473684210526,0.02631578947368421,0.013157894736842105,0.008998089847442747,0.045454545454545456,0.0062134502923976605,0.05263157894736842,0.018421052631578946,0.008625445264199269,0.031818181818181815,0.0222953216374269,0.07894736842105263,0.021052631578947368,0.011995356454500297,0.029545454545454545,0.06552840434419382,0.15789473684210525,0.026504609941142447,0.025402684035554988
temporal,test,selected:minus_context,relevance_grade,1,query_intent,Comparative Treatment Choice,5,5,0,0.0,0.0,0.0,0.0,0.0,0.0,0.0,0.0,0.0,0.0,0.0,0.0,0.0,0.0,0.0,0.04,0.0,0.0,0.0,0.0,0.05,0.2,0.4,0.021764705882352943,0.0719160009716549
temporal,test,selected:minus_context,relevance_grade,1,query_intent,Dosing / Administration,29,22,7,0.06896551724137931,0.0,0.0,0.0,0.0,0.057471264367816084,0.005681818181818182,0.045454545454545456,0.022727272727272728,0.01554215519103747,0.04827586206896552,0.005681818181818182,0.045454545454545456,0.022727272727272728,0.0137543680389365,0.031034482758620686,0.020833333333333332,0.09090909090909091,0.02727272727272727,0.020177664270653758,0.031034482758620693,0.06628787878787878,0.13636363636363635,0.030769230769230767,0.0321162794996171
temporal,test,selected:minus_context,relevance_grade,1,query_intent,Efficacy / Outcomes,6,1,5,0.0,0.0,0.0,0.0,0.0,0.0,0.0,0.0,0.0,0.0,0.0,0.0,0.0,0.0,0.0,0.016666666666666666,0.0,0.0,0.0,0.0,0.025000000000000005,0.0,0.0,0.0,0.0
temporal,test,selected:minus_context,relevance_grade,1,query_intent,Guideline / Evidence Lookup,17,12,5,0.0,0.0,0.0,0.0,0.0,0.0392156862745098,0.0,0.0,0.0,0.0,0.03529411764705883,0.0,0.0,0.0,0.0,0.03529411764705882,0.0,0.0,0.0,0.0,0.026470588235294117,0.0,0.0,0.0,0.0
temporal,test,selected:minus_context,relevance_grade,1,query_intent,Interaction / Combination,6,6,0,0.0,0.0,0.0,0.0,0.0,0.0,0.0,0.0,0.0,0.0,0.03333333333333333,0.018518518518518517,0.16666666666666666,0.03333333333333333,0.004195137197161532,0.05000000000000001,0.20370370370370372,0.3333333333333333,0.05714285714285714,0.06808966227157642,0.03333333333333333,0.20370370370370372,0.3333333333333333,0.05714285714285714,0.06808966227157642
temporal,test,selected:minus_context,relevance_grade,1,query_intent,Management / Treatment Selection,17,13,4,0.058823529411764705,0.0,0.0,0.0,0.0,0.058823529411764705,0.015384615384615385,0.07692307692307693,0.02564102564102564,0.011102372278516128,0.047058823529411764,0.015384615384615385,0.07692307692307693,0.02564102564102564,0.009558296303034043,0.05294117647058824,0.05897435897435898,0.3076923076923077,0.05897435897435897,0.018507417626902136,0.032352941176470584,0.05897435897435898,0.3076923076923077,0.05897435897435897,0.018507417626902136
temporal,test,selected:minus_context,relevance_grade,1,query_intent,Mechanism / Background Knowledge,7,7,0,0.0,0.0,0.0,0.0,0.0,0.047619047619047616,0.0,0.0,0.0,0.0,0.08571428571428573,0.0,0.0,0.0,0.0,0.05714285714285715,0.0,0.0,0.0,0.0,0.04285714285714286,0.0,0.0,0.0,0.0
temporal,test,selected:minus_context,relevance_grade,1,query_intent,Monitoring / Response / Risk Assessment,9,9,0,0.0,0.0,0.0,0.0,0.0,0.0,0.0,0.0,0.0,0.0,0.0,0.0,0.0,0.0,0.0,0.022222222222222223,0.16666666666666666,0.2222222222222222,0.02962962962962963,0.050413752945283954,0.022222222222222223,0.16666666666666666,0.2222222222222222,0.02962962962962963,0.050413752945283954
temporal,test,selected:minus_context,relevance_grade,1,query_intent,Prophylaxis / Maintenance,8,6,2,0.0,0.0,0.0,0.0,0.0,0.0,0.0,0.0,0.0,0.0,0.0,0.0,0.0,0.0,0.0,0.0,0.0,0.0,0.0,0.0,0.018750000000000003,0.023809523809523808,0.16666666666666666,0.011904761904761904,0.0044740470082268
temporal,test,selected:minus_context,relevance_grade,1,query_intent,Safety / Contraindication,19,15,4,0.05263157894736842,0.01111111111111111,0.06666666666666667,0.06666666666666667,0.02222222222222222,0.05263157894736842,0.01111111111111111,0.06666666666666667,0.06666666666666667,0.010428416133839035,0.03157894736842106,0.01111111111111111,0.06666666666666667,0.06666666666666667,0.009246008411620562,0.031578947368421054,0.01111111111111111,0.06666666666666667,0.06666666666666667,0.008810736699130635,0.034210526315789476,0.05555555555555555,0.13333333333333333,0.07,0.015065063759665894
temporal,test,selected:minus_context,relevance_grade,1,query_intent,Treatment Change / Escalation,16,14,2,0.0625,0.0,0.0,0.0,0.0,0.020833333333333332,0.0,0.0,0.0,0.0,0.0125,0.0,0.0,0.0,0.0,0.037500000000000006,0.03571428571428571,0.07142857142857142,0.011904761904761904,0.023339697691576095,0.03125,0.03571428571428571,0.07142857142857142,0.011904761904761904,0.023339697691576095
temporal,test,selected:minus_context,relevance_grade,1,has_context,False,73,59,14,0.0410958904109589,0.002824858757062147,0.01694915254237288,0.01694915254237288,0.005649717514124294,0.0319634703196347,0.0062146892655367235,0.03389830508474576,0.022598870056497175,0.005097577654716867,0.030136986301369864,0.008097928436911487,0.05084745762711865,0.02598870056497175,0.004883369513503732,0.03561643835616438,0.07043314500941619,0.1694915254237288,0.04309927360774818,0.02647076266874181,0.030821917808219176,0.07567931127253161,0.1864406779661017,0.04430992736077482,0.0274530706574518
temporal,test,selected:minus_context,relevance_grade,1,has_context,True,66,51,15,0.030303030303030304,0.0,0.0,0.0,0.0,0.0404040404040404,0.0024509803921568627,0.0196078431372549,0.00980392156862745,0.006704459102016164,0.03333333333333333,0.0024509803921568627,0.0196078431372549,0.00980392156862745,0.005933256801109863,0.03333333333333333,0.008986928104575163,0.0392156862745098,0.011764705882352941,0.008704090469693776,0.03106060606060606,0.05800653594771241,0.11764705882352941,0.0163871883595067,0.022134140597516686
temporal,test,selected:minus_context,relevance_grade,1,multiple_entity_dimensions,True,139,110,29,0.03597122302158273,0.0015151515151515152,0.00909090909090909,0.00909090909090909,0.0030303030303030303,0.03597122302158273,0.00446969696969697,0.02727272727272727,0.016666666666666666,0.00584258632573745,0.031654676258992806,0.00547979797979798,0.03636363636363636,0.018484848484848482,0.005370135437757484,0.034532374100719423,0.041944444444444444,0.10909090909090909,0.028571428571428574,0.018233487376455904,0.030935251798561145,0.06748556998556998,0.15454545454545454,0.0313639301874596,0.024987021266027337
temporal,test,selected:minus_intent,relevance_grade,1,query_language,EN,70,52,18,0.02857142857142857,0.003205128205128205,0.019230769230769232,0.019230769230769232,0.002747252747252747,0.02857142857142857,0.01282051282051282,0.038461538461538464,0.02564102564102564,0.010109606237687106,0.02857142857142857,0.016666666666666666,0.057692307692307696,0.029487179487179487,0.011776388904774154,0.030000000000000002,0.035897435897435895,0.07692307692307693,0.032692307692307694,0.018604277199716756,0.027857142857142858,0.05897435897435897,0.11538461538461539,0.03566849816849817,0.024138413015481572
temporal,test,selected:minus_intent,relevance_grade,1,query_language,ID,25,20,5,0.04,0.0,0.0,0.0,0.0,0.026666666666666665,0.0,0.0,0.0,0.0,0.04800000000000001,0.008333333333333333,0.05,0.01,0.0026826332323122,0.036000000000000004,0.008333333333333333,0.05,0.01,0.002556343669397314,0.034,0.018333333333333333,0.1,0.01263157894736842,0.005431399644679128
temporal,test,selected:minus_intent,relevance_grade,1,query_language,MIXED,44,38,6,0.045454545454545456,0.0,0.0,0.0,0.0,0.022727272727272728,0.0,0.0,0.0,0.0,0.031818181818181815,0.0062134502923976605,0.05263157894736842,0.010526315789473684,0.0055449150134836865,0.03181818181818182,0.0062134502923976605,0.05263157894736842,0.010526315789473684,0.005178494089249061,0.03295454545454545,0.03545321637426901,0.07894736842105263,0.012406015037593985,0.013049608708591683
temporal,test,selected:minus_intent,relevance_grade,1,query_intent,Comparative Treatment Choice,5,5,0,0.0,0.0,0.0,0.0,0.0,0.06666666666666667,0.0,0.0,0.0,0.0,0.04,0.0,0.0,0.0,0.0,0.02,0.0,0.0,0.0,0.0,0.030000000000000006,0.0,0.0,0.0,0.0
temporal,test,selected:minus_intent,relevance_grade,1,query_intent,Dosing / Administration,29,22,7,0.06896551724137931,0.0,0.0,0.0,0.0,0.022988505747126436,0.0,0.0,0.0,0.0,0.034482758620689655,0.005681818181818182,0.045454545454545456,0.009090909090909092,0.008433452151336859,0.03103448275862069,0.005681818181818182,0.045454545454545456,0.009090909090909092,0.007890154093655838,0.029310344827586213,0.05113636363636364,0.09090909090909091,0.01233766233766234,0.01952460976682927
temporal,test,selected:minus_intent,relevance_grade,1,query_intent,Efficacy / Outcomes,6,1,5,0.0,0.0,0.0,0.0,0.0,0.0,0.0,0.0,0.0,0.0,0.0,0.0,0.0,0.0,0.0,0.016666666666666666,0.0,0.0,0.0,0.0,0.016666666666666666,0.0,0.0,0.0,0.0
temporal,test,selected:minus_intent,relevance_grade,1,query_intent,Guideline / Evidence Lookup,17,12,5,0.0,0.0,0.0,0.0,0.0,0.0,0.0,0.0,0.0,0.0,0.011764705882352941,0.0,0.0,0.0,0.0,0.029411764705882353,0.0,0.0,0.0,0.0,0.01764705882352941,0.0,0.0,0.0,0.0
temporal,test,selected:minus_intent,relevance_grade,1,query_intent,Interaction / Combination,6,6,0,0.0,0.0,0.0,0.0,0.0,0.0,0.0,0.0,0.0,0.0,0.03333333333333333,0.018518518518518517,0.16666666666666666,0.03333333333333333,0.004195137197161532,0.016666666666666666,0.018518518518518517,0.16666666666666666,0.03333333333333333,0.0038665642218393107,0.041666666666666664,0.20370370370370372,0.3333333333333333,0.04722222222222222,0.05609697841392663
temporal,test,selected:minus_intent,relevance_grade,1,query_intent,Management / Treatment Selection,17,13,4,0.11764705882352941,0.01282051282051282,0.07692307692307693,0.07692307692307693,0.010989010989010988,0.0980392156862745,0.01282051282051282,0.07692307692307693,0.07692307692307693,0.005156909077173148,0.08235294117647059,0.02820512820512821,0.15384615384615385,0.0923076923076923,0.011824039745521344,0.05294117647058823,0.02820512820512821,0.15384615384615385,0.0923076923076923,0.011735040070828514,0.04411764705882353,0.05897435897435898,0.3076923076923077,0.10185078079814923,0.01750719603221982
temporal,test,selected:minus_intent,relevance_grade,1,query_intent,Mechanism / Background Knowledge,7,7,0,0.0,0.0,0.0,0.0,0.0,0.0,0.0,0.0,0.0,0.0,0.05714285714285715,0.0,0.0,0.0,0.0,0.05714285714285715,0.0,0.0,0.0,0.0,0.03571428571428571,0.0,0.0,0.0,0.0
temporal,test,selected:minus_intent,relevance_grade,1,query_intent,Monitoring / Response / Risk Assessment,9,9,0,0.0,0.0,0.0,0.0,0.0,0.0,0.0,0.0,0.0,0.0,0.0,0.0,0.0,0.0,0.0,0.022222222222222223,0.1111111111111111,0.1111111111111111,0.018518518518518517,0.0395785763453358,0.01666666666666667,0.1111111111111111,0.1111111111111111,0.018518518518518517,0.0395785763453358
temporal,test,selected:minus_intent,relevance_grade,1,query_intent,Prophylaxis / Maintenance,8,6,2,0.0,0.0,0.0,0.0,0.0,0.0,0.0,0.0,0.0,0.0,0.0,0.0,0.0,0.0,0.0,0.0,0.0,0.0,0.0,0.0,0.018750000000000003,0.0,0.0,0.0,0.0
temporal,test,selected:minus_intent,relevance_grade,1,query_intent,Safety / Contraindication,19,15,4,0.0,0.0,0.0,0.0,0.0,0.017543859649122806,0.0,0.0,0.0,0.0,0.03157894736842106,0.01111111111111111,0.06666666666666667,0.013333333333333334,0.0035768443097495997,0.031578947368421054,0.01111111111111111,0.06666666666666667,0.013333333333333334,0.0034084582258630857,0.034210526315789476,0.01111111111111111,0.06666666666666667,0.013333333333333334,0.0034084582258630857
temporal,test,selected:minus_intent,relevance_grade,1,query_intent,Treatment Change / Escalation,16,14,2,0.0625,0.0,0.0,0.0,0.0,0.041666666666666664,0.03571428571428571,0.07142857142857142,0.023809523809523808,0.03276140759689133,0.037500000000000006,0.03571428571428571,0.07142857142857142,0.023809523809523808,0.03276140759689133,0.037500000000000006,0.03571428571428571,0.07142857142857142,0.023809523809523808,0.03276140759689133,0.04062500000000001,0.03571428571428571,0.07142857142857142,0.023809523809523808,0.03276140759689133
temporal,test,selected:minus_intent,relevance_grade,1,has_context,False,73,59,14,0.0410958904109589,0.002824858757062147,0.01694915254237288,0.01694915254237288,0.0024213075060532684,0.0365296803652968,0.011299435028248588,0.03389830508474576,0.022598870056497175,0.008910161429825925,0.038356164383561646,0.019397363465160074,0.0847457627118644,0.0327683615819209,0.011715181540296087,0.03561643835616438,0.036346516007532956,0.1016949152542373,0.03559322033898305,0.017656757171258534,0.03493150684931507,0.061958568738229754,0.15254237288135594,0.03910836413066565,0.024240155690760417
temporal,test,selected:minus_intent,relevance_grade,1,has_context,True,66,51,15,0.030303030303030304,0.0,0.0,0.0,0.0,0.015151515151515152,0.0,0.0,0.0,0.0,0.02727272727272728,0.0024509803921568627,0.0196078431372549,0.00392156862745098,0.003637959751557076,0.02727272727272728,0.0024509803921568627,0.0196078431372549,0.00392156862745098,0.0034035958835378125,0.025757575757575757,0.022058823529411766,0.0392156862745098,0.005322128851540617,0.008422380683730274
temporal,test,selected:minus_intent,relevance_grade,1,multiple_entity_dimensions,True,139,110,29,0.03597122302158273,0.0015151515151515152,0.00909090909090909,0.00909090909090909,0.0012987012987012987,0.026378896882494,0.006060606060606061,0.01818181818181818,0.012121212121212121,0.004779086585088451,0.03309352517985612,0.01154040404040404,0.05454545454545454,0.019393939393939394,0.007970287801880728,0.031654676258992806,0.020631313131313132,0.06363636363636363,0.02090909090909091,0.01104847330149711,0.030575539568345324,0.043459595959595955,0.1,0.023443836864889493,0.016906460005682803
query,validation,R-B0,relevance_grade,1,query_language,EN,43,28,15,0.023255813953488372,0.005952380952380952,0.03571428571428571,0.03571428571428571,0.015306122448979591,0.007751937984496124,0.005952380952380952,0.03571428571428571,0.03571428571428571,0.010309345687193548,0.013953488372093025,0.005952380952380952,0.03571428571428571,0.03571428571428571,0.008340966105405096,0.03255813953488373,0.019047619047619046,0.10714285714285714,0.04591836734693877,0.012491019940981491,0.03837209302325582,0.07325680272108845,0.25,0.055829735740450026,0.031959718073957796
query,validation,R-B0,relevance_grade,1,query_language,ID,16,9,7,0.0,0.0,0.0,0.0,0.0,0.0625,0.0,0.0,0.0,0.0,0.05,0.0,0.0,0.0,0.0,0.037500000000000006,0.0,0.0,0.0,0.0,0.049999999999999996,0.015873015873015872,0.1111111111111111,0.009259259259259259,0.0034272039876464522
query,validation,R-B0,relevance_grade,1,query_language,MIXED,41,33,8,0.04878048780487805,0.0,0.0,0.0,0.0,0.048780487804878044,0.0,0.0,0.0,0.0,0.03902439024390244,0.006060606060606061,0.030303030303030304,0.007575757575757576,0.0010811099795327759,0.05365853658536586,0.04242424242424242,0.15151515151515152,0.02133237133237133,0.013075718428953026,0.0475609756097561,0.04848484848484848,0.15151515151515152,0.02133237133237133,0.014522840487245321
query,validation,R-B0,relevance_grade,1,query_intent,Comparative Treatment Choice,2,1,1,0.0,0.0,0.0,0.0,0.0,0.16666666666666666,0.0,0.0,0.0,0.0,0.1,0.0,0.0,0.0,0.0,0.05,0.0,0.0,0.0,0.0,0.025,0.0,0.0,0.0,0.0
query,validation,R-B0,relevance_grade,1,query_intent,Dosing / Administration,21,14,7,0.047619047619047616,0.011904761904761904,0.07142857142857142,0.07142857142857142,0.030612244897959183,0.031746031746031744,0.011904761904761904,0.07142857142857142,0.07142857142857142,0.020618691374387096,0.01904761904761905,0.011904761904761904,0.07142857142857142,0.07142857142857142,0.016681932210810192,0.03333333333333333,0.0619047619047619,0.21428571428571427,0.08877551020408163,0.02492114981799648,0.0380952380952381,0.0619047619047619,0.21428571428571427,0.08877551020408163,0.02492114981799648
query,validation,R-B0,relevance_grade,1,query_intent,Efficacy / Outcomes,3,1,2,0.0,0.0,0.0,0.0,0.0,0.0,0.0,0.0,0.0,0.0,0.0,0.0,0.0,0.0,0.0,0.03333333333333333,0.0,0.0,0.0,0.0,0.049999999999999996,0.0,0.0,0.0,0.0
query,validation,R-B0,relevance_grade,1,query_intent,Guideline / Evidence Lookup,11,9,2,0.0,0.0,0.0,0.0,0.0,0.0606060606060606,0.0,0.0,0.0,0.0,0.05454545454545456,0.022222222222222223,0.1111111111111111,0.027777777777777776,0.003964069924953512,0.06363636363636364,0.022222222222222223,0.1111111111111111,0.027777777777777776,0.003964069924953512,0.05909090909090909,0.022222222222222223,0.1111111111111111,0.027777777777777776,0.003964069924953512
query,validation,R-B0,relevance_grade,1,query_intent,Interaction / Combination,3,2,1,0.0,0.0,0.0,0.0,0.0,0.0,0.0,0.0,0.0,0.0,0.0,0.0,0.0,0.0,0.0,0.0,0.0,0.0,0.0,0.0,0.03333333333333333,0.5,0.5,0.03571428571428571,0.12797901240490775
query,validation,R-B0,relevance_grade,1,query_intent,Management / Treatment Selection,11,8,3,0.0,0.0,0.0,0.0,0.0,0.0303030303030303,0.0,0.0,0.0,0.0,0.018181818181818184,0.0,0.0,0.0,0.0,0.009090909090909092,0.0,0.0,0.0,0.0,0.022727272727272728,0.0,0.0,0.0,0.0
query,validation,R-B0,relevance_grade,1,query_intent,Mechanism / Background Knowledge,5,3,2,0.0,0.0,0.0,0.0,0.0,0.0,0.0,0.0,0.0,0.0,0.0,0.0,0.0,0.0,0.0,0.06000000000000001,0.0,0.0,0.0,0.0,0.04,0.0,0.0,0.0,0.0
query,validation,R-B0,relevance_grade,1,query_intent,Monitoring / Response / Risk Assessment,11,9,2,0.0,0.0,0.0,0.0,0.0,0.0,0.0,0.0,0.0,0.0,0.018181818181818184,0.0,0.0,0.0,0.0,0.045454545454545456,0.040740740740740744,0.2222222222222222,0.031746031746031744,0.016169987498816818,0.05,0.1066137566137566,0.4444444444444444,0.0477004477004477,0.04363606589112749
query,validation,R-B0,relevance_grade,1,query_intent,Prophylaxis / Maintenance,7,6,1,0.0,0.0,0.0,0.0,0.0,0.0,0.0,0.0,0.0,0.0,0.0,0.0,0.0,0.0,0.0,0.028571428571428574,0.05555555555555555,0.16666666666666666,0.016666666666666666,0.035904382394843594,0.03571428571428571,0.07936507936507936,0.3333333333333333,0.030555555555555558,0.041045188376313275
query,validation,R-B0,relevance_grade,1,query_intent,Safety / Contraindication,15,9,6,0.06666666666666667,0.0,0.0,0.0,0.0,0.02222222222222222,0.0,0.0,0.0,0.0,0.04000000000000001,0.0,0.0,0.0,0.0,0.04666666666666666,0.0,0.0,0.0,0.0,0.05,0.013888888888888888,0.1111111111111111,0.006944444444444444,0.009969538367374532
query,validation,R-B0,relevance_grade,1,query_intent,Treatment Change / Escalation,11,8,3,0.09090909090909091,0.0,0.0,0.0,0.0,0.09090909090909091,0.0,0.0,0.0,0.0,0.07272727272727274,0.0,0.0,0.0,0.0,0.07272727272727274,0.020833333333333332,0.125,0.013888888888888888,0.0044647947334982875,0.059090909090909104,0.020833333333333332,0.125,0.013888888888888888,0.0044647947334982875
query,validation,R-B0,relevance_grade,1,has_context,False,51,34,17,0.0392156862745098,0.0,0.0,0.0,0.0,0.0196078431372549,0.0,0.0,0.0,0.0,0.0196078431372549,0.0,0.0,0.0,0.0,0.0392156862745098,0.02549019607843137,0.11764705882352941,0.0146125116713352,0.011666898227247036,0.045098039215686274,0.07654061624649859,0.23529411764705882,0.023387560152266035,0.02737270899870085
query,validation,R-B0,relevance_grade,1,has_context,True,49,36,13,0.02040816326530612,0.004629629629629629,0.027777777777777776,0.027777777777777776,0.011904761904761904,0.047619047619047616,0.004629629629629629,0.027777777777777776,0.027777777777777776,0.008018379978928314,0.04081632653061224,0.010185185185185186,0.05555555555555555,0.034722222222222224,0.007478435563220119,0.04489795918367347,0.02962962962962963,0.1111111111111111,0.04146825396825397,0.010682575743792564,0.04285714285714286,0.03310185185185185,0.1388888888888889,0.04320436507936508,0.013174960335636199
query,validation,R-B0,relevance_grade,1,multiple_entity_dimensions,True,100,70,30,0.03,0.0023809523809523807,0.014285714285714285,0.014285714285714285,0.006122448979591836,0.03333333333333333,0.0023809523809523807,0.014285714285714285,0.014285714285714285,0.004123738274877419,0.03,0.005238095238095239,0.02857142857142857,0.017857142857142856,0.0038460525753703473,0.041999999999999996,0.027619047619047616,0.11428571428571428,0.028424036281179135,0.011160675235756165,0.044,0.054200680272108843,0.18571428571428572,0.03357905982905983,0.020071009686267603
query,validation,R-E1,relevance_grade,1,query_language,EN,43,28,15,0.023255813953488372,0.005952380952380952,0.03571428571428571,0.03571428571428571,0.015306122448979591,0.015503875968992248,0.005952380952380952,0.03571428571428571,0.03571428571428571,0.010309345687193548,0.013953488372093025,0.005952380952380952,0.03571428571428571,0.03571428571428571,0.008340966105405096,0.030232558139534883,0.011054421768707483,0.07142857142857142,0.04166666666666667,0.012631622008214034,0.031395348837209305,0.07772108843537416,0.21428571428571427,0.05084325396825397,0.025867655029803687
query,validation,R-E1,relevance_grade,1,query_language,ID,16,9,7,0.0,0.0,0.0,0.0,0.0,0.0625,0.0,0.0,0.0,0.0,0.07500000000000001,0.0,0.0,0.0,0.0,0.043750000000000004,0.0,0.0,0.0,0.0,0.05,0.015873015873015872,0.1111111111111111,0.009259259259259259,0.0034272039876464522
query,validation,R-E1,relevance_grade,1,query_language,MIXED,41,33,8,0.024390243902439025,0.0,0.0,0.0,0.0,0.04065040650406504,0.015151515151515152,0.030303030303030304,0.0101010101010101,0.0041729023087301005,0.05365853658536586,0.0202020202020202,0.06060606060606061,0.01616161616161616,0.0056252423833638085,0.056097560975609764,0.03636363636363636,0.12121212121212122,0.02222222222222222,0.012817556024874001,0.058536585365853655,0.07777777777777777,0.18181818181818182,0.02628066378066378,0.02493596262783131
query,validation,R-E1,relevance_grade,1,query_intent,Comparative Treatment Choice,2,1,1,0.0,0.0,0.0,0.0,0.0,0.16666666666666666,0.0,0.0,0.0,0.0,0.1,0.0,0.0,0.0,0.0,0.05,0.0,0.0,0.0,0.0,0.05,0.0,0.0,0.0,0.0
query,validation,R-E1,relevance_grade,1,query_intent,Dosing / Administration,21,14,7,0.09523809523809523,0.011904761904761904,0.07142857142857142,0.07142857142857142,0.030612244897959183,0.06349206349206349,0.047619047619047616,0.14285714285714285,0.09523809523809523,0.03045481824496519,0.047619047619047616,0.047619047619047616,0.14285714285714285,0.09523809523809523,0.026518059081388285,0.04285714285714285,0.047619047619047616,0.14285714285714285,0.09523809523809523,0.025236854982543275,0.03333333333333334,0.0619047619047619,0.21428571428571427,0.0992063492063492,0.027944433030612163
query,validation,R-E1,relevance_grade,1,query_intent,Efficacy / Outcomes,3,1,2,0.0,0.0,0.0,0.0,0.0,0.0,0.0,0.0,0.0,0.0,0.0,0.0,0.0,0.0,0.0,0.03333333333333333,0.0,0.0,0.0,0.0,0.03333333333333333,0.0,0.0,0.0,0.0
query,validation,R-E1,relevance_grade,1,query_intent,Guideline / Evidence Lookup,11,9,2,0.0,0.0,0.0,0.0,0.0,0.0303030303030303,0.0,0.0,0.0,0.0,0.05454545454545456,0.0,0.0,0.0,0.0,0.06363636363636364,0.022222222222222223,0.1111111111111111,0.011111111111111112,0.0026606351399636142,0.08181818181818182,0.022222222222222223,0.1111111111111111,0.011111111111111112,0.0026606351399636142
query,validation,R-E1,relevance_grade,1,query_intent,Interaction / Combination,3,2,1,0.0,0.0,0.0,0.0,0.0,0.0,0.0,0.0,0.0,0.0,0.0,0.0,0.0,0.0,0.0,0.0,0.0,0.0,0.0,0.0,0.016666666666666666,0.5,0.5,0.027777777777777776,0.11770445668331912
query,validation,R-E1,relevance_grade,1,query_intent,Management / Treatment Selection,11,8,3,0.0,0.0,0.0,0.0,0.0,0.0303030303030303,0.0,0.0,0.0,0.0,0.03636363636363637,0.0,0.0,0.0,0.0,0.018181818181818184,0.0,0.0,0.0,0.0,0.022727272727272728,0.0,0.0,0.0,0.0
query,validation,R-E1,relevance_grade,1,query_intent,Mechanism / Background Knowledge,5,3,2,0.0,0.0,0.0,0.0,0.0,0.0,0.0,0.0,0.0,0.0,0.0,0.0,0.0,0.0,0.0,0.08,0.0,0.0,0.0,0.0,0.06,0.16666666666666666,0.3333333333333333,0.020833333333333332,0.01068679483884751
query,validation,R-E1,relevance_grade,1,query_intent,Monitoring / Response / Risk Assessment,11,9,2,0.0,0.0,0.0,0.0,0.0,0.0,0.0,0.0,0.0,0.0,0.0,0.0,0.0,0.0,0.0,0.02727272727272728,0.015873015873015872,0.1111111111111111,0.018518518518518517,0.015341691406942264,0.03636363636363637,0.05661375661375661,0.3333333333333333,0.034722222222222224,0.027895976070499033
query,validation,R-E1,relevance_grade,1,query_intent,Prophylaxis / Maintenance,7,6,1,0.0,0.0,0.0,0.0,0.0,0.0,0.0,0.0,0.0,0.0,0.0,0.0,0.0,0.0,0.0,0.028571428571428574,0.05555555555555555,0.16666666666666666,0.016666666666666666,0.035904382394843594,0.05714285714285715,0.07936507936507936,0.3333333333333333,0.030555555555555558,0.041045188376313275
query,validation,R-E1,relevance_grade,1,query_intent,Safety / Contraindication,15,9,6,0.0,0.0,0.0,0.0,0.0,0.02222222222222222,0.0,0.0,0.0,0.0,0.02666666666666667,0.0,0.0,0.0,0.0,0.03333333333333333,0.0,0.0,0.0,0.0,0.04,0.0,0.0,0.0,0.0
query,validation,R-E1,relevance_grade,1,query_intent,Treatment Change / Escalation,11,8,3,0.0,0.0,0.0,0.0,0.0,0.0606060606060606,0.0,0.0,0.0,0.0,0.1272727272727273,0.020833333333333332,0.125,0.025,0.005990902807864046,0.08181818181818182,0.020833333333333332,0.125,0.025,0.005737695250501824,0.06818181818181818,0.16666666666666666,0.25,0.03392857142857143,0.049756743997245
query,validation,R-E1,relevance_grade,1,has_context,False,51,34,17,0.0,0.0,0.0,0.0,0.0,0.0130718954248366,0.0,0.0,0.0,0.0,0.023529411764705885,0.004901960784313725,0.029411764705882353,0.0058823529411764705,0.0014096241900856579,0.03725490196078431,0.018907563025210083,0.08823529411764706,0.013725490196078431,0.011747149383398721,0.04411764705882353,0.08291316526610644,0.23529411764705882,0.023937908496732024,0.026673533527755772
query,validation,R-E1,relevance_grade,1,has_context,True,49,36,13,0.04081632653061224,0.004629629629629629,0.027777777777777776,0.027777777777777776,0.011904761904761904,0.05442176870748299,0.018518518518518517,0.05555555555555555,0.037037037037037035,0.011843540428597574,0.05714285714285714,0.018518518518518517,0.05555555555555555,0.037037037037037035,0.010312578531650999,0.04897959183673469,0.02407407407407407,0.08333333333333333,0.03981481481481482,0.010479491278202179,0.046938775510204075,0.0574074074074074,0.1388888888888889,0.043342151675485004,0.01864238343050162
query,validation,R-E1,relevance_grade,1,multiple_entity_dimensions,True,100,70,30,0.02,0.0023809523809523807,0.014285714285714285,0.014285714285714285,0.006122448979591836,0.03333333333333333,0.009523809523809523,0.02857142857142857,0.019047619047619046,0.006090963648993038,0.04,0.011904761904761904,0.04285714285714286,0.021904761904761903,0.00598828642289069,0.043,0.021564625850340136,0.08571428571428572,0.027142857142857142,0.011095210929297642,0.0455,0.06979591836734693,0.18571428571428572,0.0339172335600907,0.022543227763453636
query,validation,R-E2,relevance_grade,1,query_language,EN,43,28,15,0.0,0.0,0.0,0.0,0.0,0.007751937984496124,0.005952380952380952,0.03571428571428571,0.017857142857142856,0.006504472933903993,0.013953488372093025,0.005952380952380952,0.03571428571428571,0.017857142857142856,0.005262563689431116,0.02790697674418605,0.018197278911564623,0.10714285714285714,0.02891156462585034,0.011706579296014328,0.03255813953488372,0.08218537414965987,0.25,0.03848497732426304,0.026863386316690673
query,validation,R-E2,relevance_grade,1,query_language,ID,16,9,7,0.0625,0.0,0.0,0.0,0.0,0.08333333333333333,0.0,0.0,0.0,0.0,0.07500000000000001,0.0,0.0,0.0,0.0,0.05625,0.0,0.0,0.0,0.0,0.053125000000000006,0.02976190476190476,0.2222222222222222,0.016666666666666666,0.008516541681603087
query,validation,R-E2,relevance_grade,1,query_language,MIXED,41,33,8,0.04878048780487805,0.0,0.0,0.0,0.0,0.04065040650406504,0.015151515151515152,0.030303030303030304,0.0101010101010101,0.0041729023087301005,0.04390243902439025,0.0202020202020202,0.06060606060606061,0.01616161616161616,0.0056252423833638085,0.056097560975609764,0.03636363636363636,0.12121212121212122,0.02297979797979798,0.012883827005929088,0.054878048780487805,0.04747474747474747,0.15151515151515152,0.024873737373737374,0.017245929826770777
query,validation,R-E2,relevance_grade,1,query_intent,Comparative Treatment Choice,2,1,1,0.0,0.0,0.0,0.0,0.0,0.16666666666666666,0.0,0.0,0.0,0.0,0.1,0.0,0.0,0.0,0.0,0.05,0.0,0.0,0.0,0.0,0.025,0.0,0.0,0.0,0.0
query,validation,R-E2,relevance_grade,1,query_intent,Dosing / Administration,21,14,7,0.047619047619047616,0.0,0.0,0.0,0.0,0.047619047619047616,0.047619047619047616,0.14285714285714285,0.05952380952380952,0.02284507273838608,0.0380952380952381,0.047619047619047616,0.14285714285714285,0.05952380952380952,0.02036125424944033,0.03333333333333333,0.0619047619047619,0.21428571428571427,0.06972789115646258,0.023386769558143866,0.0380952380952381,0.0619047619047619,0.21428571428571427,0.06972789115646258,0.023386769558143866
query,validation,R-E2,relevance_grade,1,query_intent,Efficacy / Outcomes,3,1,2,0.0,0.0,0.0,0.0,0.0,0.0,0.0,0.0,0.0,0.0,0.0,0.0,0.0,0.0,0.0,0.03333333333333333,0.0,0.0,0.0,0.0,0.03333333333333333,0.0,0.0,0.0,0.0
query,validation,R-E2,relevance_grade,1,query_intent,Guideline / Evidence Lookup,11,9,2,0.18181818181818182,0.0,0.0,0.0,0.0,0.0606060606060606,0.0,0.0,0.0,0.0,0.03636363636363637,0.0,0.0,0.0,0.0,0.08181818181818182,0.022222222222222223,0.1111111111111111,0.013888888888888888,0.002903628737165598,0.06818181818181819,0.022222222222222223,0.1111111111111111,0.013888888888888888,0.002903628737165598
query,validation,R-E2,relevance_grade,1,query_intent,Interaction / Combination,3,2,1,0.0,0.0,0.0,0.0,0.0,0.0,0.0,0.0,0.0,0.0,0.0,0.0,0.0,0.0,0.0,0.0,0.0,0.0,0.0,0.0,0.016666666666666666,0.5,0.5,0.027777777777777776,0.11770445668331912
query,validation,R-E2,relevance_grade,1,query_intent,Management / Treatment Selection,11,8,3,0.0,0.0,0.0,0.0,0.0,0.0303030303030303,0.0,0.0,0.0,0.0,0.03636363636363637,0.0,0.0,0.0,0.0,0.018181818181818184,0.0,0.0,0.0,0.0,0.022727272727272728,0.0,0.0,0.0,0.0
query,validation,R-E2,relevance_grade,1,query_intent,Mechanism / Background Knowledge,5,3,2,0.0,0.0,0.0,0.0,0.0,0.0,0.0,0.0,0.0,0.0,0.0,0.0,0.0,0.0,0.0,0.08,0.0,0.0,0.0,0.0,0.06,0.16666666666666666,0.3333333333333333,0.020833333333333332,0.01068679483884751
query,validation,R-E2,relevance_grade,1,query_intent,Monitoring / Response / Risk Assessment,11,9,2,0.0,0.0,0.0,0.0,0.0,0.0,0.0,0.0,0.0,0.0,0.0,0.0,0.0,0.0,0.0,0.02727272727272728,0.015873015873015872,0.1111111111111111,0.018518518518518517,0.015341691406942264,0.03636363636363637,0.05661375661375661,0.3333333333333333,0.034722222222222224,0.027895976070499033
query,validation,R-E2,relevance_grade,1,query_intent,Prophylaxis / Maintenance,7,6,1,0.0,0.0,0.0,0.0,0.0,0.0,0.0,0.0,0.0,0.0,0.0,0.0,0.0,0.0,0.0,0.028571428571428574,0.05555555555555555,0.16666666666666666,0.016666666666666666,0.035904382394843594,0.05714285714285715,0.07936507936507936,0.3333333333333333,0.030555555555555558,0.041045188376313275
query,validation,R-E2,relevance_grade,1,query_intent,Safety / Contraindication,15,9,6,0.0,0.0,0.0,0.0,0.0,0.02222222222222222,0.0,0.0,0.0,0.0,0.02666666666666667,0.0,0.0,0.0,0.0,0.03333333333333333,0.0,0.0,0.0,0.0,0.04333333333333333,0.013888888888888888,0.1111111111111111,0.007407407407407408,0.010187529405265744
query,validation,R-E2,relevance_grade,1,query_intent,Treatment Change / Escalation,11,8,3,0.0,0.0,0.0,0.0,0.0,0.0606060606060606,0.0,0.0,0.0,0.0,0.1272727272727273,0.020833333333333332,0.125,0.025,0.005990902807864046,0.09090909090909091,0.020833333333333332,0.125,0.025,0.005737695250501824,0.06818181818181818,0.057291666666666664,0.25,0.03333333333333333,0.02348749580171928
query,validation,R-E2,relevance_grade,1,has_context,False,51,34,17,0.0,0.0,0.0,0.0,0.0,0.0130718954248366,0.0,0.0,0.0,0.0,0.023529411764705885,0.004901960784313725,0.029411764705882353,0.0058823529411764705,0.0014096241900856579,0.03725490196078431,0.018907563025210083,0.08823529411764706,0.013725490196078431,0.011747149383398721,0.04411764705882353,0.08291316526610644,0.23529411764705882,0.023937908496732024,0.026673533527755772
query,validation,R-E2,relevance_grade,1,has_context,True,49,36,13,0.061224489795918366,0.0,0.0,0.0,0.0,0.05442176870748299,0.018518518518518517,0.05555555555555555,0.023148148148148147,0.008884194953816808,0.0489795918367347,0.018518518518518517,0.05555555555555555,0.023148148148148147,0.007918265541449017,0.051020408163265314,0.02962962962962963,0.1111111111111111,0.030588624338624342,0.009820762012458458,0.045918367346938764,0.036574074074074064,0.16666666666666666,0.03429232804232804,0.013639978787264051
query,validation,R-E2,relevance_grade,1,multiple_entity_dimensions,True,100,70,30,0.03,0.0,0.0,0.0,0.0,0.03333333333333333,0.009523809523809523,0.02857142857142857,0.011904761904761904,0.004569014547677216,0.036000000000000004,0.011904761904761904,0.04285714285714286,0.01476190476190476,0.0047569254565010995,0.044000000000000004,0.024421768707482992,0.1,0.022397959183673467,0.010756435878343731,0.04499999999999999,0.05908163265306123,0.2,0.029263038548752833,0.01997056251836003
query,validation,R-E3,relevance_grade,1,query_language,EN,43,28,15,0.023255813953488372,0.005952380952380952,0.03571428571428571,0.03571428571428571,0.015306122448979591,0.023255813953488372,0.011054421768707483,0.07142857142857142,0.047619047619047616,0.018689322937599916,0.023255813953488372,0.011054421768707483,0.07142857142857142,0.047619047619047616,0.015537655980950431,0.027906976744186046,0.0717687074829932,0.17857142857142858,0.061153628117913826,0.03668870267552913,0.037209302325581395,0.11853741496598638,0.25,0.06568877551020408,0.048699515170721394
query,validation,R-E3,relevance_grade,1,query_language,ID,16,9,7,0.0625,0.0,0.0,0.0,0.0,0.08333333333333333,0.0,0.0,0.0,0.0,0.075,0.0,0.0,0.0,0.0,0.06875,0.0,0.0,0.0,0.0,0.040625,0.0,0.0,0.0,0.0
query,validation,R-E3,relevance_grade,1,query_language,MIXED,41,33,8,0.024390243902439025,0.0,0.0,0.0,0.0,0.024390243902439025,0.015151515151515152,0.030303030303030304,0.015151515151515152,0.005265616450649698,0.03414634146341463,0.015151515151515152,0.030303030303030304,0.015151515151515152,0.005265616450649698,0.036585365853658534,0.027777777777777776,0.09090909090909091,0.02196969696969697,0.010912432238475725,0.041463414634146344,0.0571067821067821,0.21212121212121213,0.02980973704657915,0.02462507393397123
query,validation,R-E3,relevance_grade,1,query_intent,Comparative Treatment Choice,2,1,1,0.0,0.0,0.0,0.0,0.0,0.0,0.0,0.0,0.0,0.0,0.1,0.0,0.0,0.0,0.0,0.1,0.0,0.0,0.0,0.0,0.05,0.0,0.0,0.0,0.0
query,validation,R-E3,relevance_grade,1,query_intent,Dosing / Administration,21,14,7,0.09523809523809523,0.011904761904761904,0.07142857142857142,0.07142857142857142,0.030612244897959183,0.06349206349206349,0.047619047619047616,0.14285714285714285,0.10714285714285714,0.03303050157948995,0.0380952380952381,0.047619047619047616,0.14285714285714285,0.10714285714285714,0.029093742415913053,0.0380952380952381,0.09761904761904762,0.2857142857142857,0.12528344671201813,0.04941221878733356,0.04047619047619048,0.10782312925170068,0.35714285714285715,0.13077795220652363,0.05357050358325135
query,validation,R-E3,relevance_grade,1,query_intent,Efficacy / Outcomes,3,1,2,0.0,0.0,0.0,0.0,0.0,0.0,0.0,0.0,0.0,0.0,0.0,0.0,0.0,0.0,0.0,0.0,0.0,0.0,0.0,0.0,0.016666666666666666,1.0,1.0,0.05555555555555555,0.23540891336663824
query,validation,R-E3,relevance_grade,1,query_intent,Guideline / Evidence Lookup,11,9,2,0.0,0.0,0.0,0.0,0.0,0.0,0.0,0.0,0.0,0.0,0.03636363636363637,0.0,0.0,0.0,0.0,0.03636363636363637,0.0,0.0,0.0,0.0,0.03636363636363637,0.013888888888888888,0.1111111111111111,0.007407407407407408,0.0014553613436093919
query,validation,R-E3,relevance_grade,1,query_intent,Interaction / Combination,3,2,1,0.0,0.0,0.0,0.0,0.0,0.0,0.0,0.0,0.0,0.0,0.0,0.0,0.0,0.0,0.0,0.03333333333333333,0.5,0.5,0.0625,0.15773243839286438,0.03333333333333333,0.5,0.5,0.0625,0.15773243839286438
query,validation,R-E3,relevance_grade,1,query_intent,Management / Treatment Selection,11,8,3,0.0,0.0,0.0,0.0,0.0,0.0606060606060606,0.0,0.0,0.0,0.0,0.05454545454545456,0.0,0.0,0.0,0.0,0.02727272727272728,0.0,0.0,0.0,0.0,0.02727272727272727,0.0,0.0,0.0,0.0
query,validation,R-E3,relevance_grade,1,query_intent,Mechanism / Background Knowledge,5,3,2,0.0,0.0,0.0,0.0,0.0,0.0,0.0,0.0,0.0,0.0,0.08,0.0,0.0,0.0,0.0,0.06000000000000001,0.0,0.0,0.0,0.0,0.04,0.0,0.0,0.0,0.0
query,validation,R-E3,relevance_grade,1,query_intent,Monitoring / Response / Risk Assessment,11,9,2,0.0,0.0,0.0,0.0,0.0,0.0303030303030303,0.015873015873015872,0.1111111111111111,0.037037037037037035,0.026071040334597582,0.03636363636363637,0.015873015873015872,0.1111111111111111,0.037037037037037035,0.022389701835029932,0.02727272727272728,0.015873015873015872,0.1111111111111111,0.037037037037037035,0.02153478644198411,0.06363636363636364,0.07248677248677249,0.3333333333333333,0.05082149818991924,0.04445447838588826
query,validation,R-E3,relevance_grade,1,query_intent,Prophylaxis / Maintenance,7,6,1,0.0,0.0,0.0,0.0,0.0,0.0,0.0,0.0,0.0,0.0,0.0,0.0,0.0,0.0,0.0,0.028571428571428574,0.041666666666666664,0.16666666666666666,0.016666666666666666,0.024818968232397102,0.028571428571428574,0.09722222222222221,0.3333333333333333,0.027083333333333334,0.05520670765130061
query,validation,R-E3,relevance_grade,1,query_intent,Safety / Contraindication,15,9,6,0.0,0.0,0.0,0.0,0.0,0.0,0.0,0.0,0.0,0.0,0.013333333333333334,0.0,0.0,0.0,0.0,0.04000000000000001,0.0,0.0,0.0,0.0,0.03666666666666667,0.0,0.0,0.0,0.0
query,validation,R-E3,relevance_grade,1,query_intent,Treatment Change / Escalation,11,8,3,0.09090909090909091,0.0,0.0,0.0,0.0,0.09090909090909091,0.0,0.0,0.0,0.0,0.05454545454545456,0.0,0.0,0.0,0.0,0.05454545454545454,0.020833333333333332,0.125,0.015625,0.004678888950484531,0.045454545454545456,0.041666666666666664,0.125,0.015625,0.016365527601260175
query,validation,R-E3,relevance_grade,1,has_context,False,51,34,17,0.0,0.0,0.0,0.0,0.0,0.0196078431372549,0.004201680672268907,0.029411764705882353,0.00980392156862745,0.006901157735628772,0.03137254901960784,0.004201680672268907,0.029411764705882353,0.00980392156862745,0.005926685779860864,0.03529411764705882,0.04586834733893558,0.11764705882352941,0.020098039215686276,0.020459496345936606,0.040196078431372545,0.1049719887955182,0.23529411764705882,0.02721908939014202,0.041562604774801365
query,validation,R-E3,relevance_grade,1,has_context,True,49,36,13,0.061224489795918366,0.004629629629629629,0.027777777777777776,0.027777777777777776,0.011904761904761904,0.047619047619047616,0.018518518518518517,0.05555555555555555,0.041666666666666664,0.012845195058690537,0.04081632653061224,0.018518518518518517,0.05555555555555555,0.041666666666666664,0.011314233161743965,0.04081632653061224,0.03796296296296296,0.1111111111111111,0.04872134038800705,0.01921586286174083,0.03877551020408163,0.045403439153439154,0.16666666666666666,0.05270994437661104,0.02119681395161121
query,validation,R-E3,relevance_grade,1,multiple_entity_dimensions,True,100,70,30,0.03,0.0023809523809523807,0.014285714285714285,0.014285714285714285,0.006122448979591836,0.03333333333333333,0.011564625850340135,0.04285714285714286,0.02619047619047619,0.009958091216060536,0.036000000000000004,0.011564625850340135,0.04285714285714286,0.02619047619047619,0.008697424433400745,0.038000000000000006,0.04180272108843537,0.11428571428571428,0.0348185941043084,0.01981991341120735,0.03949999999999999,0.07433673469387754,0.2,0.0403286719546118,0.03108876949430357
query,validation,R-E4,relevance_grade,1,query_language,EN,43,28,15,0.023255813953488372,0.005952380952380952,0.03571428571428571,0.03571428571428571,0.015306122448979591,0.007751937984496124,0.005952380952380952,0.03571428571428571,0.03571428571428571,0.010309345687193548,0.013953488372093025,0.005952380952380952,0.03571428571428571,0.03571428571428571,0.008340966105405096,0.034883720930232565,0.05986394557823129,0.17857142857142858,0.05803571428571429,0.02901762292215534,0.03604651162790698,0.07325680272108845,0.25,0.062687575030012,0.03572735086851151
query,validation,R-E4,relevance_grade,1,query_language,ID,16,9,7,0.0,0.0,0.0,0.0,0.0,0.10416666666666666,0.0,0.0,0.0,0.0,0.0625,0.0,0.0,0.0,0.0,0.05625000000000001,0.0,0.0,0.0,0.0,0.046875,0.015873015873015872,0.1111111111111111,0.006172839506172839,0.0029854939186044777
query,validation,R-E4,relevance_grade,1,query_language,MIXED,41,33,8,0.024390243902439025,0.0,0.0,0.0,0.0,0.05691056910569105,0.02121212121212121,0.06060606060606061,0.0202020202020202,0.005630789577626158,0.04390243902439025,0.02121212121212121,0.06060606060606061,0.0202020202020202,0.005428032126300228,0.04878048780487805,0.0398989898989899,0.15151515151515152,0.030928330928330926,0.012994632165773772,0.046341463414634146,0.055050505050505044,0.18181818181818182,0.03282227032227032,0.021216353344322245
query,validation,R-E4,relevance_grade,1,query_intent,Comparative Treatment Choice,2,1,1,0.0,0.0,0.0,0.0,0.0,0.16666666666666666,0.0,0.0,0.0,0.0,0.1,0.0,0.0,0.0,0.0,0.05,0.0,0.0,0.0,0.0,0.05,0.0,0.0,0.0,0.0
query,validation,R-E4,relevance_grade,1,query_intent,Dosing / Administration,21,14,7,0.047619047619047616,0.011904761904761904,0.07142857142857142,0.07142857142857142,0.030612244897959183,0.047619047619047616,0.047619047619047616,0.14285714285714285,0.09523809523809523,0.03045481824496519,0.028571428571428574,0.047619047619047616,0.14285714285714285,0.09523809523809523,0.026518059081388285,0.0380952380952381,0.0619047619047619,0.21428571428571427,0.10714285714285714,0.029333805886334875,0.030952380952380953,0.0619047619047619,0.21428571428571427,0.10714285714285714,0.029333805886334875
query,validation,R-E4,relevance_grade,1,query_intent,Efficacy / Outcomes,3,1,2,0.0,0.0,0.0,0.0,0.0,0.0,0.0,0.0,0.0,0.0,0.0,0.0,0.0,0.0,0.0,0.03333333333333333,0.0,0.0,0.0,0.0,0.03333333333333333,0.0,0.0,0.0,0.0
query,validation,R-E4,relevance_grade,1,query_intent,Guideline / Evidence Lookup,11,9,2,0.0,0.0,0.0,0.0,0.0,0.09090909090909091,0.022222222222222223,0.1111111111111111,0.037037037037037035,0.005345586652618877,0.05454545454545456,0.022222222222222223,0.1111111111111111,0.037037037037037035,0.004602142664423799,0.06363636363636364,0.022222222222222223,0.1111111111111111,0.037037037037037035,0.004602142664423799,0.05909090909090909,0.022222222222222223,0.1111111111111111,0.037037037037037035,0.004602142664423799
query,validation,R-E4,relevance_grade,1,query_intent,Interaction / Combination,3,2,1,0.0,0.0,0.0,0.0,0.0,0.0,0.0,0.0,0.0,0.0,0.0,0.0,0.0,0.0,0.0,0.03333333333333333,0.5,0.5,0.0625,0.15773243839286438,0.03333333333333333,0.5,0.5,0.0625,0.15773243839286438
query,validation,R-E4,relevance_grade,1,query_intent,Management / Treatment Selection,11,8,3,0.0,0.0,0.0,0.0,0.0,0.0606060606060606,0.0,0.0,0.0,0.0,0.03636363636363637,0.0,0.0,0.0,0.0,0.02727272727272728,0.0,0.0,0.0,0.0,0.018181818181818184,0.0,0.0,0.0,0.0
query,validation,R-E4,relevance_grade,1,query_intent,Mechanism / Background Knowledge,5,3,2,0.0,0.0,0.0,0.0,0.0,0.0,0.0,0.0,0.0,0.0,0.0,0.0,0.0,0.0,0.0,0.06000000000000001,0.0,0.0,0.0,0.0,0.05,0.0,0.0,0.0,0.0
query,validation,R-E4,relevance_grade,1,query_intent,Monitoring / Response / Risk Assessment,11,9,2,0.0,0.0,0.0,0.0,0.0,0.0,0.0,0.0,0.0,0.0,0.018181818181818184,0.0,0.0,0.0,0.0,0.03636363636363637,0.05661375661375661,0.3333333333333333,0.05291005291005291,0.03212518809492044,0.05,0.08439153439153439,0.4444444444444444,0.06084656084656084,0.04322751104171326
query,validation,R-E4,relevance_grade,1,query_intent,Prophylaxis / Maintenance,7,6,1,0.0,0.0,0.0,0.0,0.0,0.0,0.0,0.0,0.0,0.0,0.0,0.0,0.0,0.0,0.0,0.014285714285714287,0.041666666666666664,0.16666666666666666,0.016666666666666666,0.024818968232397102,0.03571428571428571,0.12103174603174603,0.5,0.03634259259259259,0.059684948529207325
query,validation,R-E4,relevance_grade,1,query_intent,Safety / Contraindication,15,9,6,0.06666666666666667,0.0,0.0,0.0,0.0,0.02222222222222222,0.0,0.0,0.0,0.0,0.04000000000000001,0.0,0.0,0.0,0.0,0.04,0.0,0.0,0.0,0.0,0.04666666666666667,0.013888888888888888,0.1111111111111111,0.006535947712418301,0.009772386219648588
query,validation,R-E4,relevance_grade,1,query_intent,Treatment Change / Escalation,11,8,3,0.0,0.0,0.0,0.0,0.0,0.09090909090909091,0.0,0.0,0.0,0.0,0.07272727272727274,0.0,0.0,0.0,0.0,0.08181818181818183,0.020833333333333332,0.125,0.013888888888888888,0.0044647947334982875,0.05909090909090909,0.041666666666666664,0.125,0.013888888888888888,0.015588590030833108
query,validation,R-E4,relevance_grade,1,has_context,False,51,34,17,0.0196078431372549,0.0,0.0,0.0,0.0,0.0196078431372549,0.0,0.0,0.0,0.0,0.023529411764705885,0.0,0.0,0.0,0.0,0.0392156862745098,0.05665266106442576,0.17647058823529413,0.023891223155929037,0.02321246285007005,0.042156862745098035,0.08291316526610644,0.2647058823529412,0.029464285714285714,0.034921496693619325
query,validation,R-E4,relevance_grade,1,has_context,True,49,36,13,0.02040816326530612,0.004629629629629629,0.027777777777777776,0.027777777777777776,0.011904761904761904,0.06802721088435373,0.02407407407407407,0.08333333333333333,0.046296296296296294,0.013179937091752294,0.04489795918367347,0.02407407407407407,0.08333333333333333,0.046296296296296294,0.01146311419775695,0.04897959183673469,0.02962962962962963,0.1111111111111111,0.05092592592592592,0.012558126844125066,0.04183673469387755,0.03310185185185185,0.1388888888888889,0.0525599128540305,0.015001223399037212
query,validation,R-E4,relevance_grade,1,multiple_entity_dimensions,True,100,70,30,0.02,0.0023809523809523807,0.014285714285714285,0.014285714285714285,0.006122448979591836,0.04333333333333333,0.012380952380952381,0.04285714285714286,0.023809523809523808,0.0067782533614726085,0.034,0.012380952380952381,0.04285714285714286,0.023809523809523808,0.0058953158731321455,0.044000000000000004,0.042755102040816326,0.14285714285714285,0.03779478458049886,0.017733090047012633,0.041999999999999996,0.057295918367346946,0.2,0.04134203681472589,0.024676784713548523
query,validation,R-E5,relevance_grade,1,query_language,EN,43,28,15,0.023255813953488372,0.005952380952380952,0.03571428571428571,0.03571428571428571,0.015306122448979591,0.015503875968992248,0.005952380952380952,0.03571428571428571,0.03571428571428571,0.010309345687193548,0.018604651162790697,0.005952380952380952,0.03571428571428571,0.03571428571428571,0.008340966105405096,0.025581395348837212,0.011054421768707483,0.07142857142857142,0.04166666666666667,0.012631622008214034,0.03255813953488373,0.06581632653061224,0.17857142857142858,0.04999045072574485,0.026756066873748572
query,validation,R-E5,relevance_grade,1,query_language,ID,16,9,7,0.0,0.0,0.0,0.0,0.0,0.08333333333333333,0.0,0.0,0.0,0.0,0.07500000000000001,0.0,0.0,0.0,0.0,0.05,0.0,0.0,0.0,0.0,0.053125000000000006,0.12698412698412698,0.2222222222222222,0.01270878721859114,0.02963132353728575
query,validation,R-E5,relevance_grade,1,query_language,MIXED,41,33,8,0.024390243902439025,0.0,0.0,0.0,0.0,0.04065040650406504,0.015151515151515152,0.030303030303030304,0.0101010101010101,0.0041729023087301005,0.04878048780487806,0.0202020202020202,0.06060606060606061,0.01616161616161616,0.0056252423833638085,0.05853658536585367,0.03636363636363636,0.12121212121212122,0.023316498316498315,0.013443794873628024,0.05731707317073171,0.07171717171717171,0.15151515151515152,0.02548100048100048,0.024115079418293033
query,validation,R-E5,relevance_grade,1,query_intent,Comparative Treatment Choice,2,1,1,0.0,0.0,0.0,0.0,0.0,0.16666666666666666,0.0,0.0,0.0,0.0,0.1,0.0,0.0,0.0,0.0,0.05,0.0,0.0,0.0,0.0,0.05,0.0,0.0,0.0,0.0
query,validation,R-E5,relevance_grade,1,query_intent,Dosing / Administration,21,14,7,0.09523809523809523,0.011904761904761904,0.07142857142857142,0.07142857142857142,0.030612244897959183,0.06349206349206349,0.047619047619047616,0.14285714285714285,0.09523809523809523,0.03045481824496519,0.047619047619047616,0.047619047619047616,0.14285714285714285,0.09523809523809523,0.026518059081388285,0.03333333333333333,0.047619047619047616,0.14285714285714285,0.09523809523809523,0.025236854982543275,0.03571428571428572,0.0619047619047619,0.21428571428571427,0.09943977591036414,0.02799508091735253
query,validation,R-E5,relevance_grade,1,query_intent,Efficacy / Outcomes,3,1,2,0.0,0.0,0.0,0.0,0.0,0.0,0.0,0.0,0.0,0.0,0.0,0.0,0.0,0.0,0.0,0.03333333333333333,0.0,0.0,0.0,0.0,0.016666666666666666,0.0,0.0,0.0,0.0
query,validation,R-E5,relevance_grade,1,query_intent,Guideline / Evidence Lookup,11,9,2,0.0,0.0,0.0,0.0,0.0,0.0303030303030303,0.0,0.0,0.0,0.0,0.05454545454545456,0.0,0.0,0.0,0.0,0.08181818181818182,0.022222222222222223,0.1111111111111111,0.012345679012345678,0.002770765972633038,0.06818181818181819,0.022222222222222223,0.1111111111111111,0.012345679012345678,0.002770765972633038
query,validation,R-E5,relevance_grade,1,query_intent,Interaction / Combination,3,2,1,0.0,0.0,0.0,0.0,0.0,0.0,0.0,0.0,0.0,0.0,0.0,0.0,0.0,0.0,0.0,0.0,0.0,0.0,0.0,0.0,0.016666666666666666,0.5,0.5,0.041666666666666664,0.13511907721365987
query,validation,R-E5,relevance_grade,1,query_intent,Management / Treatment Selection,11,8,3,0.0,0.0,0.0,0.0,0.0,0.0303030303030303,0.0,0.0,0.0,0.0,0.03636363636363637,0.0,0.0,0.0,0.0,0.02727272727272728,0.0,0.0,0.0,0.0,0.02727272727272728,0.125,0.125,0.007352941176470588,0.029976558321016433
query,validation,R-E5,relevance_grade,1,query_intent,Mechanism / Background Knowledge,5,3,2,0.0,0.0,0.0,0.0,0.0,0.0,0.0,0.0,0.0,0.0,0.0,0.0,0.0,0.0,0.0,0.06000000000000001,0.0,0.0,0.0,0.0,0.06,0.0,0.0,0.0,0.0
query,validation,R-E5,relevance_grade,1,query_intent,Monitoring / Response / Risk Assessment,11,9,2,0.0,0.0,0.0,0.0,0.0,0.0,0.0,0.0,0.0,0.0,0.0,0.0,0.0,0.0,0.0,0.02727272727272728,0.015873015873015872,0.1111111111111111,0.018518518518518517,0.015341691406942264,0.040909090909090916,0.05291005291005291,0.2222222222222222,0.028619528619528618,0.024967373486977577
query,validation,R-E5,relevance_grade,1,query_intent,Prophylaxis / Maintenance,7,6,1,0.0,0.0,0.0,0.0,0.0,0.0,0.0,0.0,0.0,0.0,0.0,0.0,0.0,0.0,0.0,0.014285714285714287,0.05555555555555555,0.16666666666666666,0.020833333333333332,0.03918349981398659,0.05714285714285715,0.07936507936507936,0.3333333333333333,0.03009259259259259,0.043661740691893304
query,validation,R-E5,relevance_grade,1,query_intent,Safety / Contraindication,15,9,6,0.0,0.0,0.0,0.0,0.0,0.02222222222222222,0.0,0.0,0.0,0.0,0.04000000000000001,0.0,0.0,0.0,0.0,0.04000000000000001,0.0,0.0,0.0,0.0,0.04333333333333333,0.0,0.0,0.0,0.0
query,validation,R-E5,relevance_grade,1,query_intent,Treatment Change / Escalation,11,8,3,0.0,0.0,0.0,0.0,0.0,0.09090909090909091,0.0,0.0,0.0,0.0,0.10909090909090911,0.020833333333333332,0.125,0.025,0.005990902807864046,0.08181818181818183,0.020833333333333332,0.125,0.025,0.005737695250501824,0.07272727272727274,0.16666666666666666,0.25,0.03392857142857143,0.049756743997245
query,validation,R-E5,relevance_grade,1,has_context,False,51,34,17,0.0,0.0,0.0,0.0,0.0,0.0130718954248366,0.0,0.0,0.0,0.0,0.0196078431372549,0.004901960784313725,0.029411764705882353,0.0058823529411764705,0.0014096241900856579,0.03529411764705883,0.018907563025210083,0.08823529411764706,0.01446078431372549,0.012325817163247484,0.04607843137254902,0.09663865546218486,0.20588235294117646,0.02294965223165915,0.03349480452052217
query,validation,R-E5,relevance_grade,1,has_context,True,49,36,13,0.04081632653061224,0.004629629629629629,0.027777777777777776,0.027777777777777776,0.011904761904761904,0.061224489795918366,0.018518518518518517,0.05555555555555555,0.037037037037037035,0.011843540428597574,0.061224489795918366,0.018518518518518517,0.05555555555555555,0.037037037037037035,0.010312578531650999,0.05102040816326531,0.02407407407407407,0.08333333333333333,0.040123456790123455,0.010507023986369534,0.045918367346938785,0.0574074074074074,0.1388888888888889,0.043741570702355015,0.018689612539068007
query,validation,R-E5,relevance_grade,1,multiple_entity_dimensions,True,100,70,30,0.02,0.0023809523809523807,0.014285714285714285,0.014285714285714285,0.006122448979591836,0.03666666666666666,0.009523809523809523,0.02857142857142857,0.019047619047619046,0.006090963648993038,0.04,0.011904761904761904,0.04285714285714286,0.021904761904761903,0.00598828642289069,0.043,0.021564625850340136,0.08571428571428572,0.027658730158730157,0.011390437815138824,0.046,0.07646258503401361,0.17142857142857143,0.03364263887373131,0.025880705787202887
query,validation,R-E6,relevance_grade,1,query_language,EN,43,28,15,0.0,0.0,0.0,0.0,0.0,0.007751937984496124,0.005952380952380952,0.03571428571428571,0.017857142857142856,0.006504472933903993,0.013953488372093025,0.005952380952380952,0.03571428571428571,0.017857142857142856,0.005262563689431116,0.025581395348837212,0.018197278911564623,0.10714285714285714,0.02976190476190476,0.011838122200378845,0.03023255813953489,0.07028061224489796,0.21428571428571427,0.03808568882098294,0.02772457824053866
query,validation,R-E6,relevance_grade,1,query_language,ID,16,9,7,0.0625,0.0,0.0,0.0,0.0,0.08333333333333333,0.0,0.0,0.0,0.0,0.07500000000000001,0.0,0.0,0.0,0.0,0.05,0.0,0.0,0.0,0.0,0.05625,0.14087301587301587,0.3333333333333333,0.02011619462599855,0.03472066123124238
query,validation,R-E6,relevance_grade,1,query_language,MIXED,41,33,8,0.04878048780487805,0.0,0.0,0.0,0.0,0.04065040650406504,0.015151515151515152,0.030303030303030304,0.0101010101010101,0.0041729023087301005,0.03414634146341464,0.0202020202020202,0.06060606060606061,0.01616161616161616,0.0056252423833638085,0.051219512195121955,0.03636363636363636,0.12121212121212122,0.02427849927849928,0.013524884638259705,0.0597560975609756,0.04141414141414141,0.12121212121212122,0.02427849927849928,0.016439865400809096
query,validation,R-E6,relevance_grade,1,query_intent,Comparative Treatment Choice,2,1,1,0.0,0.0,0.0,0.0,0.0,0.0,0.0,0.0,0.0,0.0,0.1,0.0,0.0,0.0,0.0,0.05,0.0,0.0,0.0,0.0,0.025,0.0,0.0,0.0,0.0
query,validation,R-E6,relevance_grade,1,query_intent,Dosing / Administration,21,14,7,0.047619047619047616,0.0,0.0,0.0,0.0,0.047619047619047616,0.047619047619047616,0.14285714285714285,0.05952380952380952,0.02284507273838608,0.0380952380952381,0.047619047619047616,0.14285714285714285,0.05952380952380952,0.02036125424944033,0.0380952380952381,0.0619047619047619,0.21428571428571427,0.07142857142857142,0.0236498553668729,0.030952380952380953,0.0619047619047619,0.21428571428571427,0.07142857142857142,0.0236498553668729
query,validation,R-E6,relevance_grade,1,query_intent,Efficacy / Outcomes,3,1,2,0.0,0.0,0.0,0.0,0.0,0.0,0.0,0.0,0.0,0.0,0.0,0.0,0.0,0.0,0.0,0.03333333333333333,0.0,0.0,0.0,0.0,0.016666666666666666,0.0,0.0,0.0,0.0
query,validation,R-E6,relevance_grade,1,query_intent,Guideline / Evidence Lookup,11,9,2,0.18181818181818182,0.0,0.0,0.0,0.0,0.0606060606060606,0.0,0.0,0.0,0.0,0.03636363636363637,0.0,0.0,0.0,0.0,0.06363636363636364,0.022222222222222223,0.1111111111111111,0.015873015873015872,0.0030680951096158657,0.08181818181818183,0.022222222222222223,0.1111111111111111,0.015873015873015872,0.0030680951096158657
query,validation,R-E6,relevance_grade,1,query_intent,Interaction / Combination,3,2,1,0.0,0.0,0.0,0.0,0.0,0.0,0.0,0.0,0.0,0.0,0.0,0.0,0.0,0.0,0.0,0.0,0.0,0.0,0.0,0.0,0.016666666666666666,0.5,0.5,0.041666666666666664,0.13511907721365987
query,validation,R-E6,relevance_grade,1,query_intent,Management / Treatment Selection,11,8,3,0.0,0.0,0.0,0.0,0.0,0.0303030303030303,0.0,0.0,0.0,0.0,0.03636363636363637,0.0,0.0,0.0,0.0,0.02727272727272728,0.0,0.0,0.0,0.0,0.02727272727272728,0.125,0.125,0.007352941176470588,0.029976558321016433
query,validation,R-E6,relevance_grade,1,query_intent,Mechanism / Background Knowledge,5,3,2,0.0,0.0,0.0,0.0,0.0,0.0,0.0,0.0,0.0,0.0,0.0,0.0,0.0,0.0,0.0,0.06000000000000001,0.0,0.0,0.0,0.0,0.06,0.0,0.0,0.0,0.0
query,validation,R-E6,relevance_grade,1,query_intent,Monitoring / Response / Risk Assessment,11,9,2,0.0,0.0,0.0,0.0,0.0,0.0,0.0,0.0,0.0,0.0,0.0,0.0,0.0,0.0,0.0,0.02727272727272728,0.015873015873015872,0.1111111111111111,0.018518518518518517,0.015341691406942264,0.040909090909090916,0.05291005291005291,0.2222222222222222,0.028619528619528618,0.024967373486977577
query,validation,R-E6,relevance_grade,1,query_intent,Prophylaxis / Maintenance,7,6,1,0.0,0.0,0.0,0.0,0.0,0.0,0.0,0.0,0.0,0.0,0.0,0.0,0.0,0.0,0.0,0.014285714285714287,0.05555555555555555,0.16666666666666666,0.020833333333333332,0.03918349981398659,0.05714285714285715,0.07936507936507936,0.3333333333333333,0.03009259259259259,0.043661740691893304
query,validation,R-E6,relevance_grade,1,query_intent,Safety / Contraindication,15,9,6,0.0,0.0,0.0,0.0,0.0,0.02222222222222222,0.0,0.0,0.0,0.0,0.02666666666666667,0.0,0.0,0.0,0.0,0.04000000000000001,0.0,0.0,0.0,0.0,0.04666666666666667,0.013888888888888888,0.1111111111111111,0.006535947712418301,0.009772386219648588
query,validation,R-E6,relevance_grade,1,query_intent,Treatment Change / Escalation,11,8,3,0.0,0.0,0.0,0.0,0.0,0.09090909090909091,0.0,0.0,0.0,0.0,0.09090909090909091,0.020833333333333332,0.125,0.025,0.005990902807864046,0.06363636363636364,0.020833333333333332,0.125,0.025,0.005737695250501824,0.07272727272727274,0.057291666666666664,0.25,0.03333333333333333,0.02348749580171928
query,validation,R-E6,relevance_grade,1,has_context,False,51,34,17,0.0,0.0,0.0,0.0,0.0,0.0130718954248366,0.0,0.0,0.0,0.0,0.0196078431372549,0.004901960784313725,0.029411764705882353,0.0058823529411764705,0.0014096241900856579,0.03529411764705883,0.018907563025210083,0.08823529411764706,0.01446078431372549,0.012325817163247484,0.04607843137254902,0.09663865546218486,0.20588235294117646,0.02294965223165915,0.03349480452052217
query,validation,R-E6,relevance_grade,1,has_context,True,49,36,13,0.061224489795918366,0.0,0.0,0.0,0.0,0.05442176870748299,0.018518518518518517,0.05555555555555555,0.023148148148148147,0.008884194953816808,0.04489795918367347,0.018518518518518517,0.05555555555555555,0.023148148148148147,0.007918265541449017,0.04489795918367347,0.02962962962962963,0.1111111111111111,0.031746031746031744,0.009964189753410093,0.046938775510204075,0.036574074074074064,0.16666666666666666,0.03523187052598817,0.0136796207318114
query,validation,R-E6,relevance_grade,1,multiple_entity_dimensions,True,100,70,30,0.03,0.0,0.0,0.0,0.0,0.03333333333333333,0.009523809523809523,0.02857142857142857,0.011904761904761904,0.004569014547677216,0.032,0.011904761904761904,0.04285714285714286,0.01476190476190476,0.0047569254565010995,0.04,0.024421768707482992,0.1,0.02335034013605442,0.01111126592390254,0.04649999999999999,0.06574829931972788,0.18571428571428572,0.029266221640171213,0.023304138572042346
query,validation,R-E7,relevance_grade,1,query_language,EN,43,28,15,0.023255813953488372,0.0,0.0,0.0,0.0,0.007751937984496124,0.0,0.0,0.0,0.0,0.023255813953488372,0.0071428571428571435,0.03571428571428571,0.0071428571428571435,0.0022247122118752125,0.030232558139534883,0.0524234693877551,0.14285714285714285,0.021768707482993196,0.02284697603505051,0.03953488372093024,0.0679421768707483,0.21428571428571427,0.025434121016827786,0.02714502592873507
query,validation,R-E7,relevance_grade,1,query_language,ID,16,9,7,0.0,0.0,0.0,0.0,0.0,0.0625,0.0,0.0,0.0,0.0,0.037500000000000006,0.0,0.0,0.0,0.0,0.03125,0.0,0.0,0.0,0.0,0.04375,0.013888888888888888,0.1111111111111111,0.007936507936507936,0.005210627294941126
query,validation,R-E7,relevance_grade,1,query_language,MIXED,41,33,8,0.0,0.0,0.0,0.0,0.0,0.024390243902439025,0.0,0.0,0.0,0.0,0.03414634146341464,0.0,0.0,0.0,0.0,0.051219512195121955,0.022222222222222223,0.09090909090909091,0.011868686868686869,0.006985407184670377,0.046341463414634146,0.03737373737373737,0.12121212121212122,0.013552188552188552,0.008950083980836956
query,validation,R-E7,relevance_grade,1,query_intent,Comparative Treatment Choice,2,1,1,0.0,0.0,0.0,0.0,0.0,0.0,0.0,0.0,0.0,0.0,0.0,0.0,0.0,0.0,0.0,0.0,0.0,0.0,0.0,0.0,0.0,0.0,0.0,0.0,0.0
query,validation,R-E7,relevance_grade,1,query_intent,Dosing / Administration,21,14,7,0.0,0.0,0.0,0.0,0.0,0.0,0.0,0.0,0.0,0.0,0.028571428571428574,0.014285714285714287,0.07142857142857142,0.014285714285714287,0.004449424423750425,0.01904761904761905,0.014285714285714287,0.07142857142857142,0.014285714285714287,0.004449424423750425,0.04047619047619048,0.0619047619047619,0.21428571428571427,0.021825396825396824,0.012586735899794057
query,validation,R-E7,relevance_grade,1,query_intent,Efficacy / Outcomes,3,1,2,0.0,0.0,0.0,0.0,0.0,0.0,0.0,0.0,0.0,0.0,0.0,0.0,0.0,0.0,0.0,0.03333333333333333,0.0,0.0,0.0,0.0,0.016666666666666666,0.0,0.0,0.0,0.0
query,validation,R-E7,relevance_grade,1,query_intent,Guideline / Evidence Lookup,11,9,2,0.0,0.0,0.0,0.0,0.0,0.0303030303030303,0.0,0.0,0.0,0.0,0.03636363636363637,0.0,0.0,0.0,0.0,0.06363636363636363,0.022222222222222223,0.1111111111111111,0.018518518518518517,0.0032786325863284394,0.06363636363636366,0.022222222222222223,0.1111111111111111,0.018518518518518517,0.0032786325863284394
query,validation,R-E7,relevance_grade,1,query_intent,Interaction / Combination,3,2,1,0.0,0.0,0.0,0.0,0.0,0.0,0.0,0.0,0.0,0.0,0.0,0.0,0.0,0.0,0.0,0.03333333333333333,0.5,0.5,0.07142857142857142,0.16666666666666666,0.03333333333333333,0.5,0.5,0.07142857142857142,0.16666666666666666
query,validation,R-E7,relevance_grade,1,query_intent,Management / Treatment Selection,11,8,3,0.0,0.0,0.0,0.0,0.0,0.0303030303030303,0.0,0.0,0.0,0.0,0.018181818181818184,0.0,0.0,0.0,0.0,0.018181818181818184,0.0,0.0,0.0,0.0,0.018181818181818184,0.0,0.0,0.0,0.0
query,validation,R-E7,relevance_grade,1,query_intent,Mechanism / Background Knowledge,5,3,2,0.0,0.0,0.0,0.0,0.0,0.0,0.0,0.0,0.0,0.0,0.04,0.0,0.0,0.0,0.0,0.06000000000000001,0.0,0.0,0.0,0.0,0.07,0.0,0.0,0.0,0.0
query,validation,R-E7,relevance_grade,1,query_intent,Monitoring / Response / Risk Assessment,11,9,2,0.0,0.0,0.0,0.0,0.0,0.0,0.0,0.0,0.0,0.0,0.018181818181818184,0.0,0.0,0.0,0.0,0.02727272727272728,0.0380952380952381,0.2222222222222222,0.02962962962962963,0.02161108680797908,0.040909090909090916,0.05396825396825397,0.3333333333333333,0.0354775828460039,0.025255913133459484
query,validation,R-E7,relevance_grade,1,query_intent,Prophylaxis / Maintenance,7,6,1,0.0,0.0,0.0,0.0,0.0,0.0,0.0,0.0,0.0,0.0,0.0,0.0,0.0,0.0,0.0,0.014285714285714287,0.0,0.0,0.0,0.0,0.03571428571428571,0.0,0.0,0.0,0.0
query,validation,R-E7,relevance_grade,1,query_intent,Safety / Contraindication,15,9,6,0.06666666666666667,0.0,0.0,0.0,0.0,0.06666666666666667,0.0,0.0,0.0,0.0,0.05333333333333334,0.0,0.0,0.0,0.0,0.05999999999999999,0.013888888888888888,0.1111111111111111,0.011111111111111112,0.011779425672566068,0.04333333333333333,0.027777777777777776,0.1111111111111111,0.011111111111111112,0.01605208497286944
query,validation,R-E7,relevance_grade,1,query_intent,Treatment Change / Escalation,11,8,3,0.0,0.0,0.0,0.0,0.0,0.0606060606060606,0.0,0.0,0.0,0.0,0.05454545454545456,0.0,0.0,0.0,0.0,0.07272727272727274,0.041666666666666664,0.125,0.015625,0.018073273150979393,0.06363636363636363,0.057291666666666664,0.25,0.024553571428571428,0.02393522885778816
query,validation,R-E7,relevance_grade,1,has_context,False,51,34,17,0.0,0.0,0.0,0.0,0.0,0.0130718954248366,0.0,0.0,0.0,0.0,0.023529411764705885,0.0,0.0,0.0,0.0,0.0392156862745098,0.04929971988795517,0.11764705882352941,0.015721288515406162,0.01977703822979353,0.03823529411764706,0.05350140056022408,0.14705882352941177,0.01726927613150523,0.020741845198303053
query,validation,R-E7,relevance_grade,1,has_context,True,49,36,13,0.02040816326530612,0.0,0.0,0.0,0.0,0.03401360544217687,0.0,0.0,0.0,0.0,0.036734693877551024,0.005555555555555556,0.027777777777777776,0.005555555555555556,0.0017303317203473873,0.03877551020408163,0.014583333333333334,0.08333333333333333,0.012962962962962963,0.005494846285071014,0.04795918367346939,0.04004629629629629,0.16666666666666666,0.017879188712522046,0.011030177952343552
query,validation,R-E7,relevance_grade,1,multiple_entity_dimensions,True,100,70,30,0.01,0.0,0.0,0.0,0.0,0.023333333333333334,0.0,0.0,0.0,0.0,0.030000000000000006,0.002857142857142857,0.014285714285714285,0.002857142857142857,0.0008898848847500849,0.03900000000000001,0.031445578231292515,0.1,0.014302721088435374,0.012431910943936239,0.043,0.04658163265306122,0.15714285714285714,0.017582945458885307,0.015747273471809594
query,validation,full:complete,relevance_grade,1,query_language,EN,43,28,15,0.023255813953488372,0.0,0.0,0.0,0.0,0.007751937984496124,0.0,0.0,0.0,0.0,0.023255813953488372,0.0071428571428571435,0.03571428571428571,0.0071428571428571435,0.0022247122118752125,0.030232558139534883,0.0524234693877551,0.14285714285714285,0.021768707482993196,0.02284697603505051,0.03953488372093024,0.0679421768707483,0.21428571428571427,0.025434121016827786,0.02714502592873507
query,validation,full:complete,relevance_grade,1,query_language,ID,16,9,7,0.0,0.0,0.0,0.0,0.0,0.0625,0.0,0.0,0.0,0.0,0.037500000000000006,0.0,0.0,0.0,0.0,0.03125,0.0,0.0,0.0,0.0,0.04375,0.013888888888888888,0.1111111111111111,0.007936507936507936,0.005210627294941126
query,validation,full:complete,relevance_grade,1,query_language,MIXED,41,33,8,0.0,0.0,0.0,0.0,0.0,0.024390243902439025,0.0,0.0,0.0,0.0,0.03414634146341464,0.0,0.0,0.0,0.0,0.051219512195121955,0.022222222222222223,0.09090909090909091,0.011868686868686869,0.006985407184670377,0.046341463414634146,0.03737373737373737,0.12121212121212122,0.013552188552188552,0.008950083980836956
query,validation,full:complete,relevance_grade,1,query_intent,Comparative Treatment Choice,2,1,1,0.0,0.0,0.0,0.0,0.0,0.0,0.0,0.0,0.0,0.0,0.0,0.0,0.0,0.0,0.0,0.0,0.0,0.0,0.0,0.0,0.0,0.0,0.0,0.0,0.0
query,validation,full:complete,relevance_grade,1,query_intent,Dosing / Administration,21,14,7,0.0,0.0,0.0,0.0,0.0,0.0,0.0,0.0,0.0,0.0,0.028571428571428574,0.014285714285714287,0.07142857142857142,0.014285714285714287,0.004449424423750425,0.01904761904761905,0.014285714285714287,0.07142857142857142,0.014285714285714287,0.004449424423750425,0.04047619047619048,0.0619047619047619,0.21428571428571427,0.021825396825396824,0.012586735899794057
query,validation,full:complete,relevance_grade,1,query_intent,Efficacy / Outcomes,3,1,2,0.0,0.0,0.0,0.0,0.0,0.0,0.0,0.0,0.0,0.0,0.0,0.0,0.0,0.0,0.0,0.03333333333333333,0.0,0.0,0.0,0.0,0.016666666666666666,0.0,0.0,0.0,0.0
query,validation,full:complete,relevance_grade,1,query_intent,Guideline / Evidence Lookup,11,9,2,0.0,0.0,0.0,0.0,0.0,0.0303030303030303,0.0,0.0,0.0,0.0,0.03636363636363637,0.0,0.0,0.0,0.0,0.06363636363636363,0.022222222222222223,0.1111111111111111,0.018518518518518517,0.0032786325863284394,0.06363636363636366,0.022222222222222223,0.1111111111111111,0.018518518518518517,0.0032786325863284394
query,validation,full:complete,relevance_grade,1,query_intent,Interaction / Combination,3,2,1,0.0,0.0,0.0,0.0,0.0,0.0,0.0,0.0,0.0,0.0,0.0,0.0,0.0,0.0,0.0,0.03333333333333333,0.5,0.5,0.07142857142857142,0.16666666666666666,0.03333333333333333,0.5,0.5,0.07142857142857142,0.16666666666666666
query,validation,full:complete,relevance_grade,1,query_intent,Management / Treatment Selection,11,8,3,0.0,0.0,0.0,0.0,0.0,0.0303030303030303,0.0,0.0,0.0,0.0,0.018181818181818184,0.0,0.0,0.0,0.0,0.018181818181818184,0.0,0.0,0.0,0.0,0.018181818181818184,0.0,0.0,0.0,0.0
query,validation,full:complete,relevance_grade,1,query_intent,Mechanism / Background Knowledge,5,3,2,0.0,0.0,0.0,0.0,0.0,0.0,0.0,0.0,0.0,0.0,0.04,0.0,0.0,0.0,0.0,0.06000000000000001,0.0,0.0,0.0,0.0,0.07,0.0,0.0,0.0,0.0
query,validation,full:complete,relevance_grade,1,query_intent,Monitoring / Response / Risk Assessment,11,9,2,0.0,0.0,0.0,0.0,0.0,0.0,0.0,0.0,0.0,0.0,0.018181818181818184,0.0,0.0,0.0,0.0,0.02727272727272728,0.0380952380952381,0.2222222222222222,0.02962962962962963,0.02161108680797908,0.040909090909090916,0.05396825396825397,0.3333333333333333,0.0354775828460039,0.025255913133459484
query,validation,full:complete,relevance_grade,1,query_intent,Prophylaxis / Maintenance,7,6,1,0.0,0.0,0.0,0.0,0.0,0.0,0.0,0.0,0.0,0.0,0.0,0.0,0.0,0.0,0.0,0.014285714285714287,0.0,0.0,0.0,0.0,0.03571428571428571,0.0,0.0,0.0,0.0
query,validation,full:complete,relevance_grade,1,query_intent,Safety / Contraindication,15,9,6,0.06666666666666667,0.0,0.0,0.0,0.0,0.06666666666666667,0.0,0.0,0.0,0.0,0.05333333333333334,0.0,0.0,0.0,0.0,0.05999999999999999,0.013888888888888888,0.1111111111111111,0.011111111111111112,0.011779425672566068,0.04333333333333333,0.027777777777777776,0.1111111111111111,0.011111111111111112,0.01605208497286944
query,validation,full:complete,relevance_grade,1,query_intent,Treatment Change / Escalation,11,8,3,0.0,0.0,0.0,0.0,0.0,0.0606060606060606,0.0,0.0,0.0,0.0,0.05454545454545456,0.0,0.0,0.0,0.0,0.07272727272727274,0.041666666666666664,0.125,0.015625,0.018073273150979393,0.06363636363636363,0.057291666666666664,0.25,0.024553571428571428,0.02393522885778816
query,validation,full:complete,relevance_grade,1,has_context,False,51,34,17,0.0,0.0,0.0,0.0,0.0,0.0130718954248366,0.0,0.0,0.0,0.0,0.023529411764705885,0.0,0.0,0.0,0.0,0.0392156862745098,0.04929971988795517,0.11764705882352941,0.015721288515406162,0.01977703822979353,0.03823529411764706,0.05350140056022408,0.14705882352941177,0.01726927613150523,0.020741845198303053
query,validation,full:complete,relevance_grade,1,has_context,True,49,36,13,0.02040816326530612,0.0,0.0,0.0,0.0,0.03401360544217687,0.0,0.0,0.0,0.0,0.036734693877551024,0.005555555555555556,0.027777777777777776,0.005555555555555556,0.0017303317203473873,0.03877551020408163,0.014583333333333334,0.08333333333333333,0.012962962962962963,0.005494846285071014,0.04795918367346939,0.04004629629629629,0.16666666666666666,0.017879188712522046,0.011030177952343552
query,validation,full:complete,relevance_grade,1,multiple_entity_dimensions,True,100,70,30,0.01,0.0,0.0,0.0,0.0,0.023333333333333334,0.0,0.0,0.0,0.0,0.030000000000000006,0.002857142857142857,0.014285714285714285,0.002857142857142857,0.0008898848847500849,0.03900000000000001,0.031445578231292515,0.1,0.014302721088435374,0.012431910943936239,0.043,0.04658163265306122,0.15714285714285714,0.017582945458885307,0.015747273471809594
query,validation,full:minus_bm25,relevance_grade,1,query_language,EN,43,28,15,0.0,0.0,0.0,0.0,0.0,0.007751937984496124,0.0,0.0,0.0,0.0,0.018604651162790697,0.0071428571428571435,0.03571428571428571,0.0071428571428571435,0.0022247122118752125,0.04418604651162791,0.021173469387755103,0.14285714285714285,0.020677437641723355,0.010054310550930872,0.037209302325581395,0.061352040816326524,0.17857142857142858,0.022778277977857808,0.020184897937603582
query,validation,full:minus_bm25,relevance_grade,1,query_language,ID,16,9,7,0.0,0.0,0.0,0.0,0.0,0.020833333333333332,0.0,0.0,0.0,0.0,0.025,0.0,0.0,0.0,0.0,0.025,0.0,0.0,0.0,0.0,0.040625,0.013888888888888888,0.1111111111111111,0.007936507936507936,0.005210627294941126
query,validation,full:minus_bm25,relevance_grade,1,query_language,MIXED,41,33,8,0.0,0.0,0.0,0.0,0.0,0.024390243902439025,0.0,0.0,0.0,0.0,0.04390243902439024,0.00505050505050505,0.030303030303030304,0.006060606060606061,0.004357020223901124,0.03902439024390244,0.04141414141414142,0.09090909090909091,0.012121212121212121,0.01692202471974863,0.037804878048780494,0.05252525252525253,0.12121212121212122,0.014015151515151515,0.01845647614606264
query,validation,full:minus_bm25,relevance_grade,1,query_intent,Comparative Treatment Choice,2,1,1,0.0,0.0,0.0,0.0,0.0,0.0,0.0,0.0,0.0,0.0,0.0,0.0,0.0,0.0,0.0,0.0,0.0,0.0,0.0,0.0,0.0,0.0,0.0,0.0,0.0
query,validation,full:minus_bm25,relevance_grade,1,query_intent,Dosing / Administration,21,14,7,0.0,0.0,0.0,0.0,0.0,0.0,0.0,0.0,0.0,0.0,0.009523809523809525,0.014285714285714287,0.07142857142857142,0.014285714285714287,0.004449424423750425,0.023809523809523808,0.014285714285714287,0.07142857142857142,0.014285714285714287,0.004449424423750425,0.03333333333333334,0.014285714285714287,0.07142857142857142,0.014285714285714287,0.004449424423750425
query,validation,full:minus_bm25,relevance_grade,1,query_intent,Efficacy / Outcomes,3,1,2,0.0,0.0,0.0,0.0,0.0,0.0,0.0,0.0,0.0,0.0,0.0,0.0,0.0,0.0,0.0,0.0,0.0,0.0,0.0,0.0,0.0,0.0,0.0,0.0,0.0
query,validation,full:minus_bm25,relevance_grade,1,query_intent,Guideline / Evidence Lookup,11,9,2,0.0,0.0,0.0,0.0,0.0,0.0303030303030303,0.0,0.0,0.0,0.0,0.05454545454545456,0.0,0.0,0.0,0.0,0.05454545454545454,0.0,0.0,0.0,0.0,0.05454545454545456,0.022222222222222223,0.1111111111111111,0.006944444444444444,0.0022518333955133993
query,validation,full:minus_bm25,relevance_grade,1,query_intent,Interaction / Combination,3,2,1,0.0,0.0,0.0,0.0,0.0,0.0,0.0,0.0,0.0,0.0,0.0,0.0,0.0,0.0,0.0,0.0,0.0,0.0,0.0,0.0,0.016666666666666666,0.5,0.5,0.029411764705882353,0.11990623328406573
query,validation,full:minus_bm25,relevance_grade,1,query_intent,Management / Treatment Selection,11,8,3,0.0,0.0,0.0,0.0,0.0,0.0,0.0,0.0,0.0,0.0,0.0,0.0,0.0,0.0,0.0,0.02727272727272728,0.015625,0.125,0.017857142857142856,0.00801261703668323,0.02727272727272727,0.015625,0.125,0.017857142857142856,0.00801261703668323
query,validation,full:minus_bm25,relevance_grade,1,query_intent,Mechanism / Background Knowledge,5,3,2,0.0,0.0,0.0,0.0,0.0,0.0,0.0,0.0,0.0,0.0,0.08,0.0,0.0,0.0,0.0,0.1,0.3333333333333333,0.3333333333333333,0.03333333333333333,0.09635494210596263,0.06,0.3333333333333333,0.3333333333333333,0.03333333333333333,0.09635494210596263
query,validation,full:minus_bm25,relevance_grade,1,query_intent,Monitoring / Response / Risk Assessment,11,9,2,0.0,0.0,0.0,0.0,0.0,0.0,0.0,0.0,0.0,0.0,0.0,0.0,0.0,0.0,0.0,0.05454545454545456,0.0380952380952381,0.2222222222222222,0.025,0.019598005671654223,0.045454545454545456,0.0380952380952381,0.2222222222222222,0.025,0.019598005671654223
query,validation,full:minus_bm25,relevance_grade,1,query_intent,Prophylaxis / Maintenance,7,6,1,0.0,0.0,0.0,0.0,0.0,0.0,0.0,0.0,0.0,0.0,0.028571428571428574,0.0,0.0,0.0,0.0,0.042857142857142864,0.0,0.0,0.0,0.0,0.04285714285714286,0.0,0.0,0.0,0.0
query,validation,full:minus_bm25,relevance_grade,1,query_intent,Safety / Contraindication,15,9,6,0.0,0.0,0.0,0.0,0.0,0.06666666666666667,0.0,0.0,0.0,0.0,0.05333333333333334,0.0,0.0,0.0,0.0,0.04666666666666666,0.013888888888888888,0.1111111111111111,0.012345679012345678,0.012267007730775308,0.03666666666666666,0.027777777777777776,0.1111111111111111,0.012345679012345678,0.017138561092853586
query,validation,full:minus_bm25,relevance_grade,1,query_intent,Treatment Change / Escalation,11,8,3,0.0,0.0,0.0,0.0,0.0,0.0303030303030303,0.0,0.0,0.0,0.0,0.07272727272727274,0.020833333333333332,0.125,0.025,0.017972708423592137,0.03636363636363637,0.020833333333333332,0.125,0.025,0.017213085751505472,0.045454545454545456,0.057291666666666664,0.25,0.03392857142857143,0.026871341021906952
query,validation,full:minus_bm25,relevance_grade,1,has_context,False,51,34,17,0.0,0.0,0.0,0.0,0.0,0.0130718954248366,0.0,0.0,0.0,0.0,0.027450980392156862,0.004901960784313725,0.029411764705882353,0.0058823529411764705,0.004228872570256973,0.0392156862745098,0.04439775910364146,0.11764705882352941,0.015441176470588236,0.017739751863965286,0.03431372549019608,0.07871148459383753,0.14705882352941177,0.01717128027681661,0.02568630666034391
query,validation,full:minus_bm25,relevance_grade,1,has_context,True,49,36,13,0.0,0.0,0.0,0.0,0.0,0.02040816326530612,0.0,0.0,0.0,0.0,0.03265306122448979,0.005555555555555556,0.027777777777777776,0.005555555555555556,0.0017303317203473873,0.03877551020408163,0.0125,0.08333333333333333,0.012610229276895944,0.006577665216748598,0.041836734693877546,0.025,0.1388888888888889,0.01633046737213404,0.009661168729881799
query,validation,full:minus_bm25,relevance_grade,1,multiple_entity_dimensions,True,100,70,30,0.0,0.0,0.0,0.0,0.0,0.016666666666666666,0.0,0.0,0.0,0.0,0.03,0.005238095238095239,0.02857142857142857,0.005714285714285714,0.0029439087045891863,0.039,0.027993197278911565,0.1,0.013985260770975056,0.011999250159682418,0.03799999999999999,0.051088435374149664,0.14285714285714285,0.016738862211551287,0.01744480715324911
query,validation,full:minus_dense,relevance_grade,1,query_language,EN,43,28,15,0.023255813953488372,0.0,0.0,0.0,0.0,0.007751937984496124,0.0,0.0,0.0,0.0,0.013953488372093025,0.0,0.0,0.0,0.0,0.03488372093023256,0.0524234693877551,0.14285714285714285,0.01899092970521542,0.021357110590926643,0.037209302325581395,0.0798469387755102,0.21428571428571427,0.024289202860631433,0.02528575515039964
query,validation,full:minus_dense,relevance_grade,1,query_language,ID,16,9,7,0.0,0.0,0.0,0.0,0.0,0.0625,0.0,0.0,0.0,0.0,0.05,0.0,0.0,0.0,0.0,0.037500000000000006,0.0,0.0,0.0,0.0,0.04375,0.013888888888888888,0.1111111111111111,0.007936507936507936,0.005210627294941126
query,validation,full:minus_dense,relevance_grade,1,query_language,MIXED,41,33,8,0.0,0.0,0.0,0.0,0.0,0.04065040650406504,0.0,0.0,0.0,0.0,0.04878048780487805,0.0,0.0,0.0,0.0,0.051219512195121955,0.022222222222222223,0.09090909090909091,0.012445887445887446,0.007189838643473819,0.051219512195121955,0.02991822991822992,0.15151515151515152,0.015555935292777398,0.010899134533023852
query,validation,full:minus_dense,relevance_grade,1,query_intent,Comparative Treatment Choice,2,1,1,0.0,0.0,0.0,0.0,0.0,0.0,0.0,0.0,0.0,0.0,0.0,0.0,0.0,0.0,0.0,0.0,0.0,0.0,0.0,0.0,0.0,0.0,0.0,0.0,0.0
query,validation,full:minus_dense,relevance_grade,1,query_intent,Dosing / Administration,21,14,7,0.0,0.0,0.0,0.0,0.0,0.0,0.0,0.0,0.0,0.0,0.009523809523809525,0.0,0.0,0.0,0.0,0.01904761904761905,0.014285714285714287,0.07142857142857142,0.011904761904761904,0.004096950903791596,0.04047619047619048,0.024489795918367346,0.14285714285714285,0.015664160401002505,0.007760146065178824
query,validation,full:minus_dense,relevance_grade,1,query_intent,Efficacy / Outcomes,3,1,2,0.0,0.0,0.0,0.0,0.0,0.0,0.0,0.0,0.0,0.0,0.0,0.0,0.0,0.0,0.0,0.03333333333333333,0.0,0.0,0.0,0.0,0.03333333333333333,0.0,0.0,0.0,0.0
query,validation,full:minus_dense,relevance_grade,1,query_intent,Guideline / Evidence Lookup,11,9,2,0.0,0.0,0.0,0.0,0.0,0.0606060606060606,0.0,0.0,0.0,0.0,0.05454545454545456,0.0,0.0,0.0,0.0,0.06363636363636363,0.022222222222222223,0.1111111111111111,0.015873015873015872,0.0030680951096158657,0.059090909090909104,0.034567901234567905,0.2222222222222222,0.021428571428571425,0.01097054312025252
query,validation,full:minus_dense,relevance_grade,1,query_intent,Interaction / Combination,3,2,1,0.0,0.0,0.0,0.0,0.0,0.0,0.0,0.0,0.0,0.0,0.0,0.0,0.0,0.0,0.0,0.03333333333333333,0.5,0.5,0.05555555555555555,0.1505149978319906,0.03333333333333333,0.5,0.5,0.05555555555555555,0.1505149978319906
query,validation,full:minus_dense,relevance_grade,1,query_intent,Management / Treatment Selection,11,8,3,0.0,0.0,0.0,0.0,0.0,0.0303030303030303,0.0,0.0,0.0,0.0,0.018181818181818184,0.0,0.0,0.0,0.0,0.009090909090909092,0.0,0.0,0.0,0.0,0.018181818181818184,0.0,0.0,0.0,0.0
query,validation,full:minus_dense,relevance_grade,1,query_intent,Mechanism / Background Knowledge,5,3,2,0.0,0.0,0.0,0.0,0.0,0.0,0.0,0.0,0.0,0.0,0.04,0.0,0.0,0.0,0.0,0.08,0.0,0.0,0.0,0.0,0.06,0.16666666666666666,0.3333333333333333,0.025641025641025644,0.011473024629983316
query,validation,full:minus_dense,relevance_grade,1,query_intent,Monitoring / Response / Risk Assessment,11,9,2,0.0,0.0,0.0,0.0,0.0,0.0,0.0,0.0,0.0,0.0,0.018181818181818184,0.0,0.0,0.0,0.0,0.045454545454545456,0.0380952380952381,0.2222222222222222,0.031746031746031744,0.021586039188018085,0.045454545454545456,0.05396825396825397,0.3333333333333333,0.03968253968253968,0.025618063354444803
query,validation,full:minus_dense,relevance_grade,1,query_intent,Prophylaxis / Maintenance,7,6,1,0.0,0.0,0.0,0.0,0.0,0.0,0.0,0.0,0.0,0.0,0.028571428571428574,0.0,0.0,0.0,0.0,0.028571428571428574,0.0,0.0,0.0,0.0,0.04285714285714286,0.0,0.0,0.0,0.0
query,validation,full:minus_dense,relevance_grade,1,query_intent,Safety / Contraindication,15,9,6,0.06666666666666667,0.0,0.0,0.0,0.0,0.06666666666666667,0.0,0.0,0.0,0.0,0.04000000000000001,0.0,0.0,0.0,0.0,0.05333333333333334,0.013888888888888888,0.1111111111111111,0.012345679012345678,0.012267007730775308,0.04333333333333333,0.027777777777777776,0.1111111111111111,0.012345679012345678,0.016633091761603484
query,validation,full:minus_dense,relevance_grade,1,query_intent,Treatment Change / Escalation,11,8,3,0.0,0.0,0.0,0.0,0.0,0.09090909090909091,0.0,0.0,0.0,0.0,0.10909090909090911,0.0,0.0,0.0,0.0,0.08181818181818182,0.041666666666666664,0.125,0.015625,0.018073273150979393,0.06818181818181818,0.057291666666666664,0.25,0.024553571428571428,0.02393522885778816
query,validation,full:minus_dense,relevance_grade,1,has_context,False,51,34,17,0.0,0.0,0.0,0.0,0.0,0.0130718954248366,0.0,0.0,0.0,0.0,0.027450980392156862,0.0,0.0,0.0,0.0,0.04313725490196079,0.04929971988795517,0.11764705882352941,0.015347805788982257,0.018820309810705267,0.041176470588235294,0.06820728291316526,0.17647058823529413,0.019711089564030743,0.02089993602799322
query,validation,full:minus_dense,relevance_grade,1,has_context,True,49,36,13,0.02040816326530612,0.0,0.0,0.0,0.0,0.04761904761904762,0.0,0.0,0.0,0.0,0.040816326530612256,0.0,0.0,0.0,0.0,0.04081632653061224,0.014583333333333334,0.08333333333333333,0.011684303350970017,0.005427034394905637,0.046938775510204075,0.028582451499118162,0.16666666666666666,0.01651930752807946,0.011221400125102159
query,validation,full:minus_dense,relevance_grade,1,multiple_entity_dimensions,True,100,70,30,0.01,0.0,0.0,0.0,0.0,0.03,0.0,0.0,0.0,0.0,0.034,0.0,0.0,0.0,0.0,0.041999999999999996,0.031445578231292515,0.1,0.013463718820861678,0.011932339596865458,0.044,0.04782879818594104,0.17142857142857143,0.018069601659827222,0.01592240327793496
query,validation,full:minus_entities,relevance_grade,1,query_language,EN,43,28,15,0.023255813953488372,0.0,0.0,0.0,0.0,0.007751937984496124,0.0,0.0,0.0,0.0,0.037209302325581395,0.04285714285714286,0.07142857142857142,0.017857142857142856,0.017858039380367223,0.03953488372093024,0.07028061224489796,0.17857142857142858,0.02896825396825397,0.02865495808226905,0.03953488372093024,0.08431122448979592,0.25,0.03298611111111111,0.03341915191905249
query,validation,full:minus_entities,relevance_grade,1,query_language,ID,16,9,7,0.0,0.0,0.0,0.0,0.0,0.0,0.0,0.0,0.0,0.0,0.037500000000000006,0.0,0.0,0.0,0.0,0.018750000000000003,0.0,0.0,0.0,0.0,0.03125,0.013888888888888888,0.1111111111111111,0.009259259259259259,0.005501332902688929
query,validation,full:minus_entities,relevance_grade,1,query_language,MIXED,41,33,8,0.0,0.0,0.0,0.0,0.0,0.03252032520325203,0.006060606060606061,0.030303030303030304,0.0101010101010101,0.0014578872688960573,0.03902439024390244,0.012121212121212121,0.06060606060606061,0.01616161616161616,0.003543386470567326,0.03902439024390244,0.01717171717171717,0.09090909090909091,0.02121212121212121,0.007385690308462194,0.0451219512195122,0.043554593554593554,0.21212121212121213,0.028753118226802436,0.016545798671258258
query,validation,full:minus_entities,relevance_grade,1,query_intent,Comparative Treatment Choice,2,1,1,0.0,0.0,0.0,0.0,0.0,0.0,0.0,0.0,0.0,0.0,0.0,0.0,0.0,0.0,0.0,0.0,0.0,0.0,0.0,0.0,0.0,0.0,0.0,0.0,0.0
query,validation,full:minus_entities,relevance_grade,1,query_intent,Dosing / Administration,21,14,7,0.0,0.0,0.0,0.0,0.0,0.0,0.0,0.0,0.0,0.0,0.028571428571428574,0.014285714285714287,0.07142857142857142,0.017857142857142856,0.004953467469777798,0.023809523809523808,0.014285714285714287,0.07142857142857142,0.017857142857142856,0.004953467469777798,0.038095238095238106,0.024489795918367346,0.14285714285714285,0.02261904761904762,0.008911483991041526
query,validation,full:minus_entities,relevance_grade,1,query_intent,Efficacy / Outcomes,3,1,2,0.0,0.0,0.0,0.0,0.0,0.0,0.0,0.0,0.0,0.0,0.06666666666666667,0.0,0.0,0.0,0.0,0.03333333333333333,0.0,0.0,0.0,0.0,0.03333333333333333,0.0,0.0,0.0,0.0
query,validation,full:minus_entities,relevance_grade,1,query_intent,Guideline / Evidence Lookup,11,9,2,0.0,0.0,0.0,0.0,0.0,0.0606060606060606,0.022222222222222223,0.1111111111111111,0.037037037037037035,0.005345586652618877,0.05454545454545456,0.022222222222222223,0.1111111111111111,0.037037037037037035,0.004602142664423799,0.045454545454545456,0.022222222222222223,0.1111111111111111,0.037037037037037035,0.004602142664423799,0.059090909090909104,0.034567901234567905,0.2222222222222222,0.042884990253411304,0.012633294344337935
query,validation,full:minus_entities,relevance_grade,1,query_intent,Interaction / Combination,3,2,1,0.0,0.0,0.0,0.0,0.0,0.0,0.0,0.0,0.0,0.0,0.06666666666666667,0.5,0.5,0.125,0.21533827903669653,0.06666666666666667,0.5,0.5,0.125,0.21533827903669653,0.05000000000000001,0.5,0.5,0.125,0.21533827903669653
query,validation,full:minus_entities,relevance_grade,1,query_intent,Management / Treatment Selection,11,8,3,0.0,0.0,0.0,0.0,0.0,0.0,0.0,0.0,0.0,0.0,0.018181818181818184,0.0,0.0,0.0,0.0,0.009090909090909092,0.0,0.0,0.0,0.0,0.01363636363636364,0.0,0.0,0.0,0.0
query,validation,full:minus_entities,relevance_grade,1,query_intent,Mechanism / Background Knowledge,5,3,2,0.0,0.0,0.0,0.0,0.0,0.0,0.0,0.0,0.0,0.0,0.08,0.0,0.0,0.0,0.0,0.08,0.0,0.0,0.0,0.0,0.05,0.0,0.0,0.0,0.0
query,validation,full:minus_entities,relevance_grade,1,query_intent,Monitoring / Response / Risk Assessment,11,9,2,0.0,0.0,0.0,0.0,0.0,0.0,0.0,0.0,0.0,0.0,0.03636363636363637,0.022222222222222223,0.1111111111111111,0.022222222222222223,0.008390274394323063,0.045454545454545456,0.09365079365079364,0.3333333333333333,0.04567901234567902,0.03020126246100712,0.05,0.13174603174603175,0.4444444444444444,0.05123456790123457,0.050091184538811326
query,validation,full:minus_entities,relevance_grade,1,query_intent,Prophylaxis / Maintenance,7,6,1,0.0,0.0,0.0,0.0,0.0,0.0,0.0,0.0,0.0,0.0,0.0,0.0,0.0,0.0,0.0,0.014285714285714287,0.0,0.0,0.0,0.0,0.028571428571428574,0.06944444444444443,0.3333333333333333,0.021592442645074223,0.01181606932839289
query,validation,full:minus_entities,relevance_grade,1,query_intent,Safety / Contraindication,15,9,6,0.06666666666666667,0.0,0.0,0.0,0.0,0.04444444444444444,0.0,0.0,0.0,0.0,0.06666666666666667,0.0,0.0,0.0,0.0,0.06666666666666667,0.013888888888888888,0.1111111111111111,0.011111111111111112,0.011779425672566068,0.04333333333333333,0.041666666666666664,0.2222222222222222,0.018055555555555557,0.01823305815197628
query,validation,full:minus_entities,relevance_grade,1,query_intent,Treatment Change / Escalation,11,8,3,0.0,0.0,0.0,0.0,0.0,0.0303030303030303,0.0,0.0,0.0,0.0,0.018181818181818184,0.0,0.0,0.0,0.0,0.018181818181818184,0.020833333333333332,0.125,0.020833333333333332,0.015849503331316326,0.05,0.03645833333333333,0.25,0.03125,0.02203850284684137
query,validation,full:minus_entities,relevance_grade,1,has_context,False,51,34,17,0.0,0.0,0.0,0.0,0.0,0.0065359477124183,0.0,0.0,0.0,0.0,0.04313725490196079,0.03529411764705882,0.058823529411764705,0.013235294117647059,0.01488791257712649,0.041176470588235294,0.05910364145658263,0.14705882352941177,0.02434640522875817,0.02439070431979376,0.03627450980392157,0.08511904761904762,0.2647058823529412,0.031465659813183035,0.03223498105869361
query,validation,full:minus_entities,relevance_grade,1,has_context,True,49,36,13,0.02040816326530612,0.0,0.0,0.0,0.0,0.027210884353741496,0.005555555555555556,0.027777777777777776,0.009259259259259259,0.0013363966631547192,0.0326530612244898,0.011111111111111112,0.05555555555555555,0.016203703703703703,0.0030768841265750935,0.030612244897959183,0.014583333333333334,0.08333333333333333,0.018981481481481478,0.006021740544716611,0.04489795918367347,0.028582451499118162,0.16666666666666666,0.02461013645224171,0.01209084027815583
query,validation,full:minus_entities,relevance_grade,1,multiple_entity_dimensions,True,100,70,30,0.01,0.0,0.0,0.0,0.0,0.016666666666666666,0.002857142857142857,0.014285714285714285,0.0047619047619047615,0.0006872897124795698,0.038000000000000006,0.022857142857142857,0.05714285714285714,0.01476190476190476,0.00881366937398577,0.036000000000000004,0.03620748299319728,0.11428571428571428,0.021587301587301586,0.014943808664039797,0.0405,0.05604308390022676,0.21428571428571427,0.027939962084698924,0.02187513722870275
query,validation,full:minus_context,relevance_grade,1,query_language,EN,43,28,15,0.0,0.0,0.0,0.0,0.0,0.007751937984496124,0.0,0.0,0.0,0.0,0.027906976744186046,0.005952380952380952,0.03571428571428571,0.008928571428571428,0.003592258573282701,0.03255813953488373,0.05391156462585034,0.14285714285714285,0.023951247165532877,0.02188354873395046,0.03604651162790698,0.06347789115646259,0.21428571428571427,0.027931786749787635,0.026196224194884783
query,validation,full:minus_context,relevance_grade,1,query_language,ID,16,9,7,0.0,0.0,0.0,0.0,0.0,0.041666666666666664,0.0,0.0,0.0,0.0,0.037500000000000006,0.0,0.0,0.0,0.0,0.043750000000000004,0.0,0.0,0.0,0.0,0.043750000000000004,0.0,0.0,0.0,0.0
query,validation,full:minus_context,relevance_grade,1,query_language,MIXED,41,33,8,0.024390243902439025,0.0,0.0,0.0,0.0,0.04065040650406504,0.0,0.0,0.0,0.0,0.05365853658536586,0.015151515151515152,0.030303030303030304,0.006060606060606061,0.0032285979448954784,0.06097560975609756,0.03737373737373737,0.12121212121212122,0.017207792207792207,0.010156585817735155,0.045121951219512194,0.03737373737373737,0.12121212121212122,0.017207792207792207,0.010156585817735155
query,validation,full:minus_context,relevance_grade,1,query_intent,Comparative Treatment Choice,2,1,1,0.0,0.0,0.0,0.0,0.0,0.0,0.0,0.0,0.0,0.0,0.0,0.0,0.0,0.0,0.0,0.05,0.0,0.0,0.0,0.0,0.025,0.0,0.0,0.0,0.0
query,validation,full:minus_context,relevance_grade,1,query_intent,Dosing / Administration,21,14,7,0.047619047619047616,0.0,0.0,0.0,0.0,0.031746031746031744,0.0,0.0,0.0,0.0,0.047619047619047616,0.047619047619047616,0.14285714285714285,0.03214285714285715,0.014794783730961889,0.04285714285714285,0.0619047619047619,0.21428571428571427,0.04007936507936508,0.01770532433831071,0.03571428571428572,0.0619047619047619,0.21428571428571427,0.04007936507936508,0.01770532433831071
query,validation,full:minus_context,relevance_grade,1,query_intent,Efficacy / Outcomes,3,1,2,0.0,0.0,0.0,0.0,0.0,0.0,0.0,0.0,0.0,0.0,0.0,0.0,0.0,0.0,0.0,0.03333333333333333,0.0,0.0,0.0,0.0,0.016666666666666666,0.0,0.0,0.0,0.0
query,validation,full:minus_context,relevance_grade,1,query_intent,Guideline / Evidence Lookup,11,9,2,0.0,0.0,0.0,0.0,0.0,0.0,0.0,0.0,0.0,0.0,0.03636363636363637,0.0,0.0,0.0,0.0,0.08181818181818182,0.022222222222222223,0.1111111111111111,0.015873015873015872,0.0030680951096158657,0.06818181818181819,0.022222222222222223,0.1111111111111111,0.015873015873015872,0.0030680951096158657
query,validation,full:minus_context,relevance_grade,1,query_intent,Interaction / Combination,3,2,1,0.0,0.0,0.0,0.0,0.0,0.0,0.0,0.0,0.0,0.0,0.0,0.0,0.0,0.0,0.0,0.03333333333333333,0.5,0.5,0.07142857142857142,0.16666666666666666,0.03333333333333333,0.5,0.5,0.07142857142857142,0.16666666666666666
query,validation,full:minus_context,relevance_grade,1,query_intent,Management / Treatment Selection,11,8,3,0.0,0.0,0.0,0.0,0.0,0.0303030303030303,0.0,0.0,0.0,0.0,0.018181818181818184,0.0,0.0,0.0,0.0,0.018181818181818184,0.0,0.0,0.0,0.0,0.018181818181818184,0.0,0.0,0.0,0.0
query,validation,full:minus_context,relevance_grade,1,query_intent,Mechanism / Background Knowledge,5,3,2,0.0,0.0,0.0,0.0,0.0,0.0,0.0,0.0,0.0,0.0,0.04,0.0,0.0,0.0,0.0,0.06000000000000001,0.0,0.0,0.0,0.0,0.07,0.0,0.0,0.0,0.0
query,validation,full:minus_context,relevance_grade,1,query_intent,Monitoring / Response / Risk Assessment,11,9,2,0.0,0.0,0.0,0.0,0.0,0.0,0.0,0.0,0.0,0.0,0.018181818181818184,0.0,0.0,0.0,0.0,0.02727272727272728,0.0380952380952381,0.2222222222222222,0.02962962962962963,0.02161108680797908,0.040909090909090916,0.05396825396825397,0.3333333333333333,0.0354775828460039,0.025255913133459484
query,validation,full:minus_context,relevance_grade,1,query_intent,Prophylaxis / Maintenance,7,6,1,0.0,0.0,0.0,0.0,0.0,0.0,0.0,0.0,0.0,0.0,0.0,0.0,0.0,0.0,0.0,0.014285714285714287,0.0,0.0,0.0,0.0,0.03571428571428571,0.0,0.0,0.0,0.0
query,validation,full:minus_context,relevance_grade,1,query_intent,Safety / Contraindication,15,9,6,0.0,0.0,0.0,0.0,0.0,0.04444444444444444,0.0,0.0,0.0,0.0,0.05333333333333334,0.0,0.0,0.0,0.0,0.04666666666666666,0.0,0.0,0.0,0.0,0.04,0.013888888888888888,0.1111111111111111,0.006535947712418301,0.009772386219648588
query,validation,full:minus_context,relevance_grade,1,query_intent,Treatment Change / Escalation,11,8,3,0.0,0.0,0.0,0.0,0.0,0.09090909090909091,0.0,0.0,0.0,0.0,0.10909090909090909,0.0,0.0,0.0,0.0,0.08181818181818182,0.041666666666666664,0.125,0.015625,0.018073273150979393,0.05,0.041666666666666664,0.125,0.015625,0.018073273150979393
query,validation,full:minus_context,relevance_grade,1,has_context,False,51,34,17,0.0,0.0,0.0,0.0,0.0,0.0130718954248366,0.0,0.0,0.0,0.0,0.023529411764705885,0.0,0.0,0.0,0.0,0.0392156862745098,0.04929971988795517,0.11764705882352941,0.015721288515406162,0.01977703822979353,0.03823529411764706,0.05350140056022408,0.14705882352941177,0.01726927613150523,0.020741845198303053
query,validation,full:minus_context,relevance_grade,1,has_context,True,49,36,13,0.02040816326530612,0.0,0.0,0.0,0.0,0.04081632653061224,0.0,0.0,0.0,0.0,0.05714285714285715,0.018518518518518517,0.05555555555555555,0.0125,0.005753527006485178,0.05306122448979592,0.02962962962962963,0.1111111111111111,0.019554673721340385,0.00765242768674702,0.04387755102040816,0.03310185185185185,0.1388888888888889,0.02118866064944496,0.010095524241659166
query,validation,full:minus_context,relevance_grade,1,multiple_entity_dimensions,True,100,70,30,0.01,0.0,0.0,0.0,0.0,0.026666666666666665,0.0,0.0,0.0,0.0,0.04,0.009523809523809523,0.02857142857142857,0.0064285714285714285,0.0029589567461923774,0.046,0.03918367346938775,0.11428571428571428,0.017692743764172333,0.013541524236226756,0.040999999999999995,0.04301020408163265,0.14285714285714285,0.019284959597874237,0.015266594420600483
query,validation,full:minus_intent,relevance_grade,1,query_language,EN,43,28,15,0.0,0.0,0.0,0.0,0.0,0.007751937984496124,0.005952380952380952,0.03571428571428571,0.017857142857142856,0.006504472933903993,0.013953488372093025,0.005952380952380952,0.03571428571428571,0.017857142857142856,0.005262563689431116,0.025581395348837212,0.018197278911564623,0.10714285714285714,0.02976190476190476,0.011838122200378845,0.03023255813953489,0.07028061224489796,0.21428571428571427,0.03808568882098294,0.02772457824053866
query,validation,full:minus_intent,relevance_grade,1,query_language,ID,16,9,7,0.0625,0.0,0.0,0.0,0.0,0.08333333333333333,0.0,0.0,0.0,0.0,0.07500000000000001,0.0,0.0,0.0,0.0,0.05,0.0,0.0,0.0,0.0,0.05625,0.14087301587301587,0.3333333333333333,0.02011619462599855,0.03472066123124238
query,validation,full:minus_intent,relevance_grade,1,query_language,MIXED,41,33,8,0.04878048780487805,0.0,0.0,0.0,0.0,0.04065040650406504,0.015151515151515152,0.030303030303030304,0.0101010101010101,0.0041729023087301005,0.03414634146341464,0.0202020202020202,0.06060606060606061,0.01616161616161616,0.0056252423833638085,0.051219512195121955,0.03636363636363636,0.12121212121212122,0.02427849927849928,0.013524884638259705,0.0597560975609756,0.04141414141414141,0.12121212121212122,0.02427849927849928,0.016439865400809096
query,validation,full:minus_intent,relevance_grade,1,query_intent,Comparative Treatment Choice,2,1,1,0.0,0.0,0.0,0.0,0.0,0.0,0.0,0.0,0.0,0.0,0.1,0.0,0.0,0.0,0.0,0.05,0.0,0.0,0.0,0.0,0.025,0.0,0.0,0.0,0.0
query,validation,full:minus_intent,relevance_grade,1,query_intent,Dosing / Administration,21,14,7,0.047619047619047616,0.0,0.0,0.0,0.0,0.047619047619047616,0.047619047619047616,0.14285714285714285,0.05952380952380952,0.02284507273838608,0.0380952380952381,0.047619047619047616,0.14285714285714285,0.05952380952380952,0.02036125424944033,0.0380952380952381,0.0619047619047619,0.21428571428571427,0.07142857142857142,0.0236498553668729,0.030952380952380953,0.0619047619047619,0.21428571428571427,0.07142857142857142,0.0236498553668729
query,validation,full:minus_intent,relevance_grade,1,query_intent,Efficacy / Outcomes,3,1,2,0.0,0.0,0.0,0.0,0.0,0.0,0.0,0.0,0.0,0.0,0.0,0.0,0.0,0.0,0.0,0.03333333333333333,0.0,0.0,0.0,0.0,0.016666666666666666,0.0,0.0,0.0,0.0
query,validation,full:minus_intent,relevance_grade,1,query_intent,Guideline / Evidence Lookup,11,9,2,0.18181818181818182,0.0,0.0,0.0,0.0,0.0606060606060606,0.0,0.0,0.0,0.0,0.03636363636363637,0.0,0.0,0.0,0.0,0.06363636363636364,0.022222222222222223,0.1111111111111111,0.015873015873015872,0.0030680951096158657,0.08181818181818183,0.022222222222222223,0.1111111111111111,0.015873015873015872,0.0030680951096158657
query,validation,full:minus_intent,relevance_grade,1,query_intent,Interaction / Combination,3,2,1,0.0,0.0,0.0,0.0,0.0,0.0,0.0,0.0,0.0,0.0,0.0,0.0,0.0,0.0,0.0,0.0,0.0,0.0,0.0,0.0,0.016666666666666666,0.5,0.5,0.041666666666666664,0.13511907721365987
query,validation,full:minus_intent,relevance_grade,1,query_intent,Management / Treatment Selection,11,8,3,0.0,0.0,0.0,0.0,0.0,0.0303030303030303,0.0,0.0,0.0,0.0,0.03636363636363637,0.0,0.0,0.0,0.0,0.02727272727272728,0.0,0.0,0.0,0.0,0.02727272727272728,0.125,0.125,0.007352941176470588,0.029976558321016433
query,validation,full:minus_intent,relevance_grade,1,query_intent,Mechanism / Background Knowledge,5,3,2,0.0,0.0,0.0,0.0,0.0,0.0,0.0,0.0,0.0,0.0,0.0,0.0,0.0,0.0,0.0,0.06000000000000001,0.0,0.0,0.0,0.0,0.06,0.0,0.0,0.0,0.0
query,validation,full:minus_intent,relevance_grade,1,query_intent,Monitoring / Response / Risk Assessment,11,9,2,0.0,0.0,0.0,0.0,0.0,0.0,0.0,0.0,0.0,0.0,0.0,0.0,0.0,0.0,0.0,0.02727272727272728,0.015873015873015872,0.1111111111111111,0.018518518518518517,0.015341691406942264,0.040909090909090916,0.05291005291005291,0.2222222222222222,0.028619528619528618,0.024967373486977577
query,validation,full:minus_intent,relevance_grade,1,query_intent,Prophylaxis / Maintenance,7,6,1,0.0,0.0,0.0,0.0,0.0,0.0,0.0,0.0,0.0,0.0,0.0,0.0,0.0,0.0,0.0,0.014285714285714287,0.05555555555555555,0.16666666666666666,0.020833333333333332,0.03918349981398659,0.05714285714285715,0.07936507936507936,0.3333333333333333,0.03009259259259259,0.043661740691893304
query,validation,full:minus_intent,relevance_grade,1,query_intent,Safety / Contraindication,15,9,6,0.0,0.0,0.0,0.0,0.0,0.02222222222222222,0.0,0.0,0.0,0.0,0.02666666666666667,0.0,0.0,0.0,0.0,0.04000000000000001,0.0,0.0,0.0,0.0,0.04666666666666667,0.013888888888888888,0.1111111111111111,0.006535947712418301,0.009772386219648588
query,validation,full:minus_intent,relevance_grade,1,query_intent,Treatment Change / Escalation,11,8,3,0.0,0.0,0.0,0.0,0.0,0.09090909090909091,0.0,0.0,0.0,0.0,0.09090909090909091,0.020833333333333332,0.125,0.025,0.005990902807864046,0.06363636363636364,0.020833333333333332,0.125,0.025,0.005737695250501824,0.07272727272727274,0.057291666666666664,0.25,0.03333333333333333,0.02348749580171928
query,validation,full:minus_intent,relevance_grade,1,has_context,False,51,34,17,0.0,0.0,0.0,0.0,0.0,0.0130718954248366,0.0,0.0,0.0,0.0,0.0196078431372549,0.004901960784313725,0.029411764705882353,0.0058823529411764705,0.0014096241900856579,0.03529411764705883,0.018907563025210083,0.08823529411764706,0.01446078431372549,0.012325817163247484,0.04607843137254902,0.09663865546218486,0.20588235294117646,0.02294965223165915,0.03349480452052217
query,validation,full:minus_intent,relevance_grade,1,has_context,True,49,36,13,0.061224489795918366,0.0,0.0,0.0,0.0,0.05442176870748299,0.018518518518518517,0.05555555555555555,0.023148148148148147,0.008884194953816808,0.04489795918367347,0.018518518518518517,0.05555555555555555,0.023148148148148147,0.007918265541449017,0.04489795918367347,0.02962962962962963,0.1111111111111111,0.031746031746031744,0.009964189753410093,0.046938775510204075,0.036574074074074064,0.16666666666666666,0.03523187052598817,0.0136796207318114
query,validation,full:minus_intent,relevance_grade,1,multiple_entity_dimensions,True,100,70,30,0.03,0.0,0.0,0.0,0.0,0.03333333333333333,0.009523809523809523,0.02857142857142857,0.011904761904761904,0.004569014547677216,0.032,0.011904761904761904,0.04285714285714286,0.01476190476190476,0.0047569254565010995,0.04,0.024421768707482992,0.1,0.02335034013605442,0.01111126592390254,0.04649999999999999,0.06574829931972788,0.18571428571428572,0.029266221640171213,0.023304138572042346
query,validation,selected:complete,relevance_grade,1,query_language,EN,43,28,15,0.023255813953488372,0.0,0.0,0.0,0.0,0.007751937984496124,0.0,0.0,0.0,0.0,0.023255813953488372,0.0071428571428571435,0.03571428571428571,0.0071428571428571435,0.0022247122118752125,0.030232558139534883,0.0524234693877551,0.14285714285714285,0.021768707482993196,0.02284697603505051,0.03953488372093024,0.0679421768707483,0.21428571428571427,0.025434121016827786,0.02714502592873507
query,validation,selected:complete,relevance_grade,1,query_language,ID,16,9,7,0.0,0.0,0.0,0.0,0.0,0.0625,0.0,0.0,0.0,0.0,0.037500000000000006,0.0,0.0,0.0,0.0,0.03125,0.0,0.0,0.0,0.0,0.04375,0.013888888888888888,0.1111111111111111,0.007936507936507936,0.005210627294941126
query,validation,selected:complete,relevance_grade,1,query_language,MIXED,41,33,8,0.0,0.0,0.0,0.0,0.0,0.024390243902439025,0.0,0.0,0.0,0.0,0.03414634146341464,0.0,0.0,0.0,0.0,0.051219512195121955,0.022222222222222223,0.09090909090909091,0.011868686868686869,0.006985407184670377,0.046341463414634146,0.03737373737373737,0.12121212121212122,0.013552188552188552,0.008950083980836956
query,validation,selected:complete,relevance_grade,1,query_intent,Comparative Treatment Choice,2,1,1,0.0,0.0,0.0,0.0,0.0,0.0,0.0,0.0,0.0,0.0,0.0,0.0,0.0,0.0,0.0,0.0,0.0,0.0,0.0,0.0,0.0,0.0,0.0,0.0,0.0
query,validation,selected:complete,relevance_grade,1,query_intent,Dosing / Administration,21,14,7,0.0,0.0,0.0,0.0,0.0,0.0,0.0,0.0,0.0,0.0,0.028571428571428574,0.014285714285714287,0.07142857142857142,0.014285714285714287,0.004449424423750425,0.01904761904761905,0.014285714285714287,0.07142857142857142,0.014285714285714287,0.004449424423750425,0.04047619047619048,0.0619047619047619,0.21428571428571427,0.021825396825396824,0.012586735899794057
query,validation,selected:complete,relevance_grade,1,query_intent,Efficacy / Outcomes,3,1,2,0.0,0.0,0.0,0.0,0.0,0.0,0.0,0.0,0.0,0.0,0.0,0.0,0.0,0.0,0.0,0.03333333333333333,0.0,0.0,0.0,0.0,0.016666666666666666,0.0,0.0,0.0,0.0
query,validation,selected:complete,relevance_grade,1,query_intent,Guideline / Evidence Lookup,11,9,2,0.0,0.0,0.0,0.0,0.0,0.0303030303030303,0.0,0.0,0.0,0.0,0.03636363636363637,0.0,0.0,0.0,0.0,0.06363636363636363,0.022222222222222223,0.1111111111111111,0.018518518518518517,0.0032786325863284394,0.06363636363636366,0.022222222222222223,0.1111111111111111,0.018518518518518517,0.0032786325863284394
query,validation,selected:complete,relevance_grade,1,query_intent,Interaction / Combination,3,2,1,0.0,0.0,0.0,0.0,0.0,0.0,0.0,0.0,0.0,0.0,0.0,0.0,0.0,0.0,0.0,0.03333333333333333,0.5,0.5,0.07142857142857142,0.16666666666666666,0.03333333333333333,0.5,0.5,0.07142857142857142,0.16666666666666666
query,validation,selected:complete,relevance_grade,1,query_intent,Management / Treatment Selection,11,8,3,0.0,0.0,0.0,0.0,0.0,0.0303030303030303,0.0,0.0,0.0,0.0,0.018181818181818184,0.0,0.0,0.0,0.0,0.018181818181818184,0.0,0.0,0.0,0.0,0.018181818181818184,0.0,0.0,0.0,0.0
query,validation,selected:complete,relevance_grade,1,query_intent,Mechanism / Background Knowledge,5,3,2,0.0,0.0,0.0,0.0,0.0,0.0,0.0,0.0,0.0,0.0,0.04,0.0,0.0,0.0,0.0,0.06000000000000001,0.0,0.0,0.0,0.0,0.07,0.0,0.0,0.0,0.0
query,validation,selected:complete,relevance_grade,1,query_intent,Monitoring / Response / Risk Assessment,11,9,2,0.0,0.0,0.0,0.0,0.0,0.0,0.0,0.0,0.0,0.0,0.018181818181818184,0.0,0.0,0.0,0.0,0.02727272727272728,0.0380952380952381,0.2222222222222222,0.02962962962962963,0.02161108680797908,0.040909090909090916,0.05396825396825397,0.3333333333333333,0.0354775828460039,0.025255913133459484
query,validation,selected:complete,relevance_grade,1,query_intent,Prophylaxis / Maintenance,7,6,1,0.0,0.0,0.0,0.0,0.0,0.0,0.0,0.0,0.0,0.0,0.0,0.0,0.0,0.0,0.0,0.014285714285714287,0.0,0.0,0.0,0.0,0.03571428571428571,0.0,0.0,0.0,0.0
query,validation,selected:complete,relevance_grade,1,query_intent,Safety / Contraindication,15,9,6,0.06666666666666667,0.0,0.0,0.0,0.0,0.06666666666666667,0.0,0.0,0.0,0.0,0.05333333333333334,0.0,0.0,0.0,0.0,0.05999999999999999,0.013888888888888888,0.1111111111111111,0.011111111111111112,0.011779425672566068,0.04333333333333333,0.027777777777777776,0.1111111111111111,0.011111111111111112,0.01605208497286944
query,validation,selected:complete,relevance_grade,1,query_intent,Treatment Change / Escalation,11,8,3,0.0,0.0,0.0,0.0,0.0,0.0606060606060606,0.0,0.0,0.0,0.0,0.05454545454545456,0.0,0.0,0.0,0.0,0.07272727272727274,0.041666666666666664,0.125,0.015625,0.018073273150979393,0.06363636363636363,0.057291666666666664,0.25,0.024553571428571428,0.02393522885778816
query,validation,selected:complete,relevance_grade,1,has_context,False,51,34,17,0.0,0.0,0.0,0.0,0.0,0.0130718954248366,0.0,0.0,0.0,0.0,0.023529411764705885,0.0,0.0,0.0,0.0,0.0392156862745098,0.04929971988795517,0.11764705882352941,0.015721288515406162,0.01977703822979353,0.03823529411764706,0.05350140056022408,0.14705882352941177,0.01726927613150523,0.020741845198303053
query,validation,selected:complete,relevance_grade,1,has_context,True,49,36,13,0.02040816326530612,0.0,0.0,0.0,0.0,0.03401360544217687,0.0,0.0,0.0,0.0,0.036734693877551024,0.005555555555555556,0.027777777777777776,0.005555555555555556,0.0017303317203473873,0.03877551020408163,0.014583333333333334,0.08333333333333333,0.012962962962962963,0.005494846285071014,0.04795918367346939,0.04004629629629629,0.16666666666666666,0.017879188712522046,0.011030177952343552
query,validation,selected:complete,relevance_grade,1,multiple_entity_dimensions,True,100,70,30,0.01,0.0,0.0,0.0,0.0,0.023333333333333334,0.0,0.0,0.0,0.0,0.030000000000000006,0.002857142857142857,0.014285714285714285,0.002857142857142857,0.0008898848847500849,0.03900000000000001,0.031445578231292515,0.1,0.014302721088435374,0.012431910943936239,0.043,0.04658163265306122,0.15714285714285714,0.017582945458885307,0.015747273471809594
query,validation,selected:minus_bm25,relevance_grade,1,query_language,EN,43,28,15,0.0,0.0,0.0,0.0,0.0,0.007751937984496124,0.0,0.0,0.0,0.0,0.018604651162790697,0.0071428571428571435,0.03571428571428571,0.0071428571428571435,0.0022247122118752125,0.04418604651162791,0.021173469387755103,0.14285714285714285,0.020677437641723355,0.010054310550930872,0.037209302325581395,0.061352040816326524,0.17857142857142858,0.022778277977857808,0.020184897937603582
query,validation,selected:minus_bm25,relevance_grade,1,query_language,ID,16,9,7,0.0,0.0,0.0,0.0,0.0,0.020833333333333332,0.0,0.0,0.0,0.0,0.025,0.0,0.0,0.0,0.0,0.025,0.0,0.0,0.0,0.0,0.040625,0.013888888888888888,0.1111111111111111,0.007936507936507936,0.005210627294941126
query,validation,selected:minus_bm25,relevance_grade,1,query_language,MIXED,41,33,8,0.0,0.0,0.0,0.0,0.0,0.024390243902439025,0.0,0.0,0.0,0.0,0.04390243902439024,0.00505050505050505,0.030303030303030304,0.006060606060606061,0.004357020223901124,0.03902439024390244,0.04141414141414142,0.09090909090909091,0.012121212121212121,0.01692202471974863,0.037804878048780494,0.05252525252525253,0.12121212121212122,0.014015151515151515,0.01845647614606264
query,validation,selected:minus_bm25,relevance_grade,1,query_intent,Comparative Treatment Choice,2,1,1,0.0,0.0,0.0,0.0,0.0,0.0,0.0,0.0,0.0,0.0,0.0,0.0,0.0,0.0,0.0,0.0,0.0,0.0,0.0,0.0,0.0,0.0,0.0,0.0,0.0
query,validation,selected:minus_bm25,relevance_grade,1,query_intent,Dosing / Administration,21,14,7,0.0,0.0,0.0,0.0,0.0,0.0,0.0,0.0,0.0,0.0,0.009523809523809525,0.014285714285714287,0.07142857142857142,0.014285714285714287,0.004449424423750425,0.023809523809523808,0.014285714285714287,0.07142857142857142,0.014285714285714287,0.004449424423750425,0.03333333333333334,0.014285714285714287,0.07142857142857142,0.014285714285714287,0.004449424423750425
query,validation,selected:minus_bm25,relevance_grade,1,query_intent,Efficacy / Outcomes,3,1,2,0.0,0.0,0.0,0.0,0.0,0.0,0.0,0.0,0.0,0.0,0.0,0.0,0.0,0.0,0.0,0.0,0.0,0.0,0.0,0.0,0.0,0.0,0.0,0.0,0.0
query,validation,selected:minus_bm25,relevance_grade,1,query_intent,Guideline / Evidence Lookup,11,9,2,0.0,0.0,0.0,0.0,0.0,0.0303030303030303,0.0,0.0,0.0,0.0,0.05454545454545456,0.0,0.0,0.0,0.0,0.05454545454545454,0.0,0.0,0.0,0.0,0.05454545454545456,0.022222222222222223,0.1111111111111111,0.006944444444444444,0.0022518333955133993
query,validation,selected:minus_bm25,relevance_grade,1,query_intent,Interaction / Combination,3,2,1,0.0,0.0,0.0,0.0,0.0,0.0,0.0,0.0,0.0,0.0,0.0,0.0,0.0,0.0,0.0,0.0,0.0,0.0,0.0,0.0,0.016666666666666666,0.5,0.5,0.029411764705882353,0.11990623328406573
query,validation,selected:minus_bm25,relevance_grade,1,query_intent,Management / Treatment Selection,11,8,3,0.0,0.0,0.0,0.0,0.0,0.0,0.0,0.0,0.0,0.0,0.0,0.0,0.0,0.0,0.0,0.02727272727272728,0.015625,0.125,0.017857142857142856,0.00801261703668323,0.02727272727272727,0.015625,0.125,0.017857142857142856,0.00801261703668323
query,validation,selected:minus_bm25,relevance_grade,1,query_intent,Mechanism / Background Knowledge,5,3,2,0.0,0.0,0.0,0.0,0.0,0.0,0.0,0.0,0.0,0.0,0.08,0.0,0.0,0.0,0.0,0.1,0.3333333333333333,0.3333333333333333,0.03333333333333333,0.09635494210596263,0.06,0.3333333333333333,0.3333333333333333,0.03333333333333333,0.09635494210596263
query,validation,selected:minus_bm25,relevance_grade,1,query_intent,Monitoring / Response / Risk Assessment,11,9,2,0.0,0.0,0.0,0.0,0.0,0.0,0.0,0.0,0.0,0.0,0.0,0.0,0.0,0.0,0.0,0.05454545454545456,0.0380952380952381,0.2222222222222222,0.025,0.019598005671654223,0.045454545454545456,0.0380952380952381,0.2222222222222222,0.025,0.019598005671654223
query,validation,selected:minus_bm25,relevance_grade,1,query_intent,Prophylaxis / Maintenance,7,6,1,0.0,0.0,0.0,0.0,0.0,0.0,0.0,0.0,0.0,0.0,0.028571428571428574,0.0,0.0,0.0,0.0,0.042857142857142864,0.0,0.0,0.0,0.0,0.04285714285714286,0.0,0.0,0.0,0.0
query,validation,selected:minus_bm25,relevance_grade,1,query_intent,Safety / Contraindication,15,9,6,0.0,0.0,0.0,0.0,0.0,0.06666666666666667,0.0,0.0,0.0,0.0,0.05333333333333334,0.0,0.0,0.0,0.0,0.04666666666666666,0.013888888888888888,0.1111111111111111,0.012345679012345678,0.012267007730775308,0.03666666666666666,0.027777777777777776,0.1111111111111111,0.012345679012345678,0.017138561092853586
query,validation,selected:minus_bm25,relevance_grade,1,query_intent,Treatment Change / Escalation,11,8,3,0.0,0.0,0.0,0.0,0.0,0.0303030303030303,0.0,0.0,0.0,0.0,0.07272727272727274,0.020833333333333332,0.125,0.025,0.017972708423592137,0.03636363636363637,0.020833333333333332,0.125,0.025,0.017213085751505472,0.045454545454545456,0.057291666666666664,0.25,0.03392857142857143,0.026871341021906952
query,validation,selected:minus_bm25,relevance_grade,1,has_context,False,51,34,17,0.0,0.0,0.0,0.0,0.0,0.0130718954248366,0.0,0.0,0.0,0.0,0.027450980392156862,0.004901960784313725,0.029411764705882353,0.0058823529411764705,0.004228872570256973,0.0392156862745098,0.04439775910364146,0.11764705882352941,0.015441176470588236,0.017739751863965286,0.03431372549019608,0.07871148459383753,0.14705882352941177,0.01717128027681661,0.02568630666034391
query,validation,selected:minus_bm25,relevance_grade,1,has_context,True,49,36,13,0.0,0.0,0.0,0.0,0.0,0.02040816326530612,0.0,0.0,0.0,0.0,0.03265306122448979,0.005555555555555556,0.027777777777777776,0.005555555555555556,0.0017303317203473873,0.03877551020408163,0.0125,0.08333333333333333,0.012610229276895944,0.006577665216748598,0.041836734693877546,0.025,0.1388888888888889,0.01633046737213404,0.009661168729881799
query,validation,selected:minus_bm25,relevance_grade,1,multiple_entity_dimensions,True,100,70,30,0.0,0.0,0.0,0.0,0.0,0.016666666666666666,0.0,0.0,0.0,0.0,0.03,0.005238095238095239,0.02857142857142857,0.005714285714285714,0.0029439087045891863,0.039,0.027993197278911565,0.1,0.013985260770975056,0.011999250159682418,0.03799999999999999,0.051088435374149664,0.14285714285714285,0.016738862211551287,0.01744480715324911
query,validation,selected:minus_dense,relevance_grade,1,query_language,EN,43,28,15,0.023255813953488372,0.0,0.0,0.0,0.0,0.007751937984496124,0.0,0.0,0.0,0.0,0.013953488372093025,0.0,0.0,0.0,0.0,0.03488372093023256,0.0524234693877551,0.14285714285714285,0.01899092970521542,0.021357110590926643,0.037209302325581395,0.0798469387755102,0.21428571428571427,0.024289202860631433,0.02528575515039964
query,validation,selected:minus_dense,relevance_grade,1,query_language,ID,16,9,7,0.0,0.0,0.0,0.0,0.0,0.0625,0.0,0.0,0.0,0.0,0.05,0.0,0.0,0.0,0.0,0.037500000000000006,0.0,0.0,0.0,0.0,0.04375,0.013888888888888888,0.1111111111111111,0.007936507936507936,0.005210627294941126
query,validation,selected:minus_dense,relevance_grade,1,query_language,MIXED,41,33,8,0.0,0.0,0.0,0.0,0.0,0.04065040650406504,0.0,0.0,0.0,0.0,0.04878048780487805,0.0,0.0,0.0,0.0,0.051219512195121955,0.022222222222222223,0.09090909090909091,0.012445887445887446,0.007189838643473819,0.051219512195121955,0.02991822991822992,0.15151515151515152,0.015555935292777398,0.010899134533023852
query,validation,selected:minus_dense,relevance_grade,1,query_intent,Comparative Treatment Choice,2,1,1,0.0,0.0,0.0,0.0,0.0,0.0,0.0,0.0,0.0,0.0,0.0,0.0,0.0,0.0,0.0,0.0,0.0,0.0,0.0,0.0,0.0,0.0,0.0,0.0,0.0
query,validation,selected:minus_dense,relevance_grade,1,query_intent,Dosing / Administration,21,14,7,0.0,0.0,0.0,0.0,0.0,0.0,0.0,0.0,0.0,0.0,0.009523809523809525,0.0,0.0,0.0,0.0,0.01904761904761905,0.014285714285714287,0.07142857142857142,0.011904761904761904,0.004096950903791596,0.04047619047619048,0.024489795918367346,0.14285714285714285,0.015664160401002505,0.007760146065178824
query,validation,selected:minus_dense,relevance_grade,1,query_intent,Efficacy / Outcomes,3,1,2,0.0,0.0,0.0,0.0,0.0,0.0,0.0,0.0,0.0,0.0,0.0,0.0,0.0,0.0,0.0,0.03333333333333333,0.0,0.0,0.0,0.0,0.03333333333333333,0.0,0.0,0.0,0.0
query,validation,selected:minus_dense,relevance_grade,1,query_intent,Guideline / Evidence Lookup,11,9,2,0.0,0.0,0.0,0.0,0.0,0.0606060606060606,0.0,0.0,0.0,0.0,0.05454545454545456,0.0,0.0,0.0,0.0,0.06363636363636363,0.022222222222222223,0.1111111111111111,0.015873015873015872,0.0030680951096158657,0.059090909090909104,0.034567901234567905,0.2222222222222222,0.021428571428571425,0.01097054312025252
query,validation,selected:minus_dense,relevance_grade,1,query_intent,Interaction / Combination,3,2,1,0.0,0.0,0.0,0.0,0.0,0.0,0.0,0.0,0.0,0.0,0.0,0.0,0.0,0.0,0.0,0.03333333333333333,0.5,0.5,0.05555555555555555,0.1505149978319906,0.03333333333333333,0.5,0.5,0.05555555555555555,0.1505149978319906
query,validation,selected:minus_dense,relevance_grade,1,query_intent,Management / Treatment Selection,11,8,3,0.0,0.0,0.0,0.0,0.0,0.0303030303030303,0.0,0.0,0.0,0.0,0.018181818181818184,0.0,0.0,0.0,0.0,0.009090909090909092,0.0,0.0,0.0,0.0,0.018181818181818184,0.0,0.0,0.0,0.0
query,validation,selected:minus_dense,relevance_grade,1,query_intent,Mechanism / Background Knowledge,5,3,2,0.0,0.0,0.0,0.0,0.0,0.0,0.0,0.0,0.0,0.0,0.04,0.0,0.0,0.0,0.0,0.08,0.0,0.0,0.0,0.0,0.06,0.16666666666666666,0.3333333333333333,0.025641025641025644,0.011473024629983316
query,validation,selected:minus_dense,relevance_grade,1,query_intent,Monitoring / Response / Risk Assessment,11,9,2,0.0,0.0,0.0,0.0,0.0,0.0,0.0,0.0,0.0,0.0,0.018181818181818184,0.0,0.0,0.0,0.0,0.045454545454545456,0.0380952380952381,0.2222222222222222,0.031746031746031744,0.021586039188018085,0.045454545454545456,0.05396825396825397,0.3333333333333333,0.03968253968253968,0.025618063354444803
query,validation,selected:minus_dense,relevance_grade,1,query_intent,Prophylaxis / Maintenance,7,6,1,0.0,0.0,0.0,0.0,0.0,0.0,0.0,0.0,0.0,0.0,0.028571428571428574,0.0,0.0,0.0,0.0,0.028571428571428574,0.0,0.0,0.0,0.0,0.04285714285714286,0.0,0.0,0.0,0.0
query,validation,selected:minus_dense,relevance_grade,1,query_intent,Safety / Contraindication,15,9,6,0.06666666666666667,0.0,0.0,0.0,0.0,0.06666666666666667,0.0,0.0,0.0,0.0,0.04000000000000001,0.0,0.0,0.0,0.0,0.05333333333333334,0.013888888888888888,0.1111111111111111,0.012345679012345678,0.012267007730775308,0.04333333333333333,0.027777777777777776,0.1111111111111111,0.012345679012345678,0.016633091761603484
query,validation,selected:minus_dense,relevance_grade,1,query_intent,Treatment Change / Escalation,11,8,3,0.0,0.0,0.0,0.0,0.0,0.09090909090909091,0.0,0.0,0.0,0.0,0.10909090909090911,0.0,0.0,0.0,0.0,0.08181818181818182,0.041666666666666664,0.125,0.015625,0.018073273150979393,0.06818181818181818,0.057291666666666664,0.25,0.024553571428571428,0.02393522885778816
query,validation,selected:minus_dense,relevance_grade,1,has_context,False,51,34,17,0.0,0.0,0.0,0.0,0.0,0.0130718954248366,0.0,0.0,0.0,0.0,0.027450980392156862,0.0,0.0,0.0,0.0,0.04313725490196079,0.04929971988795517,0.11764705882352941,0.015347805788982257,0.018820309810705267,0.041176470588235294,0.06820728291316526,0.17647058823529413,0.019711089564030743,0.02089993602799322
query,validation,selected:minus_dense,relevance_grade,1,has_context,True,49,36,13,0.02040816326530612,0.0,0.0,0.0,0.0,0.04761904761904762,0.0,0.0,0.0,0.0,0.040816326530612256,0.0,0.0,0.0,0.0,0.04081632653061224,0.014583333333333334,0.08333333333333333,0.011684303350970017,0.005427034394905637,0.046938775510204075,0.028582451499118162,0.16666666666666666,0.01651930752807946,0.011221400125102159
query,validation,selected:minus_dense,relevance_grade,1,multiple_entity_dimensions,True,100,70,30,0.01,0.0,0.0,0.0,0.0,0.03,0.0,0.0,0.0,0.0,0.034,0.0,0.0,0.0,0.0,0.041999999999999996,0.031445578231292515,0.1,0.013463718820861678,0.011932339596865458,0.044,0.04782879818594104,0.17142857142857143,0.018069601659827222,0.01592240327793496
query,validation,selected:minus_entities,relevance_grade,1,query_language,EN,43,28,15,0.023255813953488372,0.0,0.0,0.0,0.0,0.007751937984496124,0.0,0.0,0.0,0.0,0.037209302325581395,0.04285714285714286,0.07142857142857142,0.017857142857142856,0.017858039380367223,0.03953488372093024,0.07028061224489796,0.17857142857142858,0.02896825396825397,0.02865495808226905,0.03953488372093024,0.08431122448979592,0.25,0.03298611111111111,0.03341915191905249
query,validation,selected:minus_entities,relevance_grade,1,query_language,ID,16,9,7,0.0,0.0,0.0,0.0,0.0,0.0,0.0,0.0,0.0,0.0,0.037500000000000006,0.0,0.0,0.0,0.0,0.018750000000000003,0.0,0.0,0.0,0.0,0.03125,0.013888888888888888,0.1111111111111111,0.009259259259259259,0.005501332902688929
query,validation,selected:minus_entities,relevance_grade,1,query_language,MIXED,41,33,8,0.0,0.0,0.0,0.0,0.0,0.03252032520325203,0.006060606060606061,0.030303030303030304,0.0101010101010101,0.0014578872688960573,0.03902439024390244,0.012121212121212121,0.06060606060606061,0.01616161616161616,0.003543386470567326,0.03902439024390244,0.01717171717171717,0.09090909090909091,0.02121212121212121,0.007385690308462194,0.0451219512195122,0.043554593554593554,0.21212121212121213,0.028753118226802436,0.016545798671258258
query,validation,selected:minus_entities,relevance_grade,1,query_intent,Comparative Treatment Choice,2,1,1,0.0,0.0,0.0,0.0,0.0,0.0,0.0,0.0,0.0,0.0,0.0,0.0,0.0,0.0,0.0,0.0,0.0,0.0,0.0,0.0,0.0,0.0,0.0,0.0,0.0
query,validation,selected:minus_entities,relevance_grade,1,query_intent,Dosing / Administration,21,14,7,0.0,0.0,0.0,0.0,0.0,0.0,0.0,0.0,0.0,0.0,0.028571428571428574,0.014285714285714287,0.07142857142857142,0.017857142857142856,0.004953467469777798,0.023809523809523808,0.014285714285714287,0.07142857142857142,0.017857142857142856,0.004953467469777798,0.038095238095238106,0.024489795918367346,0.14285714285714285,0.02261904761904762,0.008911483991041526
query,validation,selected:minus_entities,relevance_grade,1,query_intent,Efficacy / Outcomes,3,1,2,0.0,0.0,0.0,0.0,0.0,0.0,0.0,0.0,0.0,0.0,0.06666666666666667,0.0,0.0,0.0,0.0,0.03333333333333333,0.0,0.0,0.0,0.0,0.03333333333333333,0.0,0.0,0.0,0.0
query,validation,selected:minus_entities,relevance_grade,1,query_intent,Guideline / Evidence Lookup,11,9,2,0.0,0.0,0.0,0.0,0.0,0.0606060606060606,0.022222222222222223,0.1111111111111111,0.037037037037037035,0.005345586652618877,0.05454545454545456,0.022222222222222223,0.1111111111111111,0.037037037037037035,0.004602142664423799,0.045454545454545456,0.022222222222222223,0.1111111111111111,0.037037037037037035,0.004602142664423799,0.059090909090909104,0.034567901234567905,0.2222222222222222,0.042884990253411304,0.012633294344337935
query,validation,selected:minus_entities,relevance_grade,1,query_intent,Interaction / Combination,3,2,1,0.0,0.0,0.0,0.0,0.0,0.0,0.0,0.0,0.0,0.0,0.06666666666666667,0.5,0.5,0.125,0.21533827903669653,0.06666666666666667,0.5,0.5,0.125,0.21533827903669653,0.05000000000000001,0.5,0.5,0.125,0.21533827903669653
query,validation,selected:minus_entities,relevance_grade,1,query_intent,Management / Treatment Selection,11,8,3,0.0,0.0,0.0,0.0,0.0,0.0,0.0,0.0,0.0,0.0,0.018181818181818184,0.0,0.0,0.0,0.0,0.009090909090909092,0.0,0.0,0.0,0.0,0.01363636363636364,0.0,0.0,0.0,0.0
query,validation,selected:minus_entities,relevance_grade,1,query_intent,Mechanism / Background Knowledge,5,3,2,0.0,0.0,0.0,0.0,0.0,0.0,0.0,0.0,0.0,0.0,0.08,0.0,0.0,0.0,0.0,0.08,0.0,0.0,0.0,0.0,0.05,0.0,0.0,0.0,0.0
query,validation,selected:minus_entities,relevance_grade,1,query_intent,Monitoring / Response / Risk Assessment,11,9,2,0.0,0.0,0.0,0.0,0.0,0.0,0.0,0.0,0.0,0.0,0.03636363636363637,0.022222222222222223,0.1111111111111111,0.022222222222222223,0.008390274394323063,0.045454545454545456,0.09365079365079364,0.3333333333333333,0.04567901234567902,0.03020126246100712,0.05,0.13174603174603175,0.4444444444444444,0.05123456790123457,0.050091184538811326
query,validation,selected:minus_entities,relevance_grade,1,query_intent,Prophylaxis / Maintenance,7,6,1,0.0,0.0,0.0,0.0,0.0,0.0,0.0,0.0,0.0,0.0,0.0,0.0,0.0,0.0,0.0,0.014285714285714287,0.0,0.0,0.0,0.0,0.028571428571428574,0.06944444444444443,0.3333333333333333,0.021592442645074223,0.01181606932839289
query,validation,selected:minus_entities,relevance_grade,1,query_intent,Safety / Contraindication,15,9,6,0.06666666666666667,0.0,0.0,0.0,0.0,0.04444444444444444,0.0,0.0,0.0,0.0,0.06666666666666667,0.0,0.0,0.0,0.0,0.06666666666666667,0.013888888888888888,0.1111111111111111,0.011111111111111112,0.011779425672566068,0.04333333333333333,0.041666666666666664,0.2222222222222222,0.018055555555555557,0.01823305815197628
query,validation,selected:minus_entities,relevance_grade,1,query_intent,Treatment Change / Escalation,11,8,3,0.0,0.0,0.0,0.0,0.0,0.0303030303030303,0.0,0.0,0.0,0.0,0.018181818181818184,0.0,0.0,0.0,0.0,0.018181818181818184,0.020833333333333332,0.125,0.020833333333333332,0.015849503331316326,0.05,0.03645833333333333,0.25,0.03125,0.02203850284684137
query,validation,selected:minus_entities,relevance_grade,1,has_context,False,51,34,17,0.0,0.0,0.0,0.0,0.0,0.0065359477124183,0.0,0.0,0.0,0.0,0.04313725490196079,0.03529411764705882,0.058823529411764705,0.013235294117647059,0.01488791257712649,0.041176470588235294,0.05910364145658263,0.14705882352941177,0.02434640522875817,0.02439070431979376,0.03627450980392157,0.08511904761904762,0.2647058823529412,0.031465659813183035,0.03223498105869361
query,validation,selected:minus_entities,relevance_grade,1,has_context,True,49,36,13,0.02040816326530612,0.0,0.0,0.0,0.0,0.027210884353741496,0.005555555555555556,0.027777777777777776,0.009259259259259259,0.0013363966631547192,0.0326530612244898,0.011111111111111112,0.05555555555555555,0.016203703703703703,0.0030768841265750935,0.030612244897959183,0.014583333333333334,0.08333333333333333,0.018981481481481478,0.006021740544716611,0.04489795918367347,0.028582451499118162,0.16666666666666666,0.02461013645224171,0.01209084027815583
query,validation,selected:minus_entities,relevance_grade,1,multiple_entity_dimensions,True,100,70,30,0.01,0.0,0.0,0.0,0.0,0.016666666666666666,0.002857142857142857,0.014285714285714285,0.0047619047619047615,0.0006872897124795698,0.038000000000000006,0.022857142857142857,0.05714285714285714,0.01476190476190476,0.00881366937398577,0.036000000000000004,0.03620748299319728,0.11428571428571428,0.021587301587301586,0.014943808664039797,0.0405,0.05604308390022676,0.21428571428571427,0.027939962084698924,0.02187513722870275
query,validation,selected:minus_context,relevance_grade,1,query_language,EN,43,28,15,0.0,0.0,0.0,0.0,0.0,0.007751937984496124,0.0,0.0,0.0,0.0,0.027906976744186046,0.005952380952380952,0.03571428571428571,0.008928571428571428,0.003592258573282701,0.03255813953488373,0.05391156462585034,0.14285714285714285,0.023951247165532877,0.02188354873395046,0.03604651162790698,0.06347789115646259,0.21428571428571427,0.027931786749787635,0.026196224194884783
query,validation,selected:minus_context,relevance_grade,1,query_language,ID,16,9,7,0.0,0.0,0.0,0.0,0.0,0.041666666666666664,0.0,0.0,0.0,0.0,0.037500000000000006,0.0,0.0,0.0,0.0,0.043750000000000004,0.0,0.0,0.0,0.0,0.043750000000000004,0.0,0.0,0.0,0.0
query,validation,selected:minus_context,relevance_grade,1,query_language,MIXED,41,33,8,0.024390243902439025,0.0,0.0,0.0,0.0,0.04065040650406504,0.0,0.0,0.0,0.0,0.05365853658536586,0.015151515151515152,0.030303030303030304,0.006060606060606061,0.0032285979448954784,0.06097560975609756,0.03737373737373737,0.12121212121212122,0.017207792207792207,0.010156585817735155,0.045121951219512194,0.03737373737373737,0.12121212121212122,0.017207792207792207,0.010156585817735155
query,validation,selected:minus_context,relevance_grade,1,query_intent,Comparative Treatment Choice,2,1,1,0.0,0.0,0.0,0.0,0.0,0.0,0.0,0.0,0.0,0.0,0.0,0.0,0.0,0.0,0.0,0.05,0.0,0.0,0.0,0.0,0.025,0.0,0.0,0.0,0.0
query,validation,selected:minus_context,relevance_grade,1,query_intent,Dosing / Administration,21,14,7,0.047619047619047616,0.0,0.0,0.0,0.0,0.031746031746031744,0.0,0.0,0.0,0.0,0.047619047619047616,0.047619047619047616,0.14285714285714285,0.03214285714285715,0.014794783730961889,0.04285714285714285,0.0619047619047619,0.21428571428571427,0.04007936507936508,0.01770532433831071,0.03571428571428572,0.0619047619047619,0.21428571428571427,0.04007936507936508,0.01770532433831071
query,validation,selected:minus_context,relevance_grade,1,query_intent,Efficacy / Outcomes,3,1,2,0.0,0.0,0.0,0.0,0.0,0.0,0.0,0.0,0.0,0.0,0.0,0.0,0.0,0.0,0.0,0.03333333333333333,0.0,0.0,0.0,0.0,0.016666666666666666,0.0,0.0,0.0,0.0
query,validation,selected:minus_context,relevance_grade,1,query_intent,Guideline / Evidence Lookup,11,9,2,0.0,0.0,0.0,0.0,0.0,0.0,0.0,0.0,0.0,0.0,0.03636363636363637,0.0,0.0,0.0,0.0,0.08181818181818182,0.022222222222222223,0.1111111111111111,0.015873015873015872,0.0030680951096158657,0.06818181818181819,0.022222222222222223,0.1111111111111111,0.015873015873015872,0.0030680951096158657
query,validation,selected:minus_context,relevance_grade,1,query_intent,Interaction / Combination,3,2,1,0.0,0.0,0.0,0.0,0.0,0.0,0.0,0.0,0.0,0.0,0.0,0.0,0.0,0.0,0.0,0.03333333333333333,0.5,0.5,0.07142857142857142,0.16666666666666666,0.03333333333333333,0.5,0.5,0.07142857142857142,0.16666666666666666
query,validation,selected:minus_context,relevance_grade,1,query_intent,Management / Treatment Selection,11,8,3,0.0,0.0,0.0,0.0,0.0,0.0303030303030303,0.0,0.0,0.0,0.0,0.018181818181818184,0.0,0.0,0.0,0.0,0.018181818181818184,0.0,0.0,0.0,0.0,0.018181818181818184,0.0,0.0,0.0,0.0
query,validation,selected:minus_context,relevance_grade,1,query_intent,Mechanism / Background Knowledge,5,3,2,0.0,0.0,0.0,0.0,0.0,0.0,0.0,0.0,0.0,0.0,0.04,0.0,0.0,0.0,0.0,0.06000000000000001,0.0,0.0,0.0,0.0,0.07,0.0,0.0,0.0,0.0
query,validation,selected:minus_context,relevance_grade,1,query_intent,Monitoring / Response / Risk Assessment,11,9,2,0.0,0.0,0.0,0.0,0.0,0.0,0.0,0.0,0.0,0.0,0.018181818181818184,0.0,0.0,0.0,0.0,0.02727272727272728,0.0380952380952381,0.2222222222222222,0.02962962962962963,0.02161108680797908,0.040909090909090916,0.05396825396825397,0.3333333333333333,0.0354775828460039,0.025255913133459484
query,validation,selected:minus_context,relevance_grade,1,query_intent,Prophylaxis / Maintenance,7,6,1,0.0,0.0,0.0,0.0,0.0,0.0,0.0,0.0,0.0,0.0,0.0,0.0,0.0,0.0,0.0,0.014285714285714287,0.0,0.0,0.0,0.0,0.03571428571428571,0.0,0.0,0.0,0.0
query,validation,selected:minus_context,relevance_grade,1,query_intent,Safety / Contraindication,15,9,6,0.0,0.0,0.0,0.0,0.0,0.04444444444444444,0.0,0.0,0.0,0.0,0.05333333333333334,0.0,0.0,0.0,0.0,0.04666666666666666,0.0,0.0,0.0,0.0,0.04,0.013888888888888888,0.1111111111111111,0.006535947712418301,0.009772386219648588
query,validation,selected:minus_context,relevance_grade,1,query_intent,Treatment Change / Escalation,11,8,3,0.0,0.0,0.0,0.0,0.0,0.09090909090909091,0.0,0.0,0.0,0.0,0.10909090909090909,0.0,0.0,0.0,0.0,0.08181818181818182,0.041666666666666664,0.125,0.015625,0.018073273150979393,0.05,0.041666666666666664,0.125,0.015625,0.018073273150979393
query,validation,selected:minus_context,relevance_grade,1,has_context,False,51,34,17,0.0,0.0,0.0,0.0,0.0,0.0130718954248366,0.0,0.0,0.0,0.0,0.023529411764705885,0.0,0.0,0.0,0.0,0.0392156862745098,0.04929971988795517,0.11764705882352941,0.015721288515406162,0.01977703822979353,0.03823529411764706,0.05350140056022408,0.14705882352941177,0.01726927613150523,0.020741845198303053
query,validation,selected:minus_context,relevance_grade,1,has_context,True,49,36,13,0.02040816326530612,0.0,0.0,0.0,0.0,0.04081632653061224,0.0,0.0,0.0,0.0,0.05714285714285715,0.018518518518518517,0.05555555555555555,0.0125,0.005753527006485178,0.05306122448979592,0.02962962962962963,0.1111111111111111,0.019554673721340385,0.00765242768674702,0.04387755102040816,0.03310185185185185,0.1388888888888889,0.02118866064944496,0.010095524241659166
query,validation,selected:minus_context,relevance_grade,1,multiple_entity_dimensions,True,100,70,30,0.01,0.0,0.0,0.0,0.0,0.026666666666666665,0.0,0.0,0.0,0.0,0.04,0.009523809523809523,0.02857142857142857,0.0064285714285714285,0.0029589567461923774,0.046,0.03918367346938775,0.11428571428571428,0.017692743764172333,0.013541524236226756,0.040999999999999995,0.04301020408163265,0.14285714285714285,0.019284959597874237,0.015266594420600483
query,validation,selected:minus_intent,relevance_grade,1,query_language,EN,43,28,15,0.0,0.0,0.0,0.0,0.0,0.007751937984496124,0.005952380952380952,0.03571428571428571,0.017857142857142856,0.006504472933903993,0.013953488372093025,0.005952380952380952,0.03571428571428571,0.017857142857142856,0.005262563689431116,0.025581395348837212,0.018197278911564623,0.10714285714285714,0.02976190476190476,0.011838122200378845,0.03023255813953489,0.07028061224489796,0.21428571428571427,0.03808568882098294,0.02772457824053866
query,validation,selected:minus_intent,relevance_grade,1,query_language,ID,16,9,7,0.0625,0.0,0.0,0.0,0.0,0.08333333333333333,0.0,0.0,0.0,0.0,0.07500000000000001,0.0,0.0,0.0,0.0,0.05,0.0,0.0,0.0,0.0,0.05625,0.14087301587301587,0.3333333333333333,0.02011619462599855,0.03472066123124238
query,validation,selected:minus_intent,relevance_grade,1,query_language,MIXED,41,33,8,0.04878048780487805,0.0,0.0,0.0,0.0,0.04065040650406504,0.015151515151515152,0.030303030303030304,0.0101010101010101,0.0041729023087301005,0.03414634146341464,0.0202020202020202,0.06060606060606061,0.01616161616161616,0.0056252423833638085,0.051219512195121955,0.03636363636363636,0.12121212121212122,0.02427849927849928,0.013524884638259705,0.0597560975609756,0.04141414141414141,0.12121212121212122,0.02427849927849928,0.016439865400809096
query,validation,selected:minus_intent,relevance_grade,1,query_intent,Comparative Treatment Choice,2,1,1,0.0,0.0,0.0,0.0,0.0,0.0,0.0,0.0,0.0,0.0,0.1,0.0,0.0,0.0,0.0,0.05,0.0,0.0,0.0,0.0,0.025,0.0,0.0,0.0,0.0
query,validation,selected:minus_intent,relevance_grade,1,query_intent,Dosing / Administration,21,14,7,0.047619047619047616,0.0,0.0,0.0,0.0,0.047619047619047616,0.047619047619047616,0.14285714285714285,0.05952380952380952,0.02284507273838608,0.0380952380952381,0.047619047619047616,0.14285714285714285,0.05952380952380952,0.02036125424944033,0.0380952380952381,0.0619047619047619,0.21428571428571427,0.07142857142857142,0.0236498553668729,0.030952380952380953,0.0619047619047619,0.21428571428571427,0.07142857142857142,0.0236498553668729
query,validation,selected:minus_intent,relevance_grade,1,query_intent,Efficacy / Outcomes,3,1,2,0.0,0.0,0.0,0.0,0.0,0.0,0.0,0.0,0.0,0.0,0.0,0.0,0.0,0.0,0.0,0.03333333333333333,0.0,0.0,0.0,0.0,0.016666666666666666,0.0,0.0,0.0,0.0
query,validation,selected:minus_intent,relevance_grade,1,query_intent,Guideline / Evidence Lookup,11,9,2,0.18181818181818182,0.0,0.0,0.0,0.0,0.0606060606060606,0.0,0.0,0.0,0.0,0.03636363636363637,0.0,0.0,0.0,0.0,0.06363636363636364,0.022222222222222223,0.1111111111111111,0.015873015873015872,0.0030680951096158657,0.08181818181818183,0.022222222222222223,0.1111111111111111,0.015873015873015872,0.0030680951096158657
query,validation,selected:minus_intent,relevance_grade,1,query_intent,Interaction / Combination,3,2,1,0.0,0.0,0.0,0.0,0.0,0.0,0.0,0.0,0.0,0.0,0.0,0.0,0.0,0.0,0.0,0.0,0.0,0.0,0.0,0.0,0.016666666666666666,0.5,0.5,0.041666666666666664,0.13511907721365987
query,validation,selected:minus_intent,relevance_grade,1,query_intent,Management / Treatment Selection,11,8,3,0.0,0.0,0.0,0.0,0.0,0.0303030303030303,0.0,0.0,0.0,0.0,0.03636363636363637,0.0,0.0,0.0,0.0,0.02727272727272728,0.0,0.0,0.0,0.0,0.02727272727272728,0.125,0.125,0.007352941176470588,0.029976558321016433
query,validation,selected:minus_intent,relevance_grade,1,query_intent,Mechanism / Background Knowledge,5,3,2,0.0,0.0,0.0,0.0,0.0,0.0,0.0,0.0,0.0,0.0,0.0,0.0,0.0,0.0,0.0,0.06000000000000001,0.0,0.0,0.0,0.0,0.06,0.0,0.0,0.0,0.0
query,validation,selected:minus_intent,relevance_grade,1,query_intent,Monitoring / Response / Risk Assessment,11,9,2,0.0,0.0,0.0,0.0,0.0,0.0,0.0,0.0,0.0,0.0,0.0,0.0,0.0,0.0,0.0,0.02727272727272728,0.015873015873015872,0.1111111111111111,0.018518518518518517,0.015341691406942264,0.040909090909090916,0.05291005291005291,0.2222222222222222,0.028619528619528618,0.024967373486977577
query,validation,selected:minus_intent,relevance_grade,1,query_intent,Prophylaxis / Maintenance,7,6,1,0.0,0.0,0.0,0.0,0.0,0.0,0.0,0.0,0.0,0.0,0.0,0.0,0.0,0.0,0.0,0.014285714285714287,0.05555555555555555,0.16666666666666666,0.020833333333333332,0.03918349981398659,0.05714285714285715,0.07936507936507936,0.3333333333333333,0.03009259259259259,0.043661740691893304
query,validation,selected:minus_intent,relevance_grade,1,query_intent,Safety / Contraindication,15,9,6,0.0,0.0,0.0,0.0,0.0,0.02222222222222222,0.0,0.0,0.0,0.0,0.02666666666666667,0.0,0.0,0.0,0.0,0.04000000000000001,0.0,0.0,0.0,0.0,0.04666666666666667,0.013888888888888888,0.1111111111111111,0.006535947712418301,0.009772386219648588
query,validation,selected:minus_intent,relevance_grade,1,query_intent,Treatment Change / Escalation,11,8,3,0.0,0.0,0.0,0.0,0.0,0.09090909090909091,0.0,0.0,0.0,0.0,0.09090909090909091,0.020833333333333332,0.125,0.025,0.005990902807864046,0.06363636363636364,0.020833333333333332,0.125,0.025,0.005737695250501824,0.07272727272727274,0.057291666666666664,0.25,0.03333333333333333,0.02348749580171928
query,validation,selected:minus_intent,relevance_grade,1,has_context,False,51,34,17,0.0,0.0,0.0,0.0,0.0,0.0130718954248366,0.0,0.0,0.0,0.0,0.0196078431372549,0.004901960784313725,0.029411764705882353,0.0058823529411764705,0.0014096241900856579,0.03529411764705883,0.018907563025210083,0.08823529411764706,0.01446078431372549,0.012325817163247484,0.04607843137254902,0.09663865546218486,0.20588235294117646,0.02294965223165915,0.03349480452052217
query,validation,selected:minus_intent,relevance_grade,1,has_context,True,49,36,13,0.061224489795918366,0.0,0.0,0.0,0.0,0.05442176870748299,0.018518518518518517,0.05555555555555555,0.023148148148148147,0.008884194953816808,0.04489795918367347,0.018518518518518517,0.05555555555555555,0.023148148148148147,0.007918265541449017,0.04489795918367347,0.02962962962962963,0.1111111111111111,0.031746031746031744,0.009964189753410093,0.046938775510204075,0.036574074074074064,0.16666666666666666,0.03523187052598817,0.0136796207318114
query,validation,selected:minus_intent,relevance_grade,1,multiple_entity_dimensions,True,100,70,30,0.03,0.0,0.0,0.0,0.0,0.03333333333333333,0.009523809523809523,0.02857142857142857,0.011904761904761904,0.004569014547677216,0.032,0.011904761904761904,0.04285714285714286,0.01476190476190476,0.0047569254565010995,0.04,0.024421768707482992,0.1,0.02335034013605442,0.01111126592390254,0.04649999999999999,0.06574829931972788,0.18571428571428572,0.029266221640171213,0.023304138572042346
query,test,R-B0,relevance_grade,1,query_language,EN,50,34,16,0.02,0.0,0.0,0.0,0.0,0.03333333333333333,0.003676470588235294,0.029411764705882353,0.014705882352941176,0.0012440416427137197,0.032,0.009558823529411765,0.058823529411764705,0.020588235294117647,0.003457338300090255,0.032,0.01702847805788982,0.11764705882352941,0.02899159663865546,0.008258346180219853,0.037000000000000005,0.01702847805788982,0.11764705882352941,0.02899159663865546,0.008258346180219853
query,test,R-B0,relevance_grade,1,query_language,ID,18,12,6,0.0,0.0,0.0,0.0,0.0,0.05555555555555555,0.010416666666666666,0.08333333333333333,0.027777777777777776,0.002793325750135455,0.06666666666666667,0.022321428571428572,0.16666666666666666,0.044444444444444446,0.009025180458375024,0.06666666666666668,0.0494047619047619,0.3333333333333333,0.07023809523809522,0.02274111843458355,0.06666666666666667,0.0751984126984127,0.4166666666666667,0.07514005602240896,0.028224268196085218
query,test,R-B0,relevance_grade,1,query_language,MIXED,32,22,10,0.0625,0.0,0.0,0.0,0.0,0.0625,0.009090909090909092,0.045454545454545456,0.022727272727272728,0.019316313561290648,0.04375,0.009090909090909092,0.045454545454545456,0.022727272727272728,0.015628219441340893,0.040625,0.009090909090909092,0.045454545454545456,0.022727272727272728,0.015628219441340893,0.034375,0.009090909090909092,0.045454545454545456,0.022727272727272728,0.015628219441340893
query,test,R-B0,relevance_grade,1,query_intent,Comparative Treatment Choice,2,2,0,0.0,0.0,0.0,0.0,0.0,0.0,0.0,0.0,0.0,0.0,0.0,0.0,0.0,0.0,0.0,0.0,0.0,0.0,0.0,0.0,0.0,0.0,0.0,0.0,0.0
query,test,R-B0,relevance_grade,1,query_intent,Dosing / Administration,19,14,5,0.0,0.0,0.0,0.0,0.0,0.03508771929824561,0.014285714285714287,0.07142857142857142,0.03571428571428571,0.030354207024885303,0.042105263157894736,0.014285714285714287,0.07142857142857142,0.03571428571428571,0.024558630550678546,0.042105263157894736,0.024489795918367346,0.14285714285714285,0.04591836734693877,0.03313302530460997,0.0368421052631579,0.024489795918367346,0.14285714285714285,0.04591836734693877,0.03313302530460997
query,test,R-B0,relevance_grade,1,query_intent,Efficacy / Outcomes,3,1,2,0.0,0.0,0.0,0.0,0.0,0.1111111111111111,0.0,0.0,0.0,0.0,0.06666666666666667,0.0,0.0,0.0,0.0,0.03333333333333333,0.0,0.0,0.0,0.0,0.03333333333333333,0.0,0.0,0.0,0.0
query,test,R-B0,relevance_grade,1,query_intent,Guideline / Evidence Lookup,10,8,2,0.1,0.0,0.0,0.0,0.0,0.1,0.0,0.0,0.0,0.0,0.06000000000000001,0.0,0.0,0.0,0.0,0.06000000000000001,0.0,0.0,0.0,0.0,0.045,0.0,0.0,0.0,0.0
query,test,R-B0,relevance_grade,1,query_intent,Interaction / Combination,7,7,0,0.0,0.0,0.0,0.0,0.0,0.0,0.0,0.0,0.0,0.0,0.028571428571428574,0.02040816326530612,0.14285714285714285,0.028571428571428574,0.011359343714045565,0.028571428571428574,0.04897959183673469,0.2857142857142857,0.05238095238095238,0.017904384552686125,0.04285714285714286,0.06938775510204082,0.2857142857142857,0.05238095238095238,0.020430104160652423
query,test,R-B0,relevance_grade,1,query_intent,Management / Treatment Selection,11,7,4,0.0,0.0,0.0,0.0,0.0,0.0,0.0,0.0,0.0,0.0,0.0,0.0,0.0,0.0,0.0,0.009090909090909092,0.017857142857142856,0.14285714285714285,0.02040816326530612,0.0174643361233127,0.02727272727272728,0.017857142857142856,0.14285714285714285,0.02040816326530612,0.0174643361233127
query,test,R-B0,relevance_grade,1,query_intent,Mechanism / Background Knowledge,6,3,3,0.0,0.0,0.0,0.0,0.0,0.0,0.0,0.0,0.0,0.0,0.03333333333333333,0.0,0.0,0.0,0.0,0.05000000000000001,0.037037037037037035,0.3333333333333333,0.047619047619047616,0.015306726023415746,0.041666666666666664,0.037037037037037035,0.3333333333333333,0.047619047619047616,0.015306726023415746
query,test,R-B0,relevance_grade,1,query_intent,Monitoring / Response / Risk Assessment,9,7,2,0.1111111111111111,0.0,0.0,0.0,0.0,0.1111111111111111,0.017857142857142856,0.14285714285714285,0.07142857142857142,0.00604248797889521,0.06666666666666668,0.017857142857142856,0.14285714285714285,0.07142857142857142,0.004721022095817678,0.06666666666666667,0.017857142857142856,0.14285714285714285,0.07142857142857142,0.004331388281406131,0.07222222222222223,0.017857142857142856,0.14285714285714285,0.07142857142857142,0.004331388281406131
query,test,R-B0,relevance_grade,1,query_intent,Prophylaxis / Maintenance,8,6,2,0.0,0.0,0.0,0.0,0.0,0.08333333333333333,0.0,0.0,0.0,0.0,0.07500000000000001,0.03333333333333333,0.16666666666666666,0.03333333333333333,0.014083724588724157,0.075,0.03333333333333333,0.16666666666666666,0.03333333333333333,0.014083724588724157,0.0625,0.03333333333333333,0.16666666666666666,0.03333333333333333,0.014083724588724157
query,test,R-B0,relevance_grade,1,query_intent,Safety / Contraindication,14,6,8,0.0,0.0,0.0,0.0,0.0,0.023809523809523808,0.020833333333333332,0.16666666666666666,0.05555555555555555,0.00558665150027091,0.042857142857142864,0.020833333333333332,0.16666666666666666,0.05555555555555555,0.004797793250363556,0.028571428571428574,0.020833333333333332,0.16666666666666666,0.05555555555555555,0.004218729413835129,0.02857142857142857,0.020833333333333332,0.16666666666666666,0.05555555555555555,0.004218729413835129
query,test,R-B0,relevance_grade,1,query_intent,Treatment Change / Escalation,11,7,4,0.09090909090909091,0.0,0.0,0.0,0.0,0.0606060606060606,0.0,0.0,0.0,0.0,0.03636363636363637,0.0,0.0,0.0,0.0,0.03636363636363637,0.0,0.0,0.0,0.0,0.04545454545454546,0.023809523809523808,0.14285714285714285,0.008403361344537815,0.006873965697465142
query,test,R-B0,relevance_grade,1,has_context,False,56,39,17,0.017857142857142856,0.0,0.0,0.0,0.0,0.041666666666666664,0.003205128205128205,0.02564102564102564,0.01282051282051282,0.001084549124417089,0.03571428571428571,0.011996336996336997,0.07692307692307693,0.023076923076923075,0.005052946364138144,0.03928571428571429,0.023178673178673177,0.15384615384615385,0.03467643467643467,0.010469827905241714,0.045535714285714284,0.031115181115181117,0.1794871794871795,0.03618473030237736,0.012156950908780693
query,test,R-B0,relevance_grade,1,has_context,True,44,29,15,0.045454545454545456,0.0,0.0,0.0,0.0,0.053030303030303025,0.011206896551724138,0.06896551724137931,0.028735632183908042,0.015809614046552404,0.05,0.011206896551724138,0.06896551724137931,0.028735632183908042,0.012848537490057965,0.04318181818181819,0.016133004926108373,0.10344827586206896,0.033661740558292276,0.016868094163708634,0.03636363636363637,0.016133004926108373,0.10344827586206896,0.033661740558292276,0.016868094163708634
query,test,R-B0,relevance_grade,1,multiple_entity_dimensions,True,100,68,32,0.03,0.0,0.0,0.0,0.0,0.04666666666666666,0.006617647058823529,0.04411764705882353,0.0196078431372549,0.0073643562235630325,0.042,0.011659663865546219,0.07352941176470588,0.02549019607843137,0.00837753669725101,0.04100000000000001,0.02017390289449113,0.1323529411764706,0.03424369747899159,0.013198500280176136,0.0415,0.024725723622782445,0.14705882352941177,0.035108749382105786,0.01416611494397055
query,test,R-E1,relevance_grade,1,query_language,EN,50,34,16,0.0,0.0,0.0,0.0,0.0,0.04,0.0058823529411764705,0.029411764705882353,0.00980392156862745,0.003415601656386725,0.032,0.0058823529411764705,0.029411764705882353,0.00980392156862745,0.0032122852881473316,0.03,0.01702847805788982,0.11764705882352941,0.02184873949579832,0.007647766854203605,0.027000000000000003,0.020296451914098974,0.11764705882352941,0.02184873949579832,0.01008594652787003
query,test,R-E1,relevance_grade,1,query_language,ID,18,12,6,0.0,0.0,0.0,0.0,0.0,0.018518518518518517,0.0,0.0,0.0,0.0,0.044444444444444446,0.02857142857142857,0.16666666666666666,0.03333333333333333,0.011097339220380247,0.061111111111111116,0.0494047619047619,0.3333333333333333,0.05714285714285714,0.022392183942447436,0.061111111111111116,0.061309523809523814,0.3333333333333333,0.05714285714285714,0.023675631613348794
query,test,R-E1,relevance_grade,1,query_language,MIXED,32,22,10,0.03125,0.0,0.0,0.0,0.0,0.041666666666666664,0.0,0.0,0.0,0.0,0.04375,0.009090909090909092,0.045454545454545456,0.011363636363636364,0.010667919399445598,0.03125,0.009090909090909092,0.045454545454545456,0.011363636363636364,0.010667919399445598,0.03125,0.05606060606060606,0.22727272727272727,0.023288075560802833,0.02669333152066539
query,test,R-E1,relevance_grade,1,query_intent,Comparative Treatment Choice,2,2,0,0.0,0.0,0.0,0.0,0.0,0.0,0.0,0.0,0.0,0.0,0.0,0.0,0.0,0.0,0.0,0.0,0.0,0.0,0.0,0.0,0.0,0.0,0.0,0.0,0.0
query,test,R-E1,relevance_grade,1,query_intent,Dosing / Administration,19,14,5,0.0,0.0,0.0,0.0,0.0,0.017543859649122806,0.0,0.0,0.0,0.0,0.03157894736842106,0.014285714285714287,0.07142857142857142,0.017857142857142856,0.016763873341985938,0.031578947368421054,0.024489795918367346,0.14285714285714285,0.02806122448979592,0.02533826809591736,0.03421052631578948,0.06020408163265306,0.21428571428571427,0.03163265306122449,0.03813910268348207
query,test,R-E1,relevance_grade,1,query_intent,Efficacy / Outcomes,3,1,2,0.0,0.0,0.0,0.0,0.0,0.1111111111111111,0.0,0.0,0.0,0.0,0.06666666666666667,0.0,0.0,0.0,0.0,0.03333333333333333,0.0,0.0,0.0,0.0,0.016666666666666666,0.0,0.0,0.0,0.0
query,test,R-E1,relevance_grade,1,query_intent,Guideline / Evidence Lookup,10,8,2,0.0,0.0,0.0,0.0,0.0,0.03333333333333333,0.0,0.0,0.0,0.0,0.04,0.0,0.0,0.0,0.0,0.05,0.0,0.0,0.0,0.0,0.04,0.020833333333333332,0.125,0.008928571428571428,0.011388898690778138
query,test,R-E1,relevance_grade,1,query_intent,Interaction / Combination,7,7,0,0.0,0.0,0.0,0.0,0.0,0.0,0.0,0.0,0.0,0.0,0.05714285714285715,0.04897959183673469,0.2857142857142857,0.05714285714285715,0.019024010092080424,0.028571428571428574,0.04897959183673469,0.2857142857142857,0.05714285714285715,0.018511562398691398,0.04285714285714286,0.06938775510204082,0.2857142857142857,0.05714285714285715,0.020711758405950874
query,test,R-E1,relevance_grade,1,query_intent,Management / Treatment Selection,11,7,4,0.0,0.0,0.0,0.0,0.0,0.0,0.0,0.0,0.0,0.0,0.0,0.0,0.0,0.0,0.0,0.018181818181818184,0.017857142857142856,0.14285714285714285,0.02040816326530612,0.0174643361233127,0.02727272727272727,0.017857142857142856,0.14285714285714285,0.02040816326530612,0.0174643361233127
query,test,R-E1,relevance_grade,1,query_intent,Mechanism / Background Knowledge,6,3,3,0.0,0.0,0.0,0.0,0.0,0.05555555555555555,0.0,0.0,0.0,0.0,0.03333333333333333,0.0,0.0,0.0,0.0,0.03333333333333333,0.0,0.0,0.0,0.0,0.016666666666666666,0.0,0.0,0.0,0.0
query,test,R-E1,relevance_grade,1,query_intent,Monitoring / Response / Risk Assessment,9,7,2,0.0,0.0,0.0,0.0,0.0,0.07407407407407407,0.0,0.0,0.0,0.0,0.08888888888888889,0.0,0.0,0.0,0.0,0.07777777777777778,0.03373015873015873,0.2857142857142857,0.03809523809523809,0.0043949780986961935,0.061111111111111116,0.0496031746031746,0.2857142857142857,0.03809523809523809,0.016237565085075973
query,test,R-E1,relevance_grade,1,query_intent,Prophylaxis / Maintenance,8,6,2,0.0,0.0,0.0,0.0,0.0,0.125,0.03333333333333333,0.16666666666666666,0.05555555555555555,0.01935507605285811,0.07500000000000001,0.03333333333333333,0.16666666666666666,0.05555555555555555,0.018202949966168214,0.037500000000000006,0.03333333333333333,0.16666666666666666,0.05555555555555555,0.018202949966168214,0.0375,0.06666666666666667,0.3333333333333333,0.06388888888888888,0.02835744495832955
query,test,R-E1,relevance_grade,1,query_intent,Safety / Contraindication,14,6,8,0.0,0.0,0.0,0.0,0.0,0.0,0.0,0.0,0.0,0.0,0.014285714285714287,0.0,0.0,0.0,0.0,0.028571428571428574,0.020833333333333332,0.16666666666666666,0.023809523809523808,0.0028124862758900863,0.02142857142857143,0.020833333333333332,0.16666666666666666,0.023809523809523808,0.0028124862758900863
query,test,R-E1,relevance_grade,1,query_intent,Treatment Change / Escalation,11,7,4,0.09090909090909091,0.0,0.0,0.0,0.0,0.0606060606060606,0.0,0.0,0.0,0.0,0.03636363636363637,0.0,0.0,0.0,0.0,0.03636363636363637,0.0,0.0,0.0,0.0,0.045454545454545456,0.023809523809523808,0.14285714285714285,0.012987012987012988,0.0030441747088195107
query,test,R-E1,relevance_grade,1,has_context,False,56,39,17,0.0,0.0,0.0,0.0,0.0,0.041666666666666664,0.005128205128205128,0.02564102564102564,0.008547008547008546,0.0029777040081320166,0.03571428571428571,0.013919413919413922,0.07692307692307693,0.018803418803418806,0.006215019754912108,0.03571428571428571,0.023178673178673177,0.15384615384615385,0.029304029304029304,0.010046508619023368,0.03660714285714285,0.039092389092389095,0.20512820512820512,0.03241758241758241,0.016465422476322544
query,test,R-E1,relevance_grade,1,has_context,True,44,29,15,0.022727272727272728,0.0,0.0,0.0,0.0,0.0303030303030303,0.0,0.0,0.0,0.0,0.040909090909090916,0.006896551724137932,0.034482758620689655,0.008620689655172414,0.008092904371993212,0.03636363636363637,0.016133004926108373,0.10344827586206896,0.018472906403940885,0.012814161068902881,0.03181818181818182,0.03912151067323481,0.1724137931034483,0.023331840573219884,0.01972867510985607
query,test,R-E1,relevance_grade,1,multiple_entity_dimensions,True,100,68,32,0.01,0.0,0.0,0.0,0.0,0.03666666666666667,0.0029411764705882353,0.014705882352941176,0.004901960784313725,0.0017078008281933624,0.038,0.01092436974789916,0.058823529411764705,0.01446078431372549,0.007015882312196697,0.036000000000000004,0.02017390289449113,0.1323529411764706,0.02468487394957983,0.011226830987354337,0.0345,0.03910480859010271,0.19117647058823528,0.0285427807486631,0.01785710374650596
query,test,R-E2,relevance_grade,1,query_language,EN,50,34,16,0.0,0.0,0.0,0.0,0.0,0.04,0.0058823529411764705,0.029411764705882353,0.00980392156862745,0.003415601656386725,0.036000000000000004,0.0058823529411764705,0.029411764705882353,0.00980392156862745,0.0032122852881473316,0.032,0.012826797385620915,0.08823529411764706,0.01764705882352941,0.004117133720231842,0.029000000000000005,0.016094771241830067,0.08823529411764706,0.01764705882352941,0.006555313393898267
query,test,R-E2,relevance_grade,1,query_language,ID,18,12,6,0.0,0.0,0.0,0.0,0.0,0.018518518518518517,0.0,0.0,0.0,0.0,0.044444444444444446,0.03898809523809524,0.25,0.05416666666666667,0.01316363630379458,0.061111111111111116,0.0494047619047619,0.3333333333333333,0.06607142857142857,0.022802848667895892,0.05277777777777778,0.061309523809523814,0.3333333333333333,0.06607142857142857,0.024086296338797247
query,test,R-E2,relevance_grade,1,query_language,MIXED,32,22,10,0.03125,0.0,0.0,0.0,0.0,0.041666666666666664,0.009090909090909092,0.045454545454545456,0.022727272727272728,0.019316313561290648,0.037500000000000006,0.009090909090909092,0.045454545454545456,0.022727272727272728,0.015628219441340893,0.028125000000000004,0.009090909090909092,0.045454545454545456,0.022727272727272728,0.015628219441340893,0.029687500000000002,0.025757575757575757,0.13636363636363635,0.028246753246753246,0.022539044872213306
query,test,R-E2,relevance_grade,1,query_intent,Comparative Treatment Choice,2,2,0,0.0,0.0,0.0,0.0,0.0,0.0,0.0,0.0,0.0,0.0,0.0,0.0,0.0,0.0,0.0,0.0,0.0,0.0,0.0,0.0,0.0,0.0,0.0,0.0,0.0
query,test,R-E2,relevance_grade,1,query_intent,Dosing / Administration,19,14,5,0.0,0.0,0.0,0.0,0.0,0.03508771929824561,0.014285714285714287,0.07142857142857142,0.03571428571428571,0.030354207024885303,0.042105263157894736,0.014285714285714287,0.07142857142857142,0.03571428571428571,0.024558630550678546,0.04736842105263158,0.014285714285714287,0.07142857142857142,0.03571428571428571,0.024558630550678546,0.03421052631578948,0.014285714285714287,0.07142857142857142,0.03571428571428571,0.024558630550678546
query,test,R-E2,relevance_grade,1,query_intent,Efficacy / Outcomes,3,1,2,0.0,0.0,0.0,0.0,0.0,0.1111111111111111,0.0,0.0,0.0,0.0,0.06666666666666667,0.0,0.0,0.0,0.0,0.03333333333333333,0.0,0.0,0.0,0.0,0.016666666666666666,0.0,0.0,0.0,0.0
query,test,R-E2,relevance_grade,1,query_intent,Guideline / Evidence Lookup,10,8,2,0.0,0.0,0.0,0.0,0.0,0.0,0.0,0.0,0.0,0.0,0.02,0.0,0.0,0.0,0.0,0.030000000000000006,0.0,0.0,0.0,0.0,0.030000000000000006,0.020833333333333332,0.125,0.008928571428571428,0.011388898690778138
query,test,R-E2,relevance_grade,1,query_intent,Interaction / Combination,7,7,0,0.0,0.0,0.0,0.0,0.0,0.0,0.0,0.0,0.0,0.0,0.05714285714285715,0.04897959183673469,0.2857142857142857,0.05714285714285715,0.019024010092080424,0.028571428571428574,0.04897959183673469,0.2857142857142857,0.05714285714285715,0.018511562398691398,0.04285714285714286,0.06938775510204082,0.2857142857142857,0.05714285714285715,0.020711758405950874
query,test,R-E2,relevance_grade,1,query_intent,Management / Treatment Selection,11,7,4,0.0,0.0,0.0,0.0,0.0,0.0,0.0,0.0,0.0,0.0,0.0,0.0,0.0,0.0,0.0,0.018181818181818184,0.017857142857142856,0.14285714285714285,0.02040816326530612,0.0174643361233127,0.02727272727272727,0.017857142857142856,0.14285714285714285,0.02040816326530612,0.0174643361233127
query,test,R-E2,relevance_grade,1,query_intent,Mechanism / Background Knowledge,6,3,3,0.0,0.0,0.0,0.0,0.0,0.05555555555555555,0.0,0.0,0.0,0.0,0.03333333333333333,0.0,0.0,0.0,0.0,0.03333333333333333,0.0,0.0,0.0,0.0,0.016666666666666666,0.0,0.0,0.0,0.0
query,test,R-E2,relevance_grade,1,query_intent,Monitoring / Response / Risk Assessment,9,7,2,0.0,0.0,0.0,0.0,0.0,0.07407407407407407,0.0,0.0,0.0,0.0,0.08888888888888889,0.0,0.0,0.0,0.0,0.07777777777777778,0.03373015873015873,0.2857142857142857,0.03809523809523809,0.0043949780986961935,0.061111111111111116,0.0496031746031746,0.2857142857142857,0.03809523809523809,0.016237565085075973
query,test,R-E2,relevance_grade,1,query_intent,Prophylaxis / Maintenance,8,6,2,0.0,0.0,0.0,0.0,0.0,0.125,0.03333333333333333,0.16666666666666666,0.05555555555555555,0.01935507605285811,0.07500000000000001,0.03333333333333333,0.16666666666666666,0.05555555555555555,0.018202949966168214,0.037500000000000006,0.03333333333333333,0.16666666666666666,0.05555555555555555,0.018202949966168214,0.0375,0.06666666666666667,0.3333333333333333,0.06388888888888888,0.02835744495832955
query,test,R-E2,relevance_grade,1,query_intent,Safety / Contraindication,14,6,8,0.0,0.0,0.0,0.0,0.0,0.0,0.0,0.0,0.0,0.0,0.014285714285714287,0.020833333333333332,0.16666666666666666,0.041666666666666664,0.004132594166828667,0.021428571428571432,0.020833333333333332,0.16666666666666666,0.041666666666666664,0.0036338157267869933,0.02142857142857143,0.020833333333333332,0.16666666666666666,0.041666666666666664,0.0036338157267869933
query,test,R-E2,relevance_grade,1,query_intent,Treatment Change / Escalation,11,7,4,0.09090909090909091,0.0,0.0,0.0,0.0,0.0606060606060606,0.0,0.0,0.0,0.0,0.03636363636363637,0.0,0.0,0.0,0.0,0.03636363636363637,0.0,0.0,0.0,0.0,0.045454545454545456,0.0,0.0,0.0,0.0
query,test,R-E2,relevance_grade,1,has_context,False,56,39,17,0.0,0.0,0.0,0.0,0.0,0.041666666666666664,0.005128205128205128,0.02564102564102564,0.008547008547008546,0.0029777040081320166,0.03571428571428571,0.013919413919413922,0.07692307692307693,0.018803418803418806,0.006215019754912108,0.03571428571428571,0.023178673178673177,0.15384615384615385,0.029304029304029304,0.010046508619023368,0.03660714285714285,0.039092389092389095,0.20512820512820512,0.03241758241758241,0.016465422476322544
query,test,R-E2,relevance_grade,1,has_context,True,44,29,15,0.022727272727272728,0.0,0.0,0.0,0.0,0.0303030303030303,0.006896551724137932,0.034482758620689655,0.017241379310344827,0.01465375511546187,0.04090909090909091,0.011206896551724138,0.06896551724137931,0.02586206896551724,0.012710910093464539,0.03636363636363637,0.011206896551724138,0.06896551724137931,0.02586206896551724,0.012607714554145572,0.029545454545454552,0.011206896551724138,0.06896551724137931,0.02586206896551724,0.012607714554145572
query,test,R-E2,relevance_grade,1,multiple_entity_dimensions,True,100,68,32,0.01,0.0,0.0,0.0,0.0,0.03666666666666667,0.0058823529411764705,0.029411764705882353,0.012254901960784312,0.007957196392140336,0.038000000000000006,0.012762605042016806,0.07352941176470588,0.021813725490196077,0.008985325928706527,0.036000000000000004,0.018073062558356678,0.11764705882352941,0.02783613445378151,0.01113878762076666,0.0335,0.027200046685340803,0.14705882352941177,0.029621848739495797,0.014820223509511777
query,test,R-E3,relevance_grade,1,query_language,EN,50,34,16,0.02,0.0,0.0,0.0,0.0,0.03333333333333333,0.004201680672268907,0.029411764705882353,0.014705882352941176,0.008708291498996037,0.036000000000000004,0.008403361344537815,0.058823529411764705,0.022058823529411766,0.013247930186026428,0.036000000000000004,0.020821661998132585,0.14705882352941177,0.034838935574229686,0.019586140484305122,0.036000000000000004,0.020821661998132585,0.14705882352941177,0.034838935574229686,0.019586140484305122
query,test,R-E3,relevance_grade,1,query_language,ID,18,12,6,0.0,0.0,0.0,0.0,0.0,0.018518518518518517,0.0,0.0,0.0,0.0,0.03333333333333334,0.0,0.0,0.0,0.0,0.05555555555555555,0.03898809523809524,0.25,0.03621031746031746,0.01965963495853565,0.03888888888888889,0.05089285714285715,0.25,0.03621031746031746,0.020943082629437008
query,test,R-E3,relevance_grade,1,query_language,MIXED,32,22,10,0.0625,0.0,0.0,0.0,0.0,0.03125,0.0,0.0,0.0,0.0,0.0625,0.009090909090909092,0.045454545454545456,0.009090909090909092,0.009582398878380728,0.040625,0.009090909090909092,0.045454545454545456,0.009090909090909092,0.009582398878380728,0.035937500000000004,0.030735930735930738,0.18181818181818182,0.016400850611376926,0.017579122752994322
query,test,R-E3,relevance_grade,1,query_intent,Comparative Treatment Choice,2,2,0,0.0,0.0,0.0,0.0,0.0,0.0,0.0,0.0,0.0,0.0,0.0,0.0,0.0,0.0,0.0,0.0,0.0,0.0,0.0,0.0,0.0,0.0,0.0,0.0,0.0
query,test,R-E3,relevance_grade,1,query_intent,Dosing / Administration,19,14,5,0.0,0.0,0.0,0.0,0.0,0.03508771929824561,0.01020408163265306,0.07142857142857142,0.03571428571428571,0.021148707926133235,0.03157894736842106,0.024489795918367346,0.14285714285714285,0.049999999999999996,0.03322047845914466,0.042105263157894736,0.024489795918367346,0.14285714285714285,0.049999999999999996,0.03128757768767963,0.0368421052631579,0.024489795918367346,0.14285714285714285,0.049999999999999996,0.03128757768767963
query,test,R-E3,relevance_grade,1,query_intent,Efficacy / Outcomes,3,1,2,0.0,0.0,0.0,0.0,0.0,0.1111111111111111,0.0,0.0,0.0,0.0,0.06666666666666667,0.0,0.0,0.0,0.0,0.03333333333333333,0.0,0.0,0.0,0.0,0.05000000000000001,0.0,0.0,0.0,0.0
query,test,R-E3,relevance_grade,1,query_intent,Guideline / Evidence Lookup,10,8,2,0.0,0.0,0.0,0.0,0.0,0.03333333333333333,0.0,0.0,0.0,0.0,0.08,0.0,0.0,0.0,0.0,0.06000000000000001,0.0,0.0,0.0,0.0,0.04,0.020833333333333332,0.125,0.006944444444444444,0.0034915207512780135
query,test,R-E3,relevance_grade,1,query_intent,Interaction / Combination,7,7,0,0.0,0.0,0.0,0.0,0.0,0.0,0.0,0.0,0.0,0.0,0.028571428571428574,0.0,0.0,0.0,0.0,0.042857142857142864,0.04897959183673469,0.2857142857142857,0.041666666666666664,0.016237895234176982,0.028571428571428574,0.06938775510204082,0.2857142857142857,0.041666666666666664,0.018438091241436454
query,test,R-E3,relevance_grade,1,query_intent,Management / Treatment Selection,11,7,4,0.0,0.0,0.0,0.0,0.0,0.0,0.0,0.0,0.0,0.0,0.0,0.0,0.0,0.0,0.0,0.018181818181818184,0.017857142857142856,0.14285714285714285,0.02040816326530612,0.0174643361233127,0.009090909090909092,0.017857142857142856,0.14285714285714285,0.02040816326530612,0.0174643361233127
query,test,R-E3,relevance_grade,1,query_intent,Mechanism / Background Knowledge,6,3,3,0.0,0.0,0.0,0.0,0.0,0.0,0.0,0.0,0.0,0.0,0.03333333333333333,0.0,0.0,0.0,0.0,0.05000000000000001,0.037037037037037035,0.3333333333333333,0.05555555555555555,0.03816656074443859,0.03333333333333333,0.037037037037037035,0.3333333333333333,0.05555555555555555,0.03816656074443859
query,test,R-E3,relevance_grade,1,query_intent,Monitoring / Response / Risk Assessment,9,7,2,0.1111111111111111,0.0,0.0,0.0,0.0,0.07407407407407407,0.0,0.0,0.0,0.0,0.08888888888888889,0.0,0.0,0.0,0.0,0.05555555555555555,0.0,0.0,0.0,0.0,0.061111111111111116,0.0,0.0,0.0,0.0
query,test,R-E3,relevance_grade,1,query_intent,Prophylaxis / Maintenance,8,6,2,0.25,0.0,0.0,0.0,0.0,0.08333333333333333,0.0,0.0,0.0,0.0,0.07500000000000001,0.023809523809523808,0.16666666666666666,0.041666666666666664,0.03269261720354157,0.0625,0.05714285714285714,0.3333333333333333,0.06547619047619048,0.04342413151514132,0.06875,0.08095238095238096,0.5,0.07424812030075188,0.047468532948249216
query,test,R-E3,relevance_grade,1,query_intent,Safety / Contraindication,14,6,8,0.0,0.0,0.0,0.0,0.0,0.0,0.0,0.0,0.0,0.0,0.014285714285714287,0.0,0.0,0.0,0.0,0.0071428571428571435,0.0,0.0,0.0,0.0,0.010714285714285716,0.0,0.0,0.0,0.0
query,test,R-E3,relevance_grade,1,query_intent,Treatment Change / Escalation,11,7,4,0.0,0.0,0.0,0.0,0.0,0.0303030303030303,0.0,0.0,0.0,0.0,0.07272727272727274,0.0,0.0,0.0,0.0,0.06363636363636363,0.015873015873015872,0.14285714285714285,0.017857142857142856,0.009095856119867388,0.05909090909090909,0.03968253968253969,0.2857142857142857,0.02537593984962406,0.026771477638814187
query,test,R-E3,relevance_grade,1,has_context,False,56,39,17,0.05357142857142857,0.0,0.0,0.0,0.0,0.02976190476190476,0.0,0.0,0.0,0.0,0.04642857142857143,0.003663003663003663,0.02564102564102564,0.00641025641025641,0.005029633415929473,0.04642857142857143,0.026485551485551484,0.1794871794871795,0.028693528693528696,0.017298232914504188,0.042857142857142864,0.038085063085063084,0.23076923076923078,0.031467557783347255,0.019031564880137204
query,test,R-E3,relevance_grade,1,has_context,True,44,29,15,0.0,0.0,0.0,0.0,0.0,0.0303030303030303,0.0049261083743842365,0.034482758620689655,0.017241379310344827,0.010209721067788459,0.040909090909090916,0.011822660098522168,0.06896551724137931,0.02413793103448276,0.016037472359587076,0.03409090909090909,0.011822660098522168,0.06896551724137931,0.02413793103448276,0.01510434784922465,0.028409090909090915,0.017569786535303774,0.10344827586206896,0.025952813067150634,0.019370877181384222
query,test,R-E3,relevance_grade,1,multiple_entity_dimensions,True,100,68,32,0.03,0.0,0.0,0.0,0.0,0.03,0.0021008403361344537,0.014705882352941176,0.007352941176470588,0.004354145749498019,0.044000000000000004,0.007142857142857143,0.04411764705882353,0.013970588235294117,0.00972415296543051,0.040999999999999995,0.020232259570494866,0.1323529411764706,0.026750700280112043,0.016362605460193795,0.0365,0.029335901027077498,0.17647058823529413,0.029115681360263403,0.01917627159684549
query,test,R-E4,relevance_grade,1,query_language,EN,50,34,16,0.02,0.0,0.0,0.0,0.0,0.026666666666666665,0.0,0.0,0.0,0.0,0.028000000000000004,0.007878151260504201,0.058823529411764705,0.013235294117647059,0.005845704552034024,0.038000000000000006,0.02123015873015873,0.14705882352941177,0.026715686274509803,0.01290801078308057,0.043,0.03446545284780579,0.20588235294117646,0.030101909184726522,0.0189159391429626
query,test,R-E4,relevance_grade,1,query_language,ID,18,12,6,0.05555555555555555,0.0,0.0,0.0,0.0,0.037037037037037035,0.0,0.0,0.0,0.0,0.05555555555555555,0.0,0.0,0.0,0.0,0.07777777777777779,0.0494047619047619,0.3333333333333333,0.0496031746031746,0.021162633526848346,0.06666666666666667,0.061309523809523814,0.3333333333333333,0.0496031746031746,0.022424105849753583
query,test,R-E4,relevance_grade,1,query_language,MIXED,32,22,10,0.03125,0.0,0.0,0.0,0.0,0.0625,0.009090909090909092,0.045454545454545456,0.022727272727272728,0.019316313561290648,0.05625000000000001,0.009090909090909092,0.045454545454545456,0.022727272727272728,0.015628219441340893,0.037500000000000006,0.009090909090909092,0.045454545454545456,0.022727272727272728,0.015628219441340893,0.03125,0.009090909090909092,0.045454545454545456,0.022727272727272728,0.015628219441340893
query,test,R-E4,relevance_grade,1,query_intent,Comparative Treatment Choice,2,2,0,0.0,0.0,0.0,0.0,0.0,0.0,0.0,0.0,0.0,0.0,0.0,0.0,0.0,0.0,0.0,0.0,0.0,0.0,0.0,0.0,0.0,0.0,0.0,0.0,0.0
query,test,R-E4,relevance_grade,1,query_intent,Dosing / Administration,19,14,5,0.0,0.0,0.0,0.0,0.0,0.03508771929824561,0.014285714285714287,0.07142857142857142,0.03571428571428571,0.030354207024885303,0.05263157894736842,0.014285714285714287,0.07142857142857142,0.03571428571428571,0.024558630550678546,0.04736842105263158,0.024489795918367346,0.14285714285714285,0.047619047619047616,0.03372141366003363,0.034210526315789476,0.024489795918367346,0.14285714285714285,0.047619047619047616,0.03372141366003363
query,test,R-E4,relevance_grade,1,query_intent,Efficacy / Outcomes,3,1,2,0.0,0.0,0.0,0.0,0.0,0.1111111111111111,0.0,0.0,0.0,0.0,0.06666666666666667,0.0,0.0,0.0,0.0,0.03333333333333333,0.0,0.0,0.0,0.0,0.049999999999999996,0.25,1.0,0.05263157894736842,0.16487536293155053
query,test,R-E4,relevance_grade,1,query_intent,Guideline / Evidence Lookup,10,8,2,0.2,0.0,0.0,0.0,0.0,0.1,0.0,0.0,0.0,0.0,0.08,0.0,0.0,0.0,0.0,0.05,0.0,0.0,0.0,0.0,0.04,0.0,0.0,0.0,0.0
query,test,R-E4,relevance_grade,1,query_intent,Interaction / Combination,7,7,0,0.0,0.0,0.0,0.0,0.0,0.0,0.0,0.0,0.0,0.0,0.0,0.0,0.0,0.0,0.0,0.028571428571428574,0.04897959183673469,0.2857142857142857,0.04421768707482993,0.016403761686235814,0.03571428571428571,0.06938775510204082,0.2857142857142857,0.04421768707482993,0.018566285668359078
query,test,R-E4,relevance_grade,1,query_intent,Management / Treatment Selection,11,7,4,0.0,0.0,0.0,0.0,0.0,0.0,0.0,0.0,0.0,0.0,0.0,0.0,0.0,0.0,0.0,0.018181818181818184,0.017857142857142856,0.14285714285714285,0.02040816326530612,0.0174643361233127,0.02727272727272728,0.04642857142857143,0.2857142857142857,0.02933673469387755,0.0230920791668039
query,test,R-E4,relevance_grade,1,query_intent,Mechanism / Background Knowledge,6,3,3,0.0,0.0,0.0,0.0,0.0,0.0,0.0,0.0,0.0,0.0,0.0,0.0,0.0,0.0,0.0,0.05000000000000001,0.037037037037037035,0.3333333333333333,0.041666666666666664,0.014486203316909266,0.041666666666666664,0.037037037037037035,0.3333333333333333,0.041666666666666664,0.014486203316909266
query,test,R-E4,relevance_grade,1,query_intent,Monitoring / Response / Risk Assessment,9,7,2,0.1111111111111111,0.0,0.0,0.0,0.0,0.07407407407407407,0.0,0.0,0.0,0.0,0.06666666666666668,0.017857142857142856,0.14285714285714285,0.03571428571428571,0.0032225989269103546,0.06666666666666667,0.017857142857142856,0.14285714285714285,0.03571428571428571,0.0029566324716118306,0.08333333333333333,0.017857142857142856,0.14285714285714285,0.03571428571428571,0.0029566324716118306
query,test,R-E4,relevance_grade,1,query_intent,Prophylaxis / Maintenance,8,6,2,0.0,0.0,0.0,0.0,0.0,0.08333333333333333,0.0,0.0,0.0,0.0,0.07500000000000001,0.023809523809523808,0.16666666666666666,0.03333333333333333,0.02936596038013072,0.0625,0.05714285714285714,0.3333333333333333,0.061111111111111116,0.041073060973626264,0.0625,0.05714285714285714,0.3333333333333333,0.061111111111111116,0.041073060973626264
query,test,R-E4,relevance_grade,1,query_intent,Safety / Contraindication,14,6,8,0.0,0.0,0.0,0.0,0.0,0.0,0.0,0.0,0.0,0.0,0.014285714285714287,0.0,0.0,0.0,0.0,0.03571428571428571,0.020833333333333332,0.16666666666666666,0.023809523809523808,0.0028124862758900863,0.03214285714285714,0.020833333333333332,0.16666666666666666,0.023809523809523808,0.0028124862758900863
query,test,R-E4,relevance_grade,1,query_intent,Treatment Change / Escalation,11,7,4,0.0,0.0,0.0,0.0,0.0,0.0606060606060606,0.0,0.0,0.0,0.0,0.07272727272727274,0.0,0.0,0.0,0.0,0.06363636363636364,0.0,0.0,0.0,0.0,0.05909090909090909,0.0,0.0,0.0,0.0
query,test,R-E4,relevance_grade,1,has_context,False,56,39,17,0.017857142857142856,0.0,0.0,0.0,0.0,0.03571428571428571,0.0,0.0,0.0,0.0,0.03928571428571429,0.006868131868131868,0.05128205128205128,0.011538461538461539,0.0050962552504912,0.044642857142857144,0.026841676841676845,0.1794871794871795,0.030616605616605615,0.01404282276309251,0.049107142857142856,0.042043142043142044,0.23076923076923078,0.033568697384486854,0.01966864922747332
query,test,R-E4,relevance_grade,1,has_context,True,44,29,15,0.045454545454545456,0.0,0.0,0.0,0.0,0.04545454545454545,0.006896551724137932,0.034482758620689655,0.017241379310344827,0.01465375511546187,0.045454545454545456,0.006896551724137932,0.034482758620689655,0.017241379310344827,0.0118558906106724,0.04545454545454546,0.016133004926108373,0.10344827586206896,0.027914614121510674,0.01686119685847625,0.03636363636363637,0.016133004926108373,0.10344827586206896,0.027914614121510674,0.01686119685847625
query,test,R-E4,relevance_grade,1,multiple_entity_dimensions,True,100,68,32,0.03,0.0,0.0,0.0,0.0,0.04,0.0029411764705882353,0.014705882352941176,0.007352941176470588,0.006249395563946974,0.042,0.006880252100840336,0.04411764705882353,0.013970588235294117,0.00797904091880377,0.045,0.022274743230625584,0.14705882352941177,0.029464285714285707,0.01524477642141793,0.043500000000000004,0.030993230625583568,0.17647058823529413,0.031157397169394068,0.018471353364224573
query,test,R-E5,relevance_grade,1,query_language,EN,50,34,16,0.0,0.0,0.0,0.0,0.0,0.03333333333333333,0.0058823529411764705,0.029411764705882353,0.00980392156862745,0.003415601656386725,0.032,0.0058823529411764705,0.029411764705882353,0.00980392156862745,0.0032122852881473316,0.03,0.010084033613445379,0.058823529411764705,0.014005602240896357,0.006742918422119095,0.032,0.026178804855275444,0.14705882352941177,0.020328226984573733,0.010927945032343681
query,test,R-E5,relevance_grade,1,query_language,ID,18,12,6,0.0,0.0,0.0,0.0,0.0,0.018518518518518517,0.0,0.0,0.0,0.0,0.05555555555555555,0.016666666666666666,0.08333333333333333,0.016666666666666666,0.004471055387187,0.061111111111111116,0.03898809523809524,0.25,0.04047619047619048,0.02011057746573971,0.052777777777777785,0.0494047619047619,0.3333333333333333,0.04805194805194805,0.02128736227533995
query,test,R-E5,relevance_grade,1,query_language,MIXED,32,22,10,0.0,0.0,0.0,0.0,0.0,0.041666666666666664,0.0,0.0,0.0,0.0,0.05,0.009090909090909092,0.045454545454545456,0.011363636363636364,0.010667919399445598,0.034375,0.009090909090909092,0.045454545454545456,0.011363636363636364,0.010667919399445598,0.03125,0.009090909090909092,0.045454545454545456,0.011363636363636364,0.010667919399445598
query,test,R-E5,relevance_grade,1,query_intent,Comparative Treatment Choice,2,2,0,0.0,0.0,0.0,0.0,0.0,0.0,0.0,0.0,0.0,0.0,0.0,0.0,0.0,0.0,0.0,0.0,0.0,0.0,0.0,0.0,0.0,0.0,0.0,0.0,0.0
query,test,R-E5,relevance_grade,1,query_intent,Dosing / Administration,19,14,5,0.0,0.0,0.0,0.0,0.0,0.017543859649122806,0.0,0.0,0.0,0.0,0.03157894736842106,0.014285714285714287,0.07142857142857142,0.017857142857142856,0.016763873341985938,0.0368421052631579,0.024489795918367346,0.14285714285714285,0.02806122448979592,0.02533826809591736,0.03421052631578948,0.024489795918367346,0.14285714285714285,0.02806122448979592,0.02533826809591736
query,test,R-E5,relevance_grade,1,query_intent,Efficacy / Outcomes,3,1,2,0.0,0.0,0.0,0.0,0.0,0.1111111111111111,0.0,0.0,0.0,0.0,0.06666666666666667,0.0,0.0,0.0,0.0,0.03333333333333333,0.0,0.0,0.0,0.0,0.03333333333333333,0.0,0.0,0.0,0.0
query,test,R-E5,relevance_grade,1,query_intent,Guideline / Evidence Lookup,10,8,2,0.0,0.0,0.0,0.0,0.0,0.03333333333333333,0.0,0.0,0.0,0.0,0.08,0.0,0.0,0.0,0.0,0.05,0.0,0.0,0.0,0.0,0.030000000000000006,0.0,0.0,0.0,0.0
query,test,R-E5,relevance_grade,1,query_intent,Interaction / Combination,7,7,0,0.0,0.0,0.0,0.0,0.0,0.0,0.0,0.0,0.0,0.0,0.028571428571428574,0.028571428571428574,0.14285714285714285,0.028571428571428574,0.0076646663780348566,0.028571428571428574,0.04897959183673469,0.2857142857142857,0.04897959183673469,0.017010939532241087,0.028571428571428574,0.04897959183673469,0.2857142857142857,0.04897959183673469,0.017010939532241087
query,test,R-E5,relevance_grade,1,query_intent,Management / Treatment Selection,11,7,4,0.0,0.0,0.0,0.0,0.0,0.0,0.0,0.0,0.0,0.0,0.0,0.0,0.0,0.0,0.0,0.02727272727272728,0.017857142857142856,0.14285714285714285,0.02040816326530612,0.0174643361233127,0.031818181818181815,0.04642857142857143,0.2857142857142857,0.027926960257787323,0.022786773254459578
query,test,R-E5,relevance_grade,1,query_intent,Mechanism / Background Knowledge,6,3,3,0.0,0.0,0.0,0.0,0.0,0.0,0.0,0.0,0.0,0.0,0.03333333333333333,0.0,0.0,0.0,0.0,0.03333333333333333,0.0,0.0,0.0,0.0,0.016666666666666666,0.0,0.0,0.0,0.0
query,test,R-E5,relevance_grade,1,query_intent,Monitoring / Response / Risk Assessment,9,7,2,0.0,0.0,0.0,0.0,0.0,0.07407407407407407,0.0,0.0,0.0,0.0,0.08888888888888889,0.0,0.0,0.0,0.0,0.06666666666666668,0.0,0.0,0.0,0.0,0.06666666666666667,0.0496031746031746,0.2857142857142857,0.023191094619666047,0.015004834975658252
query,test,R-E5,relevance_grade,1,query_intent,Prophylaxis / Maintenance,8,6,2,0.0,0.0,0.0,0.0,0.0,0.125,0.03333333333333333,0.16666666666666666,0.05555555555555555,0.01935507605285811,0.07500000000000001,0.03333333333333333,0.16666666666666666,0.05555555555555555,0.018202949966168214,0.037500000000000006,0.03333333333333333,0.16666666666666666,0.05555555555555555,0.018202949966168214,0.037500000000000006,0.03333333333333333,0.16666666666666666,0.05555555555555555,0.018202949966168214
query,test,R-E5,relevance_grade,1,query_intent,Safety / Contraindication,14,6,8,0.0,0.0,0.0,0.0,0.0,0.0,0.0,0.0,0.0,0.0,0.014285714285714287,0.0,0.0,0.0,0.0,0.014285714285714287,0.0,0.0,0.0,0.0,0.024999999999999998,0.020833333333333332,0.16666666666666666,0.015151515151515152,0.002353569619200471
query,test,R-E5,relevance_grade,1,query_intent,Treatment Change / Escalation,11,7,4,0.0,0.0,0.0,0.0,0.0,0.0606060606060606,0.0,0.0,0.0,0.0,0.05454545454545456,0.0,0.0,0.0,0.0,0.05454545454545454,0.0,0.0,0.0,0.0,0.05454545454545454,0.0,0.0,0.0,0.0
query,test,R-E5,relevance_grade,1,has_context,False,56,39,17,0.0,0.0,0.0,0.0,0.0,0.041666666666666664,0.005128205128205128,0.02564102564102564,0.008547008547008546,0.0029777040081320166,0.03571428571428571,0.010256410256410256,0.05128205128205128,0.013675213675213675,0.004176163190852648,0.03928571428571429,0.017124542124542126,0.10256410256410256,0.021001221001221,0.00898832383040733,0.03928571428571429,0.03115588115588116,0.1794871794871795,0.026513252829042305,0.012636808567526196
query,test,R-E5,relevance_grade,1,has_context,True,44,29,15,0.0,0.0,0.0,0.0,0.0,0.022727272727272728,0.0,0.0,0.0,0.0,0.05,0.006896551724137932,0.034482758620689655,0.008620689655172414,0.008092904371993212,0.034090909090909095,0.011822660098522168,0.06896551724137931,0.01354679802955665,0.012232267356649762,0.030681818181818185,0.016133004926108373,0.10344827586206896,0.016681594267801164,0.012719212795105031
query,test,R-E5,relevance_grade,1,multiple_entity_dimensions,True,100,68,32,0.0,0.0,0.0,0.0,0.0,0.03333333333333333,0.0029411764705882353,0.014705882352941176,0.004901960784313725,0.0017078008281933624,0.042,0.008823529411764707,0.04411764705882353,0.011519607843137254,0.005846538106339065,0.037000000000000005,0.01486344537815126,0.08823529411764706,0.01782212885154062,0.010371770334246013,0.035500000000000004,0.02474906629318394,0.14705882352941177,0.022320339619101227,0.012671951546934818
query,test,R-E6,relevance_grade,1,query_language,EN,50,34,16,0.0,0.0,0.0,0.0,0.0,0.03333333333333333,0.0058823529411764705,0.029411764705882353,0.00980392156862745,0.003415601656386725,0.036000000000000004,0.0058823529411764705,0.029411764705882353,0.00980392156862745,0.0032122852881473316,0.03,0.0058823529411764705,0.029411764705882353,0.00980392156862745,0.0032122852881473316,0.034,0.026178804855275444,0.14705882352941177,0.01822738664843928,0.01010839354827042
query,test,R-E6,relevance_grade,1,query_language,ID,18,12,6,0.0,0.0,0.0,0.0,0.0,0.018518518518518517,0.0,0.0,0.0,0.0,0.03333333333333334,0.016666666666666666,0.08333333333333333,0.016666666666666666,0.004471055387187,0.07222222222222224,0.0494047619047619,0.3333333333333333,0.05089285714285715,0.02144143842046754,0.04722222222222223,0.0494047619047619,0.3333333333333333,0.05089285714285715,0.02144143842046754
query,test,R-E6,relevance_grade,1,query_language,MIXED,32,22,10,0.0,0.0,0.0,0.0,0.0,0.041666666666666664,0.009090909090909092,0.045454545454545456,0.022727272727272728,0.019316313561290648,0.037500000000000006,0.009090909090909092,0.045454545454545456,0.022727272727272728,0.015628219441340893,0.034375,0.009090909090909092,0.045454545454545456,0.022727272727272728,0.015628219441340893,0.0296875,0.009090909090909092,0.045454545454545456,0.022727272727272728,0.015628219441340893
query,test,R-E6,relevance_grade,1,query_intent,Comparative Treatment Choice,2,2,0,0.0,0.0,0.0,0.0,0.0,0.0,0.0,0.0,0.0,0.0,0.0,0.0,0.0,0.0,0.0,0.0,0.0,0.0,0.0,0.0,0.0,0.0,0.0,0.0,0.0
query,test,R-E6,relevance_grade,1,query_intent,Dosing / Administration,19,14,5,0.0,0.0,0.0,0.0,0.0,0.03508771929824561,0.014285714285714287,0.07142857142857142,0.03571428571428571,0.030354207024885303,0.042105263157894736,0.014285714285714287,0.07142857142857142,0.03571428571428571,0.024558630550678546,0.04736842105263158,0.014285714285714287,0.07142857142857142,0.03571428571428571,0.024558630550678546,0.03421052631578948,0.024489795918367346,0.14285714285714285,0.04081632653061224,0.031142685986146338
query,test,R-E6,relevance_grade,1,query_intent,Efficacy / Outcomes,3,1,2,0.0,0.0,0.0,0.0,0.0,0.1111111111111111,0.0,0.0,0.0,0.0,0.06666666666666667,0.0,0.0,0.0,0.0,0.03333333333333333,0.0,0.0,0.0,0.0,0.03333333333333333,0.0,0.0,0.0,0.0
query,test,R-E6,relevance_grade,1,query_intent,Guideline / Evidence Lookup,10,8,2,0.0,0.0,0.0,0.0,0.0,0.0,0.0,0.0,0.0,0.0,0.02,0.0,0.0,0.0,0.0,0.04,0.0,0.0,0.0,0.0,0.025,0.0,0.0,0.0,0.0
query,test,R-E6,relevance_grade,1,query_intent,Interaction / Combination,7,7,0,0.0,0.0,0.0,0.0,0.0,0.0,0.0,0.0,0.0,0.0,0.028571428571428574,0.028571428571428574,0.14285714285714285,0.028571428571428574,0.0076646663780348566,0.028571428571428574,0.04897959183673469,0.2857142857142857,0.04897959183673469,0.017010939532241087,0.028571428571428574,0.04897959183673469,0.2857142857142857,0.04897959183673469,0.017010939532241087
query,test,R-E6,relevance_grade,1,query_intent,Management / Treatment Selection,11,7,4,0.0,0.0,0.0,0.0,0.0,0.0,0.0,0.0,0.0,0.0,0.0,0.0,0.0,0.0,0.0,0.02727272727272728,0.017857142857142856,0.14285714285714285,0.02040816326530612,0.0174643361233127,0.031818181818181815,0.04642857142857143,0.2857142857142857,0.027926960257787323,0.022786773254459578
query,test,R-E6,relevance_grade,1,query_intent,Mechanism / Background Knowledge,6,3,3,0.0,0.0,0.0,0.0,0.0,0.0,0.0,0.0,0.0,0.0,0.03333333333333333,0.0,0.0,0.0,0.0,0.03333333333333333,0.0,0.0,0.0,0.0,0.016666666666666666,0.0,0.0,0.0,0.0
query,test,R-E6,relevance_grade,1,query_intent,Monitoring / Response / Risk Assessment,9,7,2,0.0,0.0,0.0,0.0,0.0,0.07407407407407407,0.0,0.0,0.0,0.0,0.08888888888888889,0.0,0.0,0.0,0.0,0.06666666666666668,0.0,0.0,0.0,0.0,0.06666666666666667,0.0496031746031746,0.2857142857142857,0.023191094619666047,0.015004834975658252
query,test,R-E6,relevance_grade,1,query_intent,Prophylaxis / Maintenance,8,6,2,0.0,0.0,0.0,0.0,0.0,0.125,0.03333333333333333,0.16666666666666666,0.05555555555555555,0.01935507605285811,0.07500000000000001,0.03333333333333333,0.16666666666666666,0.05555555555555555,0.018202949966168214,0.037500000000000006,0.03333333333333333,0.16666666666666666,0.05555555555555555,0.018202949966168214,0.037500000000000006,0.03333333333333333,0.16666666666666666,0.05555555555555555,0.018202949966168214
query,test,R-E6,relevance_grade,1,query_intent,Safety / Contraindication,14,6,8,0.0,0.0,0.0,0.0,0.0,0.0,0.0,0.0,0.0,0.0,0.0,0.0,0.0,0.0,0.0,0.021428571428571432,0.020833333333333332,0.16666666666666666,0.020833333333333332,0.0026617219094556576,0.024999999999999998,0.020833333333333332,0.16666666666666666,0.020833333333333332,0.0026617219094556576
query,test,R-E6,relevance_grade,1,query_intent,Treatment Change / Escalation,11,7,4,0.0,0.0,0.0,0.0,0.0,0.0606060606060606,0.0,0.0,0.0,0.0,0.05454545454545456,0.0,0.0,0.0,0.0,0.05454545454545454,0.0,0.0,0.0,0.0,0.05454545454545454,0.0,0.0,0.0,0.0
query,test,R-E6,relevance_grade,1,has_context,False,56,39,17,0.0,0.0,0.0,0.0,0.0,0.041666666666666664,0.005128205128205128,0.02564102564102564,0.008547008547008546,0.0029777040081320166,0.03571428571428571,0.010256410256410256,0.05128205128205128,0.013675213675213675,0.004176163190852648,0.03928571428571429,0.017124542124542126,0.10256410256410256,0.021001221001221,0.00898832383040733,0.03928571428571429,0.03115588115588116,0.1794871794871795,0.026513252829042305,0.012636808567526196
query,test,R-E6,relevance_grade,1,has_context,True,44,29,15,0.0,0.0,0.0,0.0,0.0,0.022727272727272728,0.006896551724137932,0.034482758620689655,0.017241379310344827,0.01465375511546187,0.03636363636363637,0.006896551724137932,0.034482758620689655,0.017241379310344827,0.0118558906106724,0.03863636363636364,0.011206896551724138,0.06896551724137931,0.021551724137931036,0.012406591695387364,0.029545454545454552,0.016133004926108373,0.10344827586206896,0.02401477832512315,0.015585101215958023
query,test,R-E6,relevance_grade,1,multiple_entity_dimensions,True,100,68,32,0.0,0.0,0.0,0.0,0.0,0.03333333333333333,0.0058823529411764705,0.029411764705882353,0.012254901960784312,0.007957196392140336,0.036000000000000004,0.008823529411764707,0.04411764705882353,0.015196078431372547,0.007451341061069896,0.03900000000000001,0.014600840336134454,0.08823529411764706,0.0212359943977591,0.010446114537531167,0.035,0.02474906629318394,0.14705882352941177,0.025447726937665022,0.01389416866759271
query,test,R-E7,relevance_grade,1,query_language,EN,50,34,16,0.0,0.0,0.0,0.0,0.0,0.03333333333333333,0.0058823529411764705,0.029411764705882353,0.014705882352941176,0.0043100094227246765,0.04,0.009150326797385621,0.058823529411764705,0.020588235294117647,0.008225199518935829,0.036000000000000004,0.012826797385620915,0.08823529411764706,0.025490196078431372,0.008329782741743045,0.033,0.016094771241830067,0.11764705882352941,0.02712418300653595,0.009283607967135935
query,test,R-E7,relevance_grade,1,query_language,ID,18,12,6,0.0,0.0,0.0,0.0,0.0,0.037037037037037035,0.016666666666666666,0.08333333333333333,0.027777777777777776,0.0065177600836493965,0.022222222222222223,0.016666666666666666,0.08333333333333333,0.027777777777777776,0.005778755257262851,0.03888888888888889,0.0375,0.25,0.050099206349206345,0.017297145617256423,0.0638888888888889,0.06180555555555556,0.3333333333333333,0.05426587301587301,0.0257908759850958
query,test,R-E7,relevance_grade,1,query_language,MIXED,32,22,10,0.03125,0.009090909090909092,0.045454545454545456,0.045454545454545456,0.045454545454545456,0.03125,0.009090909090909092,0.045454545454545456,0.045454545454545456,0.030615632646817204,0.03125,0.009090909090909092,0.045454545454545456,0.045454545454545456,0.024770141767566648,0.03125,0.018181818181818184,0.09090909090909091,0.050505050505050504,0.0284319060967252,0.0296875,0.03035714285714286,0.18181818181818182,0.05659271284271284,0.030415723210423407
query,test,R-E7,relevance_grade,1,query_intent,Comparative Treatment Choice,2,2,0,0.0,0.0,0.0,0.0,0.0,0.0,0.0,0.0,0.0,0.0,0.0,0.0,0.0,0.0,0.0,0.0,0.0,0.0,0.0,0.0,0.0,0.0,0.0,0.0,0.0
query,test,R-E7,relevance_grade,1,query_intent,Dosing / Administration,19,14,5,0.05263157894736842,0.014285714285714287,0.07142857142857142,0.07142857142857142,0.07142857142857142,0.03508771929824561,0.014285714285714287,0.07142857142857142,0.07142857142857142,0.048110279873569896,0.05263157894736842,0.014285714285714287,0.07142857142857142,0.07142857142857142,0.03892450849189045,0.042105263157894736,0.014285714285714287,0.07142857142857142,0.07142857142857142,0.03892450849189045,0.034210526315789476,0.014285714285714287,0.07142857142857142,0.07142857142857142,0.03892450849189045
query,test,R-E7,relevance_grade,1,query_intent,Efficacy / Outcomes,3,1,2,0.0,0.0,0.0,0.0,0.0,0.1111111111111111,0.0,0.0,0.0,0.0,0.06666666666666667,0.0,0.0,0.0,0.0,0.03333333333333333,0.0,0.0,0.0,0.0,0.05000000000000001,0.0,0.0,0.0,0.0
query,test,R-E7,relevance_grade,1,query_intent,Guideline / Evidence Lookup,10,8,2,0.0,0.0,0.0,0.0,0.0,0.03333333333333333,0.0,0.0,0.0,0.0,0.04,0.0,0.0,0.0,0.0,0.030000000000000006,0.0,0.0,0.0,0.0,0.03,0.0,0.0,0.0,0.0
query,test,R-E7,relevance_grade,1,query_intent,Interaction / Combination,7,7,0,0.0,0.0,0.0,0.0,0.0,0.047619047619047616,0.028571428571428574,0.14285714285714285,0.047619047619047616,0.011173303000541823,0.028571428571428574,0.028571428571428574,0.14285714285714285,0.047619047619047616,0.009906437583879173,0.028571428571428574,0.028571428571428574,0.14285714285714285,0.047619047619047616,0.009906437583879173,0.021428571428571432,0.028571428571428574,0.14285714285714285,0.047619047619047616,0.009906437583879173
query,test,R-E7,relevance_grade,1,query_intent,Management / Treatment Selection,11,7,4,0.0,0.0,0.0,0.0,0.0,0.0,0.0,0.0,0.0,0.0,0.0,0.0,0.0,0.0,0.0,0.009090909090909092,0.017857142857142856,0.14285714285714285,0.02040816326530612,0.0174643361233127,0.02727272727272727,0.017857142857142856,0.14285714285714285,0.02040816326530612,0.0174643361233127
query,test,R-E7,relevance_grade,1,query_intent,Mechanism / Background Knowledge,6,3,3,0.0,0.0,0.0,0.0,0.0,0.0,0.0,0.0,0.0,0.0,0.03333333333333333,0.0,0.0,0.0,0.0,0.03333333333333333,0.0,0.0,0.0,0.0,0.025000000000000005,0.037037037037037035,0.3333333333333333,0.018518518518518517,0.010810019221119432
query,test,R-E7,relevance_grade,1,query_intent,Monitoring / Response / Risk Assessment,9,7,2,0.0,0.0,0.0,0.0,0.0,0.07407407407407407,0.0,0.0,0.0,0.0,0.08888888888888889,0.015873015873015872,0.14285714285714285,0.028571428571428574,0.020262770115240167,0.07777777777777778,0.03373015873015873,0.2857142857142857,0.05238095238095238,0.020770745768875214,0.05555555555555555,0.03373015873015873,0.2857142857142857,0.05238095238095238,0.020770745768875214
query,test,R-E7,relevance_grade,1,query_intent,Prophylaxis / Maintenance,8,6,2,0.0,0.0,0.0,0.0,0.0,0.08333333333333333,0.03333333333333333,0.16666666666666666,0.08333333333333333,0.02442338672877317,0.05,0.03333333333333333,0.16666666666666666,0.08333333333333333,0.022969565472856165,0.05,0.06666666666666667,0.3333333333333333,0.10185185185185186,0.036396034679770844,0.0625,0.11130952380952382,0.6666666666666666,0.12417328042328042,0.043670030763330946
query,test,R-E7,relevance_grade,1,query_intent,Safety / Contraindication,14,6,8,0.0,0.0,0.0,0.0,0.0,0.0,0.0,0.0,0.0,0.0,0.0,0.0,0.0,0.0,0.0,0.021428571428571432,0.020833333333333332,0.16666666666666666,0.020833333333333332,0.0026617219094556576,0.03928571428571429,0.041666666666666664,0.16666666666666666,0.020833333333333332,0.017111324043483842
query,test,R-E7,relevance_grade,1,query_intent,Treatment Change / Escalation,11,7,4,0.0,0.0,0.0,0.0,0.0,0.0303030303030303,0.0,0.0,0.0,0.0,0.018181818181818184,0.0,0.0,0.0,0.0,0.03636363636363637,0.0,0.0,0.0,0.0,0.045454545454545456,0.023809523809523808,0.14285714285714285,0.0071428571428571435,0.002175307372843344
query,test,R-E7,relevance_grade,1,has_context,False,56,39,17,0.0,0.0,0.0,0.0,0.0,0.041666666666666664,0.010256410256410256,0.05128205128205128,0.021367521367521364,0.00576290875324184,0.03571428571428571,0.013105413105413105,0.07692307692307693,0.026495726495726492,0.008948765300794165,0.03214285714285715,0.024643874643874644,0.15384615384615385,0.03728123728123728,0.014240175497720374,0.04107142857142857,0.03863451363451363,0.2564102564102564,0.04342185592185592,0.016581231543223513
query,test,R-E7,relevance_grade,1,has_context,True,44,29,15,0.022727272727272728,0.006896551724137932,0.034482758620689655,0.034482758620689655,0.034482758620689655,0.022727272727272728,0.006896551724137932,0.034482758620689655,0.034482758620689655,0.023225652352757878,0.031818181818181815,0.006896551724137932,0.034482758620689655,0.034482758620689655,0.018791142030567802,0.03863636363636364,0.011206896551724138,0.06896551724137931,0.03879310344827586,0.019341843115282767,0.03295454545454546,0.015517241379310345,0.06896551724137931,0.03879310344827586,0.022331415970598945
query,test,R-E7,relevance_grade,1,multiple_entity_dimensions,True,100,68,32,0.01,0.0029411764705882353,0.014705882352941176,0.014705882352941176,0.014705882352941176,0.03333333333333333,0.008823529411764707,0.04411764705882353,0.026960784313725488,0.013210255288329562,0.034,0.01045751633986928,0.058823529411764705,0.029901960784313723,0.0131462494943741,0.035,0.018913398692810456,0.11764705882352941,0.03792600373482727,0.01641588668756316,0.0375,0.02877567693744164,0.17647058823529413,0.04144782913165265,0.01903351607842774
query,test,full:complete,relevance_grade,1,query_language,EN,50,34,16,0.0,0.0,0.0,0.0,0.0,0.03333333333333333,0.0058823529411764705,0.029411764705882353,0.014705882352941176,0.0043100094227246765,0.04,0.009150326797385621,0.058823529411764705,0.020588235294117647,0.008225199518935829,0.036000000000000004,0.012826797385620915,0.08823529411764706,0.025490196078431372,0.008329782741743045,0.033,0.016094771241830067,0.11764705882352941,0.02712418300653595,0.009283607967135935
query,test,full:complete,relevance_grade,1,query_language,ID,18,12,6,0.0,0.0,0.0,0.0,0.0,0.037037037037037035,0.016666666666666666,0.08333333333333333,0.027777777777777776,0.0065177600836493965,0.022222222222222223,0.016666666666666666,0.08333333333333333,0.027777777777777776,0.005778755257262851,0.03888888888888889,0.0375,0.25,0.050099206349206345,0.017297145617256423,0.0638888888888889,0.06180555555555556,0.3333333333333333,0.05426587301587301,0.0257908759850958
query,test,full:complete,relevance_grade,1,query_language,MIXED,32,22,10,0.03125,0.009090909090909092,0.045454545454545456,0.045454545454545456,0.045454545454545456,0.03125,0.009090909090909092,0.045454545454545456,0.045454545454545456,0.030615632646817204,0.03125,0.009090909090909092,0.045454545454545456,0.045454545454545456,0.024770141767566648,0.03125,0.018181818181818184,0.09090909090909091,0.050505050505050504,0.0284319060967252,0.0296875,0.03035714285714286,0.18181818181818182,0.05659271284271284,0.030415723210423407
query,test,full:complete,relevance_grade,1,query_intent,Comparative Treatment Choice,2,2,0,0.0,0.0,0.0,0.0,0.0,0.0,0.0,0.0,0.0,0.0,0.0,0.0,0.0,0.0,0.0,0.0,0.0,0.0,0.0,0.0,0.0,0.0,0.0,0.0,0.0
query,test,full:complete,relevance_grade,1,query_intent,Dosing / Administration,19,14,5,0.05263157894736842,0.014285714285714287,0.07142857142857142,0.07142857142857142,0.07142857142857142,0.03508771929824561,0.014285714285714287,0.07142857142857142,0.07142857142857142,0.048110279873569896,0.05263157894736842,0.014285714285714287,0.07142857142857142,0.07142857142857142,0.03892450849189045,0.042105263157894736,0.014285714285714287,0.07142857142857142,0.07142857142857142,0.03892450849189045,0.034210526315789476,0.014285714285714287,0.07142857142857142,0.07142857142857142,0.03892450849189045
query,test,full:complete,relevance_grade,1,query_intent,Efficacy / Outcomes,3,1,2,0.0,0.0,0.0,0.0,0.0,0.1111111111111111,0.0,0.0,0.0,0.0,0.06666666666666667,0.0,0.0,0.0,0.0,0.03333333333333333,0.0,0.0,0.0,0.0,0.05000000000000001,0.0,0.0,0.0,0.0
query,test,full:complete,relevance_grade,1,query_intent,Guideline / Evidence Lookup,10,8,2,0.0,0.0,0.0,0.0,0.0,0.03333333333333333,0.0,0.0,0.0,0.0,0.04,0.0,0.0,0.0,0.0,0.030000000000000006,0.0,0.0,0.0,0.0,0.03,0.0,0.0,0.0,0.0
query,test,full:complete,relevance_grade,1,query_intent,Interaction / Combination,7,7,0,0.0,0.0,0.0,0.0,0.0,0.047619047619047616,0.028571428571428574,0.14285714285714285,0.047619047619047616,0.011173303000541823,0.028571428571428574,0.028571428571428574,0.14285714285714285,0.047619047619047616,0.009906437583879173,0.028571428571428574,0.028571428571428574,0.14285714285714285,0.047619047619047616,0.009906437583879173,0.021428571428571432,0.028571428571428574,0.14285714285714285,0.047619047619047616,0.009906437583879173
query,test,full:complete,relevance_grade,1,query_intent,Management / Treatment Selection,11,7,4,0.0,0.0,0.0,0.0,0.0,0.0,0.0,0.0,0.0,0.0,0.0,0.0,0.0,0.0,0.0,0.009090909090909092,0.017857142857142856,0.14285714285714285,0.02040816326530612,0.0174643361233127,0.02727272727272727,0.017857142857142856,0.14285714285714285,0.02040816326530612,0.0174643361233127
query,test,full:complete,relevance_grade,1,query_intent,Mechanism / Background Knowledge,6,3,3,0.0,0.0,0.0,0.0,0.0,0.0,0.0,0.0,0.0,0.0,0.03333333333333333,0.0,0.0,0.0,0.0,0.03333333333333333,0.0,0.0,0.0,0.0,0.025000000000000005,0.037037037037037035,0.3333333333333333,0.018518518518518517,0.010810019221119432
query,test,full:complete,relevance_grade,1,query_intent,Monitoring / Response / Risk Assessment,9,7,2,0.0,0.0,0.0,0.0,0.0,0.07407407407407407,0.0,0.0,0.0,0.0,0.08888888888888889,0.015873015873015872,0.14285714285714285,0.028571428571428574,0.020262770115240167,0.07777777777777778,0.03373015873015873,0.2857142857142857,0.05238095238095238,0.020770745768875214,0.05555555555555555,0.03373015873015873,0.2857142857142857,0.05238095238095238,0.020770745768875214
query,test,full:complete,relevance_grade,1,query_intent,Prophylaxis / Maintenance,8,6,2,0.0,0.0,0.0,0.0,0.0,0.08333333333333333,0.03333333333333333,0.16666666666666666,0.08333333333333333,0.02442338672877317,0.05,0.03333333333333333,0.16666666666666666,0.08333333333333333,0.022969565472856165,0.05,0.06666666666666667,0.3333333333333333,0.10185185185185186,0.036396034679770844,0.0625,0.11130952380952382,0.6666666666666666,0.12417328042328042,0.043670030763330946
query,test,full:complete,relevance_grade,1,query_intent,Safety / Contraindication,14,6,8,0.0,0.0,0.0,0.0,0.0,0.0,0.0,0.0,0.0,0.0,0.0,0.0,0.0,0.0,0.0,0.021428571428571432,0.020833333333333332,0.16666666666666666,0.020833333333333332,0.0026617219094556576,0.03928571428571429,0.041666666666666664,0.16666666666666666,0.020833333333333332,0.017111324043483842
query,test,full:complete,relevance_grade,1,query_intent,Treatment Change / Escalation,11,7,4,0.0,0.0,0.0,0.0,0.0,0.0303030303030303,0.0,0.0,0.0,0.0,0.018181818181818184,0.0,0.0,0.0,0.0,0.03636363636363637,0.0,0.0,0.0,0.0,0.045454545454545456,0.023809523809523808,0.14285714285714285,0.0071428571428571435,0.002175307372843344
query,test,full:complete,relevance_grade,1,has_context,False,56,39,17,0.0,0.0,0.0,0.0,0.0,0.041666666666666664,0.010256410256410256,0.05128205128205128,0.021367521367521364,0.00576290875324184,0.03571428571428571,0.013105413105413105,0.07692307692307693,0.026495726495726492,0.008948765300794165,0.03214285714285715,0.024643874643874644,0.15384615384615385,0.03728123728123728,0.014240175497720374,0.04107142857142857,0.03863451363451363,0.2564102564102564,0.04342185592185592,0.016581231543223513
query,test,full:complete,relevance_grade,1,has_context,True,44,29,15,0.022727272727272728,0.006896551724137932,0.034482758620689655,0.034482758620689655,0.034482758620689655,0.022727272727272728,0.006896551724137932,0.034482758620689655,0.034482758620689655,0.023225652352757878,0.031818181818181815,0.006896551724137932,0.034482758620689655,0.034482758620689655,0.018791142030567802,0.03863636363636364,0.011206896551724138,0.06896551724137931,0.03879310344827586,0.019341843115282767,0.03295454545454546,0.015517241379310345,0.06896551724137931,0.03879310344827586,0.022331415970598945
query,test,full:complete,relevance_grade,1,multiple_entity_dimensions,True,100,68,32,0.01,0.0029411764705882353,0.014705882352941176,0.014705882352941176,0.014705882352941176,0.03333333333333333,0.008823529411764707,0.04411764705882353,0.026960784313725488,0.013210255288329562,0.034,0.01045751633986928,0.058823529411764705,0.029901960784313723,0.0131462494943741,0.035,0.018913398692810456,0.11764705882352941,0.03792600373482727,0.01641588668756316,0.0375,0.02877567693744164,0.17647058823529413,0.04144782913165265,0.01903351607842774
query,test,full:minus_bm25,relevance_grade,1,query_language,EN,50,34,16,0.02,0.0,0.0,0.0,0.0,0.03333333333333333,0.0058823529411764705,0.029411764705882353,0.014705882352941176,0.0043100094227246765,0.032,0.009150326797385621,0.058823529411764705,0.022058823529411766,0.008697786478110129,0.030000000000000006,0.009150326797385621,0.058823529411764705,0.022058823529411766,0.008253720049780686,0.038000000000000006,0.023564425770308123,0.17647058823529413,0.030238875736052936,0.016075603981431544
query,test,full:minus_bm25,relevance_grade,1,query_language,ID,18,12,6,0.0,0.0,0.0,0.0,0.0,0.037037037037037035,0.016666666666666666,0.08333333333333333,0.027777777777777776,0.0065177600836493965,0.022222222222222223,0.016666666666666666,0.08333333333333333,0.027777777777777776,0.005778755257262851,0.05000000000000001,0.027083333333333334,0.16666666666666666,0.03819444444444444,0.00710961621199068,0.052777777777777785,0.06527777777777778,0.25,0.04577020202020202,0.0210444288710217
query,test,full:minus_bm25,relevance_grade,1,query_language,MIXED,32,22,10,0.0625,0.009090909090909092,0.045454545454545456,0.045454545454545456,0.045454545454545456,0.03125,0.009090909090909092,0.045454545454545456,0.045454545454545456,0.030615632646817204,0.025,0.018181818181818184,0.09090909090909091,0.05454545454545454,0.029475864886758744,0.028125000000000004,0.02467532467532468,0.13636363636363635,0.060227272727272727,0.030979738623903245,0.029687500000000002,0.049296536796536804,0.2727272727272727,0.06881313131313131,0.042725486102999255
query,test,full:minus_bm25,relevance_grade,1,query_intent,Comparative Treatment Choice,2,2,0,0.0,0.0,0.0,0.0,0.0,0.0,0.0,0.0,0.0,0.0,0.0,0.0,0.0,0.0,0.0,0.0,0.0,0.0,0.0,0.0,0.0,0.0,0.0,0.0,0.0
query,test,full:minus_bm25,relevance_grade,1,query_intent,Dosing / Administration,19,14,5,0.05263157894736842,0.014285714285714287,0.07142857142857142,0.07142857142857142,0.07142857142857142,0.03508771929824561,0.014285714285714287,0.07142857142857142,0.07142857142857142,0.048110279873569896,0.021052631578947368,0.014285714285714287,0.07142857142857142,0.07142857142857142,0.03892450849189045,0.031578947368421054,0.014285714285714287,0.07142857142857142,0.07142857142857142,0.03892450849189045,0.0368421052631579,0.024489795918367346,0.14285714285714285,0.07738095238095237,0.04587589433279161
query,test,full:minus_bm25,relevance_grade,1,query_intent,Efficacy / Outcomes,3,1,2,0.0,0.0,0.0,0.0,0.0,0.1111111111111111,0.0,0.0,0.0,0.0,0.13333333333333333,0.0,0.0,0.0,0.0,0.10000000000000002,0.0,0.0,0.0,0.0,0.08333333333333333,0.0,0.0,0.0,0.0
query,test,full:minus_bm25,relevance_grade,1,query_intent,Guideline / Evidence Lookup,10,8,2,0.0,0.0,0.0,0.0,0.0,0.0,0.0,0.0,0.0,0.0,0.0,0.0,0.0,0.0,0.0,0.0,0.0,0.0,0.0,0.0,0.025,0.020833333333333332,0.125,0.008333333333333333,0.011123795297334819
query,test,full:minus_bm25,relevance_grade,1,query_intent,Interaction / Combination,7,7,0,0.0,0.0,0.0,0.0,0.0,0.047619047619047616,0.028571428571428574,0.14285714285714285,0.047619047619047616,0.011173303000541823,0.028571428571428574,0.028571428571428574,0.14285714285714285,0.047619047619047616,0.009906437583879173,0.05714285714285715,0.028571428571428574,0.14285714285714285,0.047619047619047616,0.009906437583879173,0.04285714285714286,0.07619047619047618,0.2857142857142857,0.0606060606060606,0.02140931459876533
query,test,full:minus_bm25,relevance_grade,1,query_intent,Management / Treatment Selection,11,7,4,0.0,0.0,0.0,0.0,0.0,0.0,0.0,0.0,0.0,0.0,0.0,0.0,0.0,0.0,0.0,0.018181818181818184,0.0,0.0,0.0,0.0,0.018181818181818184,0.0,0.0,0.0,0.0
query,test,full:minus_bm25,relevance_grade,1,query_intent,Mechanism / Background Knowledge,6,3,3,0.0,0.0,0.0,0.0,0.0,0.05555555555555555,0.0,0.0,0.0,0.0,0.03333333333333333,0.0,0.0,0.0,0.0,0.016666666666666666,0.0,0.0,0.0,0.0,0.03333333333333333,0.12037037037037036,0.6666666666666666,0.0462962962962963,0.07970491322198296
query,test,full:minus_bm25,relevance_grade,1,query_intent,Monitoring / Response / Risk Assessment,9,7,2,0.1111111111111111,0.0,0.0,0.0,0.0,0.037037037037037035,0.0,0.0,0.0,0.0,0.06666666666666668,0.015873015873015872,0.14285714285714285,0.03571428571428571,0.022558192488372486,0.044444444444444446,0.015873015873015872,0.14285714285714285,0.03571428571428571,0.020401298407915196,0.05000000000000001,0.03373015873015873,0.2857142857142857,0.043233082706766915,0.025166593793240682
query,test,full:minus_bm25,relevance_grade,1,query_intent,Prophylaxis / Maintenance,8,6,2,0.125,0.0,0.0,0.0,0.0,0.125,0.03333333333333333,0.16666666666666666,0.08333333333333333,0.02442338672877317,0.1,0.06666666666666667,0.3333333333333333,0.11666666666666665,0.04022388357656052,0.07500000000000001,0.09047619047619049,0.5,0.13749999999999998,0.04573808727942368,0.06875,0.11130952380952382,0.6666666666666666,0.1486111111111111,0.0485992592301282
query,test,full:minus_bm25,relevance_grade,1,query_intent,Safety / Contraindication,14,6,8,0.0,0.0,0.0,0.0,0.0,0.0,0.0,0.0,0.0,0.0,0.0,0.0,0.0,0.0,0.0,0.021428571428571432,0.020833333333333332,0.16666666666666666,0.020833333333333332,0.0026617219094556576,0.03571428571428571,0.041666666666666664,0.16666666666666666,0.020833333333333332,0.017111324043483842
query,test,full:minus_bm25,relevance_grade,1,query_intent,Treatment Change / Escalation,11,7,4,0.0,0.0,0.0,0.0,0.0,0.0303030303030303,0.0,0.0,0.0,0.0,0.018181818181818184,0.0,0.0,0.0,0.0,0.03636363636363637,0.0,0.0,0.0,0.0,0.03636363636363636,0.015873015873015872,0.14285714285714285,0.008403361344537815,0.0069145564282131556
query,test,full:minus_bm25,relevance_grade,1,has_context,False,56,39,17,0.03571428571428571,0.0,0.0,0.0,0.0,0.047619047619047616,0.010256410256410256,0.05128205128205128,0.021367521367521364,0.00576290875324184,0.04285714285714286,0.018233618233618236,0.10256410256410256,0.0329059829059829,0.012015274665772428,0.04285714285714286,0.0218966218966219,0.1282051282051282,0.03611111111111111,0.012476478862028273,0.042857142857142864,0.05323565323565324,0.3076923076923077,0.048279993713430246,0.02549061310684438
query,test,full:minus_bm25,relevance_grade,1,has_context,True,44,29,15,0.022727272727272728,0.006896551724137932,0.034482758620689655,0.034482758620689655,0.034482758620689655,0.01515151515151515,0.006896551724137932,0.034482758620689655,0.034482758620689655,0.023225652352757878,0.009090909090909092,0.006896551724137932,0.034482758620689655,0.034482758620689655,0.018791142030567802,0.020454545454545454,0.011206896551724138,0.06896551724137931,0.03879310344827586,0.019341843115282767,0.03181818181818182,0.020443349753694582,0.10344827586206896,0.041666666666666664,0.025687257411033986
query,test,full:minus_bm25,relevance_grade,1,multiple_entity_dimensions,True,100,68,32,0.03,0.0029411764705882353,0.014705882352941176,0.014705882352941176,0.014705882352941176,0.03333333333333333,0.008823529411764707,0.04411764705882353,0.026960784313725488,0.013210255288329562,0.028000000000000008,0.013398692810457516,0.07352941176470588,0.03357843137254902,0.014904982806641043,0.033,0.017337768440709618,0.10294117647058823,0.03725490196078431,0.01540435479356328,0.038000000000000006,0.039250700280112044,0.22058823529411764,0.045459604237604596,0.02557447611892524
query,test,full:minus_dense,relevance_grade,1,query_language,EN,50,34,16,0.0,0.0,0.0,0.0,0.0,0.04,0.0058823529411764705,0.029411764705882353,0.014705882352941176,0.0043100094227246765,0.044000000000000004,0.012826797385620915,0.08823529411764706,0.027941176470588233,0.008888675768593842,0.036000000000000004,0.012826797385620915,0.08823529411764706,0.027941176470588233,0.00843503778574198,0.035,0.016094771241830067,0.11764705882352941,0.030614973262032087,0.009565253350660143
query,test,full:minus_dense,relevance_grade,1,query_language,ID,18,12,6,0.0,0.0,0.0,0.0,0.0,0.018518518518518517,0.016666666666666666,0.08333333333333333,0.027777777777777776,0.0065177600836493965,0.03333333333333334,0.027083333333333334,0.16666666666666666,0.048611111111111105,0.007845052340677184,0.03333333333333333,0.027083333333333334,0.16666666666666666,0.048611111111111105,0.007595663120656348,0.058333333333333334,0.07569444444444444,0.4166666666666667,0.06252866643733516,0.025013287844643784
query,test,full:minus_dense,relevance_grade,1,query_language,MIXED,32,22,10,0.03125,0.009090909090909092,0.045454545454545456,0.045454545454545456,0.045454545454545456,0.03125,0.009090909090909092,0.045454545454545456,0.045454545454545456,0.030615632646817204,0.03125,0.009090909090909092,0.045454545454545456,0.045454545454545456,0.024770141767566648,0.028125000000000004,0.018181818181818184,0.09090909090909091,0.051948051948051945,0.028824847701529367,0.03125,0.03225108225108225,0.18181818181818182,0.05876623376623376,0.03677269406414358
query,test,full:minus_dense,relevance_grade,1,query_intent,Comparative Treatment Choice,2,2,0,0.0,0.0,0.0,0.0,0.0,0.0,0.0,0.0,0.0,0.0,0.0,0.0,0.0,0.0,0.0,0.0,0.0,0.0,0.0,0.0,0.0,0.0,0.0,0.0,0.0
query,test,full:minus_dense,relevance_grade,1,query_intent,Dosing / Administration,19,14,5,0.05263157894736842,0.014285714285714287,0.07142857142857142,0.07142857142857142,0.07142857142857142,0.03508771929824561,0.014285714285714287,0.07142857142857142,0.07142857142857142,0.048110279873569896,0.042105263157894736,0.014285714285714287,0.07142857142857142,0.07142857142857142,0.03892450849189045,0.04736842105263158,0.014285714285714287,0.07142857142857142,0.07142857142857142,0.03892450849189045,0.03421052631578948,0.014285714285714287,0.07142857142857142,0.07142857142857142,0.03892450849189045
query,test,full:minus_dense,relevance_grade,1,query_intent,Efficacy / Outcomes,3,1,2,0.0,0.0,0.0,0.0,0.0,0.1111111111111111,0.0,0.0,0.0,0.0,0.06666666666666667,0.0,0.0,0.0,0.0,0.03333333333333333,0.0,0.0,0.0,0.0,0.03333333333333333,0.0,0.0,0.0,0.0
query,test,full:minus_dense,relevance_grade,1,query_intent,Guideline / Evidence Lookup,10,8,2,0.0,0.0,0.0,0.0,0.0,0.03333333333333333,0.0,0.0,0.0,0.0,0.04,0.0,0.0,0.0,0.0,0.02,0.0,0.0,0.0,0.0,0.04,0.041666666666666664,0.25,0.016995614035087717,0.014351505043801888
query,test,full:minus_dense,relevance_grade,1,query_intent,Interaction / Combination,7,7,0,0.0,0.0,0.0,0.0,0.0,0.047619047619047616,0.028571428571428574,0.14285714285714285,0.047619047619047616,0.011173303000541823,0.028571428571428574,0.028571428571428574,0.14285714285714285,0.047619047619047616,0.009906437583879173,0.028571428571428574,0.028571428571428574,0.14285714285714285,0.047619047619047616,0.009906437583879173,0.021428571428571432,0.028571428571428574,0.14285714285714285,0.047619047619047616,0.009906437583879173
query,test,full:minus_dense,relevance_grade,1,query_intent,Management / Treatment Selection,11,7,4,0.0,0.0,0.0,0.0,0.0,0.0,0.0,0.0,0.0,0.0,0.0,0.0,0.0,0.0,0.0,0.0,0.0,0.0,0.0,0.0,0.022727272727272728,0.017857142857142856,0.14285714285714285,0.008403361344537815,0.012564496568119614
query,test,full:minus_dense,relevance_grade,1,query_intent,Mechanism / Background Knowledge,6,3,3,0.0,0.0,0.0,0.0,0.0,0.0,0.0,0.0,0.0,0.0,0.03333333333333333,0.0,0.0,0.0,0.0,0.03333333333333333,0.0,0.0,0.0,0.0,0.03333333333333333,0.037037037037037035,0.3333333333333333,0.030303030303030304,0.012809109735739179
query,test,full:minus_dense,relevance_grade,1,query_intent,Monitoring / Response / Risk Assessment,9,7,2,0.0,0.0,0.0,0.0,0.0,0.1111111111111111,0.0,0.0,0.0,0.0,0.1111111111111111,0.03373015873015873,0.2857142857142857,0.0642857142857143,0.02348536904215052,0.07777777777777778,0.03373015873015873,0.2857142857142857,0.0642857142857143,0.021281984554012902,0.06666666666666668,0.03373015873015873,0.2857142857142857,0.0642857142857143,0.021281984554012902
query,test,full:minus_dense,relevance_grade,1,query_intent,Prophylaxis / Maintenance,8,6,2,0.0,0.0,0.0,0.0,0.0,0.08333333333333333,0.03333333333333333,0.16666666666666666,0.08333333333333333,0.02442338672877317,0.07500000000000001,0.03333333333333333,0.16666666666666666,0.08333333333333333,0.022969565472856165,0.05,0.06666666666666667,0.3333333333333333,0.10714285714285714,0.037836820564052805,0.05,0.09047619047619049,0.5,0.11825396825396824,0.050946529699616584
query,test,full:minus_dense,relevance_grade,1,query_intent,Safety / Contraindication,14,6,8,0.0,0.0,0.0,0.0,0.0,0.0,0.0,0.0,0.0,0.0,0.014285714285714287,0.020833333333333332,0.16666666666666666,0.041666666666666664,0.004132594166828667,0.021428571428571432,0.020833333333333332,0.16666666666666666,0.041666666666666664,0.0036338157267869933,0.046428571428571444,0.041666666666666664,0.16666666666666666,0.041666666666666664,0.01808341786081518
query,test,full:minus_dense,relevance_grade,1,query_intent,Treatment Change / Escalation,11,7,4,0.0,0.0,0.0,0.0,0.0,0.0,0.0,0.0,0.0,0.0,0.018181818181818184,0.0,0.0,0.0,0.0,0.02727272727272728,0.0,0.0,0.0,0.0,0.03636363636363636,0.023809523809523808,0.14285714285714285,0.007936507936507936,0.0022492475315082383
query,test,full:minus_dense,relevance_grade,1,has_context,False,56,39,17,0.0,0.0,0.0,0.0,0.0,0.041666666666666664,0.010256410256410256,0.05128205128205128,0.021367521367521364,0.00576290875324184,0.042857142857142864,0.01631054131054131,0.10256410256410256,0.0329059829059829,0.009527180492803714,0.030357142857142857,0.02143874643874644,0.1282051282051282,0.036568986568986564,0.011418971239732342,0.04107142857142857,0.0397028897028897,0.2564102564102564,0.045678939796586854,0.019546565031581704
query,test,full:minus_dense,relevance_grade,1,has_context,True,44,29,15,0.022727272727272728,0.006896551724137932,0.034482758620689655,0.034482758620689655,0.034482758620689655,0.022727272727272728,0.006896551724137932,0.034482758620689655,0.034482758620689655,0.023225652352757878,0.03181818181818182,0.011206896551724138,0.06896551724137931,0.04310344827586207,0.01964616151335994,0.03636363636363637,0.011206896551724138,0.06896551724137931,0.04310344827586207,0.019542965974040972,0.034090909090909095,0.021264367816091954,0.10344827586206896,0.044918330308529944,0.02317452762888423
query,test,full:minus_dense,relevance_grade,1,multiple_entity_dimensions,True,100,68,32,0.01,0.0029411764705882353,0.014705882352941176,0.014705882352941176,0.014705882352941176,0.03333333333333333,0.008823529411764707,0.04411764705882353,0.026960784313725488,0.013210255288329562,0.038000000000000006,0.014133986928104574,0.08823529411764706,0.03725490196078431,0.013842628280982105,0.033,0.01707516339869281,0.10294117647058823,0.039355742296918766,0.014883616052893378,0.038,0.03183940242763772,0.19117647058823528,0.045354562220797874,0.02109378437454896
query,test,full:minus_entities,relevance_grade,1,query_language,EN,50,34,16,0.02,0.0,0.0,0.0,0.0,0.039999999999999994,0.003676470588235294,0.029411764705882353,0.00980392156862745,0.000985879676518396,0.04,0.012826797385620915,0.08823529411764706,0.021568627450980395,0.005043526715658236,0.034,0.012826797385620915,0.08823529411764706,0.021568627450980395,0.004759506027212403,0.036000000000000004,0.023447712418300654,0.11764705882352941,0.023669467787114845,0.01234952268811689
query,test,full:minus_entities,relevance_grade,1,query_language,ID,18,12,6,0.0,0.0,0.0,0.0,0.0,0.037037037037037035,0.016666666666666666,0.08333333333333333,0.027777777777777776,0.0065177600836493965,0.03333333333333334,0.016666666666666666,0.08333333333333333,0.027777777777777776,0.005778755257262851,0.03888888888888889,0.027083333333333334,0.16666666666666666,0.041666666666666664,0.007281496994934938,0.052777777777777785,0.03898809523809524,0.25,0.04656862745098039,0.01643368766978124
query,test,full:minus_entities,relevance_grade,1,query_language,MIXED,32,22,10,0.03125,0.009090909090909092,0.045454545454545456,0.045454545454545456,0.045454545454545456,0.020833333333333332,0.009090909090909092,0.045454545454545456,0.045454545454545456,0.030615632646817204,0.037500000000000006,0.009090909090909092,0.045454545454545456,0.045454545454545456,0.024770141767566648,0.0375,0.021266233766233766,0.13636363636363635,0.05871212121212121,0.02745289463507897,0.029687500000000002,0.021266233766233766,0.13636363636363635,0.05871212121212121,0.02745289463507897
query,test,full:minus_entities,relevance_grade,1,query_intent,Comparative Treatment Choice,2,2,0,0.0,0.0,0.0,0.0,0.0,0.0,0.0,0.0,0.0,0.0,0.0,0.0,0.0,0.0,0.0,0.0,0.0,0.0,0.0,0.0,0.0,0.0,0.0,0.0,0.0
query,test,full:minus_entities,relevance_grade,1,query_intent,Dosing / Administration,19,14,5,0.05263157894736842,0.014285714285714287,0.07142857142857142,0.07142857142857142,0.07142857142857142,0.07017543859649122,0.014285714285714287,0.07142857142857142,0.07142857142857142,0.048110279873569896,0.0736842105263158,0.014285714285714287,0.07142857142857142,0.07142857142857142,0.03892450849189045,0.042105263157894736,0.014285714285714287,0.07142857142857142,0.07142857142857142,0.03892450849189045,0.03157894736842106,0.014285714285714287,0.07142857142857142,0.07142857142857142,0.03892450849189045
query,test,full:minus_entities,relevance_grade,1,query_intent,Efficacy / Outcomes,3,1,2,0.0,0.0,0.0,0.0,0.0,0.1111111111111111,0.0,0.0,0.0,0.0,0.06666666666666667,0.0,0.0,0.0,0.0,0.03333333333333333,0.0,0.0,0.0,0.0,0.08333333333333333,0.25,1.0,0.07142857142857142,0.1823904319229166
query,test,full:minus_entities,relevance_grade,1,query_intent,Guideline / Evidence Lookup,10,8,2,0.0,0.0,0.0,0.0,0.0,0.0,0.0,0.0,0.0,0.0,0.02,0.0,0.0,0.0,0.0,0.02,0.0,0.0,0.0,0.0,0.03,0.0,0.0,0.0,0.0
query,test,full:minus_entities,relevance_grade,1,query_intent,Interaction / Combination,7,7,0,0.0,0.0,0.0,0.0,0.0,0.047619047619047616,0.028571428571428574,0.14285714285714285,0.047619047619047616,0.011173303000541823,0.028571428571428574,0.028571428571428574,0.14285714285714285,0.047619047619047616,0.009906437583879173,0.028571428571428574,0.028571428571428574,0.14285714285714285,0.047619047619047616,0.009906437583879173,0.028571428571428574,0.04897959183673469,0.2857142857142857,0.056022408963585436,0.025595907312187118
query,test,full:minus_entities,relevance_grade,1,query_intent,Management / Treatment Selection,11,7,4,0.0,0.0,0.0,0.0,0.0,0.0,0.0,0.0,0.0,0.0,0.0,0.0,0.0,0.0,0.0,0.009090909090909092,0.0,0.0,0.0,0.0,0.022727272727272728,0.0,0.0,0.0,0.0
query,test,full:minus_entities,relevance_grade,1,query_intent,Mechanism / Background Knowledge,6,3,3,0.0,0.0,0.0,0.0,0.0,0.0,0.0,0.0,0.0,0.0,0.06666666666666667,0.037037037037037035,0.3333333333333333,0.06666666666666667,0.020262770115240167,0.03333333333333333,0.037037037037037035,0.3333333333333333,0.06666666666666667,0.01776434979518518,0.049999999999999996,0.07407407407407407,0.3333333333333333,0.06666666666666667,0.04298772797779719
query,test,full:minus_entities,relevance_grade,1,query_intent,Monitoring / Response / Risk Assessment,9,7,2,0.1111111111111111,0.0,0.0,0.0,0.0,0.1111111111111111,0.017857142857142856,0.14285714285714285,0.047619047619047616,0.004788558428803638,0.06666666666666668,0.017857142857142856,0.14285714285714285,0.047619047619047616,0.0037413214934735096,0.05555555555555555,0.017857142857142856,0.14285714285714285,0.047619047619047616,0.0034325440010458856,0.05555555555555555,0.017857142857142856,0.14285714285714285,0.047619047619047616,0.0034325440010458856
query,test,full:minus_entities,relevance_grade,1,query_intent,Prophylaxis / Maintenance,8,6,2,0.0,0.0,0.0,0.0,0.0,0.041666666666666664,0.0,0.0,0.0,0.0,0.07500000000000001,0.03333333333333333,0.16666666666666666,0.03333333333333333,0.014083724588724157,0.0875,0.07797619047619048,0.5,0.08194444444444444,0.023920485102935995,0.05625,0.07797619047619048,0.5,0.08194444444444444,0.023920485102935995
query,test,full:minus_entities,relevance_grade,1,query_intent,Safety / Contraindication,14,6,8,0.0,0.0,0.0,0.0,0.0,0.0,0.0,0.0,0.0,0.0,0.0,0.0,0.0,0.0,0.0,0.028571428571428574,0.020833333333333332,0.16666666666666666,0.027777777777777776,0.0030054834753441735,0.03214285714285714,0.020833333333333332,0.16666666666666666,0.027777777777777776,0.0030054834753441735
query,test,full:minus_entities,relevance_grade,1,query_intent,Treatment Change / Escalation,11,7,4,0.0,0.0,0.0,0.0,0.0,0.0,0.0,0.0,0.0,0.0,0.018181818181818184,0.0,0.0,0.0,0.0,0.03636363636363637,0.0,0.0,0.0,0.0,0.03636363636363636,0.0,0.0,0.0,0.0
query,test,full:minus_entities,relevance_grade,1,has_context,False,56,39,17,0.017857142857142856,0.0,0.0,0.0,0.0,0.03571428571428571,0.008333333333333333,0.05128205128205128,0.017094017094017092,0.002864949487318416,0.03928571428571429,0.01631054131054131,0.10256410256410256,0.02735042735042735,0.006174999267167545,0.03928571428571429,0.023178673178673177,0.15384615384615385,0.03482905982905983,0.007440739258914024,0.04107142857142857,0.0361009361009361,0.20512820512820512,0.03816885728650435,0.016873735529911667
query,test,full:minus_entities,relevance_grade,1,has_context,True,44,29,15,0.022727272727272728,0.006896551724137932,0.034482758620689655,0.034482758620689655,0.034482758620689655,0.0303030303030303,0.006896551724137932,0.034482758620689655,0.034482758620689655,0.023225652352757878,0.03636363636363637,0.006896551724137932,0.034482758620689655,0.034482758620689655,0.018791142030567802,0.03181818181818183,0.011206896551724138,0.06896551724137931,0.040229885057471264,0.01941296619788039,0.03181818181818183,0.011206896551724138,0.06896551724137931,0.040229885057471264,0.01941296619788039
query,test,full:minus_entities,relevance_grade,1,multiple_entity_dimensions,True,100,68,32,0.02,0.0029411764705882353,0.014705882352941176,0.014705882352941176,0.014705882352941176,0.03333333333333333,0.007720588235294118,0.04411764705882353,0.024509803921568624,0.011548190415226423,0.038000000000000006,0.012295751633986928,0.07352941176470588,0.030392156862745094,0.0115554130927353,0.036000000000000004,0.018073062558356678,0.11764705882352941,0.03713235294117647,0.012546541924061445,0.037000000000000005,0.025484360410831,0.14705882352941177,0.03904782501235788,0.017956642726545388
query,test,full:minus_context,relevance_grade,1,query_language,EN,50,34,16,0.0,0.0,0.0,0.0,0.0,0.03333333333333333,0.0058823529411764705,0.029411764705882353,0.014705882352941176,0.0043100094227246765,0.027999999999999997,0.009150326797385621,0.058823529411764705,0.020588235294117647,0.008225199518935829,0.034,0.012826797385620915,0.08823529411764706,0.025490196078431372,0.008329782741743045,0.033,0.020296451914098974,0.14705882352941177,0.02867217062263502,0.011734342724719016
query,test,full:minus_context,relevance_grade,1,query_language,ID,18,12,6,0.0,0.0,0.0,0.0,0.0,0.05555555555555555,0.016666666666666666,0.08333333333333333,0.027777777777777776,0.0065177600836493965,0.044444444444444446,0.016666666666666666,0.08333333333333333,0.027777777777777776,0.005778755257262851,0.03888888888888889,0.027083333333333334,0.16666666666666666,0.03968253968253968,0.015966284662528595,0.061111111111111116,0.06180555555555556,0.3333333333333333,0.05142496392496392,0.025636799839968208
query,test,full:minus_context,relevance_grade,1,query_language,MIXED,32,22,10,0.0,0.0,0.0,0.0,0.0,0.041666666666666664,0.009090909090909092,0.045454545454545456,0.022727272727272728,0.019316313561290648,0.0375,0.009090909090909092,0.045454545454545456,0.022727272727272728,0.015628219441340893,0.034375,0.018181818181818184,0.09090909090909091,0.02777777777777778,0.01928998377049944,0.0328125,0.037932900432900436,0.22727272727272727,0.03613816738816739,0.022064362696026345
query,test,full:minus_context,relevance_grade,1,query_intent,Comparative Treatment Choice,2,2,0,0.0,0.0,0.0,0.0,0.0,0.0,0.0,0.0,0.0,0.0,0.0,0.0,0.0,0.0,0.0,0.0,0.0,0.0,0.0,0.0,0.0,0.0,0.0,0.0,0.0
query,test,full:minus_context,relevance_grade,1,query_intent,Dosing / Administration,19,14,5,0.0,0.0,0.0,0.0,0.0,0.03508771929824561,0.014285714285714287,0.07142857142857142,0.03571428571428571,0.030354207024885303,0.021052631578947368,0.014285714285714287,0.07142857142857142,0.03571428571428571,0.024558630550678546,0.031578947368421054,0.014285714285714287,0.07142857142857142,0.03571428571428571,0.024558630550678546,0.03421052631578948,0.024489795918367346,0.14285714285714285,0.039473684210526314,0.030510414961951744
query,test,full:minus_context,relevance_grade,1,query_intent,Efficacy / Outcomes,3,1,2,0.0,0.0,0.0,0.0,0.0,0.1111111111111111,0.0,0.0,0.0,0.0,0.06666666666666667,0.0,0.0,0.0,0.0,0.03333333333333333,0.0,0.0,0.0,0.0,0.05000000000000001,0.0,0.0,0.0,0.0
query,test,full:minus_context,relevance_grade,1,query_intent,Guideline / Evidence Lookup,10,8,2,0.0,0.0,0.0,0.0,0.0,0.06666666666666667,0.0,0.0,0.0,0.0,0.08,0.0,0.0,0.0,0.0,0.06000000000000001,0.0,0.0,0.0,0.0,0.030000000000000006,0.0,0.0,0.0,0.0
query,test,full:minus_context,relevance_grade,1,query_intent,Interaction / Combination,7,7,0,0.0,0.0,0.0,0.0,0.0,0.047619047619047616,0.028571428571428574,0.14285714285714285,0.047619047619047616,0.011173303000541823,0.028571428571428574,0.028571428571428574,0.14285714285714285,0.047619047619047616,0.009906437583879173,0.028571428571428574,0.028571428571428574,0.14285714285714285,0.047619047619047616,0.009906437583879173,0.021428571428571432,0.028571428571428574,0.14285714285714285,0.047619047619047616,0.009906437583879173
query,test,full:minus_context,relevance_grade,1,query_intent,Management / Treatment Selection,11,7,4,0.0,0.0,0.0,0.0,0.0,0.0,0.0,0.0,0.0,0.0,0.0,0.0,0.0,0.0,0.0,0.009090909090909092,0.017857142857142856,0.14285714285714285,0.02040816326530612,0.0174643361233127,0.02727272727272727,0.017857142857142856,0.14285714285714285,0.02040816326530612,0.0174643361233127
query,test,full:minus_context,relevance_grade,1,query_intent,Mechanism / Background Knowledge,6,3,3,0.0,0.0,0.0,0.0,0.0,0.0,0.0,0.0,0.0,0.0,0.03333333333333333,0.0,0.0,0.0,0.0,0.03333333333333333,0.0,0.0,0.0,0.0,0.025000000000000005,0.037037037037037035,0.3333333333333333,0.018518518518518517,0.010810019221119432
query,test,full:minus_context,relevance_grade,1,query_intent,Monitoring / Response / Risk Assessment,9,7,2,0.0,0.0,0.0,0.0,0.0,0.07407407407407407,0.0,0.0,0.0,0.0,0.08888888888888889,0.015873015873015872,0.14285714285714285,0.028571428571428574,0.020262770115240167,0.07777777777777778,0.03373015873015873,0.2857142857142857,0.05238095238095238,0.020770745768875214,0.061111111111111116,0.03373015873015873,0.2857142857142857,0.05238095238095238,0.020770745768875214
query,test,full:minus_context,relevance_grade,1,query_intent,Prophylaxis / Maintenance,8,6,2,0.0,0.0,0.0,0.0,0.0,0.08333333333333333,0.03333333333333333,0.16666666666666666,0.08333333333333333,0.02442338672877317,0.05,0.03333333333333333,0.16666666666666666,0.08333333333333333,0.022969565472856165,0.05,0.06666666666666667,0.3333333333333333,0.10185185185185186,0.036396034679770844,0.0625,0.11130952380952382,0.6666666666666666,0.12417328042328042,0.043670030763330946
query,test,full:minus_context,relevance_grade,1,query_intent,Safety / Contraindication,14,6,8,0.0,0.0,0.0,0.0,0.0,0.023809523809523808,0.0,0.0,0.0,0.0,0.014285714285714287,0.0,0.0,0.0,0.0,0.014285714285714287,0.0,0.0,0.0,0.0,0.03571428571428571,0.041666666666666664,0.16666666666666666,0.015151515151515152,0.01680317175322866
query,test,full:minus_context,relevance_grade,1,query_intent,Treatment Change / Escalation,11,7,4,0.0,0.0,0.0,0.0,0.0,0.0303030303030303,0.0,0.0,0.0,0.0,0.018181818181818184,0.0,0.0,0.0,0.0,0.03636363636363637,0.0,0.0,0.0,0.0,0.05000000000000002,0.047619047619047616,0.2857142857142857,0.014285714285714287,0.00465993021001924
query,test,full:minus_context,relevance_grade,1,has_context,False,56,39,17,0.0,0.0,0.0,0.0,0.0,0.041666666666666664,0.010256410256410256,0.05128205128205128,0.021367521367521364,0.00576290875324184,0.03571428571428571,0.013105413105413105,0.07692307692307693,0.026495726495726492,0.008948765300794165,0.03214285714285715,0.024643874643874644,0.15384615384615385,0.03728123728123728,0.014240175497720374,0.04107142857142857,0.03863451363451363,0.2564102564102564,0.04342185592185592,0.016581231543223513
query,test,full:minus_context,relevance_grade,1,has_context,True,44,29,15,0.0,0.0,0.0,0.0,0.0,0.03787878787878787,0.006896551724137932,0.034482758620689655,0.017241379310344827,0.01465375511546187,0.031818181818181815,0.006896551724137932,0.034482758620689655,0.017241379310344827,0.0118558906106724,0.03863636363636364,0.006896551724137932,0.034482758620689655,0.017241379310344827,0.0118558906106724,0.03409090909090909,0.026190476190476188,0.13793103448275862,0.023915195512291702,0.018805420684376815
query,test,full:minus_context,relevance_grade,1,multiple_entity_dimensions,True,100,68,32,0.0,0.0,0.0,0.0,0.0,0.04,0.008823529411764707,0.04411764705882353,0.0196078431372549,0.009554593231247441,0.034,0.01045751633986928,0.058823529411764705,0.022549019607843137,0.010188568741771646,0.035,0.01707516339869281,0.10294117647058823,0.028734827264239027,0.013223348119420504,0.038,0.03332749766573296,0.20588235294117646,0.035102838982482946,0.017529782794597715
query,test,full:minus_intent,relevance_grade,1,query_language,EN,50,34,16,0.0,0.0,0.0,0.0,0.0,0.03333333333333333,0.0058823529411764705,0.029411764705882353,0.00980392156862745,0.003415601656386725,0.036000000000000004,0.0058823529411764705,0.029411764705882353,0.00980392156862745,0.0032122852881473316,0.03,0.0058823529411764705,0.029411764705882353,0.00980392156862745,0.0032122852881473316,0.034,0.026178804855275444,0.14705882352941177,0.01822738664843928,0.01010839354827042
query,test,full:minus_intent,relevance_grade,1,query_language,ID,18,12,6,0.0,0.0,0.0,0.0,0.0,0.018518518518518517,0.0,0.0,0.0,0.0,0.03333333333333334,0.016666666666666666,0.08333333333333333,0.016666666666666666,0.004471055387187,0.07222222222222224,0.0494047619047619,0.3333333333333333,0.05089285714285715,0.02144143842046754,0.04722222222222223,0.0494047619047619,0.3333333333333333,0.05089285714285715,0.02144143842046754
query,test,full:minus_intent,relevance_grade,1,query_language,MIXED,32,22,10,0.0,0.0,0.0,0.0,0.0,0.041666666666666664,0.009090909090909092,0.045454545454545456,0.022727272727272728,0.019316313561290648,0.037500000000000006,0.009090909090909092,0.045454545454545456,0.022727272727272728,0.015628219441340893,0.034375,0.009090909090909092,0.045454545454545456,0.022727272727272728,0.015628219441340893,0.0296875,0.009090909090909092,0.045454545454545456,0.022727272727272728,0.015628219441340893
query,test,full:minus_intent,relevance_grade,1,query_intent,Comparative Treatment Choice,2,2,0,0.0,0.0,0.0,0.0,0.0,0.0,0.0,0.0,0.0,0.0,0.0,0.0,0.0,0.0,0.0,0.0,0.0,0.0,0.0,0.0,0.0,0.0,0.0,0.0,0.0
query,test,full:minus_intent,relevance_grade,1,query_intent,Dosing / Administration,19,14,5,0.0,0.0,0.0,0.0,0.0,0.03508771929824561,0.014285714285714287,0.07142857142857142,0.03571428571428571,0.030354207024885303,0.042105263157894736,0.014285714285714287,0.07142857142857142,0.03571428571428571,0.024558630550678546,0.04736842105263158,0.014285714285714287,0.07142857142857142,0.03571428571428571,0.024558630550678546,0.03421052631578948,0.024489795918367346,0.14285714285714285,0.04081632653061224,0.031142685986146338
query,test,full:minus_intent,relevance_grade,1,query_intent,Efficacy / Outcomes,3,1,2,0.0,0.0,0.0,0.0,0.0,0.1111111111111111,0.0,0.0,0.0,0.0,0.06666666666666667,0.0,0.0,0.0,0.0,0.03333333333333333,0.0,0.0,0.0,0.0,0.03333333333333333,0.0,0.0,0.0,0.0
query,test,full:minus_intent,relevance_grade,1,query_intent,Guideline / Evidence Lookup,10,8,2,0.0,0.0,0.0,0.0,0.0,0.0,0.0,0.0,0.0,0.0,0.02,0.0,0.0,0.0,0.0,0.04,0.0,0.0,0.0,0.0,0.025,0.0,0.0,0.0,0.0
query,test,full:minus_intent,relevance_grade,1,query_intent,Interaction / Combination,7,7,0,0.0,0.0,0.0,0.0,0.0,0.0,0.0,0.0,0.0,0.0,0.028571428571428574,0.028571428571428574,0.14285714285714285,0.028571428571428574,0.0076646663780348566,0.028571428571428574,0.04897959183673469,0.2857142857142857,0.04897959183673469,0.017010939532241087,0.028571428571428574,0.04897959183673469,0.2857142857142857,0.04897959183673469,0.017010939532241087
query,test,full:minus_intent,relevance_grade,1,query_intent,Management / Treatment Selection,11,7,4,0.0,0.0,0.0,0.0,0.0,0.0,0.0,0.0,0.0,0.0,0.0,0.0,0.0,0.0,0.0,0.02727272727272728,0.017857142857142856,0.14285714285714285,0.02040816326530612,0.0174643361233127,0.031818181818181815,0.04642857142857143,0.2857142857142857,0.027926960257787323,0.022786773254459578
query,test,full:minus_intent,relevance_grade,1,query_intent,Mechanism / Background Knowledge,6,3,3,0.0,0.0,0.0,0.0,0.0,0.0,0.0,0.0,0.0,0.0,0.03333333333333333,0.0,0.0,0.0,0.0,0.03333333333333333,0.0,0.0,0.0,0.0,0.016666666666666666,0.0,0.0,0.0,0.0
query,test,full:minus_intent,relevance_grade,1,query_intent,Monitoring / Response / Risk Assessment,9,7,2,0.0,0.0,0.0,0.0,0.0,0.07407407407407407,0.0,0.0,0.0,0.0,0.08888888888888889,0.0,0.0,0.0,0.0,0.06666666666666668,0.0,0.0,0.0,0.0,0.06666666666666667,0.0496031746031746,0.2857142857142857,0.023191094619666047,0.015004834975658252
query,test,full:minus_intent,relevance_grade,1,query_intent,Prophylaxis / Maintenance,8,6,2,0.0,0.0,0.0,0.0,0.0,0.125,0.03333333333333333,0.16666666666666666,0.05555555555555555,0.01935507605285811,0.07500000000000001,0.03333333333333333,0.16666666666666666,0.05555555555555555,0.018202949966168214,0.037500000000000006,0.03333333333333333,0.16666666666666666,0.05555555555555555,0.018202949966168214,0.037500000000000006,0.03333333333333333,0.16666666666666666,0.05555555555555555,0.018202949966168214
query,test,full:minus_intent,relevance_grade,1,query_intent,Safety / Contraindication,14,6,8,0.0,0.0,0.0,0.0,0.0,0.0,0.0,0.0,0.0,0.0,0.0,0.0,0.0,0.0,0.0,0.021428571428571432,0.020833333333333332,0.16666666666666666,0.020833333333333332,0.0026617219094556576,0.024999999999999998,0.020833333333333332,0.16666666666666666,0.020833333333333332,0.0026617219094556576
query,test,full:minus_intent,relevance_grade,1,query_intent,Treatment Change / Escalation,11,7,4,0.0,0.0,0.0,0.0,0.0,0.0606060606060606,0.0,0.0,0.0,0.0,0.05454545454545456,0.0,0.0,0.0,0.0,0.05454545454545454,0.0,0.0,0.0,0.0,0.05454545454545454,0.0,0.0,0.0,0.0
query,test,full:minus_intent,relevance_grade,1,has_context,False,56,39,17,0.0,0.0,0.0,0.0,0.0,0.041666666666666664,0.005128205128205128,0.02564102564102564,0.008547008547008546,0.0029777040081320166,0.03571428571428571,0.010256410256410256,0.05128205128205128,0.013675213675213675,0.004176163190852648,0.03928571428571429,0.017124542124542126,0.10256410256410256,0.021001221001221,0.00898832383040733,0.03928571428571429,0.03115588115588116,0.1794871794871795,0.026513252829042305,0.012636808567526196
query,test,full:minus_intent,relevance_grade,1,has_context,True,44,29,15,0.0,0.0,0.0,0.0,0.0,0.022727272727272728,0.006896551724137932,0.034482758620689655,0.017241379310344827,0.01465375511546187,0.03636363636363637,0.006896551724137932,0.034482758620689655,0.017241379310344827,0.0118558906106724,0.03863636363636364,0.011206896551724138,0.06896551724137931,0.021551724137931036,0.012406591695387364,0.029545454545454552,0.016133004926108373,0.10344827586206896,0.02401477832512315,0.015585101215958023
query,test,full:minus_intent,relevance_grade,1,multiple_entity_dimensions,True,100,68,32,0.0,0.0,0.0,0.0,0.0,0.03333333333333333,0.0058823529411764705,0.029411764705882353,0.012254901960784312,0.007957196392140336,0.036000000000000004,0.008823529411764707,0.04411764705882353,0.015196078431372547,0.007451341061069896,0.03900000000000001,0.014600840336134454,0.08823529411764706,0.0212359943977591,0.010446114537531167,0.035,0.02474906629318394,0.14705882352941177,0.025447726937665022,0.01389416866759271
query,test,selected:complete,relevance_grade,1,query_language,EN,50,34,16,0.0,0.0,0.0,0.0,0.0,0.03333333333333333,0.0058823529411764705,0.029411764705882353,0.014705882352941176,0.0043100094227246765,0.04,0.009150326797385621,0.058823529411764705,0.020588235294117647,0.008225199518935829,0.036000000000000004,0.012826797385620915,0.08823529411764706,0.025490196078431372,0.008329782741743045,0.033,0.016094771241830067,0.11764705882352941,0.02712418300653595,0.009283607967135935
query,test,selected:complete,relevance_grade,1,query_language,ID,18,12,6,0.0,0.0,0.0,0.0,0.0,0.037037037037037035,0.016666666666666666,0.08333333333333333,0.027777777777777776,0.0065177600836493965,0.022222222222222223,0.016666666666666666,0.08333333333333333,0.027777777777777776,0.005778755257262851,0.03888888888888889,0.0375,0.25,0.050099206349206345,0.017297145617256423,0.0638888888888889,0.06180555555555556,0.3333333333333333,0.05426587301587301,0.0257908759850958
query,test,selected:complete,relevance_grade,1,query_language,MIXED,32,22,10,0.03125,0.009090909090909092,0.045454545454545456,0.045454545454545456,0.045454545454545456,0.03125,0.009090909090909092,0.045454545454545456,0.045454545454545456,0.030615632646817204,0.03125,0.009090909090909092,0.045454545454545456,0.045454545454545456,0.024770141767566648,0.03125,0.018181818181818184,0.09090909090909091,0.050505050505050504,0.0284319060967252,0.0296875,0.03035714285714286,0.18181818181818182,0.05659271284271284,0.030415723210423407
query,test,selected:complete,relevance_grade,1,query_intent,Comparative Treatment Choice,2,2,0,0.0,0.0,0.0,0.0,0.0,0.0,0.0,0.0,0.0,0.0,0.0,0.0,0.0,0.0,0.0,0.0,0.0,0.0,0.0,0.0,0.0,0.0,0.0,0.0,0.0
query,test,selected:complete,relevance_grade,1,query_intent,Dosing / Administration,19,14,5,0.05263157894736842,0.014285714285714287,0.07142857142857142,0.07142857142857142,0.07142857142857142,0.03508771929824561,0.014285714285714287,0.07142857142857142,0.07142857142857142,0.048110279873569896,0.05263157894736842,0.014285714285714287,0.07142857142857142,0.07142857142857142,0.03892450849189045,0.042105263157894736,0.014285714285714287,0.07142857142857142,0.07142857142857142,0.03892450849189045,0.034210526315789476,0.014285714285714287,0.07142857142857142,0.07142857142857142,0.03892450849189045
query,test,selected:complete,relevance_grade,1,query_intent,Efficacy / Outcomes,3,1,2,0.0,0.0,0.0,0.0,0.0,0.1111111111111111,0.0,0.0,0.0,0.0,0.06666666666666667,0.0,0.0,0.0,0.0,0.03333333333333333,0.0,0.0,0.0,0.0,0.05000000000000001,0.0,0.0,0.0,0.0
query,test,selected:complete,relevance_grade,1,query_intent,Guideline / Evidence Lookup,10,8,2,0.0,0.0,0.0,0.0,0.0,0.03333333333333333,0.0,0.0,0.0,0.0,0.04,0.0,0.0,0.0,0.0,0.030000000000000006,0.0,0.0,0.0,0.0,0.03,0.0,0.0,0.0,0.0
query,test,selected:complete,relevance_grade,1,query_intent,Interaction / Combination,7,7,0,0.0,0.0,0.0,0.0,0.0,0.047619047619047616,0.028571428571428574,0.14285714285714285,0.047619047619047616,0.011173303000541823,0.028571428571428574,0.028571428571428574,0.14285714285714285,0.047619047619047616,0.009906437583879173,0.028571428571428574,0.028571428571428574,0.14285714285714285,0.047619047619047616,0.009906437583879173,0.021428571428571432,0.028571428571428574,0.14285714285714285,0.047619047619047616,0.009906437583879173
query,test,selected:complete,relevance_grade,1,query_intent,Management / Treatment Selection,11,7,4,0.0,0.0,0.0,0.0,0.0,0.0,0.0,0.0,0.0,0.0,0.0,0.0,0.0,0.0,0.0,0.009090909090909092,0.017857142857142856,0.14285714285714285,0.02040816326530612,0.0174643361233127,0.02727272727272727,0.017857142857142856,0.14285714285714285,0.02040816326530612,0.0174643361233127
query,test,selected:complete,relevance_grade,1,query_intent,Mechanism / Background Knowledge,6,3,3,0.0,0.0,0.0,0.0,0.0,0.0,0.0,0.0,0.0,0.0,0.03333333333333333,0.0,0.0,0.0,0.0,0.03333333333333333,0.0,0.0,0.0,0.0,0.025000000000000005,0.037037037037037035,0.3333333333333333,0.018518518518518517,0.010810019221119432
query,test,selected:complete,relevance_grade,1,query_intent,Monitoring / Response / Risk Assessment,9,7,2,0.0,0.0,0.0,0.0,0.0,0.07407407407407407,0.0,0.0,0.0,0.0,0.08888888888888889,0.015873015873015872,0.14285714285714285,0.028571428571428574,0.020262770115240167,0.07777777777777778,0.03373015873015873,0.2857142857142857,0.05238095238095238,0.020770745768875214,0.05555555555555555,0.03373015873015873,0.2857142857142857,0.05238095238095238,0.020770745768875214
query,test,selected:complete,relevance_grade,1,query_intent,Prophylaxis / Maintenance,8,6,2,0.0,0.0,0.0,0.0,0.0,0.08333333333333333,0.03333333333333333,0.16666666666666666,0.08333333333333333,0.02442338672877317,0.05,0.03333333333333333,0.16666666666666666,0.08333333333333333,0.022969565472856165,0.05,0.06666666666666667,0.3333333333333333,0.10185185185185186,0.036396034679770844,0.0625,0.11130952380952382,0.6666666666666666,0.12417328042328042,0.043670030763330946
query,test,selected:complete,relevance_grade,1,query_intent,Safety / Contraindication,14,6,8,0.0,0.0,0.0,0.0,0.0,0.0,0.0,0.0,0.0,0.0,0.0,0.0,0.0,0.0,0.0,0.021428571428571432,0.020833333333333332,0.16666666666666666,0.020833333333333332,0.0026617219094556576,0.03928571428571429,0.041666666666666664,0.16666666666666666,0.020833333333333332,0.017111324043483842
query,test,selected:complete,relevance_grade,1,query_intent,Treatment Change / Escalation,11,7,4,0.0,0.0,0.0,0.0,0.0,0.0303030303030303,0.0,0.0,0.0,0.0,0.018181818181818184,0.0,0.0,0.0,0.0,0.03636363636363637,0.0,0.0,0.0,0.0,0.045454545454545456,0.023809523809523808,0.14285714285714285,0.0071428571428571435,0.002175307372843344
query,test,selected:complete,relevance_grade,1,has_context,False,56,39,17,0.0,0.0,0.0,0.0,0.0,0.041666666666666664,0.010256410256410256,0.05128205128205128,0.021367521367521364,0.00576290875324184,0.03571428571428571,0.013105413105413105,0.07692307692307693,0.026495726495726492,0.008948765300794165,0.03214285714285715,0.024643874643874644,0.15384615384615385,0.03728123728123728,0.014240175497720374,0.04107142857142857,0.03863451363451363,0.2564102564102564,0.04342185592185592,0.016581231543223513
query,test,selected:complete,relevance_grade,1,has_context,True,44,29,15,0.022727272727272728,0.006896551724137932,0.034482758620689655,0.034482758620689655,0.034482758620689655,0.022727272727272728,0.006896551724137932,0.034482758620689655,0.034482758620689655,0.023225652352757878,0.031818181818181815,0.006896551724137932,0.034482758620689655,0.034482758620689655,0.018791142030567802,0.03863636363636364,0.011206896551724138,0.06896551724137931,0.03879310344827586,0.019341843115282767,0.03295454545454546,0.015517241379310345,0.06896551724137931,0.03879310344827586,0.022331415970598945
query,test,selected:complete,relevance_grade,1,multiple_entity_dimensions,True,100,68,32,0.01,0.0029411764705882353,0.014705882352941176,0.014705882352941176,0.014705882352941176,0.03333333333333333,0.008823529411764707,0.04411764705882353,0.026960784313725488,0.013210255288329562,0.034,0.01045751633986928,0.058823529411764705,0.029901960784313723,0.0131462494943741,0.035,0.018913398692810456,0.11764705882352941,0.03792600373482727,0.01641588668756316,0.0375,0.02877567693744164,0.17647058823529413,0.04144782913165265,0.01903351607842774
query,test,selected:minus_bm25,relevance_grade,1,query_language,EN,50,34,16,0.02,0.0,0.0,0.0,0.0,0.03333333333333333,0.0058823529411764705,0.029411764705882353,0.014705882352941176,0.0043100094227246765,0.032,0.009150326797385621,0.058823529411764705,0.022058823529411766,0.008697786478110129,0.030000000000000006,0.009150326797385621,0.058823529411764705,0.022058823529411766,0.008253720049780686,0.038000000000000006,0.023564425770308123,0.17647058823529413,0.030238875736052936,0.016075603981431544
query,test,selected:minus_bm25,relevance_grade,1,query_language,ID,18,12,6,0.0,0.0,0.0,0.0,0.0,0.037037037037037035,0.016666666666666666,0.08333333333333333,0.027777777777777776,0.0065177600836493965,0.022222222222222223,0.016666666666666666,0.08333333333333333,0.027777777777777776,0.005778755257262851,0.05000000000000001,0.027083333333333334,0.16666666666666666,0.03819444444444444,0.00710961621199068,0.052777777777777785,0.06527777777777778,0.25,0.04577020202020202,0.0210444288710217
query,test,selected:minus_bm25,relevance_grade,1,query_language,MIXED,32,22,10,0.0625,0.009090909090909092,0.045454545454545456,0.045454545454545456,0.045454545454545456,0.03125,0.009090909090909092,0.045454545454545456,0.045454545454545456,0.030615632646817204,0.025,0.018181818181818184,0.09090909090909091,0.05454545454545454,0.029475864886758744,0.028125000000000004,0.02467532467532468,0.13636363636363635,0.060227272727272727,0.030979738623903245,0.029687500000000002,0.049296536796536804,0.2727272727272727,0.06881313131313131,0.042725486102999255
query,test,selected:minus_bm25,relevance_grade,1,query_intent,Comparative Treatment Choice,2,2,0,0.0,0.0,0.0,0.0,0.0,0.0,0.0,0.0,0.0,0.0,0.0,0.0,0.0,0.0,0.0,0.0,0.0,0.0,0.0,0.0,0.0,0.0,0.0,0.0,0.0
query,test,selected:minus_bm25,relevance_grade,1,query_intent,Dosing / Administration,19,14,5,0.05263157894736842,0.014285714285714287,0.07142857142857142,0.07142857142857142,0.07142857142857142,0.03508771929824561,0.014285714285714287,0.07142857142857142,0.07142857142857142,0.048110279873569896,0.021052631578947368,0.014285714285714287,0.07142857142857142,0.07142857142857142,0.03892450849189045,0.031578947368421054,0.014285714285714287,0.07142857142857142,0.07142857142857142,0.03892450849189045,0.0368421052631579,0.024489795918367346,0.14285714285714285,0.07738095238095237,0.04587589433279161
query,test,selected:minus_bm25,relevance_grade,1,query_intent,Efficacy / Outcomes,3,1,2,0.0,0.0,0.0,0.0,0.0,0.1111111111111111,0.0,0.0,0.0,0.0,0.13333333333333333,0.0,0.0,0.0,0.0,0.10000000000000002,0.0,0.0,0.0,0.0,0.08333333333333333,0.0,0.0,0.0,0.0
query,test,selected:minus_bm25,relevance_grade,1,query_intent,Guideline / Evidence Lookup,10,8,2,0.0,0.0,0.0,0.0,0.0,0.0,0.0,0.0,0.0,0.0,0.0,0.0,0.0,0.0,0.0,0.0,0.0,0.0,0.0,0.0,0.025,0.020833333333333332,0.125,0.008333333333333333,0.011123795297334819
query,test,selected:minus_bm25,relevance_grade,1,query_intent,Interaction / Combination,7,7,0,0.0,0.0,0.0,0.0,0.0,0.047619047619047616,0.028571428571428574,0.14285714285714285,0.047619047619047616,0.011173303000541823,0.028571428571428574,0.028571428571428574,0.14285714285714285,0.047619047619047616,0.009906437583879173,0.05714285714285715,0.028571428571428574,0.14285714285714285,0.047619047619047616,0.009906437583879173,0.04285714285714286,0.07619047619047618,0.2857142857142857,0.0606060606060606,0.02140931459876533
query,test,selected:minus_bm25,relevance_grade,1,query_intent,Management / Treatment Selection,11,7,4,0.0,0.0,0.0,0.0,0.0,0.0,0.0,0.0,0.0,0.0,0.0,0.0,0.0,0.0,0.0,0.018181818181818184,0.0,0.0,0.0,0.0,0.018181818181818184,0.0,0.0,0.0,0.0
query,test,selected:minus_bm25,relevance_grade,1,query_intent,Mechanism / Background Knowledge,6,3,3,0.0,0.0,0.0,0.0,0.0,0.05555555555555555,0.0,0.0,0.0,0.0,0.03333333333333333,0.0,0.0,0.0,0.0,0.016666666666666666,0.0,0.0,0.0,0.0,0.03333333333333333,0.12037037037037036,0.6666666666666666,0.0462962962962963,0.07970491322198296
query,test,selected:minus_bm25,relevance_grade,1,query_intent,Monitoring / Response / Risk Assessment,9,7,2,0.1111111111111111,0.0,0.0,0.0,0.0,0.037037037037037035,0.0,0.0,0.0,0.0,0.06666666666666668,0.015873015873015872,0.14285714285714285,0.03571428571428571,0.022558192488372486,0.044444444444444446,0.015873015873015872,0.14285714285714285,0.03571428571428571,0.020401298407915196,0.05000000000000001,0.03373015873015873,0.2857142857142857,0.043233082706766915,0.025166593793240682
query,test,selected:minus_bm25,relevance_grade,1,query_intent,Prophylaxis / Maintenance,8,6,2,0.125,0.0,0.0,0.0,0.0,0.125,0.03333333333333333,0.16666666666666666,0.08333333333333333,0.02442338672877317,0.1,0.06666666666666667,0.3333333333333333,0.11666666666666665,0.04022388357656052,0.07500000000000001,0.09047619047619049,0.5,0.13749999999999998,0.04573808727942368,0.06875,0.11130952380952382,0.6666666666666666,0.1486111111111111,0.0485992592301282
query,test,selected:minus_bm25,relevance_grade,1,query_intent,Safety / Contraindication,14,6,8,0.0,0.0,0.0,0.0,0.0,0.0,0.0,0.0,0.0,0.0,0.0,0.0,0.0,0.0,0.0,0.021428571428571432,0.020833333333333332,0.16666666666666666,0.020833333333333332,0.0026617219094556576,0.03571428571428571,0.041666666666666664,0.16666666666666666,0.020833333333333332,0.017111324043483842
query,test,selected:minus_bm25,relevance_grade,1,query_intent,Treatment Change / Escalation,11,7,4,0.0,0.0,0.0,0.0,0.0,0.0303030303030303,0.0,0.0,0.0,0.0,0.018181818181818184,0.0,0.0,0.0,0.0,0.03636363636363637,0.0,0.0,0.0,0.0,0.03636363636363636,0.015873015873015872,0.14285714285714285,0.008403361344537815,0.0069145564282131556
query,test,selected:minus_bm25,relevance_grade,1,has_context,False,56,39,17,0.03571428571428571,0.0,0.0,0.0,0.0,0.047619047619047616,0.010256410256410256,0.05128205128205128,0.021367521367521364,0.00576290875324184,0.04285714285714286,0.018233618233618236,0.10256410256410256,0.0329059829059829,0.012015274665772428,0.04285714285714286,0.0218966218966219,0.1282051282051282,0.03611111111111111,0.012476478862028273,0.042857142857142864,0.05323565323565324,0.3076923076923077,0.048279993713430246,0.02549061310684438
query,test,selected:minus_bm25,relevance_grade,1,has_context,True,44,29,15,0.022727272727272728,0.006896551724137932,0.034482758620689655,0.034482758620689655,0.034482758620689655,0.01515151515151515,0.006896551724137932,0.034482758620689655,0.034482758620689655,0.023225652352757878,0.009090909090909092,0.006896551724137932,0.034482758620689655,0.034482758620689655,0.018791142030567802,0.020454545454545454,0.011206896551724138,0.06896551724137931,0.03879310344827586,0.019341843115282767,0.03181818181818182,0.020443349753694582,0.10344827586206896,0.041666666666666664,0.025687257411033986
query,test,selected:minus_bm25,relevance_grade,1,multiple_entity_dimensions,True,100,68,32,0.03,0.0029411764705882353,0.014705882352941176,0.014705882352941176,0.014705882352941176,0.03333333333333333,0.008823529411764707,0.04411764705882353,0.026960784313725488,0.013210255288329562,0.028000000000000008,0.013398692810457516,0.07352941176470588,0.03357843137254902,0.014904982806641043,0.033,0.017337768440709618,0.10294117647058823,0.03725490196078431,0.01540435479356328,0.038000000000000006,0.039250700280112044,0.22058823529411764,0.045459604237604596,0.02557447611892524
query,test,selected:minus_dense,relevance_grade,1,query_language,EN,50,34,16,0.0,0.0,0.0,0.0,0.0,0.04,0.0058823529411764705,0.029411764705882353,0.014705882352941176,0.0043100094227246765,0.044000000000000004,0.012826797385620915,0.08823529411764706,0.027941176470588233,0.008888675768593842,0.036000000000000004,0.012826797385620915,0.08823529411764706,0.027941176470588233,0.00843503778574198,0.035,0.016094771241830067,0.11764705882352941,0.030614973262032087,0.009565253350660143
query,test,selected:minus_dense,relevance_grade,1,query_language,ID,18,12,6,0.0,0.0,0.0,0.0,0.0,0.018518518518518517,0.016666666666666666,0.08333333333333333,0.027777777777777776,0.0065177600836493965,0.03333333333333334,0.027083333333333334,0.16666666666666666,0.048611111111111105,0.007845052340677184,0.03333333333333333,0.027083333333333334,0.16666666666666666,0.048611111111111105,0.007595663120656348,0.058333333333333334,0.07569444444444444,0.4166666666666667,0.06252866643733516,0.025013287844643784
query,test,selected:minus_dense,relevance_grade,1,query_language,MIXED,32,22,10,0.03125,0.009090909090909092,0.045454545454545456,0.045454545454545456,0.045454545454545456,0.03125,0.009090909090909092,0.045454545454545456,0.045454545454545456,0.030615632646817204,0.03125,0.009090909090909092,0.045454545454545456,0.045454545454545456,0.024770141767566648,0.028125000000000004,0.018181818181818184,0.09090909090909091,0.051948051948051945,0.028824847701529367,0.03125,0.03225108225108225,0.18181818181818182,0.05876623376623376,0.03677269406414358
query,test,selected:minus_dense,relevance_grade,1,query_intent,Comparative Treatment Choice,2,2,0,0.0,0.0,0.0,0.0,0.0,0.0,0.0,0.0,0.0,0.0,0.0,0.0,0.0,0.0,0.0,0.0,0.0,0.0,0.0,0.0,0.0,0.0,0.0,0.0,0.0
query,test,selected:minus_dense,relevance_grade,1,query_intent,Dosing / Administration,19,14,5,0.05263157894736842,0.014285714285714287,0.07142857142857142,0.07142857142857142,0.07142857142857142,0.03508771929824561,0.014285714285714287,0.07142857142857142,0.07142857142857142,0.048110279873569896,0.042105263157894736,0.014285714285714287,0.07142857142857142,0.07142857142857142,0.03892450849189045,0.04736842105263158,0.014285714285714287,0.07142857142857142,0.07142857142857142,0.03892450849189045,0.03421052631578948,0.014285714285714287,0.07142857142857142,0.07142857142857142,0.03892450849189045
query,test,selected:minus_dense,relevance_grade,1,query_intent,Efficacy / Outcomes,3,1,2,0.0,0.0,0.0,0.0,0.0,0.1111111111111111,0.0,0.0,0.0,0.0,0.06666666666666667,0.0,0.0,0.0,0.0,0.03333333333333333,0.0,0.0,0.0,0.0,0.03333333333333333,0.0,0.0,0.0,0.0
query,test,selected:minus_dense,relevance_grade,1,query_intent,Guideline / Evidence Lookup,10,8,2,0.0,0.0,0.0,0.0,0.0,0.03333333333333333,0.0,0.0,0.0,0.0,0.04,0.0,0.0,0.0,0.0,0.02,0.0,0.0,0.0,0.0,0.04,0.041666666666666664,0.25,0.016995614035087717,0.014351505043801888
query,test,selected:minus_dense,relevance_grade,1,query_intent,Interaction / Combination,7,7,0,0.0,0.0,0.0,0.0,0.0,0.047619047619047616,0.028571428571428574,0.14285714285714285,0.047619047619047616,0.011173303000541823,0.028571428571428574,0.028571428571428574,0.14285714285714285,0.047619047619047616,0.009906437583879173,0.028571428571428574,0.028571428571428574,0.14285714285714285,0.047619047619047616,0.009906437583879173,0.021428571428571432,0.028571428571428574,0.14285714285714285,0.047619047619047616,0.009906437583879173
query,test,selected:minus_dense,relevance_grade,1,query_intent,Management / Treatment Selection,11,7,4,0.0,0.0,0.0,0.0,0.0,0.0,0.0,0.0,0.0,0.0,0.0,0.0,0.0,0.0,0.0,0.0,0.0,0.0,0.0,0.0,0.022727272727272728,0.017857142857142856,0.14285714285714285,0.008403361344537815,0.012564496568119614
query,test,selected:minus_dense,relevance_grade,1,query_intent,Mechanism / Background Knowledge,6,3,3,0.0,0.0,0.0,0.0,0.0,0.0,0.0,0.0,0.0,0.0,0.03333333333333333,0.0,0.0,0.0,0.0,0.03333333333333333,0.0,0.0,0.0,0.0,0.03333333333333333,0.037037037037037035,0.3333333333333333,0.030303030303030304,0.012809109735739179
query,test,selected:minus_dense,relevance_grade,1,query_intent,Monitoring / Response / Risk Assessment,9,7,2,0.0,0.0,0.0,0.0,0.0,0.1111111111111111,0.0,0.0,0.0,0.0,0.1111111111111111,0.03373015873015873,0.2857142857142857,0.0642857142857143,0.02348536904215052,0.07777777777777778,0.03373015873015873,0.2857142857142857,0.0642857142857143,0.021281984554012902,0.06666666666666668,0.03373015873015873,0.2857142857142857,0.0642857142857143,0.021281984554012902
query,test,selected:minus_dense,relevance_grade,1,query_intent,Prophylaxis / Maintenance,8,6,2,0.0,0.0,0.0,0.0,0.0,0.08333333333333333,0.03333333333333333,0.16666666666666666,0.08333333333333333,0.02442338672877317,0.07500000000000001,0.03333333333333333,0.16666666666666666,0.08333333333333333,0.022969565472856165,0.05,0.06666666666666667,0.3333333333333333,0.10714285714285714,0.037836820564052805,0.05,0.09047619047619049,0.5,0.11825396825396824,0.050946529699616584
query,test,selected:minus_dense,relevance_grade,1,query_intent,Safety / Contraindication,14,6,8,0.0,0.0,0.0,0.0,0.0,0.0,0.0,0.0,0.0,0.0,0.014285714285714287,0.020833333333333332,0.16666666666666666,0.041666666666666664,0.004132594166828667,0.021428571428571432,0.020833333333333332,0.16666666666666666,0.041666666666666664,0.0036338157267869933,0.046428571428571444,0.041666666666666664,0.16666666666666666,0.041666666666666664,0.01808341786081518
query,test,selected:minus_dense,relevance_grade,1,query_intent,Treatment Change / Escalation,11,7,4,0.0,0.0,0.0,0.0,0.0,0.0,0.0,0.0,0.0,0.0,0.018181818181818184,0.0,0.0,0.0,0.0,0.02727272727272728,0.0,0.0,0.0,0.0,0.03636363636363636,0.023809523809523808,0.14285714285714285,0.007936507936507936,0.0022492475315082383
query,test,selected:minus_dense,relevance_grade,1,has_context,False,56,39,17,0.0,0.0,0.0,0.0,0.0,0.041666666666666664,0.010256410256410256,0.05128205128205128,0.021367521367521364,0.00576290875324184,0.042857142857142864,0.01631054131054131,0.10256410256410256,0.0329059829059829,0.009527180492803714,0.030357142857142857,0.02143874643874644,0.1282051282051282,0.036568986568986564,0.011418971239732342,0.04107142857142857,0.0397028897028897,0.2564102564102564,0.045678939796586854,0.019546565031581704
query,test,selected:minus_dense,relevance_grade,1,has_context,True,44,29,15,0.022727272727272728,0.006896551724137932,0.034482758620689655,0.034482758620689655,0.034482758620689655,0.022727272727272728,0.006896551724137932,0.034482758620689655,0.034482758620689655,0.023225652352757878,0.03181818181818182,0.011206896551724138,0.06896551724137931,0.04310344827586207,0.01964616151335994,0.03636363636363637,0.011206896551724138,0.06896551724137931,0.04310344827586207,0.019542965974040972,0.034090909090909095,0.021264367816091954,0.10344827586206896,0.044918330308529944,0.02317452762888423
query,test,selected:minus_dense,relevance_grade,1,multiple_entity_dimensions,True,100,68,32,0.01,0.0029411764705882353,0.014705882352941176,0.014705882352941176,0.014705882352941176,0.03333333333333333,0.008823529411764707,0.04411764705882353,0.026960784313725488,0.013210255288329562,0.038000000000000006,0.014133986928104574,0.08823529411764706,0.03725490196078431,0.013842628280982105,0.033,0.01707516339869281,0.10294117647058823,0.039355742296918766,0.014883616052893378,0.038,0.03183940242763772,0.19117647058823528,0.045354562220797874,0.02109378437454896
query,test,selected:minus_entities,relevance_grade,1,query_language,EN,50,34,16,0.02,0.0,0.0,0.0,0.0,0.039999999999999994,0.003676470588235294,0.029411764705882353,0.00980392156862745,0.000985879676518396,0.04,0.012826797385620915,0.08823529411764706,0.021568627450980395,0.005043526715658236,0.034,0.012826797385620915,0.08823529411764706,0.021568627450980395,0.004759506027212403,0.036000000000000004,0.023447712418300654,0.11764705882352941,0.023669467787114845,0.01234952268811689
query,test,selected:minus_entities,relevance_grade,1,query_language,ID,18,12,6,0.0,0.0,0.0,0.0,0.0,0.037037037037037035,0.016666666666666666,0.08333333333333333,0.027777777777777776,0.0065177600836493965,0.03333333333333334,0.016666666666666666,0.08333333333333333,0.027777777777777776,0.005778755257262851,0.03888888888888889,0.027083333333333334,0.16666666666666666,0.041666666666666664,0.007281496994934938,0.052777777777777785,0.03898809523809524,0.25,0.04656862745098039,0.01643368766978124
query,test,selected:minus_entities,relevance_grade,1,query_language,MIXED,32,22,10,0.03125,0.009090909090909092,0.045454545454545456,0.045454545454545456,0.045454545454545456,0.020833333333333332,0.009090909090909092,0.045454545454545456,0.045454545454545456,0.030615632646817204,0.037500000000000006,0.009090909090909092,0.045454545454545456,0.045454545454545456,0.024770141767566648,0.0375,0.021266233766233766,0.13636363636363635,0.05871212121212121,0.02745289463507897,0.029687500000000002,0.021266233766233766,0.13636363636363635,0.05871212121212121,0.02745289463507897
query,test,selected:minus_entities,relevance_grade,1,query_intent,Comparative Treatment Choice,2,2,0,0.0,0.0,0.0,0.0,0.0,0.0,0.0,0.0,0.0,0.0,0.0,0.0,0.0,0.0,0.0,0.0,0.0,0.0,0.0,0.0,0.0,0.0,0.0,0.0,0.0
query,test,selected:minus_entities,relevance_grade,1,query_intent,Dosing / Administration,19,14,5,0.05263157894736842,0.014285714285714287,0.07142857142857142,0.07142857142857142,0.07142857142857142,0.07017543859649122,0.014285714285714287,0.07142857142857142,0.07142857142857142,0.048110279873569896,0.0736842105263158,0.014285714285714287,0.07142857142857142,0.07142857142857142,0.03892450849189045,0.042105263157894736,0.014285714285714287,0.07142857142857142,0.07142857142857142,0.03892450849189045,0.03157894736842106,0.014285714285714287,0.07142857142857142,0.07142857142857142,0.03892450849189045
query,test,selected:minus_entities,relevance_grade,1,query_intent,Efficacy / Outcomes,3,1,2,0.0,0.0,0.0,0.0,0.0,0.1111111111111111,0.0,0.0,0.0,0.0,0.06666666666666667,0.0,0.0,0.0,0.0,0.03333333333333333,0.0,0.0,0.0,0.0,0.08333333333333333,0.25,1.0,0.07142857142857142,0.1823904319229166
query,test,selected:minus_entities,relevance_grade,1,query_intent,Guideline / Evidence Lookup,10,8,2,0.0,0.0,0.0,0.0,0.0,0.0,0.0,0.0,0.0,0.0,0.02,0.0,0.0,0.0,0.0,0.02,0.0,0.0,0.0,0.0,0.03,0.0,0.0,0.0,0.0
query,test,selected:minus_entities,relevance_grade,1,query_intent,Interaction / Combination,7,7,0,0.0,0.0,0.0,0.0,0.0,0.047619047619047616,0.028571428571428574,0.14285714285714285,0.047619047619047616,0.011173303000541823,0.028571428571428574,0.028571428571428574,0.14285714285714285,0.047619047619047616,0.009906437583879173,0.028571428571428574,0.028571428571428574,0.14285714285714285,0.047619047619047616,0.009906437583879173,0.028571428571428574,0.04897959183673469,0.2857142857142857,0.056022408963585436,0.025595907312187118
query,test,selected:minus_entities,relevance_grade,1,query_intent,Management / Treatment Selection,11,7,4,0.0,0.0,0.0,0.0,0.0,0.0,0.0,0.0,0.0,0.0,0.0,0.0,0.0,0.0,0.0,0.009090909090909092,0.0,0.0,0.0,0.0,0.022727272727272728,0.0,0.0,0.0,0.0
query,test,selected:minus_entities,relevance_grade,1,query_intent,Mechanism / Background Knowledge,6,3,3,0.0,0.0,0.0,0.0,0.0,0.0,0.0,0.0,0.0,0.0,0.06666666666666667,0.037037037037037035,0.3333333333333333,0.06666666666666667,0.020262770115240167,0.03333333333333333,0.037037037037037035,0.3333333333333333,0.06666666666666667,0.01776434979518518,0.049999999999999996,0.07407407407407407,0.3333333333333333,0.06666666666666667,0.04298772797779719
query,test,selected:minus_entities,relevance_grade,1,query_intent,Monitoring / Response / Risk Assessment,9,7,2,0.1111111111111111,0.0,0.0,0.0,0.0,0.1111111111111111,0.017857142857142856,0.14285714285714285,0.047619047619047616,0.004788558428803638,0.06666666666666668,0.017857142857142856,0.14285714285714285,0.047619047619047616,0.0037413214934735096,0.05555555555555555,0.017857142857142856,0.14285714285714285,0.047619047619047616,0.0034325440010458856,0.05555555555555555,0.017857142857142856,0.14285714285714285,0.047619047619047616,0.0034325440010458856
query,test,selected:minus_entities,relevance_grade,1,query_intent,Prophylaxis / Maintenance,8,6,2,0.0,0.0,0.0,0.0,0.0,0.041666666666666664,0.0,0.0,0.0,0.0,0.07500000000000001,0.03333333333333333,0.16666666666666666,0.03333333333333333,0.014083724588724157,0.0875,0.07797619047619048,0.5,0.08194444444444444,0.023920485102935995,0.05625,0.07797619047619048,0.5,0.08194444444444444,0.023920485102935995
query,test,selected:minus_entities,relevance_grade,1,query_intent,Safety / Contraindication,14,6,8,0.0,0.0,0.0,0.0,0.0,0.0,0.0,0.0,0.0,0.0,0.0,0.0,0.0,0.0,0.0,0.028571428571428574,0.020833333333333332,0.16666666666666666,0.027777777777777776,0.0030054834753441735,0.03214285714285714,0.020833333333333332,0.16666666666666666,0.027777777777777776,0.0030054834753441735
query,test,selected:minus_entities,relevance_grade,1,query_intent,Treatment Change / Escalation,11,7,4,0.0,0.0,0.0,0.0,0.0,0.0,0.0,0.0,0.0,0.0,0.018181818181818184,0.0,0.0,0.0,0.0,0.03636363636363637,0.0,0.0,0.0,0.0,0.03636363636363636,0.0,0.0,0.0,0.0
query,test,selected:minus_entities,relevance_grade,1,has_context,False,56,39,17,0.017857142857142856,0.0,0.0,0.0,0.0,0.03571428571428571,0.008333333333333333,0.05128205128205128,0.017094017094017092,0.002864949487318416,0.03928571428571429,0.01631054131054131,0.10256410256410256,0.02735042735042735,0.006174999267167545,0.03928571428571429,0.023178673178673177,0.15384615384615385,0.03482905982905983,0.007440739258914024,0.04107142857142857,0.0361009361009361,0.20512820512820512,0.03816885728650435,0.016873735529911667
query,test,selected:minus_entities,relevance_grade,1,has_context,True,44,29,15,0.022727272727272728,0.006896551724137932,0.034482758620689655,0.034482758620689655,0.034482758620689655,0.0303030303030303,0.006896551724137932,0.034482758620689655,0.034482758620689655,0.023225652352757878,0.03636363636363637,0.006896551724137932,0.034482758620689655,0.034482758620689655,0.018791142030567802,0.03181818181818183,0.011206896551724138,0.06896551724137931,0.040229885057471264,0.01941296619788039,0.03181818181818183,0.011206896551724138,0.06896551724137931,0.040229885057471264,0.01941296619788039
query,test,selected:minus_entities,relevance_grade,1,multiple_entity_dimensions,True,100,68,32,0.02,0.0029411764705882353,0.014705882352941176,0.014705882352941176,0.014705882352941176,0.03333333333333333,0.007720588235294118,0.04411764705882353,0.024509803921568624,0.011548190415226423,0.038000000000000006,0.012295751633986928,0.07352941176470588,0.030392156862745094,0.0115554130927353,0.036000000000000004,0.018073062558356678,0.11764705882352941,0.03713235294117647,0.012546541924061445,0.037000000000000005,0.025484360410831,0.14705882352941177,0.03904782501235788,0.017956642726545388
query,test,selected:minus_context,relevance_grade,1,query_language,EN,50,34,16,0.0,0.0,0.0,0.0,0.0,0.03333333333333333,0.0058823529411764705,0.029411764705882353,0.014705882352941176,0.0043100094227246765,0.027999999999999997,0.009150326797385621,0.058823529411764705,0.020588235294117647,0.008225199518935829,0.034,0.012826797385620915,0.08823529411764706,0.025490196078431372,0.008329782741743045,0.033,0.020296451914098974,0.14705882352941177,0.02867217062263502,0.011734342724719016
query,test,selected:minus_context,relevance_grade,1,query_language,ID,18,12,6,0.0,0.0,0.0,0.0,0.0,0.05555555555555555,0.016666666666666666,0.08333333333333333,0.027777777777777776,0.0065177600836493965,0.044444444444444446,0.016666666666666666,0.08333333333333333,0.027777777777777776,0.005778755257262851,0.03888888888888889,0.027083333333333334,0.16666666666666666,0.03968253968253968,0.015966284662528595,0.061111111111111116,0.06180555555555556,0.3333333333333333,0.05142496392496392,0.025636799839968208
query,test,selected:minus_context,relevance_grade,1,query_language,MIXED,32,22,10,0.0,0.0,0.0,0.0,0.0,0.041666666666666664,0.009090909090909092,0.045454545454545456,0.022727272727272728,0.019316313561290648,0.0375,0.009090909090909092,0.045454545454545456,0.022727272727272728,0.015628219441340893,0.034375,0.018181818181818184,0.09090909090909091,0.02777777777777778,0.01928998377049944,0.0328125,0.037932900432900436,0.22727272727272727,0.03613816738816739,0.022064362696026345
query,test,selected:minus_context,relevance_grade,1,query_intent,Comparative Treatment Choice,2,2,0,0.0,0.0,0.0,0.0,0.0,0.0,0.0,0.0,0.0,0.0,0.0,0.0,0.0,0.0,0.0,0.0,0.0,0.0,0.0,0.0,0.0,0.0,0.0,0.0,0.0
query,test,selected:minus_context,relevance_grade,1,query_intent,Dosing / Administration,19,14,5,0.0,0.0,0.0,0.0,0.0,0.03508771929824561,0.014285714285714287,0.07142857142857142,0.03571428571428571,0.030354207024885303,0.021052631578947368,0.014285714285714287,0.07142857142857142,0.03571428571428571,0.024558630550678546,0.031578947368421054,0.014285714285714287,0.07142857142857142,0.03571428571428571,0.024558630550678546,0.03421052631578948,0.024489795918367346,0.14285714285714285,0.039473684210526314,0.030510414961951744
query,test,selected:minus_context,relevance_grade,1,query_intent,Efficacy / Outcomes,3,1,2,0.0,0.0,0.0,0.0,0.0,0.1111111111111111,0.0,0.0,0.0,0.0,0.06666666666666667,0.0,0.0,0.0,0.0,0.03333333333333333,0.0,0.0,0.0,0.0,0.05000000000000001,0.0,0.0,0.0,0.0
query,test,selected:minus_context,relevance_grade,1,query_intent,Guideline / Evidence Lookup,10,8,2,0.0,0.0,0.0,0.0,0.0,0.06666666666666667,0.0,0.0,0.0,0.0,0.08,0.0,0.0,0.0,0.0,0.06000000000000001,0.0,0.0,0.0,0.0,0.030000000000000006,0.0,0.0,0.0,0.0
query,test,selected:minus_context,relevance_grade,1,query_intent,Interaction / Combination,7,7,0,0.0,0.0,0.0,0.0,0.0,0.047619047619047616,0.028571428571428574,0.14285714285714285,0.047619047619047616,0.011173303000541823,0.028571428571428574,0.028571428571428574,0.14285714285714285,0.047619047619047616,0.009906437583879173,0.028571428571428574,0.028571428571428574,0.14285714285714285,0.047619047619047616,0.009906437583879173,0.021428571428571432,0.028571428571428574,0.14285714285714285,0.047619047619047616,0.009906437583879173
query,test,selected:minus_context,relevance_grade,1,query_intent,Management / Treatment Selection,11,7,4,0.0,0.0,0.0,0.0,0.0,0.0,0.0,0.0,0.0,0.0,0.0,0.0,0.0,0.0,0.0,0.009090909090909092,0.017857142857142856,0.14285714285714285,0.02040816326530612,0.0174643361233127,0.02727272727272727,0.017857142857142856,0.14285714285714285,0.02040816326530612,0.0174643361233127
query,test,selected:minus_context,relevance_grade,1,query_intent,Mechanism / Background Knowledge,6,3,3,0.0,0.0,0.0,0.0,0.0,0.0,0.0,0.0,0.0,0.0,0.03333333333333333,0.0,0.0,0.0,0.0,0.03333333333333333,0.0,0.0,0.0,0.0,0.025000000000000005,0.037037037037037035,0.3333333333333333,0.018518518518518517,0.010810019221119432
query,test,selected:minus_context,relevance_grade,1,query_intent,Monitoring / Response / Risk Assessment,9,7,2,0.0,0.0,0.0,0.0,0.0,0.07407407407407407,0.0,0.0,0.0,0.0,0.08888888888888889,0.015873015873015872,0.14285714285714285,0.028571428571428574,0.020262770115240167,0.07777777777777778,0.03373015873015873,0.2857142857142857,0.05238095238095238,0.020770745768875214,0.061111111111111116,0.03373015873015873,0.2857142857142857,0.05238095238095238,0.020770745768875214
query,test,selected:minus_context,relevance_grade,1,query_intent,Prophylaxis / Maintenance,8,6,2,0.0,0.0,0.0,0.0,0.0,0.08333333333333333,0.03333333333333333,0.16666666666666666,0.08333333333333333,0.02442338672877317,0.05,0.03333333333333333,0.16666666666666666,0.08333333333333333,0.022969565472856165,0.05,0.06666666666666667,0.3333333333333333,0.10185185185185186,0.036396034679770844,0.0625,0.11130952380952382,0.6666666666666666,0.12417328042328042,0.043670030763330946
query,test,selected:minus_context,relevance_grade,1,query_intent,Safety / Contraindication,14,6,8,0.0,0.0,0.0,0.0,0.0,0.023809523809523808,0.0,0.0,0.0,0.0,0.014285714285714287,0.0,0.0,0.0,0.0,0.014285714285714287,0.0,0.0,0.0,0.0,0.03571428571428571,0.041666666666666664,0.16666666666666666,0.015151515151515152,0.01680317175322866
query,test,selected:minus_context,relevance_grade,1,query_intent,Treatment Change / Escalation,11,7,4,0.0,0.0,0.0,0.0,0.0,0.0303030303030303,0.0,0.0,0.0,0.0,0.018181818181818184,0.0,0.0,0.0,0.0,0.03636363636363637,0.0,0.0,0.0,0.0,0.05000000000000002,0.047619047619047616,0.2857142857142857,0.014285714285714287,0.00465993021001924
query,test,selected:minus_context,relevance_grade,1,has_context,False,56,39,17,0.0,0.0,0.0,0.0,0.0,0.041666666666666664,0.010256410256410256,0.05128205128205128,0.021367521367521364,0.00576290875324184,0.03571428571428571,0.013105413105413105,0.07692307692307693,0.026495726495726492,0.008948765300794165,0.03214285714285715,0.024643874643874644,0.15384615384615385,0.03728123728123728,0.014240175497720374,0.04107142857142857,0.03863451363451363,0.2564102564102564,0.04342185592185592,0.016581231543223513
query,test,selected:minus_context,relevance_grade,1,has_context,True,44,29,15,0.0,0.0,0.0,0.0,0.0,0.03787878787878787,0.006896551724137932,0.034482758620689655,0.017241379310344827,0.01465375511546187,0.031818181818181815,0.006896551724137932,0.034482758620689655,0.017241379310344827,0.0118558906106724,0.03863636363636364,0.006896551724137932,0.034482758620689655,0.017241379310344827,0.0118558906106724,0.03409090909090909,0.026190476190476188,0.13793103448275862,0.023915195512291702,0.018805420684376815
query,test,selected:minus_context,relevance_grade,1,multiple_entity_dimensions,True,100,68,32,0.0,0.0,0.0,0.0,0.0,0.04,0.008823529411764707,0.04411764705882353,0.0196078431372549,0.009554593231247441,0.034,0.01045751633986928,0.058823529411764705,0.022549019607843137,0.010188568741771646,0.035,0.01707516339869281,0.10294117647058823,0.028734827264239027,0.013223348119420504,0.038,0.03332749766573296,0.20588235294117646,0.035102838982482946,0.017529782794597715
query,test,selected:minus_intent,relevance_grade,1,query_language,EN,50,34,16,0.0,0.0,0.0,0.0,0.0,0.03333333333333333,0.0058823529411764705,0.029411764705882353,0.00980392156862745,0.003415601656386725,0.036000000000000004,0.0058823529411764705,0.029411764705882353,0.00980392156862745,0.0032122852881473316,0.03,0.0058823529411764705,0.029411764705882353,0.00980392156862745,0.0032122852881473316,0.034,0.026178804855275444,0.14705882352941177,0.01822738664843928,0.01010839354827042
query,test,selected:minus_intent,relevance_grade,1,query_language,ID,18,12,6,0.0,0.0,0.0,0.0,0.0,0.018518518518518517,0.0,0.0,0.0,0.0,0.03333333333333334,0.016666666666666666,0.08333333333333333,0.016666666666666666,0.004471055387187,0.07222222222222224,0.0494047619047619,0.3333333333333333,0.05089285714285715,0.02144143842046754,0.04722222222222223,0.0494047619047619,0.3333333333333333,0.05089285714285715,0.02144143842046754
query,test,selected:minus_intent,relevance_grade,1,query_language,MIXED,32,22,10,0.0,0.0,0.0,0.0,0.0,0.041666666666666664,0.009090909090909092,0.045454545454545456,0.022727272727272728,0.019316313561290648,0.037500000000000006,0.009090909090909092,0.045454545454545456,0.022727272727272728,0.015628219441340893,0.034375,0.009090909090909092,0.045454545454545456,0.022727272727272728,0.015628219441340893,0.0296875,0.009090909090909092,0.045454545454545456,0.022727272727272728,0.015628219441340893
query,test,selected:minus_intent,relevance_grade,1,query_intent,Comparative Treatment Choice,2,2,0,0.0,0.0,0.0,0.0,0.0,0.0,0.0,0.0,0.0,0.0,0.0,0.0,0.0,0.0,0.0,0.0,0.0,0.0,0.0,0.0,0.0,0.0,0.0,0.0,0.0
query,test,selected:minus_intent,relevance_grade,1,query_intent,Dosing / Administration,19,14,5,0.0,0.0,0.0,0.0,0.0,0.03508771929824561,0.014285714285714287,0.07142857142857142,0.03571428571428571,0.030354207024885303,0.042105263157894736,0.014285714285714287,0.07142857142857142,0.03571428571428571,0.024558630550678546,0.04736842105263158,0.014285714285714287,0.07142857142857142,0.03571428571428571,0.024558630550678546,0.03421052631578948,0.024489795918367346,0.14285714285714285,0.04081632653061224,0.031142685986146338
query,test,selected:minus_intent,relevance_grade,1,query_intent,Efficacy / Outcomes,3,1,2,0.0,0.0,0.0,0.0,0.0,0.1111111111111111,0.0,0.0,0.0,0.0,0.06666666666666667,0.0,0.0,0.0,0.0,0.03333333333333333,0.0,0.0,0.0,0.0,0.03333333333333333,0.0,0.0,0.0,0.0
query,test,selected:minus_intent,relevance_grade,1,query_intent,Guideline / Evidence Lookup,10,8,2,0.0,0.0,0.0,0.0,0.0,0.0,0.0,0.0,0.0,0.0,0.02,0.0,0.0,0.0,0.0,0.04,0.0,0.0,0.0,0.0,0.025,0.0,0.0,0.0,0.0
query,test,selected:minus_intent,relevance_grade,1,query_intent,Interaction / Combination,7,7,0,0.0,0.0,0.0,0.0,0.0,0.0,0.0,0.0,0.0,0.0,0.028571428571428574,0.028571428571428574,0.14285714285714285,0.028571428571428574,0.0076646663780348566,0.028571428571428574,0.04897959183673469,0.2857142857142857,0.04897959183673469,0.017010939532241087,0.028571428571428574,0.04897959183673469,0.2857142857142857,0.04897959183673469,0.017010939532241087
query,test,selected:minus_intent,relevance_grade,1,query_intent,Management / Treatment Selection,11,7,4,0.0,0.0,0.0,0.0,0.0,0.0,0.0,0.0,0.0,0.0,0.0,0.0,0.0,0.0,0.0,0.02727272727272728,0.017857142857142856,0.14285714285714285,0.02040816326530612,0.0174643361233127,0.031818181818181815,0.04642857142857143,0.2857142857142857,0.027926960257787323,0.022786773254459578
query,test,selected:minus_intent,relevance_grade,1,query_intent,Mechanism / Background Knowledge,6,3,3,0.0,0.0,0.0,0.0,0.0,0.0,0.0,0.0,0.0,0.0,0.03333333333333333,0.0,0.0,0.0,0.0,0.03333333333333333,0.0,0.0,0.0,0.0,0.016666666666666666,0.0,0.0,0.0,0.0
query,test,selected:minus_intent,relevance_grade,1,query_intent,Monitoring / Response / Risk Assessment,9,7,2,0.0,0.0,0.0,0.0,0.0,0.07407407407407407,0.0,0.0,0.0,0.0,0.08888888888888889,0.0,0.0,0.0,0.0,0.06666666666666668,0.0,0.0,0.0,0.0,0.06666666666666667,0.0496031746031746,0.2857142857142857,0.023191094619666047,0.015004834975658252
query,test,selected:minus_intent,relevance_grade,1,query_intent,Prophylaxis / Maintenance,8,6,2,0.0,0.0,0.0,0.0,0.0,0.125,0.03333333333333333,0.16666666666666666,0.05555555555555555,0.01935507605285811,0.07500000000000001,0.03333333333333333,0.16666666666666666,0.05555555555555555,0.018202949966168214,0.037500000000000006,0.03333333333333333,0.16666666666666666,0.05555555555555555,0.018202949966168214,0.037500000000000006,0.03333333333333333,0.16666666666666666,0.05555555555555555,0.018202949966168214
query,test,selected:minus_intent,relevance_grade,1,query_intent,Safety / Contraindication,14,6,8,0.0,0.0,0.0,0.0,0.0,0.0,0.0,0.0,0.0,0.0,0.0,0.0,0.0,0.0,0.0,0.021428571428571432,0.020833333333333332,0.16666666666666666,0.020833333333333332,0.0026617219094556576,0.024999999999999998,0.020833333333333332,0.16666666666666666,0.020833333333333332,0.0026617219094556576
query,test,selected:minus_intent,relevance_grade,1,query_intent,Treatment Change / Escalation,11,7,4,0.0,0.0,0.0,0.0,0.0,0.0606060606060606,0.0,0.0,0.0,0.0,0.05454545454545456,0.0,0.0,0.0,0.0,0.05454545454545454,0.0,0.0,0.0,0.0,0.05454545454545454,0.0,0.0,0.0,0.0
query,test,selected:minus_intent,relevance_grade,1,has_context,False,56,39,17,0.0,0.0,0.0,0.0,0.0,0.041666666666666664,0.005128205128205128,0.02564102564102564,0.008547008547008546,0.0029777040081320166,0.03571428571428571,0.010256410256410256,0.05128205128205128,0.013675213675213675,0.004176163190852648,0.03928571428571429,0.017124542124542126,0.10256410256410256,0.021001221001221,0.00898832383040733,0.03928571428571429,0.03115588115588116,0.1794871794871795,0.026513252829042305,0.012636808567526196
query,test,selected:minus_intent,relevance_grade,1,has_context,True,44,29,15,0.0,0.0,0.0,0.0,0.0,0.022727272727272728,0.006896551724137932,0.034482758620689655,0.017241379310344827,0.01465375511546187,0.03636363636363637,0.006896551724137932,0.034482758620689655,0.017241379310344827,0.0118558906106724,0.03863636363636364,0.011206896551724138,0.06896551724137931,0.021551724137931036,0.012406591695387364,0.029545454545454552,0.016133004926108373,0.10344827586206896,0.02401477832512315,0.015585101215958023
query,test,selected:minus_intent,relevance_grade,1,multiple_entity_dimensions,True,100,68,32,0.0,0.0,0.0,0.0,0.0,0.03333333333333333,0.0058823529411764705,0.029411764705882353,0.012254901960784312,0.007957196392140336,0.036000000000000004,0.008823529411764707,0.04411764705882353,0.015196078431372547,0.007451341061069896,0.03900000000000001,0.014600840336134454,0.08823529411764706,0.0212359943977591,0.010446114537531167,0.035,0.02474906629318394,0.14705882352941177,0.025447726937665022,0.01389416866759271
query_dedup,validation,R-B0,relevance_grade,1,query_language,EN,44,25,19,0.022727272727272728,0.008,0.04,0.04,0.005714285714285714,0.0303030303030303,0.008,0.04,0.04,0.003356687972425322,0.02727272727272727,0.008,0.04,0.04,0.003141187510973313,0.02727272727272728,0.008,0.04,0.04,0.003141187510973313,0.03636363636363637,0.059666666666666666,0.16,0.047857142857142855,0.017814606366558162
query_dedup,validation,R-B0,relevance_grade,1,query_language,ID,20,16,4,0.1,0.041666666666666664,0.125,0.125,0.08928571428571429,0.06666666666666667,0.041666666666666664,0.125,0.125,0.05636305450042986,0.06,0.041666666666666664,0.125,0.125,0.052918390232300064,0.034999999999999996,0.07291666666666667,0.1875,0.13392857142857142,0.06457123649509107,0.0375,0.08878968253968253,0.3125,0.14481872294372294,0.07239880657288611
query_dedup,validation,R-B0,relevance_grade,1,query_language,MIXED,35,28,7,0.11428571428571428,0.0071428571428571435,0.03571428571428571,0.03571428571428571,0.03571428571428571,0.09523809523809525,0.014285714285714287,0.07142857142857142,0.05357142857142857,0.03193705801325538,0.08000000000000002,0.021428571428571432,0.10714285714285714,0.0625,0.026827416983040305,0.07142857142857144,0.03928571428571429,0.14285714285714285,0.06607142857142857,0.029670695288524673,0.054285714285714284,0.03928571428571429,0.14285714285714285,0.06607142857142857,0.029670695288524673
query_dedup,validation,R-B0,relevance_grade,1,query_intent,Comparative Treatment Choice,2,1,1,0.0,0.0,0.0,0.0,0.0,0.0,0.0,0.0,0.0,0.0,0.0,0.0,0.0,0.0,0.0,0.05,0.0,0.0,0.0,0.0,0.025,0.0,0.0,0.0,0.0
query_dedup,validation,R-B0,relevance_grade,1,query_intent,Dosing / Administration,21,13,8,0.047619047619047616,0.015384615384615385,0.07692307692307693,0.07692307692307693,0.07692307692307693,0.047619047619047616,0.03076923076923077,0.15384615384615385,0.11538461538461539,0.0687875095670116,0.0380952380952381,0.03076923076923077,0.15384615384615385,0.11538461538461539,0.055037772784657456,0.0380952380952381,0.06923076923076922,0.23076923076923078,0.12307692307692308,0.06116175682723917,0.03333333333333334,0.06923076923076922,0.23076923076923078,0.12307692307692308,0.06116175682723917
query_dedup,validation,R-B0,relevance_grade,1,query_intent,Efficacy / Outcomes,3,1,2,0.0,0.0,0.0,0.0,0.0,0.0,0.0,0.0,0.0,0.0,0.0,0.0,0.0,0.0,0.0,0.0,0.0,0.0,0.0,0.0,0.0,0.0,0.0,0.0,0.0
query_dedup,validation,R-B0,relevance_grade,1,query_intent,Guideline / Evidence Lookup,8,7,1,0.0,0.0,0.0,0.0,0.0,0.125,0.0,0.0,0.0,0.0,0.1,0.028571428571428574,0.14285714285714285,0.03571428571428571,0.0050966613320830865,0.07500000000000001,0.028571428571428574,0.14285714285714285,0.03571428571428571,0.0050966613320830865,0.056249999999999994,0.028571428571428574,0.14285714285714285,0.03571428571428571,0.0050966613320830865
query_dedup,validation,R-B0,relevance_grade,1,query_intent,Interaction / Combination,4,4,0,0.25,0.125,0.25,0.25,0.25,0.08333333333333333,0.125,0.25,0.25,0.1532867981913646,0.05,0.125,0.25,0.25,0.1532867981913646,0.05,0.25,0.5,0.2857142857142857,0.20438239758848614,0.05,0.5,0.75,0.30357142857142855,0.26837190379094
query_dedup,validation,R-B0,relevance_grade,1,query_intent,Management / Treatment Selection,14,10,4,0.0,0.0,0.0,0.0,0.0,0.023809523809523808,0.0,0.0,0.0,0.0,0.014285714285714287,0.0,0.0,0.0,0.0,0.0071428571428571435,0.0,0.0,0.0,0.0,0.014285714285714287,0.01111111111111111,0.1,0.00909090909090909,0.009439628535590262
query_dedup,validation,R-B0,relevance_grade,1,query_intent,Mechanism / Background Knowledge,6,4,2,0.0,0.0,0.0,0.0,0.0,0.0,0.0,0.0,0.0,0.0,0.03333333333333333,0.0,0.0,0.0,0.0,0.06666666666666667,0.0,0.0,0.0,0.0,0.05000000000000001,0.0,0.0,0.0,0.0
query_dedup,validation,R-B0,relevance_grade,1,query_intent,Monitoring / Response / Risk Assessment,9,6,3,0.0,0.0,0.0,0.0,0.0,0.037037037037037035,0.0,0.0,0.0,0.0,0.044444444444444446,0.0,0.0,0.0,0.0,0.03333333333333334,0.0,0.0,0.0,0.0,0.03888888888888889,0.0,0.0,0.0,0.0
query_dedup,validation,R-B0,relevance_grade,1,query_intent,Prophylaxis / Maintenance,4,3,1,0.0,0.0,0.0,0.0,0.0,0.0,0.0,0.0,0.0,0.0,0.0,0.0,0.0,0.0,0.0,0.025,0.0,0.0,0.0,0.0,0.05,0.047619047619047616,0.3333333333333333,0.027777777777777776,0.010281611962939356
query_dedup,validation,R-B0,relevance_grade,1,query_intent,Safety / Contraindication,14,10,4,0.21428571428571427,0.03666666666666667,0.2,0.2,0.05714285714285714,0.11904761904761904,0.03666666666666667,0.2,0.2,0.03725788785520524,0.11428571428571428,0.03666666666666667,0.2,0.2,0.031207673872567548,0.06428571428571428,0.03666666666666667,0.2,0.2,0.029413988134184537,0.06785714285714287,0.049166666666666664,0.3,0.20625,0.03838657266482162
query_dedup,validation,R-B0,relevance_grade,1,query_intent,Treatment Change / Escalation,14,10,4,0.14285714285714285,0.0,0.0,0.0,0.0,0.09523809523809523,0.0,0.0,0.0,0.0,0.07142857142857142,0.0,0.0,0.0,0.0,0.0642857142857143,0.0,0.0,0.0,0.0,0.06071428571428572,0.016666666666666666,0.1,0.00625,0.0021151601273434973
query_dedup,validation,R-B0,relevance_grade,1,has_context,False,50,33,17,0.08,0.0202020202020202,0.06060606060606061,0.06060606060606061,0.04329004329004329,0.04666666666666666,0.0202020202020202,0.06060606060606061,0.06060606060606061,0.027327541575965994,0.04,0.0202020202020202,0.06060606060606061,0.06060606060606061,0.025657401324751545,0.04,0.03535353535353536,0.09090909090909091,0.06493506493506493,0.0313072661794381,0.042,0.07335257335257335,0.18181818181818182,0.07237964056145874,0.04285875545381798
query_dedup,validation,R-B0,relevance_grade,1,has_context,True,49,36,13,0.061224489795918366,0.011111111111111112,0.05555555555555555,0.05555555555555555,0.031746031746031744,0.07482993197278912,0.01666666666666667,0.08333333333333333,0.06944444444444445,0.02717096732449399,0.0653061224489796,0.022222222222222223,0.1111111111111111,0.0763888888888889,0.023047148980540593,0.04897959183673469,0.036111111111111115,0.1388888888888889,0.07916666666666666,0.02525858766258399,0.04387755102040816,0.04421296296296296,0.19444444444444445,0.08263888888888889,0.028338516734245263
query_dedup,validation,R-B0,relevance_grade,1,multiple_entity_dimensions,True,99,69,30,0.0707070707070707,0.015458937198067632,0.057971014492753624,0.057971014492753624,0.037267080745341616,0.060606060606060594,0.018357487922705314,0.07246376811594203,0.06521739130434782,0.027245850662154514,0.05252525252525253,0.021256038647342997,0.08695652173913043,0.06884057971014493,0.02429553053646757,0.04444444444444444,0.035748792270531404,0.11594202898550725,0.07236024844720497,0.02815143390977508,0.04292929292929293,0.058149298366689674,0.18840579710144928,0.07773229186272665,0.035282978730562645
query_dedup,validation,R-E1,relevance_grade,1,query_language,EN,44,25,19,0.022727272727272728,0.008,0.04,0.04,0.005714285714285714,0.0303030303030303,0.008,0.04,0.04,0.003356687972425322,0.022727272727272728,0.008,0.04,0.04,0.003141187510973313,0.03636363636363637,0.016,0.04,0.04,0.009760329150629651,0.03636363636363637,0.076,0.12,0.044722222222222226,0.02045910106595688
query_dedup,validation,R-E1,relevance_grade,1,query_language,ID,20,16,4,0.1,0.041666666666666664,0.125,0.125,0.08928571428571429,0.05,0.041666666666666664,0.125,0.125,0.05636305450042986,0.06,0.041666666666666664,0.125,0.125,0.052918390232300064,0.05500000000000001,0.08333333333333334,0.25,0.14434523809523808,0.06963039036873672,0.0425,0.09920634920634921,0.375,0.15345982142857142,0.07673266080194954
query_dedup,validation,R-E1,relevance_grade,1,query_language,MIXED,35,28,7,0.08571428571428572,0.0071428571428571435,0.03571428571428571,0.03571428571428571,0.03571428571428571,0.07619047619047618,0.024999999999999998,0.07142857142857142,0.047619047619047616,0.021678017936101777,0.07428571428571429,0.03214285714285715,0.10714285714285714,0.05654761904761905,0.02657393648096228,0.06857142857142857,0.075,0.17857142857142858,0.06369047619047619,0.03775288443016086,0.06857142857142857,0.11666666666666667,0.25,0.0694882498453927,0.04765528613628772
query_dedup,validation,R-E1,relevance_grade,1,query_intent,Comparative Treatment Choice,2,1,1,0.0,0.0,0.0,0.0,0.0,0.0,0.0,0.0,0.0,0.0,0.0,0.0,0.0,0.0,0.0,0.05,0.0,0.0,0.0,0.0,0.025,0.0,0.0,0.0,0.0
query_dedup,validation,R-E1,relevance_grade,1,query_intent,Dosing / Administration,21,13,8,0.09523809523809523,0.015384615384615385,0.07692307692307693,0.07692307692307693,0.07692307692307693,0.047619047619047616,0.05384615384615384,0.15384615384615385,0.10256410256410256,0.04669111555468075,0.047619047619047616,0.06923076923076922,0.23076923076923078,0.12179487179487179,0.0572361708820726,0.0380952380952381,0.06923076923076922,0.23076923076923078,0.12179487179487179,0.0572361708820726,0.035714285714285726,0.06923076923076922,0.23076923076923078,0.12179487179487179,0.0572361708820726
query_dedup,validation,R-E1,relevance_grade,1,query_intent,Efficacy / Outcomes,3,1,2,0.0,0.0,0.0,0.0,0.0,0.0,0.0,0.0,0.0,0.0,0.0,0.0,0.0,0.0,0.0,0.03333333333333333,1.0,1.0,0.1,0.2890648263178878,0.03333333333333333,1.0,1.0,0.1,0.2890648263178878
query_dedup,validation,R-E1,relevance_grade,1,query_intent,Guideline / Evidence Lookup,8,7,1,0.0,0.0,0.0,0.0,0.0,0.041666666666666664,0.0,0.0,0.0,0.0,0.025,0.0,0.0,0.0,0.0,0.0625,0.028571428571428574,0.14285714285714285,0.014285714285714287,0.003420816608524647,0.08125,0.028571428571428574,0.14285714285714285,0.014285714285714287,0.003420816608524647
query_dedup,validation,R-E1,relevance_grade,1,query_intent,Interaction / Combination,4,4,0,0.25,0.125,0.25,0.25,0.25,0.08333333333333333,0.125,0.25,0.25,0.1532867981913646,0.05,0.125,0.25,0.25,0.1532867981913646,0.07500000000000001,0.25,0.5,0.2857142857142857,0.20438239758848614,0.05,0.5,0.75,0.2996031746031746,0.2632346259301457
query_dedup,validation,R-E1,relevance_grade,1,query_intent,Management / Treatment Selection,14,10,4,0.0,0.0,0.0,0.0,0.0,0.023809523809523808,0.0,0.0,0.0,0.0,0.028571428571428574,0.0,0.0,0.0,0.0,0.028571428571428574,0.016666666666666666,0.1,0.016666666666666666,0.008094646197833044,0.02142857142857143,0.02777777777777778,0.2,0.022916666666666665,0.016373795302091744
query_dedup,validation,R-E1,relevance_grade,1,query_intent,Mechanism / Background Knowledge,6,4,2,0.0,0.0,0.0,0.0,0.0,0.05555555555555555,0.0,0.0,0.0,0.0,0.03333333333333333,0.0,0.0,0.0,0.0,0.08333333333333333,0.0,0.0,0.0,0.0,0.075,0.125,0.25,0.015625,0.008015096129135632
query_dedup,validation,R-E1,relevance_grade,1,query_intent,Monitoring / Response / Risk Assessment,9,6,3,0.0,0.0,0.0,0.0,0.0,0.037037037037037035,0.0,0.0,0.0,0.0,0.044444444444444446,0.0,0.0,0.0,0.0,0.022222222222222223,0.0,0.0,0.0,0.0,0.022222222222222223,0.0,0.0,0.0,0.0
query_dedup,validation,R-E1,relevance_grade,1,query_intent,Prophylaxis / Maintenance,4,3,1,0.0,0.0,0.0,0.0,0.0,0.0,0.0,0.0,0.0,0.0,0.0,0.0,0.0,0.0,0.0,0.025,0.0,0.0,0.0,0.0,0.0625,0.047619047619047616,0.3333333333333333,0.027777777777777776,0.010281611962939356
query_dedup,validation,R-E1,relevance_grade,1,query_intent,Safety / Contraindication,14,10,4,0.14285714285714285,0.03666666666666667,0.2,0.2,0.05714285714285714,0.09523809523809523,0.03666666666666667,0.2,0.2,0.03725788785520524,0.07142857142857142,0.03666666666666667,0.2,0.2,0.031207673872567548,0.0642857142857143,0.056666666666666664,0.2,0.2,0.04596184223332538,0.05357142857142858,0.056666666666666664,0.2,0.2,0.04596184223332538
query_dedup,validation,R-E1,relevance_grade,1,query_intent,Treatment Change / Escalation,14,10,4,0.07142857142857142,0.0,0.0,0.0,0.0,0.07142857142857142,0.0,0.0,0.0,0.0,0.1,0.0,0.0,0.0,0.0,0.08571428571428572,0.0,0.0,0.0,0.0,0.08214285714285716,0.11666666666666667,0.2,0.016233766233766232,0.02772672477715521
query_dedup,validation,R-E1,relevance_grade,1,has_context,False,50,33,17,0.04,0.0202020202020202,0.06060606060606061,0.06060606060606061,0.04329004329004329,0.04,0.0202020202020202,0.06060606060606061,0.06060606060606061,0.027327541575965994,0.04,0.0202020202020202,0.06060606060606061,0.06060606060606061,0.025657401324751545,0.05,0.0707070707070707,0.15151515151515152,0.073015873015873,0.04251972946114168,0.04800000000000001,0.12385762385762385,0.2727272727272727,0.08101250601250601,0.05406838475855337
query_dedup,validation,R-E1,relevance_grade,1,has_context,True,49,36,13,0.08163265306122448,0.011111111111111112,0.05555555555555555,0.05555555555555555,0.031746031746031744,0.061224489795918366,0.025,0.08333333333333333,0.06481481481481483,0.019191713931152304,0.057142857142857155,0.030555555555555558,0.1111111111111111,0.07175925925925926,0.02284999747892435,0.05306122448979592,0.041666666666666664,0.1388888888888889,0.07453703703703704,0.028111782402565486,0.049999999999999996,0.07407407407407408,0.19444444444444445,0.07904641654641655,0.03581365039621971
query_dedup,validation,R-E1,relevance_grade,1,multiple_entity_dimensions,True,99,69,30,0.06060606060606061,0.015458937198067632,0.057971014492753624,0.057971014492753624,0.037267080745341616,0.050505050505050504,0.022705314009661835,0.07246376811594203,0.06280193236714976,0.02308276193519363,0.048484848484848485,0.025603864734299518,0.08695652173913043,0.06642512077294685,0.0241926688834504,0.051515151515151514,0.05555555555555556,0.14492753623188406,0.07380952380952381,0.03500253969144976,0.04898989898989899,0.09788359788359786,0.2318840579710145,0.0799867202041115,0.04454417552603146
query_dedup,validation,R-E2,relevance_grade,1,query_language,EN,44,25,19,0.022727272727272728,0.008,0.04,0.04,0.005714285714285714,0.0303030303030303,0.008,0.04,0.04,0.003356687972425322,0.022727272727272728,0.008,0.04,0.04,0.003141187510973313,0.02727272727272728,0.016,0.04,0.04,0.009760329150629651,0.030681818181818185,0.081,0.16,0.04738888888888889,0.024126611651852547
query_dedup,validation,R-E2,relevance_grade,1,query_language,ID,20,16,4,0.1,0.041666666666666664,0.125,0.125,0.08928571428571429,0.06666666666666667,0.041666666666666664,0.125,0.125,0.05636305450042986,0.06,0.041666666666666664,0.125,0.125,0.052918390232300064,0.06500000000000002,0.08333333333333334,0.25,0.14434523809523808,0.06963039036873672,0.0475,0.10701884920634921,0.4375,0.1576264880952381,0.07959541325480014
query_dedup,validation,R-E2,relevance_grade,1,query_language,MIXED,35,28,7,0.11428571428571428,0.0071428571428571435,0.03571428571428571,0.03571428571428571,0.03571428571428571,0.08571428571428572,0.03214285714285715,0.10714285714285714,0.06547619047619048,0.03685512144854443,0.08,0.03214285714285715,0.10714285714285714,0.06547619047619048,0.030471315085308582,0.07142857142857142,0.075,0.17857142857142858,0.07351190476190475,0.04172836811932209,0.06142857142857142,0.075,0.17857142857142858,0.07351190476190475,0.04172836811932209
query_dedup,validation,R-E2,relevance_grade,1,query_intent,Comparative Treatment Choice,2,1,1,0.0,0.0,0.0,0.0,0.0,0.0,0.0,0.0,0.0,0.0,0.1,0.0,0.0,0.0,0.0,0.1,0.0,0.0,0.0,0.0,0.05,0.0,0.0,0.0,0.0
query_dedup,validation,R-E2,relevance_grade,1,query_intent,Dosing / Administration,21,13,8,0.09523809523809523,0.015384615384615385,0.07692307692307693,0.07692307692307693,0.07692307692307693,0.06349206349206349,0.06923076923076922,0.23076923076923078,0.14102564102564102,0.07938026158148032,0.0380952380952381,0.06923076923076922,0.23076923076923078,0.14102564102564102,0.06563052479912618,0.028571428571428574,0.06923076923076922,0.23076923076923078,0.14102564102564102,0.06563052479912618,0.030952380952380953,0.06923076923076922,0.23076923076923078,0.14102564102564102,0.06563052479912618
query_dedup,validation,R-E2,relevance_grade,1,query_intent,Efficacy / Outcomes,3,1,2,0.0,0.0,0.0,0.0,0.0,0.0,0.0,0.0,0.0,0.0,0.0,0.0,0.0,0.0,0.0,0.03333333333333333,1.0,1.0,0.1,0.2890648263178878,0.03333333333333333,1.0,1.0,0.1,0.2890648263178878
query_dedup,validation,R-E2,relevance_grade,1,query_intent,Guideline / Evidence Lookup,8,7,1,0.125,0.0,0.0,0.0,0.0,0.041666666666666664,0.0,0.0,0.0,0.0,0.025,0.0,0.0,0.0,0.0,0.075,0.028571428571428574,0.14285714285714285,0.017857142857142856,0.0037332369477843406,0.05625,0.028571428571428574,0.14285714285714285,0.017857142857142856,0.0037332369477843406
query_dedup,validation,R-E2,relevance_grade,1,query_intent,Interaction / Combination,4,4,0,0.25,0.125,0.25,0.25,0.25,0.08333333333333333,0.125,0.25,0.25,0.1532867981913646,0.05,0.125,0.25,0.25,0.1532867981913646,0.07500000000000001,0.25,0.5,0.2857142857142857,0.20438239758848614,0.05,0.5,0.75,0.2996031746031746,0.2632346259301457
query_dedup,validation,R-E2,relevance_grade,1,query_intent,Management / Treatment Selection,14,10,4,0.0,0.0,0.0,0.0,0.0,0.023809523809523808,0.0,0.0,0.0,0.0,0.028571428571428574,0.0,0.0,0.0,0.0,0.028571428571428574,0.016666666666666666,0.1,0.016666666666666666,0.008094646197833044,0.02142857142857143,0.02777777777777778,0.2,0.022916666666666665,0.016373795302091744
query_dedup,validation,R-E2,relevance_grade,1,query_intent,Mechanism / Background Knowledge,6,4,2,0.0,0.0,0.0,0.0,0.0,0.05555555555555555,0.0,0.0,0.0,0.0,0.03333333333333333,0.0,0.0,0.0,0.0,0.08333333333333333,0.0,0.0,0.0,0.0,0.075,0.125,0.25,0.015625,0.008015096129135632
query_dedup,validation,R-E2,relevance_grade,1,query_intent,Monitoring / Response / Risk Assessment,9,6,3,0.0,0.0,0.0,0.0,0.0,0.037037037037037035,0.0,0.0,0.0,0.0,0.044444444444444446,0.0,0.0,0.0,0.0,0.022222222222222223,0.0,0.0,0.0,0.0,0.022222222222222223,0.0,0.0,0.0,0.0
query_dedup,validation,R-E2,relevance_grade,1,query_intent,Prophylaxis / Maintenance,4,3,1,0.0,0.0,0.0,0.0,0.0,0.0,0.0,0.0,0.0,0.0,0.0,0.0,0.0,0.0,0.0,0.025,0.0,0.0,0.0,0.0,0.0625,0.047619047619047616,0.3333333333333333,0.027777777777777776,0.010281611962939356
query_dedup,validation,R-E2,relevance_grade,1,query_intent,Safety / Contraindication,14,10,4,0.14285714285714285,0.03666666666666667,0.2,0.2,0.05714285714285714,0.11904761904761904,0.03666666666666667,0.2,0.2,0.03725788785520524,0.08571428571428572,0.03666666666666667,0.2,0.2,0.031207673872567548,0.0642857142857143,0.056666666666666664,0.2,0.2,0.04596184223332538,0.06071428571428572,0.06916666666666667,0.3,0.20666666666666664,0.05513061869806455
query_dedup,validation,R-E2,relevance_grade,1,query_intent,Treatment Change / Escalation,14,10,4,0.07142857142857142,0.0,0.0,0.0,0.0,0.07142857142857142,0.0,0.0,0.0,0.0,0.1,0.0,0.0,0.0,0.0,0.07857142857142858,0.0,0.0,0.0,0.0,0.0642857142857143,0.0125,0.1,0.006666666666666666,0.0045804039245609714
query_dedup,validation,R-E2,relevance_grade,1,has_context,False,50,33,17,0.04,0.0202020202020202,0.06060606060606061,0.06060606060606061,0.04329004329004329,0.04,0.0202020202020202,0.06060606060606061,0.06060606060606061,0.027327541575965994,0.04,0.0202020202020202,0.06060606060606061,0.06060606060606061,0.025657401324751545,0.05,0.0707070707070707,0.15151515151515152,0.073015873015873,0.04251972946114168,0.04800000000000001,0.12385762385762385,0.2727272727272727,0.08101250601250601,0.05406838475855337
query_dedup,validation,R-E2,relevance_grade,1,has_context,True,49,36,13,0.10204081632653061,0.011111111111111112,0.05555555555555555,0.05555555555555555,0.031746031746031744,0.07482993197278912,0.030555555555555558,0.1111111111111111,0.0787037037037037,0.03099612777416325,0.06122448979591838,0.030555555555555558,0.1111111111111111,0.0787037037037037,0.02588129194897147,0.05102040816326531,0.041666666666666664,0.1388888888888889,0.08217592592592593,0.031203825271913108,0.041836734693877546,0.04861111111111111,0.19444444444444445,0.08587962962962964,0.0350230420467187
query_dedup,validation,R-E2,relevance_grade,1,multiple_entity_dimensions,True,99,69,30,0.0707070707070707,0.015458937198067632,0.057971014492753624,0.057971014492753624,0.037267080745341616,0.057239057239057235,0.025603864734299518,0.08695652173913043,0.07004830917874395,0.029241586548938475,0.05050505050505051,0.025603864734299518,0.08695652173913043,0.07004830917874395,0.02577421382434455,0.050505050505050504,0.05555555555555556,0.14492753623188406,0.07779503105590062,0.03661577944937025,0.044949494949494954,0.0845985737290085,0.2318840579710145,0.08355187485622269,0.044131684213248326
query_dedup,validation,R-E3,relevance_grade,1,query_language,EN,44,25,19,0.022727272727272728,0.008,0.04,0.04,0.005714285714285714,0.01515151515151515,0.008,0.04,0.04,0.003356687972425322,0.02727272727272728,0.016,0.04,0.04,0.011647427957664073,0.03863636363636364,0.076,0.12,0.049444444444444444,0.03421487963920688,0.037500000000000006,0.08171428571428571,0.16,0.0523015873015873,0.0348847106516543
query_dedup,validation,R-E3,relevance_grade,1,query_language,ID,20,16,4,0.1,0.03125,0.0625,0.0625,0.0625,0.08333333333333333,0.041666666666666664,0.125,0.09375,0.049704527182173136,0.06999999999999999,0.041666666666666664,0.125,0.09375,0.0475311860043456,0.05,0.041666666666666664,0.125,0.09375,0.046823879941281454,0.04000000000000001,0.059027777777777776,0.25,0.10133928571428572,0.055471070673957186
query_dedup,validation,R-E3,relevance_grade,1,query_language,MIXED,35,28,7,0.05714285714285714,0.0071428571428571435,0.03571428571428571,0.03571428571428571,0.03571428571428571,0.057142857142857134,0.024999999999999998,0.07142857142857142,0.05357142857142857,0.022965859603364162,0.057142857142857155,0.03214285714285715,0.10714285714285714,0.060714285714285714,0.027008869167387976,0.045714285714285714,0.04107142857142857,0.14285714285714285,0.0642857142857143,0.03232721950290164,0.04857142857142857,0.05659013605442176,0.25,0.07129361866203972,0.039293061998185976
query_dedup,validation,R-E3,relevance_grade,1,query_intent,Comparative Treatment Choice,2,1,1,0.0,0.0,0.0,0.0,0.0,0.0,0.0,0.0,0.0,0.0,0.0,0.0,0.0,0.0,0.0,0.1,0.0,0.0,0.0,0.0,0.05,0.0,0.0,0.0,0.0
query_dedup,validation,R-E3,relevance_grade,1,query_intent,Dosing / Administration,21,13,8,0.09523809523809523,0.015384615384615385,0.07692307692307693,0.07692307692307693,0.07692307692307693,0.047619047619047616,0.05384615384615384,0.15384615384615385,0.11538461538461539,0.049464928376476654,0.0380952380952381,0.06923076923076922,0.23076923076923078,0.13076923076923078,0.05817294897591256,0.0380952380952381,0.10769230769230768,0.3076923076923077,0.13931623931623932,0.07730536553382344,0.045238095238095244,0.11868131868131868,0.38461538461538464,0.14523339907955293,0.08178351839096568
query_dedup,validation,R-E3,relevance_grade,1,query_intent,Efficacy / Outcomes,3,1,2,0.0,0.0,0.0,0.0,0.0,0.0,0.0,0.0,0.0,0.0,0.0,0.0,0.0,0.0,0.0,0.0,0.0,0.0,0.0,0.0,0.0,0.0,0.0,0.0,0.0
query_dedup,validation,R-E3,relevance_grade,1,query_intent,Guideline / Evidence Lookup,8,7,1,0.0,0.0,0.0,0.0,0.0,0.0,0.0,0.0,0.0,0.0,0.025,0.0,0.0,0.0,0.0,0.0125,0.0,0.0,0.0,0.0,0.03125,0.017857142857142856,0.14285714285714285,0.009523809523809523,0.0018711788703549323
query_dedup,validation,R-E3,relevance_grade,1,query_intent,Interaction / Combination,4,4,0,0.25,0.125,0.25,0.25,0.25,0.08333333333333333,0.125,0.25,0.25,0.1532867981913646,0.05,0.125,0.25,0.25,0.1532867981913646,0.05,0.375,0.5,0.28125,0.23215301738779678,0.025,0.375,0.5,0.28125,0.23215301738779678
query_dedup,validation,R-E3,relevance_grade,1,query_intent,Management / Treatment Selection,14,10,4,0.0,0.0,0.0,0.0,0.0,0.047619047619047616,0.0,0.0,0.0,0.0,0.028571428571428574,0.0,0.0,0.0,0.0,0.014285714285714287,0.0,0.0,0.0,0.0,0.03571428571428571,0.04206349206349207,0.3,0.019285714285714285,0.015510082703399708
query_dedup,validation,R-E3,relevance_grade,1,query_intent,Mechanism / Background Knowledge,6,4,2,0.0,0.0,0.0,0.0,0.0,0.0,0.0,0.0,0.0,0.0,0.06666666666666667,0.0,0.0,0.0,0.0,0.06666666666666667,0.0,0.0,0.0,0.0,0.05000000000000001,0.0,0.0,0.0,0.0
query_dedup,validation,R-E3,relevance_grade,1,query_intent,Monitoring / Response / Risk Assessment,9,6,3,0.0,0.0,0.0,0.0,0.0,0.037037037037037035,0.0,0.0,0.0,0.0,0.044444444444444446,0.0,0.0,0.0,0.0,0.03333333333333334,0.0,0.0,0.0,0.0,0.022222222222222223,0.0,0.0,0.0,0.0
query_dedup,validation,R-E3,relevance_grade,1,query_intent,Prophylaxis / Maintenance,4,3,1,0.0,0.0,0.0,0.0,0.0,0.0,0.0,0.0,0.0,0.0,0.0,0.0,0.0,0.0,0.0,0.05,0.08333333333333333,0.3333333333333333,0.03333333333333333,0.049637936464794204,0.037500000000000006,0.08333333333333333,0.3333333333333333,0.03333333333333333,0.049637936464794204
query_dedup,validation,R-E3,relevance_grade,1,query_intent,Safety / Contraindication,14,10,4,0.07142857142857142,0.02,0.1,0.1,0.014285714285714285,0.07142857142857142,0.03666666666666667,0.2,0.15,0.026604244145994483,0.09999999999999999,0.056666666666666664,0.2,0.15,0.043853748224567314,0.07142857142857144,0.056666666666666664,0.2,0.15,0.04272205852366468,0.05000000000000001,0.056666666666666664,0.2,0.15,0.04272205852366468
query_dedup,validation,R-E3,relevance_grade,1,query_intent,Treatment Change / Escalation,14,10,4,0.07142857142857142,0.0,0.0,0.0,0.0,0.07142857142857142,0.0,0.0,0.0,0.0,0.05714285714285715,0.0,0.0,0.0,0.0,0.06428571428571428,0.0,0.0,0.0,0.0,0.0642857142857143,0.016666666666666666,0.1,0.005263157894736842,0.012372935063262761
query_dedup,validation,R-E3,relevance_grade,1,has_context,False,50,33,17,0.02,0.015151515151515152,0.030303030303030304,0.030303030303030304,0.030303030303030304,0.039999999999999994,0.0202020202020202,0.06060606060606061,0.045454545454545456,0.024099164694386974,0.044000000000000004,0.0202020202020202,0.06060606060606061,0.045454545454545456,0.023045423517258475,0.041999999999999996,0.05808080808080808,0.12121212121212122,0.052272727272727276,0.03677456864365499,0.038000000000000006,0.07082732082732082,0.21212121212121213,0.05811688311688312,0.04147459370529127
query_dedup,validation,R-E3,relevance_grade,1,has_context,True,49,36,13,0.08163265306122448,0.011111111111111112,0.05555555555555555,0.05555555555555555,0.031746031746031744,0.047619047619047616,0.025,0.08333333333333333,0.06944444444444445,0.02019336856124527,0.0489795918367347,0.036111111111111115,0.1111111111111111,0.07500000000000001,0.02909538987856848,0.04489795918367347,0.05,0.1388888888888889,0.07808641975308642,0.0360043180800363,0.04591836734693878,0.062070105820105824,0.2222222222222222,0.08353701204578397,0.04142219557636855
query_dedup,validation,R-E3,relevance_grade,1,multiple_entity_dimensions,True,99,69,30,0.050505050505050504,0.013043478260869565,0.043478260869565216,0.043478260869565216,0.031055900621118012,0.043771043771043766,0.022705314009661835,0.07246376811594203,0.057971014492753624,0.022061358016226086,0.04646464646464647,0.0285024154589372,0.08695652173913043,0.06086956521739131,0.02620192770576804,0.04343434343434343,0.05386473429951691,0.13043478260869565,0.06574074074074074,0.03637269878437567,0.04191919191919191,0.06625833908442604,0.21739130434782608,0.07137955907978791,0.04144725555107072
query_dedup,validation,R-E4,relevance_grade,1,query_language,EN,44,25,19,0.022727272727272728,0.008,0.04,0.04,0.005714285714285714,0.022727272727272728,0.008,0.04,0.04,0.003356687972425322,0.022727272727272728,0.008,0.04,0.04,0.003141187510973313,0.029545454545454552,0.048,0.08,0.045,0.015759782582402463,0.03863636363636364,0.061,0.12,0.04735294117647059,0.025411326301550012
query_dedup,validation,R-E4,relevance_grade,1,query_language,ID,20,16,4,0.1,0.041666666666666664,0.125,0.125,0.08928571428571429,0.08333333333333333,0.041666666666666664,0.125,0.125,0.05636305450042986,0.06999999999999999,0.041666666666666664,0.125,0.125,0.052918390232300064,0.039999999999999994,0.041666666666666664,0.125,0.125,0.05179733664581068,0.035,0.08878968253968253,0.3125,0.13936237373737373,0.06973243017009646
query_dedup,validation,R-E4,relevance_grade,1,query_language,MIXED,35,28,7,0.05714285714285714,0.0071428571428571435,0.03571428571428571,0.03571428571428571,0.03571428571428571,0.10476190476190476,0.03928571428571429,0.14285714285714285,0.07738095238095237,0.03857334572974336,0.08571428571428572,0.03928571428571429,0.14285714285714285,0.07738095238095237,0.0319505752274448,0.060000000000000005,0.048214285714285716,0.17857142857142858,0.08095238095238096,0.037268925562958466,0.05285714285714285,0.048214285714285716,0.17857142857142858,0.08095238095238096,0.037268925562958466
query_dedup,validation,R-E4,relevance_grade,1,query_intent,Comparative Treatment Choice,2,1,1,0.0,0.0,0.0,0.0,0.0,0.0,0.0,0.0,0.0,0.0,0.0,0.0,0.0,0.0,0.0,0.05,0.0,0.0,0.0,0.0,0.05,0.0,0.0,0.0,0.0
query_dedup,validation,R-E4,relevance_grade,1,query_intent,Dosing / Administration,21,13,8,0.047619047619047616,0.015384615384615385,0.07692307692307693,0.07692307692307693,0.07692307692307693,0.06349206349206349,0.06923076923076922,0.23076923076923078,0.14102564102564102,0.07938026158148032,0.047619047619047616,0.06923076923076922,0.23076923076923078,0.14102564102564102,0.06563052479912618,0.028571428571428574,0.06923076923076922,0.23076923076923078,0.14102564102564102,0.06563052479912618,0.030952380952380953,0.06923076923076922,0.23076923076923078,0.14102564102564102,0.06563052479912618
query_dedup,validation,R-E4,relevance_grade,1,query_intent,Efficacy / Outcomes,3,1,2,0.0,0.0,0.0,0.0,0.0,0.0,0.0,0.0,0.0,0.0,0.0,0.0,0.0,0.0,0.0,0.0,0.0,0.0,0.0,0.0,0.0,0.0,0.0,0.0,0.0
query_dedup,validation,R-E4,relevance_grade,1,query_intent,Guideline / Evidence Lookup,8,7,1,0.0,0.0,0.0,0.0,0.0,0.125,0.028571428571428574,0.14285714285714285,0.047619047619047616,0.006872897124795698,0.1,0.028571428571428574,0.14285714285714285,0.047619047619047616,0.005917040568544884,0.0625,0.028571428571428574,0.14285714285714285,0.047619047619047616,0.005917040568544884,0.05,0.028571428571428574,0.14285714285714285,0.047619047619047616,0.005917040568544884
query_dedup,validation,R-E4,relevance_grade,1,query_intent,Interaction / Combination,4,4,0,0.25,0.125,0.25,0.25,0.25,0.08333333333333333,0.125,0.25,0.25,0.1532867981913646,0.05,0.125,0.25,0.25,0.1532867981913646,0.05,0.375,0.5,0.28125,0.23215301738779678,0.05,0.5,0.75,0.3020833333333333,0.27357695882910416
query_dedup,validation,R-E4,relevance_grade,1,query_intent,Management / Treatment Selection,14,10,4,0.0,0.0,0.0,0.0,0.0,0.047619047619047616,0.0,0.0,0.0,0.0,0.028571428571428574,0.0,0.0,0.0,0.0,0.014285714285714287,0.0,0.0,0.0,0.0,0.014285714285714287,0.01111111111111111,0.1,0.00909090909090909,0.009439628535590262
query_dedup,validation,R-E4,relevance_grade,1,query_intent,Mechanism / Background Knowledge,6,4,2,0.0,0.0,0.0,0.0,0.0,0.0,0.0,0.0,0.0,0.0,0.0,0.0,0.0,0.0,0.0,0.06666666666666667,0.0,0.0,0.0,0.0,0.05833333333333333,0.0,0.0,0.0,0.0
query_dedup,validation,R-E4,relevance_grade,1,query_intent,Monitoring / Response / Risk Assessment,9,6,3,0.0,0.0,0.0,0.0,0.0,0.037037037037037035,0.0,0.0,0.0,0.0,0.044444444444444446,0.0,0.0,0.0,0.0,0.022222222222222223,0.0,0.0,0.0,0.0,0.03333333333333334,0.0,0.0,0.0,0.0
query_dedup,validation,R-E4,relevance_grade,1,query_intent,Prophylaxis / Maintenance,4,3,1,0.0,0.0,0.0,0.0,0.0,0.0,0.0,0.0,0.0,0.0,0.0,0.0,0.0,0.0,0.0,0.025,0.08333333333333333,0.3333333333333333,0.03333333333333333,0.049637936464794204,0.05,0.13095238095238096,0.6666666666666666,0.05185185185185185,0.058594418220607646
query_dedup,validation,R-E4,relevance_grade,1,query_intent,Safety / Contraindication,14,10,4,0.21428571428571427,0.03666666666666667,0.2,0.2,0.05714285714285714,0.09523809523809523,0.03666666666666667,0.2,0.2,0.03725788785520524,0.11428571428571428,0.03666666666666667,0.2,0.2,0.031207673872567548,0.05714285714285714,0.03666666666666667,0.2,0.2,0.029413988134184537,0.0642857142857143,0.06916666666666667,0.3,0.20588235294117646,0.05354284743205341
query_dedup,validation,R-E4,relevance_grade,1,query_intent,Treatment Change / Escalation,14,10,4,0.0,0.0,0.0,0.0,0.0,0.09523809523809523,0.0,0.0,0.0,0.0,0.07142857142857142,0.0,0.0,0.0,0.0,0.07857142857142858,0.0,0.0,0.0,0.0,0.06785714285714287,0.0,0.0,0.0,0.0
query_dedup,validation,R-E4,relevance_grade,1,has_context,False,50,33,17,0.06,0.0202020202020202,0.06060606060606061,0.06060606060606061,0.04329004329004329,0.04666666666666666,0.0202020202020202,0.06060606060606061,0.06060606060606061,0.027327541575965994,0.044000000000000004,0.0202020202020202,0.06060606060606061,0.06060606060606061,0.025657401324751545,0.04,0.05808080808080808,0.12121212121212122,0.06742424242424243,0.03918594159130552,0.040999999999999995,0.08092833092833092,0.21212121212121213,0.07438781756963575,0.04788174451217135
query_dedup,validation,R-E4,relevance_grade,1,has_context,True,49,36,13,0.04081632653061224,0.011111111111111112,0.05555555555555555,0.05555555555555555,0.031746031746031744,0.08163265306122448,0.036111111111111115,0.1388888888888889,0.08796296296296297,0.03233252443731797,0.0653061224489796,0.036111111111111115,0.1388888888888889,0.08796296296296297,0.027031827615077424,0.04489795918367347,0.036111111111111115,0.1388888888888889,0.08796296296296297,0.027031827615077424,0.04489795918367347,0.04513888888888889,0.16666666666666666,0.08959694989106753,0.03373428853115211
query_dedup,validation,R-E4,relevance_grade,1,multiple_entity_dimensions,True,99,69,30,0.050505050505050504,0.015458937198067632,0.057971014492753624,0.057971014492753624,0.037267080745341616,0.06397306397306397,0.0285024154589372,0.10144927536231885,0.07487922705314008,0.029938836981888765,0.05454545454545455,0.0285024154589372,0.10144927536231885,0.07487922705314008,0.026374493302312875,0.04242424242424242,0.04661835748792271,0.13043478260869565,0.07814009661835748,0.03284466473414304,0.04292929292929293,0.06225557855992639,0.18840579710144928,0.08232301704168712,0.04050046313077001
query_dedup,validation,R-E5,relevance_grade,1,query_language,EN,44,25,19,0.045454545454545456,0.008,0.04,0.04,0.005714285714285714,0.022727272727272728,0.008,0.04,0.04,0.003356687972425322,0.02727272727272728,0.008,0.04,0.04,0.003141187510973313,0.03409090909090909,0.016,0.04,0.04,0.009497235267013248,0.03295454545454545,0.055999999999999994,0.08,0.04333333333333333,0.020306761444106036
query_dedup,validation,R-E5,relevance_grade,1,query_language,ID,20,16,4,0.1,0.041666666666666664,0.125,0.125,0.08928571428571429,0.06666666666666667,0.041666666666666664,0.125,0.125,0.05636305450042986,0.06,0.041666666666666664,0.125,0.125,0.052918390232300064,0.045,0.041666666666666664,0.125,0.125,0.05179733664581068,0.045000000000000005,0.09920634920634921,0.375,0.1408762792397661,0.0722933583888207
query_dedup,validation,R-E5,relevance_grade,1,query_language,MIXED,35,28,7,0.05714285714285714,0.0071428571428571435,0.03571428571428571,0.03571428571428571,0.03571428571428571,0.07619047619047618,0.024999999999999998,0.07142857142857142,0.047619047619047616,0.021678017936101777,0.06857142857142857,0.03214285714285715,0.10714285714285714,0.05654761904761905,0.02657393648096228,0.06857142857142857,0.03928571428571429,0.14285714285714285,0.060515873015873016,0.02746453982930861,0.06571428571428573,0.11071428571428572,0.21428571428571427,0.06581414617128903,0.045986238395273216
query_dedup,validation,R-E5,relevance_grade,1,query_intent,Comparative Treatment Choice,2,1,1,0.0,0.0,0.0,0.0,0.0,0.0,0.0,0.0,0.0,0.0,0.0,0.0,0.0,0.0,0.0,0.05,0.0,0.0,0.0,0.0,0.025,0.0,0.0,0.0,0.0
query_dedup,validation,R-E5,relevance_grade,1,query_intent,Dosing / Administration,21,13,8,0.09523809523809523,0.015384615384615385,0.07692307692307693,0.07692307692307693,0.07692307692307693,0.047619047619047616,0.05384615384615384,0.15384615384615385,0.10256410256410256,0.04669111555468075,0.047619047619047616,0.06923076923076922,0.23076923076923078,0.12179487179487179,0.0572361708820726,0.0380952380952381,0.06923076923076922,0.23076923076923078,0.12179487179487179,0.0572361708820726,0.03571428571428572,0.06923076923076922,0.23076923076923078,0.12179487179487179,0.0572361708820726
query_dedup,validation,R-E5,relevance_grade,1,query_intent,Efficacy / Outcomes,3,1,2,0.0,0.0,0.0,0.0,0.0,0.0,0.0,0.0,0.0,0.0,0.0,0.0,0.0,0.0,0.0,0.0,0.0,0.0,0.0,0.0,0.016666666666666666,1.0,1.0,0.07692307692307693,0.2626495350371935
query_dedup,validation,R-E5,relevance_grade,1,query_intent,Guideline / Evidence Lookup,8,7,1,0.0,0.0,0.0,0.0,0.0,0.041666666666666664,0.0,0.0,0.0,0.0,0.025,0.0,0.0,0.0,0.0,0.075,0.028571428571428574,0.14285714285714285,0.015873015873015872,0.0035624133933853347,0.0625,0.028571428571428574,0.14285714285714285,0.015873015873015872,0.0035624133933853347
query_dedup,validation,R-E5,relevance_grade,1,query_intent,Interaction / Combination,4,4,0,0.25,0.125,0.25,0.25,0.25,0.08333333333333333,0.125,0.25,0.25,0.1532867981913646,0.05,0.125,0.25,0.25,0.1532867981913646,0.025,0.125,0.25,0.25,0.1532867981913646,0.0625,0.5,0.75,0.2916666666666667,0.2622702782395019
query_dedup,validation,R-E5,relevance_grade,1,query_intent,Management / Treatment Selection,14,10,4,0.07142857142857142,0.0,0.0,0.0,0.0,0.023809523809523808,0.0,0.0,0.0,0.0,0.028571428571428574,0.0,0.0,0.0,0.0,0.021428571428571432,0.0,0.0,0.0,0.0,0.02142857142857143,0.02777777777777778,0.2,0.011513157894736841,0.013537113685549055
query_dedup,validation,R-E5,relevance_grade,1,query_intent,Mechanism / Background Knowledge,6,4,2,0.0,0.0,0.0,0.0,0.0,0.0,0.0,0.0,0.0,0.0,0.03333333333333333,0.0,0.0,0.0,0.0,0.06666666666666667,0.0,0.0,0.0,0.0,0.06666666666666667,0.0,0.0,0.0,0.0
query_dedup,validation,R-E5,relevance_grade,1,query_intent,Monitoring / Response / Risk Assessment,9,6,3,0.0,0.0,0.0,0.0,0.0,0.037037037037037035,0.0,0.0,0.0,0.0,0.044444444444444446,0.0,0.0,0.0,0.0,0.03333333333333334,0.0,0.0,0.0,0.0,0.01666666666666667,0.0,0.0,0.0,0.0
query_dedup,validation,R-E5,relevance_grade,1,query_intent,Prophylaxis / Maintenance,4,3,1,0.0,0.0,0.0,0.0,0.0,0.0,0.0,0.0,0.0,0.0,0.0,0.0,0.0,0.0,0.0,0.0,0.0,0.0,0.0,0.0,0.0625,0.047619047619047616,0.3333333333333333,0.018518518518518517,0.008956481755813433
query_dedup,validation,R-E5,relevance_grade,1,query_intent,Safety / Contraindication,14,10,4,0.14285714285714285,0.03666666666666667,0.2,0.2,0.05714285714285714,0.09523809523809523,0.03666666666666667,0.2,0.2,0.03725788785520524,0.08571428571428572,0.03666666666666667,0.2,0.2,0.031207673872567548,0.07142857142857144,0.056666666666666664,0.2,0.2,0.045304107524284376,0.05357142857142858,0.056666666666666664,0.2,0.2,0.045304107524284376
query_dedup,validation,R-E5,relevance_grade,1,query_intent,Treatment Change / Escalation,14,10,4,0.0,0.0,0.0,0.0,0.0,0.09523809523809523,0.0,0.0,0.0,0.0,0.08571428571428573,0.0,0.0,0.0,0.0,0.08571428571428573,0.0,0.0,0.0,0.0,0.08571428571428572,0.1,0.1,0.007142857142857143,0.02559580248098155
query_dedup,validation,R-E5,relevance_grade,1,has_context,False,50,33,17,0.06,0.0202020202020202,0.06060606060606061,0.06060606060606061,0.04329004329004329,0.04,0.0202020202020202,0.06060606060606061,0.06060606060606061,0.027327541575965994,0.036000000000000004,0.0202020202020202,0.06060606060606061,0.06060606060606061,0.025657401324751545,0.042,0.0202020202020202,0.06060606060606061,0.06060606060606061,0.02511386019190821,0.048,0.1087061087061087,0.24242424242424243,0.07315990539674751,0.05119943708138317
query_dedup,validation,R-E5,relevance_grade,1,has_context,True,49,36,13,0.061224489795918366,0.011111111111111112,0.05555555555555555,0.05555555555555555,0.031746031746031744,0.061224489795918366,0.025,0.08333333333333333,0.06481481481481483,0.019191713931152304,0.06122448979591838,0.030555555555555558,0.1111111111111111,0.07175925925925926,0.02284999747892435,0.05510204081632653,0.041666666666666664,0.1388888888888889,0.07484567901234568,0.027956611024888126,0.04591836734693878,0.06944444444444445,0.16666666666666666,0.07682980599647266,0.035066556158494105
query_dedup,validation,R-E5,relevance_grade,1,multiple_entity_dimensions,True,99,69,30,0.06060606060606061,0.015458937198067632,0.057971014492753624,0.057971014492753624,0.037267080745341616,0.050505050505050504,0.022705314009661835,0.07246376811594203,0.06280193236714976,0.02308276193519363,0.048484848484848485,0.025603864734299518,0.08695652173913043,0.06642512077294685,0.0241926688834504,0.048484848484848485,0.03140096618357489,0.10144927536231885,0.0680354267310789,0.026597034539549903,0.046969696969696974,0.0882217621348056,0.2028985507246377,0.0750746361444302,0.042782281817267134
query_dedup,validation,R-E6,relevance_grade,1,query_language,EN,44,25,19,0.045454545454545456,0.008,0.04,0.04,0.005714285714285714,0.022727272727272728,0.008,0.04,0.04,0.003356687972425322,0.022727272727272728,0.008,0.04,0.04,0.003141187510973313,0.025,0.016,0.04,0.04,0.009497235267013248,0.028409090909090908,0.061,0.12,0.04568627450980392,0.023824820483179528
query_dedup,validation,R-E6,relevance_grade,1,query_language,ID,20,16,4,0.1,0.041666666666666664,0.125,0.125,0.08928571428571429,0.06666666666666667,0.041666666666666664,0.125,0.125,0.05636305450042986,0.06,0.041666666666666664,0.125,0.125,0.052918390232300064,0.039999999999999994,0.041666666666666664,0.125,0.125,0.05179733664581068,0.052500000000000005,0.10701884920634921,0.4375,0.14504294590643274,0.07515611084167131
query_dedup,validation,R-E6,relevance_grade,1,query_language,MIXED,35,28,7,0.08571428571428572,0.0071428571428571435,0.03571428571428571,0.03571428571428571,0.03571428571428571,0.08571428571428572,0.03214285714285715,0.10714285714285714,0.06547619047619048,0.03685512144854443,0.06857142857142857,0.03214285714285715,0.10714285714285714,0.06547619047619048,0.030471315085308582,0.060000000000000005,0.03928571428571429,0.14285714285714285,0.070578231292517,0.0314574885133994,0.06714285714285714,0.075,0.17857142857142858,0.07332548403976975,0.040837829050442025
query_dedup,validation,R-E6,relevance_grade,1,query_intent,Comparative Treatment Choice,2,1,1,0.0,0.0,0.0,0.0,0.0,0.0,0.0,0.0,0.0,0.0,0.1,0.0,0.0,0.0,0.0,0.05,0.0,0.0,0.0,0.0,0.075,0.0,0.0,0.0,0.0
query_dedup,validation,R-E6,relevance_grade,1,query_intent,Dosing / Administration,21,13,8,0.09523809523809523,0.015384615384615385,0.07692307692307693,0.07692307692307693,0.07692307692307693,0.06349206349206349,0.06923076923076922,0.23076923076923078,0.14102564102564102,0.07938026158148032,0.0380952380952381,0.06923076923076922,0.23076923076923078,0.14102564102564102,0.06563052479912618,0.023809523809523808,0.06923076923076922,0.23076923076923078,0.14102564102564102,0.06563052479912618,0.028571428571428574,0.06923076923076922,0.23076923076923078,0.14102564102564102,0.06563052479912618
query_dedup,validation,R-E6,relevance_grade,1,query_intent,Efficacy / Outcomes,3,1,2,0.0,0.0,0.0,0.0,0.0,0.0,0.0,0.0,0.0,0.0,0.0,0.0,0.0,0.0,0.0,0.0,0.0,0.0,0.0,0.0,0.016666666666666666,1.0,1.0,0.07692307692307693,0.2626495350371935
query_dedup,validation,R-E6,relevance_grade,1,query_intent,Guideline / Evidence Lookup,8,7,1,0.125,0.0,0.0,0.0,0.0,0.041666666666666664,0.0,0.0,0.0,0.0,0.025,0.0,0.0,0.0,0.0,0.05,0.028571428571428574,0.14285714285714285,0.02040816326530612,0.003944693712363256,0.07500000000000001,0.028571428571428574,0.14285714285714285,0.02040816326530612,0.003944693712363256
query_dedup,validation,R-E6,relevance_grade,1,query_intent,Interaction / Combination,4,4,0,0.25,0.125,0.25,0.25,0.25,0.08333333333333333,0.125,0.25,0.25,0.1532867981913646,0.05,0.125,0.25,0.25,0.1532867981913646,0.025,0.125,0.25,0.25,0.1532867981913646,0.0625,0.5,0.75,0.2916666666666667,0.2622702782395019
query_dedup,validation,R-E6,relevance_grade,1,query_intent,Management / Treatment Selection,14,10,4,0.07142857142857142,0.0,0.0,0.0,0.0,0.023809523809523808,0.0,0.0,0.0,0.0,0.028571428571428574,0.0,0.0,0.0,0.0,0.021428571428571432,0.0,0.0,0.0,0.0,0.02142857142857143,0.02777777777777778,0.2,0.011513157894736841,0.013537113685549055
query_dedup,validation,R-E6,relevance_grade,1,query_intent,Mechanism / Background Knowledge,6,4,2,0.0,0.0,0.0,0.0,0.0,0.0,0.0,0.0,0.0,0.0,0.03333333333333333,0.0,0.0,0.0,0.0,0.06666666666666667,0.0,0.0,0.0,0.0,0.06666666666666667,0.0,0.0,0.0,0.0
query_dedup,validation,R-E6,relevance_grade,1,query_intent,Monitoring / Response / Risk Assessment,9,6,3,0.0,0.0,0.0,0.0,0.0,0.037037037037037035,0.0,0.0,0.0,0.0,0.044444444444444446,0.0,0.0,0.0,0.0,0.03333333333333334,0.0,0.0,0.0,0.0,0.01666666666666667,0.0,0.0,0.0,0.0
query_dedup,validation,R-E6,relevance_grade,1,query_intent,Prophylaxis / Maintenance,4,3,1,0.0,0.0,0.0,0.0,0.0,0.0,0.0,0.0,0.0,0.0,0.0,0.0,0.0,0.0,0.0,0.0,0.0,0.0,0.0,0.0,0.0625,0.047619047619047616,0.3333333333333333,0.018518518518518517,0.008956481755813433
query_dedup,validation,R-E6,relevance_grade,1,query_intent,Safety / Contraindication,14,10,4,0.14285714285714285,0.03666666666666667,0.2,0.2,0.05714285714285714,0.09523809523809523,0.03666666666666667,0.2,0.2,0.03725788785520524,0.08571428571428572,0.03666666666666667,0.2,0.2,0.031207673872567548,0.07142857142857144,0.056666666666666664,0.2,0.2,0.045304107524284376,0.06071428571428572,0.06916666666666667,0.3,0.20588235294117646,0.0540992551219681
query_dedup,validation,R-E6,relevance_grade,1,query_intent,Treatment Change / Escalation,14,10,4,0.0,0.0,0.0,0.0,0.0,0.09523809523809523,0.0,0.0,0.0,0.0,0.07142857142857142,0.0,0.0,0.0,0.0,0.0642857142857143,0.0,0.0,0.0,0.0,0.075,0.0125,0.1,0.006666666666666666,0.0045804039245609714
query_dedup,validation,R-E6,relevance_grade,1,has_context,False,50,33,17,0.06,0.0202020202020202,0.06060606060606061,0.06060606060606061,0.04329004329004329,0.04,0.0202020202020202,0.06060606060606061,0.06060606060606061,0.027327541575965994,0.036000000000000004,0.0202020202020202,0.06060606060606061,0.06060606060606061,0.025657401324751545,0.042,0.0202020202020202,0.06060606060606061,0.06060606060606061,0.02511386019190821,0.048,0.1087061087061087,0.24242424242424243,0.07315990539674751,0.05119943708138317
query_dedup,validation,R-E6,relevance_grade,1,has_context,True,49,36,13,0.08163265306122448,0.011111111111111112,0.05555555555555555,0.05555555555555555,0.031746031746031744,0.06802721088435373,0.030555555555555558,0.1111111111111111,0.0787037037037037,0.03099612777416325,0.05714285714285715,0.030555555555555558,0.1111111111111111,0.0787037037037037,0.02588129194897147,0.03877551020408163,0.041666666666666664,0.1388888888888889,0.08267195767195767,0.031062237779180952,0.04591836734693878,0.04861111111111111,0.19444444444444445,0.0861577964519141,0.03477766875758225
query_dedup,validation,R-E6,relevance_grade,1,multiple_entity_dimensions,True,99,69,30,0.0707070707070707,0.015458937198067632,0.057971014492753624,0.057971014492753624,0.037267080745341616,0.05387205387205387,0.025603864734299518,0.08695652173913043,0.07004830917874395,0.029241586548938475,0.04646464646464647,0.025603864734299518,0.08695652173913043,0.07004830917874395,0.02577421382434455,0.04040404040404041,0.03140096618357489,0.10144927536231885,0.07211870255348517,0.02821736154178964,0.04696969696969697,0.07735219691741431,0.21739130434782608,0.07994141377335616,0.04263155795592182
query_dedup,validation,R-E7,relevance_grade,1,query_language,EN,44,25,19,0.06818181818181818,0.008,0.04,0.04,0.005714285714285714,0.022727272727272728,0.008,0.04,0.04,0.003356687972425322,0.01363636363636364,0.008,0.04,0.04,0.003141187510973313,0.02727272727272728,0.053,0.12,0.04971428571428572,0.020715114086430432,0.03409090909090909,0.0717142857142857,0.16,0.05181954887218045,0.028944861503894942
query_dedup,validation,R-E7,relevance_grade,1,query_language,ID,20,16,4,0.1,0.041666666666666664,0.125,0.125,0.08928571428571429,0.05,0.041666666666666664,0.125,0.125,0.05636305450042986,0.04,0.041666666666666664,0.125,0.125,0.052918390232300064,0.04,0.05208333333333333,0.1875,0.13125,0.05590287827643859,0.05,0.05989583333333333,0.25,0.13571428571428573,0.058833856129842974
query_dedup,validation,R-E7,relevance_grade,1,query_language,MIXED,35,28,7,0.05714285714285714,0.014285714285714287,0.07142857142857142,0.07142857142857142,0.07142857142857142,0.03809523809523809,0.014285714285714287,0.07142857142857142,0.07142857142857142,0.040815094437597677,0.05142857142857143,0.014285714285714287,0.07142857142857142,0.07142857142857142,0.03273619062062549,0.05142857142857143,0.021428571428571432,0.10714285714285714,0.07738095238095237,0.033790036809088195,0.05285714285714285,0.03928571428571429,0.14285714285714285,0.07936507936507935,0.03610554874742738
query_dedup,validation,R-E7,relevance_grade,1,query_intent,Comparative Treatment Choice,2,1,1,0.0,0.0,0.0,0.0,0.0,0.0,0.0,0.0,0.0,0.0,0.1,0.0,0.0,0.0,0.0,0.05,0.0,0.0,0.0,0.0,0.05,0.0,0.0,0.0,0.0
query_dedup,validation,R-E7,relevance_grade,1,query_intent,Dosing / Administration,21,13,8,0.09523809523809523,0.03076923076923077,0.15384615384615385,0.15384615384615385,0.15384615384615385,0.031746031746031744,0.03076923076923077,0.15384615384615385,0.15384615384615385,0.08790943417328731,0.01904761904761905,0.03076923076923077,0.15384615384615385,0.15384615384615385,0.07050871825980874,0.009523809523809525,0.03076923076923077,0.15384615384615385,0.15384615384615385,0.07050871825980874,0.03571428571428572,0.06923076923076922,0.23076923076923078,0.1581196581196581,0.07549597474238544
query_dedup,validation,R-E7,relevance_grade,1,query_intent,Efficacy / Outcomes,3,1,2,0.0,0.0,0.0,0.0,0.0,0.0,0.0,0.0,0.0,0.0,0.0,0.0,0.0,0.0,0.0,0.0,0.0,0.0,0.0,0.0,0.0,0.0,0.0,0.0,0.0
query_dedup,validation,R-E7,relevance_grade,1,query_intent,Guideline / Evidence Lookup,8,7,1,0.0,0.0,0.0,0.0,0.0,0.0,0.0,0.0,0.0,0.0,0.025,0.0,0.0,0.0,0.0,0.05,0.028571428571428574,0.14285714285714285,0.023809523809523808,0.004215384753850851,0.06875,0.028571428571428574,0.14285714285714285,0.023809523809523808,0.004215384753850851
query_dedup,validation,R-E7,relevance_grade,1,query_intent,Interaction / Combination,4,4,0,0.25,0.125,0.25,0.25,0.25,0.08333333333333333,0.125,0.25,0.25,0.1532867981913646,0.05,0.125,0.25,0.25,0.1532867981913646,0.07500000000000001,0.375,0.5,0.2857142857142857,0.2366201315246979,0.0625,0.375,0.5,0.2857142857142857,0.2366201315246979
query_dedup,validation,R-E7,relevance_grade,1,query_intent,Management / Treatment Selection,14,10,4,0.07142857142857142,0.0,0.0,0.0,0.0,0.023809523809523808,0.0,0.0,0.0,0.0,0.014285714285714287,0.0,0.0,0.0,0.0,0.021428571428571432,0.016666666666666666,0.1,0.01,0.006568866609004654,0.017857142857142856,0.016666666666666666,0.1,0.01,0.006568866609004654
query_dedup,validation,R-E7,relevance_grade,1,query_intent,Mechanism / Background Knowledge,6,4,2,0.0,0.0,0.0,0.0,0.0,0.0,0.0,0.0,0.0,0.0,0.03333333333333333,0.0,0.0,0.0,0.0,0.06666666666666667,0.0,0.0,0.0,0.0,0.06666666666666667,0.0,0.0,0.0,0.0
query_dedup,validation,R-E7,relevance_grade,1,query_intent,Monitoring / Response / Risk Assessment,9,6,3,0.0,0.0,0.0,0.0,0.0,0.0,0.0,0.0,0.0,0.0,0.0,0.0,0.0,0.0,0.0,0.011111111111111112,0.0,0.0,0.0,0.0,0.027777777777777776,0.023809523809523808,0.16666666666666666,0.008771929824561403,0.005467239488220604
query_dedup,validation,R-E7,relevance_grade,1,query_intent,Prophylaxis / Maintenance,4,3,1,0.0,0.0,0.0,0.0,0.0,0.0,0.0,0.0,0.0,0.0,0.0,0.0,0.0,0.0,0.0,0.025,0.0,0.0,0.0,0.0,0.037500000000000006,0.0,0.0,0.0,0.0
query_dedup,validation,R-E7,relevance_grade,1,query_intent,Safety / Contraindication,14,10,4,0.21428571428571427,0.03666666666666667,0.2,0.2,0.05714285714285714,0.09523809523809523,0.03666666666666667,0.2,0.2,0.03725788785520524,0.08571428571428572,0.03666666666666667,0.2,0.2,0.031207673872567548,0.07142857142857144,0.049166666666666664,0.3,0.21000000000000002,0.040015471239494,0.05714285714285715,0.08166666666666667,0.3,0.21000000000000002,0.05730949609022292
query_dedup,validation,R-E7,relevance_grade,1,query_intent,Treatment Change / Escalation,14,10,4,0.0,0.0,0.0,0.0,0.0,0.047619047619047616,0.0,0.0,0.0,0.0,0.042857142857142864,0.0,0.0,0.0,0.0,0.0642857142857143,0.0,0.0,0.0,0.0,0.06071428571428572,0.0125,0.1,0.007142857142857143,0.004689564565447013
query_dedup,validation,R-E7,relevance_grade,1,has_context,False,50,33,17,0.06,0.0202020202020202,0.06060606060606061,0.06060606060606061,0.04329004329004329,0.026666666666666665,0.0202020202020202,0.06060606060606061,0.06060606060606061,0.027327541575965994,0.028000000000000004,0.0202020202020202,0.06060606060606061,0.06060606060606061,0.025657401324751545,0.04,0.05555555555555556,0.12121212121212122,0.06796536796536796,0.03720543593201063,0.04,0.05988455988455989,0.15151515151515152,0.0695602642971064,0.03819947947532347
query_dedup,validation,R-E7,relevance_grade,1,has_context,True,49,36,13,0.08163265306122448,0.01666666666666667,0.08333333333333333,0.08333333333333333,0.05952380952380952,0.04081632653061224,0.01666666666666667,0.08333333333333333,0.08333333333333333,0.034076106765649115,0.036734693877551024,0.01666666666666667,0.08333333333333333,0.08333333333333333,0.02764286180977351,0.036734693877551024,0.025694444444444447,0.1388888888888889,0.09074074074074073,0.03140737637449714,0.04795918367346938,0.052083333333333336,0.19444444444444445,0.09426807760141094,0.039314882719920924
query_dedup,validation,R-E7,relevance_grade,1,multiple_entity_dimensions,True,99,69,30,0.0707070707070707,0.018357487922705314,0.07246376811594203,0.07246376811594203,0.051759834368530024,0.03367003367003367,0.018357487922705314,0.07246376811594203,0.07246376811594203,0.030848532109713705,0.03232323232323232,0.018357487922705314,0.07246376811594203,0.07246376811594203,0.026693293751719527,0.03838383838383839,0.03997584541062802,0.13043478260869565,0.07984817115251898,0.03418036138026446,0.04393939393939394,0.05581435472739821,0.17391304347826086,0.0824512973254392,0.03878142899424388
query_dedup,validation,full:complete,relevance_grade,1,query_language,EN,44,25,19,0.06818181818181818,0.008,0.04,0.04,0.005714285714285714,0.022727272727272728,0.008,0.04,0.04,0.003356687972425322,0.01363636363636364,0.008,0.04,0.04,0.003141187510973313,0.02727272727272728,0.053,0.12,0.04971428571428572,0.020715114086430432,0.03409090909090909,0.0717142857142857,0.16,0.05181954887218045,0.028944861503894942
query_dedup,validation,full:complete,relevance_grade,1,query_language,ID,20,16,4,0.1,0.041666666666666664,0.125,0.125,0.08928571428571429,0.05,0.041666666666666664,0.125,0.125,0.05636305450042986,0.04,0.041666666666666664,0.125,0.125,0.052918390232300064,0.04,0.05208333333333333,0.1875,0.13125,0.05590287827643859,0.05,0.05989583333333333,0.25,0.13571428571428573,0.058833856129842974
query_dedup,validation,full:complete,relevance_grade,1,query_language,MIXED,35,28,7,0.05714285714285714,0.014285714285714287,0.07142857142857142,0.07142857142857142,0.07142857142857142,0.03809523809523809,0.014285714285714287,0.07142857142857142,0.07142857142857142,0.040815094437597677,0.05142857142857143,0.014285714285714287,0.07142857142857142,0.07142857142857142,0.03273619062062549,0.05142857142857143,0.021428571428571432,0.10714285714285714,0.07738095238095237,0.033790036809088195,0.05285714285714285,0.03928571428571429,0.14285714285714285,0.07936507936507935,0.03610554874742738
query_dedup,validation,full:complete,relevance_grade,1,query_intent,Comparative Treatment Choice,2,1,1,0.0,0.0,0.0,0.0,0.0,0.0,0.0,0.0,0.0,0.0,0.1,0.0,0.0,0.0,0.0,0.05,0.0,0.0,0.0,0.0,0.05,0.0,0.0,0.0,0.0
query_dedup,validation,full:complete,relevance_grade,1,query_intent,Dosing / Administration,21,13,8,0.09523809523809523,0.03076923076923077,0.15384615384615385,0.15384615384615385,0.15384615384615385,0.031746031746031744,0.03076923076923077,0.15384615384615385,0.15384615384615385,0.08790943417328731,0.01904761904761905,0.03076923076923077,0.15384615384615385,0.15384615384615385,0.07050871825980874,0.009523809523809525,0.03076923076923077,0.15384615384615385,0.15384615384615385,0.07050871825980874,0.03571428571428572,0.06923076923076922,0.23076923076923078,0.1581196581196581,0.07549597474238544
query_dedup,validation,full:complete,relevance_grade,1,query_intent,Efficacy / Outcomes,3,1,2,0.0,0.0,0.0,0.0,0.0,0.0,0.0,0.0,0.0,0.0,0.0,0.0,0.0,0.0,0.0,0.0,0.0,0.0,0.0,0.0,0.0,0.0,0.0,0.0,0.0
query_dedup,validation,full:complete,relevance_grade,1,query_intent,Guideline / Evidence Lookup,8,7,1,0.0,0.0,0.0,0.0,0.0,0.0,0.0,0.0,0.0,0.0,0.025,0.0,0.0,0.0,0.0,0.05,0.028571428571428574,0.14285714285714285,0.023809523809523808,0.004215384753850851,0.06875,0.028571428571428574,0.14285714285714285,0.023809523809523808,0.004215384753850851
query_dedup,validation,full:complete,relevance_grade,1,query_intent,Interaction / Combination,4,4,0,0.25,0.125,0.25,0.25,0.25,0.08333333333333333,0.125,0.25,0.25,0.1532867981913646,0.05,0.125,0.25,0.25,0.1532867981913646,0.07500000000000001,0.375,0.5,0.2857142857142857,0.2366201315246979,0.0625,0.375,0.5,0.2857142857142857,0.2366201315246979
query_dedup,validation,full:complete,relevance_grade,1,query_intent,Management / Treatment Selection,14,10,4,0.07142857142857142,0.0,0.0,0.0,0.0,0.023809523809523808,0.0,0.0,0.0,0.0,0.014285714285714287,0.0,0.0,0.0,0.0,0.021428571428571432,0.016666666666666666,0.1,0.01,0.006568866609004654,0.017857142857142856,0.016666666666666666,0.1,0.01,0.006568866609004654
query_dedup,validation,full:complete,relevance_grade,1,query_intent,Mechanism / Background Knowledge,6,4,2,0.0,0.0,0.0,0.0,0.0,0.0,0.0,0.0,0.0,0.0,0.03333333333333333,0.0,0.0,0.0,0.0,0.06666666666666667,0.0,0.0,0.0,0.0,0.06666666666666667,0.0,0.0,0.0,0.0
query_dedup,validation,full:complete,relevance_grade,1,query_intent,Monitoring / Response / Risk Assessment,9,6,3,0.0,0.0,0.0,0.0,0.0,0.0,0.0,0.0,0.0,0.0,0.0,0.0,0.0,0.0,0.0,0.011111111111111112,0.0,0.0,0.0,0.0,0.027777777777777776,0.023809523809523808,0.16666666666666666,0.008771929824561403,0.005467239488220604
query_dedup,validation,full:complete,relevance_grade,1,query_intent,Prophylaxis / Maintenance,4,3,1,0.0,0.0,0.0,0.0,0.0,0.0,0.0,0.0,0.0,0.0,0.0,0.0,0.0,0.0,0.0,0.025,0.0,0.0,0.0,0.0,0.037500000000000006,0.0,0.0,0.0,0.0
query_dedup,validation,full:complete,relevance_grade,1,query_intent,Safety / Contraindication,14,10,4,0.21428571428571427,0.03666666666666667,0.2,0.2,0.05714285714285714,0.09523809523809523,0.03666666666666667,0.2,0.2,0.03725788785520524,0.08571428571428572,0.03666666666666667,0.2,0.2,0.031207673872567548,0.07142857142857144,0.049166666666666664,0.3,0.21000000000000002,0.040015471239494,0.05714285714285715,0.08166666666666667,0.3,0.21000000000000002,0.05730949609022292
query_dedup,validation,full:complete,relevance_grade,1,query_intent,Treatment Change / Escalation,14,10,4,0.0,0.0,0.0,0.0,0.0,0.047619047619047616,0.0,0.0,0.0,0.0,0.042857142857142864,0.0,0.0,0.0,0.0,0.0642857142857143,0.0,0.0,0.0,0.0,0.06071428571428572,0.0125,0.1,0.007142857142857143,0.004689564565447013
query_dedup,validation,full:complete,relevance_grade,1,has_context,False,50,33,17,0.06,0.0202020202020202,0.06060606060606061,0.06060606060606061,0.04329004329004329,0.026666666666666665,0.0202020202020202,0.06060606060606061,0.06060606060606061,0.027327541575965994,0.028000000000000004,0.0202020202020202,0.06060606060606061,0.06060606060606061,0.025657401324751545,0.04,0.05555555555555556,0.12121212121212122,0.06796536796536796,0.03720543593201063,0.04,0.05988455988455989,0.15151515151515152,0.0695602642971064,0.03819947947532347
query_dedup,validation,full:complete,relevance_grade,1,has_context,True,49,36,13,0.08163265306122448,0.01666666666666667,0.08333333333333333,0.08333333333333333,0.05952380952380952,0.04081632653061224,0.01666666666666667,0.08333333333333333,0.08333333333333333,0.034076106765649115,0.036734693877551024,0.01666666666666667,0.08333333333333333,0.08333333333333333,0.02764286180977351,0.036734693877551024,0.025694444444444447,0.1388888888888889,0.09074074074074073,0.03140737637449714,0.04795918367346938,0.052083333333333336,0.19444444444444445,0.09426807760141094,0.039314882719920924
query_dedup,validation,full:complete,relevance_grade,1,multiple_entity_dimensions,True,99,69,30,0.0707070707070707,0.018357487922705314,0.07246376811594203,0.07246376811594203,0.051759834368530024,0.03367003367003367,0.018357487922705314,0.07246376811594203,0.07246376811594203,0.030848532109713705,0.03232323232323232,0.018357487922705314,0.07246376811594203,0.07246376811594203,0.026693293751719527,0.03838383838383839,0.03997584541062802,0.13043478260869565,0.07984817115251898,0.03418036138026446,0.04393939393939394,0.05581435472739821,0.17391304347826086,0.0824512973254392,0.03878142899424388
query_dedup,validation,full:minus_bm25,relevance_grade,1,query_language,EN,44,25,19,0.045454545454545456,0.008,0.04,0.04,0.005714285714285714,0.022727272727272728,0.008,0.04,0.04,0.003356687972425322,0.022727272727272728,0.008,0.04,0.04,0.003141187510973313,0.03409090909090909,0.018714285714285715,0.12,0.049444444444444444,0.009346300198977017,0.035227272727272725,0.07742857142857143,0.2,0.05465452847805789,0.026735067628034383
query_dedup,validation,full:minus_bm25,relevance_grade,1,query_language,ID,20,16,4,0.05,0.03125,0.0625,0.0625,0.0625,0.06666666666666667,0.041666666666666664,0.125,0.09375,0.049704527182173136,0.07,0.041666666666666664,0.125,0.09375,0.0475311860043456,0.045,0.05208333333333333,0.1875,0.1,0.05092942157190937,0.05,0.0703125,0.25,0.10446428571428572,0.057411109557470225
query_dedup,validation,full:minus_bm25,relevance_grade,1,query_language,MIXED,35,28,7,0.05714285714285714,0.014285714285714287,0.07142857142857142,0.07142857142857142,0.07142857142857142,0.057142857142857134,0.014285714285714287,0.07142857142857142,0.07142857142857142,0.040815094437597677,0.05714285714285714,0.014285714285714287,0.07142857142857142,0.07142857142857142,0.03273619062062549,0.03428571428571429,0.049999999999999996,0.10714285714285714,0.075,0.04305993441769291,0.038571428571428576,0.05714285714285715,0.14285714285714285,0.07723214285714286,0.04378373800910793
query_dedup,validation,full:minus_bm25,relevance_grade,1,query_intent,Comparative Treatment Choice,2,1,1,0.0,0.0,0.0,0.0,0.0,0.16666666666666666,0.0,0.0,0.0,0.0,0.1,0.0,0.0,0.0,0.0,0.05,0.0,0.0,0.0,0.0,0.05,0.0,0.0,0.0,0.0
query_dedup,validation,full:minus_bm25,relevance_grade,1,query_intent,Dosing / Administration,21,13,8,0.09523809523809523,0.03076923076923077,0.15384615384615385,0.15384615384615385,0.15384615384615385,0.031746031746031744,0.03076923076923077,0.15384615384615385,0.15384615384615385,0.08790943417328731,0.01904761904761905,0.03076923076923077,0.15384615384615385,0.15384615384615385,0.07050871825980874,0.01904761904761905,0.03076923076923077,0.15384615384615385,0.15384615384615385,0.07050871825980874,0.02619047619047619,0.03076923076923077,0.15384615384615385,0.15384615384615385,0.07050871825980874
query_dedup,validation,full:minus_bm25,relevance_grade,1,query_intent,Efficacy / Outcomes,3,1,2,0.0,0.0,0.0,0.0,0.0,0.0,0.0,0.0,0.0,0.0,0.0,0.0,0.0,0.0,0.0,0.0,0.0,0.0,0.0,0.0,0.0,0.0,0.0,0.0,0.0
query_dedup,validation,full:minus_bm25,relevance_grade,1,query_intent,Guideline / Evidence Lookup,8,7,1,0.0,0.0,0.0,0.0,0.0,0.041666666666666664,0.0,0.0,0.0,0.0,0.05,0.0,0.0,0.0,0.0,0.037500000000000006,0.0,0.0,0.0,0.0,0.0625,0.04897959183673469,0.2857142857142857,0.01913265306122449,0.004843183693448044
query_dedup,validation,full:minus_bm25,relevance_grade,1,query_intent,Interaction / Combination,4,4,0,0.25,0.125,0.25,0.25,0.25,0.16666666666666666,0.125,0.25,0.25,0.1532867981913646,0.15000000000000002,0.125,0.25,0.25,0.1532867981913646,0.07500000000000001,0.125,0.25,0.25,0.1532867981913646,0.05,0.375,0.5,0.2647058823529412,0.21323991483339746
query_dedup,validation,full:minus_bm25,relevance_grade,1,query_intent,Management / Treatment Selection,14,10,4,0.07142857142857142,0.0,0.0,0.0,0.0,0.023809523809523808,0.0,0.0,0.0,0.0,0.014285714285714287,0.0,0.0,0.0,0.0,0.021428571428571432,0.016666666666666666,0.1,0.01,0.006568866609004654,0.03571428571428571,0.03333333333333333,0.1,0.01,0.01225000282045502
query_dedup,validation,full:minus_bm25,relevance_grade,1,query_intent,Mechanism / Background Knowledge,6,4,2,0.0,0.0,0.0,0.0,0.0,0.0,0.0,0.0,0.0,0.0,0.06666666666666667,0.0,0.0,0.0,0.0,0.08333333333333333,0.25,0.25,0.025,0.07226620657947197,0.05833333333333333,0.25,0.25,0.025,0.07226620657947197
query_dedup,validation,full:minus_bm25,relevance_grade,1,query_intent,Monitoring / Response / Risk Assessment,9,6,3,0.0,0.0,0.0,0.0,0.0,0.0,0.0,0.0,0.0,0.0,0.0,0.0,0.0,0.0,0.0,0.022222222222222223,0.023809523809523808,0.16666666666666666,0.020833333333333332,0.007454124603852477,0.027777777777777776,0.023809523809523808,0.16666666666666666,0.020833333333333332,0.007454124603852477
query_dedup,validation,full:minus_bm25,relevance_grade,1,query_intent,Prophylaxis / Maintenance,4,3,1,0.0,0.0,0.0,0.0,0.0,0.0,0.0,0.0,0.0,0.0,0.05,0.0,0.0,0.0,0.0,0.025,0.0,0.0,0.0,0.0,0.037500000000000006,0.0,0.0,0.0,0.0
query_dedup,validation,full:minus_bm25,relevance_grade,1,query_intent,Safety / Contraindication,14,10,4,0.07142857142857142,0.02,0.1,0.1,0.014285714285714285,0.11904761904761904,0.03666666666666667,0.2,0.15,0.026604244145994483,0.1,0.03666666666666667,0.2,0.15,0.022588147107840406,0.0642857142857143,0.049166666666666664,0.3,0.16111111111111112,0.032496764364635555,0.05,0.08166666666666667,0.3,0.16111111111111112,0.05062385775101426
query_dedup,validation,full:minus_bm25,relevance_grade,1,query_intent,Treatment Change / Escalation,14,10,4,0.0,0.0,0.0,0.0,0.0,0.023809523809523808,0.0,0.0,0.0,0.0,0.042857142857142864,0.0,0.0,0.0,0.0,0.03571428571428571,0.0,0.0,0.0,0.0,0.042857142857142864,0.0125,0.1,0.007142857142857143,0.004689564565447013
query_dedup,validation,full:minus_bm25,relevance_grade,1,has_context,False,50,33,17,0.04,0.015151515151515152,0.030303030303030304,0.030303030303030304,0.030303030303030304,0.039999999999999994,0.0202020202020202,0.06060606060606061,0.045454545454545456,0.024099164694386974,0.044000000000000004,0.0202020202020202,0.06060606060606061,0.045454545454545456,0.023045423517258475,0.04,0.05988455988455989,0.15151515151515152,0.0553030303030303,0.03480788845731978,0.037000000000000005,0.09523809523809523,0.18181818181818182,0.0570855614973262,0.04379648932649053
query_dedup,validation,full:minus_bm25,relevance_grade,1,has_context,True,49,36,13,0.061224489795918366,0.01666666666666667,0.08333333333333333,0.08333333333333333,0.05952380952380952,0.04761904761904762,0.01666666666666667,0.08333333333333333,0.08333333333333333,0.034076106765649115,0.04489795918367347,0.01666666666666667,0.08333333333333333,0.08333333333333333,0.02764286180977351,0.0326530612244898,0.02013888888888889,0.1111111111111111,0.08641975308641975,0.03070961374246734,0.041836734693877546,0.042162698412698416,0.19444444444444445,0.09212411816578484,0.03798930444725604
query_dedup,validation,full:minus_bm25,relevance_grade,1,multiple_entity_dimensions,True,99,69,30,0.050505050505050504,0.01594202898550725,0.057971014492753624,0.057971014492753624,0.045548654244306416,0.043771043771043766,0.018357487922705314,0.07246376811594203,0.06521739130434782,0.029304525775045477,0.044444444444444446,0.018357487922705314,0.07246376811594203,0.06521739130434782,0.025444086974222842,0.03636363636363636,0.039147688060731545,0.13043478260869565,0.07153784219001612,0.03266965817130981,0.03939393939393939,0.06754658385093168,0.18840579710144928,0.07536654758521766,0.040766653737324715
query_dedup,validation,full:minus_dense,relevance_grade,1,query_language,EN,44,25,19,0.06818181818181818,0.008,0.04,0.04,0.005714285714285714,0.022727272727272728,0.008,0.04,0.04,0.003356687972425322,0.01363636363636364,0.008,0.04,0.04,0.003141187510973313,0.02727272727272728,0.053,0.12,0.04888888888888889,0.019598510120611673,0.03636363636363637,0.12942857142857142,0.28,0.05928115915732015,0.033764746735736935
query_dedup,validation,full:minus_dense,relevance_grade,1,query_language,ID,20,16,4,0.1,0.041666666666666664,0.125,0.125,0.08928571428571429,0.06666666666666667,0.041666666666666664,0.125,0.125,0.05636305450042986,0.05,0.041666666666666664,0.125,0.125,0.052918390232300064,0.04,0.05208333333333333,0.1875,0.13194444444444445,0.056072817668559156,0.05,0.05989583333333333,0.25,0.13640873015873017,0.05900379552196354
query_dedup,validation,full:minus_dense,relevance_grade,1,query_language,MIXED,35,28,7,0.05714285714285714,0.014285714285714287,0.07142857142857142,0.07142857142857142,0.07142857142857142,0.06666666666666665,0.014285714285714287,0.07142857142857142,0.07142857142857142,0.040815094437597677,0.0742857142857143,0.014285714285714287,0.07142857142857142,0.07142857142857142,0.03273619062062549,0.05428571428571429,0.021428571428571432,0.10714285714285714,0.07653061224489796,0.0337223640487163,0.055714285714285716,0.02653061224489796,0.14285714285714285,0.07841031149301826,0.035553961629409915
query_dedup,validation,full:minus_dense,relevance_grade,1,query_intent,Comparative Treatment Choice,2,1,1,0.0,0.0,0.0,0.0,0.0,0.16666666666666666,0.0,0.0,0.0,0.0,0.1,0.0,0.0,0.0,0.0,0.1,0.0,0.0,0.0,0.0,0.05,0.0,0.0,0.0,0.0
query_dedup,validation,full:minus_dense,relevance_grade,1,query_intent,Dosing / Administration,21,13,8,0.09523809523809523,0.03076923076923077,0.15384615384615385,0.15384615384615385,0.15384615384615385,0.031746031746031744,0.03076923076923077,0.15384615384615385,0.15384615384615385,0.08790943417328731,0.028571428571428574,0.03076923076923077,0.15384615384615385,0.15384615384615385,0.07050871825980874,0.014285714285714287,0.03076923076923077,0.15384615384615385,0.15384615384615385,0.07050871825980874,0.04047619047619048,0.04175824175824176,0.23076923076923078,0.15789473684210525,0.0744536976643796
query_dedup,validation,full:minus_dense,relevance_grade,1,query_intent,Efficacy / Outcomes,3,1,2,0.0,0.0,0.0,0.0,0.0,0.0,0.0,0.0,0.0,0.0,0.0,0.0,0.0,0.0,0.0,0.0,0.0,0.0,0.0,0.0,0.0,0.0,0.0,0.0,0.0
query_dedup,validation,full:minus_dense,relevance_grade,1,query_intent,Guideline / Evidence Lookup,8,7,1,0.0,0.0,0.0,0.0,0.0,0.041666666666666664,0.0,0.0,0.0,0.0,0.05,0.0,0.0,0.0,0.0,0.037500000000000006,0.028571428571428574,0.14285714285714285,0.02040816326530612,0.003944693712363256,0.07500000000000001,0.19183673469387755,0.42857142857142855,0.03633032160232514,0.03882381767134719
query_dedup,validation,full:minus_dense,relevance_grade,1,query_intent,Interaction / Combination,4,4,0,0.25,0.125,0.25,0.25,0.25,0.08333333333333333,0.125,0.25,0.25,0.1532867981913646,0.05,0.125,0.25,0.25,0.1532867981913646,0.07500000000000001,0.375,0.5,0.2777777777777778,0.2285442971073599,0.0625,0.375,0.5,0.2777777777777778,0.2285442971073599
query_dedup,validation,full:minus_dense,relevance_grade,1,query_intent,Management / Treatment Selection,14,10,4,0.07142857142857142,0.0,0.0,0.0,0.0,0.023809523809523808,0.0,0.0,0.0,0.0,0.014285714285714287,0.0,0.0,0.0,0.0,0.014285714285714287,0.016666666666666666,0.1,0.01111111111111111,0.006840769636397561,0.017857142857142856,0.016666666666666666,0.1,0.01111111111111111,0.006840769636397561
query_dedup,validation,full:minus_dense,relevance_grade,1,query_intent,Mechanism / Background Knowledge,6,4,2,0.0,0.0,0.0,0.0,0.0,0.0,0.0,0.0,0.0,0.0,0.03333333333333333,0.0,0.0,0.0,0.0,0.08333333333333333,0.0,0.0,0.0,0.0,0.05833333333333333,0.125,0.25,0.019230769230769232,0.008604768472487487
query_dedup,validation,full:minus_dense,relevance_grade,1,query_intent,Monitoring / Response / Risk Assessment,9,6,3,0.0,0.0,0.0,0.0,0.0,0.0,0.0,0.0,0.0,0.0,0.0,0.0,0.0,0.0,0.0,0.011111111111111112,0.0,0.0,0.0,0.0,0.03888888888888889,0.023809523809523808,0.16666666666666666,0.011904761904761904,0.006048036249640078
query_dedup,validation,full:minus_dense,relevance_grade,1,query_intent,Prophylaxis / Maintenance,4,3,1,0.0,0.0,0.0,0.0,0.0,0.0,0.0,0.0,0.0,0.0,0.05,0.0,0.0,0.0,0.0,0.025,0.0,0.0,0.0,0.0,0.05,0.0,0.0,0.0,0.0
query_dedup,validation,full:minus_dense,relevance_grade,1,query_intent,Safety / Contraindication,14,10,4,0.21428571428571427,0.03666666666666667,0.2,0.2,0.05714285714285714,0.11904761904761904,0.03666666666666667,0.2,0.2,0.03725788785520524,0.07142857142857142,0.03666666666666667,0.2,0.2,0.031207673872567548,0.07142857142857144,0.049166666666666664,0.3,0.2111111111111111,0.04045429509188232,0.05,0.06166666666666667,0.3,0.2111111111111111,0.04438377071962767
query_dedup,validation,full:minus_dense,relevance_grade,1,query_intent,Treatment Change / Escalation,14,10,4,0.0,0.0,0.0,0.0,0.0,0.07142857142857142,0.0,0.0,0.0,0.0,0.08571428571428573,0.0,0.0,0.0,0.0,0.0642857142857143,0.0,0.0,0.0,0.0,0.0642857142857143,0.0125,0.1,0.007142857142857143,0.004689564565447013
query_dedup,validation,full:minus_dense,relevance_grade,1,has_context,False,50,33,17,0.06,0.0202020202020202,0.06060606060606061,0.06060606060606061,0.04329004329004329,0.026666666666666665,0.0202020202020202,0.06060606060606061,0.06060606060606061,0.027327541575965994,0.032,0.0202020202020202,0.06060606060606061,0.06060606060606061,0.025657401324751545,0.038000000000000006,0.05555555555555556,0.12121212121212122,0.06734006734006734,0.036308941768512966,0.04100000000000001,0.07503607503607503,0.18181818181818182,0.07183557183557183,0.038451586962082375
query_dedup,validation,full:minus_dense,relevance_grade,1,has_context,True,49,36,13,0.08163265306122448,0.01666666666666667,0.08333333333333333,0.08333333333333333,0.05952380952380952,0.06802721088435375,0.01666666666666667,0.08333333333333333,0.08333333333333333,0.034076106765649115,0.05306122448979593,0.01666666666666667,0.08333333333333333,0.08333333333333333,0.02764286180977351,0.04081632653061224,0.025694444444444447,0.1388888888888889,0.09038800705467372,0.03147663751987131,0.05102040816326531,0.0683531746031746,0.25,0.09693009757509241,0.042077443128322206
query_dedup,validation,full:minus_dense,relevance_grade,1,multiple_entity_dimensions,True,99,69,30,0.0707070707070707,0.018357487922705314,0.07246376811594203,0.07246376811594203,0.051759834368530024,0.04713804713804713,0.018357487922705314,0.07246376811594203,0.07246376811594203,0.030848532109713705,0.04242424242424243,0.018357487922705314,0.07246376811594203,0.07246376811594203,0.026693293751719527,0.039393939393939405,0.03997584541062802,0.13043478260869565,0.07936507936507936,0.03378773955183036,0.04595959595959596,0.07154934437543133,0.21739130434782608,0.08492836787358257,0.04034333800533794
query_dedup,validation,full:minus_entities,relevance_grade,1,query_language,EN,44,25,19,0.06818181818181818,0.008,0.04,0.04,0.005714285714285714,0.022727272727272728,0.008,0.04,0.04,0.003356687972425322,0.022727272727272728,0.048,0.08,0.05,0.020368249833909037,0.029545454545454545,0.053,0.12,0.054000000000000006,0.02460884307603282,0.0375,0.07514285714285714,0.24,0.06022222222222223,0.031606068875262794
query_dedup,validation,full:minus_entities,relevance_grade,1,query_language,ID,20,16,4,0.1,0.041666666666666664,0.125,0.125,0.08928571428571429,0.03333333333333333,0.041666666666666664,0.125,0.125,0.05636305450042986,0.05,0.041666666666666664,0.125,0.125,0.052918390232300064,0.025,0.041666666666666664,0.125,0.125,0.05179733664581068,0.035,0.05642361111111111,0.25,0.13388480392156862,0.057065611003137146
query_dedup,validation,full:minus_entities,relevance_grade,1,query_language,MIXED,35,28,7,0.05714285714285714,0.014285714285714287,0.07142857142857142,0.07142857142857142,0.07142857142857142,0.057142857142857134,0.021428571428571432,0.10714285714285714,0.08333333333333334,0.042533318718796606,0.05142857142857143,0.021428571428571432,0.10714285714285714,0.08333333333333334,0.03421545076276171,0.04857142857142857,0.021428571428571432,0.10714285714285714,0.08333333333333334,0.03421545076276171,0.04714285714285714,0.03545918367346939,0.17857142857142858,0.08759398496240603,0.03761346067464198
query_dedup,validation,full:minus_entities,relevance_grade,1,query_intent,Comparative Treatment Choice,2,1,1,0.0,0.0,0.0,0.0,0.0,0.0,0.0,0.0,0.0,0.0,0.0,0.0,0.0,0.0,0.0,0.05,0.0,0.0,0.0,0.0,0.05,0.0,0.0,0.0,0.0
query_dedup,validation,full:minus_entities,relevance_grade,1,query_intent,Dosing / Administration,21,13,8,0.09523809523809523,0.03076923076923077,0.15384615384615385,0.15384615384615385,0.15384615384615385,0.031746031746031744,0.03076923076923077,0.15384615384615385,0.15384615384615385,0.08790943417328731,0.01904761904761905,0.03076923076923077,0.15384615384615385,0.15384615384615385,0.07050871825980874,0.023809523809523808,0.03076923076923077,0.15384615384615385,0.15384615384615385,0.07050871825980874,0.03333333333333334,0.04175824175824176,0.23076923076923078,0.15897435897435896,0.07477119759040045
query_dedup,validation,full:minus_entities,relevance_grade,1,query_intent,Efficacy / Outcomes,3,1,2,0.0,0.0,0.0,0.0,0.0,0.0,0.0,0.0,0.0,0.0,0.0,0.0,0.0,0.0,0.0,0.0,0.0,0.0,0.0,0.0,0.0,0.0,0.0,0.0,0.0
query_dedup,validation,full:minus_entities,relevance_grade,1,query_intent,Guideline / Evidence Lookup,8,7,1,0.0,0.0,0.0,0.0,0.0,0.08333333333333333,0.028571428571428574,0.14285714285714285,0.047619047619047616,0.006872897124795698,0.07500000000000001,0.028571428571428574,0.14285714285714285,0.047619047619047616,0.005917040568544884,0.05,0.028571428571428574,0.14285714285714285,0.047619047619047616,0.005917040568544884,0.0625,0.04897959183673469,0.2857142857142857,0.054761904761904755,0.00764972569002545
query_dedup,validation,full:minus_entities,relevance_grade,1,query_intent,Interaction / Combination,4,4,0,0.25,0.125,0.25,0.25,0.25,0.08333333333333333,0.125,0.25,0.25,0.1532867981913646,0.1,0.375,0.5,0.3125,0.26095593770971287,0.07500000000000001,0.375,0.5,0.3125,0.26095593770971287,0.0625,0.375,0.5,0.3125,0.26095593770971287
query_dedup,validation,full:minus_entities,relevance_grade,1,query_intent,Management / Treatment Selection,14,10,4,0.07142857142857142,0.0,0.0,0.0,0.0,0.023809523809523808,0.0,0.0,0.0,0.0,0.028571428571428574,0.0,0.0,0.0,0.0,0.014285714285714287,0.0,0.0,0.0,0.0,0.024999999999999998,0.025396825396825397,0.2,0.011437908496732025,0.008098450974547186
query_dedup,validation,full:minus_entities,relevance_grade,1,query_intent,Mechanism / Background Knowledge,6,4,2,0.0,0.0,0.0,0.0,0.0,0.0,0.0,0.0,0.0,0.0,0.06666666666666667,0.0,0.0,0.0,0.0,0.06666666666666667,0.0,0.0,0.0,0.0,0.05833333333333333,0.0,0.0,0.0,0.0
query_dedup,validation,full:minus_entities,relevance_grade,1,query_intent,Monitoring / Response / Risk Assessment,9,6,3,0.0,0.0,0.0,0.0,0.0,0.0,0.0,0.0,0.0,0.0,0.0,0.0,0.0,0.0,0.0,0.011111111111111112,0.0,0.0,0.0,0.0,0.03333333333333334,0.023809523809523808,0.16666666666666666,0.008333333333333333,0.012552455852540735
query_dedup,validation,full:minus_entities,relevance_grade,1,query_intent,Prophylaxis / Maintenance,4,3,1,0.0,0.0,0.0,0.0,0.0,0.0,0.0,0.0,0.0,0.0,0.0,0.0,0.0,0.0,0.0,0.025,0.0,0.0,0.0,0.0,0.025,0.08333333333333333,0.3333333333333333,0.017543859649122806,0.013244015411651872
query_dedup,validation,full:minus_entities,relevance_grade,1,query_intent,Safety / Contraindication,14,10,4,0.21428571428571427,0.03666666666666667,0.2,0.2,0.05714285714285714,0.09523809523809523,0.03666666666666667,0.2,0.2,0.03725788785520524,0.09999999999999999,0.03666666666666667,0.2,0.2,0.031207673872567548,0.07857142857142858,0.049166666666666664,0.3,0.21000000000000002,0.040015471239494,0.04642857142857143,0.06166666666666667,0.3,0.21000000000000002,0.04414377102576321
query_dedup,validation,full:minus_entities,relevance_grade,1,query_intent,Treatment Change / Escalation,14,10,4,0.0,0.0,0.0,0.0,0.0,0.023809523809523808,0.0,0.0,0.0,0.0,0.014285714285714287,0.0,0.0,0.0,0.0,0.021428571428571432,0.0,0.0,0.0,0.0,0.05000000000000001,0.0125,0.1,0.008333333333333333,0.0049511996124200364
query_dedup,validation,full:minus_entities,relevance_grade,1,has_context,False,50,33,17,0.06,0.0202020202020202,0.06060606060606061,0.06060606060606061,0.04329004329004329,0.026666666666666665,0.0202020202020202,0.06060606060606061,0.06060606060606061,0.027327541575965994,0.04,0.050505050505050504,0.09090909090909091,0.06818181818181818,0.03870820611485437,0.038000000000000006,0.050505050505050504,0.09090909090909091,0.06818181818181818,0.03816466498201103,0.036000000000000004,0.07010582010582012,0.21212121212121213,0.07475789890650572,0.044105007136425324
query_dedup,validation,full:minus_entities,relevance_grade,1,has_context,True,49,36,13,0.08163265306122448,0.01666666666666667,0.08333333333333333,0.08333333333333333,0.05952380952380952,0.047619047619047616,0.022222222222222223,0.1111111111111111,0.0925925925925926,0.03541250342880384,0.036734693877551024,0.022222222222222223,0.1111111111111111,0.0925925925925926,0.02879339747587946,0.0326530612244898,0.025694444444444447,0.1388888888888889,0.09537037037037038,0.03173825389402098,0.04489795918367347,0.04057539682539682,0.2222222222222222,0.10092592592592592,0.03613647670332511
query_dedup,validation,full:minus_entities,relevance_grade,1,multiple_entity_dimensions,True,99,69,30,0.0707070707070707,0.018357487922705314,0.07246376811594203,0.07246376811594203,0.051759834368530024,0.037037037037037035,0.021256038647342997,0.08695652173913043,0.07729468599033817,0.03154578254266399,0.03838383838383839,0.035748792270531404,0.10144927536231885,0.08091787439613528,0.03353526247712833,0.03535353535353536,0.037560386473429956,0.11594202898550725,0.0823671497584541,0.034811754849146656,0.04040404040404041,0.054698642742121,0.21739130434782608,0.08841078256881192,0.039947512997416515
query_dedup,validation,full:minus_context,relevance_grade,1,query_language,EN,44,25,19,0.045454545454545456,0.008,0.04,0.04,0.005714285714285714,0.022727272727272728,0.008,0.04,0.04,0.003356687972425322,0.022727272727272728,0.008,0.04,0.04,0.003141187510973313,0.02727272727272728,0.048,0.08,0.045714285714285714,0.016474520844306645,0.03409090909090909,0.06671428571428571,0.16,0.050172490048651035,0.026684169952735436
query_dedup,validation,full:minus_context,relevance_grade,1,query_language,ID,20,16,4,0.1,0.041666666666666664,0.125,0.125,0.08928571428571429,0.05,0.041666666666666664,0.125,0.125,0.05636305450042986,0.05,0.041666666666666664,0.125,0.125,0.052918390232300064,0.04,0.05208333333333333,0.1875,0.13125,0.05590287827643859,0.04000000000000001,0.05208333333333333,0.1875,0.13125,0.05590287827643859
query_dedup,validation,full:minus_context,relevance_grade,1,query_language,MIXED,35,28,7,0.05714285714285714,0.0071428571428571435,0.03571428571428571,0.03571428571428571,0.03571428571428571,0.05714285714285714,0.014285714285714287,0.07142857142857142,0.05357142857142857,0.03193705801325538,0.06285714285714286,0.03214285714285715,0.10714285714285714,0.060714285714285714,0.029358384942217774,0.060000000000000005,0.03928571428571429,0.14285714285714285,0.06581632653061224,0.03034455837030859,0.049999999999999996,0.045238095238095244,0.17857142857142858,0.06760204081632652,0.030965714079602562
query_dedup,validation,full:minus_context,relevance_grade,1,query_intent,Comparative Treatment Choice,2,1,1,0.0,0.0,0.0,0.0,0.0,0.0,0.0,0.0,0.0,0.0,0.0,0.0,0.0,0.0,0.0,0.0,0.0,0.0,0.0,0.0,0.025,0.0,0.0,0.0,0.0
query_dedup,validation,full:minus_context,relevance_grade,1,query_intent,Dosing / Administration,21,13,8,0.09523809523809523,0.015384615384615385,0.07692307692307693,0.07692307692307693,0.07692307692307693,0.06349206349206349,0.03076923076923077,0.15384615384615385,0.11538461538461539,0.0687875095670116,0.047619047619047616,0.06923076923076922,0.23076923076923078,0.13076923076923078,0.06323344449093059,0.02857142857142857,0.06923076923076922,0.23076923076923078,0.13076923076923078,0.06323344449093059,0.030952380952380953,0.06923076923076922,0.23076923076923078,0.13076923076923078,0.06323344449093059
query_dedup,validation,full:minus_context,relevance_grade,1,query_intent,Efficacy / Outcomes,3,1,2,0.0,0.0,0.0,0.0,0.0,0.0,0.0,0.0,0.0,0.0,0.0,0.0,0.0,0.0,0.0,0.0,0.0,0.0,0.0,0.0,0.0,0.0,0.0,0.0,0.0
query_dedup,validation,full:minus_context,relevance_grade,1,query_intent,Guideline / Evidence Lookup,8,7,1,0.0,0.0,0.0,0.0,0.0,0.0,0.0,0.0,0.0,0.0,0.025,0.0,0.0,0.0,0.0,0.0625,0.028571428571428574,0.14285714285714285,0.02040816326530612,0.003944693712363256,0.05625,0.028571428571428574,0.14285714285714285,0.02040816326530612,0.003944693712363256
query_dedup,validation,full:minus_context,relevance_grade,1,query_intent,Interaction / Combination,4,4,0,0.25,0.125,0.25,0.25,0.25,0.08333333333333333,0.125,0.25,0.25,0.1532867981913646,0.05,0.125,0.25,0.25,0.1532867981913646,0.07500000000000001,0.375,0.5,0.2857142857142857,0.2366201315246979,0.0625,0.375,0.5,0.2857142857142857,0.2366201315246979
query_dedup,validation,full:minus_context,relevance_grade,1,query_intent,Management / Treatment Selection,14,10,4,0.07142857142857142,0.0,0.0,0.0,0.0,0.023809523809523808,0.0,0.0,0.0,0.0,0.014285714285714287,0.0,0.0,0.0,0.0,0.021428571428571432,0.016666666666666666,0.1,0.01,0.006568866609004654,0.017857142857142856,0.016666666666666666,0.1,0.01,0.006568866609004654
query_dedup,validation,full:minus_context,relevance_grade,1,query_intent,Mechanism / Background Knowledge,6,4,2,0.0,0.0,0.0,0.0,0.0,0.0,0.0,0.0,0.0,0.0,0.03333333333333333,0.0,0.0,0.0,0.0,0.06666666666666667,0.0,0.0,0.0,0.0,0.06666666666666667,0.0,0.0,0.0,0.0
query_dedup,validation,full:minus_context,relevance_grade,1,query_intent,Monitoring / Response / Risk Assessment,9,6,3,0.0,0.0,0.0,0.0,0.0,0.0,0.0,0.0,0.0,0.0,0.0,0.0,0.0,0.0,0.0,0.011111111111111112,0.0,0.0,0.0,0.0,0.027777777777777776,0.023809523809523808,0.16666666666666666,0.008771929824561403,0.005467239488220604
query_dedup,validation,full:minus_context,relevance_grade,1,query_intent,Prophylaxis / Maintenance,4,3,1,0.0,0.0,0.0,0.0,0.0,0.0,0.0,0.0,0.0,0.0,0.0,0.0,0.0,0.0,0.0,0.025,0.0,0.0,0.0,0.0,0.037500000000000006,0.0,0.0,0.0,0.0
query_dedup,validation,full:minus_context,relevance_grade,1,query_intent,Safety / Contraindication,14,10,4,0.14285714285714285,0.03666666666666667,0.2,0.2,0.05714285714285714,0.07142857142857142,0.03666666666666667,0.2,0.2,0.03725788785520524,0.08571428571428572,0.03666666666666667,0.2,0.2,0.031207673872567548,0.05714285714285714,0.03666666666666667,0.2,0.2,0.029413988134184537,0.05714285714285715,0.06916666666666667,0.3,0.20588235294117646,0.05165776721232416
query_dedup,validation,full:minus_context,relevance_grade,1,query_intent,Treatment Change / Escalation,14,10,4,0.0,0.0,0.0,0.0,0.0,0.07142857142857142,0.0,0.0,0.0,0.0,0.08571428571428572,0.0,0.0,0.0,0.0,0.07142857142857142,0.0,0.0,0.0,0.0,0.057142857142857155,0.016666666666666666,0.1,0.005,0.0017392359860231282
query_dedup,validation,full:minus_context,relevance_grade,1,has_context,False,50,33,17,0.06,0.0202020202020202,0.06060606060606061,0.06060606060606061,0.04329004329004329,0.026666666666666665,0.0202020202020202,0.06060606060606061,0.06060606060606061,0.027327541575965994,0.028000000000000004,0.0202020202020202,0.06060606060606061,0.06060606060606061,0.025657401324751545,0.04,0.05555555555555556,0.12121212121212122,0.06796536796536796,0.03720543593201063,0.04,0.05988455988455989,0.15151515151515152,0.0695602642971064,0.03819947947532347
query_dedup,validation,full:minus_context,relevance_grade,1,has_context,True,49,36,13,0.061224489795918366,0.011111111111111112,0.05555555555555555,0.05555555555555555,0.031746031746031744,0.05442176870748299,0.01666666666666667,0.08333333333333333,0.06944444444444445,0.02717096732449399,0.05714285714285715,0.030555555555555558,0.1111111111111111,0.07500000000000001,0.025015679615456404,0.04285714285714286,0.036111111111111115,0.1388888888888889,0.07896825396825397,0.02578270339286037,0.041836734693877546,0.04976851851851852,0.19444444444444445,0.08199112978524742,0.03244465202179446
query_dedup,validation,full:minus_context,relevance_grade,1,multiple_entity_dimensions,True,99,69,30,0.06060606060606061,0.015458937198067632,0.057971014492753624,0.057971014492753624,0.037267080745341616,0.0404040404040404,0.018357487922705314,0.07246376811594203,0.06521739130434782,0.027245850662154514,0.042424242424242434,0.025603864734299518,0.08695652173913043,0.06811594202898551,0.025322589998162774,0.04141414141414141,0.04541062801932367,0.13043478260869565,0.07370600414078675,0.031245749389845274,0.04090909090909091,0.05460662525879917,0.17391304347826086,0.07604593324744086,0.035196960803917036
query_dedup,validation,full:minus_intent,relevance_grade,1,query_language,EN,44,25,19,0.045454545454545456,0.008,0.04,0.04,0.005714285714285714,0.022727272727272728,0.008,0.04,0.04,0.003356687972425322,0.022727272727272728,0.008,0.04,0.04,0.003141187510973313,0.025,0.016,0.04,0.04,0.009497235267013248,0.028409090909090908,0.061,0.12,0.04568627450980392,0.023824820483179528
query_dedup,validation,full:minus_intent,relevance_grade,1,query_language,ID,20,16,4,0.1,0.041666666666666664,0.125,0.125,0.08928571428571429,0.06666666666666667,0.041666666666666664,0.125,0.125,0.05636305450042986,0.06,0.041666666666666664,0.125,0.125,0.052918390232300064,0.039999999999999994,0.041666666666666664,0.125,0.125,0.05179733664581068,0.052500000000000005,0.10701884920634921,0.4375,0.14504294590643274,0.07515611084167131
query_dedup,validation,full:minus_intent,relevance_grade,1,query_language,MIXED,35,28,7,0.08571428571428572,0.0071428571428571435,0.03571428571428571,0.03571428571428571,0.03571428571428571,0.08571428571428572,0.03214285714285715,0.10714285714285714,0.06547619047619048,0.03685512144854443,0.06857142857142857,0.03214285714285715,0.10714285714285714,0.06547619047619048,0.030471315085308582,0.060000000000000005,0.03928571428571429,0.14285714285714285,0.070578231292517,0.0314574885133994,0.06714285714285714,0.075,0.17857142857142858,0.07332548403976975,0.040837829050442025
query_dedup,validation,full:minus_intent,relevance_grade,1,query_intent,Comparative Treatment Choice,2,1,1,0.0,0.0,0.0,0.0,0.0,0.0,0.0,0.0,0.0,0.0,0.1,0.0,0.0,0.0,0.0,0.05,0.0,0.0,0.0,0.0,0.075,0.0,0.0,0.0,0.0
query_dedup,validation,full:minus_intent,relevance_grade,1,query_intent,Dosing / Administration,21,13,8,0.09523809523809523,0.015384615384615385,0.07692307692307693,0.07692307692307693,0.07692307692307693,0.06349206349206349,0.06923076923076922,0.23076923076923078,0.14102564102564102,0.07938026158148032,0.0380952380952381,0.06923076923076922,0.23076923076923078,0.14102564102564102,0.06563052479912618,0.023809523809523808,0.06923076923076922,0.23076923076923078,0.14102564102564102,0.06563052479912618,0.028571428571428574,0.06923076923076922,0.23076923076923078,0.14102564102564102,0.06563052479912618
query_dedup,validation,full:minus_intent,relevance_grade,1,query_intent,Efficacy / Outcomes,3,1,2,0.0,0.0,0.0,0.0,0.0,0.0,0.0,0.0,0.0,0.0,0.0,0.0,0.0,0.0,0.0,0.0,0.0,0.0,0.0,0.0,0.016666666666666666,1.0,1.0,0.07692307692307693,0.2626495350371935
query_dedup,validation,full:minus_intent,relevance_grade,1,query_intent,Guideline / Evidence Lookup,8,7,1,0.125,0.0,0.0,0.0,0.0,0.041666666666666664,0.0,0.0,0.0,0.0,0.025,0.0,0.0,0.0,0.0,0.05,0.028571428571428574,0.14285714285714285,0.02040816326530612,0.003944693712363256,0.07500000000000001,0.028571428571428574,0.14285714285714285,0.02040816326530612,0.003944693712363256
query_dedup,validation,full:minus_intent,relevance_grade,1,query_intent,Interaction / Combination,4,4,0,0.25,0.125,0.25,0.25,0.25,0.08333333333333333,0.125,0.25,0.25,0.1532867981913646,0.05,0.125,0.25,0.25,0.1532867981913646,0.025,0.125,0.25,0.25,0.1532867981913646,0.0625,0.5,0.75,0.2916666666666667,0.2622702782395019
query_dedup,validation,full:minus_intent,relevance_grade,1,query_intent,Management / Treatment Selection,14,10,4,0.07142857142857142,0.0,0.0,0.0,0.0,0.023809523809523808,0.0,0.0,0.0,0.0,0.028571428571428574,0.0,0.0,0.0,0.0,0.021428571428571432,0.0,0.0,0.0,0.0,0.02142857142857143,0.02777777777777778,0.2,0.011513157894736841,0.013537113685549055
query_dedup,validation,full:minus_intent,relevance_grade,1,query_intent,Mechanism / Background Knowledge,6,4,2,0.0,0.0,0.0,0.0,0.0,0.0,0.0,0.0,0.0,0.0,0.03333333333333333,0.0,0.0,0.0,0.0,0.06666666666666667,0.0,0.0,0.0,0.0,0.06666666666666667,0.0,0.0,0.0,0.0
query_dedup,validation,full:minus_intent,relevance_grade,1,query_intent,Monitoring / Response / Risk Assessment,9,6,3,0.0,0.0,0.0,0.0,0.0,0.037037037037037035,0.0,0.0,0.0,0.0,0.044444444444444446,0.0,0.0,0.0,0.0,0.03333333333333334,0.0,0.0,0.0,0.0,0.01666666666666667,0.0,0.0,0.0,0.0
query_dedup,validation,full:minus_intent,relevance_grade,1,query_intent,Prophylaxis / Maintenance,4,3,1,0.0,0.0,0.0,0.0,0.0,0.0,0.0,0.0,0.0,0.0,0.0,0.0,0.0,0.0,0.0,0.0,0.0,0.0,0.0,0.0,0.0625,0.047619047619047616,0.3333333333333333,0.018518518518518517,0.008956481755813433
query_dedup,validation,full:minus_intent,relevance_grade,1,query_intent,Safety / Contraindication,14,10,4,0.14285714285714285,0.03666666666666667,0.2,0.2,0.05714285714285714,0.09523809523809523,0.03666666666666667,0.2,0.2,0.03725788785520524,0.08571428571428572,0.03666666666666667,0.2,0.2,0.031207673872567548,0.07142857142857144,0.056666666666666664,0.2,0.2,0.045304107524284376,0.06071428571428572,0.06916666666666667,0.3,0.20588235294117646,0.0540992551219681
query_dedup,validation,full:minus_intent,relevance_grade,1,query_intent,Treatment Change / Escalation,14,10,4,0.0,0.0,0.0,0.0,0.0,0.09523809523809523,0.0,0.0,0.0,0.0,0.07142857142857142,0.0,0.0,0.0,0.0,0.0642857142857143,0.0,0.0,0.0,0.0,0.075,0.0125,0.1,0.006666666666666666,0.0045804039245609714
query_dedup,validation,full:minus_intent,relevance_grade,1,has_context,False,50,33,17,0.06,0.0202020202020202,0.06060606060606061,0.06060606060606061,0.04329004329004329,0.04,0.0202020202020202,0.06060606060606061,0.06060606060606061,0.027327541575965994,0.036000000000000004,0.0202020202020202,0.06060606060606061,0.06060606060606061,0.025657401324751545,0.042,0.0202020202020202,0.06060606060606061,0.06060606060606061,0.02511386019190821,0.048,0.1087061087061087,0.24242424242424243,0.07315990539674751,0.05119943708138317
query_dedup,validation,full:minus_intent,relevance_grade,1,has_context,True,49,36,13,0.08163265306122448,0.011111111111111112,0.05555555555555555,0.05555555555555555,0.031746031746031744,0.06802721088435373,0.030555555555555558,0.1111111111111111,0.0787037037037037,0.03099612777416325,0.05714285714285715,0.030555555555555558,0.1111111111111111,0.0787037037037037,0.02588129194897147,0.03877551020408163,0.041666666666666664,0.1388888888888889,0.08267195767195767,0.031062237779180952,0.04591836734693878,0.04861111111111111,0.19444444444444445,0.0861577964519141,0.03477766875758225
query_dedup,validation,full:minus_intent,relevance_grade,1,multiple_entity_dimensions,True,99,69,30,0.0707070707070707,0.015458937198067632,0.057971014492753624,0.057971014492753624,0.037267080745341616,0.05387205387205387,0.025603864734299518,0.08695652173913043,0.07004830917874395,0.029241586548938475,0.04646464646464647,0.025603864734299518,0.08695652173913043,0.07004830917874395,0.02577421382434455,0.04040404040404041,0.03140096618357489,0.10144927536231885,0.07211870255348517,0.02821736154178964,0.04696969696969697,0.07735219691741431,0.21739130434782608,0.07994141377335616,0.04263155795592182
query_dedup,validation,selected:complete,relevance_grade,1,query_language,EN,44,25,19,0.06818181818181818,0.008,0.04,0.04,0.005714285714285714,0.022727272727272728,0.008,0.04,0.04,0.003356687972425322,0.01363636363636364,0.008,0.04,0.04,0.003141187510973313,0.02727272727272728,0.053,0.12,0.04971428571428572,0.020715114086430432,0.03409090909090909,0.0717142857142857,0.16,0.05181954887218045,0.028944861503894942
query_dedup,validation,selected:complete,relevance_grade,1,query_language,ID,20,16,4,0.1,0.041666666666666664,0.125,0.125,0.08928571428571429,0.05,0.041666666666666664,0.125,0.125,0.05636305450042986,0.04,0.041666666666666664,0.125,0.125,0.052918390232300064,0.04,0.05208333333333333,0.1875,0.13125,0.05590287827643859,0.05,0.05989583333333333,0.25,0.13571428571428573,0.058833856129842974
query_dedup,validation,selected:complete,relevance_grade,1,query_language,MIXED,35,28,7,0.05714285714285714,0.014285714285714287,0.07142857142857142,0.07142857142857142,0.07142857142857142,0.03809523809523809,0.014285714285714287,0.07142857142857142,0.07142857142857142,0.040815094437597677,0.05142857142857143,0.014285714285714287,0.07142857142857142,0.07142857142857142,0.03273619062062549,0.05142857142857143,0.021428571428571432,0.10714285714285714,0.07738095238095237,0.033790036809088195,0.05285714285714285,0.03928571428571429,0.14285714285714285,0.07936507936507935,0.03610554874742738
query_dedup,validation,selected:complete,relevance_grade,1,query_intent,Comparative Treatment Choice,2,1,1,0.0,0.0,0.0,0.0,0.0,0.0,0.0,0.0,0.0,0.0,0.1,0.0,0.0,0.0,0.0,0.05,0.0,0.0,0.0,0.0,0.05,0.0,0.0,0.0,0.0
query_dedup,validation,selected:complete,relevance_grade,1,query_intent,Dosing / Administration,21,13,8,0.09523809523809523,0.03076923076923077,0.15384615384615385,0.15384615384615385,0.15384615384615385,0.031746031746031744,0.03076923076923077,0.15384615384615385,0.15384615384615385,0.08790943417328731,0.01904761904761905,0.03076923076923077,0.15384615384615385,0.15384615384615385,0.07050871825980874,0.009523809523809525,0.03076923076923077,0.15384615384615385,0.15384615384615385,0.07050871825980874,0.03571428571428572,0.06923076923076922,0.23076923076923078,0.1581196581196581,0.07549597474238544
query_dedup,validation,selected:complete,relevance_grade,1,query_intent,Efficacy / Outcomes,3,1,2,0.0,0.0,0.0,0.0,0.0,0.0,0.0,0.0,0.0,0.0,0.0,0.0,0.0,0.0,0.0,0.0,0.0,0.0,0.0,0.0,0.0,0.0,0.0,0.0,0.0
query_dedup,validation,selected:complete,relevance_grade,1,query_intent,Guideline / Evidence Lookup,8,7,1,0.0,0.0,0.0,0.0,0.0,0.0,0.0,0.0,0.0,0.0,0.025,0.0,0.0,0.0,0.0,0.05,0.028571428571428574,0.14285714285714285,0.023809523809523808,0.004215384753850851,0.06875,0.028571428571428574,0.14285714285714285,0.023809523809523808,0.004215384753850851
query_dedup,validation,selected:complete,relevance_grade,1,query_intent,Interaction / Combination,4,4,0,0.25,0.125,0.25,0.25,0.25,0.08333333333333333,0.125,0.25,0.25,0.1532867981913646,0.05,0.125,0.25,0.25,0.1532867981913646,0.07500000000000001,0.375,0.5,0.2857142857142857,0.2366201315246979,0.0625,0.375,0.5,0.2857142857142857,0.2366201315246979
query_dedup,validation,selected:complete,relevance_grade,1,query_intent,Management / Treatment Selection,14,10,4,0.07142857142857142,0.0,0.0,0.0,0.0,0.023809523809523808,0.0,0.0,0.0,0.0,0.014285714285714287,0.0,0.0,0.0,0.0,0.021428571428571432,0.016666666666666666,0.1,0.01,0.006568866609004654,0.017857142857142856,0.016666666666666666,0.1,0.01,0.006568866609004654
query_dedup,validation,selected:complete,relevance_grade,1,query_intent,Mechanism / Background Knowledge,6,4,2,0.0,0.0,0.0,0.0,0.0,0.0,0.0,0.0,0.0,0.0,0.03333333333333333,0.0,0.0,0.0,0.0,0.06666666666666667,0.0,0.0,0.0,0.0,0.06666666666666667,0.0,0.0,0.0,0.0
query_dedup,validation,selected:complete,relevance_grade,1,query_intent,Monitoring / Response / Risk Assessment,9,6,3,0.0,0.0,0.0,0.0,0.0,0.0,0.0,0.0,0.0,0.0,0.0,0.0,0.0,0.0,0.0,0.011111111111111112,0.0,0.0,0.0,0.0,0.027777777777777776,0.023809523809523808,0.16666666666666666,0.008771929824561403,0.005467239488220604
query_dedup,validation,selected:complete,relevance_grade,1,query_intent,Prophylaxis / Maintenance,4,3,1,0.0,0.0,0.0,0.0,0.0,0.0,0.0,0.0,0.0,0.0,0.0,0.0,0.0,0.0,0.0,0.025,0.0,0.0,0.0,0.0,0.037500000000000006,0.0,0.0,0.0,0.0
query_dedup,validation,selected:complete,relevance_grade,1,query_intent,Safety / Contraindication,14,10,4,0.21428571428571427,0.03666666666666667,0.2,0.2,0.05714285714285714,0.09523809523809523,0.03666666666666667,0.2,0.2,0.03725788785520524,0.08571428571428572,0.03666666666666667,0.2,0.2,0.031207673872567548,0.07142857142857144,0.049166666666666664,0.3,0.21000000000000002,0.040015471239494,0.05714285714285715,0.08166666666666667,0.3,0.21000000000000002,0.05730949609022292
query_dedup,validation,selected:complete,relevance_grade,1,query_intent,Treatment Change / Escalation,14,10,4,0.0,0.0,0.0,0.0,0.0,0.047619047619047616,0.0,0.0,0.0,0.0,0.042857142857142864,0.0,0.0,0.0,0.0,0.0642857142857143,0.0,0.0,0.0,0.0,0.06071428571428572,0.0125,0.1,0.007142857142857143,0.004689564565447013
query_dedup,validation,selected:complete,relevance_grade,1,has_context,False,50,33,17,0.06,0.0202020202020202,0.06060606060606061,0.06060606060606061,0.04329004329004329,0.026666666666666665,0.0202020202020202,0.06060606060606061,0.06060606060606061,0.027327541575965994,0.028000000000000004,0.0202020202020202,0.06060606060606061,0.06060606060606061,0.025657401324751545,0.04,0.05555555555555556,0.12121212121212122,0.06796536796536796,0.03720543593201063,0.04,0.05988455988455989,0.15151515151515152,0.0695602642971064,0.03819947947532347
query_dedup,validation,selected:complete,relevance_grade,1,has_context,True,49,36,13,0.08163265306122448,0.01666666666666667,0.08333333333333333,0.08333333333333333,0.05952380952380952,0.04081632653061224,0.01666666666666667,0.08333333333333333,0.08333333333333333,0.034076106765649115,0.036734693877551024,0.01666666666666667,0.08333333333333333,0.08333333333333333,0.02764286180977351,0.036734693877551024,0.025694444444444447,0.1388888888888889,0.09074074074074073,0.03140737637449714,0.04795918367346938,0.052083333333333336,0.19444444444444445,0.09426807760141094,0.039314882719920924
query_dedup,validation,selected:complete,relevance_grade,1,multiple_entity_dimensions,True,99,69,30,0.0707070707070707,0.018357487922705314,0.07246376811594203,0.07246376811594203,0.051759834368530024,0.03367003367003367,0.018357487922705314,0.07246376811594203,0.07246376811594203,0.030848532109713705,0.03232323232323232,0.018357487922705314,0.07246376811594203,0.07246376811594203,0.026693293751719527,0.03838383838383839,0.03997584541062802,0.13043478260869565,0.07984817115251898,0.03418036138026446,0.04393939393939394,0.05581435472739821,0.17391304347826086,0.0824512973254392,0.03878142899424388
query_dedup,validation,selected:minus_bm25,relevance_grade,1,query_language,EN,44,25,19,0.045454545454545456,0.008,0.04,0.04,0.005714285714285714,0.022727272727272728,0.008,0.04,0.04,0.003356687972425322,0.022727272727272728,0.008,0.04,0.04,0.003141187510973313,0.03409090909090909,0.018714285714285715,0.12,0.049444444444444444,0.009346300198977017,0.035227272727272725,0.07742857142857143,0.2,0.05465452847805789,0.026735067628034383
query_dedup,validation,selected:minus_bm25,relevance_grade,1,query_language,ID,20,16,4,0.05,0.03125,0.0625,0.0625,0.0625,0.06666666666666667,0.041666666666666664,0.125,0.09375,0.049704527182173136,0.07,0.041666666666666664,0.125,0.09375,0.0475311860043456,0.045,0.05208333333333333,0.1875,0.1,0.05092942157190937,0.05,0.0703125,0.25,0.10446428571428572,0.057411109557470225
query_dedup,validation,selected:minus_bm25,relevance_grade,1,query_language,MIXED,35,28,7,0.05714285714285714,0.014285714285714287,0.07142857142857142,0.07142857142857142,0.07142857142857142,0.057142857142857134,0.014285714285714287,0.07142857142857142,0.07142857142857142,0.040815094437597677,0.05714285714285714,0.014285714285714287,0.07142857142857142,0.07142857142857142,0.03273619062062549,0.03428571428571429,0.049999999999999996,0.10714285714285714,0.075,0.04305993441769291,0.038571428571428576,0.05714285714285715,0.14285714285714285,0.07723214285714286,0.04378373800910793
query_dedup,validation,selected:minus_bm25,relevance_grade,1,query_intent,Comparative Treatment Choice,2,1,1,0.0,0.0,0.0,0.0,0.0,0.16666666666666666,0.0,0.0,0.0,0.0,0.1,0.0,0.0,0.0,0.0,0.05,0.0,0.0,0.0,0.0,0.05,0.0,0.0,0.0,0.0
query_dedup,validation,selected:minus_bm25,relevance_grade,1,query_intent,Dosing / Administration,21,13,8,0.09523809523809523,0.03076923076923077,0.15384615384615385,0.15384615384615385,0.15384615384615385,0.031746031746031744,0.03076923076923077,0.15384615384615385,0.15384615384615385,0.08790943417328731,0.01904761904761905,0.03076923076923077,0.15384615384615385,0.15384615384615385,0.07050871825980874,0.01904761904761905,0.03076923076923077,0.15384615384615385,0.15384615384615385,0.07050871825980874,0.02619047619047619,0.03076923076923077,0.15384615384615385,0.15384615384615385,0.07050871825980874
query_dedup,validation,selected:minus_bm25,relevance_grade,1,query_intent,Efficacy / Outcomes,3,1,2,0.0,0.0,0.0,0.0,0.0,0.0,0.0,0.0,0.0,0.0,0.0,0.0,0.0,0.0,0.0,0.0,0.0,0.0,0.0,0.0,0.0,0.0,0.0,0.0,0.0
query_dedup,validation,selected:minus_bm25,relevance_grade,1,query_intent,Guideline / Evidence Lookup,8,7,1,0.0,0.0,0.0,0.0,0.0,0.041666666666666664,0.0,0.0,0.0,0.0,0.05,0.0,0.0,0.0,0.0,0.037500000000000006,0.0,0.0,0.0,0.0,0.0625,0.04897959183673469,0.2857142857142857,0.01913265306122449,0.004843183693448044
query_dedup,validation,selected:minus_bm25,relevance_grade,1,query_intent,Interaction / Combination,4,4,0,0.25,0.125,0.25,0.25,0.25,0.16666666666666666,0.125,0.25,0.25,0.1532867981913646,0.15000000000000002,0.125,0.25,0.25,0.1532867981913646,0.07500000000000001,0.125,0.25,0.25,0.1532867981913646,0.05,0.375,0.5,0.2647058823529412,0.21323991483339746
query_dedup,validation,selected:minus_bm25,relevance_grade,1,query_intent,Management / Treatment Selection,14,10,4,0.07142857142857142,0.0,0.0,0.0,0.0,0.023809523809523808,0.0,0.0,0.0,0.0,0.014285714285714287,0.0,0.0,0.0,0.0,0.021428571428571432,0.016666666666666666,0.1,0.01,0.006568866609004654,0.03571428571428571,0.03333333333333333,0.1,0.01,0.01225000282045502
query_dedup,validation,selected:minus_bm25,relevance_grade,1,query_intent,Mechanism / Background Knowledge,6,4,2,0.0,0.0,0.0,0.0,0.0,0.0,0.0,0.0,0.0,0.0,0.06666666666666667,0.0,0.0,0.0,0.0,0.08333333333333333,0.25,0.25,0.025,0.07226620657947197,0.05833333333333333,0.25,0.25,0.025,0.07226620657947197
query_dedup,validation,selected:minus_bm25,relevance_grade,1,query_intent,Monitoring / Response / Risk Assessment,9,6,3,0.0,0.0,0.0,0.0,0.0,0.0,0.0,0.0,0.0,0.0,0.0,0.0,0.0,0.0,0.0,0.022222222222222223,0.023809523809523808,0.16666666666666666,0.020833333333333332,0.007454124603852477,0.027777777777777776,0.023809523809523808,0.16666666666666666,0.020833333333333332,0.007454124603852477
query_dedup,validation,selected:minus_bm25,relevance_grade,1,query_intent,Prophylaxis / Maintenance,4,3,1,0.0,0.0,0.0,0.0,0.0,0.0,0.0,0.0,0.0,0.0,0.05,0.0,0.0,0.0,0.0,0.025,0.0,0.0,0.0,0.0,0.037500000000000006,0.0,0.0,0.0,0.0
query_dedup,validation,selected:minus_bm25,relevance_grade,1,query_intent,Safety / Contraindication,14,10,4,0.07142857142857142,0.02,0.1,0.1,0.014285714285714285,0.11904761904761904,0.03666666666666667,0.2,0.15,0.026604244145994483,0.1,0.03666666666666667,0.2,0.15,0.022588147107840406,0.0642857142857143,0.049166666666666664,0.3,0.16111111111111112,0.032496764364635555,0.05,0.08166666666666667,0.3,0.16111111111111112,0.05062385775101426
query_dedup,validation,selected:minus_bm25,relevance_grade,1,query_intent,Treatment Change / Escalation,14,10,4,0.0,0.0,0.0,0.0,0.0,0.023809523809523808,0.0,0.0,0.0,0.0,0.042857142857142864,0.0,0.0,0.0,0.0,0.03571428571428571,0.0,0.0,0.0,0.0,0.042857142857142864,0.0125,0.1,0.007142857142857143,0.004689564565447013
query_dedup,validation,selected:minus_bm25,relevance_grade,1,has_context,False,50,33,17,0.04,0.015151515151515152,0.030303030303030304,0.030303030303030304,0.030303030303030304,0.039999999999999994,0.0202020202020202,0.06060606060606061,0.045454545454545456,0.024099164694386974,0.044000000000000004,0.0202020202020202,0.06060606060606061,0.045454545454545456,0.023045423517258475,0.04,0.05988455988455989,0.15151515151515152,0.0553030303030303,0.03480788845731978,0.037000000000000005,0.09523809523809523,0.18181818181818182,0.0570855614973262,0.04379648932649053
query_dedup,validation,selected:minus_bm25,relevance_grade,1,has_context,True,49,36,13,0.061224489795918366,0.01666666666666667,0.08333333333333333,0.08333333333333333,0.05952380952380952,0.04761904761904762,0.01666666666666667,0.08333333333333333,0.08333333333333333,0.034076106765649115,0.04489795918367347,0.01666666666666667,0.08333333333333333,0.08333333333333333,0.02764286180977351,0.0326530612244898,0.02013888888888889,0.1111111111111111,0.08641975308641975,0.03070961374246734,0.041836734693877546,0.042162698412698416,0.19444444444444445,0.09212411816578484,0.03798930444725604
query_dedup,validation,selected:minus_bm25,relevance_grade,1,multiple_entity_dimensions,True,99,69,30,0.050505050505050504,0.01594202898550725,0.057971014492753624,0.057971014492753624,0.045548654244306416,0.043771043771043766,0.018357487922705314,0.07246376811594203,0.06521739130434782,0.029304525775045477,0.044444444444444446,0.018357487922705314,0.07246376811594203,0.06521739130434782,0.025444086974222842,0.03636363636363636,0.039147688060731545,0.13043478260869565,0.07153784219001612,0.03266965817130981,0.03939393939393939,0.06754658385093168,0.18840579710144928,0.07536654758521766,0.040766653737324715
query_dedup,validation,selected:minus_dense,relevance_grade,1,query_language,EN,44,25,19,0.06818181818181818,0.008,0.04,0.04,0.005714285714285714,0.022727272727272728,0.008,0.04,0.04,0.003356687972425322,0.01363636363636364,0.008,0.04,0.04,0.003141187510973313,0.02727272727272728,0.053,0.12,0.04888888888888889,0.019598510120611673,0.03636363636363637,0.12942857142857142,0.28,0.05928115915732015,0.033764746735736935
query_dedup,validation,selected:minus_dense,relevance_grade,1,query_language,ID,20,16,4,0.1,0.041666666666666664,0.125,0.125,0.08928571428571429,0.06666666666666667,0.041666666666666664,0.125,0.125,0.05636305450042986,0.05,0.041666666666666664,0.125,0.125,0.052918390232300064,0.04,0.05208333333333333,0.1875,0.13194444444444445,0.056072817668559156,0.05,0.05989583333333333,0.25,0.13640873015873017,0.05900379552196354
query_dedup,validation,selected:minus_dense,relevance_grade,1,query_language,MIXED,35,28,7,0.05714285714285714,0.014285714285714287,0.07142857142857142,0.07142857142857142,0.07142857142857142,0.06666666666666665,0.014285714285714287,0.07142857142857142,0.07142857142857142,0.040815094437597677,0.0742857142857143,0.014285714285714287,0.07142857142857142,0.07142857142857142,0.03273619062062549,0.05428571428571429,0.021428571428571432,0.10714285714285714,0.07653061224489796,0.0337223640487163,0.055714285714285716,0.02653061224489796,0.14285714285714285,0.07841031149301826,0.035553961629409915
query_dedup,validation,selected:minus_dense,relevance_grade,1,query_intent,Comparative Treatment Choice,2,1,1,0.0,0.0,0.0,0.0,0.0,0.16666666666666666,0.0,0.0,0.0,0.0,0.1,0.0,0.0,0.0,0.0,0.1,0.0,0.0,0.0,0.0,0.05,0.0,0.0,0.0,0.0
query_dedup,validation,selected:minus_dense,relevance_grade,1,query_intent,Dosing / Administration,21,13,8,0.09523809523809523,0.03076923076923077,0.15384615384615385,0.15384615384615385,0.15384615384615385,0.031746031746031744,0.03076923076923077,0.15384615384615385,0.15384615384615385,0.08790943417328731,0.028571428571428574,0.03076923076923077,0.15384615384615385,0.15384615384615385,0.07050871825980874,0.014285714285714287,0.03076923076923077,0.15384615384615385,0.15384615384615385,0.07050871825980874,0.04047619047619048,0.04175824175824176,0.23076923076923078,0.15789473684210525,0.0744536976643796
query_dedup,validation,selected:minus_dense,relevance_grade,1,query_intent,Efficacy / Outcomes,3,1,2,0.0,0.0,0.0,0.0,0.0,0.0,0.0,0.0,0.0,0.0,0.0,0.0,0.0,0.0,0.0,0.0,0.0,0.0,0.0,0.0,0.0,0.0,0.0,0.0,0.0
query_dedup,validation,selected:minus_dense,relevance_grade,1,query_intent,Guideline / Evidence Lookup,8,7,1,0.0,0.0,0.0,0.0,0.0,0.041666666666666664,0.0,0.0,0.0,0.0,0.05,0.0,0.0,0.0,0.0,0.037500000000000006,0.028571428571428574,0.14285714285714285,0.02040816326530612,0.003944693712363256,0.07500000000000001,0.19183673469387755,0.42857142857142855,0.03633032160232514,0.03882381767134719
query_dedup,validation,selected:minus_dense,relevance_grade,1,query_intent,Interaction / Combination,4,4,0,0.25,0.125,0.25,0.25,0.25,0.08333333333333333,0.125,0.25,0.25,0.1532867981913646,0.05,0.125,0.25,0.25,0.1532867981913646,0.07500000000000001,0.375,0.5,0.2777777777777778,0.2285442971073599,0.0625,0.375,0.5,0.2777777777777778,0.2285442971073599
query_dedup,validation,selected:minus_dense,relevance_grade,1,query_intent,Management / Treatment Selection,14,10,4,0.07142857142857142,0.0,0.0,0.0,0.0,0.023809523809523808,0.0,0.0,0.0,0.0,0.014285714285714287,0.0,0.0,0.0,0.0,0.014285714285714287,0.016666666666666666,0.1,0.01111111111111111,0.006840769636397561,0.017857142857142856,0.016666666666666666,0.1,0.01111111111111111,0.006840769636397561
query_dedup,validation,selected:minus_dense,relevance_grade,1,query_intent,Mechanism / Background Knowledge,6,4,2,0.0,0.0,0.0,0.0,0.0,0.0,0.0,0.0,0.0,0.0,0.03333333333333333,0.0,0.0,0.0,0.0,0.08333333333333333,0.0,0.0,0.0,0.0,0.05833333333333333,0.125,0.25,0.019230769230769232,0.008604768472487487
query_dedup,validation,selected:minus_dense,relevance_grade,1,query_intent,Monitoring / Response / Risk Assessment,9,6,3,0.0,0.0,0.0,0.0,0.0,0.0,0.0,0.0,0.0,0.0,0.0,0.0,0.0,0.0,0.0,0.011111111111111112,0.0,0.0,0.0,0.0,0.03888888888888889,0.023809523809523808,0.16666666666666666,0.011904761904761904,0.006048036249640078
query_dedup,validation,selected:minus_dense,relevance_grade,1,query_intent,Prophylaxis / Maintenance,4,3,1,0.0,0.0,0.0,0.0,0.0,0.0,0.0,0.0,0.0,0.0,0.05,0.0,0.0,0.0,0.0,0.025,0.0,0.0,0.0,0.0,0.05,0.0,0.0,0.0,0.0
query_dedup,validation,selected:minus_dense,relevance_grade,1,query_intent,Safety / Contraindication,14,10,4,0.21428571428571427,0.03666666666666667,0.2,0.2,0.05714285714285714,0.11904761904761904,0.03666666666666667,0.2,0.2,0.03725788785520524,0.07142857142857142,0.03666666666666667,0.2,0.2,0.031207673872567548,0.07142857142857144,0.049166666666666664,0.3,0.2111111111111111,0.04045429509188232,0.05,0.06166666666666667,0.3,0.2111111111111111,0.04438377071962767
query_dedup,validation,selected:minus_dense,relevance_grade,1,query_intent,Treatment Change / Escalation,14,10,4,0.0,0.0,0.0,0.0,0.0,0.07142857142857142,0.0,0.0,0.0,0.0,0.08571428571428573,0.0,0.0,0.0,0.0,0.0642857142857143,0.0,0.0,0.0,0.0,0.0642857142857143,0.0125,0.1,0.007142857142857143,0.004689564565447013
query_dedup,validation,selected:minus_dense,relevance_grade,1,has_context,False,50,33,17,0.06,0.0202020202020202,0.06060606060606061,0.06060606060606061,0.04329004329004329,0.026666666666666665,0.0202020202020202,0.06060606060606061,0.06060606060606061,0.027327541575965994,0.032,0.0202020202020202,0.06060606060606061,0.06060606060606061,0.025657401324751545,0.038000000000000006,0.05555555555555556,0.12121212121212122,0.06734006734006734,0.036308941768512966,0.04100000000000001,0.07503607503607503,0.18181818181818182,0.07183557183557183,0.038451586962082375
query_dedup,validation,selected:minus_dense,relevance_grade,1,has_context,True,49,36,13,0.08163265306122448,0.01666666666666667,0.08333333333333333,0.08333333333333333,0.05952380952380952,0.06802721088435375,0.01666666666666667,0.08333333333333333,0.08333333333333333,0.034076106765649115,0.05306122448979593,0.01666666666666667,0.08333333333333333,0.08333333333333333,0.02764286180977351,0.04081632653061224,0.025694444444444447,0.1388888888888889,0.09038800705467372,0.03147663751987131,0.05102040816326531,0.0683531746031746,0.25,0.09693009757509241,0.042077443128322206
query_dedup,validation,selected:minus_dense,relevance_grade,1,multiple_entity_dimensions,True,99,69,30,0.0707070707070707,0.018357487922705314,0.07246376811594203,0.07246376811594203,0.051759834368530024,0.04713804713804713,0.018357487922705314,0.07246376811594203,0.07246376811594203,0.030848532109713705,0.04242424242424243,0.018357487922705314,0.07246376811594203,0.07246376811594203,0.026693293751719527,0.039393939393939405,0.03997584541062802,0.13043478260869565,0.07936507936507936,0.03378773955183036,0.04595959595959596,0.07154934437543133,0.21739130434782608,0.08492836787358257,0.04034333800533794
query_dedup,validation,selected:minus_entities,relevance_grade,1,query_language,EN,44,25,19,0.06818181818181818,0.008,0.04,0.04,0.005714285714285714,0.022727272727272728,0.008,0.04,0.04,0.003356687972425322,0.022727272727272728,0.048,0.08,0.05,0.020368249833909037,0.029545454545454545,0.053,0.12,0.054000000000000006,0.02460884307603282,0.0375,0.07514285714285714,0.24,0.06022222222222223,0.031606068875262794
query_dedup,validation,selected:minus_entities,relevance_grade,1,query_language,ID,20,16,4,0.1,0.041666666666666664,0.125,0.125,0.08928571428571429,0.03333333333333333,0.041666666666666664,0.125,0.125,0.05636305450042986,0.05,0.041666666666666664,0.125,0.125,0.052918390232300064,0.025,0.041666666666666664,0.125,0.125,0.05179733664581068,0.035,0.05642361111111111,0.25,0.13388480392156862,0.057065611003137146
query_dedup,validation,selected:minus_entities,relevance_grade,1,query_language,MIXED,35,28,7,0.05714285714285714,0.014285714285714287,0.07142857142857142,0.07142857142857142,0.07142857142857142,0.057142857142857134,0.021428571428571432,0.10714285714285714,0.08333333333333334,0.042533318718796606,0.05142857142857143,0.021428571428571432,0.10714285714285714,0.08333333333333334,0.03421545076276171,0.04857142857142857,0.021428571428571432,0.10714285714285714,0.08333333333333334,0.03421545076276171,0.04714285714285714,0.03545918367346939,0.17857142857142858,0.08759398496240603,0.03761346067464198
query_dedup,validation,selected:minus_entities,relevance_grade,1,query_intent,Comparative Treatment Choice,2,1,1,0.0,0.0,0.0,0.0,0.0,0.0,0.0,0.0,0.0,0.0,0.0,0.0,0.0,0.0,0.0,0.05,0.0,0.0,0.0,0.0,0.05,0.0,0.0,0.0,0.0
query_dedup,validation,selected:minus_entities,relevance_grade,1,query_intent,Dosing / Administration,21,13,8,0.09523809523809523,0.03076923076923077,0.15384615384615385,0.15384615384615385,0.15384615384615385,0.031746031746031744,0.03076923076923077,0.15384615384615385,0.15384615384615385,0.08790943417328731,0.01904761904761905,0.03076923076923077,0.15384615384615385,0.15384615384615385,0.07050871825980874,0.023809523809523808,0.03076923076923077,0.15384615384615385,0.15384615384615385,0.07050871825980874,0.03333333333333334,0.04175824175824176,0.23076923076923078,0.15897435897435896,0.07477119759040045
query_dedup,validation,selected:minus_entities,relevance_grade,1,query_intent,Efficacy / Outcomes,3,1,2,0.0,0.0,0.0,0.0,0.0,0.0,0.0,0.0,0.0,0.0,0.0,0.0,0.0,0.0,0.0,0.0,0.0,0.0,0.0,0.0,0.0,0.0,0.0,0.0,0.0
query_dedup,validation,selected:minus_entities,relevance_grade,1,query_intent,Guideline / Evidence Lookup,8,7,1,0.0,0.0,0.0,0.0,0.0,0.08333333333333333,0.028571428571428574,0.14285714285714285,0.047619047619047616,0.006872897124795698,0.07500000000000001,0.028571428571428574,0.14285714285714285,0.047619047619047616,0.005917040568544884,0.05,0.028571428571428574,0.14285714285714285,0.047619047619047616,0.005917040568544884,0.0625,0.04897959183673469,0.2857142857142857,0.054761904761904755,0.00764972569002545
query_dedup,validation,selected:minus_entities,relevance_grade,1,query_intent,Interaction / Combination,4,4,0,0.25,0.125,0.25,0.25,0.25,0.08333333333333333,0.125,0.25,0.25,0.1532867981913646,0.1,0.375,0.5,0.3125,0.26095593770971287,0.07500000000000001,0.375,0.5,0.3125,0.26095593770971287,0.0625,0.375,0.5,0.3125,0.26095593770971287
query_dedup,validation,selected:minus_entities,relevance_grade,1,query_intent,Management / Treatment Selection,14,10,4,0.07142857142857142,0.0,0.0,0.0,0.0,0.023809523809523808,0.0,0.0,0.0,0.0,0.028571428571428574,0.0,0.0,0.0,0.0,0.014285714285714287,0.0,0.0,0.0,0.0,0.024999999999999998,0.025396825396825397,0.2,0.011437908496732025,0.008098450974547186
query_dedup,validation,selected:minus_entities,relevance_grade,1,query_intent,Mechanism / Background Knowledge,6,4,2,0.0,0.0,0.0,0.0,0.0,0.0,0.0,0.0,0.0,0.0,0.06666666666666667,0.0,0.0,0.0,0.0,0.06666666666666667,0.0,0.0,0.0,0.0,0.05833333333333333,0.0,0.0,0.0,0.0
query_dedup,validation,selected:minus_entities,relevance_grade,1,query_intent,Monitoring / Response / Risk Assessment,9,6,3,0.0,0.0,0.0,0.0,0.0,0.0,0.0,0.0,0.0,0.0,0.0,0.0,0.0,0.0,0.0,0.011111111111111112,0.0,0.0,0.0,0.0,0.03333333333333334,0.023809523809523808,0.16666666666666666,0.008333333333333333,0.012552455852540735
query_dedup,validation,selected:minus_entities,relevance_grade,1,query_intent,Prophylaxis / Maintenance,4,3,1,0.0,0.0,0.0,0.0,0.0,0.0,0.0,0.0,0.0,0.0,0.0,0.0,0.0,0.0,0.0,0.025,0.0,0.0,0.0,0.0,0.025,0.08333333333333333,0.3333333333333333,0.017543859649122806,0.013244015411651872
query_dedup,validation,selected:minus_entities,relevance_grade,1,query_intent,Safety / Contraindication,14,10,4,0.21428571428571427,0.03666666666666667,0.2,0.2,0.05714285714285714,0.09523809523809523,0.03666666666666667,0.2,0.2,0.03725788785520524,0.09999999999999999,0.03666666666666667,0.2,0.2,0.031207673872567548,0.07857142857142858,0.049166666666666664,0.3,0.21000000000000002,0.040015471239494,0.04642857142857143,0.06166666666666667,0.3,0.21000000000000002,0.04414377102576321
query_dedup,validation,selected:minus_entities,relevance_grade,1,query_intent,Treatment Change / Escalation,14,10,4,0.0,0.0,0.0,0.0,0.0,0.023809523809523808,0.0,0.0,0.0,0.0,0.014285714285714287,0.0,0.0,0.0,0.0,0.021428571428571432,0.0,0.0,0.0,0.0,0.05000000000000001,0.0125,0.1,0.008333333333333333,0.0049511996124200364
query_dedup,validation,selected:minus_entities,relevance_grade,1,has_context,False,50,33,17,0.06,0.0202020202020202,0.06060606060606061,0.06060606060606061,0.04329004329004329,0.026666666666666665,0.0202020202020202,0.06060606060606061,0.06060606060606061,0.027327541575965994,0.04,0.050505050505050504,0.09090909090909091,0.06818181818181818,0.03870820611485437,0.038000000000000006,0.050505050505050504,0.09090909090909091,0.06818181818181818,0.03816466498201103,0.036000000000000004,0.07010582010582012,0.21212121212121213,0.07475789890650572,0.044105007136425324
query_dedup,validation,selected:minus_entities,relevance_grade,1,has_context,True,49,36,13,0.08163265306122448,0.01666666666666667,0.08333333333333333,0.08333333333333333,0.05952380952380952,0.047619047619047616,0.022222222222222223,0.1111111111111111,0.0925925925925926,0.03541250342880384,0.036734693877551024,0.022222222222222223,0.1111111111111111,0.0925925925925926,0.02879339747587946,0.0326530612244898,0.025694444444444447,0.1388888888888889,0.09537037037037038,0.03173825389402098,0.04489795918367347,0.04057539682539682,0.2222222222222222,0.10092592592592592,0.03613647670332511
query_dedup,validation,selected:minus_entities,relevance_grade,1,multiple_entity_dimensions,True,99,69,30,0.0707070707070707,0.018357487922705314,0.07246376811594203,0.07246376811594203,0.051759834368530024,0.037037037037037035,0.021256038647342997,0.08695652173913043,0.07729468599033817,0.03154578254266399,0.03838383838383839,0.035748792270531404,0.10144927536231885,0.08091787439613528,0.03353526247712833,0.03535353535353536,0.037560386473429956,0.11594202898550725,0.0823671497584541,0.034811754849146656,0.04040404040404041,0.054698642742121,0.21739130434782608,0.08841078256881192,0.039947512997416515
query_dedup,validation,selected:minus_context,relevance_grade,1,query_language,EN,44,25,19,0.045454545454545456,0.008,0.04,0.04,0.005714285714285714,0.022727272727272728,0.008,0.04,0.04,0.003356687972425322,0.022727272727272728,0.008,0.04,0.04,0.003141187510973313,0.02727272727272728,0.048,0.08,0.045714285714285714,0.016474520844306645,0.03409090909090909,0.06671428571428571,0.16,0.050172490048651035,0.026684169952735436
query_dedup,validation,selected:minus_context,relevance_grade,1,query_language,ID,20,16,4,0.1,0.041666666666666664,0.125,0.125,0.08928571428571429,0.05,0.041666666666666664,0.125,0.125,0.05636305450042986,0.05,0.041666666666666664,0.125,0.125,0.052918390232300064,0.04,0.05208333333333333,0.1875,0.13125,0.05590287827643859,0.04000000000000001,0.05208333333333333,0.1875,0.13125,0.05590287827643859
query_dedup,validation,selected:minus_context,relevance_grade,1,query_language,MIXED,35,28,7,0.05714285714285714,0.0071428571428571435,0.03571428571428571,0.03571428571428571,0.03571428571428571,0.05714285714285714,0.014285714285714287,0.07142857142857142,0.05357142857142857,0.03193705801325538,0.06285714285714286,0.03214285714285715,0.10714285714285714,0.060714285714285714,0.029358384942217774,0.060000000000000005,0.03928571428571429,0.14285714285714285,0.06581632653061224,0.03034455837030859,0.049999999999999996,0.045238095238095244,0.17857142857142858,0.06760204081632652,0.030965714079602562
query_dedup,validation,selected:minus_context,relevance_grade,1,query_intent,Comparative Treatment Choice,2,1,1,0.0,0.0,0.0,0.0,0.0,0.0,0.0,0.0,0.0,0.0,0.0,0.0,0.0,0.0,0.0,0.0,0.0,0.0,0.0,0.0,0.025,0.0,0.0,0.0,0.0
query_dedup,validation,selected:minus_context,relevance_grade,1,query_intent,Dosing / Administration,21,13,8,0.09523809523809523,0.015384615384615385,0.07692307692307693,0.07692307692307693,0.07692307692307693,0.06349206349206349,0.03076923076923077,0.15384615384615385,0.11538461538461539,0.0687875095670116,0.047619047619047616,0.06923076923076922,0.23076923076923078,0.13076923076923078,0.06323344449093059,0.02857142857142857,0.06923076923076922,0.23076923076923078,0.13076923076923078,0.06323344449093059,0.030952380952380953,0.06923076923076922,0.23076923076923078,0.13076923076923078,0.06323344449093059
query_dedup,validation,selected:minus_context,relevance_grade,1,query_intent,Efficacy / Outcomes,3,1,2,0.0,0.0,0.0,0.0,0.0,0.0,0.0,0.0,0.0,0.0,0.0,0.0,0.0,0.0,0.0,0.0,0.0,0.0,0.0,0.0,0.0,0.0,0.0,0.0,0.0
query_dedup,validation,selected:minus_context,relevance_grade,1,query_intent,Guideline / Evidence Lookup,8,7,1,0.0,0.0,0.0,0.0,0.0,0.0,0.0,0.0,0.0,0.0,0.025,0.0,0.0,0.0,0.0,0.0625,0.028571428571428574,0.14285714285714285,0.02040816326530612,0.003944693712363256,0.05625,0.028571428571428574,0.14285714285714285,0.02040816326530612,0.003944693712363256
query_dedup,validation,selected:minus_context,relevance_grade,1,query_intent,Interaction / Combination,4,4,0,0.25,0.125,0.25,0.25,0.25,0.08333333333333333,0.125,0.25,0.25,0.1532867981913646,0.05,0.125,0.25,0.25,0.1532867981913646,0.07500000000000001,0.375,0.5,0.2857142857142857,0.2366201315246979,0.0625,0.375,0.5,0.2857142857142857,0.2366201315246979
query_dedup,validation,selected:minus_context,relevance_grade,1,query_intent,Management / Treatment Selection,14,10,4,0.07142857142857142,0.0,0.0,0.0,0.0,0.023809523809523808,0.0,0.0,0.0,0.0,0.014285714285714287,0.0,0.0,0.0,0.0,0.021428571428571432,0.016666666666666666,0.1,0.01,0.006568866609004654,0.017857142857142856,0.016666666666666666,0.1,0.01,0.006568866609004654
query_dedup,validation,selected:minus_context,relevance_grade,1,query_intent,Mechanism / Background Knowledge,6,4,2,0.0,0.0,0.0,0.0,0.0,0.0,0.0,0.0,0.0,0.0,0.03333333333333333,0.0,0.0,0.0,0.0,0.06666666666666667,0.0,0.0,0.0,0.0,0.06666666666666667,0.0,0.0,0.0,0.0
query_dedup,validation,selected:minus_context,relevance_grade,1,query_intent,Monitoring / Response / Risk Assessment,9,6,3,0.0,0.0,0.0,0.0,0.0,0.0,0.0,0.0,0.0,0.0,0.0,0.0,0.0,0.0,0.0,0.011111111111111112,0.0,0.0,0.0,0.0,0.027777777777777776,0.023809523809523808,0.16666666666666666,0.008771929824561403,0.005467239488220604
query_dedup,validation,selected:minus_context,relevance_grade,1,query_intent,Prophylaxis / Maintenance,4,3,1,0.0,0.0,0.0,0.0,0.0,0.0,0.0,0.0,0.0,0.0,0.0,0.0,0.0,0.0,0.0,0.025,0.0,0.0,0.0,0.0,0.037500000000000006,0.0,0.0,0.0,0.0
query_dedup,validation,selected:minus_context,relevance_grade,1,query_intent,Safety / Contraindication,14,10,4,0.14285714285714285,0.03666666666666667,0.2,0.2,0.05714285714285714,0.07142857142857142,0.03666666666666667,0.2,0.2,0.03725788785520524,0.08571428571428572,0.03666666666666667,0.2,0.2,0.031207673872567548,0.05714285714285714,0.03666666666666667,0.2,0.2,0.029413988134184537,0.05714285714285715,0.06916666666666667,0.3,0.20588235294117646,0.05165776721232416
query_dedup,validation,selected:minus_context,relevance_grade,1,query_intent,Treatment Change / Escalation,14,10,4,0.0,0.0,0.0,0.0,0.0,0.07142857142857142,0.0,0.0,0.0,0.0,0.08571428571428572,0.0,0.0,0.0,0.0,0.07142857142857142,0.0,0.0,0.0,0.0,0.057142857142857155,0.016666666666666666,0.1,0.005,0.0017392359860231282
query_dedup,validation,selected:minus_context,relevance_grade,1,has_context,False,50,33,17,0.06,0.0202020202020202,0.06060606060606061,0.06060606060606061,0.04329004329004329,0.026666666666666665,0.0202020202020202,0.06060606060606061,0.06060606060606061,0.027327541575965994,0.028000000000000004,0.0202020202020202,0.06060606060606061,0.06060606060606061,0.025657401324751545,0.04,0.05555555555555556,0.12121212121212122,0.06796536796536796,0.03720543593201063,0.04,0.05988455988455989,0.15151515151515152,0.0695602642971064,0.03819947947532347
query_dedup,validation,selected:minus_context,relevance_grade,1,has_context,True,49,36,13,0.061224489795918366,0.011111111111111112,0.05555555555555555,0.05555555555555555,0.031746031746031744,0.05442176870748299,0.01666666666666667,0.08333333333333333,0.06944444444444445,0.02717096732449399,0.05714285714285715,0.030555555555555558,0.1111111111111111,0.07500000000000001,0.025015679615456404,0.04285714285714286,0.036111111111111115,0.1388888888888889,0.07896825396825397,0.02578270339286037,0.041836734693877546,0.04976851851851852,0.19444444444444445,0.08199112978524742,0.03244465202179446
query_dedup,validation,selected:minus_context,relevance_grade,1,multiple_entity_dimensions,True,99,69,30,0.06060606060606061,0.015458937198067632,0.057971014492753624,0.057971014492753624,0.037267080745341616,0.0404040404040404,0.018357487922705314,0.07246376811594203,0.06521739130434782,0.027245850662154514,0.042424242424242434,0.025603864734299518,0.08695652173913043,0.06811594202898551,0.025322589998162774,0.04141414141414141,0.04541062801932367,0.13043478260869565,0.07370600414078675,0.031245749389845274,0.04090909090909091,0.05460662525879917,0.17391304347826086,0.07604593324744086,0.035196960803917036
query_dedup,validation,selected:minus_intent,relevance_grade,1,query_language,EN,44,25,19,0.045454545454545456,0.008,0.04,0.04,0.005714285714285714,0.022727272727272728,0.008,0.04,0.04,0.003356687972425322,0.022727272727272728,0.008,0.04,0.04,0.003141187510973313,0.025,0.016,0.04,0.04,0.009497235267013248,0.028409090909090908,0.061,0.12,0.04568627450980392,0.023824820483179528
query_dedup,validation,selected:minus_intent,relevance_grade,1,query_language,ID,20,16,4,0.1,0.041666666666666664,0.125,0.125,0.08928571428571429,0.06666666666666667,0.041666666666666664,0.125,0.125,0.05636305450042986,0.06,0.041666666666666664,0.125,0.125,0.052918390232300064,0.039999999999999994,0.041666666666666664,0.125,0.125,0.05179733664581068,0.052500000000000005,0.10701884920634921,0.4375,0.14504294590643274,0.07515611084167131
query_dedup,validation,selected:minus_intent,relevance_grade,1,query_language,MIXED,35,28,7,0.08571428571428572,0.0071428571428571435,0.03571428571428571,0.03571428571428571,0.03571428571428571,0.08571428571428572,0.03214285714285715,0.10714285714285714,0.06547619047619048,0.03685512144854443,0.06857142857142857,0.03214285714285715,0.10714285714285714,0.06547619047619048,0.030471315085308582,0.060000000000000005,0.03928571428571429,0.14285714285714285,0.070578231292517,0.0314574885133994,0.06714285714285714,0.075,0.17857142857142858,0.07332548403976975,0.040837829050442025
query_dedup,validation,selected:minus_intent,relevance_grade,1,query_intent,Comparative Treatment Choice,2,1,1,0.0,0.0,0.0,0.0,0.0,0.0,0.0,0.0,0.0,0.0,0.1,0.0,0.0,0.0,0.0,0.05,0.0,0.0,0.0,0.0,0.075,0.0,0.0,0.0,0.0
query_dedup,validation,selected:minus_intent,relevance_grade,1,query_intent,Dosing / Administration,21,13,8,0.09523809523809523,0.015384615384615385,0.07692307692307693,0.07692307692307693,0.07692307692307693,0.06349206349206349,0.06923076923076922,0.23076923076923078,0.14102564102564102,0.07938026158148032,0.0380952380952381,0.06923076923076922,0.23076923076923078,0.14102564102564102,0.06563052479912618,0.023809523809523808,0.06923076923076922,0.23076923076923078,0.14102564102564102,0.06563052479912618,0.028571428571428574,0.06923076923076922,0.23076923076923078,0.14102564102564102,0.06563052479912618
query_dedup,validation,selected:minus_intent,relevance_grade,1,query_intent,Efficacy / Outcomes,3,1,2,0.0,0.0,0.0,0.0,0.0,0.0,0.0,0.0,0.0,0.0,0.0,0.0,0.0,0.0,0.0,0.0,0.0,0.0,0.0,0.0,0.016666666666666666,1.0,1.0,0.07692307692307693,0.2626495350371935
query_dedup,validation,selected:minus_intent,relevance_grade,1,query_intent,Guideline / Evidence Lookup,8,7,1,0.125,0.0,0.0,0.0,0.0,0.041666666666666664,0.0,0.0,0.0,0.0,0.025,0.0,0.0,0.0,0.0,0.05,0.028571428571428574,0.14285714285714285,0.02040816326530612,0.003944693712363256,0.07500000000000001,0.028571428571428574,0.14285714285714285,0.02040816326530612,0.003944693712363256
query_dedup,validation,selected:minus_intent,relevance_grade,1,query_intent,Interaction / Combination,4,4,0,0.25,0.125,0.25,0.25,0.25,0.08333333333333333,0.125,0.25,0.25,0.1532867981913646,0.05,0.125,0.25,0.25,0.1532867981913646,0.025,0.125,0.25,0.25,0.1532867981913646,0.0625,0.5,0.75,0.2916666666666667,0.2622702782395019
query_dedup,validation,selected:minus_intent,relevance_grade,1,query_intent,Management / Treatment Selection,14,10,4,0.07142857142857142,0.0,0.0,0.0,0.0,0.023809523809523808,0.0,0.0,0.0,0.0,0.028571428571428574,0.0,0.0,0.0,0.0,0.021428571428571432,0.0,0.0,0.0,0.0,0.02142857142857143,0.02777777777777778,0.2,0.011513157894736841,0.013537113685549055
query_dedup,validation,selected:minus_intent,relevance_grade,1,query_intent,Mechanism / Background Knowledge,6,4,2,0.0,0.0,0.0,0.0,0.0,0.0,0.0,0.0,0.0,0.0,0.03333333333333333,0.0,0.0,0.0,0.0,0.06666666666666667,0.0,0.0,0.0,0.0,0.06666666666666667,0.0,0.0,0.0,0.0
query_dedup,validation,selected:minus_intent,relevance_grade,1,query_intent,Monitoring / Response / Risk Assessment,9,6,3,0.0,0.0,0.0,0.0,0.0,0.037037037037037035,0.0,0.0,0.0,0.0,0.044444444444444446,0.0,0.0,0.0,0.0,0.03333333333333334,0.0,0.0,0.0,0.0,0.01666666666666667,0.0,0.0,0.0,0.0
query_dedup,validation,selected:minus_intent,relevance_grade,1,query_intent,Prophylaxis / Maintenance,4,3,1,0.0,0.0,0.0,0.0,0.0,0.0,0.0,0.0,0.0,0.0,0.0,0.0,0.0,0.0,0.0,0.0,0.0,0.0,0.0,0.0,0.0625,0.047619047619047616,0.3333333333333333,0.018518518518518517,0.008956481755813433
query_dedup,validation,selected:minus_intent,relevance_grade,1,query_intent,Safety / Contraindication,14,10,4,0.14285714285714285,0.03666666666666667,0.2,0.2,0.05714285714285714,0.09523809523809523,0.03666666666666667,0.2,0.2,0.03725788785520524,0.08571428571428572,0.03666666666666667,0.2,0.2,0.031207673872567548,0.07142857142857144,0.056666666666666664,0.2,0.2,0.045304107524284376,0.06071428571428572,0.06916666666666667,0.3,0.20588235294117646,0.0540992551219681
query_dedup,validation,selected:minus_intent,relevance_grade,1,query_intent,Treatment Change / Escalation,14,10,4,0.0,0.0,0.0,0.0,0.0,0.09523809523809523,0.0,0.0,0.0,0.0,0.07142857142857142,0.0,0.0,0.0,0.0,0.0642857142857143,0.0,0.0,0.0,0.0,0.075,0.0125,0.1,0.006666666666666666,0.0045804039245609714
query_dedup,validation,selected:minus_intent,relevance_grade,1,has_context,False,50,33,17,0.06,0.0202020202020202,0.06060606060606061,0.06060606060606061,0.04329004329004329,0.04,0.0202020202020202,0.06060606060606061,0.06060606060606061,0.027327541575965994,0.036000000000000004,0.0202020202020202,0.06060606060606061,0.06060606060606061,0.025657401324751545,0.042,0.0202020202020202,0.06060606060606061,0.06060606060606061,0.02511386019190821,0.048,0.1087061087061087,0.24242424242424243,0.07315990539674751,0.05119943708138317
query_dedup,validation,selected:minus_intent,relevance_grade,1,has_context,True,49,36,13,0.08163265306122448,0.011111111111111112,0.05555555555555555,0.05555555555555555,0.031746031746031744,0.06802721088435373,0.030555555555555558,0.1111111111111111,0.0787037037037037,0.03099612777416325,0.05714285714285715,0.030555555555555558,0.1111111111111111,0.0787037037037037,0.02588129194897147,0.03877551020408163,0.041666666666666664,0.1388888888888889,0.08267195767195767,0.031062237779180952,0.04591836734693878,0.04861111111111111,0.19444444444444445,0.0861577964519141,0.03477766875758225
query_dedup,validation,selected:minus_intent,relevance_grade,1,multiple_entity_dimensions,True,99,69,30,0.0707070707070707,0.015458937198067632,0.057971014492753624,0.057971014492753624,0.037267080745341616,0.05387205387205387,0.025603864734299518,0.08695652173913043,0.07004830917874395,0.029241586548938475,0.04646464646464647,0.025603864734299518,0.08695652173913043,0.07004830917874395,0.02577421382434455,0.04040404040404041,0.03140096618357489,0.10144927536231885,0.07211870255348517,0.02821736154178964,0.04696969696969697,0.07735219691741431,0.21739130434782608,0.07994141377335616,0.04263155795592182
query_dedup,test,R-B0,relevance_grade,1,query_language,EN,47,31,16,0.0,0.0,0.0,0.0,0.0,0.014184397163120567,0.0,0.0,0.0,0.0,0.02553191489361702,0.011827956989247313,0.06451612903225806,0.014516129032258065,0.003525739113977966,0.025531914893617023,0.026472094214029702,0.16129032258064516,0.027764976958525346,0.013390650945337385,0.032978723404255325,0.026472094214029702,0.16129032258064516,0.027764976958525346,0.013390650945337385
query_dedup,test,R-B0,relevance_grade,1,query_language,ID,22,17,5,0.045454545454545456,0.0,0.0,0.0,0.0,0.0606060606060606,0.007352941176470588,0.058823529411764705,0.0196078431372549,0.001971759353036792,0.05454545454545454,0.015756302521008403,0.11764705882352941,0.03137254901960784,0.006370715617676487,0.0681818181818182,0.042226890756302524,0.29411764705882354,0.05693277310924369,0.019188345273611334,0.06136363636363638,0.06043417366946778,0.35294117647058826,0.06039298072170044,0.023058803928788986
query_dedup,test,R-B0,relevance_grade,1,query_language,MIXED,32,20,12,0.03125,0.0,0.0,0.0,0.0,0.041666666666666664,0.0,0.0,0.0,0.0,0.0375,0.0,0.0,0.0,0.0,0.04375,0.025,0.1,0.010555555555555556,0.012557232611852393,0.0359375,0.03125,0.15,0.013680555555555557,0.014966876300712233
query_dedup,test,R-B0,relevance_grade,1,query_intent,Comparative Treatment Choice,6,6,0,0.0,0.0,0.0,0.0,0.0,0.0,0.0,0.0,0.0,0.0,0.0,0.0,0.0,0.0,0.0,0.0,0.0,0.0,0.0,0.0,0.016666666666666666,0.0,0.0,0.0,0.0
query_dedup,test,R-B0,relevance_grade,1,query_intent,Dosing / Administration,25,17,8,0.0,0.0,0.0,0.0,0.0,0.026666666666666665,0.0,0.0,0.0,0.0,0.032,0.0,0.0,0.0,0.0,0.04,0.020168067226890758,0.11764705882352941,0.015756302521008403,0.015317081156368085,0.042,0.027521008403361344,0.17647058823529413,0.019432773109243698,0.018151956084438488
query_dedup,test,R-B0,relevance_grade,1,query_intent,Efficacy / Outcomes,6,3,3,0.0,0.0,0.0,0.0,0.0,0.05555555555555555,0.0,0.0,0.0,0.0,0.03333333333333333,0.0,0.0,0.0,0.0,0.03333333333333333,0.0,0.0,0.0,0.0,0.041666666666666664,0.0,0.0,0.0,0.0
query_dedup,test,R-B0,relevance_grade,1,query_intent,Guideline / Evidence Lookup,8,7,1,0.125,0.0,0.0,0.0,0.0,0.08333333333333333,0.0,0.0,0.0,0.0,0.05,0.0,0.0,0.0,0.0,0.05,0.0,0.0,0.0,0.0,0.037500000000000006,0.0,0.0,0.0,0.0
query_dedup,test,R-B0,relevance_grade,1,query_intent,Interaction / Combination,5,4,1,0.0,0.0,0.0,0.0,0.0,0.0,0.0,0.0,0.0,0.0,0.04,0.03571428571428571,0.25,0.05,0.019878851499579738,0.04,0.08571428571428572,0.5,0.09166666666666667,0.03133267296720072,0.06,0.12142857142857143,0.5,0.09166666666666667,0.03575268228114174
query_dedup,test,R-B0,relevance_grade,1,query_intent,Management / Treatment Selection,10,8,2,0.1,0.0,0.0,0.0,0.0,0.03333333333333333,0.0,0.0,0.0,0.0,0.04,0.020833333333333332,0.125,0.03125,0.0030994456251215003,0.030000000000000006,0.03645833333333333,0.25,0.049107142857142856,0.01831845336347478,0.034999999999999996,0.03645833333333333,0.25,0.049107142857142856,0.01831845336347478
query_dedup,test,R-B0,relevance_grade,1,query_intent,Mechanism / Background Knowledge,7,3,4,0.0,0.0,0.0,0.0,0.0,0.0,0.0,0.0,0.0,0.0,0.028571428571428574,0.0,0.0,0.0,0.0,0.05714285714285715,0.037037037037037035,0.3333333333333333,0.047619047619047616,0.015306726023415746,0.04285714285714286,0.037037037037037035,0.3333333333333333,0.047619047619047616,0.015306726023415746
query_dedup,test,R-B0,relevance_grade,1,query_intent,Monitoring / Response / Risk Assessment,6,5,1,0.0,0.0,0.0,0.0,0.0,0.0,0.0,0.0,0.0,0.0,0.0,0.0,0.0,0.0,0.0,0.016666666666666666,0.0,0.0,0.0,0.0,0.025000000000000005,0.0,0.0,0.0,0.0
query_dedup,test,R-B0,relevance_grade,1,query_intent,Prophylaxis / Maintenance,9,6,3,0.0,0.0,0.0,0.0,0.0,0.037037037037037035,0.0,0.0,0.0,0.0,0.06666666666666668,0.03333333333333333,0.16666666666666666,0.03333333333333333,0.014083724588724157,0.06666666666666667,0.08888888888888889,0.3333333333333333,0.05000000000000001,0.04998810698356775,0.05555555555555555,0.08888888888888889,0.3333333333333333,0.05000000000000001,0.04998810698356775
query_dedup,test,R-B0,relevance_grade,1,query_intent,Safety / Contraindication,12,6,6,0.0,0.0,0.0,0.0,0.0,0.05555555555555555,0.020833333333333332,0.16666666666666666,0.05555555555555555,0.00558665150027091,0.05000000000000001,0.020833333333333332,0.16666666666666666,0.05555555555555555,0.004797793250363556,0.05000000000000001,0.041666666666666664,0.3333333333333333,0.07638888888888888,0.013103470819900152,0.037500000000000006,0.041666666666666664,0.3333333333333333,0.07638888888888888,0.013103470819900152
query_dedup,test,R-B0,relevance_grade,1,query_intent,Treatment Change / Escalation,7,3,4,0.0,0.0,0.0,0.0,0.0,0.047619047619047616,0.0,0.0,0.0,0.0,0.028571428571428574,0.0,0.0,0.0,0.0,0.042857142857142864,0.05555555555555555,0.3333333333333333,0.037037037037037035,0.011906119289328767,0.042857142857142864,0.1111111111111111,0.6666666666666666,0.056644880174291944,0.0279453725834141
query_dedup,test,R-B0,relevance_grade,1,has_context,False,52,34,18,0.019230769230769232,0.0,0.0,0.0,0.0,0.02564102564102564,0.0,0.0,0.0,0.0,0.03461538461538462,0.014985994397759102,0.08823529411764706,0.01911764705882353,0.005553332897989292,0.038461538461538464,0.0425186741363212,0.23529411764705882,0.03863211951447246,0.01921898519459533,0.04038461538461539,0.05162231559290382,0.2647058823529412,0.04036222332070083,0.021154214522184155
query_dedup,test,R-B0,relevance_grade,1,has_context,True,49,34,15,0.02040816326530612,0.0,0.0,0.0,0.0,0.04081632653061224,0.003676470588235294,0.029411764705882353,0.00980392156862745,0.000985879676518396,0.036734693877551024,0.003676470588235294,0.029411764705882353,0.00980392156862745,0.0008466693971229805,0.04285714285714286,0.017436974789915967,0.11764705882352941,0.021358543417366944,0.009970917781695832,0.039795918367346944,0.021113445378151262,0.14705882352941177,0.02319677871148459,0.011388355245731034
query_dedup,test,R-B0,relevance_grade,1,multiple_entity_dimensions,True,101,68,33,0.019801980198019802,0.0,0.0,0.0,0.0,0.033003300330033,0.001838235294117647,0.014705882352941176,0.004901960784313725,0.000492939838259198,0.03564356435643565,0.009331232492997199,0.058823529411764705,0.014460784313725489,0.0032000011475561358,0.04059405940594059,0.02997782446311858,0.17647058823529413,0.0299953314659197,0.014594951488145581,0.0400990099009901,0.03636788048552755,0.20588235294117646,0.031779501016092705,0.0162712848839576
query_dedup,test,R-E1,relevance_grade,1,query_language,EN,47,31,16,0.02127659574468085,0.005376344086021505,0.03225806451612903,0.03225806451612903,0.004608294930875576,0.035460992907801414,0.011827956989247313,0.06451612903225806,0.04301075268817204,0.005908718526464502,0.029787234042553193,0.011827956989247313,0.06451612903225806,0.04301075268817204,0.00538036189681845,0.02765957446808511,0.016436251920122887,0.0967741935483871,0.04761904761904762,0.009215346760819521,0.02127659574468085,0.022887864823348696,0.12903225806451613,0.05010043719721139,0.012984751720967186
query_dedup,test,R-E1,relevance_grade,1,query_language,ID,22,17,5,0.045454545454545456,0.0,0.0,0.0,0.0,0.0303030303030303,0.0,0.0,0.0,0.0,0.08181818181818182,0.027521008403361344,0.17647058823529413,0.03529411764705883,0.012275325893733561,0.07272727272727274,0.042226890756302524,0.29411764705882354,0.052100840336134456,0.019651650489898757,0.06363636363636364,0.0800420168067227,0.35294117647058826,0.0551968155683326,0.025149136884161833
query_dedup,test,R-E1,relevance_grade,1,query_language,MIXED,32,20,12,0.03125,0.0,0.0,0.0,0.0,0.041666666666666664,0.0,0.0,0.0,0.0,0.04375,0.008333333333333333,0.05,0.01,0.0023963611231456183,0.03125,0.025,0.1,0.015000000000000003,0.013066392818653808,0.0359375,0.04791666666666666,0.2,0.021203007518796994,0.024710590707007367
query_dedup,test,R-E1,relevance_grade,1,query_intent,Comparative Treatment Choice,6,6,0,0.0,0.0,0.0,0.0,0.0,0.0,0.0,0.0,0.0,0.0,0.0,0.0,0.0,0.0,0.0,0.0,0.0,0.0,0.0,0.0,0.0,0.0,0.0,0.0,0.0
query_dedup,test,R-E1,relevance_grade,1,query_intent,Dosing / Administration,25,17,8,0.0,0.0,0.0,0.0,0.0,0.026666666666666665,0.0,0.0,0.0,0.0,0.032,0.0,0.0,0.0,0.0,0.04,0.008403361344537815,0.058823529411764705,0.008403361344537815,0.007061266267943527,0.036000000000000004,0.027521008403361344,0.17647058823529413,0.016024223454564012,0.016615969611549042
query_dedup,test,R-E1,relevance_grade,1,query_intent,Efficacy / Outcomes,6,3,3,0.0,0.0,0.0,0.0,0.0,0.05555555555555555,0.0,0.0,0.0,0.0,0.03333333333333333,0.0,0.0,0.0,0.0,0.03333333333333333,0.0,0.0,0.0,0.0,0.025000000000000005,0.0,0.0,0.0,0.0
query_dedup,test,R-E1,relevance_grade,1,query_intent,Guideline / Evidence Lookup,8,7,1,0.0,0.0,0.0,0.0,0.0,0.041666666666666664,0.0,0.0,0.0,0.0,0.07500000000000001,0.0,0.0,0.0,0.0,0.05,0.0,0.0,0.0,0.0,0.05,0.09523809523809523,0.2857142857142857,0.017722878625134265,0.024166726596840157
query_dedup,test,R-E1,relevance_grade,1,query_intent,Interaction / Combination,5,4,1,0.0,0.0,0.0,0.0,0.0,0.0,0.0,0.0,0.0,0.0,0.08,0.08571428571428572,0.5,0.1,0.03329201766114074,0.04,0.08571428571428572,0.5,0.1,0.03239523419770995,0.06,0.12142857142857143,0.5,0.1,0.03624557721041403
query_dedup,test,R-E1,relevance_grade,1,query_intent,Management / Treatment Selection,10,8,2,0.2,0.020833333333333332,0.125,0.125,0.017857142857142856,0.06666666666666667,0.020833333333333332,0.125,0.125,0.008379977250406366,0.04,0.020833333333333332,0.125,0.125,0.007196689875545334,0.030000000000000006,0.03645833333333333,0.25,0.14285714285714285,0.022333359512068104,0.03,0.03645833333333333,0.25,0.14285714285714285,0.022333359512068104
query_dedup,test,R-E1,relevance_grade,1,query_intent,Mechanism / Background Knowledge,7,3,4,0.0,0.0,0.0,0.0,0.0,0.0,0.0,0.0,0.0,0.0,0.028571428571428574,0.0,0.0,0.0,0.0,0.042857142857142864,0.0,0.0,0.0,0.0,0.028571428571428574,0.0,0.0,0.0,0.0
query_dedup,test,R-E1,relevance_grade,1,query_intent,Monitoring / Response / Risk Assessment,6,5,1,0.0,0.0,0.0,0.0,0.0,0.05555555555555555,0.0,0.0,0.0,0.0,0.06666666666666667,0.0,0.0,0.0,0.0,0.03333333333333333,0.0,0.0,0.0,0.0,0.025000000000000005,0.0,0.0,0.0,0.0
query_dedup,test,R-E1,relevance_grade,1,query_intent,Prophylaxis / Maintenance,9,6,3,0.1111111111111111,0.0,0.0,0.0,0.0,0.1111111111111111,0.03333333333333333,0.16666666666666666,0.05555555555555555,0.01935507605285811,0.06666666666666668,0.03333333333333333,0.16666666666666666,0.05555555555555555,0.018202949966168214,0.044444444444444446,0.08888888888888889,0.3333333333333333,0.07222222222222223,0.05410733236101181,0.044444444444444446,0.08888888888888889,0.3333333333333333,0.07222222222222223,0.05410733236101181
query_dedup,test,R-E1,relevance_grade,1,query_intent,Safety / Contraindication,12,6,6,0.0,0.0,0.0,0.0,0.0,0.0,0.0,0.0,0.0,0.0,0.05000000000000001,0.020833333333333332,0.16666666666666666,0.03333333333333333,0.012585411591484595,0.05000000000000001,0.041666666666666664,0.3333333333333333,0.05714285714285714,0.013707794779041688,0.037500000000000006,0.041666666666666664,0.3333333333333333,0.05714285714285714,0.013707794779041688
query_dedup,test,R-E1,relevance_grade,1,query_intent,Treatment Change / Escalation,7,3,4,0.0,0.0,0.0,0.0,0.0,0.047619047619047616,0.0,0.0,0.0,0.0,0.05714285714285715,0.05555555555555555,0.3333333333333333,0.06666666666666667,0.01597574082097079,0.042857142857142864,0.05555555555555555,0.3333333333333333,0.06666666666666667,0.015300520668004865,0.04285714285714286,0.1111111111111111,0.3333333333333333,0.06666666666666667,0.04736530905604817
query_dedup,test,R-E1,relevance_grade,1,has_context,False,52,34,18,0.057692307692307696,0.004901960784313725,0.029411764705882353,0.029411764705882353,0.004201680672268907,0.05128205128205128,0.010784313725490198,0.058823529411764705,0.0392156862745098,0.005387361009423517,0.04615384615384616,0.0257703081232493,0.14705882352941177,0.05686274509803921,0.010231956232613155,0.03461538461538461,0.039250700280112044,0.20588235294117646,0.06400560224089635,0.01996451085463147,0.03365384615384615,0.053256302521008395,0.23529411764705882,0.06610644257703081,0.02592647928819533
query_dedup,test,R-E1,relevance_grade,1,has_context,True,49,34,15,0.0,0.0,0.0,0.0,0.0,0.02040816326530612,0.0,0.0,0.0,0.0,0.04489795918367347,0.003676470588235294,0.029411764705882353,0.0058823529411764705,0.0022209549867325757,0.04285714285714285,0.011554621848739496,0.08823529411764706,0.014285714285714285,0.005949655742037944,0.036734693877551024,0.035819327731092435,0.17647058823529413,0.019644132956826457,0.013022769080065876
query_dedup,test,R-E1,relevance_grade,1,multiple_entity_dimensions,True,101,68,33,0.0297029702970297,0.0024509803921568627,0.014705882352941176,0.014705882352941176,0.0021008403361344537,0.0363036303630363,0.005392156862745099,0.029411764705882353,0.0196078431372549,0.0026936805047117584,0.04554455445544554,0.014723389355742297,0.08823529411764706,0.03137254901960784,0.0062264556096728665,0.03861386138613862,0.025402661064425763,0.14705882352941177,0.03914565826330533,0.012957083298334709,0.03514851485148515,0.04453781512605042,0.20588235294117646,0.04287528776692864,0.019474624184130606
query_dedup,test,R-E2,relevance_grade,1,query_language,EN,47,31,16,0.02127659574468085,0.005376344086021505,0.03225806451612903,0.03225806451612903,0.004608294930875576,0.028368794326241134,0.011827956989247313,0.06451612903225806,0.04301075268817204,0.005908718526464502,0.03404255319148936,0.011827956989247313,0.06451612903225806,0.04301075268817204,0.00538036189681845,0.02765957446808511,0.01827956989247312,0.0967741935483871,0.04704301075268817,0.009870421810760732,0.025531914893617023,0.01827956989247312,0.0967741935483871,0.04704301075268817,0.009870421810760732
query_dedup,test,R-E2,relevance_grade,1,query_language,ID,22,17,5,0.045454545454545456,0.0,0.0,0.0,0.0,0.0303030303030303,0.0,0.0,0.0,0.0,0.06363636363636364,0.034873949579831934,0.23529411764705882,0.05,0.01373388854084956,0.06818181818181819,0.042226890756302524,0.29411764705882354,0.058403361344537816,0.01994153147256825,0.07045454545454545,0.0800420168067227,0.35294117647058826,0.062324929971988796,0.03279158707716573
query_dedup,test,R-E2,relevance_grade,1,query_language,MIXED,32,20,12,0.0625,0.0,0.0,0.0,0.0,0.03125,0.0,0.0,0.0,0.0,0.04375,0.008333333333333333,0.05,0.01,0.0023963611231456183,0.04375,0.03125,0.15,0.020555555555555556,0.016031336296517366,0.040624999999999994,0.04791666666666666,0.2,0.02412698412698413,0.025396614031035113
query_dedup,test,R-E2,relevance_grade,1,query_intent,Comparative Treatment Choice,6,6,0,0.0,0.0,0.0,0.0,0.0,0.0,0.0,0.0,0.0,0.0,0.0,0.0,0.0,0.0,0.0,0.016666666666666666,0.0,0.0,0.0,0.0,0.025000000000000005,0.0,0.0,0.0,0.0
query_dedup,test,R-E2,relevance_grade,1,query_intent,Dosing / Administration,25,17,8,0.04,0.0,0.0,0.0,0.0,0.013333333333333332,0.0,0.0,0.0,0.0,0.04,0.0,0.0,0.0,0.0,0.05200000000000001,0.01911764705882353,0.11764705882352941,0.013888888888888888,0.011743983685911097,0.044000000000000004,0.01911764705882353,0.11764705882352941,0.013888888888888888,0.011743983685911097
query_dedup,test,R-E2,relevance_grade,1,query_intent,Efficacy / Outcomes,6,3,3,0.0,0.0,0.0,0.0,0.0,0.05555555555555555,0.0,0.0,0.0,0.0,0.03333333333333333,0.0,0.0,0.0,0.0,0.03333333333333333,0.0,0.0,0.0,0.0,0.025000000000000005,0.0,0.0,0.0,0.0
query_dedup,test,R-E2,relevance_grade,1,query_intent,Guideline / Evidence Lookup,8,7,1,0.0,0.0,0.0,0.0,0.0,0.0,0.0,0.0,0.0,0.0,0.025,0.0,0.0,0.0,0.0,0.05,0.0,0.0,0.0,0.0,0.06875,0.09523809523809523,0.2857142857142857,0.019727891156462587,0.04202296610765227
query_dedup,test,R-E2,relevance_grade,1,query_intent,Interaction / Combination,5,4,1,0.0,0.0,0.0,0.0,0.0,0.0,0.0,0.0,0.0,0.0,0.08,0.08571428571428572,0.5,0.1,0.03329201766114074,0.04,0.08571428571428572,0.5,0.1,0.03239523419770995,0.06,0.12142857142857143,0.5,0.1,0.03624557721041403
query_dedup,test,R-E2,relevance_grade,1,query_intent,Management / Treatment Selection,10,8,2,0.2,0.020833333333333332,0.125,0.125,0.017857142857142856,0.06666666666666667,0.020833333333333332,0.125,0.125,0.008379977250406366,0.04,0.020833333333333332,0.125,0.125,0.007196689875545334,0.030000000000000006,0.03645833333333333,0.25,0.14285714285714285,0.022333359512068104,0.03,0.03645833333333333,0.25,0.14285714285714285,0.022333359512068104
query_dedup,test,R-E2,relevance_grade,1,query_intent,Mechanism / Background Knowledge,7,3,4,0.0,0.0,0.0,0.0,0.0,0.0,0.0,0.0,0.0,0.0,0.028571428571428574,0.0,0.0,0.0,0.0,0.042857142857142864,0.0,0.0,0.0,0.0,0.028571428571428574,0.0,0.0,0.0,0.0
query_dedup,test,R-E2,relevance_grade,1,query_intent,Monitoring / Response / Risk Assessment,6,5,1,0.0,0.0,0.0,0.0,0.0,0.05555555555555555,0.0,0.0,0.0,0.0,0.06666666666666667,0.0,0.0,0.0,0.0,0.03333333333333333,0.0,0.0,0.0,0.0,0.025000000000000005,0.0,0.0,0.0,0.0
query_dedup,test,R-E2,relevance_grade,1,query_intent,Prophylaxis / Maintenance,9,6,3,0.1111111111111111,0.0,0.0,0.0,0.0,0.1111111111111111,0.03333333333333333,0.16666666666666666,0.05555555555555555,0.01935507605285811,0.06666666666666668,0.03333333333333333,0.16666666666666666,0.05555555555555555,0.018202949966168214,0.044444444444444446,0.08888888888888889,0.3333333333333333,0.07222222222222223,0.05410733236101181,0.044444444444444446,0.08888888888888889,0.3333333333333333,0.07222222222222223,0.05410733236101181
query_dedup,test,R-E2,relevance_grade,1,query_intent,Safety / Contraindication,12,6,6,0.0,0.0,0.0,0.0,0.0,0.0,0.0,0.0,0.0,0.0,0.05000000000000001,0.041666666666666664,0.3333333333333333,0.075,0.016718005758313264,0.041666666666666664,0.041666666666666664,0.3333333333333333,0.075,0.014529124229938593,0.03333333333333333,0.041666666666666664,0.3333333333333333,0.075,0.014529124229938593
query_dedup,test,R-E2,relevance_grade,1,query_intent,Treatment Change / Escalation,7,3,4,0.0,0.0,0.0,0.0,0.0,0.047619047619047616,0.0,0.0,0.0,0.0,0.05714285714285715,0.05555555555555555,0.3333333333333333,0.06666666666666667,0.01597574082097079,0.042857142857142864,0.05555555555555555,0.3333333333333333,0.06666666666666667,0.015300520668004865,0.049999999999999996,0.1111111111111111,0.3333333333333333,0.06666666666666667,0.04736530905604817
query_dedup,test,R-E2,relevance_grade,1,has_context,False,52,34,18,0.057692307692307696,0.004901960784313725,0.029411764705882353,0.029411764705882353,0.004201680672268907,0.05128205128205128,0.010784313725490198,0.058823529411764705,0.0392156862745098,0.005387361009423517,0.04615384615384616,0.0257703081232493,0.14705882352941177,0.05686274509803921,0.010231956232613155,0.03461538461538461,0.039250700280112044,0.20588235294117646,0.06400560224089635,0.01996451085463147,0.03365384615384615,0.053256302521008395,0.23529411764705882,0.06610644257703081,0.02592647928819533
query_dedup,test,R-E2,relevance_grade,1,has_context,True,49,34,15,0.02040816326530612,0.0,0.0,0.0,0.0,0.006802721088435374,0.0,0.0,0.0,0.0,0.04081632653061224,0.007352941176470588,0.058823529411764705,0.013235294117647059,0.002950236310290576,0.04897959183673469,0.016911764705882352,0.11764705882352941,0.020179738562091504,0.008435954942356477,0.046938775510204075,0.03161764705882353,0.14705882352941177,0.022140522875816995,0.014408001213748852
query_dedup,test,R-E2,relevance_grade,1,multiple_entity_dimensions,True,101,68,33,0.039603960396039604,0.0024509803921568627,0.014705882352941176,0.014705882352941176,0.0021008403361344537,0.0297029702970297,0.005392156862745099,0.029411764705882353,0.0196078431372549,0.0026936805047117584,0.04356435643564357,0.016561624649859944,0.10294117647058823,0.03504901960784314,0.006591096271451866,0.04158415841584158,0.028081232492997196,0.16176470588235295,0.042092670401493934,0.014200232898493974,0.0400990099009901,0.04243697478991596,0.19117647058823528,0.044123482726423906,0.020167240250972093
query_dedup,test,R-E3,relevance_grade,1,query_language,EN,47,31,16,0.0,0.0,0.0,0.0,0.0,0.0425531914893617,0.004608294930875576,0.03225806451612903,0.016129032258064516,0.009551029385995655,0.03404255319148936,0.004608294930875576,0.03225806451612903,0.016129032258064516,0.008202384616246746,0.03191489361702129,0.023604710701484895,0.16129032258064516,0.035522273425499226,0.016073927686695716,0.02765957446808511,0.05586277521761393,0.1935483870967742,0.03731438812083973,0.023667763601748566
query_dedup,test,R-E3,relevance_grade,1,query_language,ID,22,17,5,0.045454545454545456,0.0,0.0,0.0,0.0,0.07575757575757575,0.007352941176470588,0.058823529411764705,0.0196078431372549,0.00683120331277345,0.06363636363636363,0.007352941176470588,0.058823529411764705,0.0196078431372549,0.00574108535649336,0.06818181818181818,0.046638655462184875,0.29411764705882354,0.0549719887955182,0.023154346082201894,0.04772727272727273,0.08445378151260505,0.35294117647058826,0.05949687567334626,0.02927238789555996
query_dedup,test,R-E3,relevance_grade,1,query_language,MIXED,32,20,12,0.09375,0.0,0.0,0.0,0.0,0.041666666666666664,0.0,0.0,0.0,0.0,0.043750000000000004,0.0,0.0,0.0,0.0,0.037500000000000006,0.008333333333333333,0.05,0.00625,0.0018715555801938125,0.045312500000000006,0.06458333333333333,0.25,0.017777777777777774,0.029006102483686243
query_dedup,test,R-E3,relevance_grade,1,query_intent,Comparative Treatment Choice,6,6,0,0.0,0.0,0.0,0.0,0.0,0.0,0.0,0.0,0.0,0.0,0.0,0.0,0.0,0.0,0.0,0.0,0.0,0.0,0.0,0.0,0.016666666666666666,0.020833333333333332,0.16666666666666666,0.008333333333333333,0.019177469306566216
query_dedup,test,R-E3,relevance_grade,1,query_intent,Dosing / Administration,25,17,8,0.04,0.0,0.0,0.0,0.0,0.05333333333333333,0.008403361344537815,0.058823529411764705,0.029411764705882353,0.017416582997992074,0.04,0.008403361344537815,0.058823529411764705,0.029411764705882353,0.014957289594332304,0.036000000000000004,0.020168067226890758,0.11764705882352941,0.0392156862745098,0.01767233437969632,0.038000000000000006,0.020168067226890758,0.11764705882352941,0.0392156862745098,0.01767233437969632
query_dedup,test,R-E3,relevance_grade,1,query_intent,Efficacy / Outcomes,6,3,3,0.0,0.0,0.0,0.0,0.0,0.05555555555555555,0.0,0.0,0.0,0.0,0.03333333333333333,0.0,0.0,0.0,0.0,0.016666666666666666,0.0,0.0,0.0,0.0,0.025000000000000005,0.3333333333333333,0.3333333333333333,0.018518518518518517,0.07846963778887941
query_dedup,test,R-E3,relevance_grade,1,query_intent,Guideline / Evidence Lookup,8,7,1,0.125,0.0,0.0,0.0,0.0,0.08333333333333333,0.0,0.0,0.0,0.0,0.07500000000000001,0.0,0.0,0.0,0.0,0.0625,0.0,0.0,0.0,0.0,0.06875,0.14285714285714285,0.42857142857142855,0.027854090354090356,0.034344559326727996
query_dedup,test,R-E3,relevance_grade,1,query_intent,Interaction / Combination,5,4,1,0.0,0.0,0.0,0.0,0.0,0.0,0.0,0.0,0.0,0.0,0.04,0.0,0.0,0.0,0.0,0.06000000000000001,0.08571428571428572,0.5,0.07291666666666666,0.02841631665980972,0.05,0.12142857142857143,0.5,0.07291666666666666,0.0322666596725138
query_dedup,test,R-E3,relevance_grade,1,query_intent,Management / Treatment Selection,10,8,2,0.0,0.0,0.0,0.0,0.0,0.03333333333333333,0.0,0.0,0.0,0.0,0.02,0.0,0.0,0.0,0.0,0.05,0.03645833333333333,0.25,0.03869047619047619,0.017793290488819627,0.025,0.03645833333333333,0.25,0.03869047619047619,0.017793290488819627
query_dedup,test,R-E3,relevance_grade,1,query_intent,Mechanism / Background Knowledge,7,3,4,0.0,0.0,0.0,0.0,0.0,0.047619047619047616,0.0,0.0,0.0,0.0,0.05714285714285715,0.0,0.0,0.0,0.0,0.05714285714285715,0.037037037037037035,0.3333333333333333,0.05555555555555555,0.03816656074443859,0.03571428571428571,0.037037037037037035,0.3333333333333333,0.05555555555555555,0.03816656074443859
query_dedup,test,R-E3,relevance_grade,1,query_intent,Monitoring / Response / Risk Assessment,6,5,1,0.0,0.0,0.0,0.0,0.0,0.05555555555555555,0.0,0.0,0.0,0.0,0.06666666666666667,0.0,0.0,0.0,0.0,0.03333333333333333,0.0,0.0,0.0,0.0,0.041666666666666664,0.0,0.0,0.0,0.0
query_dedup,test,R-E3,relevance_grade,1,query_intent,Prophylaxis / Maintenance,9,6,3,0.2222222222222222,0.0,0.0,0.0,0.0,0.07407407407407407,0.0,0.0,0.0,0.0,0.044444444444444446,0.0,0.0,0.0,0.0,0.044444444444444446,0.03333333333333333,0.16666666666666666,0.023809523809523808,0.012135299977445476,0.03888888888888889,0.08888888888888889,0.3333333333333333,0.03422619047619047,0.04252303939634899
query_dedup,test,R-E3,relevance_grade,1,query_intent,Safety / Contraindication,12,6,6,0.0,0.0,0.0,0.0,0.0,0.05555555555555555,0.020833333333333332,0.16666666666666666,0.05555555555555555,0.01935507605285811,0.03333333333333333,0.020833333333333332,0.16666666666666666,0.05555555555555555,0.016266408510064518,0.025000000000000005,0.020833333333333332,0.16666666666666666,0.05555555555555555,0.014081981957217618,0.020833333333333332,0.020833333333333332,0.16666666666666666,0.05555555555555555,0.014081981957217618
query_dedup,test,R-E3,relevance_grade,1,query_intent,Treatment Change / Escalation,7,3,4,0.0,0.0,0.0,0.0,0.0,0.047619047619047616,0.0,0.0,0.0,0.0,0.08571428571428573,0.0,0.0,0.0,0.0,0.08571428571428573,0.0925925925925926,0.6666666666666666,0.08333333333333333,0.03370070148098265,0.0642857142857143,0.14814814814814814,0.6666666666666666,0.08333333333333333,0.06486507121638437
query_dedup,test,R-E3,relevance_grade,1,has_context,False,52,34,18,0.038461538461538464,0.0,0.0,0.0,0.0,0.038461538461538464,0.0,0.0,0.0,0.0,0.04230769230769231,0.0,0.0,0.0,0.0,0.04807692307692309,0.0359827264239029,0.23529411764705882,0.03413865546218487,0.016012505208550954,0.037500000000000006,0.08920401493930906,0.3235294117647059,0.03924486461251168,0.03232315218347168
query_dedup,test,R-E3,relevance_grade,1,has_context,True,49,34,15,0.04081632653061224,0.0,0.0,0.0,0.0,0.061224489795918366,0.007878151260504201,0.058823529411764705,0.024509803921568624,0.012123893155382762,0.04489795918367347,0.007878151260504201,0.058823529411764705,0.024509803921568624,0.010349187475412832,0.034693877551020415,0.013760504201680672,0.08823529411764706,0.029411764705882353,0.011321222829357151,0.03775510204081633,0.04194677871148459,0.17647058823529413,0.034983031674208145,0.02095488650924742
query_dedup,test,R-E3,relevance_grade,1,multiple_entity_dimensions,True,101,68,33,0.039603960396039604,0.0,0.0,0.0,0.0,0.04950495049504951,0.003939075630252101,0.029411764705882353,0.012254901960784312,0.006061946577691381,0.04356435643564357,0.003939075630252101,0.029411764705882353,0.012254901960784312,0.005174593737706416,0.04158415841584158,0.024871615312791782,0.16176470588235295,0.03177521008403361,0.013666864018954053,0.03762376237623762,0.06557539682539681,0.25,0.03711394814335991,0.026639019346359552
query_dedup,test,R-E4,relevance_grade,1,query_language,EN,47,31,16,0.0,0.0,0.0,0.0,0.0,0.0070921985815602835,0.0,0.0,0.0,0.0,0.01702127659574468,0.005376344086021505,0.03225806451612903,0.0064516129032258064,0.0007184670144906107,0.02765957446808511,0.020020481310803893,0.12903225806451613,0.021236559139784946,0.00875389429429476,0.0297872340425532,0.03453661034306196,0.1935483870967742,0.02586690332870299,0.018075693620891814
query_dedup,test,R-E4,relevance_grade,1,query_language,ID,22,17,5,0.09090909090909091,0.0,0.0,0.0,0.0,0.0606060606060606,0.007352941176470588,0.058823529411764705,0.0196078431372549,0.00683120331277345,0.06363636363636363,0.007352941176470588,0.058823529411764705,0.0196078431372549,0.00574108535649336,0.08181818181818183,0.042226890756302524,0.29411764705882354,0.0546218487394958,0.01990844082738152,0.06363636363636364,0.0800420168067227,0.35294117647058826,0.057889822595704944,0.02547040136812939
query_dedup,test,R-E4,relevance_grade,1,query_language,MIXED,32,20,12,0.0625,0.0,0.0,0.0,0.0,0.05208333333333333,0.0,0.0,0.0,0.0,0.043750000000000004,0.0,0.0,0.0,0.0,0.043750000000000004,0.008333333333333333,0.05,0.005555555555555555,0.001785917893399315,0.0328125,0.03333333333333333,0.1,0.008680555555555556,0.015351757838004295
query_dedup,test,R-E4,relevance_grade,1,query_intent,Comparative Treatment Choice,6,6,0,0.0,0.0,0.0,0.0,0.0,0.0,0.0,0.0,0.0,0.0,0.0,0.0,0.0,0.0,0.0,0.016666666666666666,0.0,0.0,0.0,0.0,0.008333333333333333,0.0,0.0,0.0,0.0
query_dedup,test,R-E4,relevance_grade,1,query_intent,Dosing / Administration,25,17,8,0.0,0.0,0.0,0.0,0.0,0.013333333333333332,0.0,0.0,0.0,0.0,0.032,0.0,0.0,0.0,0.0,0.044000000000000004,0.008403361344537815,0.058823529411764705,0.00980392156862745,0.007545821384174776,0.036000000000000004,0.020168067226890758,0.11764705882352941,0.015151515151515152,0.01484584586611349
query_dedup,test,R-E4,relevance_grade,1,query_intent,Efficacy / Outcomes,6,3,3,0.0,0.0,0.0,0.0,0.0,0.05555555555555555,0.0,0.0,0.0,0.0,0.03333333333333333,0.0,0.0,0.0,0.0,0.03333333333333333,0.0,0.0,0.0,0.0,0.041666666666666664,0.08333333333333333,0.3333333333333333,0.017543859649122806,0.054958454310516845
query_dedup,test,R-E4,relevance_grade,1,query_intent,Guideline / Evidence Lookup,8,7,1,0.25,0.0,0.0,0.0,0.0,0.125,0.0,0.0,0.0,0.0,0.07500000000000001,0.0,0.0,0.0,0.0,0.0625,0.0,0.0,0.0,0.0,0.04375,0.07142857142857142,0.14285714285714285,0.007936507936507936,0.011345094473978705
query_dedup,test,R-E4,relevance_grade,1,query_intent,Interaction / Combination,5,4,1,0.0,0.0,0.0,0.0,0.0,0.0,0.0,0.0,0.0,0.0,0.0,0.0,0.0,0.0,0.0,0.04,0.08571428571428572,0.5,0.07738095238095238,0.028706582950912676,0.05,0.12142857142857143,0.5,0.07738095238095238,0.03249099991962839
query_dedup,test,R-E4,relevance_grade,1,query_intent,Management / Treatment Selection,10,8,2,0.1,0.0,0.0,0.0,0.0,0.03333333333333333,0.0,0.0,0.0,0.0,0.04,0.020833333333333332,0.125,0.025,0.0027840596811511166,0.04,0.03645833333333333,0.25,0.04285714285714286,0.018009405406303174,0.03,0.03645833333333333,0.25,0.04285714285714286,0.018009405406303174
query_dedup,test,R-E4,relevance_grade,1,query_intent,Mechanism / Background Knowledge,7,3,4,0.0,0.0,0.0,0.0,0.0,0.0,0.0,0.0,0.0,0.0,0.028571428571428574,0.0,0.0,0.0,0.0,0.042857142857142864,0.037037037037037035,0.3333333333333333,0.041666666666666664,0.014486203316909266,0.03571428571428571,0.037037037037037035,0.3333333333333333,0.041666666666666664,0.014486203316909266
query_dedup,test,R-E4,relevance_grade,1,query_intent,Monitoring / Response / Risk Assessment,6,5,1,0.0,0.0,0.0,0.0,0.0,0.0,0.0,0.0,0.0,0.0,0.0,0.0,0.0,0.0,0.0,0.016666666666666666,0.0,0.0,0.0,0.0,0.041666666666666664,0.0,0.0,0.0,0.0
query_dedup,test,R-E4,relevance_grade,1,query_intent,Prophylaxis / Maintenance,9,6,3,0.1111111111111111,0.0,0.0,0.0,0.0,0.07407407407407407,0.0,0.0,0.0,0.0,0.044444444444444446,0.0,0.0,0.0,0.0,0.044444444444444446,0.03333333333333333,0.16666666666666666,0.027777777777777776,0.012968043209033693,0.03888888888888889,0.08888888888888889,0.3333333333333333,0.03819444444444444,0.043355782627937205
query_dedup,test,R-E4,relevance_grade,1,query_intent,Safety / Contraindication,12,6,6,0.0,0.0,0.0,0.0,0.0,0.027777777777777776,0.020833333333333332,0.16666666666666666,0.05555555555555555,0.01935507605285811,0.03333333333333333,0.020833333333333332,0.16666666666666666,0.05555555555555555,0.016266408510064518,0.05833333333333333,0.041666666666666664,0.3333333333333333,0.07936507936507936,0.016894468233107706,0.037500000000000006,0.041666666666666664,0.3333333333333333,0.07936507936507936,0.016894468233107706
query_dedup,test,R-E4,relevance_grade,1,query_intent,Treatment Change / Escalation,7,3,4,0.0,0.0,0.0,0.0,0.0,0.047619047619047616,0.0,0.0,0.0,0.0,0.08571428571428573,0.0,0.0,0.0,0.0,0.07142857142857142,0.05555555555555555,0.3333333333333333,0.037037037037037035,0.011906119289328767,0.0642857142857143,0.1111111111111111,0.3333333333333333,0.037037037037037035,0.04156957341555496
query_dedup,test,R-E4,relevance_grade,1,has_context,False,52,34,18,0.038461538461538464,0.0,0.0,0.0,0.0,0.03205128205128205,0.0,0.0,0.0,0.0,0.03461538461538462,0.004901960784313725,0.029411764705882353,0.0058823529411764705,0.0006550728661532039,0.038461538461538464,0.032714752567693746,0.20588235294117646,0.031034080298786182,0.012231964768440951,0.038461538461538464,0.058975256769374415,0.2647058823529412,0.0344203032090029,0.025506371524279564
query_dedup,test,R-E4,relevance_grade,1,has_context,True,49,34,15,0.04081632653061224,0.0,0.0,0.0,0.0,0.03401360544217687,0.003676470588235294,0.029411764705882353,0.00980392156862745,0.003415601656386725,0.036734693877551024,0.003676470588235294,0.029411764705882353,0.00980392156862745,0.00287054267824668,0.05102040816326531,0.011554621848739496,0.08823529411764706,0.018907563025210083,0.006754287439106395,0.03775510204081633,0.03214285714285714,0.14705882352941177,0.02321534674475851,0.012740054424718426
query_dedup,test,R-E4,relevance_grade,1,multiple_entity_dimensions,True,101,68,33,0.039603960396039604,0.0,0.0,0.0,0.0,0.033003300330033,0.001838235294117647,0.014705882352941176,0.004901960784313725,0.0017078008281933624,0.03564356435643565,0.004289215686274509,0.029411764705882353,0.00784313725490196,0.001762807772199942,0.044554455445544566,0.02213468720821662,0.14705882352941177,0.02497082166199813,0.009493126103773671,0.03811881188118812,0.045559056956115784,0.20588235294117646,0.028817824976880707,0.019123212974499
query_dedup,test,R-E5,relevance_grade,1,query_language,EN,47,31,16,0.02127659574468085,0.005376344086021505,0.03225806451612903,0.03225806451612903,0.004608294930875576,0.035460992907801414,0.011827956989247313,0.06451612903225806,0.04301075268817204,0.005908718526464502,0.03404255319148936,0.011827956989247313,0.06451612903225806,0.04301075268817204,0.00538036189681845,0.025531914893617023,0.016436251920122887,0.0967741935483871,0.04761904761904762,0.009215346760819521,0.02340425531914894,0.027496159754224272,0.16129032258064516,0.051536098310291864,0.013326628196894681
query_dedup,test,R-E5,relevance_grade,1,query_language,ID,22,17,5,0.045454545454545456,0.0,0.0,0.0,0.0,0.045454545454545456,0.0,0.0,0.0,0.0,0.0818181818181818,0.01911764705882353,0.11764705882352941,0.026470588235294117,0.00810114085871812,0.07727272727272728,0.034873949579831934,0.23529411764705882,0.043277310924369754,0.01847672257830058,0.059090909090909104,0.07163865546218487,0.35294117647058826,0.05230137509549274,0.024162296738504063
query_dedup,test,R-E5,relevance_grade,1,query_language,MIXED,32,20,12,0.03125,0.0,0.0,0.0,0.0,0.041666666666666664,0.0,0.0,0.0,0.0,0.04375,0.008333333333333333,0.05,0.01,0.0023963611231456183,0.03125,0.025,0.1,0.01625,0.014050128044396707,0.034375,0.03333333333333333,0.1,0.01625,0.0188598463026032
query_dedup,test,R-E5,relevance_grade,1,query_intent,Comparative Treatment Choice,6,6,0,0.0,0.0,0.0,0.0,0.0,0.0,0.0,0.0,0.0,0.0,0.0,0.0,0.0,0.0,0.0,0.0,0.0,0.0,0.0,0.0,0.0,0.0,0.0,0.0,0.0
query_dedup,test,R-E5,relevance_grade,1,query_intent,Dosing / Administration,25,17,8,0.0,0.0,0.0,0.0,0.0,0.026666666666666665,0.0,0.0,0.0,0.0,0.04,0.0,0.0,0.0,0.0,0.04,0.008403361344537815,0.058823529411764705,0.008403361344537815,0.007061266267943527,0.038000000000000006,0.02857142857142857,0.17647058823529413,0.015546218487394958,0.014558308886668817
query_dedup,test,R-E5,relevance_grade,1,query_intent,Efficacy / Outcomes,6,3,3,0.0,0.0,0.0,0.0,0.0,0.05555555555555555,0.0,0.0,0.0,0.0,0.03333333333333333,0.0,0.0,0.0,0.0,0.03333333333333333,0.0,0.0,0.0,0.0,0.025000000000000005,0.0,0.0,0.0,0.0
query_dedup,test,R-E5,relevance_grade,1,query_intent,Guideline / Evidence Lookup,8,7,1,0.0,0.0,0.0,0.0,0.0,0.08333333333333333,0.0,0.0,0.0,0.0,0.07500000000000001,0.0,0.0,0.0,0.0,0.05,0.0,0.0,0.0,0.0,0.05,0.07142857142857142,0.14285714285714285,0.008928571428571428,0.011790477572608055
query_dedup,test,R-E5,relevance_grade,1,query_intent,Interaction / Combination,5,4,1,0.0,0.0,0.0,0.0,0.0,0.0,0.0,0.0,0.0,0.0,0.04,0.05,0.25,0.05,0.013413166161561,0.04,0.08571428571428572,0.5,0.08571428571428572,0.029769144181421903,0.04,0.08571428571428572,0.5,0.08571428571428572,0.029769144181421903
query_dedup,test,R-E5,relevance_grade,1,query_intent,Management / Treatment Selection,10,8,2,0.2,0.020833333333333332,0.125,0.125,0.017857142857142856,0.06666666666666667,0.020833333333333332,0.125,0.125,0.008379977250406366,0.04,0.020833333333333332,0.125,0.125,0.007196689875545334,0.04,0.03645833333333333,0.25,0.14285714285714285,0.022333359512068104,0.03,0.03645833333333333,0.25,0.14285714285714285,0.022333359512068104
query_dedup,test,R-E5,relevance_grade,1,query_intent,Mechanism / Background Knowledge,7,3,4,0.0,0.0,0.0,0.0,0.0,0.0,0.0,0.0,0.0,0.0,0.028571428571428574,0.0,0.0,0.0,0.0,0.042857142857142864,0.0,0.0,0.0,0.0,0.028571428571428574,0.0,0.0,0.0,0.0
query_dedup,test,R-E5,relevance_grade,1,query_intent,Monitoring / Response / Risk Assessment,6,5,1,0.0,0.0,0.0,0.0,0.0,0.05555555555555555,0.0,0.0,0.0,0.0,0.06666666666666667,0.0,0.0,0.0,0.0,0.03333333333333333,0.0,0.0,0.0,0.0,0.025000000000000005,0.0,0.0,0.0,0.0
query_dedup,test,R-E5,relevance_grade,1,query_intent,Prophylaxis / Maintenance,9,6,3,0.1111111111111111,0.0,0.0,0.0,0.0,0.1111111111111111,0.03333333333333333,0.16666666666666666,0.05555555555555555,0.01935507605285811,0.06666666666666668,0.03333333333333333,0.16666666666666666,0.05555555555555555,0.018202949966168214,0.044444444444444446,0.08888888888888889,0.3333333333333333,0.07638888888888888,0.0573864497801548,0.044444444444444446,0.08888888888888889,0.3333333333333333,0.07638888888888888,0.0573864497801548
query_dedup,test,R-E5,relevance_grade,1,query_intent,Safety / Contraindication,12,6,6,0.0,0.0,0.0,0.0,0.0,0.0,0.0,0.0,0.0,0.0,0.05000000000000001,0.020833333333333332,0.16666666666666666,0.041666666666666664,0.014011121658660676,0.03333333333333333,0.020833333333333332,0.16666666666666666,0.041666666666666664,0.012129559040372216,0.037500000000000006,0.041666666666666664,0.3333333333333333,0.05681818181818182,0.014483128659572686
query_dedup,test,R-E5,relevance_grade,1,query_intent,Treatment Change / Escalation,7,3,4,0.0,0.0,0.0,0.0,0.0,0.047619047619047616,0.0,0.0,0.0,0.0,0.08571428571428573,0.05555555555555555,0.3333333333333333,0.06666666666666667,0.01597574082097079,0.05714285714285715,0.05555555555555555,0.3333333333333333,0.06666666666666667,0.015300520668004865,0.04285714285714286,0.1111111111111111,0.3333333333333333,0.06666666666666667,0.04736530905604817
query_dedup,test,R-E5,relevance_grade,1,has_context,False,52,34,18,0.057692307692307696,0.004901960784313725,0.029411764705882353,0.029411764705882353,0.004201680672268907,0.05128205128205128,0.010784313725490198,0.058823529411764705,0.0392156862745098,0.005387361009423517,0.04615384615384616,0.021568627450980392,0.11764705882352941,0.05098039215686274,0.007893267820897892,0.038461538461538464,0.039250700280112044,0.20588235294117646,0.06306022408963585,0.020234226867858113,0.03076923076923077,0.04415266106442577,0.20588235294117646,0.06306022408963585,0.02306347290209723
query_dedup,test,R-E5,relevance_grade,1,has_context,True,49,34,15,0.0,0.0,0.0,0.0,0.0,0.027210884353741496,0.0,0.0,0.0,0.0,0.0489795918367347,0.003676470588235294,0.029411764705882353,0.007352941176470588,0.0024725508809401195,0.03877551020408163,0.007878151260504201,0.058823529411764705,0.011554621848739496,0.0056711435528609775,0.03877551020408163,0.036344537815126046,0.17647058823529413,0.019638082505729564,0.012262451942325366
query_dedup,test,R-E5,relevance_grade,1,multiple_entity_dimensions,True,101,68,33,0.0297029702970297,0.0024509803921568627,0.014705882352941176,0.014705882352941176,0.0021008403361344537,0.039603960396039604,0.005392156862745099,0.029411764705882353,0.0196078431372549,0.0026936805047117584,0.047524752475247525,0.012622549019607843,0.07352941176470588,0.029166666666666667,0.005182909350919006,0.03861386138613861,0.023564425770308123,0.1323529411764706,0.03730742296918768,0.012952685210359546,0.034653465346534656,0.04024859943977591,0.19117647058823528,0.041349153297682704,0.017662962422211298
query_dedup,test,R-E6,relevance_grade,1,query_language,EN,47,31,16,0.02127659574468085,0.005376344086021505,0.03225806451612903,0.03225806451612903,0.004608294930875576,0.028368794326241134,0.011827956989247313,0.06451612903225806,0.04301075268817204,0.005908718526464502,0.029787234042553193,0.011827956989247313,0.06451612903225806,0.04301075268817204,0.00538036189681845,0.025531914893617023,0.011827956989247313,0.06451612903225806,0.04301075268817204,0.005343039452592425,0.026595744680851064,0.022887864823348696,0.12903225806451613,0.04824745147325792,0.012319723074834595
query_dedup,test,R-E6,relevance_grade,1,query_language,ID,22,17,5,0.045454545454545456,0.0,0.0,0.0,0.0,0.0303030303030303,0.0,0.0,0.0,0.0,0.07272727272727274,0.01911764705882353,0.11764705882352941,0.026470588235294117,0.00810114085871812,0.08181818181818183,0.042226890756302524,0.29411764705882354,0.05063025210084034,0.019416153840461397,0.052272727272727276,0.042226890756302524,0.29411764705882354,0.05063025210084034,0.019416153840461397
query_dedup,test,R-E6,relevance_grade,1,query_language,MIXED,32,20,12,0.0625,0.0,0.0,0.0,0.0,0.03125,0.0,0.0,0.0,0.0,0.05,0.008333333333333333,0.05,0.01,0.0023963611231456183,0.040625,0.025,0.1,0.01625,0.014050128044396707,0.040625,0.052976190476190475,0.25,0.02616758241758242,0.025117402352065533
query_dedup,test,R-E6,relevance_grade,1,query_intent,Comparative Treatment Choice,6,6,0,0.0,0.0,0.0,0.0,0.0,0.0,0.0,0.0,0.0,0.0,0.0,0.0,0.0,0.0,0.0,0.0,0.0,0.0,0.0,0.0,0.03333333333333333,0.020833333333333332,0.16666666666666666,0.012820512820512822,0.009481670640614436
query_dedup,test,R-E6,relevance_grade,1,query_intent,Dosing / Administration,25,17,8,0.04,0.0,0.0,0.0,0.0,0.013333333333333332,0.0,0.0,0.0,0.0,0.04800000000000001,0.0,0.0,0.0,0.0,0.052000000000000005,0.0,0.0,0.0,0.0,0.044,0.035924369747899164,0.23529411764705882,0.016692131398013753,0.016737546437356893
query_dedup,test,R-E6,relevance_grade,1,query_intent,Efficacy / Outcomes,6,3,3,0.0,0.0,0.0,0.0,0.0,0.05555555555555555,0.0,0.0,0.0,0.0,0.03333333333333333,0.0,0.0,0.0,0.0,0.03333333333333333,0.0,0.0,0.0,0.0,0.025000000000000005,0.0,0.0,0.0,0.0
query_dedup,test,R-E6,relevance_grade,1,query_intent,Guideline / Evidence Lookup,8,7,1,0.0,0.0,0.0,0.0,0.0,0.0,0.0,0.0,0.0,0.0,0.05,0.0,0.0,0.0,0.0,0.05,0.0,0.0,0.0,0.0,0.037500000000000006,0.0,0.0,0.0,0.0
query_dedup,test,R-E6,relevance_grade,1,query_intent,Interaction / Combination,5,4,1,0.0,0.0,0.0,0.0,0.0,0.0,0.0,0.0,0.0,0.0,0.04,0.05,0.25,0.05,0.013413166161561,0.04,0.08571428571428572,0.5,0.08571428571428572,0.029769144181421903,0.04,0.08571428571428572,0.5,0.08571428571428572,0.029769144181421903
query_dedup,test,R-E6,relevance_grade,1,query_intent,Management / Treatment Selection,10,8,2,0.2,0.020833333333333332,0.125,0.125,0.017857142857142856,0.06666666666666667,0.020833333333333332,0.125,0.125,0.008379977250406366,0.04,0.020833333333333332,0.125,0.125,0.007196689875545334,0.04,0.03645833333333333,0.25,0.14285714285714285,0.022333359512068104,0.03,0.03645833333333333,0.25,0.14285714285714285,0.022333359512068104
query_dedup,test,R-E6,relevance_grade,1,query_intent,Mechanism / Background Knowledge,7,3,4,0.0,0.0,0.0,0.0,0.0,0.0,0.0,0.0,0.0,0.0,0.028571428571428574,0.0,0.0,0.0,0.0,0.042857142857142864,0.0,0.0,0.0,0.0,0.028571428571428574,0.0,0.0,0.0,0.0
query_dedup,test,R-E6,relevance_grade,1,query_intent,Monitoring / Response / Risk Assessment,6,5,1,0.0,0.0,0.0,0.0,0.0,0.05555555555555555,0.0,0.0,0.0,0.0,0.06666666666666667,0.0,0.0,0.0,0.0,0.03333333333333333,0.0,0.0,0.0,0.0,0.025000000000000005,0.0,0.0,0.0,0.0
query_dedup,test,R-E6,relevance_grade,1,query_intent,Prophylaxis / Maintenance,9,6,3,0.1111111111111111,0.0,0.0,0.0,0.0,0.1111111111111111,0.03333333333333333,0.16666666666666666,0.05555555555555555,0.01935507605285811,0.06666666666666668,0.03333333333333333,0.16666666666666666,0.05555555555555555,0.018202949966168214,0.044444444444444446,0.08888888888888889,0.3333333333333333,0.07638888888888888,0.0573864497801548,0.044444444444444446,0.08888888888888889,0.3333333333333333,0.07638888888888888,0.0573864497801548
query_dedup,test,R-E6,relevance_grade,1,query_intent,Safety / Contraindication,12,6,6,0.0,0.0,0.0,0.0,0.0,0.0,0.0,0.0,0.0,0.0,0.03333333333333333,0.020833333333333332,0.16666666666666666,0.041666666666666664,0.014011121658660676,0.041666666666666664,0.041666666666666664,0.3333333333333333,0.0625,0.014791280949827873,0.029166666666666664,0.041666666666666664,0.3333333333333333,0.0625,0.014791280949827873
query_dedup,test,R-E6,relevance_grade,1,query_intent,Treatment Change / Escalation,7,3,4,0.0,0.0,0.0,0.0,0.0,0.047619047619047616,0.0,0.0,0.0,0.0,0.08571428571428573,0.05555555555555555,0.3333333333333333,0.06666666666666667,0.01597574082097079,0.05714285714285715,0.05555555555555555,0.3333333333333333,0.06666666666666667,0.015300520668004865,0.049999999999999996,0.1111111111111111,0.3333333333333333,0.06666666666666667,0.04736530905604817
query_dedup,test,R-E6,relevance_grade,1,has_context,False,52,34,18,0.057692307692307696,0.004901960784313725,0.029411764705882353,0.029411764705882353,0.004201680672268907,0.05128205128205128,0.010784313725490198,0.058823529411764705,0.0392156862745098,0.005387361009423517,0.04615384615384616,0.021568627450980392,0.11764705882352941,0.05098039215686274,0.007893267820897892,0.038461538461538464,0.039250700280112044,0.20588235294117646,0.06306022408963585,0.020234226867858113,0.03076923076923077,0.04415266106442577,0.20588235294117646,0.06306022408963585,0.02306347290209723
query_dedup,test,R-E6,relevance_grade,1,has_context,True,49,34,15,0.02040816326530612,0.0,0.0,0.0,0.0,0.006802721088435374,0.0,0.0,0.0,0.0,0.04489795918367347,0.003676470588235294,0.029411764705882353,0.007352941176470588,0.0024725508809401195,0.046938775510204075,0.007352941176470588,0.058823529411764705,0.011029411764705883,0.0026102260499696246,0.04285714285714286,0.028991596638655463,0.20588235294117646,0.021637920902626787,0.01265223526405062
query_dedup,test,R-E6,relevance_grade,1,multiple_entity_dimensions,True,101,68,33,0.039603960396039604,0.0024509803921568627,0.014705882352941176,0.014705882352941176,0.0021008403361344537,0.0297029702970297,0.005392156862745099,0.029411764705882353,0.0196078431372549,0.0026936805047117584,0.04554455445544555,0.012622549019607843,0.07352941176470588,0.029166666666666667,0.005182909350919006,0.042574257425742584,0.023301820728291314,0.1323529411764706,0.03704481792717087,0.011422226458913871,0.03663366336633663,0.03657212885154061,0.20588235294117646,0.04234907249613132,0.017857854083073922
query_dedup,test,R-E7,relevance_grade,1,query_language,EN,47,31,16,0.0,0.0,0.0,0.0,0.0,0.028368794326241134,0.0064516129032258064,0.03225806451612903,0.016129032258064516,0.004727107108794807,0.02978723404255319,0.0064516129032258064,0.03225806451612903,0.016129032258064516,0.004445722349585064,0.02765957446808511,0.01827956989247312,0.0967741935483871,0.025089605734767026,0.009414200182795178,0.026595744680851064,0.02186379928315412,0.12903225806451613,0.026881720430107527,0.010460331075161575
query_dedup,test,R-E7,relevance_grade,1,query_language,ID,22,17,5,0.045454545454545456,0.0,0.0,0.0,0.0,0.0606060606060606,0.011764705882352941,0.058823529411764705,0.0196078431372549,0.004600771823752515,0.05454545454545454,0.011764705882352941,0.058823529411764705,0.0196078431372549,0.004079121358067895,0.059090909090909104,0.026470588235294117,0.17647058823529413,0.035364145658263305,0.012209749847475122,0.06818181818181819,0.06568627450980392,0.35294117647058826,0.045658263305322126,0.03089208459039065
query_dedup,test,R-E7,relevance_grade,1,query_language,MIXED,32,20,12,0.0625,0.0,0.0,0.0,0.0,0.05208333333333333,0.0,0.0,0.0,0.0,0.05625000000000001,0.0,0.0,0.0,0.0,0.05,0.029166666666666664,0.15,0.01625,0.013206983321738147,0.037500000000000006,0.042559523809523804,0.25,0.022006578947368422,0.014953536356181374
query_dedup,test,R-E7,relevance_grade,1,query_intent,Comparative Treatment Choice,6,6,0,0.0,0.0,0.0,0.0,0.0,0.0,0.0,0.0,0.0,0.0,0.0,0.0,0.0,0.0,0.0,0.016666666666666666,0.020833333333333332,0.16666666666666666,0.016666666666666666,0.010435264911260947,0.03333333333333333,0.020833333333333332,0.16666666666666666,0.016666666666666666,0.010435264911260947
query_dedup,test,R-E7,relevance_grade,1,query_intent,Dosing / Administration,25,17,8,0.04,0.0,0.0,0.0,0.0,0.026666666666666665,0.0,0.0,0.0,0.0,0.048,0.0,0.0,0.0,0.0,0.052000000000000005,0.01911764705882353,0.11764705882352941,0.01241830065359477,0.01122757256126515,0.038000000000000006,0.027521008403361344,0.17647058823529413,0.015514275885792912,0.01229412351637484
query_dedup,test,R-E7,relevance_grade,1,query_intent,Efficacy / Outcomes,6,3,3,0.0,0.0,0.0,0.0,0.0,0.05555555555555555,0.0,0.0,0.0,0.0,0.03333333333333333,0.0,0.0,0.0,0.0,0.03333333333333333,0.0,0.0,0.0,0.0,0.025000000000000005,0.0,0.0,0.0,0.0
query_dedup,test,R-E7,relevance_grade,1,query_intent,Guideline / Evidence Lookup,8,7,1,0.0,0.0,0.0,0.0,0.0,0.041666666666666664,0.0,0.0,0.0,0.0,0.1,0.0,0.0,0.0,0.0,0.0625,0.0,0.0,0.0,0.0,0.05625000000000001,0.03571428571428571,0.14285714285714285,0.008928571428571428,0.024904707425186152
query_dedup,test,R-E7,relevance_grade,1,query_intent,Interaction / Combination,5,4,1,0.0,0.0,0.0,0.0,0.0,0.06666666666666667,0.05,0.25,0.08333333333333333,0.01955328025094819,0.04,0.05,0.25,0.08333333333333333,0.017336265771788553,0.04,0.05,0.25,0.08333333333333333,0.017336265771788553,0.030000000000000006,0.05,0.25,0.08333333333333333,0.017336265771788553
query_dedup,test,R-E7,relevance_grade,1,query_intent,Management / Treatment Selection,10,8,2,0.1,0.0,0.0,0.0,0.0,0.03333333333333333,0.0,0.0,0.0,0.0,0.02,0.0,0.0,0.0,0.0,0.030000000000000006,0.03645833333333333,0.25,0.03869047619047619,0.017793290488819627,0.039999999999999994,0.03645833333333333,0.25,0.03869047619047619,0.017793290488819627
query_dedup,test,R-E7,relevance_grade,1,query_intent,Mechanism / Background Knowledge,7,3,4,0.0,0.0,0.0,0.0,0.0,0.047619047619047616,0.0,0.0,0.0,0.0,0.08571428571428573,0.0,0.0,0.0,0.0,0.042857142857142864,0.0,0.0,0.0,0.0,0.028571428571428574,0.037037037037037035,0.3333333333333333,0.018518518518518517,0.010810019221119432
query_dedup,test,R-E7,relevance_grade,1,query_intent,Monitoring / Response / Risk Assessment,6,5,1,0.0,0.0,0.0,0.0,0.0,0.05555555555555555,0.0,0.0,0.0,0.0,0.03333333333333333,0.0,0.0,0.0,0.0,0.03333333333333333,0.0,0.0,0.0,0.0,0.016666666666666666,0.0,0.0,0.0,0.0
query_dedup,test,R-E7,relevance_grade,1,query_intent,Prophylaxis / Maintenance,9,6,3,0.1111111111111111,0.0,0.0,0.0,0.0,0.1111111111111111,0.03333333333333333,0.16666666666666666,0.08333333333333333,0.02442338672877317,0.06666666666666668,0.03333333333333333,0.16666666666666666,0.08333333333333333,0.022969565472856165,0.03333333333333334,0.03333333333333333,0.16666666666666666,0.08333333333333333,0.022969565472856165,0.03888888888888889,0.05416666666666667,0.3333333333333333,0.09375,0.025769514548189463
query_dedup,test,R-E7,relevance_grade,1,query_intent,Safety / Contraindication,12,6,6,0.0,0.0,0.0,0.0,0.0,0.027777777777777776,0.0,0.0,0.0,0.0,0.016666666666666666,0.0,0.0,0.0,0.0,0.041666666666666664,0.020833333333333332,0.16666666666666666,0.020833333333333332,0.0026617219094556576,0.05416666666666667,0.0625,0.3333333333333333,0.03125,0.02400165308334858
query_dedup,test,R-E7,relevance_grade,1,query_intent,Treatment Change / Escalation,7,3,4,0.0,0.0,0.0,0.0,0.0,0.047619047619047616,0.0,0.0,0.0,0.0,0.028571428571428574,0.0,0.0,0.0,0.0,0.042857142857142864,0.1111111111111111,0.3333333333333333,0.041666666666666664,0.048195395069278384,0.05,0.16666666666666666,0.6666666666666666,0.05833333333333333,0.05327111227257952
query_dedup,test,R-E7,relevance_grade,1,has_context,False,52,34,18,0.038461538461538464,0.0,0.0,0.0,0.0,0.05769230769230768,0.011764705882352941,0.058823529411764705,0.024509803921568624,0.0066103953346009344,0.04230769230769231,0.011764705882352941,0.058823529411764705,0.024509803921568624,0.006093013409537976,0.032692307692307694,0.03014705882352941,0.14705882352941177,0.037289915966386554,0.01453220485419657,0.032692307692307694,0.041993464052287585,0.23529411764705882,0.0422327264239029,0.016427996140233672
query_dedup,test,R-E7,relevance_grade,1,has_context,True,49,34,15,0.02040816326530612,0.0,0.0,0.0,0.0,0.027210884353741496,0.0,0.0,0.0,0.0,0.04489795918367347,0.0,0.0,0.0,0.0,0.051020408163265314,0.016911764705882352,0.11764705882352941,0.012826797385620915,0.007925019248994329,0.04591836734693878,0.035819327731092435,0.20588235294117646,0.018051255589955278,0.01735160469771566
query_dedup,test,R-E7,relevance_grade,1,multiple_entity_dimensions,True,101,68,33,0.0297029702970297,0.0,0.0,0.0,0.0,0.0429042904290429,0.0058823529411764705,0.029411764705882353,0.012254901960784312,0.0033051976673004672,0.043564356435643575,0.0058823529411764705,0.029411764705882353,0.012254901960784312,0.003046506704768988,0.041584158415841586,0.023529411764705882,0.1323529411764706,0.025058356676003736,0.011228612051595449,0.03910891089108911,0.03890639589169001,0.22058823529411764,0.030141991006929086,0.01688980041897467
query_dedup,test,full:complete,relevance_grade,1,query_language,EN,47,31,16,0.0,0.0,0.0,0.0,0.0,0.028368794326241134,0.0064516129032258064,0.03225806451612903,0.016129032258064516,0.004727107108794807,0.02978723404255319,0.0064516129032258064,0.03225806451612903,0.016129032258064516,0.004445722349585064,0.02765957446808511,0.01827956989247312,0.0967741935483871,0.025089605734767026,0.009414200182795178,0.026595744680851064,0.02186379928315412,0.12903225806451613,0.026881720430107527,0.010460331075161575
query_dedup,test,full:complete,relevance_grade,1,query_language,ID,22,17,5,0.045454545454545456,0.0,0.0,0.0,0.0,0.0606060606060606,0.011764705882352941,0.058823529411764705,0.0196078431372549,0.004600771823752515,0.05454545454545454,0.011764705882352941,0.058823529411764705,0.0196078431372549,0.004079121358067895,0.059090909090909104,0.026470588235294117,0.17647058823529413,0.035364145658263305,0.012209749847475122,0.06818181818181819,0.06568627450980392,0.35294117647058826,0.045658263305322126,0.03089208459039065
query_dedup,test,full:complete,relevance_grade,1,query_language,MIXED,32,20,12,0.0625,0.0,0.0,0.0,0.0,0.05208333333333333,0.0,0.0,0.0,0.0,0.05625000000000001,0.0,0.0,0.0,0.0,0.05,0.029166666666666664,0.15,0.01625,0.013206983321738147,0.037500000000000006,0.042559523809523804,0.25,0.022006578947368422,0.014953536356181374
query_dedup,test,full:complete,relevance_grade,1,query_intent,Comparative Treatment Choice,6,6,0,0.0,0.0,0.0,0.0,0.0,0.0,0.0,0.0,0.0,0.0,0.0,0.0,0.0,0.0,0.0,0.016666666666666666,0.020833333333333332,0.16666666666666666,0.016666666666666666,0.010435264911260947,0.03333333333333333,0.020833333333333332,0.16666666666666666,0.016666666666666666,0.010435264911260947
query_dedup,test,full:complete,relevance_grade,1,query_intent,Dosing / Administration,25,17,8,0.04,0.0,0.0,0.0,0.0,0.026666666666666665,0.0,0.0,0.0,0.0,0.048,0.0,0.0,0.0,0.0,0.052000000000000005,0.01911764705882353,0.11764705882352941,0.01241830065359477,0.01122757256126515,0.038000000000000006,0.027521008403361344,0.17647058823529413,0.015514275885792912,0.01229412351637484
query_dedup,test,full:complete,relevance_grade,1,query_intent,Efficacy / Outcomes,6,3,3,0.0,0.0,0.0,0.0,0.0,0.05555555555555555,0.0,0.0,0.0,0.0,0.03333333333333333,0.0,0.0,0.0,0.0,0.03333333333333333,0.0,0.0,0.0,0.0,0.025000000000000005,0.0,0.0,0.0,0.0
query_dedup,test,full:complete,relevance_grade,1,query_intent,Guideline / Evidence Lookup,8,7,1,0.0,0.0,0.0,0.0,0.0,0.041666666666666664,0.0,0.0,0.0,0.0,0.1,0.0,0.0,0.0,0.0,0.0625,0.0,0.0,0.0,0.0,0.05625000000000001,0.03571428571428571,0.14285714285714285,0.008928571428571428,0.024904707425186152
query_dedup,test,full:complete,relevance_grade,1,query_intent,Interaction / Combination,5,4,1,0.0,0.0,0.0,0.0,0.0,0.06666666666666667,0.05,0.25,0.08333333333333333,0.01955328025094819,0.04,0.05,0.25,0.08333333333333333,0.017336265771788553,0.04,0.05,0.25,0.08333333333333333,0.017336265771788553,0.030000000000000006,0.05,0.25,0.08333333333333333,0.017336265771788553
query_dedup,test,full:complete,relevance_grade,1,query_intent,Management / Treatment Selection,10,8,2,0.1,0.0,0.0,0.0,0.0,0.03333333333333333,0.0,0.0,0.0,0.0,0.02,0.0,0.0,0.0,0.0,0.030000000000000006,0.03645833333333333,0.25,0.03869047619047619,0.017793290488819627,0.039999999999999994,0.03645833333333333,0.25,0.03869047619047619,0.017793290488819627
query_dedup,test,full:complete,relevance_grade,1,query_intent,Mechanism / Background Knowledge,7,3,4,0.0,0.0,0.0,0.0,0.0,0.047619047619047616,0.0,0.0,0.0,0.0,0.08571428571428573,0.0,0.0,0.0,0.0,0.042857142857142864,0.0,0.0,0.0,0.0,0.028571428571428574,0.037037037037037035,0.3333333333333333,0.018518518518518517,0.010810019221119432
query_dedup,test,full:complete,relevance_grade,1,query_intent,Monitoring / Response / Risk Assessment,6,5,1,0.0,0.0,0.0,0.0,0.0,0.05555555555555555,0.0,0.0,0.0,0.0,0.03333333333333333,0.0,0.0,0.0,0.0,0.03333333333333333,0.0,0.0,0.0,0.0,0.016666666666666666,0.0,0.0,0.0,0.0
query_dedup,test,full:complete,relevance_grade,1,query_intent,Prophylaxis / Maintenance,9,6,3,0.1111111111111111,0.0,0.0,0.0,0.0,0.1111111111111111,0.03333333333333333,0.16666666666666666,0.08333333333333333,0.02442338672877317,0.06666666666666668,0.03333333333333333,0.16666666666666666,0.08333333333333333,0.022969565472856165,0.03333333333333334,0.03333333333333333,0.16666666666666666,0.08333333333333333,0.022969565472856165,0.03888888888888889,0.05416666666666667,0.3333333333333333,0.09375,0.025769514548189463
query_dedup,test,full:complete,relevance_grade,1,query_intent,Safety / Contraindication,12,6,6,0.0,0.0,0.0,0.0,0.0,0.027777777777777776,0.0,0.0,0.0,0.0,0.016666666666666666,0.0,0.0,0.0,0.0,0.041666666666666664,0.020833333333333332,0.16666666666666666,0.020833333333333332,0.0026617219094556576,0.05416666666666667,0.0625,0.3333333333333333,0.03125,0.02400165308334858
query_dedup,test,full:complete,relevance_grade,1,query_intent,Treatment Change / Escalation,7,3,4,0.0,0.0,0.0,0.0,0.0,0.047619047619047616,0.0,0.0,0.0,0.0,0.028571428571428574,0.0,0.0,0.0,0.0,0.042857142857142864,0.1111111111111111,0.3333333333333333,0.041666666666666664,0.048195395069278384,0.05,0.16666666666666666,0.6666666666666666,0.05833333333333333,0.05327111227257952
query_dedup,test,full:complete,relevance_grade,1,has_context,False,52,34,18,0.038461538461538464,0.0,0.0,0.0,0.0,0.05769230769230768,0.011764705882352941,0.058823529411764705,0.024509803921568624,0.0066103953346009344,0.04230769230769231,0.011764705882352941,0.058823529411764705,0.024509803921568624,0.006093013409537976,0.032692307692307694,0.03014705882352941,0.14705882352941177,0.037289915966386554,0.01453220485419657,0.032692307692307694,0.041993464052287585,0.23529411764705882,0.0422327264239029,0.016427996140233672
query_dedup,test,full:complete,relevance_grade,1,has_context,True,49,34,15,0.02040816326530612,0.0,0.0,0.0,0.0,0.027210884353741496,0.0,0.0,0.0,0.0,0.04489795918367347,0.0,0.0,0.0,0.0,0.051020408163265314,0.016911764705882352,0.11764705882352941,0.012826797385620915,0.007925019248994329,0.04591836734693878,0.035819327731092435,0.20588235294117646,0.018051255589955278,0.01735160469771566
query_dedup,test,full:complete,relevance_grade,1,multiple_entity_dimensions,True,101,68,33,0.0297029702970297,0.0,0.0,0.0,0.0,0.0429042904290429,0.0058823529411764705,0.029411764705882353,0.012254901960784312,0.0033051976673004672,0.043564356435643575,0.0058823529411764705,0.029411764705882353,0.012254901960784312,0.003046506704768988,0.041584158415841586,0.023529411764705882,0.1323529411764706,0.025058356676003736,0.011228612051595449,0.03910891089108911,0.03890639589169001,0.22058823529411764,0.030141991006929086,0.01688980041897467
query_dedup,test,full:minus_bm25,relevance_grade,1,query_language,EN,47,31,16,0.0,0.0,0.0,0.0,0.0,0.028368794326241134,0.0064516129032258064,0.03225806451612903,0.016129032258064516,0.004727107108794807,0.02553191489361702,0.0064516129032258064,0.03225806451612903,0.016129032258064516,0.004445722349585064,0.023404255319148942,0.0064516129032258064,0.03225806451612903,0.016129032258064516,0.004445722349585064,0.030851063829787244,0.0300563236047107,0.1935483870967742,0.02863960833600302,0.016417582479432025
query_dedup,test,full:minus_bm25,relevance_grade,1,query_language,ID,22,17,5,0.0,0.0,0.0,0.0,0.0,0.07575757575757575,0.011764705882352941,0.058823529411764705,0.0196078431372549,0.004600771823752515,0.05454545454545454,0.011764705882352941,0.058823529411764705,0.0196078431372549,0.004079121358067895,0.06818181818181818,0.026470588235294117,0.17647058823529413,0.03284313725490196,0.007891921327528532,0.05681818181818184,0.048529411764705876,0.23529411764705882,0.03651960784313726,0.023246660432262187
query_dedup,test,full:minus_bm25,relevance_grade,1,query_language,MIXED,32,20,12,0.0625,0.0,0.0,0.0,0.0,0.041666666666666664,0.0,0.0,0.0,0.0,0.037500000000000006,0.008333333333333333,0.05,0.01,0.007189083369436855,0.043750000000000004,0.014583333333333332,0.1,0.015555555555555555,0.010145396864484822,0.0421875,0.05089285714285714,0.3,0.028699955015744488,0.02027979974701364
query_dedup,test,full:minus_bm25,relevance_grade,1,query_intent,Comparative Treatment Choice,6,6,0,0.0,0.0,0.0,0.0,0.0,0.0,0.0,0.0,0.0,0.0,0.0,0.0,0.0,0.0,0.0,0.016666666666666666,0.020833333333333332,0.16666666666666666,0.018518518518518517,0.010867208546275445,0.03333333333333333,0.020833333333333332,0.16666666666666666,0.018518518518518517,0.010867208546275445
query_dedup,test,full:minus_bm25,relevance_grade,1,query_intent,Dosing / Administration,25,17,8,0.04,0.0,0.0,0.0,0.0,0.04,0.0,0.0,0.0,0.0,0.024000000000000004,0.0,0.0,0.0,0.0,0.036000000000000004,0.0,0.0,0.0,0.0,0.04,0.035924369747899164,0.23529411764705882,0.01787041647722762,0.016916475589676662
query_dedup,test,full:minus_bm25,relevance_grade,1,query_intent,Efficacy / Outcomes,6,3,3,0.0,0.0,0.0,0.0,0.0,0.05555555555555555,0.0,0.0,0.0,0.0,0.03333333333333333,0.0,0.0,0.0,0.0,0.03333333333333333,0.0,0.0,0.0,0.0,0.024999999999999998,0.0,0.0,0.0,0.0
query_dedup,test,full:minus_bm25,relevance_grade,1,query_intent,Guideline / Evidence Lookup,8,7,1,0.0,0.0,0.0,0.0,0.0,0.0,0.0,0.0,0.0,0.0,0.025,0.0,0.0,0.0,0.0,0.05,0.0,0.0,0.0,0.0,0.05,0.05952380952380952,0.2857142857142857,0.01845238095238095,0.03761761633642594
query_dedup,test,full:minus_bm25,relevance_grade,1,query_intent,Interaction / Combination,5,4,1,0.0,0.0,0.0,0.0,0.0,0.06666666666666667,0.05,0.25,0.08333333333333333,0.01955328025094819,0.04,0.05,0.25,0.08333333333333333,0.017336265771788553,0.08,0.05,0.25,0.08333333333333333,0.017336265771788553,0.06,0.05,0.25,0.08333333333333333,0.017336265771788553
query_dedup,test,full:minus_bm25,relevance_grade,1,query_intent,Management / Treatment Selection,10,8,2,0.0,0.0,0.0,0.0,0.0,0.03333333333333333,0.0,0.0,0.0,0.0,0.02,0.0,0.0,0.0,0.0,0.030000000000000006,0.0,0.0,0.0,0.0,0.035,0.020833333333333332,0.125,0.008928571428571428,0.0018050327316808555
query_dedup,test,full:minus_bm25,relevance_grade,1,query_intent,Mechanism / Background Knowledge,7,3,4,0.0,0.0,0.0,0.0,0.0,0.09523809523809523,0.0,0.0,0.0,0.0,0.08571428571428573,0.0,0.0,0.0,0.0,0.042857142857142864,0.0,0.0,0.0,0.0,0.03571428571428571,0.037037037037037035,0.3333333333333333,0.027777777777777776,0.02895522973624749
query_dedup,test,full:minus_bm25,relevance_grade,1,query_intent,Monitoring / Response / Risk Assessment,6,5,1,0.0,0.0,0.0,0.0,0.0,0.0,0.0,0.0,0.0,0.0,0.03333333333333333,0.0,0.0,0.0,0.0,0.016666666666666666,0.0,0.0,0.0,0.0,0.016666666666666666,0.0,0.0,0.0,0.0
query_dedup,test,full:minus_bm25,relevance_grade,1,query_intent,Prophylaxis / Maintenance,9,6,3,0.1111111111111111,0.0,0.0,0.0,0.0,0.1111111111111111,0.03333333333333333,0.16666666666666666,0.08333333333333333,0.02442338672877317,0.06666666666666668,0.03333333333333333,0.16666666666666666,0.08333333333333333,0.022969565472856165,0.05555555555555555,0.03333333333333333,0.16666666666666666,0.08333333333333333,0.022969565472856165,0.044444444444444446,0.05416666666666667,0.3333333333333333,0.09444444444444444,0.02583073742356069
query_dedup,test,full:minus_bm25,relevance_grade,1,query_intent,Safety / Contraindication,12,6,6,0.0,0.0,0.0,0.0,0.0,0.027777777777777776,0.0,0.0,0.0,0.0,0.03333333333333333,0.0,0.0,0.0,0.0,0.041666666666666664,0.041666666666666664,0.3333333333333333,0.0375,0.01080293324680514,0.049999999999999996,0.0625,0.3333333333333333,0.0375,0.025252535380833326
query_dedup,test,full:minus_bm25,relevance_grade,1,query_intent,Treatment Change / Escalation,7,3,4,0.0,0.0,0.0,0.0,0.0,0.047619047619047616,0.0,0.0,0.0,0.0,0.05714285714285715,0.05555555555555555,0.3333333333333333,0.06666666666666667,0.04792722246291237,0.042857142857142864,0.05555555555555555,0.3333333333333333,0.06666666666666667,0.045901562004014594,0.042857142857142864,0.14814814814814814,0.6666666666666666,0.08627450980392158,0.07215899250609252
query_dedup,test,full:minus_bm25,relevance_grade,1,has_context,False,52,34,18,0.019230769230769232,0.0,0.0,0.0,0.0,0.05769230769230768,0.011764705882352941,0.058823529411764705,0.024509803921568624,0.0066103953346009344,0.04615384615384616,0.016666666666666666,0.08823529411764706,0.030392156862745094,0.01032188597979495,0.038461538461538464,0.016666666666666666,0.08823529411764706,0.030392156862745094,0.010143151233421617,0.03653846153846154,0.04158496732026144,0.23529411764705882,0.04059565002471577,0.01856184642904893
query_dedup,test,full:minus_bm25,relevance_grade,1,has_context,True,49,34,15,0.02040816326530612,0.0,0.0,0.0,0.0,0.027210884353741496,0.0,0.0,0.0,0.0,0.024489795918367346,0.0,0.0,0.0,0.0,0.04081632653061224,0.011029411764705883,0.08823529411764706,0.009885620915032681,0.0038241426693671624,0.04387755102040816,0.04002100840336135,0.23529411764705882,0.020659064447764136,0.01995975001657232
query_dedup,test,full:minus_bm25,relevance_grade,1,multiple_entity_dimensions,True,101,68,33,0.019801980198019802,0.0,0.0,0.0,0.0,0.0429042904290429,0.0058823529411764705,0.029411764705882353,0.012254901960784312,0.0033051976673004672,0.03564356435643565,0.008333333333333333,0.04411764705882353,0.015196078431372547,0.005160942989897476,0.0396039603960396,0.013848039215686274,0.08823529411764706,0.02013888888888889,0.00698364695139439,0.0400990099009901,0.04080298786181139,0.23529411764705882,0.03062735723623995,0.01926079822281063
query_dedup,test,full:minus_dense,relevance_grade,1,query_language,EN,47,31,16,0.0,0.0,0.0,0.0,0.0,0.028368794326241134,0.0064516129032258064,0.03225806451612903,0.016129032258064516,0.004727107108794807,0.03404255319148936,0.0064516129032258064,0.03225806451612903,0.016129032258064516,0.004445722349585064,0.03191489361702128,0.01827956989247312,0.0967741935483871,0.02553763440860215,0.00962136183831363,0.030851063829787237,0.02186379928315412,0.12903225806451613,0.028470185728250243,0.010860953103062582
query_dedup,test,full:minus_dense,relevance_grade,1,query_language,ID,22,17,5,0.045454545454545456,0.0,0.0,0.0,0.0,0.045454545454545456,0.011764705882352941,0.058823529411764705,0.0196078431372549,0.004600771823752515,0.07272727272727274,0.033823529411764704,0.17647058823529413,0.046078431372549015,0.021753176106356655,0.06818181818181819,0.033823529411764704,0.17647058823529413,0.046078431372549015,0.02157713665693018,0.06818181818181818,0.06568627450980392,0.35294117647058826,0.05672818146866589,0.035261828855354706
query_dedup,test,full:minus_dense,relevance_grade,1,query_language,MIXED,32,20,12,0.0625,0.0,0.0,0.0,0.0,0.05208333333333333,0.0,0.0,0.0,0.0,0.05625,0.00625,0.05,0.01,0.004517416614093772,0.05,0.022916666666666665,0.1,0.01625,0.011039549848454532,0.037500000000000006,0.0375,0.2,0.0233578431372549,0.018446443262357066
query_dedup,test,full:minus_dense,relevance_grade,1,query_intent,Comparative Treatment Choice,6,6,0,0.0,0.0,0.0,0.0,0.0,0.0,0.0,0.0,0.0,0.0,0.0,0.0,0.0,0.0,0.0,0.016666666666666666,0.0,0.0,0.0,0.0,0.03333333333333333,0.020833333333333332,0.16666666666666666,0.00980392156862745,0.008657250518986791
query_dedup,test,full:minus_dense,relevance_grade,1,query_intent,Dosing / Administration,25,17,8,0.04,0.0,0.0,0.0,0.0,0.026666666666666665,0.0,0.0,0.0,0.0,0.064,0.007352941176470588,0.058823529411764705,0.011764705882352941,0.005314607781286791,0.055999999999999994,0.01911764705882353,0.11764705882352941,0.01911764705882353,0.012738450874380762,0.038000000000000006,0.01911764705882353,0.11764705882352941,0.01911764705882353,0.012738450874380762
query_dedup,test,full:minus_dense,relevance_grade,1,query_intent,Efficacy / Outcomes,6,3,3,0.0,0.0,0.0,0.0,0.0,0.05555555555555555,0.0,0.0,0.0,0.0,0.03333333333333333,0.0,0.0,0.0,0.0,0.03333333333333333,0.0,0.0,0.0,0.0,0.03333333333333333,0.0,0.0,0.0,0.0
query_dedup,test,full:minus_dense,relevance_grade,1,query_intent,Guideline / Evidence Lookup,8,7,1,0.0,0.0,0.0,0.0,0.0,0.041666666666666664,0.0,0.0,0.0,0.0,0.07500000000000001,0.03571428571428571,0.14285714285714285,0.028571428571428574,0.03938048081713384,0.0875,0.03571428571428571,0.14285714285714285,0.028571428571428574,0.03938048081713384,0.0625,0.05952380952380952,0.2857142857142857,0.04047619047619048,0.053122532983438116
query_dedup,test,full:minus_dense,relevance_grade,1,query_intent,Interaction / Combination,5,4,1,0.0,0.0,0.0,0.0,0.0,0.06666666666666667,0.05,0.25,0.08333333333333333,0.01955328025094819,0.04,0.05,0.25,0.08333333333333333,0.017336265771788553,0.04,0.05,0.25,0.08333333333333333,0.017336265771788553,0.030000000000000006,0.05,0.25,0.08333333333333333,0.017336265771788553
query_dedup,test,full:minus_dense,relevance_grade,1,query_intent,Management / Treatment Selection,10,8,2,0.1,0.0,0.0,0.0,0.0,0.03333333333333333,0.0,0.0,0.0,0.0,0.02,0.0,0.0,0.0,0.0,0.02,0.020833333333333332,0.125,0.020833333333333332,0.002511996380921011,0.03,0.03645833333333333,0.25,0.02818627450980392,0.013505930878025672
query_dedup,test,full:minus_dense,relevance_grade,1,query_intent,Mechanism / Background Knowledge,7,3,4,0.0,0.0,0.0,0.0,0.0,0.047619047619047616,0.0,0.0,0.0,0.0,0.08571428571428573,0.0,0.0,0.0,0.0,0.042857142857142864,0.0,0.0,0.0,0.0,0.03571428571428571,0.037037037037037035,0.3333333333333333,0.030303030303030304,0.012809109735739179
query_dedup,test,full:minus_dense,relevance_grade,1,query_intent,Monitoring / Response / Risk Assessment,6,5,1,0.0,0.0,0.0,0.0,0.0,0.05555555555555555,0.0,0.0,0.0,0.0,0.03333333333333333,0.0,0.0,0.0,0.0,0.03333333333333333,0.0,0.0,0.0,0.0,0.025000000000000005,0.0,0.0,0.0,0.0
query_dedup,test,full:minus_dense,relevance_grade,1,query_intent,Prophylaxis / Maintenance,9,6,3,0.1111111111111111,0.0,0.0,0.0,0.0,0.1111111111111111,0.03333333333333333,0.16666666666666666,0.08333333333333333,0.02442338672877317,0.06666666666666668,0.03333333333333333,0.16666666666666666,0.08333333333333333,0.022969565472856165,0.044444444444444446,0.03333333333333333,0.16666666666666666,0.08333333333333333,0.022969565472856165,0.03888888888888889,0.03333333333333333,0.16666666666666666,0.08333333333333333,0.022969565472856165
query_dedup,test,full:minus_dense,relevance_grade,1,query_intent,Safety / Contraindication,12,6,6,0.0,0.0,0.0,0.0,0.0,0.027777777777777776,0.0,0.0,0.0,0.0,0.05000000000000001,0.020833333333333332,0.16666666666666666,0.041666666666666664,0.004132594166828667,0.05000000000000001,0.020833333333333332,0.16666666666666666,0.041666666666666664,0.0036338157267869933,0.06666666666666667,0.0625,0.3333333333333333,0.05277777777777778,0.02512440883942399
query_dedup,test,full:minus_dense,relevance_grade,1,query_intent,Treatment Change / Escalation,7,3,4,0.0,0.0,0.0,0.0,0.0,0.0,0.0,0.0,0.0,0.0,0.028571428571428574,0.0,0.0,0.0,0.0,0.042857142857142864,0.1111111111111111,0.3333333333333333,0.041666666666666664,0.048195395069278384,0.042857142857142864,0.16666666666666666,0.6666666666666666,0.06018518518518518,0.053443639309464275
query_dedup,test,full:minus_dense,relevance_grade,1,has_context,False,52,34,18,0.038461538461538464,0.0,0.0,0.0,0.0,0.05128205128205128,0.011764705882352941,0.058823529411764705,0.024509803921568624,0.0066103953346009344,0.04230769230769231,0.011764705882352941,0.058823529411764705,0.024509803921568624,0.006093013409537976,0.03461538461538462,0.026470588235294114,0.11764705882352941,0.03308823529411765,0.010936606240573367,0.03461538461538462,0.04321895424836602,0.23529411764705882,0.041577103212051304,0.017945956330830494
query_dedup,test,full:minus_dense,relevance_grade,1,has_context,True,49,34,15,0.02040816326530612,0.0,0.0,0.0,0.0,0.027210884353741496,0.0,0.0,0.0,0.0,0.05714285714285714,0.014705882352941176,0.08823529411764706,0.01911764705882353,0.011494331264787775,0.05714285714285715,0.020588235294117647,0.11764705882352941,0.022794117647058822,0.015118233086621524,0.04795918367346939,0.03161764705882353,0.17647058823529413,0.026485005767012685,0.020438440786319838
query_dedup,test,full:minus_dense,relevance_grade,1,multiple_entity_dimensions,True,101,68,33,0.0297029702970297,0.0,0.0,0.0,0.0,0.0396039603960396,0.0058823529411764705,0.029411764705882353,0.012254901960784312,0.0033051976673004672,0.04950495049504951,0.013235294117647057,0.07352941176470588,0.021813725490196077,0.008793672337162875,0.04554455445544555,0.023529411764705882,0.11764705882352941,0.027941176470588233,0.013027419663597446,0.04108910891089109,0.03741830065359477,0.20588235294117646,0.034031054489531996,0.019192198558575166
query_dedup,test,full:minus_entities,relevance_grade,1,query_language,EN,47,31,16,0.0,0.0,0.0,0.0,0.0,0.014184397163120567,0.0,0.0,0.0,0.0,0.029787234042553193,0.01003584229390681,0.06451612903225806,0.012903225806451613,0.004686795415421466,0.02765957446808511,0.016487455197132614,0.0967741935483871,0.016487455197132614,0.008765233506453092,0.029787234042553193,0.040232974910394265,0.1935483870967742,0.02342352987514278,0.02188058492686369
query_dedup,test,full:minus_entities,relevance_grade,1,query_language,ID,22,17,5,0.045454545454545456,0.0,0.0,0.0,0.0,0.0606060606060606,0.011764705882352941,0.058823529411764705,0.0196078431372549,0.004600771823752515,0.06363636363636363,0.011764705882352941,0.058823529411764705,0.0196078431372549,0.004079121358067895,0.06363636363636364,0.026470588235294117,0.17647058823529413,0.03529411764705882,0.008013248939018598,0.0659090909090909,0.04957983193277311,0.29411764705882354,0.04295600593178448,0.025202467763787553
query_dedup,test,full:minus_entities,relevance_grade,1,query_language,MIXED,32,20,12,0.0625,0.0,0.0,0.0,0.0,0.041666666666666664,0.0,0.0,0.0,0.0,0.0625,0.00625,0.05,0.0125,0.0050291620025957814,0.053125000000000006,0.02708333333333333,0.2,0.03333333333333333,0.015194275968120601,0.040625,0.042559523809523804,0.3,0.04012066365007542,0.017692109209480923
query_dedup,test,full:minus_entities,relevance_grade,1,query_intent,Comparative Treatment Choice,6,6,0,0.0,0.0,0.0,0.0,0.0,0.0,0.0,0.0,0.0,0.0,0.03333333333333333,0.020833333333333332,0.16666666666666666,0.041666666666666664,0.016763873341985938,0.03333333333333333,0.020833333333333332,0.16666666666666666,0.041666666666666664,0.015547460518851116,0.03333333333333333,0.020833333333333332,0.16666666666666666,0.041666666666666664,0.015547460518851116
query_dedup,test,full:minus_entities,relevance_grade,1,query_intent,Dosing / Administration,25,17,8,0.04,0.0,0.0,0.0,0.0,0.04,0.0,0.0,0.0,0.0,0.064,0.0,0.0,0.0,0.0,0.052000000000000005,0.01911764705882353,0.11764705882352941,0.013888888888888888,0.01153348171855984,0.044000000000000004,0.027521008403361344,0.17647058823529413,0.017349096501345636,0.01263891084160717
query_dedup,test,full:minus_entities,relevance_grade,1,query_intent,Efficacy / Outcomes,6,3,3,0.0,0.0,0.0,0.0,0.0,0.05555555555555555,0.0,0.0,0.0,0.0,0.06666666666666667,0.0,0.0,0.0,0.0,0.03333333333333333,0.0,0.0,0.0,0.0,0.049999999999999996,0.08333333333333333,0.3333333333333333,0.023809523809523808,0.0607968106409722
query_dedup,test,full:minus_entities,relevance_grade,1,query_intent,Guideline / Evidence Lookup,8,7,1,0.0,0.0,0.0,0.0,0.0,0.0,0.0,0.0,0.0,0.0,0.025,0.0,0.0,0.0,0.0,0.05,0.0,0.0,0.0,0.0,0.0375,0.03571428571428571,0.14285714285714285,0.01020408163265306,0.026055775988988086
query_dedup,test,full:minus_entities,relevance_grade,1,query_intent,Interaction / Combination,5,4,1,0.0,0.0,0.0,0.0,0.0,0.06666666666666667,0.05,0.25,0.08333333333333333,0.01955328025094819,0.04,0.05,0.25,0.08333333333333333,0.017336265771788553,0.04,0.05,0.25,0.08333333333333333,0.017336265771788553,0.05,0.08571428571428572,0.5,0.09803921568627451,0.04479283779632746
query_dedup,test,full:minus_entities,relevance_grade,1,query_intent,Management / Treatment Selection,10,8,2,0.1,0.0,0.0,0.0,0.0,0.03333333333333333,0.0,0.0,0.0,0.0,0.02,0.0,0.0,0.0,0.0,0.02,0.0,0.0,0.0,0.0,0.034999999999999996,0.03125,0.125,0.009615384615384616,0.01617466511888047
query_dedup,test,full:minus_entities,relevance_grade,1,query_intent,Mechanism / Background Knowledge,7,3,4,0.0,0.0,0.0,0.0,0.0,0.047619047619047616,0.0,0.0,0.0,0.0,0.08571428571428573,0.037037037037037035,0.3333333333333333,0.06666666666666667,0.020262770115240167,0.05714285714285715,0.037037037037037035,0.3333333333333333,0.06666666666666667,0.01776434979518518,0.05,0.11574074074074074,0.6666666666666666,0.08888888888888889,0.04936039684810787
query_dedup,test,full:minus_entities,relevance_grade,1,query_intent,Monitoring / Response / Risk Assessment,6,5,1,0.0,0.0,0.0,0.0,0.0,0.0,0.0,0.0,0.0,0.0,0.0,0.0,0.0,0.0,0.0,0.0,0.0,0.0,0.0,0.0,0.008333333333333333,0.0,0.0,0.0,0.0
query_dedup,test,full:minus_entities,relevance_grade,1,query_intent,Prophylaxis / Maintenance,9,6,3,0.1111111111111111,0.0,0.0,0.0,0.0,0.07407407407407407,0.0,0.0,0.0,0.0,0.08888888888888889,0.03333333333333333,0.16666666666666666,0.03333333333333333,0.014083724588724157,0.05555555555555555,0.05416666666666667,0.3333333333333333,0.05416666666666667,0.017694121616291303,0.03888888888888889,0.08194444444444444,0.5,0.06698717948717949,0.022888183238858256
query_dedup,test,full:minus_entities,relevance_grade,1,query_intent,Safety / Contraindication,12,6,6,0.0,0.0,0.0,0.0,0.0,0.027777777777777776,0.0,0.0,0.0,0.0,0.03333333333333333,0.0,0.0,0.0,0.0,0.05833333333333334,0.041666666666666664,0.3333333333333333,0.044444444444444446,0.011146694812693656,0.05416666666666667,0.041666666666666664,0.3333333333333333,0.044444444444444446,0.011146694812693656
query_dedup,test,full:minus_entities,relevance_grade,1,query_intent,Treatment Change / Escalation,7,3,4,0.0,0.0,0.0,0.0,0.0,0.0,0.0,0.0,0.0,0.0,0.028571428571428574,0.0,0.0,0.0,0.0,0.042857142857142864,0.05555555555555555,0.3333333333333333,0.05555555555555555,0.042265342216843534,0.03571428571428571,0.05555555555555555,0.3333333333333333,0.05555555555555555,0.042265342216843534
query_dedup,test,full:minus_entities,relevance_grade,1,has_context,False,52,34,18,0.038461538461538464,0.0,0.0,0.0,0.0,0.038461538461538464,0.0058823529411764705,0.029411764705882353,0.00980392156862745,0.0023003859118762575,0.04615384615384616,0.01503267973856209,0.08823529411764706,0.021568627450980395,0.00631281532250646,0.03461538461538461,0.02361111111111111,0.14705882352941177,0.03014705882352941,0.010458790259440829,0.03653846153846154,0.054365079365079366,0.29411764705882354,0.040463674157445784,0.02656368884374335
query_dedup,test,full:minus_entities,relevance_grade,1,has_context,True,49,34,15,0.02040816326530612,0.0,0.0,0.0,0.0,0.027210884353741496,0.0,0.0,0.0,0.0,0.0489795918367347,0.003676470588235294,0.029411764705882353,0.007352941176470588,0.002958330589762224,0.05306122448979593,0.020588235294117647,0.14705882352941177,0.022140522875816995,0.010477474153081938,0.04591836734693878,0.03214285714285714,0.20588235294117646,0.02597146701817982,0.01639461318292668
query_dedup,test,full:minus_entities,relevance_grade,1,multiple_entity_dimensions,True,101,68,33,0.0297029702970297,0.0,0.0,0.0,0.0,0.033003300330033,0.0029411764705882353,0.014705882352941176,0.004901960784313725,0.0011501929559381288,0.047524752475247525,0.009354575163398693,0.058823529411764705,0.01446078431372549,0.004635572956134343,0.04356435643564357,0.02209967320261438,0.14705882352941177,0.0261437908496732,0.010468132206261383,0.04108910891089109,0.04325396825396825,0.25,0.0332175705878128,0.021479151013335016
query_dedup,test,full:minus_context,relevance_grade,1,query_language,EN,47,31,16,0.0,0.0,0.0,0.0,0.0,0.035460992907801414,0.0064516129032258064,0.03225806451612903,0.016129032258064516,0.004727107108794807,0.02553191489361702,0.0064516129032258064,0.03225806451612903,0.016129032258064516,0.004445722349585064,0.02765957446808511,0.011827956989247313,0.06451612903225806,0.02150537634408602,0.005093979480145326,0.024468085106382983,0.026472094214029702,0.16129032258064516,0.027683455951707223,0.012706325756827095
query_dedup,test,full:minus_context,relevance_grade,1,query_language,ID,22,17,5,0.045454545454545456,0.0,0.0,0.0,0.0,0.0909090909090909,0.011764705882352941,0.058823529411764705,0.0196078431372549,0.004600771823752515,0.05454545454545454,0.011764705882352941,0.058823529411764705,0.0196078431372549,0.004079121358067895,0.059090909090909104,0.026470588235294117,0.17647058823529413,0.035364145658263305,0.014406109669807838,0.07954545454545456,0.0877450980392157,0.35294117647058826,0.04900050929462694,0.029030857618660037
query_dedup,test,full:minus_context,relevance_grade,1,query_language,MIXED,32,20,12,0.0625,0.0,0.0,0.0,0.0,0.05208333333333333,0.0,0.0,0.0,0.0,0.05,0.0,0.0,0.0,0.0,0.040625,0.016666666666666666,0.05,0.00625,0.007229309260391757,0.0359375,0.029166666666666664,0.15,0.013221153846153846,0.010656215675478755
query_dedup,test,full:minus_context,relevance_grade,1,query_intent,Comparative Treatment Choice,6,6,0,0.0,0.0,0.0,0.0,0.0,0.0,0.0,0.0,0.0,0.0,0.0,0.0,0.0,0.0,0.0,0.0,0.0,0.0,0.0,0.0,0.016666666666666666,0.0,0.0,0.0,0.0
query_dedup,test,full:minus_context,relevance_grade,1,query_intent,Dosing / Administration,25,17,8,0.04,0.0,0.0,0.0,0.0,0.026666666666666665,0.0,0.0,0.0,0.0,0.032,0.0,0.0,0.0,0.0,0.044000000000000004,0.0,0.0,0.0,0.0,0.038,0.027521008403361344,0.17647058823529413,0.012522822894339921,0.015017124162559807
query_dedup,test,full:minus_context,relevance_grade,1,query_intent,Efficacy / Outcomes,6,3,3,0.0,0.0,0.0,0.0,0.0,0.05555555555555555,0.0,0.0,0.0,0.0,0.03333333333333333,0.0,0.0,0.0,0.0,0.03333333333333333,0.0,0.0,0.0,0.0,0.025000000000000005,0.0,0.0,0.0,0.0
query_dedup,test,full:minus_context,relevance_grade,1,query_intent,Guideline / Evidence Lookup,8,7,1,0.0,0.0,0.0,0.0,0.0,0.125,0.0,0.0,0.0,0.0,0.07500000000000001,0.0,0.0,0.0,0.0,0.0625,0.0,0.0,0.0,0.0,0.06875,0.07142857142857142,0.14285714285714285,0.012987012987012988,0.013443136141294734
query_dedup,test,full:minus_context,relevance_grade,1,query_intent,Interaction / Combination,5,4,1,0.0,0.0,0.0,0.0,0.0,0.06666666666666667,0.05,0.25,0.08333333333333333,0.01955328025094819,0.04,0.05,0.25,0.08333333333333333,0.017336265771788553,0.04,0.05,0.25,0.08333333333333333,0.017336265771788553,0.030000000000000006,0.05,0.25,0.08333333333333333,0.017336265771788553
query_dedup,test,full:minus_context,relevance_grade,1,query_intent,Management / Treatment Selection,10,8,2,0.1,0.0,0.0,0.0,0.0,0.03333333333333333,0.0,0.0,0.0,0.0,0.02,0.0,0.0,0.0,0.0,0.030000000000000006,0.03645833333333333,0.25,0.03869047619047619,0.017793290488819627,0.039999999999999994,0.03645833333333333,0.25,0.03869047619047619,0.017793290488819627
query_dedup,test,full:minus_context,relevance_grade,1,query_intent,Mechanism / Background Knowledge,7,3,4,0.0,0.0,0.0,0.0,0.0,0.047619047619047616,0.0,0.0,0.0,0.0,0.08571428571428573,0.0,0.0,0.0,0.0,0.042857142857142864,0.0,0.0,0.0,0.0,0.028571428571428574,0.037037037037037035,0.3333333333333333,0.018518518518518517,0.010810019221119432
query_dedup,test,full:minus_context,relevance_grade,1,query_intent,Monitoring / Response / Risk Assessment,6,5,1,0.0,0.0,0.0,0.0,0.0,0.05555555555555555,0.0,0.0,0.0,0.0,0.03333333333333333,0.0,0.0,0.0,0.0,0.03333333333333333,0.0,0.0,0.0,0.0,0.025000000000000005,0.0,0.0,0.0,0.0
query_dedup,test,full:minus_context,relevance_grade,1,query_intent,Prophylaxis / Maintenance,9,6,3,0.1111111111111111,0.0,0.0,0.0,0.0,0.1111111111111111,0.03333333333333333,0.16666666666666666,0.08333333333333333,0.02442338672877317,0.06666666666666668,0.03333333333333333,0.16666666666666666,0.08333333333333333,0.022969565472856165,0.03333333333333334,0.03333333333333333,0.16666666666666666,0.08333333333333333,0.022969565472856165,0.03888888888888889,0.05416666666666667,0.3333333333333333,0.09375,0.025769514548189463
query_dedup,test,full:minus_context,relevance_grade,1,query_intent,Safety / Contraindication,12,6,6,0.0,0.0,0.0,0.0,0.0,0.05555555555555555,0.0,0.0,0.0,0.0,0.03333333333333333,0.0,0.0,0.0,0.0,0.041666666666666664,0.020833333333333332,0.16666666666666666,0.020833333333333332,0.008884741406065022,0.05416666666666667,0.08333333333333333,0.3333333333333333,0.03598484848484849,0.03210000982798516
query_dedup,test,full:minus_context,relevance_grade,1,query_intent,Treatment Change / Escalation,7,3,4,0.0,0.0,0.0,0.0,0.0,0.047619047619047616,0.0,0.0,0.0,0.0,0.028571428571428574,0.0,0.0,0.0,0.0,0.042857142857142864,0.1111111111111111,0.3333333333333333,0.041666666666666664,0.048195395069278384,0.05714285714285715,0.16666666666666666,0.6666666666666666,0.05833333333333333,0.05327111227257952
query_dedup,test,full:minus_context,relevance_grade,1,has_context,False,52,34,18,0.038461538461538464,0.0,0.0,0.0,0.0,0.05769230769230768,0.011764705882352941,0.058823529411764705,0.024509803921568624,0.0066103953346009344,0.04230769230769231,0.011764705882352941,0.058823529411764705,0.024509803921568624,0.006093013409537976,0.032692307692307694,0.03014705882352941,0.14705882352941177,0.037289915966386554,0.01453220485419657,0.032692307692307694,0.041993464052287585,0.23529411764705882,0.0422327264239029,0.016427996140233672
query_dedup,test,full:minus_context,relevance_grade,1,has_context,True,49,34,15,0.02040816326530612,0.0,0.0,0.0,0.0,0.047619047619047616,0.0,0.0,0.0,0.0,0.03673469387755102,0.0,0.0,0.0,0.0,0.04489795918367347,0.003676470588235294,0.029411764705882353,0.003676470588235294,0.0015678955422467687,0.04795918367346939,0.043172268907563024,0.17647058823529413,0.015285475618292955,0.015940974197661495
query_dedup,test,full:minus_context,relevance_grade,1,multiple_entity_dimensions,True,101,68,33,0.0297029702970297,0.0,0.0,0.0,0.0,0.0528052805280528,0.0058823529411764705,0.029411764705882353,0.012254901960784312,0.0033051976673004672,0.039603960396039604,0.0058823529411764705,0.029411764705882353,0.012254901960784312,0.003046506704768988,0.03861386138613861,0.016911764705882352,0.08823529411764706,0.020483193277310924,0.00805005019822167,0.0400990099009901,0.042582866479925305,0.20588235294117646,0.028759101021097924,0.01618448516894758
query_dedup,test,full:minus_intent,relevance_grade,1,query_language,EN,47,31,16,0.02127659574468085,0.005376344086021505,0.03225806451612903,0.03225806451612903,0.004608294930875576,0.028368794326241134,0.011827956989247313,0.06451612903225806,0.04301075268817204,0.005908718526464502,0.029787234042553193,0.011827956989247313,0.06451612903225806,0.04301075268817204,0.00538036189681845,0.025531914893617023,0.011827956989247313,0.06451612903225806,0.04301075268817204,0.005343039452592425,0.026595744680851064,0.022887864823348696,0.12903225806451613,0.04824745147325792,0.012319723074834595
query_dedup,test,full:minus_intent,relevance_grade,1,query_language,ID,22,17,5,0.045454545454545456,0.0,0.0,0.0,0.0,0.0303030303030303,0.0,0.0,0.0,0.0,0.07272727272727274,0.01911764705882353,0.11764705882352941,0.026470588235294117,0.00810114085871812,0.08181818181818183,0.042226890756302524,0.29411764705882354,0.05063025210084034,0.019416153840461397,0.052272727272727276,0.042226890756302524,0.29411764705882354,0.05063025210084034,0.019416153840461397
query_dedup,test,full:minus_intent,relevance_grade,1,query_language,MIXED,32,20,12,0.0625,0.0,0.0,0.0,0.0,0.03125,0.0,0.0,0.0,0.0,0.05,0.008333333333333333,0.05,0.01,0.0023963611231456183,0.040625,0.025,0.1,0.01625,0.014050128044396707,0.040625,0.052976190476190475,0.25,0.02616758241758242,0.025117402352065533
query_dedup,test,full:minus_intent,relevance_grade,1,query_intent,Comparative Treatment Choice,6,6,0,0.0,0.0,0.0,0.0,0.0,0.0,0.0,0.0,0.0,0.0,0.0,0.0,0.0,0.0,0.0,0.0,0.0,0.0,0.0,0.0,0.03333333333333333,0.020833333333333332,0.16666666666666666,0.012820512820512822,0.009481670640614436
query_dedup,test,full:minus_intent,relevance_grade,1,query_intent,Dosing / Administration,25,17,8,0.04,0.0,0.0,0.0,0.0,0.013333333333333332,0.0,0.0,0.0,0.0,0.04800000000000001,0.0,0.0,0.0,0.0,0.052000000000000005,0.0,0.0,0.0,0.0,0.044,0.035924369747899164,0.23529411764705882,0.016692131398013753,0.016737546437356893
query_dedup,test,full:minus_intent,relevance_grade,1,query_intent,Efficacy / Outcomes,6,3,3,0.0,0.0,0.0,0.0,0.0,0.05555555555555555,0.0,0.0,0.0,0.0,0.03333333333333333,0.0,0.0,0.0,0.0,0.03333333333333333,0.0,0.0,0.0,0.0,0.025000000000000005,0.0,0.0,0.0,0.0
query_dedup,test,full:minus_intent,relevance_grade,1,query_intent,Guideline / Evidence Lookup,8,7,1,0.0,0.0,0.0,0.0,0.0,0.0,0.0,0.0,0.0,0.0,0.05,0.0,0.0,0.0,0.0,0.05,0.0,0.0,0.0,0.0,0.037500000000000006,0.0,0.0,0.0,0.0
query_dedup,test,full:minus_intent,relevance_grade,1,query_intent,Interaction / Combination,5,4,1,0.0,0.0,0.0,0.0,0.0,0.0,0.0,0.0,0.0,0.0,0.04,0.05,0.25,0.05,0.013413166161561,0.04,0.08571428571428572,0.5,0.08571428571428572,0.029769144181421903,0.04,0.08571428571428572,0.5,0.08571428571428572,0.029769144181421903
query_dedup,test,full:minus_intent,relevance_grade,1,query_intent,Management / Treatment Selection,10,8,2,0.2,0.020833333333333332,0.125,0.125,0.017857142857142856,0.06666666666666667,0.020833333333333332,0.125,0.125,0.008379977250406366,0.04,0.020833333333333332,0.125,0.125,0.007196689875545334,0.04,0.03645833333333333,0.25,0.14285714285714285,0.022333359512068104,0.03,0.03645833333333333,0.25,0.14285714285714285,0.022333359512068104
query_dedup,test,full:minus_intent,relevance_grade,1,query_intent,Mechanism / Background Knowledge,7,3,4,0.0,0.0,0.0,0.0,0.0,0.0,0.0,0.0,0.0,0.0,0.028571428571428574,0.0,0.0,0.0,0.0,0.042857142857142864,0.0,0.0,0.0,0.0,0.028571428571428574,0.0,0.0,0.0,0.0
query_dedup,test,full:minus_intent,relevance_grade,1,query_intent,Monitoring / Response / Risk Assessment,6,5,1,0.0,0.0,0.0,0.0,0.0,0.05555555555555555,0.0,0.0,0.0,0.0,0.06666666666666667,0.0,0.0,0.0,0.0,0.03333333333333333,0.0,0.0,0.0,0.0,0.025000000000000005,0.0,0.0,0.0,0.0
query_dedup,test,full:minus_intent,relevance_grade,1,query_intent,Prophylaxis / Maintenance,9,6,3,0.1111111111111111,0.0,0.0,0.0,0.0,0.1111111111111111,0.03333333333333333,0.16666666666666666,0.05555555555555555,0.01935507605285811,0.06666666666666668,0.03333333333333333,0.16666666666666666,0.05555555555555555,0.018202949966168214,0.044444444444444446,0.08888888888888889,0.3333333333333333,0.07638888888888888,0.0573864497801548,0.044444444444444446,0.08888888888888889,0.3333333333333333,0.07638888888888888,0.0573864497801548
query_dedup,test,full:minus_intent,relevance_grade,1,query_intent,Safety / Contraindication,12,6,6,0.0,0.0,0.0,0.0,0.0,0.0,0.0,0.0,0.0,0.0,0.03333333333333333,0.020833333333333332,0.16666666666666666,0.041666666666666664,0.014011121658660676,0.041666666666666664,0.041666666666666664,0.3333333333333333,0.0625,0.014791280949827873,0.029166666666666664,0.041666666666666664,0.3333333333333333,0.0625,0.014791280949827873
query_dedup,test,full:minus_intent,relevance_grade,1,query_intent,Treatment Change / Escalation,7,3,4,0.0,0.0,0.0,0.0,0.0,0.047619047619047616,0.0,0.0,0.0,0.0,0.08571428571428573,0.05555555555555555,0.3333333333333333,0.06666666666666667,0.01597574082097079,0.05714285714285715,0.05555555555555555,0.3333333333333333,0.06666666666666667,0.015300520668004865,0.049999999999999996,0.1111111111111111,0.3333333333333333,0.06666666666666667,0.04736530905604817
query_dedup,test,full:minus_intent,relevance_grade,1,has_context,False,52,34,18,0.057692307692307696,0.004901960784313725,0.029411764705882353,0.029411764705882353,0.004201680672268907,0.05128205128205128,0.010784313725490198,0.058823529411764705,0.0392156862745098,0.005387361009423517,0.04615384615384616,0.021568627450980392,0.11764705882352941,0.05098039215686274,0.007893267820897892,0.038461538461538464,0.039250700280112044,0.20588235294117646,0.06306022408963585,0.020234226867858113,0.03076923076923077,0.04415266106442577,0.20588235294117646,0.06306022408963585,0.02306347290209723
query_dedup,test,full:minus_intent,relevance_grade,1,has_context,True,49,34,15,0.02040816326530612,0.0,0.0,0.0,0.0,0.006802721088435374,0.0,0.0,0.0,0.0,0.04489795918367347,0.003676470588235294,0.029411764705882353,0.007352941176470588,0.0024725508809401195,0.046938775510204075,0.007352941176470588,0.058823529411764705,0.011029411764705883,0.0026102260499696246,0.04285714285714286,0.028991596638655463,0.20588235294117646,0.021637920902626787,0.01265223526405062
query_dedup,test,full:minus_intent,relevance_grade,1,multiple_entity_dimensions,True,101,68,33,0.039603960396039604,0.0024509803921568627,0.014705882352941176,0.014705882352941176,0.0021008403361344537,0.0297029702970297,0.005392156862745099,0.029411764705882353,0.0196078431372549,0.0026936805047117584,0.04554455445544555,0.012622549019607843,0.07352941176470588,0.029166666666666667,0.005182909350919006,0.042574257425742584,0.023301820728291314,0.1323529411764706,0.03704481792717087,0.011422226458913871,0.03663366336633663,0.03657212885154061,0.20588235294117646,0.04234907249613132,0.017857854083073922
query_dedup,test,selected:complete,relevance_grade,1,query_language,EN,47,31,16,0.0,0.0,0.0,0.0,0.0,0.028368794326241134,0.0064516129032258064,0.03225806451612903,0.016129032258064516,0.004727107108794807,0.02978723404255319,0.0064516129032258064,0.03225806451612903,0.016129032258064516,0.004445722349585064,0.02765957446808511,0.01827956989247312,0.0967741935483871,0.025089605734767026,0.009414200182795178,0.026595744680851064,0.02186379928315412,0.12903225806451613,0.026881720430107527,0.010460331075161575
query_dedup,test,selected:complete,relevance_grade,1,query_language,ID,22,17,5,0.045454545454545456,0.0,0.0,0.0,0.0,0.0606060606060606,0.011764705882352941,0.058823529411764705,0.0196078431372549,0.004600771823752515,0.05454545454545454,0.011764705882352941,0.058823529411764705,0.0196078431372549,0.004079121358067895,0.059090909090909104,0.026470588235294117,0.17647058823529413,0.035364145658263305,0.012209749847475122,0.06818181818181819,0.06568627450980392,0.35294117647058826,0.045658263305322126,0.03089208459039065
query_dedup,test,selected:complete,relevance_grade,1,query_language,MIXED,32,20,12,0.0625,0.0,0.0,0.0,0.0,0.05208333333333333,0.0,0.0,0.0,0.0,0.05625000000000001,0.0,0.0,0.0,0.0,0.05,0.029166666666666664,0.15,0.01625,0.013206983321738147,0.037500000000000006,0.042559523809523804,0.25,0.022006578947368422,0.014953536356181374
query_dedup,test,selected:complete,relevance_grade,1,query_intent,Comparative Treatment Choice,6,6,0,0.0,0.0,0.0,0.0,0.0,0.0,0.0,0.0,0.0,0.0,0.0,0.0,0.0,0.0,0.0,0.016666666666666666,0.020833333333333332,0.16666666666666666,0.016666666666666666,0.010435264911260947,0.03333333333333333,0.020833333333333332,0.16666666666666666,0.016666666666666666,0.010435264911260947
query_dedup,test,selected:complete,relevance_grade,1,query_intent,Dosing / Administration,25,17,8,0.04,0.0,0.0,0.0,0.0,0.026666666666666665,0.0,0.0,0.0,0.0,0.048,0.0,0.0,0.0,0.0,0.052000000000000005,0.01911764705882353,0.11764705882352941,0.01241830065359477,0.01122757256126515,0.038000000000000006,0.027521008403361344,0.17647058823529413,0.015514275885792912,0.01229412351637484
query_dedup,test,selected:complete,relevance_grade,1,query_intent,Efficacy / Outcomes,6,3,3,0.0,0.0,0.0,0.0,0.0,0.05555555555555555,0.0,0.0,0.0,0.0,0.03333333333333333,0.0,0.0,0.0,0.0,0.03333333333333333,0.0,0.0,0.0,0.0,0.025000000000000005,0.0,0.0,0.0,0.0
query_dedup,test,selected:complete,relevance_grade,1,query_intent,Guideline / Evidence Lookup,8,7,1,0.0,0.0,0.0,0.0,0.0,0.041666666666666664,0.0,0.0,0.0,0.0,0.1,0.0,0.0,0.0,0.0,0.0625,0.0,0.0,0.0,0.0,0.05625000000000001,0.03571428571428571,0.14285714285714285,0.008928571428571428,0.024904707425186152
query_dedup,test,selected:complete,relevance_grade,1,query_intent,Interaction / Combination,5,4,1,0.0,0.0,0.0,0.0,0.0,0.06666666666666667,0.05,0.25,0.08333333333333333,0.01955328025094819,0.04,0.05,0.25,0.08333333333333333,0.017336265771788553,0.04,0.05,0.25,0.08333333333333333,0.017336265771788553,0.030000000000000006,0.05,0.25,0.08333333333333333,0.017336265771788553
query_dedup,test,selected:complete,relevance_grade,1,query_intent,Management / Treatment Selection,10,8,2,0.1,0.0,0.0,0.0,0.0,0.03333333333333333,0.0,0.0,0.0,0.0,0.02,0.0,0.0,0.0,0.0,0.030000000000000006,0.03645833333333333,0.25,0.03869047619047619,0.017793290488819627,0.039999999999999994,0.03645833333333333,0.25,0.03869047619047619,0.017793290488819627
query_dedup,test,selected:complete,relevance_grade,1,query_intent,Mechanism / Background Knowledge,7,3,4,0.0,0.0,0.0,0.0,0.0,0.047619047619047616,0.0,0.0,0.0,0.0,0.08571428571428573,0.0,0.0,0.0,0.0,0.042857142857142864,0.0,0.0,0.0,0.0,0.028571428571428574,0.037037037037037035,0.3333333333333333,0.018518518518518517,0.010810019221119432
query_dedup,test,selected:complete,relevance_grade,1,query_intent,Monitoring / Response / Risk Assessment,6,5,1,0.0,0.0,0.0,0.0,0.0,0.05555555555555555,0.0,0.0,0.0,0.0,0.03333333333333333,0.0,0.0,0.0,0.0,0.03333333333333333,0.0,0.0,0.0,0.0,0.016666666666666666,0.0,0.0,0.0,0.0
query_dedup,test,selected:complete,relevance_grade,1,query_intent,Prophylaxis / Maintenance,9,6,3,0.1111111111111111,0.0,0.0,0.0,0.0,0.1111111111111111,0.03333333333333333,0.16666666666666666,0.08333333333333333,0.02442338672877317,0.06666666666666668,0.03333333333333333,0.16666666666666666,0.08333333333333333,0.022969565472856165,0.03333333333333334,0.03333333333333333,0.16666666666666666,0.08333333333333333,0.022969565472856165,0.03888888888888889,0.05416666666666667,0.3333333333333333,0.09375,0.025769514548189463
query_dedup,test,selected:complete,relevance_grade,1,query_intent,Safety / Contraindication,12,6,6,0.0,0.0,0.0,0.0,0.0,0.027777777777777776,0.0,0.0,0.0,0.0,0.016666666666666666,0.0,0.0,0.0,0.0,0.041666666666666664,0.020833333333333332,0.16666666666666666,0.020833333333333332,0.0026617219094556576,0.05416666666666667,0.0625,0.3333333333333333,0.03125,0.02400165308334858
query_dedup,test,selected:complete,relevance_grade,1,query_intent,Treatment Change / Escalation,7,3,4,0.0,0.0,0.0,0.0,0.0,0.047619047619047616,0.0,0.0,0.0,0.0,0.028571428571428574,0.0,0.0,0.0,0.0,0.042857142857142864,0.1111111111111111,0.3333333333333333,0.041666666666666664,0.048195395069278384,0.05,0.16666666666666666,0.6666666666666666,0.05833333333333333,0.05327111227257952
query_dedup,test,selected:complete,relevance_grade,1,has_context,False,52,34,18,0.038461538461538464,0.0,0.0,0.0,0.0,0.05769230769230768,0.011764705882352941,0.058823529411764705,0.024509803921568624,0.0066103953346009344,0.04230769230769231,0.011764705882352941,0.058823529411764705,0.024509803921568624,0.006093013409537976,0.032692307692307694,0.03014705882352941,0.14705882352941177,0.037289915966386554,0.01453220485419657,0.032692307692307694,0.041993464052287585,0.23529411764705882,0.0422327264239029,0.016427996140233672
query_dedup,test,selected:complete,relevance_grade,1,has_context,True,49,34,15,0.02040816326530612,0.0,0.0,0.0,0.0,0.027210884353741496,0.0,0.0,0.0,0.0,0.04489795918367347,0.0,0.0,0.0,0.0,0.051020408163265314,0.016911764705882352,0.11764705882352941,0.012826797385620915,0.007925019248994329,0.04591836734693878,0.035819327731092435,0.20588235294117646,0.018051255589955278,0.01735160469771566
query_dedup,test,selected:complete,relevance_grade,1,multiple_entity_dimensions,True,101,68,33,0.0297029702970297,0.0,0.0,0.0,0.0,0.0429042904290429,0.0058823529411764705,0.029411764705882353,0.012254901960784312,0.0033051976673004672,0.043564356435643575,0.0058823529411764705,0.029411764705882353,0.012254901960784312,0.003046506704768988,0.041584158415841586,0.023529411764705882,0.1323529411764706,0.025058356676003736,0.011228612051595449,0.03910891089108911,0.03890639589169001,0.22058823529411764,0.030141991006929086,0.01688980041897467
query_dedup,test,selected:minus_bm25,relevance_grade,1,query_language,EN,47,31,16,0.0,0.0,0.0,0.0,0.0,0.028368794326241134,0.0064516129032258064,0.03225806451612903,0.016129032258064516,0.004727107108794807,0.02553191489361702,0.0064516129032258064,0.03225806451612903,0.016129032258064516,0.004445722349585064,0.023404255319148942,0.0064516129032258064,0.03225806451612903,0.016129032258064516,0.004445722349585064,0.030851063829787244,0.0300563236047107,0.1935483870967742,0.02863960833600302,0.016417582479432025
query_dedup,test,selected:minus_bm25,relevance_grade,1,query_language,ID,22,17,5,0.0,0.0,0.0,0.0,0.0,0.07575757575757575,0.011764705882352941,0.058823529411764705,0.0196078431372549,0.004600771823752515,0.05454545454545454,0.011764705882352941,0.058823529411764705,0.0196078431372549,0.004079121358067895,0.06818181818181818,0.026470588235294117,0.17647058823529413,0.03284313725490196,0.007891921327528532,0.05681818181818184,0.048529411764705876,0.23529411764705882,0.03651960784313726,0.023246660432262187
query_dedup,test,selected:minus_bm25,relevance_grade,1,query_language,MIXED,32,20,12,0.0625,0.0,0.0,0.0,0.0,0.041666666666666664,0.0,0.0,0.0,0.0,0.037500000000000006,0.008333333333333333,0.05,0.01,0.007189083369436855,0.043750000000000004,0.014583333333333332,0.1,0.015555555555555555,0.010145396864484822,0.0421875,0.05089285714285714,0.3,0.028699955015744488,0.02027979974701364
query_dedup,test,selected:minus_bm25,relevance_grade,1,query_intent,Comparative Treatment Choice,6,6,0,0.0,0.0,0.0,0.0,0.0,0.0,0.0,0.0,0.0,0.0,0.0,0.0,0.0,0.0,0.0,0.016666666666666666,0.020833333333333332,0.16666666666666666,0.018518518518518517,0.010867208546275445,0.03333333333333333,0.020833333333333332,0.16666666666666666,0.018518518518518517,0.010867208546275445
query_dedup,test,selected:minus_bm25,relevance_grade,1,query_intent,Dosing / Administration,25,17,8,0.04,0.0,0.0,0.0,0.0,0.04,0.0,0.0,0.0,0.0,0.024000000000000004,0.0,0.0,0.0,0.0,0.036000000000000004,0.0,0.0,0.0,0.0,0.04,0.035924369747899164,0.23529411764705882,0.01787041647722762,0.016916475589676662
query_dedup,test,selected:minus_bm25,relevance_grade,1,query_intent,Efficacy / Outcomes,6,3,3,0.0,0.0,0.0,0.0,0.0,0.05555555555555555,0.0,0.0,0.0,0.0,0.03333333333333333,0.0,0.0,0.0,0.0,0.03333333333333333,0.0,0.0,0.0,0.0,0.024999999999999998,0.0,0.0,0.0,0.0
query_dedup,test,selected:minus_bm25,relevance_grade,1,query_intent,Guideline / Evidence Lookup,8,7,1,0.0,0.0,0.0,0.0,0.0,0.0,0.0,0.0,0.0,0.0,0.025,0.0,0.0,0.0,0.0,0.05,0.0,0.0,0.0,0.0,0.05,0.05952380952380952,0.2857142857142857,0.01845238095238095,0.03761761633642594
query_dedup,test,selected:minus_bm25,relevance_grade,1,query_intent,Interaction / Combination,5,4,1,0.0,0.0,0.0,0.0,0.0,0.06666666666666667,0.05,0.25,0.08333333333333333,0.01955328025094819,0.04,0.05,0.25,0.08333333333333333,0.017336265771788553,0.08,0.05,0.25,0.08333333333333333,0.017336265771788553,0.06,0.05,0.25,0.08333333333333333,0.017336265771788553
query_dedup,test,selected:minus_bm25,relevance_grade,1,query_intent,Management / Treatment Selection,10,8,2,0.0,0.0,0.0,0.0,0.0,0.03333333333333333,0.0,0.0,0.0,0.0,0.02,0.0,0.0,0.0,0.0,0.030000000000000006,0.0,0.0,0.0,0.0,0.035,0.020833333333333332,0.125,0.008928571428571428,0.0018050327316808555
query_dedup,test,selected:minus_bm25,relevance_grade,1,query_intent,Mechanism / Background Knowledge,7,3,4,0.0,0.0,0.0,0.0,0.0,0.09523809523809523,0.0,0.0,0.0,0.0,0.08571428571428573,0.0,0.0,0.0,0.0,0.042857142857142864,0.0,0.0,0.0,0.0,0.03571428571428571,0.037037037037037035,0.3333333333333333,0.027777777777777776,0.02895522973624749
query_dedup,test,selected:minus_bm25,relevance_grade,1,query_intent,Monitoring / Response / Risk Assessment,6,5,1,0.0,0.0,0.0,0.0,0.0,0.0,0.0,0.0,0.0,0.0,0.03333333333333333,0.0,0.0,0.0,0.0,0.016666666666666666,0.0,0.0,0.0,0.0,0.016666666666666666,0.0,0.0,0.0,0.0
query_dedup,test,selected:minus_bm25,relevance_grade,1,query_intent,Prophylaxis / Maintenance,9,6,3,0.1111111111111111,0.0,0.0,0.0,0.0,0.1111111111111111,0.03333333333333333,0.16666666666666666,0.08333333333333333,0.02442338672877317,0.06666666666666668,0.03333333333333333,0.16666666666666666,0.08333333333333333,0.022969565472856165,0.05555555555555555,0.03333333333333333,0.16666666666666666,0.08333333333333333,0.022969565472856165,0.044444444444444446,0.05416666666666667,0.3333333333333333,0.09444444444444444,0.02583073742356069
query_dedup,test,selected:minus_bm25,relevance_grade,1,query_intent,Safety / Contraindication,12,6,6,0.0,0.0,0.0,0.0,0.0,0.027777777777777776,0.0,0.0,0.0,0.0,0.03333333333333333,0.0,0.0,0.0,0.0,0.041666666666666664,0.041666666666666664,0.3333333333333333,0.0375,0.01080293324680514,0.049999999999999996,0.0625,0.3333333333333333,0.0375,0.025252535380833326
query_dedup,test,selected:minus_bm25,relevance_grade,1,query_intent,Treatment Change / Escalation,7,3,4,0.0,0.0,0.0,0.0,0.0,0.047619047619047616,0.0,0.0,0.0,0.0,0.05714285714285715,0.05555555555555555,0.3333333333333333,0.06666666666666667,0.04792722246291237,0.042857142857142864,0.05555555555555555,0.3333333333333333,0.06666666666666667,0.045901562004014594,0.042857142857142864,0.14814814814814814,0.6666666666666666,0.08627450980392158,0.07215899250609252
query_dedup,test,selected:minus_bm25,relevance_grade,1,has_context,False,52,34,18,0.019230769230769232,0.0,0.0,0.0,0.0,0.05769230769230768,0.011764705882352941,0.058823529411764705,0.024509803921568624,0.0066103953346009344,0.04615384615384616,0.016666666666666666,0.08823529411764706,0.030392156862745094,0.01032188597979495,0.038461538461538464,0.016666666666666666,0.08823529411764706,0.030392156862745094,0.010143151233421617,0.03653846153846154,0.04158496732026144,0.23529411764705882,0.04059565002471577,0.01856184642904893
query_dedup,test,selected:minus_bm25,relevance_grade,1,has_context,True,49,34,15,0.02040816326530612,0.0,0.0,0.0,0.0,0.027210884353741496,0.0,0.0,0.0,0.0,0.024489795918367346,0.0,0.0,0.0,0.0,0.04081632653061224,0.011029411764705883,0.08823529411764706,0.009885620915032681,0.0038241426693671624,0.04387755102040816,0.04002100840336135,0.23529411764705882,0.020659064447764136,0.01995975001657232
query_dedup,test,selected:minus_bm25,relevance_grade,1,multiple_entity_dimensions,True,101,68,33,0.019801980198019802,0.0,0.0,0.0,0.0,0.0429042904290429,0.0058823529411764705,0.029411764705882353,0.012254901960784312,0.0033051976673004672,0.03564356435643565,0.008333333333333333,0.04411764705882353,0.015196078431372547,0.005160942989897476,0.0396039603960396,0.013848039215686274,0.08823529411764706,0.02013888888888889,0.00698364695139439,0.0400990099009901,0.04080298786181139,0.23529411764705882,0.03062735723623995,0.01926079822281063
query_dedup,test,selected:minus_dense,relevance_grade,1,query_language,EN,47,31,16,0.0,0.0,0.0,0.0,0.0,0.028368794326241134,0.0064516129032258064,0.03225806451612903,0.016129032258064516,0.004727107108794807,0.03404255319148936,0.0064516129032258064,0.03225806451612903,0.016129032258064516,0.004445722349585064,0.03191489361702128,0.01827956989247312,0.0967741935483871,0.02553763440860215,0.00962136183831363,0.030851063829787237,0.02186379928315412,0.12903225806451613,0.028470185728250243,0.010860953103062582
query_dedup,test,selected:minus_dense,relevance_grade,1,query_language,ID,22,17,5,0.045454545454545456,0.0,0.0,0.0,0.0,0.045454545454545456,0.011764705882352941,0.058823529411764705,0.0196078431372549,0.004600771823752515,0.07272727272727274,0.033823529411764704,0.17647058823529413,0.046078431372549015,0.021753176106356655,0.06818181818181819,0.033823529411764704,0.17647058823529413,0.046078431372549015,0.02157713665693018,0.06818181818181818,0.06568627450980392,0.35294117647058826,0.05672818146866589,0.035261828855354706
query_dedup,test,selected:minus_dense,relevance_grade,1,query_language,MIXED,32,20,12,0.0625,0.0,0.0,0.0,0.0,0.05208333333333333,0.0,0.0,0.0,0.0,0.05625,0.00625,0.05,0.01,0.004517416614093772,0.05,0.022916666666666665,0.1,0.01625,0.011039549848454532,0.037500000000000006,0.0375,0.2,0.0233578431372549,0.018446443262357066
query_dedup,test,selected:minus_dense,relevance_grade,1,query_intent,Comparative Treatment Choice,6,6,0,0.0,0.0,0.0,0.0,0.0,0.0,0.0,0.0,0.0,0.0,0.0,0.0,0.0,0.0,0.0,0.016666666666666666,0.0,0.0,0.0,0.0,0.03333333333333333,0.020833333333333332,0.16666666666666666,0.00980392156862745,0.008657250518986791
query_dedup,test,selected:minus_dense,relevance_grade,1,query_intent,Dosing / Administration,25,17,8,0.04,0.0,0.0,0.0,0.0,0.026666666666666665,0.0,0.0,0.0,0.0,0.064,0.007352941176470588,0.058823529411764705,0.011764705882352941,0.005314607781286791,0.055999999999999994,0.01911764705882353,0.11764705882352941,0.01911764705882353,0.012738450874380762,0.038000000000000006,0.01911764705882353,0.11764705882352941,0.01911764705882353,0.012738450874380762
query_dedup,test,selected:minus_dense,relevance_grade,1,query_intent,Efficacy / Outcomes,6,3,3,0.0,0.0,0.0,0.0,0.0,0.05555555555555555,0.0,0.0,0.0,0.0,0.03333333333333333,0.0,0.0,0.0,0.0,0.03333333333333333,0.0,0.0,0.0,0.0,0.03333333333333333,0.0,0.0,0.0,0.0
query_dedup,test,selected:minus_dense,relevance_grade,1,query_intent,Guideline / Evidence Lookup,8,7,1,0.0,0.0,0.0,0.0,0.0,0.041666666666666664,0.0,0.0,0.0,0.0,0.07500000000000001,0.03571428571428571,0.14285714285714285,0.028571428571428574,0.03938048081713384,0.0875,0.03571428571428571,0.14285714285714285,0.028571428571428574,0.03938048081713384,0.0625,0.05952380952380952,0.2857142857142857,0.04047619047619048,0.053122532983438116
query_dedup,test,selected:minus_dense,relevance_grade,1,query_intent,Interaction / Combination,5,4,1,0.0,0.0,0.0,0.0,0.0,0.06666666666666667,0.05,0.25,0.08333333333333333,0.01955328025094819,0.04,0.05,0.25,0.08333333333333333,0.017336265771788553,0.04,0.05,0.25,0.08333333333333333,0.017336265771788553,0.030000000000000006,0.05,0.25,0.08333333333333333,0.017336265771788553
query_dedup,test,selected:minus_dense,relevance_grade,1,query_intent,Management / Treatment Selection,10,8,2,0.1,0.0,0.0,0.0,0.0,0.03333333333333333,0.0,0.0,0.0,0.0,0.02,0.0,0.0,0.0,0.0,0.02,0.020833333333333332,0.125,0.020833333333333332,0.002511996380921011,0.03,0.03645833333333333,0.25,0.02818627450980392,0.013505930878025672
query_dedup,test,selected:minus_dense,relevance_grade,1,query_intent,Mechanism / Background Knowledge,7,3,4,0.0,0.0,0.0,0.0,0.0,0.047619047619047616,0.0,0.0,0.0,0.0,0.08571428571428573,0.0,0.0,0.0,0.0,0.042857142857142864,0.0,0.0,0.0,0.0,0.03571428571428571,0.037037037037037035,0.3333333333333333,0.030303030303030304,0.012809109735739179
query_dedup,test,selected:minus_dense,relevance_grade,1,query_intent,Monitoring / Response / Risk Assessment,6,5,1,0.0,0.0,0.0,0.0,0.0,0.05555555555555555,0.0,0.0,0.0,0.0,0.03333333333333333,0.0,0.0,0.0,0.0,0.03333333333333333,0.0,0.0,0.0,0.0,0.025000000000000005,0.0,0.0,0.0,0.0
query_dedup,test,selected:minus_dense,relevance_grade,1,query_intent,Prophylaxis / Maintenance,9,6,3,0.1111111111111111,0.0,0.0,0.0,0.0,0.1111111111111111,0.03333333333333333,0.16666666666666666,0.08333333333333333,0.02442338672877317,0.06666666666666668,0.03333333333333333,0.16666666666666666,0.08333333333333333,0.022969565472856165,0.044444444444444446,0.03333333333333333,0.16666666666666666,0.08333333333333333,0.022969565472856165,0.03888888888888889,0.03333333333333333,0.16666666666666666,0.08333333333333333,0.022969565472856165
query_dedup,test,selected:minus_dense,relevance_grade,1,query_intent,Safety / Contraindication,12,6,6,0.0,0.0,0.0,0.0,0.0,0.027777777777777776,0.0,0.0,0.0,0.0,0.05000000000000001,0.020833333333333332,0.16666666666666666,0.041666666666666664,0.004132594166828667,0.05000000000000001,0.020833333333333332,0.16666666666666666,0.041666666666666664,0.0036338157267869933,0.06666666666666667,0.0625,0.3333333333333333,0.05277777777777778,0.02512440883942399
query_dedup,test,selected:minus_dense,relevance_grade,1,query_intent,Treatment Change / Escalation,7,3,4,0.0,0.0,0.0,0.0,0.0,0.0,0.0,0.0,0.0,0.0,0.028571428571428574,0.0,0.0,0.0,0.0,0.042857142857142864,0.1111111111111111,0.3333333333333333,0.041666666666666664,0.048195395069278384,0.042857142857142864,0.16666666666666666,0.6666666666666666,0.06018518518518518,0.053443639309464275
query_dedup,test,selected:minus_dense,relevance_grade,1,has_context,False,52,34,18,0.038461538461538464,0.0,0.0,0.0,0.0,0.05128205128205128,0.011764705882352941,0.058823529411764705,0.024509803921568624,0.0066103953346009344,0.04230769230769231,0.011764705882352941,0.058823529411764705,0.024509803921568624,0.006093013409537976,0.03461538461538462,0.026470588235294114,0.11764705882352941,0.03308823529411765,0.010936606240573367,0.03461538461538462,0.04321895424836602,0.23529411764705882,0.041577103212051304,0.017945956330830494
query_dedup,test,selected:minus_dense,relevance_grade,1,has_context,True,49,34,15,0.02040816326530612,0.0,0.0,0.0,0.0,0.027210884353741496,0.0,0.0,0.0,0.0,0.05714285714285714,0.014705882352941176,0.08823529411764706,0.01911764705882353,0.011494331264787775,0.05714285714285715,0.020588235294117647,0.11764705882352941,0.022794117647058822,0.015118233086621524,0.04795918367346939,0.03161764705882353,0.17647058823529413,0.026485005767012685,0.020438440786319838
query_dedup,test,selected:minus_dense,relevance_grade,1,multiple_entity_dimensions,True,101,68,33,0.0297029702970297,0.0,0.0,0.0,0.0,0.0396039603960396,0.0058823529411764705,0.029411764705882353,0.012254901960784312,0.0033051976673004672,0.04950495049504951,0.013235294117647057,0.07352941176470588,0.021813725490196077,0.008793672337162875,0.04554455445544555,0.023529411764705882,0.11764705882352941,0.027941176470588233,0.013027419663597446,0.04108910891089109,0.03741830065359477,0.20588235294117646,0.034031054489531996,0.019192198558575166
query_dedup,test,selected:minus_entities,relevance_grade,1,query_language,EN,47,31,16,0.0,0.0,0.0,0.0,0.0,0.014184397163120567,0.0,0.0,0.0,0.0,0.029787234042553193,0.01003584229390681,0.06451612903225806,0.012903225806451613,0.004686795415421466,0.02765957446808511,0.016487455197132614,0.0967741935483871,0.016487455197132614,0.008765233506453092,0.029787234042553193,0.040232974910394265,0.1935483870967742,0.02342352987514278,0.02188058492686369
query_dedup,test,selected:minus_entities,relevance_grade,1,query_language,ID,22,17,5,0.045454545454545456,0.0,0.0,0.0,0.0,0.0606060606060606,0.011764705882352941,0.058823529411764705,0.0196078431372549,0.004600771823752515,0.06363636363636363,0.011764705882352941,0.058823529411764705,0.0196078431372549,0.004079121358067895,0.06363636363636364,0.026470588235294117,0.17647058823529413,0.03529411764705882,0.008013248939018598,0.0659090909090909,0.04957983193277311,0.29411764705882354,0.04295600593178448,0.025202467763787553
query_dedup,test,selected:minus_entities,relevance_grade,1,query_language,MIXED,32,20,12,0.0625,0.0,0.0,0.0,0.0,0.041666666666666664,0.0,0.0,0.0,0.0,0.0625,0.00625,0.05,0.0125,0.0050291620025957814,0.053125000000000006,0.02708333333333333,0.2,0.03333333333333333,0.015194275968120601,0.040625,0.042559523809523804,0.3,0.04012066365007542,0.017692109209480923
query_dedup,test,selected:minus_entities,relevance_grade,1,query_intent,Comparative Treatment Choice,6,6,0,0.0,0.0,0.0,0.0,0.0,0.0,0.0,0.0,0.0,0.0,0.03333333333333333,0.020833333333333332,0.16666666666666666,0.041666666666666664,0.016763873341985938,0.03333333333333333,0.020833333333333332,0.16666666666666666,0.041666666666666664,0.015547460518851116,0.03333333333333333,0.020833333333333332,0.16666666666666666,0.041666666666666664,0.015547460518851116
query_dedup,test,selected:minus_entities,relevance_grade,1,query_intent,Dosing / Administration,25,17,8,0.04,0.0,0.0,0.0,0.0,0.04,0.0,0.0,0.0,0.0,0.064,0.0,0.0,0.0,0.0,0.052000000000000005,0.01911764705882353,0.11764705882352941,0.013888888888888888,0.01153348171855984,0.044000000000000004,0.027521008403361344,0.17647058823529413,0.017349096501345636,0.01263891084160717
query_dedup,test,selected:minus_entities,relevance_grade,1,query_intent,Efficacy / Outcomes,6,3,3,0.0,0.0,0.0,0.0,0.0,0.05555555555555555,0.0,0.0,0.0,0.0,0.06666666666666667,0.0,0.0,0.0,0.0,0.03333333333333333,0.0,0.0,0.0,0.0,0.049999999999999996,0.08333333333333333,0.3333333333333333,0.023809523809523808,0.0607968106409722
query_dedup,test,selected:minus_entities,relevance_grade,1,query_intent,Guideline / Evidence Lookup,8,7,1,0.0,0.0,0.0,0.0,0.0,0.0,0.0,0.0,0.0,0.0,0.025,0.0,0.0,0.0,0.0,0.05,0.0,0.0,0.0,0.0,0.0375,0.03571428571428571,0.14285714285714285,0.01020408163265306,0.026055775988988086
query_dedup,test,selected:minus_entities,relevance_grade,1,query_intent,Interaction / Combination,5,4,1,0.0,0.0,0.0,0.0,0.0,0.06666666666666667,0.05,0.25,0.08333333333333333,0.01955328025094819,0.04,0.05,0.25,0.08333333333333333,0.017336265771788553,0.04,0.05,0.25,0.08333333333333333,0.017336265771788553,0.05,0.08571428571428572,0.5,0.09803921568627451,0.04479283779632746
query_dedup,test,selected:minus_entities,relevance_grade,1,query_intent,Management / Treatment Selection,10,8,2,0.1,0.0,0.0,0.0,0.0,0.03333333333333333,0.0,0.0,0.0,0.0,0.02,0.0,0.0,0.0,0.0,0.02,0.0,0.0,0.0,0.0,0.034999999999999996,0.03125,0.125,0.009615384615384616,0.01617466511888047
query_dedup,test,selected:minus_entities,relevance_grade,1,query_intent,Mechanism / Background Knowledge,7,3,4,0.0,0.0,0.0,0.0,0.0,0.047619047619047616,0.0,0.0,0.0,0.0,0.08571428571428573,0.037037037037037035,0.3333333333333333,0.06666666666666667,0.020262770115240167,0.05714285714285715,0.037037037037037035,0.3333333333333333,0.06666666666666667,0.01776434979518518,0.05,0.11574074074074074,0.6666666666666666,0.08888888888888889,0.04936039684810787
query_dedup,test,selected:minus_entities,relevance_grade,1,query_intent,Monitoring / Response / Risk Assessment,6,5,1,0.0,0.0,0.0,0.0,0.0,0.0,0.0,0.0,0.0,0.0,0.0,0.0,0.0,0.0,0.0,0.0,0.0,0.0,0.0,0.0,0.008333333333333333,0.0,0.0,0.0,0.0
query_dedup,test,selected:minus_entities,relevance_grade,1,query_intent,Prophylaxis / Maintenance,9,6,3,0.1111111111111111,0.0,0.0,0.0,0.0,0.07407407407407407,0.0,0.0,0.0,0.0,0.08888888888888889,0.03333333333333333,0.16666666666666666,0.03333333333333333,0.014083724588724157,0.05555555555555555,0.05416666666666667,0.3333333333333333,0.05416666666666667,0.017694121616291303,0.03888888888888889,0.08194444444444444,0.5,0.06698717948717949,0.022888183238858256
query_dedup,test,selected:minus_entities,relevance_grade,1,query_intent,Safety / Contraindication,12,6,6,0.0,0.0,0.0,0.0,0.0,0.027777777777777776,0.0,0.0,0.0,0.0,0.03333333333333333,0.0,0.0,0.0,0.0,0.05833333333333334,0.041666666666666664,0.3333333333333333,0.044444444444444446,0.011146694812693656,0.05416666666666667,0.041666666666666664,0.3333333333333333,0.044444444444444446,0.011146694812693656
query_dedup,test,selected:minus_entities,relevance_grade,1,query_intent,Treatment Change / Escalation,7,3,4,0.0,0.0,0.0,0.0,0.0,0.0,0.0,0.0,0.0,0.0,0.028571428571428574,0.0,0.0,0.0,0.0,0.042857142857142864,0.05555555555555555,0.3333333333333333,0.05555555555555555,0.042265342216843534,0.03571428571428571,0.05555555555555555,0.3333333333333333,0.05555555555555555,0.042265342216843534
query_dedup,test,selected:minus_entities,relevance_grade,1,has_context,False,52,34,18,0.038461538461538464,0.0,0.0,0.0,0.0,0.038461538461538464,0.0058823529411764705,0.029411764705882353,0.00980392156862745,0.0023003859118762575,0.04615384615384616,0.01503267973856209,0.08823529411764706,0.021568627450980395,0.00631281532250646,0.03461538461538461,0.02361111111111111,0.14705882352941177,0.03014705882352941,0.010458790259440829,0.03653846153846154,0.054365079365079366,0.29411764705882354,0.040463674157445784,0.02656368884374335
query_dedup,test,selected:minus_entities,relevance_grade,1,has_context,True,49,34,15,0.02040816326530612,0.0,0.0,0.0,0.0,0.027210884353741496,0.0,0.0,0.0,0.0,0.0489795918367347,0.003676470588235294,0.029411764705882353,0.007352941176470588,0.002958330589762224,0.05306122448979593,0.020588235294117647,0.14705882352941177,0.022140522875816995,0.010477474153081938,0.04591836734693878,0.03214285714285714,0.20588235294117646,0.02597146701817982,0.01639461318292668
query_dedup,test,selected:minus_entities,relevance_grade,1,multiple_entity_dimensions,True,101,68,33,0.0297029702970297,0.0,0.0,0.0,0.0,0.033003300330033,0.0029411764705882353,0.014705882352941176,0.004901960784313725,0.0011501929559381288,0.047524752475247525,0.009354575163398693,0.058823529411764705,0.01446078431372549,0.004635572956134343,0.04356435643564357,0.02209967320261438,0.14705882352941177,0.0261437908496732,0.010468132206261383,0.04108910891089109,0.04325396825396825,0.25,0.0332175705878128,0.021479151013335016
query_dedup,test,selected:minus_context,relevance_grade,1,query_language,EN,47,31,16,0.0,0.0,0.0,0.0,0.0,0.035460992907801414,0.0064516129032258064,0.03225806451612903,0.016129032258064516,0.004727107108794807,0.02553191489361702,0.0064516129032258064,0.03225806451612903,0.016129032258064516,0.004445722349585064,0.02765957446808511,0.011827956989247313,0.06451612903225806,0.02150537634408602,0.005093979480145326,0.024468085106382983,0.026472094214029702,0.16129032258064516,0.027683455951707223,0.012706325756827095
query_dedup,test,selected:minus_context,relevance_grade,1,query_language,ID,22,17,5,0.045454545454545456,0.0,0.0,0.0,0.0,0.0909090909090909,0.011764705882352941,0.058823529411764705,0.0196078431372549,0.004600771823752515,0.05454545454545454,0.011764705882352941,0.058823529411764705,0.0196078431372549,0.004079121358067895,0.059090909090909104,0.026470588235294117,0.17647058823529413,0.035364145658263305,0.014406109669807838,0.07954545454545456,0.0877450980392157,0.35294117647058826,0.04900050929462694,0.029030857618660037
query_dedup,test,selected:minus_context,relevance_grade,1,query_language,MIXED,32,20,12,0.0625,0.0,0.0,0.0,0.0,0.05208333333333333,0.0,0.0,0.0,0.0,0.05,0.0,0.0,0.0,0.0,0.040625,0.016666666666666666,0.05,0.00625,0.007229309260391757,0.0359375,0.029166666666666664,0.15,0.013221153846153846,0.010656215675478755
query_dedup,test,selected:minus_context,relevance_grade,1,query_intent,Comparative Treatment Choice,6,6,0,0.0,0.0,0.0,0.0,0.0,0.0,0.0,0.0,0.0,0.0,0.0,0.0,0.0,0.0,0.0,0.0,0.0,0.0,0.0,0.0,0.016666666666666666,0.0,0.0,0.0,0.0
query_dedup,test,selected:minus_context,relevance_grade,1,query_intent,Dosing / Administration,25,17,8,0.04,0.0,0.0,0.0,0.0,0.026666666666666665,0.0,0.0,0.0,0.0,0.032,0.0,0.0,0.0,0.0,0.044000000000000004,0.0,0.0,0.0,0.0,0.038,0.027521008403361344,0.17647058823529413,0.012522822894339921,0.015017124162559807
query_dedup,test,selected:minus_context,relevance_grade,1,query_intent,Efficacy / Outcomes,6,3,3,0.0,0.0,0.0,0.0,0.0,0.05555555555555555,0.0,0.0,0.0,0.0,0.03333333333333333,0.0,0.0,0.0,0.0,0.03333333333333333,0.0,0.0,0.0,0.0,0.025000000000000005,0.0,0.0,0.0,0.0
query_dedup,test,selected:minus_context,relevance_grade,1,query_intent,Guideline / Evidence Lookup,8,7,1,0.0,0.0,0.0,0.0,0.0,0.125,0.0,0.0,0.0,0.0,0.07500000000000001,0.0,0.0,0.0,0.0,0.0625,0.0,0.0,0.0,0.0,0.06875,0.07142857142857142,0.14285714285714285,0.012987012987012988,0.013443136141294734
query_dedup,test,selected:minus_context,relevance_grade,1,query_intent,Interaction / Combination,5,4,1,0.0,0.0,0.0,0.0,0.0,0.06666666666666667,0.05,0.25,0.08333333333333333,0.01955328025094819,0.04,0.05,0.25,0.08333333333333333,0.017336265771788553,0.04,0.05,0.25,0.08333333333333333,0.017336265771788553,0.030000000000000006,0.05,0.25,0.08333333333333333,0.017336265771788553
query_dedup,test,selected:minus_context,relevance_grade,1,query_intent,Management / Treatment Selection,10,8,2,0.1,0.0,0.0,0.0,0.0,0.03333333333333333,0.0,0.0,0.0,0.0,0.02,0.0,0.0,0.0,0.0,0.030000000000000006,0.03645833333333333,0.25,0.03869047619047619,0.017793290488819627,0.039999999999999994,0.03645833333333333,0.25,0.03869047619047619,0.017793290488819627
query_dedup,test,selected:minus_context,relevance_grade,1,query_intent,Mechanism / Background Knowledge,7,3,4,0.0,0.0,0.0,0.0,0.0,0.047619047619047616,0.0,0.0,0.0,0.0,0.08571428571428573,0.0,0.0,0.0,0.0,0.042857142857142864,0.0,0.0,0.0,0.0,0.028571428571428574,0.037037037037037035,0.3333333333333333,0.018518518518518517,0.010810019221119432
query_dedup,test,selected:minus_context,relevance_grade,1,query_intent,Monitoring / Response / Risk Assessment,6,5,1,0.0,0.0,0.0,0.0,0.0,0.05555555555555555,0.0,0.0,0.0,0.0,0.03333333333333333,0.0,0.0,0.0,0.0,0.03333333333333333,0.0,0.0,0.0,0.0,0.025000000000000005,0.0,0.0,0.0,0.0
query_dedup,test,selected:minus_context,relevance_grade,1,query_intent,Prophylaxis / Maintenance,9,6,3,0.1111111111111111,0.0,0.0,0.0,0.0,0.1111111111111111,0.03333333333333333,0.16666666666666666,0.08333333333333333,0.02442338672877317,0.06666666666666668,0.03333333333333333,0.16666666666666666,0.08333333333333333,0.022969565472856165,0.03333333333333334,0.03333333333333333,0.16666666666666666,0.08333333333333333,0.022969565472856165,0.03888888888888889,0.05416666666666667,0.3333333333333333,0.09375,0.025769514548189463
query_dedup,test,selected:minus_context,relevance_grade,1,query_intent,Safety / Contraindication,12,6,6,0.0,0.0,0.0,0.0,0.0,0.05555555555555555,0.0,0.0,0.0,0.0,0.03333333333333333,0.0,0.0,0.0,0.0,0.041666666666666664,0.020833333333333332,0.16666666666666666,0.020833333333333332,0.008884741406065022,0.05416666666666667,0.08333333333333333,0.3333333333333333,0.03598484848484849,0.03210000982798516
query_dedup,test,selected:minus_context,relevance_grade,1,query_intent,Treatment Change / Escalation,7,3,4,0.0,0.0,0.0,0.0,0.0,0.047619047619047616,0.0,0.0,0.0,0.0,0.028571428571428574,0.0,0.0,0.0,0.0,0.042857142857142864,0.1111111111111111,0.3333333333333333,0.041666666666666664,0.048195395069278384,0.05714285714285715,0.16666666666666666,0.6666666666666666,0.05833333333333333,0.05327111227257952
query_dedup,test,selected:minus_context,relevance_grade,1,has_context,False,52,34,18,0.038461538461538464,0.0,0.0,0.0,0.0,0.05769230769230768,0.011764705882352941,0.058823529411764705,0.024509803921568624,0.0066103953346009344,0.04230769230769231,0.011764705882352941,0.058823529411764705,0.024509803921568624,0.006093013409537976,0.032692307692307694,0.03014705882352941,0.14705882352941177,0.037289915966386554,0.01453220485419657,0.032692307692307694,0.041993464052287585,0.23529411764705882,0.0422327264239029,0.016427996140233672
query_dedup,test,selected:minus_context,relevance_grade,1,has_context,True,49,34,15,0.02040816326530612,0.0,0.0,0.0,0.0,0.047619047619047616,0.0,0.0,0.0,0.0,0.03673469387755102,0.0,0.0,0.0,0.0,0.04489795918367347,0.003676470588235294,0.029411764705882353,0.003676470588235294,0.0015678955422467687,0.04795918367346939,0.043172268907563024,0.17647058823529413,0.015285475618292955,0.015940974197661495
query_dedup,test,selected:minus_context,relevance_grade,1,multiple_entity_dimensions,True,101,68,33,0.0297029702970297,0.0,0.0,0.0,0.0,0.0528052805280528,0.0058823529411764705,0.029411764705882353,0.012254901960784312,0.0033051976673004672,0.039603960396039604,0.0058823529411764705,0.029411764705882353,0.012254901960784312,0.003046506704768988,0.03861386138613861,0.016911764705882352,0.08823529411764706,0.020483193277310924,0.00805005019822167,0.0400990099009901,0.042582866479925305,0.20588235294117646,0.028759101021097924,0.01618448516894758
query_dedup,test,selected:minus_intent,relevance_grade,1,query_language,EN,47,31,16,0.02127659574468085,0.005376344086021505,0.03225806451612903,0.03225806451612903,0.004608294930875576,0.028368794326241134,0.011827956989247313,0.06451612903225806,0.04301075268817204,0.005908718526464502,0.029787234042553193,0.011827956989247313,0.06451612903225806,0.04301075268817204,0.00538036189681845,0.025531914893617023,0.011827956989247313,0.06451612903225806,0.04301075268817204,0.005343039452592425,0.026595744680851064,0.022887864823348696,0.12903225806451613,0.04824745147325792,0.012319723074834595
query_dedup,test,selected:minus_intent,relevance_grade,1,query_language,ID,22,17,5,0.045454545454545456,0.0,0.0,0.0,0.0,0.0303030303030303,0.0,0.0,0.0,0.0,0.07272727272727274,0.01911764705882353,0.11764705882352941,0.026470588235294117,0.00810114085871812,0.08181818181818183,0.042226890756302524,0.29411764705882354,0.05063025210084034,0.019416153840461397,0.052272727272727276,0.042226890756302524,0.29411764705882354,0.05063025210084034,0.019416153840461397
query_dedup,test,selected:minus_intent,relevance_grade,1,query_language,MIXED,32,20,12,0.0625,0.0,0.0,0.0,0.0,0.03125,0.0,0.0,0.0,0.0,0.05,0.008333333333333333,0.05,0.01,0.0023963611231456183,0.040625,0.025,0.1,0.01625,0.014050128044396707,0.040625,0.052976190476190475,0.25,0.02616758241758242,0.025117402352065533
query_dedup,test,selected:minus_intent,relevance_grade,1,query_intent,Comparative Treatment Choice,6,6,0,0.0,0.0,0.0,0.0,0.0,0.0,0.0,0.0,0.0,0.0,0.0,0.0,0.0,0.0,0.0,0.0,0.0,0.0,0.0,0.0,0.03333333333333333,0.020833333333333332,0.16666666666666666,0.012820512820512822,0.009481670640614436
query_dedup,test,selected:minus_intent,relevance_grade,1,query_intent,Dosing / Administration,25,17,8,0.04,0.0,0.0,0.0,0.0,0.013333333333333332,0.0,0.0,0.0,0.0,0.04800000000000001,0.0,0.0,0.0,0.0,0.052000000000000005,0.0,0.0,0.0,0.0,0.044,0.035924369747899164,0.23529411764705882,0.016692131398013753,0.016737546437356893
query_dedup,test,selected:minus_intent,relevance_grade,1,query_intent,Efficacy / Outcomes,6,3,3,0.0,0.0,0.0,0.0,0.0,0.05555555555555555,0.0,0.0,0.0,0.0,0.03333333333333333,0.0,0.0,0.0,0.0,0.03333333333333333,0.0,0.0,0.0,0.0,0.025000000000000005,0.0,0.0,0.0,0.0
query_dedup,test,selected:minus_intent,relevance_grade,1,query_intent,Guideline / Evidence Lookup,8,7,1,0.0,0.0,0.0,0.0,0.0,0.0,0.0,0.0,0.0,0.0,0.05,0.0,0.0,0.0,0.0,0.05,0.0,0.0,0.0,0.0,0.037500000000000006,0.0,0.0,0.0,0.0
query_dedup,test,selected:minus_intent,relevance_grade,1,query_intent,Interaction / Combination,5,4,1,0.0,0.0,0.0,0.0,0.0,0.0,0.0,0.0,0.0,0.0,0.04,0.05,0.25,0.05,0.013413166161561,0.04,0.08571428571428572,0.5,0.08571428571428572,0.029769144181421903,0.04,0.08571428571428572,0.5,0.08571428571428572,0.029769144181421903
query_dedup,test,selected:minus_intent,relevance_grade,1,query_intent,Management / Treatment Selection,10,8,2,0.2,0.020833333333333332,0.125,0.125,0.017857142857142856,0.06666666666666667,0.020833333333333332,0.125,0.125,0.008379977250406366,0.04,0.020833333333333332,0.125,0.125,0.007196689875545334,0.04,0.03645833333333333,0.25,0.14285714285714285,0.022333359512068104,0.03,0.03645833333333333,0.25,0.14285714285714285,0.022333359512068104
query_dedup,test,selected:minus_intent,relevance_grade,1,query_intent,Mechanism / Background Knowledge,7,3,4,0.0,0.0,0.0,0.0,0.0,0.0,0.0,0.0,0.0,0.0,0.028571428571428574,0.0,0.0,0.0,0.0,0.042857142857142864,0.0,0.0,0.0,0.0,0.028571428571428574,0.0,0.0,0.0,0.0
query_dedup,test,selected:minus_intent,relevance_grade,1,query_intent,Monitoring / Response / Risk Assessment,6,5,1,0.0,0.0,0.0,0.0,0.0,0.05555555555555555,0.0,0.0,0.0,0.0,0.06666666666666667,0.0,0.0,0.0,0.0,0.03333333333333333,0.0,0.0,0.0,0.0,0.025000000000000005,0.0,0.0,0.0,0.0
query_dedup,test,selected:minus_intent,relevance_grade,1,query_intent,Prophylaxis / Maintenance,9,6,3,0.1111111111111111,0.0,0.0,0.0,0.0,0.1111111111111111,0.03333333333333333,0.16666666666666666,0.05555555555555555,0.01935507605285811,0.06666666666666668,0.03333333333333333,0.16666666666666666,0.05555555555555555,0.018202949966168214,0.044444444444444446,0.08888888888888889,0.3333333333333333,0.07638888888888888,0.0573864497801548,0.044444444444444446,0.08888888888888889,0.3333333333333333,0.07638888888888888,0.0573864497801548
query_dedup,test,selected:minus_intent,relevance_grade,1,query_intent,Safety / Contraindication,12,6,6,0.0,0.0,0.0,0.0,0.0,0.0,0.0,0.0,0.0,0.0,0.03333333333333333,0.020833333333333332,0.16666666666666666,0.041666666666666664,0.014011121658660676,0.041666666666666664,0.041666666666666664,0.3333333333333333,0.0625,0.014791280949827873,0.029166666666666664,0.041666666666666664,0.3333333333333333,0.0625,0.014791280949827873
query_dedup,test,selected:minus_intent,relevance_grade,1,query_intent,Treatment Change / Escalation,7,3,4,0.0,0.0,0.0,0.0,0.0,0.047619047619047616,0.0,0.0,0.0,0.0,0.08571428571428573,0.05555555555555555,0.3333333333333333,0.06666666666666667,0.01597574082097079,0.05714285714285715,0.05555555555555555,0.3333333333333333,0.06666666666666667,0.015300520668004865,0.049999999999999996,0.1111111111111111,0.3333333333333333,0.06666666666666667,0.04736530905604817
query_dedup,test,selected:minus_intent,relevance_grade,1,has_context,False,52,34,18,0.057692307692307696,0.004901960784313725,0.029411764705882353,0.029411764705882353,0.004201680672268907,0.05128205128205128,0.010784313725490198,0.058823529411764705,0.0392156862745098,0.005387361009423517,0.04615384615384616,0.021568627450980392,0.11764705882352941,0.05098039215686274,0.007893267820897892,0.038461538461538464,0.039250700280112044,0.20588235294117646,0.06306022408963585,0.020234226867858113,0.03076923076923077,0.04415266106442577,0.20588235294117646,0.06306022408963585,0.02306347290209723
query_dedup,test,selected:minus_intent,relevance_grade,1,has_context,True,49,34,15,0.02040816326530612,0.0,0.0,0.0,0.0,0.006802721088435374,0.0,0.0,0.0,0.0,0.04489795918367347,0.003676470588235294,0.029411764705882353,0.007352941176470588,0.0024725508809401195,0.046938775510204075,0.007352941176470588,0.058823529411764705,0.011029411764705883,0.0026102260499696246,0.04285714285714286,0.028991596638655463,0.20588235294117646,0.021637920902626787,0.01265223526405062
query_dedup,test,selected:minus_intent,relevance_grade,1,multiple_entity_dimensions,True,101,68,33,0.039603960396039604,0.0024509803921568627,0.014705882352941176,0.014705882352941176,0.0021008403361344537,0.0297029702970297,0.005392156862745099,0.029411764705882353,0.0196078431372549,0.0026936805047117584,0.04554455445544555,0.012622549019607843,0.07352941176470588,0.029166666666666667,0.005182909350919006,0.042574257425742584,0.023301820728291314,0.1323529411764706,0.03704481792717087,0.011422226458913871,0.03663366336633663,0.03657212885154061,0.20588235294117646,0.04234907249613132,0.017857854083073922
