protocol,split,experiment,scheme,threshold,queries,positive_queries,no_positive_queries,judged_fraction@1,recall@1,hit_rate@1,mrr@1,ndcg@1,judged_fraction@3,recall@3,hit_rate@3,mrr@3,ndcg@3,judged_fraction@5,recall@5,hit_rate@5,mrr@5,ndcg@5,judged_fraction@10,recall@10,hit_rate@10,mrr@10,ndcg@10,judged_fraction@20,recall@20,hit_rate@20,mrr@20,ndcg@20
temporal,validation,hybrid,relevance_grade,1,139,113,26,0.02158273381294964,0.0,0.0,0.0,0.0,0.033573141486810544,0.01327433628318584,0.017699115044247787,0.0058997050147492625,0.005643413948567198,0.03597122302158273,0.033343868520859674,0.05309734513274336,0.013421828908554572,0.014389601968513408,0.035251798561151085,0.06822587442056469,0.12389380530973451,0.023507515100435455,0.02545036472644607,0.03201438848920863,0.08629372102823431,0.1504424778761062,0.025515249641938045,0.03160926675234299
temporal,validation,hybrid,conservative_relevance_grade,1,139,113,26,0.02158273381294964,0.0,0.0,0.0,0.0,0.033573141486810544,0.01327433628318584,0.017699115044247787,0.0058997050147492625,0.0071378194370153025,0.03597122302158273,0.033343868520859674,0.05309734513274336,0.013421828908554572,0.016309923967196174,0.035251798561151085,0.06822587442056469,0.12389380530973451,0.023507515100435455,0.027151174480129842,0.03201438848920863,0.08629372102823431,0.1504424778761062,0.025515249641938045,0.033113659422824904
temporal,validation,hybrid,event_hierarchy_relevance_grade,1,139,113,26,0.02158273381294964,0.0,0.0,0.0,0.0,0.033573141486810544,0.01327433628318584,0.017699115044247787,0.0058997050147492625,0.0071378194370153025,0.03597122302158273,0.033343868520859674,0.05309734513274336,0.013421828908554572,0.01658364675545135,0.035251798561151085,0.06822587442056469,0.12389380530973451,0.023507515100435455,0.028248494812321986,0.03201438848920863,0.08629372102823431,0.1504424778761062,0.025515249641938045,0.03421097975501705
temporal,validation,hybrid,relevance_grade,2,139,101,38,0.02158273381294964,0.0,0.0,0.0,0.0,0.033573141486810544,0.009900990099009901,0.009900990099009901,0.0033003300330033,0.006313918576119736,0.03597122302158273,0.031683168316831684,0.039603960396039604,0.009240924092409241,0.016099257647940745,0.035251798561151085,0.059735973597359736,0.07920792079207921,0.01471004243281471,0.02517384040351557,0.03201438848920863,0.08399339933993401,0.12871287128712872,0.0181664407042208,0.03206449316516262
temporal,validation,repaired_bonuses_only,relevance_grade,1,139,113,26,0.0,0.0,0.0,0.0,0.0,0.028776978417266185,0.022123893805309734,0.02654867256637168,0.008849557522123894,0.010068192709629144,0.03884892086330936,0.0364306784660767,0.061946902654867256,0.016814159292035398,0.0159423632886219,0.03741007194244605,0.06843657817109144,0.12389380530973451,0.024687456103385307,0.026321948777266003,0.03201438848920864,0.07831858407079646,0.1504424778761062,0.02644378276073665,0.030249925667008196
temporal,validation,repaired_bonuses_only,conservative_relevance_grade,1,139,113,26,0.0,0.0,0.0,0.0,0.0,0.028776978417266185,0.022123893805309734,0.02654867256637168,0.008849557522123894,0.01156259819807725,0.03884892086330936,0.0364306784660767,0.061946902654867256,0.016814159292035398,0.017062139438744805,0.03741007194244605,0.06843657817109144,0.12389380530973451,0.024687456103385307,0.027067447119731906,0.03201438848920864,0.07831858407079646,0.1504424778761062,0.02644378276073665,0.030499367807652
temporal,validation,repaired_bonuses_only,event_hierarchy_relevance_grade,1,139,113,26,0.0,0.0,0.0,0.0,0.0,0.028776978417266185,0.022123893805309734,0.02654867256637168,0.008849557522123894,0.01156259819807725,0.03884892086330936,0.0364306784660767,0.061946902654867256,0.016814159292035398,0.0174524944209291,0.03741007194244605,0.06843657817109144,0.12389380530973451,0.024687456103385307,0.02826831038639654,0.03201438848920864,0.07831858407079646,0.1504424778761062,0.02644378276073665,0.03170023107431664
temporal,validation,repaired_bonuses_only,relevance_grade,2,139,101,38,0.0,0.0,0.0,0.0,0.0,0.028776978417266185,0.019801980198019802,0.019801980198019802,0.0066006600660066,0.011264413625624687,0.03884892086330936,0.034653465346534656,0.039603960396039604,0.01155115511551155,0.01783650546152747,0.03741007194244605,0.059735973597359736,0.07920792079207921,0.016607732201791608,0.026325894406389404,0.03201438848920864,0.07706270627062706,0.1188118811881188,0.01919154321447182,0.03072056161966532
temporal,validation,repaired_penalties_only,relevance_grade,1,139,113,26,0.0,0.0,0.0,0.0,0.0,0.028776978417266185,0.022123893805309734,0.02654867256637168,0.008849557522123894,0.010068192709629144,0.040287769784172665,0.0364306784660767,0.061946902654867256,0.016814159292035398,0.0159423632886219,0.03597122302158273,0.06843657817109144,0.12389380530973451,0.024676920915858963,0.02610068242971572,0.0316546762589928,0.07765486725663717,0.1415929203539823,0.025880150228077565,0.029774211478330835
temporal,validation,repaired_penalties_only,conservative_relevance_grade,1,139,113,26,0.0,0.0,0.0,0.0,0.0,0.028776978417266185,0.022123893805309734,0.02654867256637168,0.008849557522123894,0.01156259819807725,0.040287769784172665,0.0364306784660767,0.061946902654867256,0.016814159292035398,0.017062139438744805,0.03597122302158273,0.06843657817109144,0.12389380530973451,0.024676920915858963,0.02684929808860701,0.0316546762589928,0.07765486725663717,0.1415929203539823,0.025880150228077565,0.0303216333601339
temporal,validation,repaired_penalties_only,event_hierarchy_relevance_grade,1,139,113,26,0.0,0.0,0.0,0.0,0.0,0.028776978417266185,0.022123893805309734,0.02654867256637168,0.008849557522123894,0.01156259819807725,0.040287769784172665,0.0364306784660767,0.061946902654867256,0.016814159292035398,0.0174524944209291,0.03597122302158273,0.06843657817109144,0.12389380530973451,0.024676920915858963,0.02805016135527165,0.0316546762589928,0.07765486725663717,0.1415929203539823,0.025880150228077565,0.031522496626798534
temporal,validation,repaired_penalties_only,relevance_grade,2,139,101,38,0.0,0.0,0.0,0.0,0.0,0.028776978417266185,0.019801980198019802,0.019801980198019802,0.0066006600660066,0.011264413625624687,0.040287769784172665,0.034653465346534656,0.039603960396039604,0.01155115511551155,0.01783650546152747,0.03597122302158273,0.059735973597359736,0.07920792079207921,0.016607732201791608,0.0263397256261385,0.0316546762589928,0.07409240924092408,0.1188118811881188,0.019122786338784253,0.03044971357161878
temporal,validation,repaired_both,relevance_grade,1,139,113,26,0.0,0.0,0.0,0.0,0.0,0.02877697841726619,0.024336283185840708,0.035398230088495575,0.013274336283185839,0.01264011063167655,0.03884892086330936,0.0364306784660767,0.061946902654867256,0.01902654867256637,0.017288385612399027,0.03597122302158273,0.06733038348082596,0.11504424778761062,0.02612726506531816,0.02746224824666759,0.031654676258992806,0.07610619469026549,0.1415929203539823,0.028155288664138217,0.030566789470827888
temporal,validation,repaired_both,conservative_relevance_grade,1,139,113,26,0.0,0.0,0.0,0.0,0.0,0.02877697841726619,0.024336283185840708,0.035398230088495575,0.013274336283185839,0.01326545957967273,0.03884892086330936,0.0364306784660767,0.061946902654867256,0.01902654867256637,0.01829246481109945,0.03597122302158273,0.06733038348082596,0.11504424778761062,0.02612726506531816,0.028095166954136396,0.031654676258992806,0.07610619469026549,0.1415929203539823,0.028155288664138217,0.03042195437633125
temporal,validation,repaired_both,event_hierarchy_relevance_grade,1,139,113,26,0.0,0.0,0.0,0.0,0.0,0.02877697841726619,0.024336283185840708,0.035398230088495575,0.013274336283185839,0.013792402450620245,0.03884892086330936,0.0364306784660767,0.061946902654867256,0.01902654867256637,0.018745652911155933,0.03597122302158273,0.06733038348082596,0.11504424778761062,0.02612726506531816,0.02920773688106392,0.031654676258992806,0.07610619469026549,0.1415929203539823,0.028155288664138217,0.03167019229507931
temporal,validation,repaired_both,relevance_grade,2,139,101,38,0.0,0.0,0.0,0.0,0.0,0.02877697841726619,0.024752475247524754,0.0297029702970297,0.01155115511551155,0.014141905954251981,0.03884892086330936,0.034653465346534656,0.039603960396039604,0.014026402640264024,0.019342451229713762,0.03597122302158273,0.059735973597359736,0.07920792079207921,0.019082979726544082,0.0276016750008684,0.031654676258992806,0.07211221122112212,0.10891089108910891,0.021234087694483737,0.031075072608097255
temporal,validation,repaired_both_minus_entity_bonus,relevance_grade,1,139,113,26,0.0,0.0,0.0,0.0,0.0,0.028776978417266185,0.022123893805309734,0.02654867256637168,0.008849557522123894,0.010068192709629144,0.03884892086330936,0.0364306784660767,0.061946902654867256,0.016814159292035398,0.0159423632886219,0.03741007194244605,0.06843657817109144,0.12389380530973451,0.024687456103385307,0.026321948777266003,0.03201438848920864,0.07831858407079646,0.1504424778761062,0.02644378276073665,0.030249925667008196
temporal,validation,repaired_both_minus_entity_bonus,conservative_relevance_grade,1,139,113,26,0.0,0.0,0.0,0.0,0.0,0.028776978417266185,0.022123893805309734,0.02654867256637168,0.008849557522123894,0.01156259819807725,0.03884892086330936,0.0364306784660767,0.061946902654867256,0.016814159292035398,0.017062139438744805,0.03741007194244605,0.06843657817109144,0.12389380530973451,0.024687456103385307,0.027067447119731906,0.03201438848920864,0.07831858407079646,0.1504424778761062,0.02644378276073665,0.030499367807652
temporal,validation,repaired_both_minus_entity_bonus,event_hierarchy_relevance_grade,1,139,113,26,0.0,0.0,0.0,0.0,0.0,0.028776978417266185,0.022123893805309734,0.02654867256637168,0.008849557522123894,0.01156259819807725,0.03884892086330936,0.0364306784660767,0.061946902654867256,0.016814159292035398,0.0174524944209291,0.03741007194244605,0.06843657817109144,0.12389380530973451,0.024687456103385307,0.02826831038639654,0.03201438848920864,0.07831858407079646,0.1504424778761062,0.02644378276073665,0.03170023107431664
temporal,validation,repaired_both_minus_entity_bonus,relevance_grade,2,139,101,38,0.0,0.0,0.0,0.0,0.0,0.028776978417266185,0.019801980198019802,0.019801980198019802,0.0066006600660066,0.011264413625624687,0.03884892086330936,0.034653465346534656,0.039603960396039604,0.01155115511551155,0.01783650546152747,0.03741007194244605,0.059735973597359736,0.07920792079207921,0.016607732201791608,0.026325894406389404,0.03201438848920864,0.07706270627062706,0.1188118811881188,0.01919154321447182,0.03072056161966532
temporal,validation,repaired_both_minus_entity_penalty,relevance_grade,1,139,113,26,0.0,0.0,0.0,0.0,0.0,0.028776978417266185,0.022123893805309734,0.02654867256637168,0.008849557522123894,0.010068192709629144,0.03884892086330936,0.0364306784660767,0.061946902654867256,0.016814159292035398,0.0159423632886219,0.03741007194244605,0.06843657817109144,0.12389380530973451,0.024687456103385307,0.026321948777266003,0.03201438848920864,0.07831858407079646,0.1504424778761062,0.02644378276073665,0.030249925667008196
temporal,validation,repaired_both_minus_entity_penalty,conservative_relevance_grade,1,139,113,26,0.0,0.0,0.0,0.0,0.0,0.028776978417266185,0.022123893805309734,0.02654867256637168,0.008849557522123894,0.01156259819807725,0.03884892086330936,0.0364306784660767,0.061946902654867256,0.016814159292035398,0.017062139438744805,0.03741007194244605,0.06843657817109144,0.12389380530973451,0.024687456103385307,0.027067447119731906,0.03201438848920864,0.07831858407079646,0.1504424778761062,0.02644378276073665,0.030499367807652
temporal,validation,repaired_both_minus_entity_penalty,event_hierarchy_relevance_grade,1,139,113,26,0.0,0.0,0.0,0.0,0.0,0.028776978417266185,0.022123893805309734,0.02654867256637168,0.008849557522123894,0.01156259819807725,0.03884892086330936,0.0364306784660767,0.061946902654867256,0.016814159292035398,0.0174524944209291,0.03741007194244605,0.06843657817109144,0.12389380530973451,0.024687456103385307,0.02826831038639654,0.03201438848920864,0.07831858407079646,0.1504424778761062,0.02644378276073665,0.03170023107431664
temporal,validation,repaired_both_minus_entity_penalty,relevance_grade,2,139,101,38,0.0,0.0,0.0,0.0,0.0,0.028776978417266185,0.019801980198019802,0.019801980198019802,0.0066006600660066,0.011264413625624687,0.03884892086330936,0.034653465346534656,0.039603960396039604,0.01155115511551155,0.01783650546152747,0.03741007194244605,0.059735973597359736,0.07920792079207921,0.016607732201791608,0.026325894406389404,0.03201438848920864,0.07706270627062706,0.1188118811881188,0.01919154321447182,0.03072056161966532
temporal,validation,repaired_both_minus_context_bonus,relevance_grade,1,139,113,26,0.0,0.0,0.0,0.0,0.0,0.02877697841726619,0.024336283185840708,0.035398230088495575,0.013274336283185839,0.01264011063167655,0.04316546762589928,0.0364306784660767,0.061946902654867256,0.01902654867256637,0.017288385612399027,0.035251798561151085,0.058480825958702055,0.10619469026548672,0.025021070375052672,0.024670523673342555,0.030215827338129497,0.0754424778761062,0.13274336283185842,0.027300501858023976,0.029982603394864957
temporal,validation,repaired_both_minus_context_bonus,conservative_relevance_grade,1,139,113,26,0.0,0.0,0.0,0.0,0.0,0.02877697841726619,0.024336283185840708,0.035398230088495575,0.013274336283185839,0.01326545957967273,0.04316546762589928,0.0364306784660767,0.061946902654867256,0.01902654867256637,0.01829246481109945,0.035251798561151085,0.058480825958702055,0.10619469026548672,0.025021070375052672,0.025303442380811364,0.030215827338129497,0.0754424778761062,0.13274336283185842,0.027300501858023976,0.030130982777875907
temporal,validation,repaired_both_minus_context_bonus,event_hierarchy_relevance_grade,1,139,113,26,0.0,0.0,0.0,0.0,0.0,0.02877697841726619,0.024336283185840708,0.035398230088495575,0.013274336283185839,0.013792402450620245,0.04316546762589928,0.0364306784660767,0.061946902654867256,0.01902654867256637,0.018745652911155933,0.035251798561151085,0.058480825958702055,0.10619469026548672,0.025021070375052672,0.02641601230773889,0.030215827338129497,0.0754424778761062,0.13274336283185842,0.027300501858023976,0.031379220696623966
temporal,validation,repaired_both_minus_context_bonus,relevance_grade,2,139,101,38,0.0,0.0,0.0,0.0,0.0,0.02877697841726619,0.024752475247524754,0.0297029702970297,0.01155115511551155,0.014141905954251981,0.04316546762589928,0.034653465346534656,0.039603960396039604,0.014026402640264024,0.019342451229713762,0.035251798561151085,0.059735973597359736,0.07920792079207921,0.019082979726544082,0.0276016750008684,0.030215827338129497,0.06914191419141913,0.10891089108910891,0.021136380555348767,0.030783081564045644
temporal,validation,repaired_both_minus_context_penalty,relevance_grade,1,139,113,26,0.0,0.0,0.0,0.0,0.0,0.02877697841726619,0.024336283185840708,0.035398230088495575,0.013274336283185839,0.01264011063167655,0.03884892086330936,0.0364306784660767,0.061946902654867256,0.01902654867256637,0.017288385612399027,0.03597122302158273,0.06733038348082596,0.11504424778761062,0.02612726506531816,0.02746224824666759,0.031654676258992806,0.07610619469026549,0.1415929203539823,0.028155288664138217,0.030566789470827888
temporal,validation,repaired_both_minus_context_penalty,conservative_relevance_grade,1,139,113,26,0.0,0.0,0.0,0.0,0.0,0.02877697841726619,0.024336283185840708,0.035398230088495575,0.013274336283185839,0.01326545957967273,0.03884892086330936,0.0364306784660767,0.061946902654867256,0.01902654867256637,0.01829246481109945,0.03597122302158273,0.06733038348082596,0.11504424778761062,0.02612726506531816,0.028095166954136396,0.031654676258992806,0.07610619469026549,0.1415929203539823,0.028155288664138217,0.03042195437633125
temporal,validation,repaired_both_minus_context_penalty,event_hierarchy_relevance_grade,1,139,113,26,0.0,0.0,0.0,0.0,0.0,0.02877697841726619,0.024336283185840708,0.035398230088495575,0.013274336283185839,0.013792402450620245,0.03884892086330936,0.0364306784660767,0.061946902654867256,0.01902654867256637,0.018745652911155933,0.03597122302158273,0.06733038348082596,0.11504424778761062,0.02612726506531816,0.02920773688106392,0.031654676258992806,0.07610619469026549,0.1415929203539823,0.028155288664138217,0.03167019229507931
temporal,validation,repaired_both_minus_context_penalty,relevance_grade,2,139,101,38,0.0,0.0,0.0,0.0,0.0,0.02877697841726619,0.024752475247524754,0.0297029702970297,0.01155115511551155,0.014141905954251981,0.03884892086330936,0.034653465346534656,0.039603960396039604,0.014026402640264024,0.019342451229713762,0.03597122302158273,0.059735973597359736,0.07920792079207921,0.019082979726544082,0.0276016750008684,0.031654676258992806,0.07211221122112212,0.10891089108910891,0.021234087694483737,0.031075072608097255
temporal,validation,repaired_fixed_bonuses,relevance_grade,1,139,113,26,0.014388489208633094,0.0,0.0,0.0,0.0,0.033573141486810544,0.01327433628318584,0.017699115044247787,0.007374631268436577,0.005962525158154337,0.03741007194244605,0.034292035398230086,0.05309734513274336,0.015339233038348082,0.014582778939246286,0.03741007194244605,0.06822587442056469,0.12389380530973451,0.024898159853912066,0.025766082771367542,0.0341726618705036,0.08776864728192163,0.1592920353982301,0.02721192187478935,0.032360766261461046
temporal,validation,repaired_fixed_bonuses,conservative_relevance_grade,1,139,113,26,0.014388489208633094,0.0,0.0,0.0,0.0,0.033573141486810544,0.01327433628318584,0.017699115044247787,0.007374631268436577,0.00784825493127913,0.03741007194244605,0.034292035398230086,0.05309734513274336,0.015339233038348082,0.01582287299085496,0.03741007194244605,0.06822587442056469,0.12389380530973451,0.024898159853912066,0.027725822042127053,0.0341726618705036,0.08776864728192163,0.1592920353982301,0.02721192187478935,0.03375536453052088
temporal,validation,repaired_fixed_bonuses,event_hierarchy_relevance_grade,1,139,113,26,0.014388489208633094,0.0,0.0,0.0,0.0,0.033573141486810544,0.01327433628318584,0.017699115044247787,0.007374631268436577,0.00784825493127913,0.03741007194244605,0.034292035398230086,0.05309734513274336,0.015339233038348082,0.016447229956534415,0.03741007194244605,0.06822587442056469,0.12389380530973451,0.024898159853912066,0.02885091883503958,0.0341726618705036,0.08776864728192163,0.1592920353982301,0.02721192187478935,0.03495734083072683
temporal,validation,repaired_fixed_bonuses,relevance_grade,2,139,101,38,0.014388489208633094,0.0,0.0,0.0,0.0,0.033573141486810544,0.009900990099009901,0.009900990099009901,0.0033003300330033,0.006670943988826139,0.03741007194244605,0.034653465346534656,0.039603960396039604,0.009735973597359737,0.01631538633796862,0.03741007194244605,0.059735973597359736,0.07920792079207921,0.014655036932264656,0.025703984914641615,0.0341726618705036,0.08597359735973598,0.13861386138613863,0.018453822383565202,0.03308219515603336
temporal,validation,repaired_fixed_penalties,relevance_grade,1,139,113,26,0.02158273381294964,0.0,0.0,0.0,0.0,0.033573141486810544,0.01327433628318584,0.017699115044247787,0.007374631268436577,0.005962525158154337,0.03741007194244605,0.034292035398230086,0.05309734513274336,0.015339233038348082,0.014582778939246286,0.03597122302158273,0.06822587442056469,0.12389380530973451,0.024898159853912066,0.025766082771367542,0.03381294964028776,0.08776864728192163,0.1592920353982301,0.02721192187478935,0.032360766261461046
temporal,validation,repaired_fixed_penalties,conservative_relevance_grade,1,139,113,26,0.02158273381294964,0.0,0.0,0.0,0.0,0.033573141486810544,0.01327433628318584,0.017699115044247787,0.007374631268436577,0.00784825493127913,0.03741007194244605,0.034292035398230086,0.05309734513274336,0.015339233038348082,0.01582287299085496,0.03597122302158273,0.06822587442056469,0.12389380530973451,0.024898159853912066,0.027725822042127053,0.03381294964028776,0.08776864728192163,0.1592920353982301,0.02721192187478935,0.03375536453052088
temporal,validation,repaired_fixed_penalties,event_hierarchy_relevance_grade,1,139,113,26,0.02158273381294964,0.0,0.0,0.0,0.0,0.033573141486810544,0.01327433628318584,0.017699115044247787,0.007374631268436577,0.00784825493127913,0.03741007194244605,0.034292035398230086,0.05309734513274336,0.015339233038348082,0.016447229956534415,0.03597122302158273,0.06822587442056469,0.12389380530973451,0.024898159853912066,0.02885091883503958,0.03381294964028776,0.08776864728192163,0.1592920353982301,0.02721192187478935,0.03495734083072683
temporal,validation,repaired_fixed_penalties,relevance_grade,2,139,101,38,0.02158273381294964,0.0,0.0,0.0,0.0,0.033573141486810544,0.009900990099009901,0.009900990099009901,0.0033003300330033,0.006670943988826139,0.03741007194244605,0.034653465346534656,0.039603960396039604,0.009735973597359737,0.01631538633796862,0.03597122302158273,0.059735973597359736,0.07920792079207921,0.014655036932264656,0.025703984914641615,0.03381294964028776,0.08597359735973598,0.13861386138613863,0.018453822383565202,0.03308219515603336
temporal,validation,repaired_fixed_both,relevance_grade,1,139,113,26,0.007194244604316547,0.0,0.0,0.0,0.0,0.03597122302158273,0.022123893805309734,0.02654867256637168,0.008849557522123894,0.010068192709629144,0.03884892086330936,0.034292035398230086,0.05309734513274336,0.014601769911504425,0.014877149516620272,0.036690647482014394,0.06696165191740412,0.11504424778761062,0.023177412557943533,0.02489921681517132,0.033453237410071945,0.07891908975979774,0.1504424778761062,0.025750216248586068,0.03035369885568358
temporal,validation,repaired_fixed_both,conservative_relevance_grade,1,139,113,26,0.007194244604316547,0.0,0.0,0.0,0.0,0.03597122302158273,0.022123893805309734,0.02654867256637168,0.008849557522123894,0.01156259819807725,0.03884892086330936,0.034292035398230086,0.05309734513274336,0.014601769911504425,0.015725919283552256,0.036690647482014394,0.06696165191740412,0.11504424778761062,0.023177412557943533,0.026167574889198582,0.033453237410071945,0.07891908975979774,0.1504424778761062,0.025750216248586068,0.031296679219380105
temporal,validation,repaired_fixed_both,event_hierarchy_relevance_grade,1,139,113,26,0.007194244604316547,0.0,0.0,0.0,0.0,0.03597122302158273,0.022123893805309734,0.02654867256637168,0.008849557522123894,0.01156259819807725,0.03884892086330936,0.034292035398230086,0.05309734513274336,0.014601769911504425,0.016350276249231712,0.036690647482014394,0.06696165191740412,0.11504424778761062,0.023177412557943533,0.02729267168211111,0.033453237410071945,0.07891908975979774,0.1504424778761062,0.025750216248586068,0.03250383149137919
temporal,validation,repaired_fixed_both,relevance_grade,2,139,101,38,0.007194244604316547,0.0,0.0,0.0,0.0,0.03597122302158273,0.019801980198019802,0.019801980198019802,0.0066006600660066,0.011264413625624687,0.03884892086330936,0.034653465346534656,0.039603960396039604,0.010561056105610561,0.01664473163740684,0.036690647482014394,0.057755775577557754,0.06930693069306931,0.01438000942951438,0.024734124983451785,0.033453237410071945,0.07607260726072608,0.12871287128712872,0.01842735965325856,0.030836664296104117
temporal,test,hybrid,relevance_grade,1,139,110,29,0.02877697841726619,0.0018181818181818182,0.00909090909090909,0.00909090909090909,0.003896103896103896,0.033573141486810544,0.006363636363636363,0.01818181818181818,0.012121212121212121,0.006793830778162709,0.031654676258992806,0.010530303030303029,0.045454545454545456,0.017575757575757574,0.008805786360547522,0.031654676258992806,0.035277777777777776,0.08181818181818182,0.02304112554112554,0.016508633807190847,0.02697841726618705,0.039924242424242425,0.1,0.02408777625882889,0.017313833558991718
temporal,test,hybrid,conservative_relevance_grade,1,139,110,29,0.02877697841726619,0.0018181818181818182,0.00909090909090909,0.00909090909090909,0.003896103896103896,0.033573141486810544,0.006363636363636363,0.01818181818181818,0.012121212121212121,0.006793830778162709,0.031654676258992806,0.010530303030303029,0.045454545454545456,0.017575757575757574,0.008466213481378907,0.031654676258992806,0.035277777777777776,0.08181818181818182,0.02304112554112554,0.017010886423714545,0.02697841726618705,0.039924242424242425,0.1,0.02408777625882889,0.018268893617255307
temporal,test,hybrid,event_hierarchy_relevance_grade,1,139,110,29,0.02877697841726619,0.0018181818181818182,0.00909090909090909,0.00909090909090909,0.003896103896103896,0.033573141486810544,0.006363636363636363,0.01818181818181818,0.012121212121212121,0.0066591933800370815,0.031654676258992806,0.010530303030303029,0.045454545454545456,0.017575757575757574,0.009048189456459405,0.031654676258992806,0.035277777777777776,0.08181818181818182,0.02304112554112554,0.01721136364899943,0.02697841726618705,0.039924242424242425,0.1,0.02408777625882889,0.018665138009844828
temporal,test,hybrid,relevance_grade,2,139,96,43,0.02877697841726619,0.0026041666666666665,0.010416666666666666,0.010416666666666666,0.004464285714285714,0.033573141486810544,0.013020833333333334,0.020833333333333332,0.013888888888888888,0.00778459776664477,0.031654676258992806,0.015625,0.03125,0.01597222222222222,0.01008996353812737,0.031654676258992806,0.03333333333333333,0.0625,0.020498511904761905,0.01563005043755484,0.02697841726618705,0.035416666666666666,0.0625,0.020498511904761905,0.01655267515316
temporal,test,repaired_bonuses_only,relevance_grade,1,139,110,29,0.02877697841726619,0.0018181818181818182,0.00909090909090909,0.00909090909090909,0.003896103896103896,0.031175059952038366,0.007878787878787877,0.02727272727272727,0.016666666666666666,0.00717835274045604,0.031654676258992806,0.01154040404040404,0.05454545454545454,0.022121212121212118,0.009162360832287745,0.031654676258992806,0.029722222222222223,0.07272727272727272,0.024772727272727276,0.015112290781904592,0.028057553956834534,0.03709595959595959,0.09090909090909091,0.02624852420306966,0.01652732353843781
temporal,test,repaired_bonuses_only,conservative_relevance_grade,1,139,110,29,0.02877697841726619,0.0018181818181818182,0.00909090909090909,0.00909090909090909,0.003896103896103896,0.031175059952038366,0.007878787878787877,0.02727272727272727,0.016666666666666666,0.00717835274045604,0.031654676258992806,0.01154040404040404,0.05454545454545454,0.022121212121212118,0.00882874382184408,0.031654676258992806,0.029722222222222223,0.07272727272727272,0.024772727272727276,0.01478451385034441,0.028057553956834534,0.03709595959595959,0.09090909090909091,0.02624852420306966,0.016898920525774498
temporal,test,repaired_bonuses_only,event_hierarchy_relevance_grade,1,139,110,29,0.02877697841726619,0.0018181818181818182,0.00909090909090909,0.00909090909090909,0.003896103896103896,0.031175059952038366,0.007878787878787877,0.02727272727272727,0.016666666666666666,0.007043715342330412,0.031654676258992806,0.01154040404040404,0.05454545454545454,0.022121212121212118,0.009495609006237665,0.031654676258992806,0.029722222222222223,0.07272727272727272,0.024772727272727276,0.015277366341575246,0.028057553956834534,0.03709595959595959,0.09090909090909091,0.02624852420306966,0.017237803780295203
temporal,test,repaired_bonuses_only,relevance_grade,2,139,96,43,0.02877697841726619,0.0026041666666666665,0.010416666666666666,0.010416666666666666,0.004464285714285714,0.031175059952038366,0.013020833333333334,0.020833333333333332,0.013888888888888888,0.008225195848439212,0.031654676258992806,0.015625,0.03125,0.01597222222222222,0.010498538453663041,0.031654676258992806,0.026041666666666668,0.041666666666666664,0.017708333333333333,0.014030074054414336,0.028057553956834534,0.03333333333333333,0.0625,0.019306344696969697,0.015651465754608653
temporal,test,repaired_penalties_only,relevance_grade,1,139,110,29,0.02877697841726619,0.0018181818181818182,0.00909090909090909,0.00909090909090909,0.003896103896103896,0.033573141486810544,0.007878787878787877,0.02727272727272727,0.016666666666666666,0.00717835274045604,0.031654676258992806,0.01154040404040404,0.05454545454545454,0.022121212121212118,0.009162360832287745,0.03237410071942446,0.029722222222222223,0.07272727272727272,0.024772727272727276,0.015112290781904592,0.028417266187050358,0.038232323232323236,0.1,0.026726993102591187,0.01732867254019901
temporal,test,repaired_penalties_only,conservative_relevance_grade,1,139,110,29,0.02877697841726619,0.0018181818181818182,0.00909090909090909,0.00909090909090909,0.003896103896103896,0.033573141486810544,0.007878787878787877,0.02727272727272727,0.016666666666666666,0.00717835274045604,0.031654676258992806,0.01154040404040404,0.05454545454545454,0.022121212121212118,0.00882874382184408,0.03237410071942446,0.029722222222222223,0.07272727272727272,0.024772727272727276,0.01478451385034441,0.028417266187050358,0.038232323232323236,0.1,0.026726993102591187,0.01796200075769498
temporal,test,repaired_penalties_only,event_hierarchy_relevance_grade,1,139,110,29,0.02877697841726619,0.0018181818181818182,0.00909090909090909,0.00909090909090909,0.003896103896103896,0.033573141486810544,0.007878787878787877,0.02727272727272727,0.016666666666666666,0.007043715342330412,0.031654676258992806,0.01154040404040404,0.05454545454545454,0.022121212121212118,0.009495609006237665,0.03237410071942446,0.029722222222222223,0.07272727272727272,0.024772727272727276,0.015277366341575246,0.028417266187050358,0.038232323232323236,0.1,0.026726993102591187,0.018005918937591358
temporal,test,repaired_penalties_only,relevance_grade,2,139,96,43,0.02877697841726619,0.0026041666666666665,0.010416666666666666,0.010416666666666666,0.004464285714285714,0.033573141486810544,0.013020833333333334,0.020833333333333332,0.013888888888888888,0.008225195848439212,0.031654676258992806,0.015625,0.03125,0.01597222222222222,0.010498538453663041,0.03237410071942446,0.026041666666666668,0.041666666666666664,0.017708333333333333,0.014030074054414336,0.028417266187050358,0.03541666666666667,0.07291666666666667,0.019854590311004783,0.016569678152460025
temporal,test,repaired_both,relevance_grade,1,139,110,29,0.03597122302158273,0.0015151515151515152,0.00909090909090909,0.00909090909090909,0.0012987012987012987,0.02877697841726619,0.007878787878787877,0.02727272727272727,0.01515151515151515,0.006091185127094902,0.031654676258992806,0.01154040404040404,0.05454545454545454,0.020606060606060607,0.008225913749626435,0.030935251798561148,0.029722222222222223,0.07272727272727272,0.02303030303030303,0.013931961306678162,0.031654676258992806,0.03891414141414141,0.1,0.024612668033720666,0.015704573722575246
temporal,test,repaired_both,conservative_relevance_grade,1,139,110,29,0.03597122302158273,0.0015151515151515152,0.00909090909090909,0.00909090909090909,0.0012987012987012987,0.02877697841726619,0.007878787878787877,0.02727272727272727,0.01515151515151515,0.006091185127094902,0.031654676258992806,0.01154040404040404,0.05454545454545454,0.020606060606060607,0.00781450770040776,0.030935251798561148,0.029722222222222223,0.07272727272727272,0.02303030303030303,0.013526028914117038,0.031654676258992806,0.03891414141414141,0.1,0.024612668033720666,0.015581786900886766
temporal,test,repaired_both,event_hierarchy_relevance_grade,1,139,110,29,0.03597122302158273,0.0015151515151515152,0.00909090909090909,0.00909090909090909,0.0012987012987012987,0.02877697841726619,0.007878787878787877,0.02727272727272727,0.01515151515151515,0.005816855619885731,0.031654676258992806,0.01154040404040404,0.05454545454545454,0.020606060606060607,0.008362237349002424,0.030935251798561148,0.029722222222222223,0.07272727272727272,0.02303030303030303,0.013899745869548957,0.031654676258992806,0.03891414141414141,0.1,0.024612668033720666,0.015805933448580844
temporal,test,repaired_both,relevance_grade,2,139,96,43,0.03597122302158273,0.0,0.0,0.0,0.001488095238095238,0.02877697841726619,0.013020833333333334,0.020833333333333332,0.006944444444444444,0.006979482958129575,0.031654676258992806,0.015625,0.03125,0.009027777777777779,0.009425526171446957,0.030935251798561148,0.026041666666666668,0.041666666666666664,0.010763888888888887,0.012952613723090728,0.031654676258992806,0.035937500000000004,0.07291666666666667,0.012445712934296527,0.014983732116306138
temporal,test,repaired_both_minus_entity_bonus,relevance_grade,1,139,110,29,0.02877697841726619,0.0018181818181818182,0.00909090909090909,0.00909090909090909,0.003896103896103896,0.031175059952038366,0.007878787878787877,0.02727272727272727,0.016666666666666666,0.00717835274045604,0.031654676258992806,0.01154040404040404,0.05454545454545454,0.022121212121212118,0.009162360832287745,0.031654676258992806,0.029722222222222223,0.07272727272727272,0.024772727272727276,0.015112290781904592,0.028057553956834534,0.03709595959595959,0.09090909090909091,0.02624852420306966,0.01652732353843781
temporal,test,repaired_both_minus_entity_bonus,conservative_relevance_grade,1,139,110,29,0.02877697841726619,0.0018181818181818182,0.00909090909090909,0.00909090909090909,0.003896103896103896,0.031175059952038366,0.007878787878787877,0.02727272727272727,0.016666666666666666,0.00717835274045604,0.031654676258992806,0.01154040404040404,0.05454545454545454,0.022121212121212118,0.00882874382184408,0.031654676258992806,0.029722222222222223,0.07272727272727272,0.024772727272727276,0.01478451385034441,0.028057553956834534,0.03709595959595959,0.09090909090909091,0.02624852420306966,0.016898920525774498
temporal,test,repaired_both_minus_entity_bonus,event_hierarchy_relevance_grade,1,139,110,29,0.02877697841726619,0.0018181818181818182,0.00909090909090909,0.00909090909090909,0.003896103896103896,0.031175059952038366,0.007878787878787877,0.02727272727272727,0.016666666666666666,0.007043715342330412,0.031654676258992806,0.01154040404040404,0.05454545454545454,0.022121212121212118,0.009495609006237665,0.031654676258992806,0.029722222222222223,0.07272727272727272,0.024772727272727276,0.015277366341575246,0.028057553956834534,0.03709595959595959,0.09090909090909091,0.02624852420306966,0.017237803780295203
temporal,test,repaired_both_minus_entity_bonus,relevance_grade,2,139,96,43,0.02877697841726619,0.0026041666666666665,0.010416666666666666,0.010416666666666666,0.004464285714285714,0.031175059952038366,0.013020833333333334,0.020833333333333332,0.013888888888888888,0.008225195848439212,0.031654676258992806,0.015625,0.03125,0.01597222222222222,0.010498538453663041,0.031654676258992806,0.026041666666666668,0.041666666666666664,0.017708333333333333,0.014030074054414336,0.028057553956834534,0.03333333333333333,0.0625,0.019306344696969697,0.015651465754608653
temporal,test,repaired_both_minus_entity_penalty,relevance_grade,1,139,110,29,0.02877697841726619,0.0018181818181818182,0.00909090909090909,0.00909090909090909,0.003896103896103896,0.031175059952038366,0.007878787878787877,0.02727272727272727,0.016666666666666666,0.00717835274045604,0.031654676258992806,0.01154040404040404,0.05454545454545454,0.022121212121212118,0.009162360832287745,0.031654676258992806,0.029722222222222223,0.07272727272727272,0.024772727272727276,0.015112290781904592,0.028057553956834534,0.03709595959595959,0.09090909090909091,0.02624852420306966,0.01652732353843781
temporal,test,repaired_both_minus_entity_penalty,conservative_relevance_grade,1,139,110,29,0.02877697841726619,0.0018181818181818182,0.00909090909090909,0.00909090909090909,0.003896103896103896,0.031175059952038366,0.007878787878787877,0.02727272727272727,0.016666666666666666,0.00717835274045604,0.031654676258992806,0.01154040404040404,0.05454545454545454,0.022121212121212118,0.00882874382184408,0.031654676258992806,0.029722222222222223,0.07272727272727272,0.024772727272727276,0.01478451385034441,0.028057553956834534,0.03709595959595959,0.09090909090909091,0.02624852420306966,0.016898920525774498
temporal,test,repaired_both_minus_entity_penalty,event_hierarchy_relevance_grade,1,139,110,29,0.02877697841726619,0.0018181818181818182,0.00909090909090909,0.00909090909090909,0.003896103896103896,0.031175059952038366,0.007878787878787877,0.02727272727272727,0.016666666666666666,0.007043715342330412,0.031654676258992806,0.01154040404040404,0.05454545454545454,0.022121212121212118,0.009495609006237665,0.031654676258992806,0.029722222222222223,0.07272727272727272,0.024772727272727276,0.015277366341575246,0.028057553956834534,0.03709595959595959,0.09090909090909091,0.02624852420306966,0.017237803780295203
temporal,test,repaired_both_minus_entity_penalty,relevance_grade,2,139,96,43,0.02877697841726619,0.0026041666666666665,0.010416666666666666,0.010416666666666666,0.004464285714285714,0.031175059952038366,0.013020833333333334,0.020833333333333332,0.013888888888888888,0.008225195848439212,0.031654676258992806,0.015625,0.03125,0.01597222222222222,0.010498538453663041,0.031654676258992806,0.026041666666666668,0.041666666666666664,0.017708333333333333,0.014030074054414336,0.028057553956834534,0.03333333333333333,0.0625,0.019306344696969697,0.015651465754608653
temporal,test,repaired_both_minus_context_bonus,relevance_grade,1,139,110,29,0.02877697841726619,0.0015151515151515152,0.00909090909090909,0.00909090909090909,0.0012987012987012987,0.031175059952038366,0.007878787878787877,0.02727272727272727,0.01515151515151515,0.006091185127094902,0.03453237410071943,0.01154040404040404,0.05454545454545454,0.020606060606060607,0.008225913749626435,0.030215827338129497,0.03085858585858586,0.08181818181818182,0.023939393939393944,0.014933100553328714,0.030575539568345324,0.04134920634920635,0.11818181818181818,0.025976304397357028,0.01682912380977676
temporal,test,repaired_both_minus_context_bonus,conservative_relevance_grade,1,139,110,29,0.02877697841726619,0.0015151515151515152,0.00909090909090909,0.00909090909090909,0.0012987012987012987,0.031175059952038366,0.007878787878787877,0.02727272727272727,0.01515151515151515,0.006091185127094902,0.03453237410071943,0.01154040404040404,0.05454545454545454,0.020606060606060607,0.00781450770040776,0.030215827338129497,0.03085858585858586,0.08181818181818182,0.023939393939393944,0.014854153539186612,0.030575539568345324,0.04134920634920635,0.11818181818181818,0.025976304397357028,0.01703879728055744
temporal,test,repaired_both_minus_context_bonus,event_hierarchy_relevance_grade,1,139,110,29,0.02877697841726619,0.0015151515151515152,0.00909090909090909,0.00909090909090909,0.0012987012987012987,0.031175059952038366,0.007878787878787877,0.02727272727272727,0.01515151515151515,0.005816855619885731,0.03453237410071943,0.01154040404040404,0.05454545454545454,0.020606060606060607,0.008362237349002424,0.030215827338129497,0.03085858585858586,0.08181818181818182,0.023939393939393944,0.014859365496236286,0.030575539568345324,0.04134920634920635,0.11818181818181818,0.025976304397357028,0.01698262149266734
temporal,test,repaired_both_minus_context_bonus,relevance_grade,2,139,96,43,0.02877697841726619,0.0,0.0,0.0,0.001488095238095238,0.031175059952038366,0.013020833333333334,0.020833333333333332,0.006944444444444444,0.006979482958129575,0.03453237410071943,0.015625,0.03125,0.009027777777777779,0.009425526171446957,0.030215827338129497,0.028125,0.052083333333333336,0.011805555555555555,0.014099752443211155,0.030575539568345324,0.03802083333333334,0.08333333333333333,0.013487379600963191,0.01627227909122454
temporal,test,repaired_both_minus_context_penalty,relevance_grade,1,139,110,29,0.03597122302158273,0.0015151515151515152,0.00909090909090909,0.00909090909090909,0.0012987012987012987,0.02877697841726619,0.007878787878787877,0.02727272727272727,0.01515151515151515,0.006091185127094902,0.031654676258992806,0.01154040404040404,0.05454545454545454,0.020606060606060607,0.008225913749626435,0.030935251798561148,0.029722222222222223,0.07272727272727272,0.02303030303030303,0.013931961306678162,0.031654676258992806,0.03891414141414141,0.1,0.024612668033720666,0.015704573722575246
temporal,test,repaired_both_minus_context_penalty,conservative_relevance_grade,1,139,110,29,0.03597122302158273,0.0015151515151515152,0.00909090909090909,0.00909090909090909,0.0012987012987012987,0.02877697841726619,0.007878787878787877,0.02727272727272727,0.01515151515151515,0.006091185127094902,0.031654676258992806,0.01154040404040404,0.05454545454545454,0.020606060606060607,0.00781450770040776,0.030935251798561148,0.029722222222222223,0.07272727272727272,0.02303030303030303,0.013526028914117038,0.031654676258992806,0.03891414141414141,0.1,0.024612668033720666,0.015581786900886766
temporal,test,repaired_both_minus_context_penalty,event_hierarchy_relevance_grade,1,139,110,29,0.03597122302158273,0.0015151515151515152,0.00909090909090909,0.00909090909090909,0.0012987012987012987,0.02877697841726619,0.007878787878787877,0.02727272727272727,0.01515151515151515,0.005816855619885731,0.031654676258992806,0.01154040404040404,0.05454545454545454,0.020606060606060607,0.008362237349002424,0.030935251798561148,0.029722222222222223,0.07272727272727272,0.02303030303030303,0.013899745869548957,0.031654676258992806,0.03891414141414141,0.1,0.024612668033720666,0.015805933448580844
temporal,test,repaired_both_minus_context_penalty,relevance_grade,2,139,96,43,0.03597122302158273,0.0,0.0,0.0,0.001488095238095238,0.02877697841726619,0.013020833333333334,0.020833333333333332,0.006944444444444444,0.006979482958129575,0.031654676258992806,0.015625,0.03125,0.009027777777777779,0.009425526171446957,0.030935251798561148,0.026041666666666668,0.041666666666666664,0.010763888888888887,0.012952613723090728,0.031654676258992806,0.035937500000000004,0.07291666666666667,0.012445712934296527,0.014983732116306138
temporal,test,repaired_fixed_bonuses,relevance_grade,1,139,110,29,0.03597122302158273,0.0018181818181818182,0.00909090909090909,0.00909090909090909,0.003896103896103896,0.033573141486810544,0.007878787878787877,0.02727272727272727,0.01515151515151515,0.007098557223632031,0.034532374100719423,0.020631313131313132,0.06363636363636363,0.022424242424242426,0.012610676473915552,0.031654676258992806,0.035277777777777776,0.08181818181818182,0.02485930735930736,0.016838359584839035,0.027338129496402876,0.039924242424242425,0.1,0.025943836864889495,0.017633096809503396
temporal,test,repaired_fixed_bonuses,conservative_relevance_grade,1,139,110,29,0.03597122302158273,0.0018181818181818182,0.00909090909090909,0.00909090909090909,0.003896103896103896,0.033573141486810544,0.007878787878787877,0.02727272727272727,0.01515151515151515,0.007098557223632031,0.034532374100719423,0.020631313131313132,0.06363636363636363,0.022424242424242426,0.012273864567615622,0.031654676258992806,0.035277777777777776,0.08181818181818182,0.02485930735930736,0.017343260838851824,0.027338129496402876,0.039924242424242425,0.1,0.025943836864889495,0.018590805505256075
temporal,test,repaired_fixed_bonuses,event_hierarchy_relevance_grade,1,139,110,29,0.03597122302158273,0.0018181818181818182,0.00909090909090909,0.00909090909090909,0.003896103896103896,0.033573141486810544,0.007878787878787877,0.02727272727272727,0.01515151515151515,0.0069639198255064035,0.034532374100719423,0.020631313131313132,0.06363636363636363,0.022424242424242426,0.012940729752009206,0.031654676258992806,0.035277777777777776,0.08181818181818182,0.02485930735930736,0.0175624137045303,0.027338129496402876,0.039924242424242425,0.1,0.025943836864889495,0.019002573071634474
temporal,test,repaired_fixed_bonuses,relevance_grade,2,139,96,43,0.03597122302158273,0.0026041666666666665,0.010416666666666666,0.010416666666666666,0.004464285714285714,0.033573141486810544,0.013020833333333334,0.020833333333333332,0.013888888888888888,0.008133763485411703,0.034532374100719423,0.026041666666666668,0.041666666666666664,0.018055555555555554,0.014449733459694905,0.031654676258992806,0.03333333333333333,0.0625,0.0207010582010582,0.016007861224443386,0.027338129496402876,0.035416666666666666,0.0625,0.0207010582010582,0.016918497627704632
temporal,test,repaired_fixed_penalties,relevance_grade,1,139,110,29,0.02877697841726619,0.0018181818181818182,0.00909090909090909,0.00909090909090909,0.003896103896103896,0.033573141486810544,0.007878787878787877,0.02727272727272727,0.01515151515151515,0.007098557223632031,0.03741007194244605,0.020631313131313132,0.06363636363636363,0.022424242424242426,0.012610676473915552,0.031654676258992806,0.035277777777777776,0.08181818181818182,0.02485930735930736,0.016838359584839035,0.02697841726618705,0.039924242424242425,0.1,0.025943836864889495,0.017633096809503396
temporal,test,repaired_fixed_penalties,conservative_relevance_grade,1,139,110,29,0.02877697841726619,0.0018181818181818182,0.00909090909090909,0.00909090909090909,0.003896103896103896,0.033573141486810544,0.007878787878787877,0.02727272727272727,0.01515151515151515,0.007098557223632031,0.03741007194244605,0.020631313131313132,0.06363636363636363,0.022424242424242426,0.012273864567615622,0.031654676258992806,0.035277777777777776,0.08181818181818182,0.02485930735930736,0.017343260838851824,0.02697841726618705,0.039924242424242425,0.1,0.025943836864889495,0.018590805505256075
temporal,test,repaired_fixed_penalties,event_hierarchy_relevance_grade,1,139,110,29,0.02877697841726619,0.0018181818181818182,0.00909090909090909,0.00909090909090909,0.003896103896103896,0.033573141486810544,0.007878787878787877,0.02727272727272727,0.01515151515151515,0.0069639198255064035,0.03741007194244605,0.020631313131313132,0.06363636363636363,0.022424242424242426,0.012940729752009206,0.031654676258992806,0.035277777777777776,0.08181818181818182,0.02485930735930736,0.0175624137045303,0.02697841726618705,0.039924242424242425,0.1,0.025943836864889495,0.019002573071634474
temporal,test,repaired_fixed_penalties,relevance_grade,2,139,96,43,0.02877697841726619,0.0026041666666666665,0.010416666666666666,0.010416666666666666,0.004464285714285714,0.033573141486810544,0.013020833333333334,0.020833333333333332,0.013888888888888888,0.008133763485411703,0.03741007194244605,0.026041666666666668,0.041666666666666664,0.018055555555555554,0.014449733459694905,0.031654676258992806,0.03333333333333333,0.0625,0.0207010582010582,0.016007861224443386,0.02697841726618705,0.035416666666666666,0.0625,0.0207010582010582,0.016918497627704632
temporal,test,repaired_fixed_both,relevance_grade,1,139,110,29,0.02877697841726619,0.0018181818181818182,0.00909090909090909,0.00909090909090909,0.003896103896103896,0.033573141486810544,0.007878787878787877,0.02727272727272727,0.01515151515151515,0.007098557223632031,0.033093525179856115,0.020631313131313132,0.06363636363636363,0.022424242424242426,0.012610676473915552,0.03237410071942446,0.035277777777777776,0.08181818181818182,0.02485930735930736,0.016818790156245007,0.027697841726618704,0.03891414141414141,0.1,0.025963203463203462,0.017234635535197915
temporal,test,repaired_fixed_both,conservative_relevance_grade,1,139,110,29,0.02877697841726619,0.0018181818181818182,0.00909090909090909,0.00909090909090909,0.003896103896103896,0.033573141486810544,0.007878787878787877,0.02727272727272727,0.01515151515151515,0.007098557223632031,0.033093525179856115,0.020631313131313132,0.06363636363636363,0.022424242424242426,0.012273864567615622,0.03237410071942446,0.035277777777777776,0.08181818181818182,0.02485930735930736,0.017323691410257795,0.027697841726618704,0.03891414141414141,0.1,0.025963203463203462,0.018185087740032385
temporal,test,repaired_fixed_both,event_hierarchy_relevance_grade,1,139,110,29,0.02877697841726619,0.0018181818181818182,0.00909090909090909,0.00909090909090909,0.003896103896103896,0.033573141486810544,0.007878787878787877,0.02727272727272727,0.01515151515151515,0.0069639198255064035,0.033093525179856115,0.020631313131313132,0.06363636363636363,0.022424242424242426,0.012940729752009206,0.03237410071942446,0.035277777777777776,0.08181818181818182,0.02485930735930736,0.017553723133249058,0.027697841726618704,0.03891414141414141,0.1,0.025963203463203462,0.01848358906208882
temporal,test,repaired_fixed_both,relevance_grade,2,139,96,43,0.02877697841726619,0.0026041666666666665,0.010416666666666666,0.010416666666666666,0.004464285714285714,0.033573141486810544,0.013020833333333334,0.020833333333333332,0.013888888888888888,0.008133763485411703,0.033093525179856115,0.026041666666666668,0.041666666666666664,0.018055555555555554,0.014449733459694905,0.03237410071942446,0.03333333333333333,0.0625,0.02058531746031746,0.015985437920846064,0.027697841726618704,0.03333333333333333,0.0625,0.02058531746031746,0.01646192741756294
query,validation,hybrid,relevance_grade,1,100,70,30,0.02,0.0023809523809523807,0.014285714285714285,0.014285714285714285,0.006122448979591836,0.04333333333333333,0.012380952380952381,0.04285714285714286,0.023809523809523808,0.0067782533614726085,0.034,0.012380952380952381,0.04285714285714286,0.023809523809523808,0.0058953158731321455,0.044000000000000004,0.042755102040816326,0.14285714285714285,0.03779478458049886,0.017733090047012633,0.041999999999999996,0.057295918367346946,0.2,0.04134203681472589,0.024676784713548523
query,validation,hybrid,conservative_relevance_grade,1,100,70,30,0.02,0.0023809523809523807,0.014285714285714285,0.014285714285714285,0.006122448979591836,0.04333333333333333,0.012380952380952381,0.04285714285714286,0.023809523809523808,0.009190650792824549,0.034,0.012380952380952381,0.04285714285714286,0.023809523809523808,0.008353177322966596,0.044000000000000004,0.042755102040816326,0.14285714285714285,0.03779478458049886,0.02090392846690132,0.041999999999999996,0.057295918367346946,0.2,0.04134203681472589,0.028289439239195444
query,validation,hybrid,event_hierarchy_relevance_grade,1,100,70,30,0.02,0.0023809523809523807,0.014285714285714285,0.014285714285714285,0.006122448979591836,0.04333333333333333,0.012380952380952381,0.04285714285714286,0.023809523809523808,0.009381840831042577,0.034,0.012380952380952381,0.04285714285714286,0.023809523809523808,0.00851423127088131,0.044000000000000004,0.042755102040816326,0.14285714285714285,0.03779478458049886,0.021463776493283408,0.041999999999999996,0.057295918367346946,0.2,0.04134203681472589,0.028619064246201625
query,validation,hybrid,relevance_grade,2,100,56,44,0.02,0.002976190476190476,0.017857142857142856,0.017857142857142856,0.007653061224489796,0.04333333333333333,0.002976190476190476,0.017857142857142856,0.017857142857142856,0.00847281670184076,0.034,0.002976190476190476,0.017857142857142856,0.017857142857142856,0.007369144841415182,0.044000000000000004,0.02351190476190476,0.08928571428571429,0.02814625850340136,0.01653306118759206,0.041999999999999996,0.039880952380952385,0.14285714285714285,0.031503226290516204,0.023428377618598794
query,validation,repaired_bonuses_only,relevance_grade,1,100,70,30,0.02,0.0023809523809523807,0.014285714285714285,0.014285714285714285,0.006122448979591836,0.03666666666666667,0.009523809523809523,0.02857142857142857,0.019047619047619046,0.006090963648993038,0.036000000000000004,0.011904761904761904,0.04285714285714286,0.021904761904761903,0.00598828642289069,0.043,0.041088435374149655,0.12857142857142856,0.03370748299319727,0.017751527929650804,0.0475,0.06681972789115646,0.18571428571428572,0.03748050735445693,0.025115309063352343
query,validation,repaired_bonuses_only,conservative_relevance_grade,1,100,70,30,0.02,0.0023809523809523807,0.014285714285714285,0.014285714285714285,0.006122448979591836,0.03666666666666667,0.009523809523809523,0.02857142857142857,0.019047619047619046,0.00850336108034498,0.036000000000000004,0.011904761904761904,0.04285714285714286,0.021904761904761903,0.008605894132379683,0.043,0.041088435374149655,0.12857142857142856,0.03370748299319727,0.02075742693409777,0.0475,0.06681972789115646,0.18571428571428572,0.03748050735445693,0.028854799903767183
query,validation,repaired_bonuses_only,event_hierarchy_relevance_grade,1,100,70,30,0.02,0.0023809523809523807,0.014285714285714285,0.014285714285714285,0.006122448979591836,0.03666666666666667,0.009523809523809523,0.02857142857142857,0.019047619047619046,0.00850336108034498,0.036000000000000004,0.011904761904761904,0.04285714285714286,0.021904761904761903,0.008605894132379683,0.043,0.041088435374149655,0.12857142857142856,0.03370748299319727,0.02121975146558819,0.0475,0.06681972789115646,0.18571428571428572,0.03748050735445693,0.029243480683693278
query,validation,repaired_bonuses_only,relevance_grade,2,100,56,44,0.02,0.002976190476190476,0.017857142857142856,0.017857142857142856,0.007653061224489796,0.03666666666666667,0.002976190476190476,0.017857142857142856,0.017857142857142856,0.007613704561241297,0.036000000000000004,0.002976190476190476,0.017857142857142856,0.017857142857142856,0.0074853580286133635,0.043,0.019940476190476192,0.07142857142857142,0.024851190476190475,0.016556108540889774,0.0475,0.030952380952380953,0.125,0.028641058696205753,0.021478469483585783
query,validation,repaired_penalties_only,relevance_grade,1,100,70,30,0.02,0.0023809523809523807,0.014285714285714285,0.014285714285714285,0.006122448979591836,0.04,0.009523809523809523,0.02857142857142857,0.019047619047619046,0.006090963648993038,0.038000000000000006,0.011904761904761904,0.04285714285714286,0.021904761904761903,0.00598828642289069,0.044,0.041088435374149655,0.12857142857142856,0.03265873015873016,0.017619579584890903,0.045,0.08110544217687074,0.2,0.03701998981410746,0.028172176110579202
query,validation,repaired_penalties_only,conservative_relevance_grade,1,100,70,30,0.02,0.0023809523809523807,0.014285714285714285,0.014285714285714285,0.006122448979591836,0.04,0.009523809523809523,0.02857142857142857,0.019047619047619046,0.00850336108034498,0.038000000000000006,0.011904761904761904,0.04285714285714286,0.021904761904761903,0.008605894132379683,0.044,0.041088435374149655,0.12857142857142856,0.03265873015873016,0.020518859189800707,0.045,0.08110544217687074,0.2,0.03701998981410746,0.031799675962283884
query,validation,repaired_penalties_only,event_hierarchy_relevance_grade,1,100,70,30,0.02,0.0023809523809523807,0.014285714285714285,0.014285714285714285,0.006122448979591836,0.04,0.009523809523809523,0.02857142857142857,0.019047619047619046,0.00850336108034498,0.038000000000000006,0.011904761904761904,0.04285714285714286,0.021904761904761903,0.008605894132379683,0.044,0.041088435374149655,0.12857142857142856,0.03265873015873016,0.02097077856116619,0.045,0.08110544217687074,0.2,0.03701998981410746,0.03218960826574384
query,validation,repaired_penalties_only,relevance_grade,2,100,56,44,0.02,0.002976190476190476,0.017857142857142856,0.017857142857142856,0.007653061224489796,0.04,0.002976190476190476,0.017857142857142856,0.017857142857142856,0.007613704561241297,0.038000000000000006,0.002976190476190476,0.017857142857142856,0.017857142857142856,0.0074853580286133635,0.044,0.019940476190476192,0.07142857142857142,0.024851190476190475,0.0163911731099399,0.045,0.030952380952380953,0.125,0.02848349567099567,0.021234013137316623
query,validation,repaired_both,relevance_grade,1,100,70,30,0.03,0.0023809523809523807,0.014285714285714285,0.014285714285714285,0.006122448979591836,0.039999999999999994,0.009523809523809523,0.02857142857142857,0.019047619047619046,0.006090963648993038,0.038000000000000006,0.011904761904761904,0.04285714285714286,0.021904761904761903,0.00598828642289069,0.044000000000000004,0.038707482993197276,0.11428571428571428,0.03087301587301587,0.016245605201862006,0.0455,0.06681972789115646,0.18571428571428572,0.03536032594856124,0.02448583724914291
query,validation,repaired_both,conservative_relevance_grade,1,100,70,30,0.03,0.0023809523809523807,0.014285714285714285,0.014285714285714285,0.006122448979591836,0.039999999999999994,0.009523809523809523,0.02857142857142857,0.019047619047619046,0.00850336108034498,0.038000000000000006,0.011904761904761904,0.04285714285714286,0.021904761904761903,0.008605894132379683,0.044000000000000004,0.038707482993197276,0.11428571428571428,0.03087301587301587,0.019784694187490678,0.0455,0.06681972789115646,0.18571428571428572,0.03536032594856124,0.028118357070902527
query,validation,repaired_both,event_hierarchy_relevance_grade,1,100,70,30,0.03,0.0023809523809523807,0.014285714285714285,0.014285714285714285,0.006122448979591836,0.039999999999999994,0.009523809523809523,0.02857142857142857,0.019047619047619046,0.00850336108034498,0.038000000000000006,0.011904761904761904,0.04285714285714286,0.021904761904761903,0.008605894132379683,0.044000000000000004,0.038707482993197276,0.11428571428571428,0.03087301587301587,0.02004787625298271,0.0455,0.06681972789115646,0.18571428571428572,0.03536032594856124,0.028490023873879607
query,validation,repaired_both,relevance_grade,2,100,56,44,0.03,0.002976190476190476,0.017857142857142856,0.017857142857142856,0.007653061224489796,0.039999999999999994,0.002976190476190476,0.017857142857142856,0.017857142857142856,0.007613704561241297,0.038000000000000006,0.002976190476190476,0.017857142857142856,0.017857142857142856,0.0074853580286133635,0.044000000000000004,0.015476190476190475,0.05357142857142857,0.02306547619047619,0.015145134603793794,0.0455,0.030952380952380953,0.125,0.027907640328858816,0.021163059188464006
query,validation,repaired_both_minus_entity_bonus,relevance_grade,1,100,70,30,0.02,0.0023809523809523807,0.014285714285714285,0.014285714285714285,0.006122448979591836,0.03666666666666667,0.009523809523809523,0.02857142857142857,0.019047619047619046,0.006090963648993038,0.036000000000000004,0.011904761904761904,0.04285714285714286,0.021904761904761903,0.00598828642289069,0.043,0.041088435374149655,0.12857142857142856,0.03370748299319727,0.017751527929650804,0.0475,0.06681972789115646,0.18571428571428572,0.03748050735445693,0.025115309063352343
query,validation,repaired_both_minus_entity_bonus,conservative_relevance_grade,1,100,70,30,0.02,0.0023809523809523807,0.014285714285714285,0.014285714285714285,0.006122448979591836,0.03666666666666667,0.009523809523809523,0.02857142857142857,0.019047619047619046,0.00850336108034498,0.036000000000000004,0.011904761904761904,0.04285714285714286,0.021904761904761903,0.008605894132379683,0.043,0.041088435374149655,0.12857142857142856,0.03370748299319727,0.02075742693409777,0.0475,0.06681972789115646,0.18571428571428572,0.03748050735445693,0.028854799903767183
query,validation,repaired_both_minus_entity_bonus,event_hierarchy_relevance_grade,1,100,70,30,0.02,0.0023809523809523807,0.014285714285714285,0.014285714285714285,0.006122448979591836,0.03666666666666667,0.009523809523809523,0.02857142857142857,0.019047619047619046,0.00850336108034498,0.036000000000000004,0.011904761904761904,0.04285714285714286,0.021904761904761903,0.008605894132379683,0.043,0.041088435374149655,0.12857142857142856,0.03370748299319727,0.02121975146558819,0.0475,0.06681972789115646,0.18571428571428572,0.03748050735445693,0.029243480683693278
query,validation,repaired_both_minus_entity_bonus,relevance_grade,2,100,56,44,0.02,0.002976190476190476,0.017857142857142856,0.017857142857142856,0.007653061224489796,0.03666666666666667,0.002976190476190476,0.017857142857142856,0.017857142857142856,0.007613704561241297,0.036000000000000004,0.002976190476190476,0.017857142857142856,0.017857142857142856,0.0074853580286133635,0.043,0.019940476190476192,0.07142857142857142,0.024851190476190475,0.016556108540889774,0.0475,0.030952380952380953,0.125,0.028641058696205753,0.021478469483585783
query,validation,repaired_both_minus_entity_penalty,relevance_grade,1,100,70,30,0.02,0.0023809523809523807,0.014285714285714285,0.014285714285714285,0.006122448979591836,0.03666666666666667,0.009523809523809523,0.02857142857142857,0.019047619047619046,0.006090963648993038,0.036000000000000004,0.011904761904761904,0.04285714285714286,0.021904761904761903,0.00598828642289069,0.043,0.041088435374149655,0.12857142857142856,0.03370748299319727,0.017751527929650804,0.0475,0.06681972789115646,0.18571428571428572,0.03748050735445693,0.025115309063352343
query,validation,repaired_both_minus_entity_penalty,conservative_relevance_grade,1,100,70,30,0.02,0.0023809523809523807,0.014285714285714285,0.014285714285714285,0.006122448979591836,0.03666666666666667,0.009523809523809523,0.02857142857142857,0.019047619047619046,0.00850336108034498,0.036000000000000004,0.011904761904761904,0.04285714285714286,0.021904761904761903,0.008605894132379683,0.043,0.041088435374149655,0.12857142857142856,0.03370748299319727,0.02075742693409777,0.0475,0.06681972789115646,0.18571428571428572,0.03748050735445693,0.028854799903767183
query,validation,repaired_both_minus_entity_penalty,event_hierarchy_relevance_grade,1,100,70,30,0.02,0.0023809523809523807,0.014285714285714285,0.014285714285714285,0.006122448979591836,0.03666666666666667,0.009523809523809523,0.02857142857142857,0.019047619047619046,0.00850336108034498,0.036000000000000004,0.011904761904761904,0.04285714285714286,0.021904761904761903,0.008605894132379683,0.043,0.041088435374149655,0.12857142857142856,0.03370748299319727,0.02121975146558819,0.0475,0.06681972789115646,0.18571428571428572,0.03748050735445693,0.029243480683693278
query,validation,repaired_both_minus_entity_penalty,relevance_grade,2,100,56,44,0.02,0.002976190476190476,0.017857142857142856,0.017857142857142856,0.007653061224489796,0.03666666666666667,0.002976190476190476,0.017857142857142856,0.017857142857142856,0.007613704561241297,0.036000000000000004,0.002976190476190476,0.017857142857142856,0.017857142857142856,0.0074853580286133635,0.043,0.019940476190476192,0.07142857142857142,0.024851190476190475,0.016556108540889774,0.0475,0.030952380952380953,0.125,0.028641058696205753,0.021478469483585783
query,validation,repaired_both_minus_context_bonus,relevance_grade,1,100,70,30,0.02,0.0023809523809523807,0.014285714285714285,0.014285714285714285,0.006122448979591836,0.03666666666666666,0.009523809523809523,0.02857142857142857,0.019047619047619046,0.006090963648993038,0.04,0.011904761904761904,0.04285714285714286,0.021904761904761903,0.00598828642289069,0.044000000000000004,0.03585034013605442,0.1,0.029087301587301585,0.015519935333965793,0.046,0.07931972789115646,0.18571428571428572,0.03464754083451562,0.02672303524035265
query,validation,repaired_both_minus_context_bonus,conservative_relevance_grade,1,100,70,30,0.02,0.0023809523809523807,0.014285714285714285,0.014285714285714285,0.006122448979591836,0.03666666666666666,0.009523809523809523,0.02857142857142857,0.019047619047619046,0.00850336108034498,0.04,0.011904761904761904,0.04285714285714286,0.021904761904761903,0.008605894132379683,0.044000000000000004,0.03585034013605442,0.1,0.029087301587301585,0.018256220867958334,0.046,0.07931972789115646,0.18571428571428572,0.03464754083451562,0.030069254343289924
query,validation,repaired_both_minus_context_bonus,event_hierarchy_relevance_grade,1,100,70,30,0.02,0.0023809523809523807,0.014285714285714285,0.014285714285714285,0.006122448979591836,0.03666666666666666,0.009523809523809523,0.02857142857142857,0.019047619047619046,0.00850336108034498,0.04,0.011904761904761904,0.04285714285714286,0.021904761904761903,0.008605894132379683,0.044000000000000004,0.03585034013605442,0.1,0.029087301587301585,0.018519402933450373,0.046,0.07931972789115646,0.18571428571428572,0.03464754083451562,0.03067114416564291
query,validation,repaired_both_minus_context_bonus,relevance_grade,2,100,56,44,0.02,0.002976190476190476,0.017857142857142856,0.017857142857142856,0.007653061224489796,0.03666666666666666,0.002976190476190476,0.017857142857142856,0.017857142857142856,0.007613704561241297,0.04,0.002976190476190476,0.017857142857142856,0.017857142857142856,0.0074853580286133635,0.044000000000000004,0.015476190476190475,0.05357142857142857,0.02306547619047619,0.01423804726892353,0.046,0.027976190476190477,0.10714285714285714,0.02685722016079159,0.019388877663015194
query,validation,repaired_both_minus_context_penalty,relevance_grade,1,100,70,30,0.03,0.0023809523809523807,0.014285714285714285,0.014285714285714285,0.006122448979591836,0.039999999999999994,0.009523809523809523,0.02857142857142857,0.019047619047619046,0.006090963648993038,0.038000000000000006,0.011904761904761904,0.04285714285714286,0.021904761904761903,0.00598828642289069,0.044000000000000004,0.038707482993197276,0.11428571428571428,0.03087301587301587,0.016245605201862006,0.0455,0.06681972789115646,0.18571428571428572,0.03536032594856124,0.02448583724914291
query,validation,repaired_both_minus_context_penalty,conservative_relevance_grade,1,100,70,30,0.03,0.0023809523809523807,0.014285714285714285,0.014285714285714285,0.006122448979591836,0.039999999999999994,0.009523809523809523,0.02857142857142857,0.019047619047619046,0.00850336108034498,0.038000000000000006,0.011904761904761904,0.04285714285714286,0.021904761904761903,0.008605894132379683,0.044000000000000004,0.038707482993197276,0.11428571428571428,0.03087301587301587,0.019784694187490678,0.0455,0.06681972789115646,0.18571428571428572,0.03536032594856124,0.028118357070902527
query,validation,repaired_both_minus_context_penalty,event_hierarchy_relevance_grade,1,100,70,30,0.03,0.0023809523809523807,0.014285714285714285,0.014285714285714285,0.006122448979591836,0.039999999999999994,0.009523809523809523,0.02857142857142857,0.019047619047619046,0.00850336108034498,0.038000000000000006,0.011904761904761904,0.04285714285714286,0.021904761904761903,0.008605894132379683,0.044000000000000004,0.038707482993197276,0.11428571428571428,0.03087301587301587,0.02004787625298271,0.0455,0.06681972789115646,0.18571428571428572,0.03536032594856124,0.028490023873879607
query,validation,repaired_both_minus_context_penalty,relevance_grade,2,100,56,44,0.03,0.002976190476190476,0.017857142857142856,0.017857142857142856,0.007653061224489796,0.039999999999999994,0.002976190476190476,0.017857142857142856,0.017857142857142856,0.007613704561241297,0.038000000000000006,0.002976190476190476,0.017857142857142856,0.017857142857142856,0.0074853580286133635,0.044000000000000004,0.015476190476190475,0.05357142857142857,0.02306547619047619,0.015145134603793794,0.0455,0.030952380952380953,0.125,0.027907640328858816,0.021163059188464006
query,validation,repaired_fixed_bonuses,relevance_grade,1,100,70,30,0.02,0.0023809523809523807,0.014285714285714285,0.014285714285714285,0.006122448979591836,0.04333333333333333,0.012380952380952381,0.04285714285714286,0.02619047619047619,0.00729339002837756,0.04,0.014421768707482992,0.05714285714285714,0.029047619047619044,0.008637700284957993,0.044000000000000004,0.03918367346938775,0.12857142857142856,0.03942176870748299,0.01631505511774657,0.044,0.07158163265306124,0.21428571428571427,0.04484334962054997,0.028728943957186663
query,validation,repaired_fixed_bonuses,conservative_relevance_grade,1,100,70,30,0.02,0.0023809523809523807,0.014285714285714285,0.014285714285714285,0.006122448979591836,0.04333333333333333,0.012380952380952381,0.04285714285714286,0.02619047619047619,0.010337496662136155,0.04,0.014421768707482992,0.05714285714285714,0.029047619047619044,0.011958723343366475,0.044000000000000004,0.03918367346938775,0.12857142857142856,0.03942176870748299,0.02014143307840028,0.044,0.07158163265306124,0.21428571428571427,0.04484334962054997,0.03299018412483267
query,validation,repaired_fixed_bonuses,event_hierarchy_relevance_grade,1,100,70,30,0.02,0.0023809523809523807,0.014285714285714285,0.014285714285714285,0.006122448979591836,0.04333333333333333,0.012380952380952381,0.04285714285714286,0.02619047619047619,0.010528686700354183,0.04,0.014421768707482992,0.05714285714285714,0.029047619047619044,0.012119777291281188,0.044000000000000004,0.03918367346938775,0.12857142857142856,0.03942176870748299,0.02070128110478237,0.044,0.07158163265306124,0.21428571428571427,0.04484334962054997,0.03331980913183885
query,validation,repaired_fixed_bonuses,relevance_grade,2,100,56,44,0.02,0.002976190476190476,0.017857142857142856,0.017857142857142856,0.007653061224489796,0.04333333333333333,0.002976190476190476,0.017857142857142856,0.017857142857142856,0.00911673753547195,0.04,0.006547619047619048,0.03571428571428571,0.02142857142857143,0.010797125356197491,0.044000000000000004,0.014583333333333334,0.07142857142857142,0.02695578231292517,0.014760517526009485,0.044,0.039880952380952385,0.14285714285714285,0.03187525010004001,0.02429616463712003
query,validation,repaired_fixed_penalties,relevance_grade,1,100,70,30,0.02,0.0023809523809523807,0.014285714285714285,0.014285714285714285,0.006122448979591836,0.04666666666666666,0.012380952380952381,0.04285714285714286,0.02619047619047619,0.00729339002837756,0.04,0.014421768707482992,0.05714285714285714,0.029047619047619044,0.008637700284957993,0.043,0.03918367346938775,0.12857142857142856,0.03942176870748299,0.01631505511774657,0.0425,0.07158163265306124,0.21428571428571427,0.04484334962054997,0.028728943957186663
query,validation,repaired_fixed_penalties,conservative_relevance_grade,1,100,70,30,0.02,0.0023809523809523807,0.014285714285714285,0.014285714285714285,0.006122448979591836,0.04666666666666666,0.012380952380952381,0.04285714285714286,0.02619047619047619,0.010337496662136155,0.04,0.014421768707482992,0.05714285714285714,0.029047619047619044,0.011958723343366475,0.043,0.03918367346938775,0.12857142857142856,0.03942176870748299,0.02014143307840028,0.0425,0.07158163265306124,0.21428571428571427,0.04484334962054997,0.03299018412483267
query,validation,repaired_fixed_penalties,event_hierarchy_relevance_grade,1,100,70,30,0.02,0.0023809523809523807,0.014285714285714285,0.014285714285714285,0.006122448979591836,0.04666666666666666,0.012380952380952381,0.04285714285714286,0.02619047619047619,0.010528686700354183,0.04,0.014421768707482992,0.05714285714285714,0.029047619047619044,0.012119777291281188,0.043,0.03918367346938775,0.12857142857142856,0.03942176870748299,0.02070128110478237,0.0425,0.07158163265306124,0.21428571428571427,0.04484334962054997,0.03331980913183885
query,validation,repaired_fixed_penalties,relevance_grade,2,100,56,44,0.02,0.002976190476190476,0.017857142857142856,0.017857142857142856,0.007653061224489796,0.04666666666666666,0.002976190476190476,0.017857142857142856,0.017857142857142856,0.00911673753547195,0.04,0.006547619047619048,0.03571428571428571,0.02142857142857143,0.010797125356197491,0.043,0.014583333333333334,0.07142857142857142,0.02695578231292517,0.014760517526009485,0.0425,0.039880952380952385,0.14285714285714285,0.03187525010004001,0.02429616463712003
query,validation,repaired_fixed_both,relevance_grade,1,100,70,30,0.02,0.0023809523809523807,0.014285714285714285,0.014285714285714285,0.006122448979591836,0.04333333333333333,0.012380952380952381,0.04285714285714286,0.023809523809523808,0.0067782533614726085,0.044000000000000004,0.014421768707482992,0.05714285714285714,0.026666666666666665,0.008122563618053039,0.045,0.04394557823129251,0.14285714285714285,0.038628117913832194,0.019004823695794235,0.045999999999999985,0.06681972789115646,0.18571428571428572,0.04115496198479392,0.025659880210789358
query,validation,repaired_fixed_both,conservative_relevance_grade,1,100,70,30,0.02,0.0023809523809523807,0.014285714285714285,0.014285714285714285,0.006122448979591836,0.04333333333333333,0.012380952380952381,0.04285714285714286,0.023809523809523808,0.009190650792824549,0.044000000000000004,0.014421768707482992,0.05714285714285714,0.026666666666666665,0.010811877474054868,0.045,0.04394557823129251,0.14285714285714285,0.038628117913832194,0.022117682080721953,0.045999999999999985,0.06681972789115646,0.18571428571428572,0.04115496198479392,0.02929386037995643
query,validation,repaired_fixed_both,event_hierarchy_relevance_grade,1,100,70,30,0.02,0.0023809523809523807,0.014285714285714285,0.014285714285714285,0.006122448979591836,0.04333333333333333,0.012380952380952381,0.04285714285714286,0.023809523809523808,0.009381840831042577,0.044000000000000004,0.014421768707482992,0.05714285714285714,0.026666666666666665,0.01097293142196958,0.045,0.04394557823129251,0.14285714285714285,0.038628117913832194,0.022677530107104035,0.045999999999999985,0.06681972789115646,0.18571428571428572,0.04115496198479392,0.029780064654774188
query,validation,repaired_fixed_both,relevance_grade,2,100,56,44,0.02,0.002976190476190476,0.017857142857142856,0.017857142857142856,0.007653061224489796,0.04333333333333333,0.002976190476190476,0.017857142857142856,0.017857142857142856,0.00847281670184076,0.044000000000000004,0.006547619047619048,0.03571428571428571,0.02142857142857143,0.010153204522566298,0.045,0.02351190476190476,0.08928571428571429,0.028939909297052153,0.018122728248569066,0.045999999999999985,0.030952380952380953,0.125,0.031106400893690805,0.02207278921163036
query,test,hybrid,relevance_grade,1,100,68,32,0.03,0.0,0.0,0.0,0.0,0.04,0.0029411764705882353,0.014705882352941176,0.007352941176470588,0.006249395563946974,0.042,0.006880252100840336,0.04411764705882353,0.013970588235294117,0.00797904091880377,0.045,0.022274743230625584,0.14705882352941177,0.029464285714285707,0.01524477642141793,0.043500000000000004,0.030993230625583568,0.17647058823529413,0.031157397169394068,0.018471353364224573
query,test,hybrid,conservative_relevance_grade,1,100,68,32,0.03,0.0,0.0,0.0,0.0,0.04,0.0029411764705882353,0.014705882352941176,0.007352941176470588,0.006249395563946974,0.042,0.006880252100840336,0.04411764705882353,0.013970588235294117,0.008686813943164312,0.045,0.022274743230625584,0.14705882352941177,0.029464285714285707,0.015896468503101596,0.043500000000000004,0.030993230625583568,0.17647058823529413,0.031157397169394068,0.020134601585087307
query,test,hybrid,event_hierarchy_relevance_grade,1,100,68,32,0.03,0.0,0.0,0.0,0.0,0.04,0.0029411764705882353,0.014705882352941176,0.007352941176470588,0.005161547177404221,0.042,0.006880252100840336,0.04411764705882353,0.013970588235294117,0.00814560643315708,0.045,0.022274743230625584,0.14705882352941177,0.029464285714285707,0.01458801068684354,0.043500000000000004,0.030993230625583568,0.17647058823529413,0.031157397169394068,0.018331957907311174
query,test,hybrid,relevance_grade,2,100,61,39,0.03,0.0,0.0,0.0,0.0,0.04,0.003278688524590164,0.01639344262295082,0.00819672131147541,0.006966539317186791,0.042,0.006557377049180328,0.03278688524590164,0.011475409836065573,0.008894668565223876,0.045,0.023536299765807962,0.11475409836065574,0.023672911787665882,0.01699417699436753,0.043500000000000004,0.031733021077283374,0.13114754098360656,0.024535724557294875,0.02059101686503723
query,test,repaired_bonuses_only,relevance_grade,1,100,68,32,0.0,0.0,0.0,0.0,0.0,0.02333333333333333,0.0,0.0,0.0,0.0,0.034,0.0058823529411764705,0.029411764705882353,0.006617647058823529,0.002172465745658561,0.04300000000000001,0.018539915966386555,0.11764705882352941,0.018493230625583567,0.00981658355639993,0.0355,0.03216036414565826,0.17647058823529413,0.0224921986338395,0.014891829792494371
query,test,repaired_bonuses_only,conservative_relevance_grade,1,100,68,32,0.0,0.0,0.0,0.0,0.0,0.02333333333333333,0.0,0.0,0.0,0.0,0.034,0.0058823529411764705,0.029411764705882353,0.006617647058823529,0.0017699549797802823,0.04300000000000001,0.018539915966386555,0.11764705882352941,0.018493230625583567,0.009693673527971364,0.0355,0.03216036414565826,0.17647058823529413,0.0224921986338395,0.01580945082013105
query,test,repaired_bonuses_only,event_hierarchy_relevance_grade,1,100,68,32,0.0,0.0,0.0,0.0,0.0,0.02333333333333333,0.0,0.0,0.0,0.0,0.034,0.0058823529411764705,0.029411764705882353,0.006617647058823529,0.002169484739917741,0.04300000000000001,0.018539915966386555,0.11764705882352941,0.018493230625583567,0.008583120005861035,0.0355,0.03216036414565826,0.17647058823529413,0.0224921986338395,0.014481683999011077
query,test,repaired_bonuses_only,relevance_grade,2,100,61,39,0.0,0.0,0.0,0.0,0.0,0.02333333333333333,0.0,0.0,0.0,0.0,0.034,0.00546448087431694,0.01639344262295082,0.004098360655737705,0.002421765093521019,0.04300000000000001,0.017915690866510542,0.08196721311475409,0.013466042154566744,0.010943076751396642,0.0355,0.03118657298985168,0.13114754098360656,0.016605721955161128,0.016600728293272412
query,test,repaired_penalties_only,relevance_grade,1,100,68,32,0.0,0.0,0.0,0.0,0.0,0.026666666666666665,0.0,0.0,0.0,0.0,0.038000000000000006,0.008823529411764707,0.04411764705882353,0.010294117647058823,0.00562385143371449,0.04,0.018539915966386555,0.11764705882352941,0.019701213818860877,0.010577025092563008,0.036,0.03216036414565826,0.17647058823529413,0.023700181827116813,0.015652271328657454
query,test,repaired_penalties_only,conservative_relevance_grade,1,100,68,32,0.0,0.0,0.0,0.0,0.0,0.026666666666666665,0.0,0.0,0.0,0.0,0.038000000000000006,0.008823529411764707,0.04411764705882353,0.010294117647058823,0.005221340667836211,0.04,0.018539915966386555,0.11764705882352941,0.019701213818860877,0.010452639892910958,0.036,0.03216036414565826,0.17647058823529413,0.023700181827116813,0.01656841718507064
query,test,repaired_penalties_only,event_hierarchy_relevance_grade,1,100,68,32,0.0,0.0,0.0,0.0,0.0,0.026666666666666665,0.0,0.0,0.0,0.0,0.038000000000000006,0.008823529411764707,0.04411764705882353,0.010294117647058823,0.005228979353604028,0.04,0.018539915966386555,0.11764705882352941,0.019701213818860877,0.009244949923222027,0.036,0.03216036414565826,0.17647058823529413,0.023700181827116813,0.015143513916372068
query,test,repaired_penalties_only,relevance_grade,2,100,61,39,0.0,0.0,0.0,0.0,0.0,0.026666666666666665,0.0,0.0,0.0,0.0,0.038000000000000006,0.008743169398907104,0.03278688524590164,0.00819672131147541,0.0062692114343046775,0.04,0.017915690866510542,0.08196721311475409,0.015222482435597191,0.011790782070398107,0.036,0.03118657298985168,0.13114754098360656,0.01836216223619157,0.01744843361227388
query,test,repaired_both,relevance_grade,1,100,68,32,0.0,0.0,0.0,0.0,0.0,0.03,0.0029411764705882353,0.014705882352941176,0.004901960784313725,0.0017078008281933624,0.034,0.008823529411764707,0.04411764705882353,0.011519607843137254,0.005846538106339065,0.04,0.016701680672268907,0.10294117647058823,0.019660364145658266,0.01060662814978622,0.0355,0.02474906629318394,0.14705882352941177,0.022996746545508154,0.012709320948148688
query,test,repaired_both,conservative_relevance_grade,1,100,68,32,0.0,0.0,0.0,0.0,0.0,0.03,0.0029411764705882353,0.014705882352941176,0.004901960784313725,0.0007828282922544093,0.034,0.008823529411764707,0.04411764705882353,0.011519607843137254,0.005321186952620645,0.04,0.016701680672268907,0.10294117647058823,0.019660364145658266,0.010360877733517515,0.0355,0.02474906629318394,0.14705882352941177,0.022996746545508154,0.013117123956584051
query,test,repaired_both,event_hierarchy_relevance_grade,1,100,68,32,0.0,0.0,0.0,0.0,0.0,0.03,0.0029411764705882353,0.014705882352941176,0.004901960784313725,0.0013634764536481366,0.034,0.008823529411764707,0.04411764705882353,0.011519607843137254,0.00539313556565439,0.04,0.016701680672268907,0.10294117647058823,0.019660364145658266,0.009197863189454973,0.0355,0.02474906629318394,0.14705882352941177,0.022996746545508154,0.012109848279767967
query,test,repaired_both,relevance_grade,2,100,61,39,0.0,0.0,0.0,0.0,0.0,0.03,0.00546448087431694,0.01639344262295082,0.00546448087431694,0.0019037779724122728,0.034,0.008743169398907104,0.03278688524590164,0.009562841530054643,0.00651745231526322,0.04,0.017915690866510542,0.08196721311475409,0.016588602654176422,0.011823782199761688,0.0355,0.02064793130366901,0.09836065573770492,0.01755292280846765,0.014167767614329686
query,test,repaired_both_minus_entity_bonus,relevance_grade,1,100,68,32,0.0,0.0,0.0,0.0,0.0,0.02333333333333333,0.0,0.0,0.0,0.0,0.034,0.0058823529411764705,0.029411764705882353,0.006617647058823529,0.002172465745658561,0.04300000000000001,0.018539915966386555,0.11764705882352941,0.018493230625583567,0.00981658355639993,0.0355,0.03216036414565826,0.17647058823529413,0.0224921986338395,0.014891829792494371
query,test,repaired_both_minus_entity_bonus,conservative_relevance_grade,1,100,68,32,0.0,0.0,0.0,0.0,0.0,0.02333333333333333,0.0,0.0,0.0,0.0,0.034,0.0058823529411764705,0.029411764705882353,0.006617647058823529,0.0017699549797802823,0.04300000000000001,0.018539915966386555,0.11764705882352941,0.018493230625583567,0.009693673527971364,0.0355,0.03216036414565826,0.17647058823529413,0.0224921986338395,0.01580945082013105
query,test,repaired_both_minus_entity_bonus,event_hierarchy_relevance_grade,1,100,68,32,0.0,0.0,0.0,0.0,0.0,0.02333333333333333,0.0,0.0,0.0,0.0,0.034,0.0058823529411764705,0.029411764705882353,0.006617647058823529,0.002169484739917741,0.04300000000000001,0.018539915966386555,0.11764705882352941,0.018493230625583567,0.008583120005861035,0.0355,0.03216036414565826,0.17647058823529413,0.0224921986338395,0.014481683999011077
query,test,repaired_both_minus_entity_bonus,relevance_grade,2,100,61,39,0.0,0.0,0.0,0.0,0.0,0.02333333333333333,0.0,0.0,0.0,0.0,0.034,0.00546448087431694,0.01639344262295082,0.004098360655737705,0.002421765093521019,0.04300000000000001,0.017915690866510542,0.08196721311475409,0.013466042154566744,0.010943076751396642,0.0355,0.03118657298985168,0.13114754098360656,0.016605721955161128,0.016600728293272412
query,test,repaired_both_minus_entity_penalty,relevance_grade,1,100,68,32,0.0,0.0,0.0,0.0,0.0,0.02333333333333333,0.0,0.0,0.0,0.0,0.034,0.0058823529411764705,0.029411764705882353,0.006617647058823529,0.002172465745658561,0.04300000000000001,0.018539915966386555,0.11764705882352941,0.018493230625583567,0.00981658355639993,0.0355,0.03216036414565826,0.17647058823529413,0.0224921986338395,0.014891829792494371
query,test,repaired_both_minus_entity_penalty,conservative_relevance_grade,1,100,68,32,0.0,0.0,0.0,0.0,0.0,0.02333333333333333,0.0,0.0,0.0,0.0,0.034,0.0058823529411764705,0.029411764705882353,0.006617647058823529,0.0017699549797802823,0.04300000000000001,0.018539915966386555,0.11764705882352941,0.018493230625583567,0.009693673527971364,0.0355,0.03216036414565826,0.17647058823529413,0.0224921986338395,0.01580945082013105
query,test,repaired_both_minus_entity_penalty,event_hierarchy_relevance_grade,1,100,68,32,0.0,0.0,0.0,0.0,0.0,0.02333333333333333,0.0,0.0,0.0,0.0,0.034,0.0058823529411764705,0.029411764705882353,0.006617647058823529,0.002169484739917741,0.04300000000000001,0.018539915966386555,0.11764705882352941,0.018493230625583567,0.008583120005861035,0.0355,0.03216036414565826,0.17647058823529413,0.0224921986338395,0.014481683999011077
query,test,repaired_both_minus_entity_penalty,relevance_grade,2,100,61,39,0.0,0.0,0.0,0.0,0.0,0.02333333333333333,0.0,0.0,0.0,0.0,0.034,0.00546448087431694,0.01639344262295082,0.004098360655737705,0.002421765093521019,0.04300000000000001,0.017915690866510542,0.08196721311475409,0.013466042154566744,0.010943076751396642,0.0355,0.03118657298985168,0.13114754098360656,0.016605721955161128,0.016600728293272412
query,test,repaired_both_minus_context_bonus,relevance_grade,1,100,68,32,0.0,0.0,0.0,0.0,0.0,0.03333333333333333,0.0029411764705882353,0.014705882352941176,0.004901960784313725,0.0017078008281933624,0.042,0.008823529411764707,0.04411764705882353,0.011519607843137254,0.005846538106339065,0.036000000000000004,0.01486344537815126,0.08823529411764706,0.01782212885154062,0.010371770334246013,0.034,0.02474906629318394,0.14705882352941177,0.022495409647112434,0.012682131040184995
query,test,repaired_both_minus_context_bonus,conservative_relevance_grade,1,100,68,32,0.0,0.0,0.0,0.0,0.0,0.03333333333333333,0.0029411764705882353,0.014705882352941176,0.004901960784313725,0.0007828282922544093,0.042,0.008823529411764707,0.04411764705882353,0.011519607843137254,0.005321186952620645,0.036000000000000004,0.01486344537815126,0.08823529411764706,0.01782212885154062,0.010108392500604668,0.034,0.02474906629318394,0.14705882352941177,0.022495409647112434,0.013087893291088412
query,test,repaired_both_minus_context_bonus,event_hierarchy_relevance_grade,1,100,68,32,0.0,0.0,0.0,0.0,0.0,0.03333333333333333,0.0029411764705882353,0.014705882352941176,0.004901960784313725,0.0013634764536481366,0.042,0.008823529411764707,0.04411764705882353,0.011519607843137254,0.00539313556565439,0.036000000000000004,0.01486344537815126,0.08823529411764706,0.01782212885154062,0.00884309497769577,0.034,0.02474906629318394,0.14705882352941177,0.022495409647112434,0.012068776131481185
query,test,repaired_both_minus_context_bonus,relevance_grade,2,100,61,39,0.0,0.0,0.0,0.0,0.0,0.03333333333333333,0.00546448087431694,0.01639344262295082,0.00546448087431694,0.0019037779724122728,0.042,0.008743169398907104,0.03278688524590164,0.009562841530054643,0.00651745231526322,0.036000000000000004,0.017915690866510542,0.08196721311475409,0.016588602654176422,0.011561973487356212,0.034,0.02064793130366901,0.09836065573770492,0.01755292280846765,0.01413745755299311
query,test,repaired_both_minus_context_penalty,relevance_grade,1,100,68,32,0.0,0.0,0.0,0.0,0.0,0.03,0.0029411764705882353,0.014705882352941176,0.004901960784313725,0.0017078008281933624,0.034,0.008823529411764707,0.04411764705882353,0.011519607843137254,0.005846538106339065,0.04,0.016701680672268907,0.10294117647058823,0.019660364145658266,0.01060662814978622,0.0355,0.02474906629318394,0.14705882352941177,0.022996746545508154,0.012709320948148688
query,test,repaired_both_minus_context_penalty,conservative_relevance_grade,1,100,68,32,0.0,0.0,0.0,0.0,0.0,0.03,0.0029411764705882353,0.014705882352941176,0.004901960784313725,0.0007828282922544093,0.034,0.008823529411764707,0.04411764705882353,0.011519607843137254,0.005321186952620645,0.04,0.016701680672268907,0.10294117647058823,0.019660364145658266,0.010360877733517515,0.0355,0.02474906629318394,0.14705882352941177,0.022996746545508154,0.013117123956584051
query,test,repaired_both_minus_context_penalty,event_hierarchy_relevance_grade,1,100,68,32,0.0,0.0,0.0,0.0,0.0,0.03,0.0029411764705882353,0.014705882352941176,0.004901960784313725,0.0013634764536481366,0.034,0.008823529411764707,0.04411764705882353,0.011519607843137254,0.00539313556565439,0.04,0.016701680672268907,0.10294117647058823,0.019660364145658266,0.009197863189454973,0.0355,0.02474906629318394,0.14705882352941177,0.022996746545508154,0.012109848279767967
query,test,repaired_both_minus_context_penalty,relevance_grade,2,100,61,39,0.0,0.0,0.0,0.0,0.0,0.03,0.00546448087431694,0.01639344262295082,0.00546448087431694,0.0019037779724122728,0.034,0.008743169398907104,0.03278688524590164,0.009562841530054643,0.00651745231526322,0.04,0.017915690866510542,0.08196721311475409,0.016588602654176422,0.011823782199761688,0.0355,0.02064793130366901,0.09836065573770492,0.01755292280846765,0.014167767614329686
query,test,repaired_fixed_bonuses,relevance_grade,1,100,68,32,0.02,0.0,0.0,0.0,0.0,0.03333333333333333,0.0,0.0,0.0,0.0,0.038000000000000006,0.0058823529411764705,0.029411764705882353,0.006617647058823529,0.004694067269413942,0.04799999999999999,0.022274743230625584,0.14705882352941177,0.023132586367880487,0.013001194280121201,0.040999999999999995,0.03262721755368814,0.19117647058823528,0.025588625543096495,0.016380305986435865
query,test,repaired_fixed_bonuses,conservative_relevance_grade,1,100,68,32,0.02,0.0,0.0,0.0,0.0,0.03333333333333333,0.0,0.0,0.0,0.0,0.038000000000000006,0.0058823529411764705,0.029411764705882353,0.006617647058823529,0.004008568287294019,0.04799999999999999,0.022274743230625584,0.14705882352941177,0.023132586367880487,0.013446176916156027,0.040999999999999995,0.03262721755368814,0.19117647058823528,0.025588625543096495,0.017829898130907157
query,test,repaired_fixed_bonuses,event_hierarchy_relevance_grade,1,100,68,32,0.02,0.0,0.0,0.0,0.0,0.03333333333333333,0.0,0.0,0.0,0.0,0.038000000000000006,0.0058823529411764705,0.029411764705882353,0.006617647058823529,0.003975552583281963,0.04799999999999999,0.022274743230625584,0.14705882352941177,0.023132586367880487,0.0123869101989038,0.040999999999999995,0.03262721755368814,0.19117647058823528,0.025588625543096495,0.01629210142918343
query,test,repaired_fixed_bonuses,relevance_grade,2,100,61,39,0.02,0.0,0.0,0.0,0.0,0.03333333333333333,0.0,0.0,0.0,0.0,0.038000000000000006,0.008743169398907104,0.03278688524590164,0.007377049180327869,0.005232730726559805,0.04799999999999999,0.023536299765807962,0.11475409836065574,0.018273484257090813,0.014493134607348223,0.040999999999999995,0.031733021077283374,0.13114754098360656,0.019136297026719803,0.018260013230780962
query,test,repaired_fixed_penalties,relevance_grade,1,100,68,32,0.03,0.0,0.0,0.0,0.0,0.03333333333333333,0.0,0.0,0.0,0.0,0.038,0.0058823529411764705,0.029411764705882353,0.006617647058823529,0.004694067269413942,0.046,0.022274743230625584,0.14705882352941177,0.023132586367880487,0.013001194280121201,0.0425,0.03262721755368814,0.19117647058823528,0.025588625543096495,0.016380305986435865
query,test,repaired_fixed_penalties,conservative_relevance_grade,1,100,68,32,0.03,0.0,0.0,0.0,0.0,0.03333333333333333,0.0,0.0,0.0,0.0,0.038,0.0058823529411764705,0.029411764705882353,0.006617647058823529,0.004008568287294019,0.046,0.022274743230625584,0.14705882352941177,0.023132586367880487,0.013446176916156027,0.0425,0.03262721755368814,0.19117647058823528,0.025588625543096495,0.017829898130907157
query,test,repaired_fixed_penalties,event_hierarchy_relevance_grade,1,100,68,32,0.03,0.0,0.0,0.0,0.0,0.03333333333333333,0.0,0.0,0.0,0.0,0.038,0.0058823529411764705,0.029411764705882353,0.006617647058823529,0.003975552583281963,0.046,0.022274743230625584,0.14705882352941177,0.023132586367880487,0.0123869101989038,0.0425,0.03262721755368814,0.19117647058823528,0.025588625543096495,0.01629210142918343
query,test,repaired_fixed_penalties,relevance_grade,2,100,61,39,0.03,0.0,0.0,0.0,0.0,0.03333333333333333,0.0,0.0,0.0,0.0,0.038,0.008743169398907104,0.03278688524590164,0.007377049180327869,0.005232730726559805,0.046,0.023536299765807962,0.11475409836065574,0.018273484257090813,0.014493134607348223,0.0425,0.031733021077283374,0.13114754098360656,0.019136297026719803,0.018260013230780962
query,test,repaired_fixed_both,relevance_grade,1,100,68,32,0.0,0.0,0.0,0.0,0.0,0.03333333333333333,0.0,0.0,0.0,0.0,0.034,0.0058823529411764705,0.029411764705882353,0.006617647058823529,0.004694067269413942,0.045,0.02017390289449113,0.1323529411764706,0.021148459383753503,0.011055327435603484,0.04,0.03262721755368814,0.19117647058823528,0.025053158915388018,0.016165759468594776
query,test,repaired_fixed_both,conservative_relevance_grade,1,100,68,32,0.0,0.0,0.0,0.0,0.0,0.03333333333333333,0.0,0.0,0.0,0.0,0.034,0.0058823529411764705,0.029411764705882353,0.006617647058823529,0.004008568287294019,0.045,0.02017390289449113,0.1323529411764706,0.021148459383753503,0.011001686085428342,0.04,0.03262721755368814,0.19117647058823528,0.025053158915388018,0.017542915993233682
query,test,repaired_fixed_both,event_hierarchy_relevance_grade,1,100,68,32,0.0,0.0,0.0,0.0,0.0,0.03333333333333333,0.0,0.0,0.0,0.0,0.034,0.0058823529411764705,0.029411764705882353,0.006617647058823529,0.003975552583281963,0.045,0.02017390289449113,0.1323529411764706,0.021148459383753503,0.009940277025521242,0.04,0.03262721755368814,0.19117647058823528,0.025053158915388018,0.016004788587239742
query,test,repaired_fixed_both,relevance_grade,2,100,61,39,0.0,0.0,0.0,0.0,0.0,0.03333333333333333,0.0,0.0,0.0,0.0,0.034,0.008743169398907104,0.03278688524590164,0.007377049180327869,0.005232730726559805,0.045,0.0202576112412178,0.09836065573770492,0.0164519906323185,0.012323971567557981,0.04,0.031733021077283374,0.13114754098360656,0.01868092362052673,0.018020846620728604
query_dedup,validation,hybrid,relevance_grade,1,99,69,30,0.050505050505050504,0.015458937198067632,0.057971014492753624,0.057971014492753624,0.037267080745341616,0.06397306397306397,0.0285024154589372,0.10144927536231885,0.07487922705314008,0.029938836981888765,0.05454545454545455,0.0285024154589372,0.10144927536231885,0.07487922705314008,0.026374493302312875,0.04242424242424242,0.04661835748792271,0.13043478260869565,0.07814009661835748,0.03284466473414304,0.04292929292929293,0.06225557855992639,0.18840579710144928,0.08232301704168712,0.04050046313077001
query_dedup,validation,hybrid,conservative_relevance_grade,1,99,69,30,0.050505050505050504,0.015458937198067632,0.057971014492753624,0.057971014492753624,0.037267080745341616,0.06397306397306397,0.0285024154589372,0.10144927536231885,0.07487922705314008,0.0323861966948545,0.05454545454545455,0.0285024154589372,0.10144927536231885,0.07487922705314008,0.028890490823489358,0.04242424242424242,0.04661835748792271,0.13043478260869565,0.07814009661835748,0.03550117556628498,0.04292929292929293,0.06225557855992639,0.18840579710144928,0.08232301704168712,0.042731611143744894
query_dedup,validation,hybrid,event_hierarchy_relevance_grade,1,99,69,30,0.050505050505050504,0.015458937198067632,0.057971014492753624,0.057971014492753624,0.045548654244306416,0.06397306397306397,0.0285024154589372,0.10144927536231885,0.07487922705314008,0.034452488109458244,0.05454545454545455,0.0285024154589372,0.10144927536231885,0.07487922705314008,0.030920991240500347,0.04242424242424242,0.04661835748792271,0.13043478260869565,0.07814009661835748,0.03736724427119694,0.04292929292929293,0.06225557855992639,0.18840579710144928,0.08232301704168712,0.044913408006085564
query_dedup,validation,hybrid,relevance_grade,2,99,58,41,0.050505050505050504,0.015804597701149423,0.05172413793103448,0.05172413793103448,0.04433497536945813,0.06397306397306397,0.019252873563218392,0.06896551724137931,0.0603448275862069,0.03561689227155732,0.05454545454545455,0.019252873563218392,0.06896551724137931,0.0603448275862069,0.03137655237688945,0.04242424242424242,0.027873563218390802,0.08620689655172414,0.06206896551724138,0.03363477568741622,0.04292929292929293,0.05014367816091954,0.15517241379310345,0.06765474214764275,0.042742535848920724
query_dedup,validation,repaired_bonuses_only,relevance_grade,1,99,69,30,0.050505050505050504,0.015458937198067632,0.057971014492753624,0.057971014492753624,0.037267080745341616,0.05387205387205387,0.022705314009661835,0.07246376811594203,0.06280193236714976,0.02308276193519363,0.04646464646464647,0.022705314009661835,0.07246376811594203,0.06280193236714976,0.020791303277830065,0.04141414141414141,0.04589371980676329,0.11594202898550725,0.0687543133195307,0.030438981184858018,0.04242424242424243,0.058632390154129285,0.17391304347826086,0.07252550778765612,0.035704317098656485
query_dedup,validation,repaired_bonuses_only,conservative_relevance_grade,1,99,69,30,0.050505050505050504,0.015458937198067632,0.057971014492753624,0.057971014492753624,0.037267080745341616,0.05387205387205387,0.022705314009661835,0.07246376811594203,0.06280193236714976,0.02553012164815937,0.04646464646464647,0.022705314009661835,0.07246376811594203,0.06280193236714976,0.023261177881705453,0.04141414141414141,0.04589371980676329,0.11594202898550725,0.0687543133195307,0.033080117711232926,0.04242424242424243,0.058632390154129285,0.17391304347826086,0.07252550778765612,0.03782822124117232
query_dedup,validation,repaired_bonuses_only,event_hierarchy_relevance_grade,1,99,69,30,0.050505050505050504,0.015458937198067632,0.057971014492753624,0.057971014492753624,0.045548654244306416,0.05387205387205387,0.022705314009661835,0.07246376811594203,0.06280193236714976,0.028474534622323192,0.04646464646464647,0.022705314009661835,0.07246376811594203,0.06280193236714976,0.02569407984710864,0.04141414141414141,0.04589371980676329,0.11594202898550725,0.0687543133195307,0.03572781440713064,0.04242424242424243,0.058632390154129285,0.17391304347826086,0.07252550778765612,0.040242358352195924
query_dedup,validation,repaired_bonuses_only,relevance_grade,2,99,58,41,0.050505050505050504,0.015804597701149423,0.05172413793103448,0.05172413793103448,0.04433497536945813,0.05387205387205387,0.015804597701149423,0.05172413793103448,0.05172413793103448,0.027460527129799323,0.04646464646464647,0.015804597701149423,0.05172413793103448,0.05172413793103448,0.024734481485694387,0.04141414141414141,0.027873563218390806,0.08620689655172414,0.05591133004926108,0.030772841809818527,0.04242424242424243,0.04152298850574712,0.13793103448275862,0.0594398966483145,0.037036775914164974
query_dedup,validation,repaired_penalties_only,relevance_grade,1,99,69,30,0.06060606060606061,0.015458937198067632,0.057971014492753624,0.057971014492753624,0.037267080745341616,0.05387205387205387,0.022705314009661835,0.07246376811594203,0.06280193236714976,0.02308276193519363,0.048484848484848485,0.025603864734299518,0.08695652173913043,0.06642512077294685,0.0241926688834504,0.04444444444444444,0.04589371980676329,0.11594202898550725,0.06984702093397746,0.03116898927557496,0.04292929292929293,0.0731251437773177,0.18840579710144928,0.07421497584541063,0.03966935529718607
query_dedup,validation,repaired_penalties_only,conservative_relevance_grade,1,99,69,30,0.06060606060606061,0.015458937198067632,0.057971014492753624,0.057971014492753624,0.037267080745341616,0.05387205387205387,0.022705314009661835,0.07246376811594203,0.06280193236714976,0.02553012164815937,0.048484848484848485,0.025603864734299518,0.08695652173913043,0.06642512077294685,0.026662543487325788,0.04444444444444444,0.04589371980676329,0.11594202898550725,0.06984702093397746,0.03380714595360613,0.04292929292929293,0.0731251437773177,0.18840579710144928,0.07421497584541063,0.04178483015306673
query_dedup,validation,repaired_penalties_only,event_hierarchy_relevance_grade,1,99,69,30,0.06060606060606061,0.015458937198067632,0.057971014492753624,0.057971014492753624,0.045548654244306416,0.05387205387205387,0.022705314009661835,0.07246376811594203,0.06280193236714976,0.028474534622323192,0.048484848484848485,0.025603864734299518,0.08695652173913043,0.06642512077294685,0.028709233959147294,0.04444444444444444,0.04589371980676329,0.11594202898550725,0.06984702093397746,0.036356993635547015,0.04292929292929293,0.0731251437773177,0.18840579710144928,0.07421497584541063,0.04411294387123665
query_dedup,validation,repaired_penalties_only,relevance_grade,2,99,58,41,0.06060606060606061,0.015804597701149423,0.05172413793103448,0.05172413793103448,0.04433497536945813,0.05387205387205387,0.015804597701149423,0.05172413793103448,0.05172413793103448,0.027460527129799323,0.048484848484848485,0.019252873563218392,0.06896551724137931,0.05603448275862069,0.028780933671690993,0.04444444444444444,0.027873563218390806,0.08620689655172414,0.05775862068965518,0.031641299710843854,0.04292929292929293,0.04152298850574712,0.13793103448275862,0.06113505747126437,0.03782845500039927
query_dedup,validation,repaired_both,relevance_grade,1,99,69,30,0.06060606060606061,0.015458937198067632,0.057971014492753624,0.057971014492753624,0.037267080745341616,0.050505050505050504,0.022705314009661835,0.07246376811594203,0.06280193236714976,0.02308276193519363,0.04646464646464647,0.025603864734299518,0.08695652173913043,0.06642512077294685,0.0241926688834504,0.04444444444444444,0.04589371980676329,0.11594202898550725,0.06948470209339774,0.030786379848504797,0.04595959595959596,0.07554060271451575,0.2028985507246377,0.07513350026979047,0.04062025461520322
query_dedup,validation,repaired_both,conservative_relevance_grade,1,99,69,30,0.06060606060606061,0.015458937198067632,0.057971014492753624,0.057971014492753624,0.037267080745341616,0.050505050505050504,0.022705314009661835,0.07246376811594203,0.06280193236714976,0.02553012164815937,0.04646464646464647,0.025603864734299518,0.08695652173913043,0.06642512077294685,0.026662543487325788,0.04444444444444444,0.04589371980676329,0.11594202898550725,0.06948470209339774,0.03342453652653597,0.04595959595959596,0.07554060271451575,0.2028985507246377,0.07513350026979047,0.04233954492235973
query_dedup,validation,repaired_both,event_hierarchy_relevance_grade,1,99,69,30,0.06060606060606061,0.015458937198067632,0.057971014492753624,0.057971014492753624,0.045548654244306416,0.050505050505050504,0.022705314009661835,0.07246376811594203,0.06280193236714976,0.028474534622323192,0.04646464646464647,0.025603864734299518,0.08695652173913043,0.06642512077294685,0.028709233959147294,0.04444444444444444,0.04589371980676329,0.11594202898550725,0.06948470209339774,0.03597438420847685,0.04595959595959596,0.07554060271451575,0.2028985507246377,0.07513350026979047,0.0446558330194265
query_dedup,validation,repaired_both,relevance_grade,2,99,58,41,0.06060606060606061,0.015804597701149423,0.05172413793103448,0.05172413793103448,0.04433497536945813,0.050505050505050504,0.015804597701149423,0.05172413793103448,0.05172413793103448,0.027460527129799323,0.04646464646464647,0.019252873563218392,0.06896551724137931,0.05603448275862069,0.028780933671690993,0.04444444444444444,0.027873563218390806,0.08620689655172414,0.05775862068965518,0.031641299710843854,0.04595959595959596,0.062212643678160914,0.1724137931034483,0.06352088825199212,0.04334021969191611
query_dedup,validation,repaired_both_minus_entity_bonus,relevance_grade,1,99,69,30,0.050505050505050504,0.015458937198067632,0.057971014492753624,0.057971014492753624,0.037267080745341616,0.05387205387205387,0.022705314009661835,0.07246376811594203,0.06280193236714976,0.02308276193519363,0.04646464646464647,0.022705314009661835,0.07246376811594203,0.06280193236714976,0.020791303277830065,0.04141414141414141,0.04589371980676329,0.11594202898550725,0.0687543133195307,0.030438981184858018,0.04242424242424243,0.058632390154129285,0.17391304347826086,0.07252550778765612,0.035704317098656485
query_dedup,validation,repaired_both_minus_entity_bonus,conservative_relevance_grade,1,99,69,30,0.050505050505050504,0.015458937198067632,0.057971014492753624,0.057971014492753624,0.037267080745341616,0.05387205387205387,0.022705314009661835,0.07246376811594203,0.06280193236714976,0.02553012164815937,0.04646464646464647,0.022705314009661835,0.07246376811594203,0.06280193236714976,0.023261177881705453,0.04141414141414141,0.04589371980676329,0.11594202898550725,0.0687543133195307,0.033080117711232926,0.04242424242424243,0.058632390154129285,0.17391304347826086,0.07252550778765612,0.03782822124117232
query_dedup,validation,repaired_both_minus_entity_bonus,event_hierarchy_relevance_grade,1,99,69,30,0.050505050505050504,0.015458937198067632,0.057971014492753624,0.057971014492753624,0.045548654244306416,0.05387205387205387,0.022705314009661835,0.07246376811594203,0.06280193236714976,0.028474534622323192,0.04646464646464647,0.022705314009661835,0.07246376811594203,0.06280193236714976,0.02569407984710864,0.04141414141414141,0.04589371980676329,0.11594202898550725,0.0687543133195307,0.03572781440713064,0.04242424242424243,0.058632390154129285,0.17391304347826086,0.07252550778765612,0.040242358352195924
query_dedup,validation,repaired_both_minus_entity_bonus,relevance_grade,2,99,58,41,0.050505050505050504,0.015804597701149423,0.05172413793103448,0.05172413793103448,0.04433497536945813,0.05387205387205387,0.015804597701149423,0.05172413793103448,0.05172413793103448,0.027460527129799323,0.04646464646464647,0.015804597701149423,0.05172413793103448,0.05172413793103448,0.024734481485694387,0.04141414141414141,0.027873563218390806,0.08620689655172414,0.05591133004926108,0.030772841809818527,0.04242424242424243,0.04152298850574712,0.13793103448275862,0.0594398966483145,0.037036775914164974
query_dedup,validation,repaired_both_minus_entity_penalty,relevance_grade,1,99,69,30,0.050505050505050504,0.015458937198067632,0.057971014492753624,0.057971014492753624,0.037267080745341616,0.05387205387205387,0.022705314009661835,0.07246376811594203,0.06280193236714976,0.02308276193519363,0.04646464646464647,0.022705314009661835,0.07246376811594203,0.06280193236714976,0.020791303277830065,0.04141414141414141,0.04589371980676329,0.11594202898550725,0.0687543133195307,0.030438981184858018,0.04242424242424243,0.058632390154129285,0.17391304347826086,0.07252550778765612,0.035704317098656485
query_dedup,validation,repaired_both_minus_entity_penalty,conservative_relevance_grade,1,99,69,30,0.050505050505050504,0.015458937198067632,0.057971014492753624,0.057971014492753624,0.037267080745341616,0.05387205387205387,0.022705314009661835,0.07246376811594203,0.06280193236714976,0.02553012164815937,0.04646464646464647,0.022705314009661835,0.07246376811594203,0.06280193236714976,0.023261177881705453,0.04141414141414141,0.04589371980676329,0.11594202898550725,0.0687543133195307,0.033080117711232926,0.04242424242424243,0.058632390154129285,0.17391304347826086,0.07252550778765612,0.03782822124117232
query_dedup,validation,repaired_both_minus_entity_penalty,event_hierarchy_relevance_grade,1,99,69,30,0.050505050505050504,0.015458937198067632,0.057971014492753624,0.057971014492753624,0.045548654244306416,0.05387205387205387,0.022705314009661835,0.07246376811594203,0.06280193236714976,0.028474534622323192,0.04646464646464647,0.022705314009661835,0.07246376811594203,0.06280193236714976,0.02569407984710864,0.04141414141414141,0.04589371980676329,0.11594202898550725,0.0687543133195307,0.03572781440713064,0.04242424242424243,0.058632390154129285,0.17391304347826086,0.07252550778765612,0.040242358352195924
query_dedup,validation,repaired_both_minus_entity_penalty,relevance_grade,2,99,58,41,0.050505050505050504,0.015804597701149423,0.05172413793103448,0.05172413793103448,0.04433497536945813,0.05387205387205387,0.015804597701149423,0.05172413793103448,0.05172413793103448,0.027460527129799323,0.04646464646464647,0.015804597701149423,0.05172413793103448,0.05172413793103448,0.024734481485694387,0.04141414141414141,0.027873563218390806,0.08620689655172414,0.05591133004926108,0.030772841809818527,0.04242424242424243,0.04152298850574712,0.13793103448275862,0.0594398966483145,0.037036775914164974
query_dedup,validation,repaired_both_minus_context_bonus,relevance_grade,1,99,69,30,0.06060606060606061,0.015458937198067632,0.057971014492753624,0.057971014492753624,0.037267080745341616,0.050505050505050504,0.022705314009661835,0.07246376811594203,0.06280193236714976,0.02308276193519363,0.048484848484848485,0.025603864734299518,0.08695652173913043,0.06642512077294685,0.0241926688834504,0.045454545454545456,0.04589371980676329,0.11594202898550725,0.06948470209339774,0.030786379848504797,0.04696969696969697,0.0882217621348056,0.2028985507246377,0.07531618203814999,0.043055132134521744
query_dedup,validation,repaired_both_minus_context_bonus,conservative_relevance_grade,1,99,69,30,0.06060606060606061,0.015458937198067632,0.057971014492753624,0.057971014492753624,0.037267080745341616,0.050505050505050504,0.022705314009661835,0.07246376811594203,0.06280193236714976,0.02553012164815937,0.048484848484848485,0.025603864734299518,0.08695652173913043,0.06642512077294685,0.026662543487325788,0.045454545454545456,0.04589371980676329,0.11594202898550725,0.06948470209339774,0.03342453652653597,0.04696969696969697,0.0882217621348056,0.2028985507246377,0.07531618203814999,0.04466679439118962
query_dedup,validation,repaired_both_minus_context_bonus,event_hierarchy_relevance_grade,1,99,69,30,0.06060606060606061,0.015458937198067632,0.057971014492753624,0.057971014492753624,0.045548654244306416,0.050505050505050504,0.022705314009661835,0.07246376811594203,0.06280193236714976,0.028474534622323192,0.048484848484848485,0.025603864734299518,0.08695652173913043,0.06642512077294685,0.028709233959147294,0.045454545454545456,0.04589371980676329,0.11594202898550725,0.06948470209339774,0.03597438420847685,0.04696969696969697,0.0882217621348056,0.2028985507246377,0.07531618203814999,0.047216642073130505
query_dedup,validation,repaired_both_minus_context_bonus,relevance_grade,2,99,58,41,0.06060606060606061,0.015804597701149423,0.05172413793103448,0.05172413793103448,0.04433497536945813,0.050505050505050504,0.015804597701149423,0.05172413793103448,0.05172413793103448,0.027460527129799323,0.048484848484848485,0.019252873563218392,0.06896551724137931,0.05603448275862069,0.028780933671690993,0.045454545454545456,0.027873563218390806,0.08620689655172414,0.05775862068965518,0.031641299710843854,0.04696969696969697,0.05933908045977011,0.15517241379310345,0.06250668946903067,0.041823814933694775
query_dedup,validation,repaired_both_minus_context_penalty,relevance_grade,1,99,69,30,0.06060606060606061,0.015458937198067632,0.057971014492753624,0.057971014492753624,0.037267080745341616,0.050505050505050504,0.022705314009661835,0.07246376811594203,0.06280193236714976,0.02308276193519363,0.04646464646464647,0.025603864734299518,0.08695652173913043,0.06642512077294685,0.0241926688834504,0.04444444444444444,0.04589371980676329,0.11594202898550725,0.06948470209339774,0.030786379848504797,0.04595959595959596,0.07554060271451575,0.2028985507246377,0.07513350026979047,0.04062025461520322
query_dedup,validation,repaired_both_minus_context_penalty,conservative_relevance_grade,1,99,69,30,0.06060606060606061,0.015458937198067632,0.057971014492753624,0.057971014492753624,0.037267080745341616,0.050505050505050504,0.022705314009661835,0.07246376811594203,0.06280193236714976,0.02553012164815937,0.04646464646464647,0.025603864734299518,0.08695652173913043,0.06642512077294685,0.026662543487325788,0.04444444444444444,0.04589371980676329,0.11594202898550725,0.06948470209339774,0.03342453652653597,0.04595959595959596,0.07554060271451575,0.2028985507246377,0.07513350026979047,0.04233954492235973
query_dedup,validation,repaired_both_minus_context_penalty,event_hierarchy_relevance_grade,1,99,69,30,0.06060606060606061,0.015458937198067632,0.057971014492753624,0.057971014492753624,0.045548654244306416,0.050505050505050504,0.022705314009661835,0.07246376811594203,0.06280193236714976,0.028474534622323192,0.04646464646464647,0.025603864734299518,0.08695652173913043,0.06642512077294685,0.028709233959147294,0.04444444444444444,0.04589371980676329,0.11594202898550725,0.06948470209339774,0.03597438420847685,0.04595959595959596,0.07554060271451575,0.2028985507246377,0.07513350026979047,0.0446558330194265
query_dedup,validation,repaired_both_minus_context_penalty,relevance_grade,2,99,58,41,0.06060606060606061,0.015804597701149423,0.05172413793103448,0.05172413793103448,0.04433497536945813,0.050505050505050504,0.015804597701149423,0.05172413793103448,0.05172413793103448,0.027460527129799323,0.04646464646464647,0.019252873563218392,0.06896551724137931,0.05603448275862069,0.028780933671690993,0.04444444444444444,0.027873563218390806,0.08620689655172414,0.05775862068965518,0.031641299710843854,0.04595959595959596,0.062212643678160914,0.1724137931034483,0.06352088825199212,0.04334021969191611
query_dedup,validation,repaired_fixed_bonuses,relevance_grade,1,99,69,30,0.06060606060606061,0.015458937198067632,0.057971014492753624,0.057971014492753624,0.037267080745341616,0.06060606060606061,0.025603864734299518,0.08695652173913043,0.07004830917874395,0.024302614783844597,0.05252525252525253,0.0285024154589372,0.10144927536231885,0.07367149758454106,0.025315550777119396,0.04444444444444444,0.04589371980676329,0.11594202898550725,0.07548309178743962,0.031930466911944,0.04343434343434343,0.06225557855992639,0.18840579710144928,0.08063219578564847,0.03923049962981462
query_dedup,validation,repaired_fixed_bonuses,conservative_relevance_grade,1,99,69,30,0.06060606060606061,0.015458937198067632,0.057971014492753624,0.057971014492753624,0.037267080745341616,0.06060606060606061,0.025603864734299518,0.08695652173913043,0.07004830917874395,0.027390838905048967,0.05252525252525253,0.0285024154589372,0.10144927536231885,0.07367149758454106,0.028472412706534517,0.04444444444444444,0.04589371980676329,0.11594202898550725,0.07548309178743962,0.03522784215232457,0.04343434343434343,0.06225557855992639,0.18840579710144928,0.08063219578564847,0.04210251205102814
query_dedup,validation,repaired_fixed_bonuses,event_hierarchy_relevance_grade,1,99,69,30,0.06060606060606061,0.015458937198067632,0.057971014492753624,0.057971014492753624,0.045548654244306416,0.06060606060606061,0.025603864734299518,0.08695652173913043,0.07004830917874395,0.03052921278754992,0.05252525252525253,0.0285024154589372,0.10144927536231885,0.07367149758454106,0.03068249124145791,0.04444444444444444,0.04589371980676329,0.11594202898550725,0.07548309178743962,0.03784270848151314,0.04343434343434343,0.06225557855992639,0.18840579710144928,0.08063219578564847,0.04448381879534259
query_dedup,validation,repaired_fixed_bonuses,relevance_grade,2,99,58,41,0.06060606060606061,0.015804597701149423,0.05172413793103448,0.05172413793103448,0.04433497536945813,0.06060606060606061,0.015804597701149423,0.05172413793103448,0.05172413793103448,0.02891173138078064,0.05252525252525253,0.019252873563218392,0.06896551724137931,0.05603448275862069,0.03011677592450411,0.04444444444444444,0.027873563218390806,0.08620689655172414,0.05775862068965518,0.0325471955196277,0.04343434343434343,0.05014367816091954,0.15517241379310345,0.06292642448829061,0.041231717201232414
query_dedup,validation,repaired_fixed_penalties,relevance_grade,1,99,69,30,0.06060606060606061,0.015458937198067632,0.057971014492753624,0.057971014492753624,0.037267080745341616,0.06060606060606061,0.025603864734299518,0.08695652173913043,0.07004830917874395,0.024302614783844597,0.05454545454545455,0.0285024154589372,0.10144927536231885,0.07367149758454106,0.025315550777119396,0.04444444444444444,0.04589371980676329,0.11594202898550725,0.07548309178743962,0.031930466911944,0.04242424242424242,0.06225557855992639,0.18840579710144928,0.08063219578564847,0.03923049962981462
query_dedup,validation,repaired_fixed_penalties,conservative_relevance_grade,1,99,69,30,0.06060606060606061,0.015458937198067632,0.057971014492753624,0.057971014492753624,0.037267080745341616,0.06060606060606061,0.025603864734299518,0.08695652173913043,0.07004830917874395,0.027390838905048967,0.05454545454545455,0.0285024154589372,0.10144927536231885,0.07367149758454106,0.028472412706534517,0.04444444444444444,0.04589371980676329,0.11594202898550725,0.07548309178743962,0.03522784215232457,0.04242424242424242,0.06225557855992639,0.18840579710144928,0.08063219578564847,0.04210251205102814
query_dedup,validation,repaired_fixed_penalties,event_hierarchy_relevance_grade,1,99,69,30,0.06060606060606061,0.015458937198067632,0.057971014492753624,0.057971014492753624,0.045548654244306416,0.06060606060606061,0.025603864734299518,0.08695652173913043,0.07004830917874395,0.03052921278754992,0.05454545454545455,0.0285024154589372,0.10144927536231885,0.07367149758454106,0.03068249124145791,0.04444444444444444,0.04589371980676329,0.11594202898550725,0.07548309178743962,0.03784270848151314,0.04242424242424242,0.06225557855992639,0.18840579710144928,0.08063219578564847,0.04448381879534259
query_dedup,validation,repaired_fixed_penalties,relevance_grade,2,99,58,41,0.06060606060606061,0.015804597701149423,0.05172413793103448,0.05172413793103448,0.04433497536945813,0.06060606060606061,0.015804597701149423,0.05172413793103448,0.05172413793103448,0.02891173138078064,0.05454545454545455,0.019252873563218392,0.06896551724137931,0.05603448275862069,0.03011677592450411,0.04444444444444444,0.027873563218390806,0.08620689655172414,0.05775862068965518,0.0325471955196277,0.04242424242424242,0.05014367816091954,0.15517241379310345,0.06292642448829061,0.041231717201232414
query_dedup,validation,repaired_fixed_both,relevance_grade,1,99,69,30,0.06060606060606061,0.015458937198067632,0.057971014492753624,0.057971014492753624,0.037267080745341616,0.057239057239057235,0.025603864734299518,0.08695652173913043,0.06763285024154589,0.023780012368143918,0.05252525252525253,0.0285024154589372,0.10144927536231885,0.07125603864734299,0.02479294836141872,0.04545454545454545,0.04589371980676329,0.11594202898550725,0.07306763285024154,0.03140786449624332,0.04545454545454545,0.058632390154129285,0.17391304347826086,0.07683882731836696,0.03667320041004179
query_dedup,validation,repaired_fixed_both,conservative_relevance_grade,1,99,69,30,0.06060606060606061,0.015458937198067632,0.057971014492753624,0.057971014492753624,0.037267080745341616,0.057239057239057235,0.025603864734299518,0.08695652173913043,0.06763285024154589,0.026227372081109656,0.05252525252525253,0.0285024154589372,0.10144927536231885,0.07125603864734299,0.027308945882595206,0.04545454545454545,0.04589371980676329,0.11594202898550725,0.07306763285024154,0.034064375328385264,0.04545454545454545,0.058632390154129285,0.17391304347826086,0.07683882731836696,0.03881247885832466
query_dedup,validation,repaired_fixed_both,event_hierarchy_relevance_grade,1,99,69,30,0.06060606060606061,0.015458937198067632,0.057971014492753624,0.057971014492753624,0.045548654244306416,0.057239057239057235,0.025603864734299518,0.08695652173913043,0.06763285024154589,0.02936574596361061,0.05252525252525253,0.0285024154589372,0.10144927536231885,0.07125603864734299,0.029519024417518597,0.04545454545454545,0.04589371980676329,0.11594202898550725,0.07306763285024154,0.03667924165757382,0.04545454545454545,0.058632390154129285,0.17391304347826086,0.07683882731836696,0.04119378560263911
query_dedup,validation,repaired_fixed_both,relevance_grade,2,99,58,41,0.06060606060606061,0.015804597701149423,0.05172413793103448,0.05172413793103448,0.04433497536945813,0.057239057239057235,0.015804597701149423,0.05172413793103448,0.05172413793103448,0.028290014713826386,0.05252525252525253,0.019252873563218392,0.06896551724137931,0.05603448275862069,0.029495059257549857,0.04545454545454545,0.027873563218390806,0.08620689655172414,0.05775862068965518,0.03192547885267345,0.04545454545454545,0.04152298850574712,0.13793103448275862,0.061287187288708585,0.0381894129570199
query_dedup,test,hybrid,relevance_grade,1,101,68,33,0.039603960396039604,0.0,0.0,0.0,0.0,0.033003300330033,0.001838235294117647,0.014705882352941176,0.004901960784313725,0.0017078008281933624,0.03564356435643565,0.004289215686274509,0.029411764705882353,0.00784313725490196,0.001762807772199942,0.044554455445544566,0.02213468720821662,0.14705882352941177,0.02497082166199813,0.009493126103773671,0.03811881188118812,0.045559056956115784,0.20588235294117646,0.028817824976880707,0.019123212974499
query_dedup,test,hybrid,conservative_relevance_grade,1,101,68,33,0.039603960396039604,0.0,0.0,0.0,0.0,0.033003300330033,0.001838235294117647,0.014705882352941176,0.004901960784313725,0.0007075041157877925,0.03564356435643565,0.004289215686274509,0.029411764705882353,0.00784313725490196,0.0009152259865560129,0.044554455445544566,0.02213468720821662,0.14705882352941177,0.02497082166199813,0.008955936172885374,0.03811881188118812,0.045559056956115784,0.20588235294117646,0.028817824976880707,0.01833022888979454
query_dedup,test,hybrid,event_hierarchy_relevance_grade,1,101,68,33,0.039603960396039604,0.0,0.0,0.0,0.0,0.033003300330033,0.001838235294117647,0.014705882352941176,0.004901960784313725,0.0011501929559381288,0.03564356435643565,0.004289215686274509,0.029411764705882353,0.00784313725490196,0.0011740817569537417,0.044554455445544566,0.02213468720821662,0.14705882352941177,0.02497082166199813,0.008396830535790075,0.03811881188118812,0.045559056956115784,0.20588235294117646,0.028817824976880707,0.016764447994943334
query_dedup,test,hybrid,relevance_grade,2,101,58,43,0.039603960396039604,0.0,0.0,0.0,0.0,0.033003300330033,0.0024630541871921183,0.017241379310344827,0.005747126436781609,0.0020022492468473904,0.03564356435643565,0.0024630541871921183,0.017241379310344827,0.005747126436781609,0.002066740146717173,0.044554455445544566,0.020320197044334975,0.10344827586206896,0.018575533661740556,0.011129871983734649,0.03811881188118812,0.056239737274220034,0.1896551724137931,0.024235238697579892,0.022420318659757445
query_dedup,test,repaired_bonuses_only,relevance_grade,1,101,68,33,0.0297029702970297,0.0,0.0,0.0,0.0,0.0231023102310231,0.0024509803921568627,0.014705882352941176,0.007352941176470588,0.0006220208213568598,0.04356435643564357,0.012622549019607843,0.07352941176470588,0.020588235294117647,0.004647742195254746,0.041584158415841586,0.025402661064425763,0.14705882352941177,0.030567226890756305,0.012658655468975525,0.034653465346534656,0.038206115779645194,0.19117647058823528,0.03390360929060619,0.018955496227407293
query_dedup,test,repaired_bonuses_only,conservative_relevance_grade,1,101,68,33,0.0297029702970297,0.0,0.0,0.0,0.0,0.0231023102310231,0.0024509803921568627,0.014705882352941176,0.007352941176470588,0.0006220208213568598,0.04356435643564357,0.012622549019607843,0.07352941176470588,0.020588235294117647,0.0037381617662302275,0.041584158415841586,0.025402661064425763,0.14705882352941177,0.030567226890756305,0.01204974770268613,0.034653465346534656,0.038206115779645194,0.19117647058823528,0.03390360929060619,0.018168376608187542
query_dedup,test,repaired_bonuses_only,event_hierarchy_relevance_grade,1,101,68,33,0.0297029702970297,0.0,0.0,0.0,0.0,0.0231023102310231,0.0024509803921568627,0.014705882352941176,0.007352941176470588,0.0006220208213568598,0.04356435643564357,0.012622549019607843,0.07352941176470588,0.020588235294117647,0.004360657750832347,0.041584158415841586,0.025402661064425763,0.14705882352941177,0.030567226890756305,0.011400003841649145,0.034653465346534656,0.038206115779645194,0.19117647058823528,0.03390360929060619,0.017375577772644896
query_dedup,test,repaired_bonuses_only,relevance_grade,2,101,58,43,0.0297029702970297,0.0,0.0,0.0,0.0,0.0231023102310231,0.0,0.0,0.0,0.0007292657905563184,0.04356435643564357,0.008210180623973728,0.034482758620689655,0.008620689655172414,0.005449077056505564,0.041584158415841586,0.026477832512315273,0.10344827586206896,0.018165024630541867,0.014841182273971304,0.034653465346534656,0.047619047619047616,0.1724137931034483,0.02315423158209002,0.022223685232132688
query_dedup,test,repaired_penalties_only,relevance_grade,1,101,68,33,0.019801980198019802,0.0,0.0,0.0,0.0,0.033003300330033,0.0024509803921568627,0.014705882352941176,0.007352941176470588,0.0006220208213568598,0.041584158415841586,0.012622549019607843,0.07352941176470588,0.020588235294117647,0.004647742195254746,0.041584158415841586,0.025402661064425763,0.14705882352941177,0.030199579831932777,0.012639001115545745,0.03613861386138614,0.045559056956115784,0.20588235294117646,0.034586382399849895,0.020205664588692995
query_dedup,test,repaired_penalties_only,conservative_relevance_grade,1,101,68,33,0.019801980198019802,0.0,0.0,0.0,0.0,0.033003300330033,0.0024509803921568627,0.014705882352941176,0.007352941176470588,0.0006220208213568598,0.041584158415841586,0.012622549019607843,0.07352941176470588,0.020588235294117647,0.0037381617662302275,0.041584158415841586,0.025402661064425763,0.14705882352941177,0.030199579831932777,0.012028618178032862,0.03613861386138614,0.045559056956115784,0.20588235294117646,0.034586382399849895,0.01941706979824976
query_dedup,test,repaired_penalties_only,event_hierarchy_relevance_grade,1,101,68,33,0.019801980198019802,0.0,0.0,0.0,0.0,0.033003300330033,0.0024509803921568627,0.014705882352941176,0.007352941176470588,0.0006220208213568598,0.041584158415841586,0.012622549019607843,0.07352941176470588,0.020588235294117647,0.004360657750832347,0.041584158415841586,0.025402661064425763,0.14705882352941177,0.030199579831932777,0.011370314645215433,0.03613861386138614,0.045559056956115784,0.20588235294117646,0.034586382399849895,0.017839155939651744
query_dedup,test,repaired_penalties_only,relevance_grade,2,101,58,43,0.019801980198019802,0.0,0.0,0.0,0.0,0.033003300330033,0.0,0.0,0.0,0.0007292657905563184,0.041584158415841586,0.008210180623973728,0.034482758620689655,0.008620689655172414,0.005449077056505564,0.041584158415841586,0.026477832512315273,0.10344827586206896,0.018165024630541867,0.014818139238915702,0.03613861386138614,0.056239737274220034,0.1896551724137931,0.024385758675686077,0.02368939986260558
query_dedup,test,repaired_both,relevance_grade,1,101,68,33,0.039603960396039604,0.0024509803921568627,0.014705882352941176,0.014705882352941176,0.0021008403361344537,0.033003300330033,0.005392156862745099,0.029411764705882353,0.0196078431372549,0.0026936805047117584,0.041584158415841586,0.012622549019607843,0.07352941176470588,0.029166666666666667,0.005182909350919006,0.04356435643564357,0.025402661064425763,0.14705882352941177,0.03914565826330533,0.01318754302589975,0.03316831683168317,0.03079481792717087,0.16176470588235295,0.040371148459383756,0.016295467800637647
query_dedup,test,repaired_both,conservative_relevance_grade,1,101,68,33,0.039603960396039604,0.0024509803921568627,0.014705882352941176,0.014705882352941176,0.0021008403361344537,0.033003300330033,0.005392156862745099,0.029411764705882353,0.0196078431372549,0.0017687079687728053,0.041584158415841586,0.012622549019607843,0.07352941176470588,0.029166666666666667,0.004165056910761339,0.04356435643564357,0.025402661064425763,0.14705882352941177,0.03914565826330533,0.012469770506641146,0.03316831683168317,0.03079481792717087,0.16176470588235295,0.040371148459383756,0.01505752382682235
query_dedup,test,repaired_both,event_hierarchy_relevance_grade,1,101,68,33,0.039603960396039604,0.0024509803921568627,0.014705882352941176,0.014705882352941176,0.0021008403361344537,0.033003300330033,0.005392156862745099,0.029411764705882353,0.0196078431372549,0.0023493561301665324,0.041584158415841586,0.012622549019607843,0.07352941176470588,0.029166666666666667,0.004851862822629387,0.04356435643564357,0.025402661064425763,0.14705882352941177,0.03914565826330533,0.011884336572870087,0.03316831683168317,0.03079481792717087,0.16176470588235295,0.040371148459383756,0.014667516556912041
query_dedup,test,repaired_both,relevance_grade,2,101,58,43,0.039603960396039604,0.0,0.0,0.0,0.0024630541871921183,0.033003300330033,0.005747126436781609,0.017241379310344827,0.005747126436781609,0.0031581081779379237,0.041584158415841586,0.008210180623973728,0.034482758620689655,0.010057471264367814,0.006076514411422282,0.04356435643564357,0.026477832512315273,0.10344827586206896,0.019601806239737275,0.015461257340710053,0.03316831683168317,0.036535303776683084,0.13793103448275862,0.022270114942528733,0.01910503121454069
query_dedup,test,repaired_both_minus_entity_bonus,relevance_grade,1,101,68,33,0.0297029702970297,0.0,0.0,0.0,0.0,0.0231023102310231,0.0024509803921568627,0.014705882352941176,0.007352941176470588,0.0006220208213568598,0.04356435643564357,0.012622549019607843,0.07352941176470588,0.020588235294117647,0.004647742195254746,0.041584158415841586,0.025402661064425763,0.14705882352941177,0.030567226890756305,0.012658655468975525,0.034653465346534656,0.038206115779645194,0.19117647058823528,0.03390360929060619,0.018955496227407293
query_dedup,test,repaired_both_minus_entity_bonus,conservative_relevance_grade,1,101,68,33,0.0297029702970297,0.0,0.0,0.0,0.0,0.0231023102310231,0.0024509803921568627,0.014705882352941176,0.007352941176470588,0.0006220208213568598,0.04356435643564357,0.012622549019607843,0.07352941176470588,0.020588235294117647,0.0037381617662302275,0.041584158415841586,0.025402661064425763,0.14705882352941177,0.030567226890756305,0.01204974770268613,0.034653465346534656,0.038206115779645194,0.19117647058823528,0.03390360929060619,0.018168376608187542
query_dedup,test,repaired_both_minus_entity_bonus,event_hierarchy_relevance_grade,1,101,68,33,0.0297029702970297,0.0,0.0,0.0,0.0,0.0231023102310231,0.0024509803921568627,0.014705882352941176,0.007352941176470588,0.0006220208213568598,0.04356435643564357,0.012622549019607843,0.07352941176470588,0.020588235294117647,0.004360657750832347,0.041584158415841586,0.025402661064425763,0.14705882352941177,0.030567226890756305,0.011400003841649145,0.034653465346534656,0.038206115779645194,0.19117647058823528,0.03390360929060619,0.017375577772644896
query_dedup,test,repaired_both_minus_entity_bonus,relevance_grade,2,101,58,43,0.0297029702970297,0.0,0.0,0.0,0.0,0.0231023102310231,0.0,0.0,0.0,0.0007292657905563184,0.04356435643564357,0.008210180623973728,0.034482758620689655,0.008620689655172414,0.005449077056505564,0.041584158415841586,0.026477832512315273,0.10344827586206896,0.018165024630541867,0.014841182273971304,0.034653465346534656,0.047619047619047616,0.1724137931034483,0.02315423158209002,0.022223685232132688
query_dedup,test,repaired_both_minus_entity_penalty,relevance_grade,1,101,68,33,0.0297029702970297,0.0,0.0,0.0,0.0,0.0231023102310231,0.0024509803921568627,0.014705882352941176,0.007352941176470588,0.0006220208213568598,0.04356435643564357,0.012622549019607843,0.07352941176470588,0.020588235294117647,0.004647742195254746,0.041584158415841586,0.025402661064425763,0.14705882352941177,0.030567226890756305,0.012658655468975525,0.034653465346534656,0.038206115779645194,0.19117647058823528,0.03390360929060619,0.018955496227407293
query_dedup,test,repaired_both_minus_entity_penalty,conservative_relevance_grade,1,101,68,33,0.0297029702970297,0.0,0.0,0.0,0.0,0.0231023102310231,0.0024509803921568627,0.014705882352941176,0.007352941176470588,0.0006220208213568598,0.04356435643564357,0.012622549019607843,0.07352941176470588,0.020588235294117647,0.0037381617662302275,0.041584158415841586,0.025402661064425763,0.14705882352941177,0.030567226890756305,0.01204974770268613,0.034653465346534656,0.038206115779645194,0.19117647058823528,0.03390360929060619,0.018168376608187542
query_dedup,test,repaired_both_minus_entity_penalty,event_hierarchy_relevance_grade,1,101,68,33,0.0297029702970297,0.0,0.0,0.0,0.0,0.0231023102310231,0.0024509803921568627,0.014705882352941176,0.007352941176470588,0.0006220208213568598,0.04356435643564357,0.012622549019607843,0.07352941176470588,0.020588235294117647,0.004360657750832347,0.041584158415841586,0.025402661064425763,0.14705882352941177,0.030567226890756305,0.011400003841649145,0.034653465346534656,0.038206115779645194,0.19117647058823528,0.03390360929060619,0.017375577772644896
query_dedup,test,repaired_both_minus_entity_penalty,relevance_grade,2,101,58,43,0.0297029702970297,0.0,0.0,0.0,0.0,0.0231023102310231,0.0,0.0,0.0,0.0007292657905563184,0.04356435643564357,0.008210180623973728,0.034482758620689655,0.008620689655172414,0.005449077056505564,0.041584158415841586,0.026477832512315273,0.10344827586206896,0.018165024630541867,0.014841182273971304,0.034653465346534656,0.047619047619047616,0.1724137931034483,0.02315423158209002,0.022223685232132688
query_dedup,test,repaired_both_minus_context_bonus,relevance_grade,1,101,68,33,0.0297029702970297,0.0024509803921568627,0.014705882352941176,0.014705882352941176,0.0021008403361344537,0.039603960396039604,0.005392156862745099,0.029411764705882353,0.0196078431372549,0.0026936805047117584,0.047524752475247525,0.012622549019607843,0.07352941176470588,0.029166666666666667,0.005182909350919006,0.03663366336633664,0.023564425770308123,0.1323529411764706,0.03730742296918768,0.012952685210359546,0.032673267326732675,0.04024859943977591,0.19117647058823528,0.04141042780748663,0.017614748812379576
query_dedup,test,repaired_both_minus_context_bonus,conservative_relevance_grade,1,101,68,33,0.0297029702970297,0.0024509803921568627,0.014705882352941176,0.014705882352941176,0.0021008403361344537,0.039603960396039604,0.005392156862745099,0.029411764705882353,0.0196078431372549,0.0017687079687728053,0.047524752475247525,0.012622549019607843,0.07352941176470588,0.029166666666666667,0.004165056910761339,0.03663366336633664,0.023564425770308123,0.1323529411764706,0.03730742296918768,0.012217285273728295,0.032673267326732675,0.04024859943977591,0.19117647058823528,0.04141042780748663,0.01643117757845128
query_dedup,test,repaired_both_minus_context_bonus,event_hierarchy_relevance_grade,1,101,68,33,0.0297029702970297,0.0024509803921568627,0.014705882352941176,0.014705882352941176,0.0021008403361344537,0.039603960396039604,0.005392156862745099,0.029411764705882353,0.0196078431372549,0.0023493561301665324,0.047524752475247525,0.012622549019607843,0.07352941176470588,0.029166666666666667,0.004851862822629387,0.03663366336633664,0.023564425770308123,0.1323529411764706,0.03730742296918768,0.011529568361110885,0.032673267326732675,0.04024859943977591,0.19117647058823528,0.04141042780748663,0.015403171167083222
query_dedup,test,repaired_both_minus_context_bonus,relevance_grade,2,101,58,43,0.0297029702970297,0.0,0.0,0.0,0.0024630541871921183,0.039603960396039604,0.005747126436781609,0.017241379310344827,0.005747126436781609,0.0031581081779379237,0.047524752475247525,0.008210180623973728,0.034482758620689655,0.010057471264367814,0.006076514411422282,0.03663366336633664,0.026477832512315273,0.10344827586206896,0.019601806239737275,0.015185906798352572,0.032673267326732675,0.0451559934318555,0.15517241379310345,0.023214285714285715,0.0206517744696864
query_dedup,test,repaired_both_minus_context_penalty,relevance_grade,1,101,68,33,0.039603960396039604,0.0024509803921568627,0.014705882352941176,0.014705882352941176,0.0021008403361344537,0.033003300330033,0.005392156862745099,0.029411764705882353,0.0196078431372549,0.0026936805047117584,0.041584158415841586,0.012622549019607843,0.07352941176470588,0.029166666666666667,0.005182909350919006,0.04356435643564357,0.025402661064425763,0.14705882352941177,0.03914565826330533,0.01318754302589975,0.03316831683168317,0.03079481792717087,0.16176470588235295,0.040371148459383756,0.016295467800637647
query_dedup,test,repaired_both_minus_context_penalty,conservative_relevance_grade,1,101,68,33,0.039603960396039604,0.0024509803921568627,0.014705882352941176,0.014705882352941176,0.0021008403361344537,0.033003300330033,0.005392156862745099,0.029411764705882353,0.0196078431372549,0.0017687079687728053,0.041584158415841586,0.012622549019607843,0.07352941176470588,0.029166666666666667,0.004165056910761339,0.04356435643564357,0.025402661064425763,0.14705882352941177,0.03914565826330533,0.012469770506641146,0.03316831683168317,0.03079481792717087,0.16176470588235295,0.040371148459383756,0.01505752382682235
query_dedup,test,repaired_both_minus_context_penalty,event_hierarchy_relevance_grade,1,101,68,33,0.039603960396039604,0.0024509803921568627,0.014705882352941176,0.014705882352941176,0.0021008403361344537,0.033003300330033,0.005392156862745099,0.029411764705882353,0.0196078431372549,0.0023493561301665324,0.041584158415841586,0.012622549019607843,0.07352941176470588,0.029166666666666667,0.004851862822629387,0.04356435643564357,0.025402661064425763,0.14705882352941177,0.03914565826330533,0.011884336572870087,0.03316831683168317,0.03079481792717087,0.16176470588235295,0.040371148459383756,0.014667516556912041
query_dedup,test,repaired_both_minus_context_penalty,relevance_grade,2,101,58,43,0.039603960396039604,0.0,0.0,0.0,0.0024630541871921183,0.033003300330033,0.005747126436781609,0.017241379310344827,0.005747126436781609,0.0031581081779379237,0.041584158415841586,0.008210180623973728,0.034482758620689655,0.010057471264367814,0.006076514411422282,0.04356435643564357,0.026477832512315273,0.10344827586206896,0.019601806239737275,0.015461257340710053,0.03316831683168317,0.036535303776683084,0.13793103448275862,0.022270114942528733,0.01910503121454069
query_dedup,test,repaired_fixed_bonuses,relevance_grade,1,101,68,33,0.039603960396039604,0.0,0.0,0.0,0.0,0.033003300330033,0.004289215686274509,0.029411764705882353,0.00980392156862745,0.0022007406664525607,0.03564356435643565,0.0072303921568627446,0.04411764705882353,0.012745098039215686,0.0031012876190428438,0.04554455445544554,0.02213468720821662,0.14705882352941177,0.02701330532212885,0.009576187722434501,0.03663366336633663,0.045559056956115784,0.20588235294117646,0.031084981839625804,0.019448312521478748
query_dedup,test,repaired_fixed_bonuses,conservative_relevance_grade,1,101,68,33,0.039603960396039604,0.0,0.0,0.0,0.0,0.033003300330033,0.004289215686274509,0.029411764705882353,0.00980392156862745,0.0012004439540469905,0.03564356435643565,0.0072303921568627446,0.04411764705882353,0.012745098039215686,0.0015726731309195132,0.04554455445544554,0.02213468720821662,0.14705882352941177,0.02701330532212885,0.008985868899541774,0.03663366336633663,0.045559056956115784,0.20588235294117646,0.031084981839625804,0.01859504111956964
query_dedup,test,repaired_fixed_bonuses,event_hierarchy_relevance_grade,1,101,68,33,0.039603960396039604,0.0,0.0,0.0,0.0,0.033003300330033,0.004289215686274509,0.029411764705882353,0.00980392156862745,0.0016431327941973267,0.03564356435643565,0.0072303921568627446,0.04411764705882353,0.012745098039215686,0.0021904042716748276,0.04554455445544554,0.02213468720821662,0.14705882352941177,0.02701330532212885,0.008500710116930753,0.03663366336633663,0.045559056956115784,0.20588235294117646,0.031084981839625804,0.017126685543944854
query_dedup,test,repaired_fixed_bonuses,relevance_grade,2,101,58,43,0.039603960396039604,0.0,0.0,0.0,0.0,0.033003300330033,0.0024630541871921183,0.017241379310344827,0.005747126436781609,0.0025801787123926573,0.03564356435643565,0.008210180623973728,0.034482758620689655,0.009195402298850575,0.0036359923809467826,0.04554455445544554,0.020320197044334975,0.10344827586206896,0.01873973727422003,0.011227254571130106,0.03663366336633663,0.056239737274220034,0.1896551724137931,0.02466285227174519,0.022801469852768187
query_dedup,test,repaired_fixed_penalties,relevance_grade,1,101,68,33,0.0297029702970297,0.0,0.0,0.0,0.0,0.0363036303630363,0.004289215686274509,0.029411764705882353,0.00980392156862745,0.0022007406664525607,0.03762376237623763,0.0072303921568627446,0.04411764705882353,0.012745098039215686,0.0031012876190428438,0.04554455445544555,0.02213468720821662,0.14705882352941177,0.02701330532212885,0.009576187722434501,0.03811881188118812,0.045559056956115784,0.20588235294117646,0.031084981839625804,0.019448312521478748
query_dedup,test,repaired_fixed_penalties,conservative_relevance_grade,1,101,68,33,0.0297029702970297,0.0,0.0,0.0,0.0,0.0363036303630363,0.004289215686274509,0.029411764705882353,0.00980392156862745,0.0012004439540469905,0.03762376237623763,0.0072303921568627446,0.04411764705882353,0.012745098039215686,0.0015726731309195132,0.04554455445544555,0.02213468720821662,0.14705882352941177,0.02701330532212885,0.008985868899541774,0.03811881188118812,0.045559056956115784,0.20588235294117646,0.031084981839625804,0.01859504111956964
query_dedup,test,repaired_fixed_penalties,event_hierarchy_relevance_grade,1,101,68,33,0.0297029702970297,0.0,0.0,0.0,0.0,0.0363036303630363,0.004289215686274509,0.029411764705882353,0.00980392156862745,0.0016431327941973267,0.03762376237623763,0.0072303921568627446,0.04411764705882353,0.012745098039215686,0.0021904042716748276,0.04554455445544555,0.02213468720821662,0.14705882352941177,0.02701330532212885,0.008500710116930753,0.03811881188118812,0.045559056956115784,0.20588235294117646,0.031084981839625804,0.017126685543944854
query_dedup,test,repaired_fixed_penalties,relevance_grade,2,101,58,43,0.0297029702970297,0.0,0.0,0.0,0.0,0.0363036303630363,0.0024630541871921183,0.017241379310344827,0.005747126436781609,0.0025801787123926573,0.03762376237623763,0.008210180623973728,0.034482758620689655,0.009195402298850575,0.0036359923809467826,0.04554455445544555,0.020320197044334975,0.10344827586206896,0.01873973727422003,0.011227254571130106,0.03811881188118812,0.056239737274220034,0.1896551724137931,0.02466285227174519,0.022801469852768187
query_dedup,test,repaired_fixed_both,relevance_grade,1,101,68,33,0.0297029702970297,0.0,0.0,0.0,0.0,0.033003300330033,0.004289215686274509,0.029411764705882353,0.00980392156862745,0.0022007406664525607,0.03564356435643565,0.0072303921568627446,0.04411764705882353,0.012745098039215686,0.0031012876190428438,0.04554455445544554,0.02703664799253034,0.16176470588235295,0.028647292250233422,0.012875354886356315,0.036138613861386136,0.045559056956115784,0.20588235294117646,0.031493478571651946,0.019757775711675786
query_dedup,test,repaired_fixed_both,conservative_relevance_grade,1,101,68,33,0.0297029702970297,0.0,0.0,0.0,0.0,0.033003300330033,0.004289215686274509,0.029411764705882353,0.00980392156862745,0.0012004439540469905,0.03564356435643565,0.0072303921568627446,0.04411764705882353,0.012745098039215686,0.0015726731309195132,0.04554455445544554,0.02703664799253034,0.16176470588235295,0.028647292250233422,0.012200819502693678,0.036138613861386136,0.045559056956115784,0.20588235294117646,0.031493478571651946,0.0188879522010965
query_dedup,test,repaired_fixed_both,event_hierarchy_relevance_grade,1,101,68,33,0.0297029702970297,0.0,0.0,0.0,0.0,0.033003300330033,0.004289215686274509,0.029411764705882353,0.00980392156862745,0.0016431327941973267,0.03564356435643565,0.0072303921568627446,0.04411764705882353,0.012745098039215686,0.0021904042716748276,0.04554455445544554,0.02703664799253034,0.16176470588235295,0.028647292250233422,0.011715660720082658,0.036138613861386136,0.045559056956115784,0.20588235294117646,0.031493478571651946,0.017419596625471715
query_dedup,test,repaired_fixed_both,relevance_grade,2,101,58,43,0.0297029702970297,0.0,0.0,0.0,0.0,0.033003300330033,0.0024630541871921183,0.017241379310344827,0.005747126436781609,0.0025801787123926573,0.03564356435643565,0.008210180623973728,0.034482758620689655,0.009195402298850575,0.0036359923809467826,0.04554455445544554,0.02894088669950739,0.1206896551724138,0.02065544608648057,0.015095243659866026,0.036138613861386136,0.056239737274220034,0.1896551724137931,0.025069940394350555,0.02316428876541299
