protocol,split,experiment,scheme,threshold,dimension,value,queries,positive_queries,no_positive_queries,judged_fraction@1,recall@1,hit_rate@1,mrr@1,ndcg@1,judged_fraction@3,recall@3,hit_rate@3,mrr@3,ndcg@3,judged_fraction@5,recall@5,hit_rate@5,mrr@5,ndcg@5,judged_fraction@10,recall@10,hit_rate@10,mrr@10,ndcg@10,judged_fraction@20,recall@20,hit_rate@20,mrr@20,ndcg@20
temporal,validation,hybrid,relevance_grade,1,query_language,EN,59,47,12,0.01694915254237288,0.0,0.0,0.0,0.0,0.03389830508474576,0.02127659574468085,0.02127659574468085,0.0070921985815602835,0.010638297872340425,0.03389830508474576,0.04559270516717325,0.06382978723404255,0.015602836879432626,0.022618054670538852,0.03389830508474576,0.05357142857142857,0.10638297872340426,0.022695035460992906,0.025234462927323825,0.030508474576271195,0.08282674772036475,0.14893617021276595,0.025749092266449485,0.03462318209290773
temporal,validation,hybrid,relevance_grade,1,query_language,ID,29,28,1,0.06896551724137931,0.0,0.0,0.0,0.0,0.04597701149425287,0.0,0.0,0.0,0.0,0.04827586206896552,0.04017857142857143,0.07142857142857142,0.016071428571428573,0.01518823845494985,0.04482758620689656,0.12589285714285714,0.21428571428571427,0.03732993197278911,0.043835089147507826,0.04137931034482759,0.14375000000000002,0.25,0.04030612244897959,0.04975279506769459
temporal,validation,hybrid,relevance_grade,1,query_language,MIXED,51,38,13,0.0,0.0,0.0,0.0,0.0,0.0261437908496732,0.013157894736842105,0.02631578947368421,0.008771929824561403,0.00362383621547614,0.03137254901960784,0.013157894736842105,0.02631578947368421,0.008771929824561403,0.00362383621547614,0.03137254901960784,0.04385964912280702,0.07894736842105263,0.014327485380116961,0.012170762115104407,0.02843137254901961,0.04824561403508772,0.07894736842105263,0.014327485380116961,0.01451261375664858
temporal,validation,hybrid,relevance_grade,1,query_intent,Comparative Treatment Choice,2,2,0,0.0,0.0,0.0,0.0,0.0,0.0,0.0,0.0,0.0,0.0,0.0,0.0,0.0,0.0,0.0,0.0,0.0,0.0,0.0,0.0,0.0,0.0,0.0,0.0,0.0
temporal,validation,hybrid,relevance_grade,1,query_intent,Dosing / Administration,26,21,5,0.0,0.0,0.0,0.0,0.0,0.05128205128205128,0.023809523809523808,0.047619047619047616,0.015873015873015872,0.006557417913718729,0.03076923076923077,0.023809523809523808,0.047619047619047616,0.015873015873015872,0.006557417913718729,0.030769230769230767,0.02976190476190476,0.09523809523809523,0.023809523809523808,0.007593337150408512,0.028846153846153848,0.03571428571428571,0.09523809523809523,0.023809523809523808,0.009647180789763147
temporal,validation,hybrid,relevance_grade,1,query_intent,Efficacy / Outcomes,4,3,1,0.0,0.0,0.0,0.0,0.0,0.08333333333333333,0.0,0.0,0.0,0.0,0.05,0.0,0.0,0.0,0.0,0.025,0.0,0.0,0.0,0.0,0.0625,0.08333333333333333,0.3333333333333333,0.017543859649122806,0.03973204623495562
temporal,validation,hybrid,relevance_grade,1,query_intent,Guideline / Evidence Lookup,16,13,3,0.0625,0.0,0.0,0.0,0.0,0.041666666666666664,0.0,0.0,0.0,0.0,0.037500000000000006,0.0,0.0,0.0,0.0,0.05,0.0,0.0,0.0,0.0,0.034375,0.0,0.0,0.0,0.0
temporal,validation,hybrid,relevance_grade,1,query_intent,Interaction / Combination,7,7,0,0.0,0.0,0.0,0.0,0.0,0.0,0.0,0.0,0.0,0.0,0.0,0.0,0.0,0.0,0.0,0.028571428571428574,0.05714285714285715,0.2857142857142857,0.04421768707482993,0.01980085003876956,0.04285714285714286,0.1285714285714286,0.42857142857142855,0.05612244897959184,0.043471673719516636
temporal,validation,hybrid,relevance_grade,1,query_intent,Management / Treatment Selection,11,10,1,0.0,0.0,0.0,0.0,0.0,0.0,0.0,0.0,0.0,0.0,0.018181818181818184,0.1,0.1,0.02,0.03868528072345416,0.03636363636363637,0.2,0.2,0.03428571428571429,0.0720186140567875,0.02727272727272727,0.2,0.2,0.03428571428571429,0.0720186140567875
temporal,validation,hybrid,relevance_grade,1,query_intent,Mechanism / Background Knowledge,5,4,1,0.0,0.0,0.0,0.0,0.0,0.0,0.0,0.0,0.0,0.0,0.0,0.0,0.0,0.0,0.0,0.0,0.0,0.0,0.0,0.0,0.0,0.0,0.0,0.0,0.0
temporal,validation,hybrid,relevance_grade,1,query_intent,Monitoring / Response / Risk Assessment,12,9,3,0.08333333333333333,0.0,0.0,0.0,0.0,0.05555555555555555,0.0,0.0,0.0,0.0,0.05000000000000001,0.0,0.0,0.0,0.0,0.049999999999999996,0.0,0.0,0.0,0.0,0.0375,0.0,0.0,0.0,0.0
temporal,validation,hybrid,relevance_grade,1,query_intent,Prophylaxis / Maintenance,12,10,2,0.0,0.0,0.0,0.0,0.0,0.027777777777777776,0.0,0.0,0.0,0.0,0.03333333333333333,0.014285714285714285,0.1,0.02,0.017619576228078433,0.03333333333333333,0.1392857142857143,0.3,0.04666666666666667,0.056647747269708025,0.024999999999999998,0.1392857142857143,0.3,0.04666666666666667,0.056647747269708025
temporal,validation,hybrid,relevance_grade,1,query_intent,Safety / Contraindication,26,19,7,0.0,0.0,0.0,0.0,0.0,0.02564102564102564,0.05263157894736842,0.05263157894736842,0.017543859649122806,0.02631578947368421,0.03076923076923077,0.05263157894736842,0.05263157894736842,0.017543859649122806,0.02631578947368421,0.023076923076923075,0.10526315789473684,0.10526315789473684,0.02506265664160401,0.043859649122807015,0.02884615384615385,0.15789473684210525,0.15789473684210525,0.02984734563681932,0.058540856788655955
temporal,validation,hybrid,relevance_grade,1,query_intent,Treatment Change / Escalation,18,15,3,0.05555555555555555,0.0,0.0,0.0,0.0,0.037037037037037035,0.0,0.0,0.0,0.0,0.07777777777777778,0.075,0.13333333333333333,0.030000000000000002,0.028351378449239722,0.05555555555555555,0.0861111111111111,0.2,0.03740740740740741,0.030521882470676776,0.044444444444444446,0.09722222222222222,0.2,0.03740740740740741,0.03645457329592201
temporal,validation,hybrid,relevance_grade,1,has_context,False,78,63,15,0.01282051282051282,0.0,0.0,0.0,0.0,0.034188034188034185,0.015873015873015872,0.015873015873015872,0.005291005291005291,0.007936507936507936,0.041025641025641026,0.03599773242630385,0.06349206349206349,0.01560846560846561,0.01748359427014889,0.038461538461538464,0.08070672713529856,0.15873015873015872,0.028785588309397835,0.03168642846606274,0.03461538461538461,0.0952569916855631,0.19047619047619047,0.03094376152020262,0.03762106762239249
temporal,validation,hybrid,relevance_grade,1,has_context,True,61,50,11,0.03278688524590164,0.0,0.0,0.0,0.0,0.03278688524590164,0.01,0.02,0.006666666666666666,0.0027541155237618665,0.029508196721311476,0.03,0.04,0.010666666666666666,0.010491171668452698,0.031147540983606562,0.0525,0.08,0.016857142857142855,0.017592924414529074,0.02868852459016394,0.075,0.1,0.018675324675324675,0.02403439765608062
temporal,validation,bonuses_only,relevance_grade,1,query_language,EN,59,47,12,0.0,0.0,0.0,0.0,0.0,0.022598870056497175,0.02127659574468085,0.02127659574468085,0.0070921985815602835,0.010638297872340425,0.03728813559322034,0.047872340425531915,0.06382978723404255,0.017730496453900707,0.0226000295386601,0.03559322033898305,0.07535460992907801,0.1276595744680851,0.02555724417426545,0.031371804948667426,0.029661016949152547,0.0849290780141844,0.1702127659574468,0.028006852236975414,0.0354373253992775
temporal,validation,bonuses_only,relevance_grade,1,query_language,ID,29,28,1,0.0,0.0,0.0,0.0,0.0,0.04597701149425287,0.03571428571428571,0.03571428571428571,0.011904761904761904,0.017857142857142856,0.05517241379310344,0.04285714285714286,0.07142857142857142,0.019047619047619046,0.01977330945165157,0.04827586206896553,0.12589285714285714,0.21428571428571427,0.037684240362811795,0.04701064432327077,0.03620689655172415,0.14375000000000002,0.25,0.04066043083900227,0.05292835024345754
temporal,validation,bonuses_only,relevance_grade,1,query_language,MIXED,51,38,13,0.0,0.0,0.0,0.0,0.0,0.0261437908496732,0.013157894736842105,0.02631578947368421,0.008771929824561403,0.00362383621547614,0.03137254901960784,0.017543859649122806,0.05263157894736842,0.014035087719298246,0.00488507891186857,0.029411764705882356,0.017543859649122806,0.05263157894736842,0.014035087719298246,0.00483177205768705,0.03235294117647059,0.021929824561403508,0.05263157894736842,0.014035087719298246,0.007123513152344008
temporal,validation,bonuses_only,relevance_grade,1,query_intent,Comparative Treatment Choice,2,2,0,0.0,0.0,0.0,0.0,0.0,0.0,0.0,0.0,0.0,0.0,0.0,0.0,0.0,0.0,0.0,0.0,0.0,0.0,0.0,0.0,0.0,0.0,0.0,0.0,0.0
temporal,validation,bonuses_only,relevance_grade,1,query_intent,Dosing / Administration,26,21,5,0.0,0.0,0.0,0.0,0.0,0.05128205128205128,0.023809523809523808,0.047619047619047616,0.015873015873015872,0.006557417913718729,0.03076923076923077,0.023809523809523808,0.047619047619047616,0.015873015873015872,0.006557417913718729,0.030769230769230767,0.02976190476190476,0.09523809523809523,0.022675736961451247,0.00752681556971047,0.026923076923076925,0.02976190476190476,0.09523809523809523,0.022675736961451247,0.00752681556971047
temporal,validation,bonuses_only,relevance_grade,1,query_intent,Efficacy / Outcomes,4,3,1,0.0,0.0,0.0,0.0,0.0,0.08333333333333333,0.0,0.0,0.0,0.0,0.05,0.0,0.0,0.0,0.0,0.025,0.0,0.0,0.0,0.0,0.0625,0.08333333333333333,0.3333333333333333,0.017543859649122806,0.03973204623495562
temporal,validation,bonuses_only,relevance_grade,1,query_intent,Guideline / Evidence Lookup,16,13,3,0.0,0.0,0.0,0.0,0.0,0.020833333333333332,0.0,0.0,0.0,0.0,0.025,0.0,0.0,0.0,0.0,0.05625,0.0,0.0,0.0,0.0,0.037500000000000006,0.0,0.0,0.0,0.0
temporal,validation,bonuses_only,relevance_grade,1,query_intent,Interaction / Combination,7,7,0,0.0,0.0,0.0,0.0,0.0,0.0,0.0,0.0,0.0,0.0,0.028571428571428574,0.028571428571428574,0.14285714285714285,0.028571428571428574,0.0076646663780348566,0.028571428571428574,0.05714285714285715,0.2857142857142857,0.04897959183673469,0.020408027884774832,0.04285714285714286,0.1285714285714286,0.42857142857142855,0.060884353741496595,0.0440788515655219
temporal,validation,bonuses_only,relevance_grade,1,query_intent,Management / Treatment Selection,11,10,1,0.0,0.0,0.0,0.0,0.0,0.0303030303030303,0.1,0.1,0.03333333333333333,0.05,0.03636363636363637,0.1,0.1,0.03333333333333333,0.05,0.03636363636363637,0.2,0.2,0.047619047619047616,0.08333333333333334,0.02727272727272727,0.2,0.2,0.047619047619047616,0.08333333333333334
temporal,validation,bonuses_only,relevance_grade,1,query_intent,Mechanism / Background Knowledge,5,4,1,0.0,0.0,0.0,0.0,0.0,0.0,0.0,0.0,0.0,0.0,0.0,0.0,0.0,0.0,0.0,0.0,0.0,0.0,0.0,0.0,0.0,0.0,0.0,0.0,0.0
temporal,validation,bonuses_only,relevance_grade,1,query_intent,Monitoring / Response / Risk Assessment,12,9,3,0.0,0.0,0.0,0.0,0.0,0.0,0.0,0.0,0.0,0.0,0.06666666666666667,0.0,0.0,0.0,0.0,0.049999999999999996,0.0,0.0,0.0,0.0,0.03333333333333333,0.0,0.0,0.0,0.0
temporal,validation,bonuses_only,relevance_grade,1,query_intent,Prophylaxis / Maintenance,12,10,2,0.0,0.0,0.0,0.0,0.0,0.027777777777777776,0.0,0.0,0.0,0.0,0.03333333333333333,0.025,0.1,0.025,0.013152483024363167,0.016666666666666666,0.025,0.1,0.025,0.013152483024363167,0.016666666666666666,0.025,0.1,0.025,0.013152483024363167
temporal,validation,bonuses_only,relevance_grade,1,query_intent,Safety / Contraindication,26,19,7,0.0,0.0,0.0,0.0,0.0,0.02564102564102564,0.05263157894736842,0.05263157894736842,0.017543859649122806,0.02631578947368421,0.03076923076923077,0.05263157894736842,0.05263157894736842,0.017543859649122806,0.02631578947368421,0.026923076923076925,0.15789473684210525,0.15789473684210525,0.029385964912280703,0.058133142268611396,0.02884615384615385,0.15789473684210525,0.15789473684210525,0.029385964912280703,0.058133142268611396
temporal,validation,bonuses_only,relevance_grade,1,query_intent,Treatment Change / Escalation,18,15,3,0.0,0.0,0.0,0.0,0.0,0.037037037037037035,0.0,0.0,0.0,0.0,0.07777777777777778,0.07777777777777778,0.13333333333333333,0.030000000000000002,0.031906918702420364,0.0611111111111111,0.09722222222222222,0.26666666666666666,0.04574074074074074,0.04027153486620886,0.052777777777777785,0.12166666666666666,0.3333333333333333,0.04990740740740741,0.05086950047092695
temporal,validation,bonuses_only,relevance_grade,1,has_context,False,78,63,15,0.0,0.0,0.0,0.0,0.0,0.029914529914529912,0.031746031746031744,0.031746031746031744,0.010582010582010581,0.015873015873015872,0.043589743589743594,0.041534391534391535,0.07936507936507936,0.0208994708994709,0.019573090751631557,0.037179487179487186,0.0652116402116402,0.14285714285714285,0.029182413706223233,0.028271600376033785,0.03397435897435897,0.07976190476190477,0.1746031746031746,0.03134058691702802,0.03417601412312999
temporal,validation,bonuses_only,relevance_grade,1,has_context,True,61,50,11,0.0,0.0,0.0,0.0,0.0,0.0273224043715847,0.01,0.02,0.006666666666666666,0.0027541155237618665,0.03278688524590164,0.03,0.04,0.011666666666666665,0.01136764668522973,0.03442622950819672,0.0725,0.1,0.019023809523809523,0.02386538776281859,0.029508196721311476,0.0765,0.12,0.020273809523809524,0.02530305421229473
temporal,validation,penalties_only,relevance_grade,1,query_language,EN,59,47,12,0.0,0.0,0.0,0.0,0.0,0.022598870056497175,0.02127659574468085,0.02127659574468085,0.0070921985815602835,0.010638297872340425,0.03728813559322034,0.047872340425531915,0.06382978723404255,0.017730496453900707,0.0226000295386601,0.03728813559322034,0.07535460992907801,0.1276595744680851,0.026063829787234045,0.031401527357064425,0.029661016949152547,0.08333333333333333,0.14893617021276595,0.027183650615901455,0.034855290232198764
temporal,validation,penalties_only,relevance_grade,1,query_language,ID,29,28,1,0.0,0.0,0.0,0.0,0.0,0.04597701149425287,0.03571428571428571,0.03571428571428571,0.011904761904761904,0.017857142857142856,0.05517241379310344,0.04285714285714286,0.07142857142857142,0.019047619047619046,0.01977330945165157,0.04482758620689656,0.12589285714285714,0.21428571428571427,0.03679138321995464,0.046067785377990736,0.039655172413793106,0.14375000000000002,0.25,0.03976757369614513,0.0519854912981775
temporal,validation,penalties_only,relevance_grade,1,query_language,MIXED,51,38,13,0.0,0.0,0.0,0.0,0.0,0.0261437908496732,0.013157894736842105,0.02631578947368421,0.008771929824561403,0.00362383621547614,0.03529411764705883,0.017543859649122806,0.05263157894736842,0.014035087719298246,0.00488507891186857,0.029411764705882356,0.017543859649122806,0.05263157894736842,0.014035087719298246,0.00483177205768705,0.029411764705882356,0.021929824561403508,0.05263157894736842,0.014035087719298246,0.007123513152344008
temporal,validation,penalties_only,relevance_grade,1,query_intent,Comparative Treatment Choice,2,2,0,0.0,0.0,0.0,0.0,0.0,0.0,0.0,0.0,0.0,0.0,0.0,0.0,0.0,0.0,0.0,0.0,0.0,0.0,0.0,0.0,0.0,0.0,0.0,0.0,0.0
temporal,validation,penalties_only,relevance_grade,1,query_intent,Dosing / Administration,26,21,5,0.0,0.0,0.0,0.0,0.0,0.05128205128205128,0.023809523809523808,0.047619047619047616,0.015873015873015872,0.006557417913718729,0.03076923076923077,0.023809523809523808,0.047619047619047616,0.015873015873015872,0.006557417913718729,0.030769230769230767,0.02976190476190476,0.09523809523809523,0.023809523809523808,0.007593337150408512,0.028846153846153848,0.03571428571428571,0.09523809523809523,0.023809523809523808,0.009647180789763147
temporal,validation,penalties_only,relevance_grade,1,query_intent,Efficacy / Outcomes,4,3,1,0.0,0.0,0.0,0.0,0.0,0.08333333333333333,0.0,0.0,0.0,0.0,0.05,0.0,0.0,0.0,0.0,0.025,0.0,0.0,0.0,0.0,0.0625,0.08333333333333333,0.3333333333333333,0.017543859649122806,0.03973204623495562
temporal,validation,penalties_only,relevance_grade,1,query_intent,Guideline / Evidence Lookup,16,13,3,0.0,0.0,0.0,0.0,0.0,0.020833333333333332,0.0,0.0,0.0,0.0,0.037500000000000006,0.0,0.0,0.0,0.0,0.05,0.0,0.0,0.0,0.0,0.034375,0.0,0.0,0.0,0.0
temporal,validation,penalties_only,relevance_grade,1,query_intent,Interaction / Combination,7,7,0,0.0,0.0,0.0,0.0,0.0,0.0,0.0,0.0,0.0,0.0,0.028571428571428574,0.028571428571428574,0.14285714285714285,0.028571428571428574,0.0076646663780348566,0.028571428571428574,0.05714285714285715,0.2857142857142857,0.04897959183673469,0.020408027884774832,0.04285714285714286,0.1285714285714286,0.42857142857142855,0.060884353741496595,0.0440788515655219
temporal,validation,penalties_only,relevance_grade,1,query_intent,Management / Treatment Selection,11,10,1,0.0,0.0,0.0,0.0,0.0,0.0303030303030303,0.1,0.1,0.03333333333333333,0.05,0.03636363636363637,0.1,0.1,0.03333333333333333,0.05,0.03636363636363637,0.2,0.2,0.047619047619047616,0.08333333333333334,0.02727272727272727,0.2,0.2,0.047619047619047616,0.08333333333333334
temporal,validation,penalties_only,relevance_grade,1,query_intent,Mechanism / Background Knowledge,5,4,1,0.0,0.0,0.0,0.0,0.0,0.0,0.0,0.0,0.0,0.0,0.0,0.0,0.0,0.0,0.0,0.0,0.0,0.0,0.0,0.0,0.0,0.0,0.0,0.0,0.0
temporal,validation,penalties_only,relevance_grade,1,query_intent,Monitoring / Response / Risk Assessment,12,9,3,0.0,0.0,0.0,0.0,0.0,0.0,0.0,0.0,0.0,0.0,0.06666666666666667,0.0,0.0,0.0,0.0,0.049999999999999996,0.0,0.0,0.0,0.0,0.02916666666666667,0.0,0.0,0.0,0.0
temporal,validation,penalties_only,relevance_grade,1,query_intent,Prophylaxis / Maintenance,12,10,2,0.0,0.0,0.0,0.0,0.0,0.027777777777777776,0.0,0.0,0.0,0.0,0.03333333333333333,0.025,0.1,0.025,0.013152483024363167,0.016666666666666666,0.025,0.1,0.025,0.013152483024363167,0.016666666666666666,0.025,0.1,0.025,0.013152483024363167
temporal,validation,penalties_only,relevance_grade,1,query_intent,Safety / Contraindication,26,19,7,0.0,0.0,0.0,0.0,0.0,0.02564102564102564,0.05263157894736842,0.05263157894736842,0.017543859649122806,0.02631578947368421,0.03076923076923077,0.05263157894736842,0.05263157894736842,0.017543859649122806,0.02631578947368421,0.026923076923076925,0.15789473684210525,0.15789473684210525,0.028070175438596492,0.056743665928198725,0.02884615384615385,0.15789473684210525,0.15789473684210525,0.028070175438596492,0.056743665928198725
temporal,validation,penalties_only,relevance_grade,1,query_intent,Treatment Change / Escalation,18,15,3,0.0,0.0,0.0,0.0,0.0,0.037037037037037035,0.0,0.0,0.0,0.0,0.07777777777777778,0.07777777777777778,0.13333333333333333,0.030000000000000002,0.031906918702420364,0.06666666666666668,0.09722222222222222,0.26666666666666666,0.04574074074074074,0.04027153486620886,0.05277777777777778,0.10833333333333334,0.26666666666666666,0.04574074074074074,0.04607727897267315
temporal,validation,penalties_only,relevance_grade,1,has_context,False,78,63,15,0.0,0.0,0.0,0.0,0.0,0.029914529914529912,0.031746031746031744,0.031746031746031744,0.010582010582010581,0.015873015873015872,0.043589743589743594,0.041534391534391535,0.07936507936507936,0.0208994708994709,0.019573090751631557,0.037179487179487186,0.0652116402116402,0.14285714285714285,0.029182413706223233,0.028271600376033785,0.03397435897435897,0.07976190476190477,0.1746031746031746,0.03134058691702802,0.03417601412312999
temporal,validation,penalties_only,relevance_grade,1,has_context,True,61,50,11,0.0,0.0,0.0,0.0,0.0,0.0273224043715847,0.01,0.02,0.006666666666666666,0.0027541155237618665,0.036065573770491806,0.03,0.04,0.011666666666666665,0.01136764668522973,0.03442622950819672,0.0725,0.1,0.019,0.023365325817354954,0.02868852459016394,0.075,0.1,0.019,0.0242279401458839
temporal,validation,both,relevance_grade,1,query_language,EN,59,47,12,0.0,0.0,0.0,0.0,0.0,0.028248587570621465,0.026595744680851064,0.0425531914893617,0.014184397163120567,0.014036105779146798,0.04067796610169492,0.047872340425531915,0.06382978723404255,0.019503546099290777,0.023050471432603893,0.03559322033898306,0.07535460992907801,0.1276595744680851,0.027836879432624115,0.03185196925100821,0.027966101694915257,0.07960992907801419,0.14893617021276595,0.029166666666666667,0.03338140164406793
temporal,validation,both,relevance_grade,1,query_language,ID,29,28,1,0.0,0.0,0.0,0.0,0.0,0.034482758620689655,0.03571428571428571,0.03571428571428571,0.017857142857142856,0.022533205484694906,0.04827586206896552,0.04285714285714286,0.07142857142857142,0.024999999999999998,0.02444937207920362,0.04482758620689656,0.12142857142857143,0.17857142857142858,0.03966836734693877,0.05080657710299798,0.03620689655172415,0.14375000000000002,0.25,0.045620748299319724,0.057514385900500904
temporal,validation,both,relevance_grade,1,query_language,MIXED,51,38,13,0.0,0.0,0.0,0.0,0.0,0.0261437908496732,0.013157894736842105,0.02631578947368421,0.008771929824561403,0.00362383621547614,0.03137254901960784,0.017543859649122806,0.05263157894736842,0.014035087719298246,0.00488507891186857,0.029411764705882356,0.017543859649122806,0.05263157894736842,0.014035087719298246,0.00483177205768705,0.03137254901960784,0.021929824561403508,0.05263157894736842,0.014035087719298246,0.007229434939956133
temporal,validation,both,relevance_grade,1,query_intent,Comparative Treatment Choice,2,2,0,0.0,0.0,0.0,0.0,0.0,0.0,0.0,0.0,0.0,0.0,0.0,0.0,0.0,0.0,0.0,0.0,0.0,0.0,0.0,0.0,0.0,0.0,0.0,0.0,0.0
temporal,validation,both,relevance_grade,1,query_intent,Dosing / Administration,26,21,5,0.0,0.0,0.0,0.0,0.0,0.038461538461538464,0.023809523809523808,0.047619047619047616,0.015873015873015872,0.006557417913718729,0.038461538461538464,0.023809523809523808,0.047619047619047616,0.015873015873015872,0.006557417913718729,0.030769230769230767,0.02976190476190476,0.09523809523809523,0.023809523809523808,0.007593337150408512,0.026923076923076925,0.02976190476190476,0.09523809523809523,0.023809523809523808,0.007593337150408512
temporal,validation,both,relevance_grade,1,query_intent,Efficacy / Outcomes,4,3,1,0.0,0.0,0.0,0.0,0.0,0.08333333333333333,0.0,0.0,0.0,0.0,0.05,0.0,0.0,0.0,0.0,0.025,0.0,0.0,0.0,0.0,0.037500000000000006,0.0,0.0,0.0,0.0
temporal,validation,both,relevance_grade,1,query_intent,Guideline / Evidence Lookup,16,13,3,0.0,0.0,0.0,0.0,0.0,0.020833333333333332,0.0,0.0,0.0,0.0,0.0125,0.0,0.0,0.0,0.0,0.05,0.0,0.0,0.0,0.0,0.037500000000000006,0.0,0.0,0.0,0.0
temporal,validation,both,relevance_grade,1,query_intent,Interaction / Combination,7,7,0,0.0,0.0,0.0,0.0,0.0,0.0,0.0,0.0,0.0,0.0,0.028571428571428574,0.028571428571428574,0.14285714285714285,0.028571428571428574,0.0076646663780348566,0.028571428571428574,0.05714285714285715,0.2857142857142857,0.04897959183673469,0.020408027884774832,0.03571428571428571,0.1285714285714286,0.42857142857142855,0.060884353741496595,0.0440788515655219
temporal,validation,both,relevance_grade,1,query_intent,Management / Treatment Selection,11,10,1,0.0,0.0,0.0,0.0,0.0,0.0303030303030303,0.1,0.1,0.05,0.06309297535714574,0.03636363636363637,0.1,0.1,0.05,0.06309297535714574,0.045454545454545456,0.2,0.2,0.06428571428571428,0.09642630869047908,0.02727272727272727,0.2,0.2,0.06428571428571428,0.09642630869047908
temporal,validation,both,relevance_grade,1,query_intent,Mechanism / Background Knowledge,5,4,1,0.0,0.0,0.0,0.0,0.0,0.0,0.0,0.0,0.0,0.0,0.0,0.0,0.0,0.0,0.0,0.0,0.0,0.0,0.0,0.0,0.02,0.0,0.0,0.0,0.0
temporal,validation,both,relevance_grade,1,query_intent,Monitoring / Response / Risk Assessment,12,9,3,0.0,0.0,0.0,0.0,0.0,0.0,0.0,0.0,0.0,0.0,0.05000000000000001,0.0,0.0,0.0,0.0,0.041666666666666664,0.0,0.0,0.0,0.0,0.02916666666666667,0.0,0.0,0.0,0.0
temporal,validation,both,relevance_grade,1,query_intent,Prophylaxis / Maintenance,12,10,2,0.0,0.0,0.0,0.0,0.0,0.05555555555555555,0.025,0.1,0.03333333333333333,0.015969697161989947,0.03333333333333333,0.025,0.1,0.03333333333333333,0.01526955992589897,0.016666666666666666,0.025,0.1,0.03333333333333333,0.01526955992589897,0.016666666666666666,0.025,0.1,0.03333333333333333,0.01526955992589897
temporal,validation,both,relevance_grade,1,query_intent,Safety / Contraindication,26,19,7,0.0,0.0,0.0,0.0,0.0,0.02564102564102564,0.05263157894736842,0.05263157894736842,0.017543859649122806,0.02631578947368421,0.038461538461538464,0.05263157894736842,0.05263157894736842,0.017543859649122806,0.02631578947368421,0.03076923076923077,0.15789473684210525,0.15789473684210525,0.029385964912280703,0.058133142268611396,0.02884615384615385,0.15789473684210525,0.15789473684210525,0.029385964912280703,0.058133142268611396
temporal,validation,both,relevance_grade,1,query_intent,Treatment Change / Escalation,18,15,3,0.0,0.0,0.0,0.0,0.0,0.037037037037037035,0.0,0.0,0.0,0.0,0.07777777777777778,0.07777777777777778,0.13333333333333333,0.030000000000000002,0.031906918702420364,0.05555555555555555,0.08888888888888888,0.2,0.03833333333333333,0.038628625816935824,0.05000000000000001,0.12166666666666666,0.3333333333333333,0.04805555555555555,0.05096978532126146
temporal,validation,both,relevance_grade,1,has_context,False,78,63,15,0.0,0.0,0.0,0.0,0.0,0.034188034188034185,0.03571428571428571,0.047619047619047616,0.018518518518518517,0.020486138495100902,0.0435897435897436,0.041534391534391535,0.07936507936507936,0.02486772486772487,0.021987384760946086,0.037179487179487186,0.06322751322751323,0.12698412698412698,0.0313869992441421,0.030294725564092833,0.03205128205128205,0.0757936507936508,0.15873015873015872,0.034032501889644746,0.034722183276097704
temporal,validation,both,relevance_grade,1,has_context,True,61,50,11,0.0,0.0,0.0,0.0,0.0,0.02185792349726776,0.01,0.02,0.006666666666666666,0.0027541155237618665,0.03278688524590164,0.03,0.04,0.011666666666666665,0.01136764668522973,0.03278688524590165,0.0725,0.1,0.0195,0.023893326826711768,0.029508196721311476,0.0765,0.12,0.02075,0.02533099327618791
temporal,validation,both_minus_entity_bonus,relevance_grade,1,query_language,EN,59,47,12,0.0,0.0,0.0,0.0,0.0,0.022598870056497175,0.02127659574468085,0.02127659574468085,0.0070921985815602835,0.010638297872340425,0.03728813559322034,0.047872340425531915,0.06382978723404255,0.017730496453900707,0.0226000295386601,0.03559322033898305,0.07535460992907801,0.1276595744680851,0.02555724417426545,0.031371804948667426,0.029661016949152547,0.0849290780141844,0.1702127659574468,0.028006852236975414,0.0354373253992775
temporal,validation,both_minus_entity_bonus,relevance_grade,1,query_language,ID,29,28,1,0.0,0.0,0.0,0.0,0.0,0.04597701149425287,0.03571428571428571,0.03571428571428571,0.011904761904761904,0.017857142857142856,0.05517241379310344,0.04285714285714286,0.07142857142857142,0.019047619047619046,0.01977330945165157,0.04827586206896553,0.12589285714285714,0.21428571428571427,0.037684240362811795,0.04701064432327077,0.03620689655172415,0.14375000000000002,0.25,0.04066043083900227,0.05292835024345754
temporal,validation,both_minus_entity_bonus,relevance_grade,1,query_language,MIXED,51,38,13,0.0,0.0,0.0,0.0,0.0,0.0261437908496732,0.013157894736842105,0.02631578947368421,0.008771929824561403,0.00362383621547614,0.03137254901960784,0.017543859649122806,0.05263157894736842,0.014035087719298246,0.00488507891186857,0.029411764705882356,0.017543859649122806,0.05263157894736842,0.014035087719298246,0.00483177205768705,0.03235294117647059,0.021929824561403508,0.05263157894736842,0.014035087719298246,0.007123513152344008
temporal,validation,both_minus_entity_bonus,relevance_grade,1,query_intent,Comparative Treatment Choice,2,2,0,0.0,0.0,0.0,0.0,0.0,0.0,0.0,0.0,0.0,0.0,0.0,0.0,0.0,0.0,0.0,0.0,0.0,0.0,0.0,0.0,0.0,0.0,0.0,0.0,0.0
temporal,validation,both_minus_entity_bonus,relevance_grade,1,query_intent,Dosing / Administration,26,21,5,0.0,0.0,0.0,0.0,0.0,0.05128205128205128,0.023809523809523808,0.047619047619047616,0.015873015873015872,0.006557417913718729,0.03076923076923077,0.023809523809523808,0.047619047619047616,0.015873015873015872,0.006557417913718729,0.030769230769230767,0.02976190476190476,0.09523809523809523,0.022675736961451247,0.00752681556971047,0.026923076923076925,0.02976190476190476,0.09523809523809523,0.022675736961451247,0.00752681556971047
temporal,validation,both_minus_entity_bonus,relevance_grade,1,query_intent,Efficacy / Outcomes,4,3,1,0.0,0.0,0.0,0.0,0.0,0.08333333333333333,0.0,0.0,0.0,0.0,0.05,0.0,0.0,0.0,0.0,0.025,0.0,0.0,0.0,0.0,0.0625,0.08333333333333333,0.3333333333333333,0.017543859649122806,0.03973204623495562
temporal,validation,both_minus_entity_bonus,relevance_grade,1,query_intent,Guideline / Evidence Lookup,16,13,3,0.0,0.0,0.0,0.0,0.0,0.020833333333333332,0.0,0.0,0.0,0.0,0.025,0.0,0.0,0.0,0.0,0.05625,0.0,0.0,0.0,0.0,0.037500000000000006,0.0,0.0,0.0,0.0
temporal,validation,both_minus_entity_bonus,relevance_grade,1,query_intent,Interaction / Combination,7,7,0,0.0,0.0,0.0,0.0,0.0,0.0,0.0,0.0,0.0,0.0,0.028571428571428574,0.028571428571428574,0.14285714285714285,0.028571428571428574,0.0076646663780348566,0.028571428571428574,0.05714285714285715,0.2857142857142857,0.04897959183673469,0.020408027884774832,0.04285714285714286,0.1285714285714286,0.42857142857142855,0.060884353741496595,0.0440788515655219
temporal,validation,both_minus_entity_bonus,relevance_grade,1,query_intent,Management / Treatment Selection,11,10,1,0.0,0.0,0.0,0.0,0.0,0.0303030303030303,0.1,0.1,0.03333333333333333,0.05,0.03636363636363637,0.1,0.1,0.03333333333333333,0.05,0.03636363636363637,0.2,0.2,0.047619047619047616,0.08333333333333334,0.02727272727272727,0.2,0.2,0.047619047619047616,0.08333333333333334
temporal,validation,both_minus_entity_bonus,relevance_grade,1,query_intent,Mechanism / Background Knowledge,5,4,1,0.0,0.0,0.0,0.0,0.0,0.0,0.0,0.0,0.0,0.0,0.0,0.0,0.0,0.0,0.0,0.0,0.0,0.0,0.0,0.0,0.0,0.0,0.0,0.0,0.0
temporal,validation,both_minus_entity_bonus,relevance_grade,1,query_intent,Monitoring / Response / Risk Assessment,12,9,3,0.0,0.0,0.0,0.0,0.0,0.0,0.0,0.0,0.0,0.0,0.06666666666666667,0.0,0.0,0.0,0.0,0.049999999999999996,0.0,0.0,0.0,0.0,0.03333333333333333,0.0,0.0,0.0,0.0
temporal,validation,both_minus_entity_bonus,relevance_grade,1,query_intent,Prophylaxis / Maintenance,12,10,2,0.0,0.0,0.0,0.0,0.0,0.027777777777777776,0.0,0.0,0.0,0.0,0.03333333333333333,0.025,0.1,0.025,0.013152483024363167,0.016666666666666666,0.025,0.1,0.025,0.013152483024363167,0.016666666666666666,0.025,0.1,0.025,0.013152483024363167
temporal,validation,both_minus_entity_bonus,relevance_grade,1,query_intent,Safety / Contraindication,26,19,7,0.0,0.0,0.0,0.0,0.0,0.02564102564102564,0.05263157894736842,0.05263157894736842,0.017543859649122806,0.02631578947368421,0.03076923076923077,0.05263157894736842,0.05263157894736842,0.017543859649122806,0.02631578947368421,0.026923076923076925,0.15789473684210525,0.15789473684210525,0.029385964912280703,0.058133142268611396,0.02884615384615385,0.15789473684210525,0.15789473684210525,0.029385964912280703,0.058133142268611396
temporal,validation,both_minus_entity_bonus,relevance_grade,1,query_intent,Treatment Change / Escalation,18,15,3,0.0,0.0,0.0,0.0,0.0,0.037037037037037035,0.0,0.0,0.0,0.0,0.07777777777777778,0.07777777777777778,0.13333333333333333,0.030000000000000002,0.031906918702420364,0.0611111111111111,0.09722222222222222,0.26666666666666666,0.04574074074074074,0.04027153486620886,0.052777777777777785,0.12166666666666666,0.3333333333333333,0.04990740740740741,0.05086950047092695
temporal,validation,both_minus_entity_bonus,relevance_grade,1,has_context,False,78,63,15,0.0,0.0,0.0,0.0,0.0,0.029914529914529912,0.031746031746031744,0.031746031746031744,0.010582010582010581,0.015873015873015872,0.043589743589743594,0.041534391534391535,0.07936507936507936,0.0208994708994709,0.019573090751631557,0.037179487179487186,0.0652116402116402,0.14285714285714285,0.029182413706223233,0.028271600376033785,0.03397435897435897,0.07976190476190477,0.1746031746031746,0.03134058691702802,0.03417601412312999
temporal,validation,both_minus_entity_bonus,relevance_grade,1,has_context,True,61,50,11,0.0,0.0,0.0,0.0,0.0,0.0273224043715847,0.01,0.02,0.006666666666666666,0.0027541155237618665,0.03278688524590164,0.03,0.04,0.011666666666666665,0.01136764668522973,0.03442622950819672,0.0725,0.1,0.019023809523809523,0.02386538776281859,0.029508196721311476,0.0765,0.12,0.020273809523809524,0.02530305421229473
temporal,validation,both_minus_entity_penalty,relevance_grade,1,query_language,EN,59,47,12,0.0,0.0,0.0,0.0,0.0,0.022598870056497175,0.02127659574468085,0.02127659574468085,0.0070921985815602835,0.010638297872340425,0.03728813559322034,0.047872340425531915,0.06382978723404255,0.017730496453900707,0.0226000295386601,0.03559322033898305,0.07535460992907801,0.1276595744680851,0.02555724417426545,0.031371804948667426,0.029661016949152547,0.0849290780141844,0.1702127659574468,0.028006852236975414,0.0354373253992775
temporal,validation,both_minus_entity_penalty,relevance_grade,1,query_language,ID,29,28,1,0.0,0.0,0.0,0.0,0.0,0.04597701149425287,0.03571428571428571,0.03571428571428571,0.011904761904761904,0.017857142857142856,0.05517241379310344,0.04285714285714286,0.07142857142857142,0.019047619047619046,0.01977330945165157,0.04827586206896553,0.12589285714285714,0.21428571428571427,0.037684240362811795,0.04701064432327077,0.03620689655172415,0.14375000000000002,0.25,0.04066043083900227,0.05292835024345754
temporal,validation,both_minus_entity_penalty,relevance_grade,1,query_language,MIXED,51,38,13,0.0,0.0,0.0,0.0,0.0,0.0261437908496732,0.013157894736842105,0.02631578947368421,0.008771929824561403,0.00362383621547614,0.03137254901960784,0.017543859649122806,0.05263157894736842,0.014035087719298246,0.00488507891186857,0.029411764705882356,0.017543859649122806,0.05263157894736842,0.014035087719298246,0.00483177205768705,0.03235294117647059,0.021929824561403508,0.05263157894736842,0.014035087719298246,0.007123513152344008
temporal,validation,both_minus_entity_penalty,relevance_grade,1,query_intent,Comparative Treatment Choice,2,2,0,0.0,0.0,0.0,0.0,0.0,0.0,0.0,0.0,0.0,0.0,0.0,0.0,0.0,0.0,0.0,0.0,0.0,0.0,0.0,0.0,0.0,0.0,0.0,0.0,0.0
temporal,validation,both_minus_entity_penalty,relevance_grade,1,query_intent,Dosing / Administration,26,21,5,0.0,0.0,0.0,0.0,0.0,0.05128205128205128,0.023809523809523808,0.047619047619047616,0.015873015873015872,0.006557417913718729,0.03076923076923077,0.023809523809523808,0.047619047619047616,0.015873015873015872,0.006557417913718729,0.030769230769230767,0.02976190476190476,0.09523809523809523,0.022675736961451247,0.00752681556971047,0.026923076923076925,0.02976190476190476,0.09523809523809523,0.022675736961451247,0.00752681556971047
temporal,validation,both_minus_entity_penalty,relevance_grade,1,query_intent,Efficacy / Outcomes,4,3,1,0.0,0.0,0.0,0.0,0.0,0.08333333333333333,0.0,0.0,0.0,0.0,0.05,0.0,0.0,0.0,0.0,0.025,0.0,0.0,0.0,0.0,0.0625,0.08333333333333333,0.3333333333333333,0.017543859649122806,0.03973204623495562
temporal,validation,both_minus_entity_penalty,relevance_grade,1,query_intent,Guideline / Evidence Lookup,16,13,3,0.0,0.0,0.0,0.0,0.0,0.020833333333333332,0.0,0.0,0.0,0.0,0.025,0.0,0.0,0.0,0.0,0.05625,0.0,0.0,0.0,0.0,0.037500000000000006,0.0,0.0,0.0,0.0
temporal,validation,both_minus_entity_penalty,relevance_grade,1,query_intent,Interaction / Combination,7,7,0,0.0,0.0,0.0,0.0,0.0,0.0,0.0,0.0,0.0,0.0,0.028571428571428574,0.028571428571428574,0.14285714285714285,0.028571428571428574,0.0076646663780348566,0.028571428571428574,0.05714285714285715,0.2857142857142857,0.04897959183673469,0.020408027884774832,0.04285714285714286,0.1285714285714286,0.42857142857142855,0.060884353741496595,0.0440788515655219
temporal,validation,both_minus_entity_penalty,relevance_grade,1,query_intent,Management / Treatment Selection,11,10,1,0.0,0.0,0.0,0.0,0.0,0.0303030303030303,0.1,0.1,0.03333333333333333,0.05,0.03636363636363637,0.1,0.1,0.03333333333333333,0.05,0.03636363636363637,0.2,0.2,0.047619047619047616,0.08333333333333334,0.02727272727272727,0.2,0.2,0.047619047619047616,0.08333333333333334
temporal,validation,both_minus_entity_penalty,relevance_grade,1,query_intent,Mechanism / Background Knowledge,5,4,1,0.0,0.0,0.0,0.0,0.0,0.0,0.0,0.0,0.0,0.0,0.0,0.0,0.0,0.0,0.0,0.0,0.0,0.0,0.0,0.0,0.0,0.0,0.0,0.0,0.0
temporal,validation,both_minus_entity_penalty,relevance_grade,1,query_intent,Monitoring / Response / Risk Assessment,12,9,3,0.0,0.0,0.0,0.0,0.0,0.0,0.0,0.0,0.0,0.0,0.06666666666666667,0.0,0.0,0.0,0.0,0.049999999999999996,0.0,0.0,0.0,0.0,0.03333333333333333,0.0,0.0,0.0,0.0
temporal,validation,both_minus_entity_penalty,relevance_grade,1,query_intent,Prophylaxis / Maintenance,12,10,2,0.0,0.0,0.0,0.0,0.0,0.027777777777777776,0.0,0.0,0.0,0.0,0.03333333333333333,0.025,0.1,0.025,0.013152483024363167,0.016666666666666666,0.025,0.1,0.025,0.013152483024363167,0.016666666666666666,0.025,0.1,0.025,0.013152483024363167
temporal,validation,both_minus_entity_penalty,relevance_grade,1,query_intent,Safety / Contraindication,26,19,7,0.0,0.0,0.0,0.0,0.0,0.02564102564102564,0.05263157894736842,0.05263157894736842,0.017543859649122806,0.02631578947368421,0.03076923076923077,0.05263157894736842,0.05263157894736842,0.017543859649122806,0.02631578947368421,0.026923076923076925,0.15789473684210525,0.15789473684210525,0.029385964912280703,0.058133142268611396,0.02884615384615385,0.15789473684210525,0.15789473684210525,0.029385964912280703,0.058133142268611396
temporal,validation,both_minus_entity_penalty,relevance_grade,1,query_intent,Treatment Change / Escalation,18,15,3,0.0,0.0,0.0,0.0,0.0,0.037037037037037035,0.0,0.0,0.0,0.0,0.07777777777777778,0.07777777777777778,0.13333333333333333,0.030000000000000002,0.031906918702420364,0.0611111111111111,0.09722222222222222,0.26666666666666666,0.04574074074074074,0.04027153486620886,0.052777777777777785,0.12166666666666666,0.3333333333333333,0.04990740740740741,0.05086950047092695
temporal,validation,both_minus_entity_penalty,relevance_grade,1,has_context,False,78,63,15,0.0,0.0,0.0,0.0,0.0,0.029914529914529912,0.031746031746031744,0.031746031746031744,0.010582010582010581,0.015873015873015872,0.043589743589743594,0.041534391534391535,0.07936507936507936,0.0208994708994709,0.019573090751631557,0.037179487179487186,0.0652116402116402,0.14285714285714285,0.029182413706223233,0.028271600376033785,0.03397435897435897,0.07976190476190477,0.1746031746031746,0.03134058691702802,0.03417601412312999
temporal,validation,both_minus_entity_penalty,relevance_grade,1,has_context,True,61,50,11,0.0,0.0,0.0,0.0,0.0,0.0273224043715847,0.01,0.02,0.006666666666666666,0.0027541155237618665,0.03278688524590164,0.03,0.04,0.011666666666666665,0.01136764668522973,0.03442622950819672,0.0725,0.1,0.019023809523809523,0.02386538776281859,0.029508196721311476,0.0765,0.12,0.020273809523809524,0.02530305421229473
temporal,validation,both_minus_context_bonus,relevance_grade,1,query_language,EN,59,47,12,0.0,0.0,0.0,0.0,0.0,0.028248587570621465,0.026595744680851064,0.0425531914893617,0.014184397163120567,0.014036105779146798,0.04067796610169492,0.047872340425531915,0.06382978723404255,0.019503546099290777,0.023050471432603893,0.03728813559322034,0.07535460992907801,0.1276595744680851,0.027836879432624115,0.03185196925100821,0.02796610169491526,0.07801418439716312,0.1276595744680851,0.027836879432624115,0.032753931528127236
temporal,validation,both_minus_context_bonus,relevance_grade,1,query_language,ID,29,28,1,0.0,0.0,0.0,0.0,0.0,0.034482758620689655,0.03571428571428571,0.03571428571428571,0.017857142857142856,0.022533205484694906,0.05517241379310344,0.04285714285714286,0.07142857142857142,0.024999999999999998,0.02444937207920362,0.04137931034482759,0.08571428571428572,0.14285714285714285,0.03520408163265305,0.03953997436065052,0.03620689655172415,0.14375000000000002,0.25,0.04440321583178725,0.056210031217122376
temporal,validation,both_minus_context_bonus,relevance_grade,1,query_language,MIXED,51,38,13,0.0,0.0,0.0,0.0,0.0,0.0261437908496732,0.013157894736842105,0.02631578947368421,0.008771929824561403,0.00362383621547614,0.0392156862745098,0.017543859649122806,0.05263157894736842,0.014035087719298246,0.00488507891186857,0.029411764705882356,0.017543859649122806,0.05263157894736842,0.014035087719298246,0.00483177205768705,0.029411764705882353,0.021929824561403508,0.05263157894736842,0.014035087719298246,0.007229434939956133
temporal,validation,both_minus_context_bonus,relevance_grade,1,query_intent,Comparative Treatment Choice,2,2,0,0.0,0.0,0.0,0.0,0.0,0.0,0.0,0.0,0.0,0.0,0.0,0.0,0.0,0.0,0.0,0.0,0.0,0.0,0.0,0.0,0.0,0.0,0.0,0.0,0.0
temporal,validation,both_minus_context_bonus,relevance_grade,1,query_intent,Dosing / Administration,26,21,5,0.0,0.0,0.0,0.0,0.0,0.038461538461538464,0.023809523809523808,0.047619047619047616,0.015873015873015872,0.006557417913718729,0.038461538461538464,0.023809523809523808,0.047619047619047616,0.015873015873015872,0.006557417913718729,0.030769230769230767,0.02976190476190476,0.09523809523809523,0.023809523809523808,0.007593337150408512,0.026923076923076925,0.03571428571428571,0.09523809523809523,0.023809523809523808,0.009612014627770163
temporal,validation,both_minus_context_bonus,relevance_grade,1,query_intent,Efficacy / Outcomes,4,3,1,0.0,0.0,0.0,0.0,0.0,0.08333333333333333,0.0,0.0,0.0,0.0,0.05,0.0,0.0,0.0,0.0,0.025,0.0,0.0,0.0,0.0,0.037500000000000006,0.0,0.0,0.0,0.0
temporal,validation,both_minus_context_bonus,relevance_grade,1,query_intent,Guideline / Evidence Lookup,16,13,3,0.0,0.0,0.0,0.0,0.0,0.020833333333333332,0.0,0.0,0.0,0.0,0.05,0.0,0.0,0.0,0.0,0.05,0.0,0.0,0.0,0.0,0.03125,0.0,0.0,0.0,0.0
temporal,validation,both_minus_context_bonus,relevance_grade,1,query_intent,Interaction / Combination,7,7,0,0.0,0.0,0.0,0.0,0.0,0.0,0.0,0.0,0.0,0.0,0.028571428571428574,0.028571428571428574,0.14285714285714285,0.028571428571428574,0.0076646663780348566,0.028571428571428574,0.05714285714285715,0.2857142857142857,0.04897959183673469,0.020408027884774832,0.03571428571428571,0.1285714285714286,0.42857142857142855,0.060884353741496595,0.0440788515655219
temporal,validation,both_minus_context_bonus,relevance_grade,1,query_intent,Management / Treatment Selection,11,10,1,0.0,0.0,0.0,0.0,0.0,0.0303030303030303,0.1,0.1,0.05,0.06309297535714574,0.03636363636363637,0.1,0.1,0.05,0.06309297535714574,0.045454545454545456,0.2,0.2,0.06428571428571428,0.09642630869047908,0.02727272727272727,0.2,0.2,0.06428571428571428,0.09642630869047908
temporal,validation,both_minus_context_bonus,relevance_grade,1,query_intent,Mechanism / Background Knowledge,5,4,1,0.0,0.0,0.0,0.0,0.0,0.0,0.0,0.0,0.0,0.0,0.0,0.0,0.0,0.0,0.0,0.0,0.0,0.0,0.0,0.0,0.02,0.0,0.0,0.0,0.0
temporal,validation,both_minus_context_bonus,relevance_grade,1,query_intent,Monitoring / Response / Risk Assessment,12,9,3,0.0,0.0,0.0,0.0,0.0,0.0,0.0,0.0,0.0,0.0,0.05000000000000001,0.0,0.0,0.0,0.0,0.041666666666666664,0.0,0.0,0.0,0.0,0.02916666666666667,0.0,0.0,0.0,0.0
temporal,validation,both_minus_context_bonus,relevance_grade,1,query_intent,Prophylaxis / Maintenance,12,10,2,0.0,0.0,0.0,0.0,0.0,0.05555555555555555,0.025,0.1,0.03333333333333333,0.015969697161989947,0.03333333333333333,0.025,0.1,0.03333333333333333,0.01526955992589897,0.016666666666666666,0.025,0.1,0.03333333333333333,0.01526955992589897,0.016666666666666666,0.025,0.1,0.03333333333333333,0.01526955992589897
temporal,validation,both_minus_context_bonus,relevance_grade,1,query_intent,Safety / Contraindication,26,19,7,0.0,0.0,0.0,0.0,0.0,0.02564102564102564,0.05263157894736842,0.05263157894736842,0.017543859649122806,0.02631578947368421,0.038461538461538464,0.05263157894736842,0.05263157894736842,0.017543859649122806,0.02631578947368421,0.02692307692307692,0.10526315789473684,0.10526315789473684,0.02280701754385965,0.04152972770094147,0.026923076923076925,0.15789473684210525,0.15789473684210525,0.027591706539074962,0.05621093536679041
temporal,validation,both_minus_context_bonus,relevance_grade,1,query_intent,Treatment Change / Escalation,18,15,3,0.0,0.0,0.0,0.0,0.0,0.037037037037037035,0.0,0.0,0.0,0.0,0.07777777777777778,0.07777777777777778,0.13333333333333333,0.030000000000000002,0.031906918702420364,0.061111111111111116,0.08888888888888888,0.2,0.03833333333333333,0.038628625816935824,0.052777777777777785,0.10833333333333334,0.26666666666666666,0.04388888888888889,0.04617756382300766
temporal,validation,both_minus_context_bonus,relevance_grade,1,has_context,False,78,63,15,0.0,0.0,0.0,0.0,0.0,0.034188034188034185,0.03571428571428571,0.047619047619047616,0.018518518518518517,0.020486138495100902,0.0435897435897436,0.041534391534391535,0.07936507936507936,0.02486772486772487,0.021987384760946086,0.037179487179487186,0.06322751322751323,0.12698412698412698,0.0313869992441421,0.030294725564092833,0.03205128205128205,0.0757936507936508,0.15873015873015872,0.034032501889644746,0.034722183276097704
temporal,validation,both_minus_context_bonus,relevance_grade,1,has_context,True,61,50,11,0.0,0.0,0.0,0.0,0.0,0.02185792349726776,0.01,0.02,0.006666666666666666,0.0027541155237618665,0.04262295081967214,0.03,0.04,0.011666666666666665,0.01136764668522973,0.03278688524590165,0.0525,0.08,0.017,0.017584029290997193,0.027868852459016397,0.075,0.1,0.018818181818181817,0.02401073274451169
temporal,validation,both_minus_context_penalty,relevance_grade,1,query_language,EN,59,47,12,0.0,0.0,0.0,0.0,0.0,0.028248587570621465,0.026595744680851064,0.0425531914893617,0.014184397163120567,0.014036105779146798,0.04067796610169492,0.047872340425531915,0.06382978723404255,0.019503546099290777,0.023050471432603893,0.03559322033898306,0.07535460992907801,0.1276595744680851,0.027836879432624115,0.03185196925100821,0.027966101694915257,0.07960992907801419,0.14893617021276595,0.029166666666666667,0.03338140164406793
temporal,validation,both_minus_context_penalty,relevance_grade,1,query_language,ID,29,28,1,0.0,0.0,0.0,0.0,0.0,0.034482758620689655,0.03571428571428571,0.03571428571428571,0.017857142857142856,0.022533205484694906,0.04827586206896552,0.04285714285714286,0.07142857142857142,0.024999999999999998,0.02444937207920362,0.04482758620689656,0.12142857142857143,0.17857142857142858,0.03966836734693877,0.05080657710299798,0.03620689655172415,0.14375000000000002,0.25,0.045620748299319724,0.057514385900500904
temporal,validation,both_minus_context_penalty,relevance_grade,1,query_language,MIXED,51,38,13,0.0,0.0,0.0,0.0,0.0,0.0261437908496732,0.013157894736842105,0.02631578947368421,0.008771929824561403,0.00362383621547614,0.03137254901960784,0.017543859649122806,0.05263157894736842,0.014035087719298246,0.00488507891186857,0.029411764705882356,0.017543859649122806,0.05263157894736842,0.014035087719298246,0.00483177205768705,0.03137254901960784,0.021929824561403508,0.05263157894736842,0.014035087719298246,0.007229434939956133
temporal,validation,both_minus_context_penalty,relevance_grade,1,query_intent,Comparative Treatment Choice,2,2,0,0.0,0.0,0.0,0.0,0.0,0.0,0.0,0.0,0.0,0.0,0.0,0.0,0.0,0.0,0.0,0.0,0.0,0.0,0.0,0.0,0.0,0.0,0.0,0.0,0.0
temporal,validation,both_minus_context_penalty,relevance_grade,1,query_intent,Dosing / Administration,26,21,5,0.0,0.0,0.0,0.0,0.0,0.038461538461538464,0.023809523809523808,0.047619047619047616,0.015873015873015872,0.006557417913718729,0.038461538461538464,0.023809523809523808,0.047619047619047616,0.015873015873015872,0.006557417913718729,0.030769230769230767,0.02976190476190476,0.09523809523809523,0.023809523809523808,0.007593337150408512,0.026923076923076925,0.02976190476190476,0.09523809523809523,0.023809523809523808,0.007593337150408512
temporal,validation,both_minus_context_penalty,relevance_grade,1,query_intent,Efficacy / Outcomes,4,3,1,0.0,0.0,0.0,0.0,0.0,0.08333333333333333,0.0,0.0,0.0,0.0,0.05,0.0,0.0,0.0,0.0,0.025,0.0,0.0,0.0,0.0,0.037500000000000006,0.0,0.0,0.0,0.0
temporal,validation,both_minus_context_penalty,relevance_grade,1,query_intent,Guideline / Evidence Lookup,16,13,3,0.0,0.0,0.0,0.0,0.0,0.020833333333333332,0.0,0.0,0.0,0.0,0.0125,0.0,0.0,0.0,0.0,0.05,0.0,0.0,0.0,0.0,0.037500000000000006,0.0,0.0,0.0,0.0
temporal,validation,both_minus_context_penalty,relevance_grade,1,query_intent,Interaction / Combination,7,7,0,0.0,0.0,0.0,0.0,0.0,0.0,0.0,0.0,0.0,0.0,0.028571428571428574,0.028571428571428574,0.14285714285714285,0.028571428571428574,0.0076646663780348566,0.028571428571428574,0.05714285714285715,0.2857142857142857,0.04897959183673469,0.020408027884774832,0.03571428571428571,0.1285714285714286,0.42857142857142855,0.060884353741496595,0.0440788515655219
temporal,validation,both_minus_context_penalty,relevance_grade,1,query_intent,Management / Treatment Selection,11,10,1,0.0,0.0,0.0,0.0,0.0,0.0303030303030303,0.1,0.1,0.05,0.06309297535714574,0.03636363636363637,0.1,0.1,0.05,0.06309297535714574,0.045454545454545456,0.2,0.2,0.06428571428571428,0.09642630869047908,0.02727272727272727,0.2,0.2,0.06428571428571428,0.09642630869047908
temporal,validation,both_minus_context_penalty,relevance_grade,1,query_intent,Mechanism / Background Knowledge,5,4,1,0.0,0.0,0.0,0.0,0.0,0.0,0.0,0.0,0.0,0.0,0.0,0.0,0.0,0.0,0.0,0.0,0.0,0.0,0.0,0.0,0.02,0.0,0.0,0.0,0.0
temporal,validation,both_minus_context_penalty,relevance_grade,1,query_intent,Monitoring / Response / Risk Assessment,12,9,3,0.0,0.0,0.0,0.0,0.0,0.0,0.0,0.0,0.0,0.0,0.05000000000000001,0.0,0.0,0.0,0.0,0.041666666666666664,0.0,0.0,0.0,0.0,0.02916666666666667,0.0,0.0,0.0,0.0
temporal,validation,both_minus_context_penalty,relevance_grade,1,query_intent,Prophylaxis / Maintenance,12,10,2,0.0,0.0,0.0,0.0,0.0,0.05555555555555555,0.025,0.1,0.03333333333333333,0.015969697161989947,0.03333333333333333,0.025,0.1,0.03333333333333333,0.01526955992589897,0.016666666666666666,0.025,0.1,0.03333333333333333,0.01526955992589897,0.016666666666666666,0.025,0.1,0.03333333333333333,0.01526955992589897
temporal,validation,both_minus_context_penalty,relevance_grade,1,query_intent,Safety / Contraindication,26,19,7,0.0,0.0,0.0,0.0,0.0,0.02564102564102564,0.05263157894736842,0.05263157894736842,0.017543859649122806,0.02631578947368421,0.038461538461538464,0.05263157894736842,0.05263157894736842,0.017543859649122806,0.02631578947368421,0.03076923076923077,0.15789473684210525,0.15789473684210525,0.029385964912280703,0.058133142268611396,0.02884615384615385,0.15789473684210525,0.15789473684210525,0.029385964912280703,0.058133142268611396
temporal,validation,both_minus_context_penalty,relevance_grade,1,query_intent,Treatment Change / Escalation,18,15,3,0.0,0.0,0.0,0.0,0.0,0.037037037037037035,0.0,0.0,0.0,0.0,0.07777777777777778,0.07777777777777778,0.13333333333333333,0.030000000000000002,0.031906918702420364,0.05555555555555555,0.08888888888888888,0.2,0.03833333333333333,0.038628625816935824,0.05000000000000001,0.12166666666666666,0.3333333333333333,0.04805555555555555,0.05096978532126146
temporal,validation,both_minus_context_penalty,relevance_grade,1,has_context,False,78,63,15,0.0,0.0,0.0,0.0,0.0,0.034188034188034185,0.03571428571428571,0.047619047619047616,0.018518518518518517,0.020486138495100902,0.0435897435897436,0.041534391534391535,0.07936507936507936,0.02486772486772487,0.021987384760946086,0.037179487179487186,0.06322751322751323,0.12698412698412698,0.0313869992441421,0.030294725564092833,0.03205128205128205,0.0757936507936508,0.15873015873015872,0.034032501889644746,0.034722183276097704
temporal,validation,both_minus_context_penalty,relevance_grade,1,has_context,True,61,50,11,0.0,0.0,0.0,0.0,0.0,0.02185792349726776,0.01,0.02,0.006666666666666666,0.0027541155237618665,0.03278688524590164,0.03,0.04,0.011666666666666665,0.01136764668522973,0.03278688524590165,0.0725,0.1,0.0195,0.023893326826711768,0.029508196721311476,0.0765,0.12,0.02075,0.02533099327618791
temporal,validation,fixed_bonuses,relevance_grade,1,query_language,EN,59,47,12,0.01694915254237288,0.0,0.0,0.0,0.0,0.03389830508474576,0.02127659574468085,0.02127659574468085,0.0070921985815602835,0.010638297872340425,0.03728813559322034,0.047872340425531915,0.06382978723404255,0.015602836879432626,0.021382856376296663,0.037288135593220334,0.07484802431610942,0.1276595744680851,0.02364066193853428,0.030787938473781914,0.03220338983050848,0.08637284701114488,0.1702127659574468,0.026012047222771156,0.03590523860647677
temporal,validation,fixed_bonuses,relevance_grade,1,query_language,ID,29,28,1,0.034482758620689655,0.0,0.0,0.0,0.0,0.04597701149425287,0.0,0.0,0.0,0.0,0.04827586206896552,0.04017857142857143,0.07142857142857142,0.017857142857142856,0.01675337241348026,0.04827586206896553,0.12589285714285714,0.21428571428571427,0.038477891156462586,0.044762063943623774,0.04137931034482759,0.14375000000000002,0.25,0.04145408163265306,0.05067976986381055
temporal,validation,fixed_bonuses,relevance_grade,1,query_language,MIXED,51,38,13,0.0,0.0,0.0,0.0,0.0,0.0261437908496732,0.013157894736842105,0.02631578947368421,0.013157894736842105,0.004572772180827369,0.03137254901960784,0.013157894736842105,0.02631578947368421,0.013157894736842105,0.004572772180827369,0.03137254901960784,0.017543859649122806,0.05263157894736842,0.01644736842105263,0.005557801433560955,0.03137254901960784,0.04824561403508772,0.07894736842105263,0.018201754385964913,0.01447860044352618
temporal,validation,fixed_bonuses,relevance_grade,1,query_intent,Comparative Treatment Choice,2,2,0,0.0,0.0,0.0,0.0,0.0,0.0,0.0,0.0,0.0,0.0,0.0,0.0,0.0,0.0,0.0,0.0,0.0,0.0,0.0,0.0,0.0,0.0,0.0,0.0,0.0
temporal,validation,fixed_bonuses,relevance_grade,1,query_intent,Dosing / Administration,26,21,5,0.0,0.0,0.0,0.0,0.0,0.05128205128205128,0.023809523809523808,0.047619047619047616,0.023809523809523808,0.00827454013673524,0.03076923076923077,0.023809523809523808,0.047619047619047616,0.023809523809523808,0.00827454013673524,0.03461538461538462,0.02976190476190476,0.09523809523809523,0.031746031746031744,0.009310459373425022,0.026923076923076925,0.03571428571428571,0.09523809523809523,0.031746031746031744,0.011364303012779657
temporal,validation,fixed_bonuses,relevance_grade,1,query_intent,Efficacy / Outcomes,4,3,1,0.0,0.0,0.0,0.0,0.0,0.08333333333333333,0.0,0.0,0.0,0.0,0.05,0.0,0.0,0.0,0.0,0.025,0.0,0.0,0.0,0.0,0.0625,0.08333333333333333,0.3333333333333333,0.017543859649122806,0.03973204623495562
temporal,validation,fixed_bonuses,relevance_grade,1,query_intent,Guideline / Evidence Lookup,16,13,3,0.0,0.0,0.0,0.0,0.0,0.041666666666666664,0.0,0.0,0.0,0.0,0.037500000000000006,0.0,0.0,0.0,0.0,0.05625,0.0,0.0,0.0,0.0,0.04062500000000001,0.0,0.0,0.0,0.0
temporal,validation,fixed_bonuses,relevance_grade,1,query_intent,Interaction / Combination,7,7,0,0.0,0.0,0.0,0.0,0.0,0.0,0.0,0.0,0.0,0.0,0.0,0.0,0.0,0.0,0.0,0.028571428571428574,0.05714285714285715,0.2857142857142857,0.04421768707482993,0.01980085003876956,0.04285714285714286,0.1285714285714286,0.42857142857142855,0.05612244897959184,0.043471673719516636
temporal,validation,fixed_bonuses,relevance_grade,1,query_intent,Management / Treatment Selection,11,10,1,0.0,0.0,0.0,0.0,0.0,0.0,0.0,0.0,0.0,0.0,0.018181818181818184,0.1,0.1,0.025,0.04306765580733931,0.03636363636363637,0.2,0.2,0.039285714285714285,0.07640098914067264,0.02727272727272727,0.2,0.2,0.039285714285714285,0.07640098914067264
temporal,validation,fixed_bonuses,relevance_grade,1,query_intent,Mechanism / Background Knowledge,5,4,1,0.0,0.0,0.0,0.0,0.0,0.0,0.0,0.0,0.0,0.0,0.0,0.0,0.0,0.0,0.0,0.0,0.0,0.0,0.0,0.0,0.0,0.0,0.0,0.0,0.0
temporal,validation,fixed_bonuses,relevance_grade,1,query_intent,Monitoring / Response / Risk Assessment,12,9,3,0.08333333333333333,0.0,0.0,0.0,0.0,0.05555555555555555,0.0,0.0,0.0,0.0,0.06666666666666667,0.0,0.0,0.0,0.0,0.049999999999999996,0.0,0.0,0.0,0.0,0.0375,0.0,0.0,0.0,0.0
temporal,validation,fixed_bonuses,relevance_grade,1,query_intent,Prophylaxis / Maintenance,12,10,2,0.0,0.0,0.0,0.0,0.0,0.027777777777777776,0.0,0.0,0.0,0.0,0.03333333333333333,0.025,0.1,0.02,0.011814144245140152,0.025000000000000005,0.039285714285714285,0.2,0.03111111111111111,0.02493611707448349,0.024999999999999998,0.1392857142857143,0.3,0.03777777777777778,0.04993611707448349
temporal,validation,fixed_bonuses,relevance_grade,1,query_intent,Safety / Contraindication,26,19,7,0.0,0.0,0.0,0.0,0.0,0.02564102564102564,0.05263157894736842,0.05263157894736842,0.017543859649122806,0.02631578947368421,0.03076923076923077,0.05263157894736842,0.05263157894736842,0.017543859649122806,0.02631578947368421,0.026923076923076925,0.15789473684210525,0.15789473684210525,0.029385964912280703,0.058133142268611396,0.03076923076923077,0.15789473684210525,0.15789473684210525,0.029385964912280703,0.058133142268611396
temporal,validation,fixed_bonuses,relevance_grade,1,query_intent,Treatment Change / Escalation,18,15,3,0.05555555555555555,0.0,0.0,0.0,0.0,0.037037037037037035,0.0,0.0,0.0,0.0,0.07777777777777778,0.075,0.13333333333333333,0.030000000000000002,0.028351378449239722,0.06111111111111113,0.0861111111111111,0.2,0.03833333333333333,0.030636066053069438,0.052777777777777785,0.10833333333333334,0.26666666666666666,0.04225490196078431,0.04178117361867096
temporal,validation,fixed_bonuses,relevance_grade,1,has_context,False,78,63,15,0.01282051282051282,0.0,0.0,0.0,0.0,0.034188034188034185,0.015873015873015872,0.015873015873015872,0.005291005291005291,0.007936507936507936,0.041025641025641026,0.037698412698412696,0.06349206349206349,0.0164021164021164,0.01725771222268014,0.037179487179487186,0.06483371126228268,0.14285714285714285,0.027330561854371375,0.02737563803149918,0.036538461538461534,0.09790249433106575,0.20634920634920634,0.03148064293943698,0.03851958276092964
temporal,validation,fixed_bonuses,relevance_grade,1,has_context,True,61,50,11,0.01639344262295082,0.0,0.0,0.0,0.0,0.03278688524590164,0.01,0.02,0.01,0.0034753068574288003,0.03278688524590164,0.03,0.04,0.013999999999999999,0.011212363002119634,0.03770491803278689,0.0725,0.1,0.02183333333333333,0.023738043143601676,0.03032786885245902,0.075,0.1,0.02183333333333333,0.024600657472130624
temporal,validation,fixed_penalties,relevance_grade,1,query_language,EN,59,47,12,0.01694915254237288,0.0,0.0,0.0,0.0,0.03389830508474576,0.02127659574468085,0.02127659574468085,0.0070921985815602835,0.010638297872340425,0.03728813559322034,0.047872340425531915,0.06382978723404255,0.015602836879432626,0.021382856376296663,0.037288135593220334,0.07484802431610942,0.1276595744680851,0.02364066193853428,0.030787938473781914,0.03220338983050848,0.08637284701114488,0.1702127659574468,0.026012047222771156,0.03590523860647677
temporal,validation,fixed_penalties,relevance_grade,1,query_language,ID,29,28,1,0.06896551724137931,0.0,0.0,0.0,0.0,0.04597701149425287,0.0,0.0,0.0,0.0,0.04827586206896552,0.04017857142857143,0.07142857142857142,0.017857142857142856,0.01675337241348026,0.04482758620689656,0.12589285714285714,0.21428571428571427,0.038477891156462586,0.044762063943623774,0.04310344827586208,0.14375000000000002,0.25,0.04145408163265306,0.05067976986381055
temporal,validation,fixed_penalties,relevance_grade,1,query_language,MIXED,51,38,13,0.0,0.0,0.0,0.0,0.0,0.0261437908496732,0.013157894736842105,0.02631578947368421,0.013157894736842105,0.004572772180827369,0.03137254901960784,0.013157894736842105,0.02631578947368421,0.013157894736842105,0.004572772180827369,0.029411764705882356,0.017543859649122806,0.05263157894736842,0.01644736842105263,0.005557801433560955,0.030392156862745098,0.04824561403508772,0.07894736842105263,0.018201754385964913,0.01447860044352618
temporal,validation,fixed_penalties,relevance_grade,1,query_intent,Comparative Treatment Choice,2,2,0,0.0,0.0,0.0,0.0,0.0,0.0,0.0,0.0,0.0,0.0,0.0,0.0,0.0,0.0,0.0,0.0,0.0,0.0,0.0,0.0,0.0,0.0,0.0,0.0,0.0
temporal,validation,fixed_penalties,relevance_grade,1,query_intent,Dosing / Administration,26,21,5,0.0,0.0,0.0,0.0,0.0,0.05128205128205128,0.023809523809523808,0.047619047619047616,0.023809523809523808,0.00827454013673524,0.03076923076923077,0.023809523809523808,0.047619047619047616,0.023809523809523808,0.00827454013673524,0.030769230769230767,0.02976190476190476,0.09523809523809523,0.031746031746031744,0.009310459373425022,0.028846153846153848,0.03571428571428571,0.09523809523809523,0.031746031746031744,0.011364303012779657
temporal,validation,fixed_penalties,relevance_grade,1,query_intent,Efficacy / Outcomes,4,3,1,0.0,0.0,0.0,0.0,0.0,0.08333333333333333,0.0,0.0,0.0,0.0,0.05,0.0,0.0,0.0,0.0,0.025,0.0,0.0,0.0,0.0,0.0625,0.08333333333333333,0.3333333333333333,0.017543859649122806,0.03973204623495562
temporal,validation,fixed_penalties,relevance_grade,1,query_intent,Guideline / Evidence Lookup,16,13,3,0.0625,0.0,0.0,0.0,0.0,0.041666666666666664,0.0,0.0,0.0,0.0,0.037500000000000006,0.0,0.0,0.0,0.0,0.05,0.0,0.0,0.0,0.0,0.037500000000000006,0.0,0.0,0.0,0.0
temporal,validation,fixed_penalties,relevance_grade,1,query_intent,Interaction / Combination,7,7,0,0.0,0.0,0.0,0.0,0.0,0.0,0.0,0.0,0.0,0.0,0.0,0.0,0.0,0.0,0.0,0.028571428571428574,0.05714285714285715,0.2857142857142857,0.04421768707482993,0.01980085003876956,0.04285714285714286,0.1285714285714286,0.42857142857142855,0.05612244897959184,0.043471673719516636
temporal,validation,fixed_penalties,relevance_grade,1,query_intent,Management / Treatment Selection,11,10,1,0.0,0.0,0.0,0.0,0.0,0.0,0.0,0.0,0.0,0.0,0.018181818181818184,0.1,0.1,0.025,0.04306765580733931,0.03636363636363637,0.2,0.2,0.039285714285714285,0.07640098914067264,0.02727272727272727,0.2,0.2,0.039285714285714285,0.07640098914067264
temporal,validation,fixed_penalties,relevance_grade,1,query_intent,Mechanism / Background Knowledge,5,4,1,0.0,0.0,0.0,0.0,0.0,0.0,0.0,0.0,0.0,0.0,0.0,0.0,0.0,0.0,0.0,0.0,0.0,0.0,0.0,0.0,0.0,0.0,0.0,0.0,0.0
temporal,validation,fixed_penalties,relevance_grade,1,query_intent,Monitoring / Response / Risk Assessment,12,9,3,0.08333333333333333,0.0,0.0,0.0,0.0,0.05555555555555555,0.0,0.0,0.0,0.0,0.06666666666666667,0.0,0.0,0.0,0.0,0.049999999999999996,0.0,0.0,0.0,0.0,0.0375,0.0,0.0,0.0,0.0
temporal,validation,fixed_penalties,relevance_grade,1,query_intent,Prophylaxis / Maintenance,12,10,2,0.0,0.0,0.0,0.0,0.0,0.027777777777777776,0.0,0.0,0.0,0.0,0.03333333333333333,0.025,0.1,0.02,0.011814144245140152,0.025000000000000005,0.039285714285714285,0.2,0.03111111111111111,0.02493611707448349,0.024999999999999998,0.1392857142857143,0.3,0.03777777777777778,0.04993611707448349
temporal,validation,fixed_penalties,relevance_grade,1,query_intent,Safety / Contraindication,26,19,7,0.0,0.0,0.0,0.0,0.0,0.02564102564102564,0.05263157894736842,0.05263157894736842,0.017543859649122806,0.02631578947368421,0.03076923076923077,0.05263157894736842,0.05263157894736842,0.017543859649122806,0.02631578947368421,0.026923076923076925,0.15789473684210525,0.15789473684210525,0.029385964912280703,0.058133142268611396,0.03076923076923077,0.15789473684210525,0.15789473684210525,0.029385964912280703,0.058133142268611396
temporal,validation,fixed_penalties,relevance_grade,1,query_intent,Treatment Change / Escalation,18,15,3,0.05555555555555555,0.0,0.0,0.0,0.0,0.037037037037037035,0.0,0.0,0.0,0.0,0.07777777777777778,0.075,0.13333333333333333,0.030000000000000002,0.028351378449239722,0.06111111111111113,0.0861111111111111,0.2,0.03833333333333333,0.030636066053069438,0.052777777777777785,0.10833333333333334,0.26666666666666666,0.04225490196078431,0.04178117361867096
temporal,validation,fixed_penalties,relevance_grade,1,has_context,False,78,63,15,0.01282051282051282,0.0,0.0,0.0,0.0,0.034188034188034185,0.015873015873015872,0.015873015873015872,0.005291005291005291,0.007936507936507936,0.041025641025641026,0.037698412698412696,0.06349206349206349,0.0164021164021164,0.01725771222268014,0.037179487179487186,0.06483371126228268,0.14285714285714285,0.027330561854371375,0.02737563803149918,0.036538461538461534,0.09790249433106575,0.20634920634920634,0.03148064293943698,0.03851958276092964
temporal,validation,fixed_penalties,relevance_grade,1,has_context,True,61,50,11,0.03278688524590164,0.0,0.0,0.0,0.0,0.03278688524590164,0.01,0.02,0.01,0.0034753068574288003,0.03278688524590164,0.03,0.04,0.013999999999999999,0.011212363002119634,0.03442622950819672,0.0725,0.1,0.02183333333333333,0.023738043143601676,0.03032786885245902,0.075,0.1,0.02183333333333333,0.024600657472130624
temporal,validation,fixed_both,relevance_grade,1,query_language,EN,59,47,12,0.0,0.0,0.0,0.0,0.0,0.03389830508474576,0.02127659574468085,0.02127659574468085,0.0070921985815602835,0.010638297872340425,0.03728813559322034,0.047872340425531915,0.06382978723404255,0.015602836879432626,0.021382856376296663,0.03559322033898305,0.07180851063829788,0.10638297872340426,0.02127659574468085,0.027996029361155673,0.03050847457627119,0.08637284701114488,0.1702127659574468,0.025689223057644112,0.03573165794021294
temporal,validation,fixed_both,relevance_grade,1,query_language,ID,29,28,1,0.034482758620689655,0.0,0.0,0.0,0.0,0.057471264367816084,0.03571428571428571,0.03571428571428571,0.011904761904761904,0.017857142857142856,0.05517241379310344,0.04017857142857143,0.07142857142857142,0.020833333333333332,0.019229209625144794,0.04827586206896553,0.12589285714285714,0.21428571428571427,0.04145408163265306,0.047237901155288316,0.04137931034482759,0.14375000000000002,0.25,0.04443027210884354,0.05315560707547508
temporal,validation,fixed_both,relevance_grade,1,query_language,MIXED,51,38,13,0.0,0.0,0.0,0.0,0.0,0.0261437908496732,0.013157894736842105,0.02631578947368421,0.008771929824561403,0.00362383621547614,0.03137254901960784,0.013157894736842105,0.02631578947368421,0.008771929824561403,0.00362383621547614,0.03137254901960784,0.017543859649122806,0.05263157894736842,0.01206140350877193,0.0046088654682097255,0.03137254901960784,0.021929824561403508,0.05263157894736842,0.01206140350877193,0.006900606562866684
temporal,validation,fixed_both,relevance_grade,1,query_intent,Comparative Treatment Choice,2,2,0,0.0,0.0,0.0,0.0,0.0,0.0,0.0,0.0,0.0,0.0,0.0,0.0,0.0,0.0,0.0,0.0,0.0,0.0,0.0,0.0,0.0,0.0,0.0,0.0,0.0
temporal,validation,fixed_both,relevance_grade,1,query_intent,Dosing / Administration,26,21,5,0.0,0.0,0.0,0.0,0.0,0.05128205128205128,0.023809523809523808,0.047619047619047616,0.015873015873015872,0.006557417913718729,0.03076923076923077,0.023809523809523808,0.047619047619047616,0.015873015873015872,0.006557417913718729,0.03461538461538462,0.02976190476190476,0.09523809523809523,0.023809523809523808,0.007593337150408512,0.026923076923076925,0.03571428571428571,0.09523809523809523,0.023809523809523808,0.009647180789763147
temporal,validation,fixed_both,relevance_grade,1,query_intent,Efficacy / Outcomes,4,3,1,0.0,0.0,0.0,0.0,0.0,0.08333333333333333,0.0,0.0,0.0,0.0,0.05,0.0,0.0,0.0,0.0,0.025,0.0,0.0,0.0,0.0,0.0625,0.08333333333333333,0.3333333333333333,0.017543859649122806,0.03973204623495562
temporal,validation,fixed_both,relevance_grade,1,query_intent,Guideline / Evidence Lookup,16,13,3,0.0,0.0,0.0,0.0,0.0,0.041666666666666664,0.0,0.0,0.0,0.0,0.037500000000000006,0.0,0.0,0.0,0.0,0.05625,0.0,0.0,0.0,0.0,0.04062500000000001,0.0,0.0,0.0,0.0
temporal,validation,fixed_both,relevance_grade,1,query_intent,Interaction / Combination,7,7,0,0.0,0.0,0.0,0.0,0.0,0.0,0.0,0.0,0.0,0.0,0.0,0.0,0.0,0.0,0.0,0.028571428571428574,0.05714285714285715,0.2857142857142857,0.04421768707482993,0.01980085003876956,0.04285714285714286,0.1285714285714286,0.42857142857142855,0.05612244897959184,0.043471673719516636
temporal,validation,fixed_both,relevance_grade,1,query_intent,Management / Treatment Selection,11,10,1,0.0,0.0,0.0,0.0,0.0,0.0303030303030303,0.1,0.1,0.03333333333333333,0.05,0.03636363636363637,0.1,0.1,0.03333333333333333,0.05,0.03636363636363637,0.2,0.2,0.047619047619047616,0.08333333333333334,0.02727272727272727,0.2,0.2,0.047619047619047616,0.08333333333333334
temporal,validation,fixed_both,relevance_grade,1,query_intent,Mechanism / Background Knowledge,5,4,1,0.0,0.0,0.0,0.0,0.0,0.0,0.0,0.0,0.0,0.0,0.0,0.0,0.0,0.0,0.0,0.0,0.0,0.0,0.0,0.0,0.0,0.0,0.0,0.0,0.0
temporal,validation,fixed_both,relevance_grade,1,query_intent,Monitoring / Response / Risk Assessment,12,9,3,0.0,0.0,0.0,0.0,0.0,0.05555555555555555,0.0,0.0,0.0,0.0,0.06666666666666667,0.0,0.0,0.0,0.0,0.049999999999999996,0.0,0.0,0.0,0.0,0.03333333333333333,0.0,0.0,0.0,0.0
temporal,validation,fixed_both,relevance_grade,1,query_intent,Prophylaxis / Maintenance,12,10,2,0.0,0.0,0.0,0.0,0.0,0.027777777777777776,0.0,0.0,0.0,0.0,0.03333333333333333,0.025,0.1,0.02,0.011814144245140152,0.016666666666666666,0.025,0.1,0.02,0.011814144245140152,0.020833333333333332,0.039285714285714285,0.2,0.028333333333333332,0.02359389301079271
temporal,validation,fixed_both,relevance_grade,1,query_intent,Safety / Contraindication,26,19,7,0.0,0.0,0.0,0.0,0.0,0.02564102564102564,0.05263157894736842,0.05263157894736842,0.017543859649122806,0.02631578947368421,0.03076923076923077,0.05263157894736842,0.05263157894736842,0.017543859649122806,0.02631578947368421,0.026923076923076925,0.15789473684210525,0.15789473684210525,0.029385964912280703,0.058133142268611396,0.03076923076923077,0.15789473684210525,0.15789473684210525,0.029385964912280703,0.058133142268611396
temporal,validation,fixed_both,relevance_grade,1,query_intent,Treatment Change / Escalation,18,15,3,0.05555555555555555,0.0,0.0,0.0,0.0,0.037037037037037035,0.0,0.0,0.0,0.0,0.07777777777777778,0.075,0.13333333333333333,0.030000000000000002,0.028351378449239722,0.06111111111111113,0.0861111111111111,0.2,0.03833333333333333,0.030636066053069438,0.052777777777777785,0.10833333333333334,0.26666666666666666,0.04309523809523809,0.04200515685472387
temporal,validation,fixed_both,relevance_grade,1,has_context,False,78,63,15,0.0,0.0,0.0,0.0,0.0,0.038461538461538464,0.031746031746031744,0.031746031746031744,0.010582010582010581,0.015873015873015872,0.041025641025641026,0.037698412698412696,0.06349206349206349,0.017724867724867727,0.018358084316753266,0.0358974358974359,0.06256613756613758,0.12698412698412698,0.026889644746787605,0.02639315729551781,0.03525641025641025,0.08202947845804988,0.19047619047619047,0.031504356128416275,0.035491978789985085
temporal,validation,fixed_both,relevance_grade,1,has_context,True,61,50,11,0.01639344262295082,0.0,0.0,0.0,0.0,0.03278688524590164,0.01,0.02,0.006666666666666666,0.0027541155237618665,0.036065573770491806,0.03,0.04,0.010666666666666666,0.010491171668452698,0.03770491803278689,0.0725,0.1,0.018500000000000003,0.02301685180993474,0.03032786885245902,0.075,0.1,0.018500000000000003,0.023879466138463687
temporal,test,hybrid,relevance_grade,1,query_language,EN,70,52,18,0.02857142857142857,0.0038461538461538464,0.019230769230769232,0.019230769230769232,0.008241758241758242,0.02857142857142857,0.01346153846153846,0.038461538461538464,0.02564102564102564,0.014371565107651883,0.025714285714285714,0.016666666666666666,0.057692307692307696,0.029487179487179487,0.014027843993934088,0.030000000000000002,0.05512820512820513,0.09615384615384616,0.035096153846153846,0.026936007009929826,0.02785714285714286,0.06282051282051282,0.1346153846153846,0.037310222672064776,0.027809615509408508
temporal,test,hybrid,relevance_grade,1,query_language,ID,25,20,5,0.04,0.0,0.0,0.0,0.0,0.026666666666666665,0.0,0.0,0.0,0.0,0.04800000000000001,0.008333333333333333,0.05,0.01,0.0026826332323122,0.036000000000000004,0.008333333333333333,0.05,0.01,0.002556343669397314,0.024,0.008333333333333333,0.05,0.01,0.002556343669397314
temporal,test,hybrid,relevance_grade,1,query_language,MIXED,44,38,6,0.022727272727272728,0.0,0.0,0.0,0.0,0.04545454545454545,0.0,0.0,0.0,0.0,0.03181818181818182,0.003289473684210526,0.02631578947368421,0.005263157894736842,0.004882524929721339,0.03181818181818182,0.0222953216374269,0.07894736842105263,0.013408521303258144,0.009582907391755153,0.02727272727272728,0.025219298245614034,0.07894736842105263,0.013408521303258144,0.01071828451610263
temporal,test,hybrid,relevance_grade,1,query_intent,Comparative Treatment Choice,5,5,0,0.0,0.0,0.0,0.0,0.0,0.06666666666666667,0.0,0.0,0.0,0.0,0.04,0.0,0.0,0.0,0.0,0.02,0.0,0.0,0.0,0.0,0.02,0.0,0.0,0.0,0.0
temporal,test,hybrid,relevance_grade,1,query_intent,Dosing / Administration,29,22,7,0.0,0.0,0.0,0.0,0.0,0.022988505747126436,0.0,0.0,0.0,0.0,0.027586206896551727,0.005681818181818182,0.045454545454545456,0.009090909090909092,0.008433452151336859,0.031034482758620686,0.005681818181818182,0.045454545454545456,0.009090909090909092,0.007890154093655838,0.025862068965517244,0.005681818181818182,0.045454545454545456,0.009090909090909092,0.007890154093655838
temporal,test,hybrid,relevance_grade,1,query_intent,Efficacy / Outcomes,6,1,5,0.0,0.0,0.0,0.0,0.0,0.0,0.0,0.0,0.0,0.0,0.0,0.0,0.0,0.0,0.0,0.016666666666666666,0.0,0.0,0.0,0.0,0.016666666666666666,0.0,0.0,0.0,0.0
temporal,test,hybrid,relevance_grade,1,query_intent,Guideline / Evidence Lookup,17,12,5,0.058823529411764705,0.0,0.0,0.0,0.0,0.058823529411764705,0.0,0.0,0.0,0.0,0.047058823529411764,0.0,0.0,0.0,0.0,0.029411764705882353,0.0,0.0,0.0,0.0,0.023529411764705882,0.0,0.0,0.0,0.0
temporal,test,hybrid,relevance_grade,1,query_intent,Interaction / Combination,6,6,0,0.0,0.0,0.0,0.0,0.0,0.0,0.0,0.0,0.0,0.0,0.0,0.0,0.0,0.0,0.0,0.05000000000000001,0.20370370370370372,0.3333333333333333,0.048611111111111105,0.0655968850069762,0.05000000000000001,0.25555555555555554,0.5,0.057383040935672515,0.07756518407446333
temporal,test,hybrid,relevance_grade,1,query_intent,Management / Treatment Selection,17,13,4,0.11764705882352941,0.015384615384615385,0.07692307692307693,0.07692307692307693,0.03296703296703297,0.0980392156862745,0.015384615384615385,0.07692307692307693,0.07692307692307693,0.022204744557032256,0.07058823529411766,0.02820512820512821,0.15384615384615385,0.0923076923076923,0.020829860102161084,0.047058823529411764,0.02820512820512821,0.15384615384615385,0.0923076923076923,0.0207954303281632,0.03529411764705882,0.04358974358974359,0.23076923076923078,0.09711538461538462,0.022084828658407274
temporal,test,hybrid,relevance_grade,1,query_intent,Mechanism / Background Knowledge,7,7,0,0.0,0.0,0.0,0.0,0.0,0.0,0.0,0.0,0.0,0.0,0.028571428571428574,0.0,0.0,0.0,0.0,0.042857142857142864,0.0,0.0,0.0,0.0,0.05714285714285715,0.0,0.0,0.0,0.0
temporal,test,hybrid,relevance_grade,1,query_intent,Monitoring / Response / Risk Assessment,9,9,0,0.0,0.0,0.0,0.0,0.0,0.0,0.0,0.0,0.0,0.0,0.0,0.0,0.0,0.0,0.0,0.022222222222222223,0.16666666666666666,0.2222222222222222,0.03439153439153439,0.052073093853129,0.011111111111111112,0.16666666666666666,0.2222222222222222,0.03439153439153439,0.052073093853129
temporal,test,hybrid,relevance_grade,1,query_intent,Prophylaxis / Maintenance,8,6,2,0.0,0.0,0.0,0.0,0.0,0.0,0.0,0.0,0.0,0.0,0.0,0.0,0.0,0.0,0.0,0.0,0.0,0.0,0.0,0.0,0.0125,0.0,0.0,0.0,0.0
temporal,test,hybrid,relevance_grade,1,query_intent,Safety / Contraindication,19,15,4,0.0,0.0,0.0,0.0,0.0,0.017543859649122806,0.0,0.0,0.0,0.0,0.03157894736842106,0.01111111111111111,0.06666666666666667,0.013333333333333334,0.0035768443097495997,0.031578947368421054,0.01111111111111111,0.06666666666666667,0.013333333333333334,0.0034084582258630857,0.023684210526315787,0.01111111111111111,0.06666666666666667,0.013333333333333334,0.0034084582258630857
temporal,test,hybrid,relevance_grade,1,query_intent,Treatment Change / Escalation,16,14,2,0.0625,0.0,0.0,0.0,0.0,0.041666666666666664,0.03571428571428571,0.07142857142857142,0.023809523809523808,0.03276140759689133,0.037500000000000006,0.03571428571428571,0.07142857142857142,0.023809523809523808,0.03276140759689133,0.037500000000000006,0.03571428571428571,0.07142857142857142,0.023809523809523808,0.03276140759689133,0.028125,0.03571428571428571,0.07142857142857142,0.023809523809523808,0.03276140759689133
temporal,test,hybrid,relevance_grade,1,has_context,False,73,59,14,0.0410958904109589,0.0033898305084745766,0.01694915254237288,0.01694915254237288,0.007263922518159806,0.0365296803652968,0.011864406779661016,0.03389830508474576,0.022598870056497175,0.012666464162676236,0.03287671232876712,0.017514124293785308,0.06779661016949153,0.02937853107344633,0.013272890717471467,0.036986301369863014,0.06365348399246705,0.13559322033898305,0.0395682001614205,0.027836717436111266,0.03219178082191781,0.07231638418079096,0.1694915254237288,0.041519582855443694,0.02933793731235018
temporal,test,hybrid,relevance_grade,1,has_context,True,66,51,15,0.015151515151515152,0.0,0.0,0.0,0.0,0.0303030303030303,0.0,0.0,0.0,0.0,0.03030303030303031,0.0024509803921568627,0.0196078431372549,0.00392156862745098,0.003637959751557076,0.025757575757575764,0.0024509803921568627,0.0196078431372549,0.00392156862745098,0.0034035958835378125,0.021212121212121213,0.0024509803921568627,0.0196078431372549,0.00392156862745098,0.0034035958835378125
temporal,test,bonuses_only,relevance_grade,1,query_language,EN,70,52,18,0.02857142857142857,0.0038461538461538464,0.019230769230769232,0.019230769230769232,0.008241758241758242,0.033333333333333326,0.016666666666666666,0.057692307692307696,0.035256410256410256,0.0151849769509647,0.025714285714285714,0.016666666666666666,0.057692307692307696,0.035256410256410256,0.014298081853712074,0.03142857142857143,0.05512820512820513,0.09615384615384616,0.040865384615384616,0.027200814177501812,0.029285714285714283,0.05897435897435897,0.11538461538461539,0.042239010989010985,0.027538062408125865
temporal,test,bonuses_only,relevance_grade,1,query_language,ID,25,20,5,0.04,0.0,0.0,0.0,0.0,0.026666666666666665,0.0,0.0,0.0,0.0,0.04,0.008333333333333333,0.05,0.01,0.0026826332323122,0.036000000000000004,0.008333333333333333,0.05,0.01,0.002556343669397314,0.026000000000000002,0.008333333333333333,0.05,0.01,0.002556343669397314
temporal,test,bonuses_only,relevance_grade,1,query_language,MIXED,44,38,6,0.022727272727272728,0.0,0.0,0.0,0.0,0.0303030303030303,0.0,0.0,0.0,0.0,0.03636363636363637,0.0062134502923976605,0.05263157894736842,0.010526315789473684,0.0055449150134836865,0.029545454545454552,0.0062134502923976605,0.05263157894736842,0.010526315789473684,0.005178494089249061,0.029545454545454552,0.04861111111111111,0.10526315789473684,0.014303701838327876,0.014902044309932297
temporal,test,bonuses_only,relevance_grade,1,query_intent,Comparative Treatment Choice,5,5,0,0.0,0.0,0.0,0.0,0.0,0.06666666666666667,0.0,0.0,0.0,0.0,0.04,0.0,0.0,0.0,0.0,0.02,0.0,0.0,0.0,0.0,0.030000000000000006,0.0,0.0,0.0,0.0
temporal,test,bonuses_only,relevance_grade,1,query_intent,Dosing / Administration,29,22,7,0.034482758620689655,0.0,0.0,0.0,0.0,0.022988505747126436,0.0,0.0,0.0,0.0,0.034482758620689655,0.005681818181818182,0.045454545454545456,0.009090909090909092,0.008433452151336859,0.031034482758620686,0.005681818181818182,0.045454545454545456,0.009090909090909092,0.007890154093655838,0.02931034482758621,0.05113636363636364,0.09090909090909091,0.011483253588516746,0.018407345600917616
temporal,test,bonuses_only,relevance_grade,1,query_intent,Efficacy / Outcomes,6,1,5,0.0,0.0,0.0,0.0,0.0,0.0,0.0,0.0,0.0,0.0,0.0,0.0,0.0,0.0,0.0,0.016666666666666666,0.0,0.0,0.0,0.0,0.016666666666666666,0.0,0.0,0.0,0.0
temporal,test,bonuses_only,relevance_grade,1,query_intent,Guideline / Evidence Lookup,17,12,5,0.0,0.0,0.0,0.0,0.0,0.0196078431372549,0.0,0.0,0.0,0.0,0.023529411764705882,0.0,0.0,0.0,0.0,0.023529411764705882,0.0,0.0,0.0,0.0,0.020588235294117647,0.0,0.0,0.0,0.0
temporal,test,bonuses_only,relevance_grade,1,query_intent,Interaction / Combination,6,6,0,0.0,0.0,0.0,0.0,0.0,0.0,0.0,0.0,0.0,0.0,0.03333333333333333,0.018518518518518517,0.16666666666666666,0.03333333333333333,0.004195137197161532,0.03333333333333333,0.1851851851851852,0.3333333333333333,0.05416666666666667,0.05644404368612744,0.03333333333333333,0.20370370370370372,0.3333333333333333,0.05416666666666667,0.06377983405898423
temporal,test,bonuses_only,relevance_grade,1,query_intent,Management / Treatment Selection,17,13,4,0.11764705882352941,0.015384615384615385,0.07692307692307693,0.07692307692307693,0.03296703296703297,0.11764705882352941,0.02820512820512821,0.15384615384615385,0.11538461538461539,0.025458391930283524,0.07058823529411766,0.02820512820512821,0.15384615384615385,0.11538461538461539,0.02191081154127302,0.047058823529411764,0.02820512820512821,0.15384615384615385,0.11538461538461539,0.02185465899845114,0.03529411764705882,0.04358974358974359,0.23076923076923078,0.12087912087912088,0.023203651920947345
temporal,test,bonuses_only,relevance_grade,1,query_intent,Mechanism / Background Knowledge,7,7,0,0.0,0.0,0.0,0.0,0.0,0.0,0.0,0.0,0.0,0.0,0.05714285714285715,0.0,0.0,0.0,0.0,0.042857142857142864,0.0,0.0,0.0,0.0,0.05714285714285715,0.0,0.0,0.0,0.0
temporal,test,bonuses_only,relevance_grade,1,query_intent,Monitoring / Response / Risk Assessment,9,9,0,0.0,0.0,0.0,0.0,0.0,0.0,0.0,0.0,0.0,0.0,0.0,0.0,0.0,0.0,0.0,0.022222222222222223,0.1111111111111111,0.1111111111111111,0.018518518518518517,0.0395785763453358,0.022222222222222223,0.16666666666666666,0.2222222222222222,0.028619528619528618,0.050034348899676145
temporal,test,bonuses_only,relevance_grade,1,query_intent,Prophylaxis / Maintenance,8,6,2,0.0,0.0,0.0,0.0,0.0,0.0,0.0,0.0,0.0,0.0,0.0,0.0,0.0,0.0,0.0,0.0,0.0,0.0,0.0,0.0,0.0125,0.0,0.0,0.0,0.0
temporal,test,bonuses_only,relevance_grade,1,query_intent,Safety / Contraindication,19,15,4,0.0,0.0,0.0,0.0,0.0,0.017543859649122806,0.0,0.0,0.0,0.0,0.03157894736842106,0.01111111111111111,0.06666666666666667,0.013333333333333334,0.0035768443097495997,0.031578947368421054,0.01111111111111111,0.06666666666666667,0.013333333333333334,0.0034084582258630857,0.02631578947368421,0.01111111111111111,0.06666666666666667,0.013333333333333334,0.0034084582258630857
temporal,test,bonuses_only,relevance_grade,1,query_intent,Treatment Change / Escalation,16,14,2,0.0625,0.0,0.0,0.0,0.0,0.041666666666666664,0.03571428571428571,0.07142857142857142,0.023809523809523808,0.03276140759689133,0.025,0.03571428571428571,0.07142857142857142,0.023809523809523808,0.03276140759689133,0.05,0.03571428571428571,0.07142857142857142,0.023809523809523808,0.03276140759689133,0.034375,0.03571428571428571,0.07142857142857142,0.023809523809523808,0.03276140759689133
temporal,test,bonuses_only,relevance_grade,1,has_context,False,73,59,14,0.0410958904109589,0.0033898305084745766,0.01694915254237288,0.01694915254237288,0.007263922518159806,0.041095890410958895,0.014689265536723162,0.05084745762711865,0.031073446327683614,0.013383369516104481,0.03287671232876712,0.019397363465160074,0.0847457627118644,0.03785310734463277,0.013937690580037982,0.036986301369863014,0.053295668549905834,0.11864406779661017,0.04279661016949152,0.025233366033035193,0.030821917808219176,0.06704331450094163,0.15254237288135594,0.045548095971824784,0.027871562697758156
temporal,test,bonuses_only,relevance_grade,1,has_context,True,66,51,15,0.015151515151515152,0.0,0.0,0.0,0.0,0.0202020202020202,0.0,0.0,0.0,0.0,0.030303030303030304,0.0024509803921568627,0.0196078431372549,0.00392156862745098,0.003637959751557076,0.02575757575757576,0.0024509803921568627,0.0196078431372549,0.00392156862745098,0.0034035958835378125,0.02651515151515152,0.022058823529411766,0.0392156862745098,0.004953560371517028,0.007940423592552698
temporal,test,penalties_only,relevance_grade,1,query_language,EN,70,52,18,0.02857142857142857,0.0038461538461538464,0.019230769230769232,0.019230769230769232,0.008241758241758242,0.033333333333333326,0.016666666666666666,0.057692307692307696,0.035256410256410256,0.0151849769509647,0.025714285714285714,0.016666666666666666,0.057692307692307696,0.035256410256410256,0.014298081853712074,0.03285714285714286,0.05512820512820513,0.09615384615384616,0.040865384615384616,0.027200814177501812,0.027857142857142858,0.05897435897435897,0.11538461538461539,0.042239010989010985,0.027538062408125865
temporal,test,penalties_only,relevance_grade,1,query_language,ID,25,20,5,0.04,0.0,0.0,0.0,0.0,0.026666666666666665,0.0,0.0,0.0,0.0,0.04,0.008333333333333333,0.05,0.01,0.0026826332323122,0.036000000000000004,0.008333333333333333,0.05,0.01,0.002556343669397314,0.032,0.014583333333333332,0.1,0.01263157894736842,0.006963763179083889
temporal,test,penalties_only,relevance_grade,1,query_language,MIXED,44,38,6,0.022727272727272728,0.0,0.0,0.0,0.0,0.03787878787878787,0.0,0.0,0.0,0.0,0.03636363636363637,0.0062134502923976605,0.05263157894736842,0.010526315789473684,0.0055449150134836865,0.029545454545454552,0.0062134502923976605,0.05263157894736842,0.010526315789473684,0.005178494089249061,0.02727272727272728,0.0222953216374269,0.07894736842105263,0.012918660287081342,0.008813143963622847
temporal,test,penalties_only,relevance_grade,1,query_intent,Comparative Treatment Choice,5,5,0,0.0,0.0,0.0,0.0,0.0,0.06666666666666667,0.0,0.0,0.0,0.0,0.04,0.0,0.0,0.0,0.0,0.02,0.0,0.0,0.0,0.0,0.02,0.0,0.0,0.0,0.0
temporal,test,penalties_only,relevance_grade,1,query_intent,Dosing / Administration,29,22,7,0.034482758620689655,0.0,0.0,0.0,0.0,0.022988505747126436,0.0,0.0,0.0,0.0,0.027586206896551727,0.005681818181818182,0.045454545454545456,0.009090909090909092,0.008433452151336859,0.034482758620689655,0.005681818181818182,0.045454545454545456,0.009090909090909092,0.007890154093655838,0.027586206896551727,0.011363636363636364,0.09090909090909091,0.011483253588516746,0.011896899102461816
temporal,test,penalties_only,relevance_grade,1,query_intent,Efficacy / Outcomes,6,1,5,0.0,0.0,0.0,0.0,0.0,0.0,0.0,0.0,0.0,0.0,0.0,0.0,0.0,0.0,0.0,0.016666666666666666,0.0,0.0,0.0,0.0,0.016666666666666666,0.0,0.0,0.0,0.0
temporal,test,penalties_only,relevance_grade,1,query_intent,Guideline / Evidence Lookup,17,12,5,0.0,0.0,0.0,0.0,0.0,0.0392156862745098,0.0,0.0,0.0,0.0,0.03529411764705883,0.0,0.0,0.0,0.0,0.029411764705882353,0.0,0.0,0.0,0.0,0.023529411764705882,0.0,0.0,0.0,0.0
temporal,test,penalties_only,relevance_grade,1,query_intent,Interaction / Combination,6,6,0,0.0,0.0,0.0,0.0,0.0,0.0,0.0,0.0,0.0,0.0,0.03333333333333333,0.018518518518518517,0.16666666666666666,0.03333333333333333,0.004195137197161532,0.03333333333333333,0.1851851851851852,0.3333333333333333,0.05416666666666667,0.05644404368612744,0.03333333333333333,0.20370370370370372,0.3333333333333333,0.05416666666666667,0.06377983405898423
temporal,test,penalties_only,relevance_grade,1,query_intent,Management / Treatment Selection,17,13,4,0.11764705882352941,0.015384615384615385,0.07692307692307693,0.07692307692307693,0.03296703296703297,0.11764705882352941,0.02820512820512821,0.15384615384615385,0.11538461538461539,0.025458391930283524,0.07058823529411766,0.02820512820512821,0.15384615384615385,0.11538461538461539,0.02191081154127302,0.047058823529411764,0.02820512820512821,0.15384615384615385,0.11538461538461539,0.02185465899845114,0.03529411764705882,0.04358974358974359,0.23076923076923078,0.12087912087912088,0.023203651920947345
temporal,test,penalties_only,relevance_grade,1,query_intent,Mechanism / Background Knowledge,7,7,0,0.0,0.0,0.0,0.0,0.0,0.0,0.0,0.0,0.0,0.0,0.05714285714285715,0.0,0.0,0.0,0.0,0.042857142857142864,0.0,0.0,0.0,0.0,0.05714285714285715,0.0,0.0,0.0,0.0
temporal,test,penalties_only,relevance_grade,1,query_intent,Monitoring / Response / Risk Assessment,9,9,0,0.0,0.0,0.0,0.0,0.0,0.0,0.0,0.0,0.0,0.0,0.0,0.0,0.0,0.0,0.0,0.022222222222222223,0.1111111111111111,0.1111111111111111,0.018518518518518517,0.0395785763453358,0.022222222222222223,0.16666666666666666,0.2222222222222222,0.028619528619528618,0.050034348899676145
temporal,test,penalties_only,relevance_grade,1,query_intent,Prophylaxis / Maintenance,8,6,2,0.0,0.0,0.0,0.0,0.0,0.0,0.0,0.0,0.0,0.0,0.0,0.0,0.0,0.0,0.0,0.0,0.0,0.0,0.0,0.0,0.0125,0.0,0.0,0.0,0.0
temporal,test,penalties_only,relevance_grade,1,query_intent,Safety / Contraindication,19,15,4,0.0,0.0,0.0,0.0,0.0,0.017543859649122806,0.0,0.0,0.0,0.0,0.03157894736842106,0.01111111111111111,0.06666666666666667,0.013333333333333334,0.0035768443097495997,0.031578947368421054,0.01111111111111111,0.06666666666666667,0.013333333333333334,0.0034084582258630857,0.028947368421052628,0.01111111111111111,0.06666666666666667,0.013333333333333334,0.0034084582258630857
temporal,test,penalties_only,relevance_grade,1,query_intent,Treatment Change / Escalation,16,14,2,0.0625,0.0,0.0,0.0,0.0,0.041666666666666664,0.03571428571428571,0.07142857142857142,0.023809523809523808,0.03276140759689133,0.025,0.03571428571428571,0.07142857142857142,0.023809523809523808,0.03276140759689133,0.043750000000000004,0.03571428571428571,0.07142857142857142,0.023809523809523808,0.03276140759689133,0.03125,0.03571428571428571,0.07142857142857142,0.023809523809523808,0.03276140759689133
temporal,test,penalties_only,relevance_grade,1,has_context,False,73,59,14,0.0410958904109589,0.0033898305084745766,0.01694915254237288,0.01694915254237288,0.007263922518159806,0.041095890410958895,0.014689265536723162,0.05084745762711865,0.031073446327683614,0.013383369516104481,0.03287671232876712,0.019397363465160074,0.0847457627118644,0.03785310734463277,0.013937690580037982,0.036986301369863014,0.053295668549905834,0.11864406779661017,0.04279661016949152,0.025233366033035193,0.030821917808219176,0.06704331450094163,0.15254237288135594,0.045548095971824784,0.027871562697758156
temporal,test,penalties_only,relevance_grade,1,has_context,True,66,51,15,0.015151515151515152,0.0,0.0,0.0,0.0,0.02525252525252525,0.0,0.0,0.0,0.0,0.030303030303030304,0.0024509803921568627,0.0196078431372549,0.00392156862745098,0.003637959751557076,0.02727272727272728,0.0024509803921568627,0.0196078431372549,0.00392156862745098,0.0034035958835378125,0.02575757575757576,0.004901960784313725,0.0392156862745098,0.004953560371517028,0.005131995691258038
temporal,test,both,relevance_grade,1,query_language,EN,70,52,18,0.02857142857142857,0.003205128205128205,0.019230769230769232,0.019230769230769232,0.002747252747252747,0.033333333333333326,0.016666666666666666,0.057692307692307696,0.03205128205128205,0.01288519930731614,0.02857142857142857,0.016666666666666666,0.057692307692307696,0.03205128205128205,0.012317136101928536,0.030000000000000002,0.05512820512820513,0.09615384615384616,0.03717948717948718,0.024703963364522828,0.030714285714285708,0.05897435897435897,0.11538461538461539,0.038553113553113555,0.02504121159514688
temporal,test,both,relevance_grade,1,query_language,ID,25,20,5,0.04,0.0,0.0,0.0,0.0,0.026666666666666665,0.0,0.0,0.0,0.0,0.04800000000000001,0.008333333333333333,0.05,0.01,0.0026826332323122,0.036000000000000004,0.008333333333333333,0.05,0.01,0.002556343669397314,0.034,0.018333333333333333,0.1,0.01263157894736842,0.005431399644679128
temporal,test,both,relevance_grade,1,query_language,MIXED,44,38,6,0.045454545454545456,0.0,0.0,0.0,0.0,0.022727272727272728,0.0,0.0,0.0,0.0,0.02727272727272727,0.0062134502923976605,0.05263157894736842,0.010526315789473684,0.0055449150134836865,0.029545454545454552,0.0062134502923976605,0.05263157894736842,0.010526315789473684,0.005178494089249061,0.03409090909090909,0.04861111111111111,0.10526315789473684,0.013227146814404433,0.014423955968468837
temporal,test,both,relevance_grade,1,query_intent,Comparative Treatment Choice,5,5,0,0.0,0.0,0.0,0.0,0.0,0.06666666666666667,0.0,0.0,0.0,0.0,0.04,0.0,0.0,0.0,0.0,0.02,0.0,0.0,0.0,0.0,0.030000000000000006,0.0,0.0,0.0,0.0
temporal,test,both,relevance_grade,1,query_intent,Dosing / Administration,29,22,7,0.06896551724137931,0.0,0.0,0.0,0.0,0.022988505747126436,0.0,0.0,0.0,0.0,0.027586206896551727,0.005681818181818182,0.045454545454545456,0.009090909090909092,0.008433452151336859,0.034482758620689655,0.005681818181818182,0.045454545454545456,0.009090909090909092,0.007890154093655838,0.031034482758620693,0.05113636363636364,0.09090909090909091,0.011483253588516746,0.018407345600917616
temporal,test,both,relevance_grade,1,query_intent,Efficacy / Outcomes,6,1,5,0.0,0.0,0.0,0.0,0.0,0.0,0.0,0.0,0.0,0.0,0.0,0.0,0.0,0.0,0.0,0.016666666666666666,0.0,0.0,0.0,0.0,0.016666666666666666,0.0,0.0,0.0,0.0
temporal,test,both,relevance_grade,1,query_intent,Guideline / Evidence Lookup,17,12,5,0.0,0.0,0.0,0.0,0.0,0.0,0.0,0.0,0.0,0.0,0.011764705882352941,0.0,0.0,0.0,0.0,0.023529411764705882,0.0,0.0,0.0,0.0,0.023529411764705882,0.0,0.0,0.0,0.0
temporal,test,both,relevance_grade,1,query_intent,Interaction / Combination,6,6,0,0.0,0.0,0.0,0.0,0.0,0.0,0.0,0.0,0.0,0.0,0.03333333333333333,0.018518518518518517,0.16666666666666666,0.03333333333333333,0.004195137197161532,0.03333333333333333,0.1851851851851852,0.3333333333333333,0.05000000000000001,0.05204403527482063,0.03333333333333333,0.20370370370370372,0.3333333333333333,0.05000000000000001,0.05923475706235465
temporal,test,both,relevance_grade,1,query_intent,Management / Treatment Selection,17,13,4,0.11764705882352941,0.01282051282051282,0.07692307692307693,0.07692307692307693,0.010989010989010988,0.11764705882352941,0.02820512820512821,0.15384615384615385,0.10256410256410256,0.016259281355689277,0.08235294117647059,0.02820512820512821,0.15384615384615385,0.10256410256410256,0.013987028534138865,0.047058823529411764,0.02820512820512821,0.15384615384615385,0.10256410256410256,0.013898028859446037,0.04411764705882353,0.05897435897435898,0.3076923076923077,0.11210719105455948,0.019670184820837343
temporal,test,both,relevance_grade,1,query_intent,Mechanism / Background Knowledge,7,7,0,0.0,0.0,0.0,0.0,0.0,0.0,0.0,0.0,0.0,0.0,0.05714285714285715,0.0,0.0,0.0,0.0,0.042857142857142864,0.0,0.0,0.0,0.0,0.05714285714285715,0.0,0.0,0.0,0.0
temporal,test,both,relevance_grade,1,query_intent,Monitoring / Response / Risk Assessment,9,9,0,0.0,0.0,0.0,0.0,0.0,0.0,0.0,0.0,0.0,0.0,0.0,0.0,0.0,0.0,0.0,0.022222222222222223,0.1111111111111111,0.1111111111111111,0.018518518518518517,0.0395785763453358,0.022222222222222223,0.16666666666666666,0.2222222222222222,0.024074074074074074,0.04811246607037893
temporal,test,both,relevance_grade,1,query_intent,Prophylaxis / Maintenance,8,6,2,0.0,0.0,0.0,0.0,0.0,0.0,0.0,0.0,0.0,0.0,0.0,0.0,0.0,0.0,0.0,0.0,0.0,0.0,0.0,0.0,0.018750000000000003,0.0,0.0,0.0,0.0
temporal,test,both,relevance_grade,1,query_intent,Safety / Contraindication,19,15,4,0.0,0.0,0.0,0.0,0.0,0.017543859649122806,0.0,0.0,0.0,0.0,0.03157894736842106,0.01111111111111111,0.06666666666666667,0.013333333333333334,0.0035768443097495997,0.031578947368421054,0.01111111111111111,0.06666666666666667,0.013333333333333334,0.0034084582258630857,0.034210526315789476,0.01111111111111111,0.06666666666666667,0.013333333333333334,0.0034084582258630857
temporal,test,both,relevance_grade,1,query_intent,Treatment Change / Escalation,16,14,2,0.0625,0.0,0.0,0.0,0.0,0.041666666666666664,0.03571428571428571,0.07142857142857142,0.023809523809523808,0.03276140759689133,0.037500000000000006,0.03571428571428571,0.07142857142857142,0.023809523809523808,0.03276140759689133,0.037500000000000006,0.03571428571428571,0.07142857142857142,0.023809523809523808,0.03276140759689133,0.037500000000000006,0.03571428571428571,0.07142857142857142,0.023809523809523808,0.03276140759689133
temporal,test,both,relevance_grade,1,has_context,False,73,59,14,0.0410958904109589,0.002824858757062147,0.01694915254237288,0.01694915254237288,0.0024213075060532684,0.041095890410958895,0.014689265536723162,0.05084745762711865,0.028248587570621465,0.011356446847126089,0.038356164383561646,0.019397363465160074,0.0847457627118644,0.035028248587570615,0.012191772290330458,0.03424657534246575,0.053295668549905834,0.11864406779661017,0.03954802259887005,0.023032751757189312,0.03561643835616438,0.07043314500941619,0.1694915254237288,0.04249819463914022,0.026337622363099125
temporal,test,both,relevance_grade,1,has_context,True,66,51,15,0.030303030303030304,0.0,0.0,0.0,0.0,0.015151515151515152,0.0,0.0,0.0,0.0,0.024242424242424242,0.0024509803921568627,0.0196078431372549,0.00392156862745098,0.003637959751557076,0.02727272727272728,0.0024509803921568627,0.0196078431372549,0.00392156862745098,0.0034035958835378125,0.02878787878787879,0.022058823529411766,0.0392156862745098,0.004953560371517028,0.007940423592552698
temporal,test,both_minus_entity_bonus,relevance_grade,1,query_language,EN,70,52,18,0.02857142857142857,0.0038461538461538464,0.019230769230769232,0.019230769230769232,0.008241758241758242,0.033333333333333326,0.016666666666666666,0.057692307692307696,0.035256410256410256,0.0151849769509647,0.025714285714285714,0.016666666666666666,0.057692307692307696,0.035256410256410256,0.014298081853712074,0.03142857142857143,0.05512820512820513,0.09615384615384616,0.040865384615384616,0.027200814177501812,0.029285714285714283,0.05897435897435897,0.11538461538461539,0.042239010989010985,0.027538062408125865
temporal,test,both_minus_entity_bonus,relevance_grade,1,query_language,ID,25,20,5,0.04,0.0,0.0,0.0,0.0,0.026666666666666665,0.0,0.0,0.0,0.0,0.04,0.008333333333333333,0.05,0.01,0.0026826332323122,0.036000000000000004,0.008333333333333333,0.05,0.01,0.002556343669397314,0.026000000000000002,0.008333333333333333,0.05,0.01,0.002556343669397314
temporal,test,both_minus_entity_bonus,relevance_grade,1,query_language,MIXED,44,38,6,0.022727272727272728,0.0,0.0,0.0,0.0,0.0303030303030303,0.0,0.0,0.0,0.0,0.03636363636363637,0.0062134502923976605,0.05263157894736842,0.010526315789473684,0.0055449150134836865,0.029545454545454552,0.0062134502923976605,0.05263157894736842,0.010526315789473684,0.005178494089249061,0.029545454545454552,0.04861111111111111,0.10526315789473684,0.014303701838327876,0.014902044309932297
temporal,test,both_minus_entity_bonus,relevance_grade,1,query_intent,Comparative Treatment Choice,5,5,0,0.0,0.0,0.0,0.0,0.0,0.06666666666666667,0.0,0.0,0.0,0.0,0.04,0.0,0.0,0.0,0.0,0.02,0.0,0.0,0.0,0.0,0.030000000000000006,0.0,0.0,0.0,0.0
temporal,test,both_minus_entity_bonus,relevance_grade,1,query_intent,Dosing / Administration,29,22,7,0.034482758620689655,0.0,0.0,0.0,0.0,0.022988505747126436,0.0,0.0,0.0,0.0,0.034482758620689655,0.005681818181818182,0.045454545454545456,0.009090909090909092,0.008433452151336859,0.031034482758620686,0.005681818181818182,0.045454545454545456,0.009090909090909092,0.007890154093655838,0.02931034482758621,0.05113636363636364,0.09090909090909091,0.011483253588516746,0.018407345600917616
temporal,test,both_minus_entity_bonus,relevance_grade,1,query_intent,Efficacy / Outcomes,6,1,5,0.0,0.0,0.0,0.0,0.0,0.0,0.0,0.0,0.0,0.0,0.0,0.0,0.0,0.0,0.0,0.016666666666666666,0.0,0.0,0.0,0.0,0.016666666666666666,0.0,0.0,0.0,0.0
temporal,test,both_minus_entity_bonus,relevance_grade,1,query_intent,Guideline / Evidence Lookup,17,12,5,0.0,0.0,0.0,0.0,0.0,0.0196078431372549,0.0,0.0,0.0,0.0,0.023529411764705882,0.0,0.0,0.0,0.0,0.023529411764705882,0.0,0.0,0.0,0.0,0.020588235294117647,0.0,0.0,0.0,0.0
temporal,test,both_minus_entity_bonus,relevance_grade,1,query_intent,Interaction / Combination,6,6,0,0.0,0.0,0.0,0.0,0.0,0.0,0.0,0.0,0.0,0.0,0.03333333333333333,0.018518518518518517,0.16666666666666666,0.03333333333333333,0.004195137197161532,0.03333333333333333,0.1851851851851852,0.3333333333333333,0.05416666666666667,0.05644404368612744,0.03333333333333333,0.20370370370370372,0.3333333333333333,0.05416666666666667,0.06377983405898423
temporal,test,both_minus_entity_bonus,relevance_grade,1,query_intent,Management / Treatment Selection,17,13,4,0.11764705882352941,0.015384615384615385,0.07692307692307693,0.07692307692307693,0.03296703296703297,0.11764705882352941,0.02820512820512821,0.15384615384615385,0.11538461538461539,0.025458391930283524,0.07058823529411766,0.02820512820512821,0.15384615384615385,0.11538461538461539,0.02191081154127302,0.047058823529411764,0.02820512820512821,0.15384615384615385,0.11538461538461539,0.02185465899845114,0.03529411764705882,0.04358974358974359,0.23076923076923078,0.12087912087912088,0.023203651920947345
temporal,test,both_minus_entity_bonus,relevance_grade,1,query_intent,Mechanism / Background Knowledge,7,7,0,0.0,0.0,0.0,0.0,0.0,0.0,0.0,0.0,0.0,0.0,0.05714285714285715,0.0,0.0,0.0,0.0,0.042857142857142864,0.0,0.0,0.0,0.0,0.05714285714285715,0.0,0.0,0.0,0.0
temporal,test,both_minus_entity_bonus,relevance_grade,1,query_intent,Monitoring / Response / Risk Assessment,9,9,0,0.0,0.0,0.0,0.0,0.0,0.0,0.0,0.0,0.0,0.0,0.0,0.0,0.0,0.0,0.0,0.022222222222222223,0.1111111111111111,0.1111111111111111,0.018518518518518517,0.0395785763453358,0.022222222222222223,0.16666666666666666,0.2222222222222222,0.028619528619528618,0.050034348899676145
temporal,test,both_minus_entity_bonus,relevance_grade,1,query_intent,Prophylaxis / Maintenance,8,6,2,0.0,0.0,0.0,0.0,0.0,0.0,0.0,0.0,0.0,0.0,0.0,0.0,0.0,0.0,0.0,0.0,0.0,0.0,0.0,0.0,0.0125,0.0,0.0,0.0,0.0
temporal,test,both_minus_entity_bonus,relevance_grade,1,query_intent,Safety / Contraindication,19,15,4,0.0,0.0,0.0,0.0,0.0,0.017543859649122806,0.0,0.0,0.0,0.0,0.03157894736842106,0.01111111111111111,0.06666666666666667,0.013333333333333334,0.0035768443097495997,0.031578947368421054,0.01111111111111111,0.06666666666666667,0.013333333333333334,0.0034084582258630857,0.02631578947368421,0.01111111111111111,0.06666666666666667,0.013333333333333334,0.0034084582258630857
temporal,test,both_minus_entity_bonus,relevance_grade,1,query_intent,Treatment Change / Escalation,16,14,2,0.0625,0.0,0.0,0.0,0.0,0.041666666666666664,0.03571428571428571,0.07142857142857142,0.023809523809523808,0.03276140759689133,0.025,0.03571428571428571,0.07142857142857142,0.023809523809523808,0.03276140759689133,0.05,0.03571428571428571,0.07142857142857142,0.023809523809523808,0.03276140759689133,0.034375,0.03571428571428571,0.07142857142857142,0.023809523809523808,0.03276140759689133
temporal,test,both_minus_entity_bonus,relevance_grade,1,has_context,False,73,59,14,0.0410958904109589,0.0033898305084745766,0.01694915254237288,0.01694915254237288,0.007263922518159806,0.041095890410958895,0.014689265536723162,0.05084745762711865,0.031073446327683614,0.013383369516104481,0.03287671232876712,0.019397363465160074,0.0847457627118644,0.03785310734463277,0.013937690580037982,0.036986301369863014,0.053295668549905834,0.11864406779661017,0.04279661016949152,0.025233366033035193,0.030821917808219176,0.06704331450094163,0.15254237288135594,0.045548095971824784,0.027871562697758156
temporal,test,both_minus_entity_bonus,relevance_grade,1,has_context,True,66,51,15,0.015151515151515152,0.0,0.0,0.0,0.0,0.0202020202020202,0.0,0.0,0.0,0.0,0.030303030303030304,0.0024509803921568627,0.0196078431372549,0.00392156862745098,0.003637959751557076,0.02575757575757576,0.0024509803921568627,0.0196078431372549,0.00392156862745098,0.0034035958835378125,0.02651515151515152,0.022058823529411766,0.0392156862745098,0.004953560371517028,0.007940423592552698
temporal,test,both_minus_entity_penalty,relevance_grade,1,query_language,EN,70,52,18,0.02857142857142857,0.0038461538461538464,0.019230769230769232,0.019230769230769232,0.008241758241758242,0.033333333333333326,0.016666666666666666,0.057692307692307696,0.035256410256410256,0.0151849769509647,0.025714285714285714,0.016666666666666666,0.057692307692307696,0.035256410256410256,0.014298081853712074,0.03142857142857143,0.05512820512820513,0.09615384615384616,0.040865384615384616,0.027200814177501812,0.029285714285714283,0.05897435897435897,0.11538461538461539,0.042239010989010985,0.027538062408125865
temporal,test,both_minus_entity_penalty,relevance_grade,1,query_language,ID,25,20,5,0.04,0.0,0.0,0.0,0.0,0.026666666666666665,0.0,0.0,0.0,0.0,0.04,0.008333333333333333,0.05,0.01,0.0026826332323122,0.036000000000000004,0.008333333333333333,0.05,0.01,0.002556343669397314,0.026000000000000002,0.008333333333333333,0.05,0.01,0.002556343669397314
temporal,test,both_minus_entity_penalty,relevance_grade,1,query_language,MIXED,44,38,6,0.022727272727272728,0.0,0.0,0.0,0.0,0.0303030303030303,0.0,0.0,0.0,0.0,0.03636363636363637,0.0062134502923976605,0.05263157894736842,0.010526315789473684,0.0055449150134836865,0.029545454545454552,0.0062134502923976605,0.05263157894736842,0.010526315789473684,0.005178494089249061,0.029545454545454552,0.04861111111111111,0.10526315789473684,0.014303701838327876,0.014902044309932297
temporal,test,both_minus_entity_penalty,relevance_grade,1,query_intent,Comparative Treatment Choice,5,5,0,0.0,0.0,0.0,0.0,0.0,0.06666666666666667,0.0,0.0,0.0,0.0,0.04,0.0,0.0,0.0,0.0,0.02,0.0,0.0,0.0,0.0,0.030000000000000006,0.0,0.0,0.0,0.0
temporal,test,both_minus_entity_penalty,relevance_grade,1,query_intent,Dosing / Administration,29,22,7,0.034482758620689655,0.0,0.0,0.0,0.0,0.022988505747126436,0.0,0.0,0.0,0.0,0.034482758620689655,0.005681818181818182,0.045454545454545456,0.009090909090909092,0.008433452151336859,0.031034482758620686,0.005681818181818182,0.045454545454545456,0.009090909090909092,0.007890154093655838,0.02931034482758621,0.05113636363636364,0.09090909090909091,0.011483253588516746,0.018407345600917616
temporal,test,both_minus_entity_penalty,relevance_grade,1,query_intent,Efficacy / Outcomes,6,1,5,0.0,0.0,0.0,0.0,0.0,0.0,0.0,0.0,0.0,0.0,0.0,0.0,0.0,0.0,0.0,0.016666666666666666,0.0,0.0,0.0,0.0,0.016666666666666666,0.0,0.0,0.0,0.0
temporal,test,both_minus_entity_penalty,relevance_grade,1,query_intent,Guideline / Evidence Lookup,17,12,5,0.0,0.0,0.0,0.0,0.0,0.0196078431372549,0.0,0.0,0.0,0.0,0.023529411764705882,0.0,0.0,0.0,0.0,0.023529411764705882,0.0,0.0,0.0,0.0,0.020588235294117647,0.0,0.0,0.0,0.0
temporal,test,both_minus_entity_penalty,relevance_grade,1,query_intent,Interaction / Combination,6,6,0,0.0,0.0,0.0,0.0,0.0,0.0,0.0,0.0,0.0,0.0,0.03333333333333333,0.018518518518518517,0.16666666666666666,0.03333333333333333,0.004195137197161532,0.03333333333333333,0.1851851851851852,0.3333333333333333,0.05416666666666667,0.05644404368612744,0.03333333333333333,0.20370370370370372,0.3333333333333333,0.05416666666666667,0.06377983405898423
temporal,test,both_minus_entity_penalty,relevance_grade,1,query_intent,Management / Treatment Selection,17,13,4,0.11764705882352941,0.015384615384615385,0.07692307692307693,0.07692307692307693,0.03296703296703297,0.11764705882352941,0.02820512820512821,0.15384615384615385,0.11538461538461539,0.025458391930283524,0.07058823529411766,0.02820512820512821,0.15384615384615385,0.11538461538461539,0.02191081154127302,0.047058823529411764,0.02820512820512821,0.15384615384615385,0.11538461538461539,0.02185465899845114,0.03529411764705882,0.04358974358974359,0.23076923076923078,0.12087912087912088,0.023203651920947345
temporal,test,both_minus_entity_penalty,relevance_grade,1,query_intent,Mechanism / Background Knowledge,7,7,0,0.0,0.0,0.0,0.0,0.0,0.0,0.0,0.0,0.0,0.0,0.05714285714285715,0.0,0.0,0.0,0.0,0.042857142857142864,0.0,0.0,0.0,0.0,0.05714285714285715,0.0,0.0,0.0,0.0
temporal,test,both_minus_entity_penalty,relevance_grade,1,query_intent,Monitoring / Response / Risk Assessment,9,9,0,0.0,0.0,0.0,0.0,0.0,0.0,0.0,0.0,0.0,0.0,0.0,0.0,0.0,0.0,0.0,0.022222222222222223,0.1111111111111111,0.1111111111111111,0.018518518518518517,0.0395785763453358,0.022222222222222223,0.16666666666666666,0.2222222222222222,0.028619528619528618,0.050034348899676145
temporal,test,both_minus_entity_penalty,relevance_grade,1,query_intent,Prophylaxis / Maintenance,8,6,2,0.0,0.0,0.0,0.0,0.0,0.0,0.0,0.0,0.0,0.0,0.0,0.0,0.0,0.0,0.0,0.0,0.0,0.0,0.0,0.0,0.0125,0.0,0.0,0.0,0.0
temporal,test,both_minus_entity_penalty,relevance_grade,1,query_intent,Safety / Contraindication,19,15,4,0.0,0.0,0.0,0.0,0.0,0.017543859649122806,0.0,0.0,0.0,0.0,0.03157894736842106,0.01111111111111111,0.06666666666666667,0.013333333333333334,0.0035768443097495997,0.031578947368421054,0.01111111111111111,0.06666666666666667,0.013333333333333334,0.0034084582258630857,0.02631578947368421,0.01111111111111111,0.06666666666666667,0.013333333333333334,0.0034084582258630857
temporal,test,both_minus_entity_penalty,relevance_grade,1,query_intent,Treatment Change / Escalation,16,14,2,0.0625,0.0,0.0,0.0,0.0,0.041666666666666664,0.03571428571428571,0.07142857142857142,0.023809523809523808,0.03276140759689133,0.025,0.03571428571428571,0.07142857142857142,0.023809523809523808,0.03276140759689133,0.05,0.03571428571428571,0.07142857142857142,0.023809523809523808,0.03276140759689133,0.034375,0.03571428571428571,0.07142857142857142,0.023809523809523808,0.03276140759689133
temporal,test,both_minus_entity_penalty,relevance_grade,1,has_context,False,73,59,14,0.0410958904109589,0.0033898305084745766,0.01694915254237288,0.01694915254237288,0.007263922518159806,0.041095890410958895,0.014689265536723162,0.05084745762711865,0.031073446327683614,0.013383369516104481,0.03287671232876712,0.019397363465160074,0.0847457627118644,0.03785310734463277,0.013937690580037982,0.036986301369863014,0.053295668549905834,0.11864406779661017,0.04279661016949152,0.025233366033035193,0.030821917808219176,0.06704331450094163,0.15254237288135594,0.045548095971824784,0.027871562697758156
temporal,test,both_minus_entity_penalty,relevance_grade,1,has_context,True,66,51,15,0.015151515151515152,0.0,0.0,0.0,0.0,0.0202020202020202,0.0,0.0,0.0,0.0,0.030303030303030304,0.0024509803921568627,0.0196078431372549,0.00392156862745098,0.003637959751557076,0.02575757575757576,0.0024509803921568627,0.0196078431372549,0.00392156862745098,0.0034035958835378125,0.02651515151515152,0.022058823529411766,0.0392156862745098,0.004953560371517028,0.007940423592552698
temporal,test,both_minus_context_bonus,relevance_grade,1,query_language,EN,70,52,18,0.02857142857142857,0.003205128205128205,0.019230769230769232,0.019230769230769232,0.002747252747252747,0.033333333333333326,0.016666666666666666,0.057692307692307696,0.03205128205128205,0.01288519930731614,0.03142857142857143,0.016666666666666666,0.057692307692307696,0.03205128205128205,0.012317136101928536,0.02857142857142857,0.05512820512820513,0.09615384615384616,0.03717948717948718,0.024703963364522828,0.02857142857142857,0.061721611721611724,0.1346153846153846,0.03951465201465201,0.02530227298862007
temporal,test,both_minus_context_bonus,relevance_grade,1,query_language,ID,25,20,5,0.04,0.0,0.0,0.0,0.0,0.026666666666666665,0.0,0.0,0.0,0.0,0.04800000000000001,0.008333333333333333,0.05,0.01,0.0026826332323122,0.04,0.014583333333333332,0.1,0.015000000000000003,0.008062609525975364,0.036000000000000004,0.024583333333333332,0.15,0.017631578947368422,0.010937665501257177
temporal,test,both_minus_context_bonus,relevance_grade,1,query_language,MIXED,44,38,6,0.022727272727272728,0.0,0.0,0.0,0.0,0.0303030303030303,0.0,0.0,0.0,0.0,0.03181818181818182,0.0062134502923976605,0.05263157894736842,0.010526315789473684,0.0055449150134836865,0.02727272727272728,0.0062134502923976605,0.05263157894736842,0.010526315789473684,0.005178494089249061,0.030681818181818185,0.0222953216374269,0.07894736842105263,0.011842105263157895,0.008335055622159386
temporal,test,both_minus_context_bonus,relevance_grade,1,query_intent,Comparative Treatment Choice,5,5,0,0.0,0.0,0.0,0.0,0.0,0.06666666666666667,0.0,0.0,0.0,0.0,0.04,0.0,0.0,0.0,0.0,0.02,0.0,0.0,0.0,0.0,0.02,0.0,0.0,0.0,0.0
temporal,test,both_minus_context_bonus,relevance_grade,1,query_intent,Dosing / Administration,29,22,7,0.034482758620689655,0.0,0.0,0.0,0.0,0.022988505747126436,0.0,0.0,0.0,0.0,0.034482758620689655,0.005681818181818182,0.045454545454545456,0.009090909090909092,0.008433452151336859,0.034482758620689655,0.011363636363636364,0.09090909090909091,0.01363636363636364,0.012895850326908613,0.02586206896551724,0.017857142857142856,0.13636363636363635,0.01590909090909091,0.013512904529663418
temporal,test,both_minus_context_bonus,relevance_grade,1,query_intent,Efficacy / Outcomes,6,1,5,0.0,0.0,0.0,0.0,0.0,0.0,0.0,0.0,0.0,0.0,0.0,0.0,0.0,0.0,0.0,0.016666666666666666,0.0,0.0,0.0,0.0,0.016666666666666666,0.0,0.0,0.0,0.0
temporal,test,both_minus_context_bonus,relevance_grade,1,query_intent,Guideline / Evidence Lookup,17,12,5,0.0,0.0,0.0,0.0,0.0,0.0196078431372549,0.0,0.0,0.0,0.0,0.023529411764705882,0.0,0.0,0.0,0.0,0.023529411764705882,0.0,0.0,0.0,0.0,0.023529411764705882,0.0,0.0,0.0,0.0
temporal,test,both_minus_context_bonus,relevance_grade,1,query_intent,Interaction / Combination,6,6,0,0.0,0.0,0.0,0.0,0.0,0.0,0.0,0.0,0.0,0.0,0.03333333333333333,0.018518518518518517,0.16666666666666666,0.03333333333333333,0.004195137197161532,0.03333333333333333,0.1851851851851852,0.3333333333333333,0.05000000000000001,0.05204403527482063,0.03333333333333333,0.20370370370370372,0.3333333333333333,0.05000000000000001,0.05923475706235465
temporal,test,both_minus_context_bonus,relevance_grade,1,query_intent,Management / Treatment Selection,17,13,4,0.11764705882352941,0.01282051282051282,0.07692307692307693,0.07692307692307693,0.010989010989010988,0.11764705882352941,0.02820512820512821,0.15384615384615385,0.10256410256410256,0.016259281355689277,0.08235294117647059,0.02820512820512821,0.15384615384615385,0.10256410256410256,0.013987028534138865,0.047058823529411764,0.02820512820512821,0.15384615384615385,0.10256410256410256,0.013898028859446037,0.04411764705882353,0.05897435897435898,0.3076923076923077,0.11210719105455948,0.019670184820837343
temporal,test,both_minus_context_bonus,relevance_grade,1,query_intent,Mechanism / Background Knowledge,7,7,0,0.0,0.0,0.0,0.0,0.0,0.0,0.0,0.0,0.0,0.0,0.05714285714285715,0.0,0.0,0.0,0.0,0.042857142857142864,0.0,0.0,0.0,0.0,0.05714285714285715,0.0,0.0,0.0,0.0
temporal,test,both_minus_context_bonus,relevance_grade,1,query_intent,Monitoring / Response / Risk Assessment,9,9,0,0.0,0.0,0.0,0.0,0.0,0.0,0.0,0.0,0.0,0.0,0.0,0.0,0.0,0.0,0.0,0.022222222222222223,0.1111111111111111,0.1111111111111111,0.018518518518518517,0.0395785763453358,0.022222222222222223,0.16666666666666666,0.2222222222222222,0.024074074074074074,0.04811246607037893
temporal,test,both_minus_context_bonus,relevance_grade,1,query_intent,Prophylaxis / Maintenance,8,6,2,0.0,0.0,0.0,0.0,0.0,0.0,0.0,0.0,0.0,0.0,0.0,0.0,0.0,0.0,0.0,0.0,0.0,0.0,0.0,0.0,0.018750000000000003,0.0,0.0,0.0,0.0
temporal,test,both_minus_context_bonus,relevance_grade,1,query_intent,Safety / Contraindication,19,15,4,0.0,0.0,0.0,0.0,0.0,0.017543859649122806,0.0,0.0,0.0,0.0,0.03157894736842106,0.01111111111111111,0.06666666666666667,0.013333333333333334,0.0035768443097495997,0.031578947368421054,0.01111111111111111,0.06666666666666667,0.013333333333333334,0.0034084582258630857,0.03684210526315789,0.01111111111111111,0.06666666666666667,0.013333333333333334,0.0034084582258630857
temporal,test,both_minus_context_bonus,relevance_grade,1,query_intent,Treatment Change / Escalation,16,14,2,0.0625,0.0,0.0,0.0,0.0,0.041666666666666664,0.03571428571428571,0.07142857142857142,0.023809523809523808,0.03276140759689133,0.037500000000000006,0.03571428571428571,0.07142857142857142,0.023809523809523808,0.03276140759689133,0.03125,0.03571428571428571,0.07142857142857142,0.023809523809523808,0.03276140759689133,0.03125,0.03571428571428571,0.07142857142857142,0.023809523809523808,0.03276140759689133
temporal,test,both_minus_context_bonus,relevance_grade,1,has_context,False,73,59,14,0.0410958904109589,0.002824858757062147,0.01694915254237288,0.01694915254237288,0.0024213075060532684,0.041095890410958895,0.014689265536723162,0.05084745762711865,0.028248587570621465,0.011356446847126089,0.038356164383561646,0.019397363465160074,0.0847457627118644,0.035028248587570615,0.012191772290330458,0.03424657534246575,0.053295668549905834,0.11864406779661017,0.03954802259887005,0.023032751757189312,0.03561643835616438,0.07043314500941619,0.1694915254237288,0.04249819463914022,0.026337622363099125
temporal,test,both_minus_context_bonus,relevance_grade,1,has_context,True,66,51,15,0.015151515151515152,0.0,0.0,0.0,0.0,0.0202020202020202,0.0,0.0,0.0,0.0,0.030303030303030304,0.0024509803921568627,0.0196078431372549,0.00392156862745098,0.003637959751557076,0.02575757575757576,0.004901960784313725,0.0392156862745098,0.005882352941176471,0.005562915827293911,0.025,0.007703081232492997,0.058823529411764705,0.006862745098039216,0.005829096071619513
temporal,test,both_minus_context_penalty,relevance_grade,1,query_language,EN,70,52,18,0.02857142857142857,0.003205128205128205,0.019230769230769232,0.019230769230769232,0.002747252747252747,0.033333333333333326,0.016666666666666666,0.057692307692307696,0.03205128205128205,0.01288519930731614,0.02857142857142857,0.016666666666666666,0.057692307692307696,0.03205128205128205,0.012317136101928536,0.030000000000000002,0.05512820512820513,0.09615384615384616,0.03717948717948718,0.024703963364522828,0.030714285714285708,0.05897435897435897,0.11538461538461539,0.038553113553113555,0.02504121159514688
temporal,test,both_minus_context_penalty,relevance_grade,1,query_language,ID,25,20,5,0.04,0.0,0.0,0.0,0.0,0.026666666666666665,0.0,0.0,0.0,0.0,0.04800000000000001,0.008333333333333333,0.05,0.01,0.0026826332323122,0.036000000000000004,0.008333333333333333,0.05,0.01,0.002556343669397314,0.034,0.018333333333333333,0.1,0.01263157894736842,0.005431399644679128
temporal,test,both_minus_context_penalty,relevance_grade,1,query_language,MIXED,44,38,6,0.045454545454545456,0.0,0.0,0.0,0.0,0.022727272727272728,0.0,0.0,0.0,0.0,0.02727272727272727,0.0062134502923976605,0.05263157894736842,0.010526315789473684,0.0055449150134836865,0.029545454545454552,0.0062134502923976605,0.05263157894736842,0.010526315789473684,0.005178494089249061,0.03409090909090909,0.04861111111111111,0.10526315789473684,0.013227146814404433,0.014423955968468837
temporal,test,both_minus_context_penalty,relevance_grade,1,query_intent,Comparative Treatment Choice,5,5,0,0.0,0.0,0.0,0.0,0.0,0.06666666666666667,0.0,0.0,0.0,0.0,0.04,0.0,0.0,0.0,0.0,0.02,0.0,0.0,0.0,0.0,0.030000000000000006,0.0,0.0,0.0,0.0
temporal,test,both_minus_context_penalty,relevance_grade,1,query_intent,Dosing / Administration,29,22,7,0.06896551724137931,0.0,0.0,0.0,0.0,0.022988505747126436,0.0,0.0,0.0,0.0,0.027586206896551727,0.005681818181818182,0.045454545454545456,0.009090909090909092,0.008433452151336859,0.034482758620689655,0.005681818181818182,0.045454545454545456,0.009090909090909092,0.007890154093655838,0.031034482758620693,0.05113636363636364,0.09090909090909091,0.011483253588516746,0.018407345600917616
temporal,test,both_minus_context_penalty,relevance_grade,1,query_intent,Efficacy / Outcomes,6,1,5,0.0,0.0,0.0,0.0,0.0,0.0,0.0,0.0,0.0,0.0,0.0,0.0,0.0,0.0,0.0,0.016666666666666666,0.0,0.0,0.0,0.0,0.016666666666666666,0.0,0.0,0.0,0.0
temporal,test,both_minus_context_penalty,relevance_grade,1,query_intent,Guideline / Evidence Lookup,17,12,5,0.0,0.0,0.0,0.0,0.0,0.0,0.0,0.0,0.0,0.0,0.011764705882352941,0.0,0.0,0.0,0.0,0.023529411764705882,0.0,0.0,0.0,0.0,0.023529411764705882,0.0,0.0,0.0,0.0
temporal,test,both_minus_context_penalty,relevance_grade,1,query_intent,Interaction / Combination,6,6,0,0.0,0.0,0.0,0.0,0.0,0.0,0.0,0.0,0.0,0.0,0.03333333333333333,0.018518518518518517,0.16666666666666666,0.03333333333333333,0.004195137197161532,0.03333333333333333,0.1851851851851852,0.3333333333333333,0.05000000000000001,0.05204403527482063,0.03333333333333333,0.20370370370370372,0.3333333333333333,0.05000000000000001,0.05923475706235465
temporal,test,both_minus_context_penalty,relevance_grade,1,query_intent,Management / Treatment Selection,17,13,4,0.11764705882352941,0.01282051282051282,0.07692307692307693,0.07692307692307693,0.010989010989010988,0.11764705882352941,0.02820512820512821,0.15384615384615385,0.10256410256410256,0.016259281355689277,0.08235294117647059,0.02820512820512821,0.15384615384615385,0.10256410256410256,0.013987028534138865,0.047058823529411764,0.02820512820512821,0.15384615384615385,0.10256410256410256,0.013898028859446037,0.04411764705882353,0.05897435897435898,0.3076923076923077,0.11210719105455948,0.019670184820837343
temporal,test,both_minus_context_penalty,relevance_grade,1,query_intent,Mechanism / Background Knowledge,7,7,0,0.0,0.0,0.0,0.0,0.0,0.0,0.0,0.0,0.0,0.0,0.05714285714285715,0.0,0.0,0.0,0.0,0.042857142857142864,0.0,0.0,0.0,0.0,0.05714285714285715,0.0,0.0,0.0,0.0
temporal,test,both_minus_context_penalty,relevance_grade,1,query_intent,Monitoring / Response / Risk Assessment,9,9,0,0.0,0.0,0.0,0.0,0.0,0.0,0.0,0.0,0.0,0.0,0.0,0.0,0.0,0.0,0.0,0.022222222222222223,0.1111111111111111,0.1111111111111111,0.018518518518518517,0.0395785763453358,0.022222222222222223,0.16666666666666666,0.2222222222222222,0.024074074074074074,0.04811246607037893
temporal,test,both_minus_context_penalty,relevance_grade,1,query_intent,Prophylaxis / Maintenance,8,6,2,0.0,0.0,0.0,0.0,0.0,0.0,0.0,0.0,0.0,0.0,0.0,0.0,0.0,0.0,0.0,0.0,0.0,0.0,0.0,0.0,0.018750000000000003,0.0,0.0,0.0,0.0
temporal,test,both_minus_context_penalty,relevance_grade,1,query_intent,Safety / Contraindication,19,15,4,0.0,0.0,0.0,0.0,0.0,0.017543859649122806,0.0,0.0,0.0,0.0,0.03157894736842106,0.01111111111111111,0.06666666666666667,0.013333333333333334,0.0035768443097495997,0.031578947368421054,0.01111111111111111,0.06666666666666667,0.013333333333333334,0.0034084582258630857,0.034210526315789476,0.01111111111111111,0.06666666666666667,0.013333333333333334,0.0034084582258630857
temporal,test,both_minus_context_penalty,relevance_grade,1,query_intent,Treatment Change / Escalation,16,14,2,0.0625,0.0,0.0,0.0,0.0,0.041666666666666664,0.03571428571428571,0.07142857142857142,0.023809523809523808,0.03276140759689133,0.037500000000000006,0.03571428571428571,0.07142857142857142,0.023809523809523808,0.03276140759689133,0.037500000000000006,0.03571428571428571,0.07142857142857142,0.023809523809523808,0.03276140759689133,0.037500000000000006,0.03571428571428571,0.07142857142857142,0.023809523809523808,0.03276140759689133
temporal,test,both_minus_context_penalty,relevance_grade,1,has_context,False,73,59,14,0.0410958904109589,0.002824858757062147,0.01694915254237288,0.01694915254237288,0.0024213075060532684,0.041095890410958895,0.014689265536723162,0.05084745762711865,0.028248587570621465,0.011356446847126089,0.038356164383561646,0.019397363465160074,0.0847457627118644,0.035028248587570615,0.012191772290330458,0.03424657534246575,0.053295668549905834,0.11864406779661017,0.03954802259887005,0.023032751757189312,0.03561643835616438,0.07043314500941619,0.1694915254237288,0.04249819463914022,0.026337622363099125
temporal,test,both_minus_context_penalty,relevance_grade,1,has_context,True,66,51,15,0.030303030303030304,0.0,0.0,0.0,0.0,0.015151515151515152,0.0,0.0,0.0,0.0,0.024242424242424242,0.0024509803921568627,0.0196078431372549,0.00392156862745098,0.003637959751557076,0.02727272727272728,0.0024509803921568627,0.0196078431372549,0.00392156862745098,0.0034035958835378125,0.02878787878787879,0.022058823529411766,0.0392156862745098,0.004953560371517028,0.007940423592552698
temporal,test,fixed_bonuses,relevance_grade,1,query_language,EN,70,52,18,0.02857142857142857,0.0038461538461538464,0.019230769230769232,0.019230769230769232,0.008241758241758242,0.033333333333333326,0.016666666666666666,0.057692307692307696,0.03205128205128205,0.015016178742298526,0.03142857142857143,0.035897435897435895,0.07692307692307693,0.035897435897435895,0.02159259571100167,0.030000000000000002,0.05512820512820513,0.09615384615384616,0.038301282051282054,0.027648102997544464,0.027857142857142858,0.06282051282051282,0.1346153846153846,0.04059547908232119,0.028528759899614807
temporal,test,fixed_bonuses,relevance_grade,1,query_language,ID,25,20,5,0.04,0.0,0.0,0.0,0.0,0.026666666666666665,0.0,0.0,0.0,0.0,0.04800000000000001,0.008333333333333333,0.05,0.01,0.0026826332323122,0.036000000000000004,0.008333333333333333,0.05,0.01,0.002556343669397314,0.022000000000000002,0.008333333333333333,0.05,0.01,0.002556343669397314
temporal,test,fixed_bonuses,relevance_grade,1,query_language,MIXED,44,38,6,0.045454545454545456,0.0,0.0,0.0,0.0,0.03787878787878787,0.0,0.0,0.0,0.0,0.03181818181818182,0.0062134502923976605,0.05263157894736842,0.010526315789473684,0.0055449150134836865,0.03181818181818182,0.0222953216374269,0.07894736842105263,0.014285714285714287,0.009562929607158835,0.030681818181818185,0.051535087719298246,0.10526315789473684,0.015601503759398496,0.01664969762037922
temporal,test,fixed_bonuses,relevance_grade,1,query_intent,Comparative Treatment Choice,5,5,0,0.0,0.0,0.0,0.0,0.0,0.06666666666666667,0.0,0.0,0.0,0.0,0.04,0.0,0.0,0.0,0.0,0.02,0.0,0.0,0.0,0.0,0.02,0.0,0.0,0.0,0.0
temporal,test,fixed_bonuses,relevance_grade,1,query_intent,Dosing / Administration,29,22,7,0.034482758620689655,0.0,0.0,0.0,0.0,0.022988505747126436,0.0,0.0,0.0,0.0,0.027586206896551727,0.005681818181818182,0.045454545454545456,0.009090909090909092,0.008433452151336859,0.031034482758620686,0.005681818181818182,0.045454545454545456,0.009090909090909092,0.007890154093655838,0.031034482758620693,0.05113636363636364,0.09090909090909091,0.011363636363636364,0.018238801761699154
temporal,test,fixed_bonuses,relevance_grade,1,query_intent,Efficacy / Outcomes,6,1,5,0.0,0.0,0.0,0.0,0.0,0.0,0.0,0.0,0.0,0.0,0.0,0.0,0.0,0.0,0.0,0.016666666666666666,0.0,0.0,0.0,0.0,0.016666666666666666,0.0,0.0,0.0,0.0
temporal,test,fixed_bonuses,relevance_grade,1,query_intent,Guideline / Evidence Lookup,17,12,5,0.058823529411764705,0.0,0.0,0.0,0.0,0.0392156862745098,0.0,0.0,0.0,0.0,0.023529411764705882,0.0,0.0,0.0,0.0,0.029411764705882353,0.0,0.0,0.0,0.0,0.020588235294117647,0.0,0.0,0.0,0.0
temporal,test,fixed_bonuses,relevance_grade,1,query_intent,Interaction / Combination,6,6,0,0.0,0.0,0.0,0.0,0.0,0.0,0.0,0.0,0.0,0.0,0.03333333333333333,0.018518518518518517,0.16666666666666666,0.03333333333333333,0.004195137197161532,0.05000000000000001,0.20370370370370372,0.3333333333333333,0.05416666666666667,0.0654703590378662,0.05000000000000001,0.25555555555555554,0.5,0.06293859649122807,0.07718575895205625
temporal,test,fixed_bonuses,relevance_grade,1,query_intent,Management / Treatment Selection,17,13,4,0.11764705882352941,0.015384615384615385,0.07692307692307693,0.07692307692307693,0.03296703296703297,0.11764705882352941,0.02820512820512821,0.15384615384615385,0.10256410256410256,0.024783199095618828,0.08235294117647059,0.02820512820512821,0.15384615384615385,0.10256410256410256,0.021330958721620497,0.047058823529411764,0.02820512820512821,0.15384615384615385,0.10256410256410256,0.021286458884274086,0.03529411764705882,0.04358974358974359,0.23076923076923078,0.10769230769230768,0.022604050824884807
temporal,test,fixed_bonuses,relevance_grade,1,query_intent,Mechanism / Background Knowledge,7,7,0,0.0,0.0,0.0,0.0,0.0,0.0,0.0,0.0,0.0,0.0,0.05714285714285715,0.0,0.0,0.0,0.0,0.042857142857142864,0.0,0.0,0.0,0.0,0.05714285714285715,0.0,0.0,0.0,0.0
temporal,test,fixed_bonuses,relevance_grade,1,query_intent,Monitoring / Response / Risk Assessment,9,9,0,0.0,0.0,0.0,0.0,0.0,0.0,0.0,0.0,0.0,0.0,0.022222222222222223,0.1111111111111111,0.1111111111111111,0.022222222222222223,0.0429836452482824,0.022222222222222223,0.16666666666666666,0.2222222222222222,0.0380952380952381,0.05547816275607561,0.01666666666666667,0.16666666666666666,0.2222222222222222,0.0380952380952381,0.05547816275607561
temporal,test,fixed_bonuses,relevance_grade,1,query_intent,Prophylaxis / Maintenance,8,6,2,0.0,0.0,0.0,0.0,0.0,0.0,0.0,0.0,0.0,0.0,0.0,0.0,0.0,0.0,0.0,0.0,0.0,0.0,0.0,0.0,0.0125,0.0,0.0,0.0,0.0
temporal,test,fixed_bonuses,relevance_grade,1,query_intent,Safety / Contraindication,19,15,4,0.0,0.0,0.0,0.0,0.0,0.017543859649122806,0.0,0.0,0.0,0.0,0.03157894736842106,0.01111111111111111,0.06666666666666667,0.013333333333333334,0.0035768443097495997,0.031578947368421054,0.01111111111111111,0.06666666666666667,0.013333333333333334,0.0034084582258630857,0.023684210526315787,0.01111111111111111,0.06666666666666667,0.013333333333333334,0.0034084582258630857
temporal,test,fixed_bonuses,relevance_grade,1,query_intent,Treatment Change / Escalation,16,14,2,0.0625,0.0,0.0,0.0,0.0,0.041666666666666664,0.03571428571428571,0.07142857142857142,0.023809523809523808,0.03276140759689133,0.037500000000000006,0.03571428571428571,0.07142857142857142,0.023809523809523808,0.03276140759689133,0.037500000000000006,0.03571428571428571,0.07142857142857142,0.023809523809523808,0.03276140759689133,0.025,0.03571428571428571,0.07142857142857142,0.023809523809523808,0.03276140759689133
temporal,test,fixed_bonuses,relevance_grade,1,has_context,False,73,59,14,0.0410958904109589,0.0033898305084745766,0.01694915254237288,0.01694915254237288,0.007263922518159806,0.041095890410958895,0.014689265536723162,0.05084745762711865,0.028248587570621465,0.013234598213551245,0.04109589041095891,0.036346516007532956,0.1016949152542373,0.03841807909604519,0.020366753640699998,0.036986301369863014,0.06365348399246705,0.13559322033898305,0.04295803066989507,0.02845146041138755,0.03150684931506849,0.07231638418079096,0.1694915254237288,0.04498003483284482,0.029933173881100762
temporal,test,fixed_bonuses,relevance_grade,1,has_context,True,66,51,15,0.030303030303030304,0.0,0.0,0.0,0.0,0.02525252525252525,0.0,0.0,0.0,0.0,0.02727272727272727,0.0024509803921568627,0.0196078431372549,0.00392156862745098,0.003637959751557076,0.025757575757575764,0.0024509803921568627,0.0196078431372549,0.00392156862745098,0.0034035958835378125,0.023484848484848487,0.022058823529411766,0.0392156862745098,0.004901960784313725,0.007867718407007479
temporal,test,fixed_penalties,relevance_grade,1,query_language,EN,70,52,18,0.02857142857142857,0.0038461538461538464,0.019230769230769232,0.019230769230769232,0.008241758241758242,0.033333333333333326,0.016666666666666666,0.057692307692307696,0.03205128205128205,0.015016178742298526,0.03428571428571429,0.035897435897435895,0.07692307692307693,0.035897435897435895,0.02159259571100167,0.030000000000000002,0.05512820512820513,0.09615384615384616,0.038301282051282054,0.027648102997544464,0.027857142857142858,0.06282051282051282,0.1346153846153846,0.04059547908232119,0.028528759899614807
temporal,test,fixed_penalties,relevance_grade,1,query_language,ID,25,20,5,0.04,0.0,0.0,0.0,0.0,0.026666666666666665,0.0,0.0,0.0,0.0,0.04800000000000001,0.008333333333333333,0.05,0.01,0.0026826332323122,0.036000000000000004,0.008333333333333333,0.05,0.01,0.002556343669397314,0.022000000000000002,0.008333333333333333,0.05,0.01,0.002556343669397314
temporal,test,fixed_penalties,relevance_grade,1,query_language,MIXED,44,38,6,0.022727272727272728,0.0,0.0,0.0,0.0,0.03787878787878787,0.0,0.0,0.0,0.0,0.03636363636363637,0.0062134502923976605,0.05263157894736842,0.010526315789473684,0.0055449150134836865,0.03181818181818182,0.0222953216374269,0.07894736842105263,0.014285714285714287,0.009562929607158835,0.028409090909090908,0.025219298245614034,0.07894736842105263,0.014285714285714287,0.010658375286248878
temporal,test,fixed_penalties,relevance_grade,1,query_intent,Comparative Treatment Choice,5,5,0,0.0,0.0,0.0,0.0,0.0,0.06666666666666667,0.0,0.0,0.0,0.0,0.04,0.0,0.0,0.0,0.0,0.02,0.0,0.0,0.0,0.0,0.02,0.0,0.0,0.0,0.0
temporal,test,fixed_penalties,relevance_grade,1,query_intent,Dosing / Administration,29,22,7,0.0,0.0,0.0,0.0,0.0,0.022988505747126436,0.0,0.0,0.0,0.0,0.027586206896551727,0.005681818181818182,0.045454545454545456,0.009090909090909092,0.008433452151336859,0.031034482758620686,0.005681818181818182,0.045454545454545456,0.009090909090909092,0.007890154093655838,0.027586206896551727,0.005681818181818182,0.045454545454545456,0.009090909090909092,0.007890154093655838
temporal,test,fixed_penalties,relevance_grade,1,query_intent,Efficacy / Outcomes,6,1,5,0.0,0.0,0.0,0.0,0.0,0.0,0.0,0.0,0.0,0.0,0.0,0.0,0.0,0.0,0.0,0.016666666666666666,0.0,0.0,0.0,0.0,0.016666666666666666,0.0,0.0,0.0,0.0
temporal,test,fixed_penalties,relevance_grade,1,query_intent,Guideline / Evidence Lookup,17,12,5,0.058823529411764705,0.0,0.0,0.0,0.0,0.0392156862745098,0.0,0.0,0.0,0.0,0.047058823529411764,0.0,0.0,0.0,0.0,0.029411764705882353,0.0,0.0,0.0,0.0,0.020588235294117647,0.0,0.0,0.0,0.0
temporal,test,fixed_penalties,relevance_grade,1,query_intent,Interaction / Combination,6,6,0,0.0,0.0,0.0,0.0,0.0,0.0,0.0,0.0,0.0,0.0,0.03333333333333333,0.018518518518518517,0.16666666666666666,0.03333333333333333,0.004195137197161532,0.05000000000000001,0.20370370370370372,0.3333333333333333,0.05416666666666667,0.0654703590378662,0.05000000000000001,0.25555555555555554,0.5,0.06293859649122807,0.07718575895205625
temporal,test,fixed_penalties,relevance_grade,1,query_intent,Management / Treatment Selection,17,13,4,0.11764705882352941,0.015384615384615385,0.07692307692307693,0.07692307692307693,0.03296703296703297,0.11764705882352941,0.02820512820512821,0.15384615384615385,0.10256410256410256,0.024783199095618828,0.08235294117647059,0.02820512820512821,0.15384615384615385,0.10256410256410256,0.021330958721620497,0.047058823529411764,0.02820512820512821,0.15384615384615385,0.10256410256410256,0.021286458884274086,0.03529411764705882,0.04358974358974359,0.23076923076923078,0.10769230769230768,0.022604050824884807
temporal,test,fixed_penalties,relevance_grade,1,query_intent,Mechanism / Background Knowledge,7,7,0,0.0,0.0,0.0,0.0,0.0,0.0,0.0,0.0,0.0,0.0,0.05714285714285715,0.0,0.0,0.0,0.0,0.042857142857142864,0.0,0.0,0.0,0.0,0.05714285714285715,0.0,0.0,0.0,0.0
temporal,test,fixed_penalties,relevance_grade,1,query_intent,Monitoring / Response / Risk Assessment,9,9,0,0.0,0.0,0.0,0.0,0.0,0.0,0.0,0.0,0.0,0.0,0.022222222222222223,0.1111111111111111,0.1111111111111111,0.022222222222222223,0.0429836452482824,0.022222222222222223,0.16666666666666666,0.2222222222222222,0.0380952380952381,0.05547816275607561,0.01666666666666667,0.16666666666666666,0.2222222222222222,0.0380952380952381,0.05547816275607561
temporal,test,fixed_penalties,relevance_grade,1,query_intent,Prophylaxis / Maintenance,8,6,2,0.0,0.0,0.0,0.0,0.0,0.0,0.0,0.0,0.0,0.0,0.0,0.0,0.0,0.0,0.0,0.0,0.0,0.0,0.0,0.0,0.0125,0.0,0.0,0.0,0.0
temporal,test,fixed_penalties,relevance_grade,1,query_intent,Safety / Contraindication,19,15,4,0.0,0.0,0.0,0.0,0.0,0.017543859649122806,0.0,0.0,0.0,0.0,0.03157894736842106,0.01111111111111111,0.06666666666666667,0.013333333333333334,0.0035768443097495997,0.031578947368421054,0.01111111111111111,0.06666666666666667,0.013333333333333334,0.0034084582258630857,0.023684210526315787,0.01111111111111111,0.06666666666666667,0.013333333333333334,0.0034084582258630857
temporal,test,fixed_penalties,relevance_grade,1,query_intent,Treatment Change / Escalation,16,14,2,0.0625,0.0,0.0,0.0,0.0,0.041666666666666664,0.03571428571428571,0.07142857142857142,0.023809523809523808,0.03276140759689133,0.037500000000000006,0.03571428571428571,0.07142857142857142,0.023809523809523808,0.03276140759689133,0.037500000000000006,0.03571428571428571,0.07142857142857142,0.023809523809523808,0.03276140759689133,0.025,0.03571428571428571,0.07142857142857142,0.023809523809523808,0.03276140759689133
temporal,test,fixed_penalties,relevance_grade,1,has_context,False,73,59,14,0.0410958904109589,0.0033898305084745766,0.01694915254237288,0.01694915254237288,0.007263922518159806,0.041095890410958895,0.014689265536723162,0.05084745762711865,0.028248587570621465,0.013234598213551245,0.04109589041095891,0.036346516007532956,0.1016949152542373,0.03841807909604519,0.020366753640699998,0.036986301369863014,0.06365348399246705,0.13559322033898305,0.04295803066989507,0.02845146041138755,0.03150684931506849,0.07231638418079096,0.1694915254237288,0.04498003483284482,0.029933173881100762
temporal,test,fixed_penalties,relevance_grade,1,has_context,True,66,51,15,0.015151515151515152,0.0,0.0,0.0,0.0,0.02525252525252525,0.0,0.0,0.0,0.0,0.03333333333333333,0.0024509803921568627,0.0196078431372549,0.00392156862745098,0.003637959751557076,0.025757575757575764,0.0024509803921568627,0.0196078431372549,0.00392156862745098,0.0034035958835378125,0.021969696969696972,0.0024509803921568627,0.0196078431372549,0.00392156862745098,0.0034035958835378125
temporal,test,fixed_both,relevance_grade,1,query_language,EN,70,52,18,0.02857142857142857,0.0038461538461538464,0.019230769230769232,0.019230769230769232,0.008241758241758242,0.033333333333333326,0.016666666666666666,0.057692307692307696,0.03205128205128205,0.015016178742298526,0.03142857142857143,0.035897435897435895,0.07692307692307693,0.035897435897435895,0.02159259571100167,0.03142857142857143,0.05512820512820513,0.09615384615384616,0.038301282051282054,0.027648102997544464,0.02857142857142857,0.06282051282051282,0.1346153846153846,0.04063644688644689,0.02852777591456023
temporal,test,fixed_both,relevance_grade,1,query_language,ID,25,20,5,0.04,0.0,0.0,0.0,0.0,0.026666666666666665,0.0,0.0,0.0,0.0,0.04,0.008333333333333333,0.05,0.01,0.0026826332323122,0.036000000000000004,0.008333333333333333,0.05,0.01,0.002556343669397314,0.022000000000000002,0.008333333333333333,0.05,0.01,0.002556343669397314
temporal,test,fixed_both,relevance_grade,1,query_language,MIXED,44,38,6,0.022727272727272728,0.0,0.0,0.0,0.0,0.03787878787878787,0.0,0.0,0.0,0.0,0.03181818181818182,0.0062134502923976605,0.05263157894736842,0.010526315789473684,0.0055449150134836865,0.03181818181818182,0.0222953216374269,0.07894736842105263,0.014285714285714287,0.00950628126122875,0.030681818181818185,0.04861111111111111,0.10526315789473684,0.015601503759398496,0.015497603595359092
temporal,test,fixed_both,relevance_grade,1,query_intent,Comparative Treatment Choice,5,5,0,0.0,0.0,0.0,0.0,0.0,0.06666666666666667,0.0,0.0,0.0,0.0,0.04,0.0,0.0,0.0,0.0,0.02,0.0,0.0,0.0,0.0,0.02,0.0,0.0,0.0,0.0
temporal,test,fixed_both,relevance_grade,1,query_intent,Dosing / Administration,29,22,7,0.034482758620689655,0.0,0.0,0.0,0.0,0.022988505747126436,0.0,0.0,0.0,0.0,0.027586206896551727,0.005681818181818182,0.045454545454545456,0.009090909090909092,0.008433452151336859,0.034482758620689655,0.005681818181818182,0.045454545454545456,0.009090909090909092,0.007890154093655838,0.032758620689655175,0.05113636363636364,0.09090909090909091,0.011363636363636364,0.018238801761699154
temporal,test,fixed_both,relevance_grade,1,query_intent,Efficacy / Outcomes,6,1,5,0.0,0.0,0.0,0.0,0.0,0.0,0.0,0.0,0.0,0.0,0.0,0.0,0.0,0.0,0.0,0.016666666666666666,0.0,0.0,0.0,0.0,0.016666666666666666,0.0,0.0,0.0,0.0
temporal,test,fixed_both,relevance_grade,1,query_intent,Guideline / Evidence Lookup,17,12,5,0.0,0.0,0.0,0.0,0.0,0.0392156862745098,0.0,0.0,0.0,0.0,0.023529411764705882,0.0,0.0,0.0,0.0,0.029411764705882353,0.0,0.0,0.0,0.0,0.020588235294117647,0.0,0.0,0.0,0.0
temporal,test,fixed_both,relevance_grade,1,query_intent,Interaction / Combination,6,6,0,0.0,0.0,0.0,0.0,0.0,0.0,0.0,0.0,0.0,0.0,0.03333333333333333,0.018518518518518517,0.16666666666666666,0.03333333333333333,0.004195137197161532,0.05000000000000001,0.20370370370370372,0.3333333333333333,0.05416666666666667,0.065111586180309,0.041666666666666664,0.23703703703703702,0.5,0.0625,0.0698126001290372
temporal,test,fixed_both,relevance_grade,1,query_intent,Management / Treatment Selection,17,13,4,0.11764705882352941,0.015384615384615385,0.07692307692307693,0.07692307692307693,0.03296703296703297,0.11764705882352941,0.02820512820512821,0.15384615384615385,0.10256410256410256,0.024783199095618828,0.08235294117647059,0.02820512820512821,0.15384615384615385,0.10256410256410256,0.021330958721620497,0.047058823529411764,0.02820512820512821,0.15384615384615385,0.10256410256410256,0.021286458884274086,0.03529411764705882,0.04358974358974359,0.23076923076923078,0.10805860805860805,0.02263545180677029
temporal,test,fixed_both,relevance_grade,1,query_intent,Mechanism / Background Knowledge,7,7,0,0.0,0.0,0.0,0.0,0.0,0.0,0.0,0.0,0.0,0.0,0.05714285714285715,0.0,0.0,0.0,0.0,0.042857142857142864,0.0,0.0,0.0,0.0,0.05714285714285715,0.0,0.0,0.0,0.0
temporal,test,fixed_both,relevance_grade,1,query_intent,Monitoring / Response / Risk Assessment,9,9,0,0.0,0.0,0.0,0.0,0.0,0.0,0.0,0.0,0.0,0.0,0.022222222222222223,0.1111111111111111,0.1111111111111111,0.022222222222222223,0.0429836452482824,0.022222222222222223,0.16666666666666666,0.2222222222222222,0.0380952380952381,0.05547816275607561,0.022222222222222223,0.16666666666666666,0.2222222222222222,0.0380952380952381,0.05547816275607561
temporal,test,fixed_both,relevance_grade,1,query_intent,Prophylaxis / Maintenance,8,6,2,0.0,0.0,0.0,0.0,0.0,0.0,0.0,0.0,0.0,0.0,0.0,0.0,0.0,0.0,0.0,0.0,0.0,0.0,0.0,0.0,0.0125,0.0,0.0,0.0,0.0
temporal,test,fixed_both,relevance_grade,1,query_intent,Safety / Contraindication,19,15,4,0.0,0.0,0.0,0.0,0.0,0.017543859649122806,0.0,0.0,0.0,0.0,0.03157894736842106,0.01111111111111111,0.06666666666666667,0.013333333333333334,0.0035768443097495997,0.031578947368421054,0.01111111111111111,0.06666666666666667,0.013333333333333334,0.0034084582258630857,0.023684210526315787,0.01111111111111111,0.06666666666666667,0.013333333333333334,0.0034084582258630857
temporal,test,fixed_both,relevance_grade,1,query_intent,Treatment Change / Escalation,16,14,2,0.0625,0.0,0.0,0.0,0.0,0.041666666666666664,0.03571428571428571,0.07142857142857142,0.023809523809523808,0.03276140759689133,0.025,0.03571428571428571,0.07142857142857142,0.023809523809523808,0.03276140759689133,0.037500000000000006,0.03571428571428571,0.07142857142857142,0.023809523809523808,0.03276140759689133,0.025,0.03571428571428571,0.07142857142857142,0.023809523809523808,0.03276140759689133
temporal,test,fixed_both,relevance_grade,1,has_context,False,73,59,14,0.0410958904109589,0.0033898305084745766,0.01694915254237288,0.01694915254237288,0.007263922518159806,0.041095890410958895,0.014689265536723162,0.05084745762711865,0.028248587570621465,0.013234598213551245,0.038356164383561646,0.036346516007532956,0.1016949152542373,0.03841807909604519,0.020366753640699998,0.036986301369863014,0.06365348399246705,0.13559322033898305,0.04295803066989507,0.02841497503604275,0.031506849315068496,0.07043314500941619,0.1694915254237288,0.045016142050040356,0.02919027997985326
temporal,test,fixed_both,relevance_grade,1,has_context,True,66,51,15,0.015151515151515152,0.0,0.0,0.0,0.0,0.02525252525252525,0.0,0.0,0.0,0.0,0.02727272727272727,0.0024509803921568627,0.0196078431372549,0.00392156862745098,0.003637959751557076,0.02727272727272728,0.0024509803921568627,0.0196078431372549,0.00392156862745098,0.0034035958835378125,0.024242424242424242,0.022058823529411766,0.0392156862745098,0.004901960784313725,0.007867718407007479
query,validation,hybrid,relevance_grade,1,query_language,EN,43,28,15,0.023255813953488372,0.005952380952380952,0.03571428571428571,0.03571428571428571,0.015306122448979591,0.007751937984496124,0.005952380952380952,0.03571428571428571,0.03571428571428571,0.010309345687193548,0.013953488372093025,0.005952380952380952,0.03571428571428571,0.03571428571428571,0.008340966105405096,0.034883720930232565,0.05986394557823129,0.17857142857142858,0.05803571428571429,0.02901762292215534,0.03604651162790698,0.07325680272108845,0.25,0.062687575030012,0.03572735086851151
query,validation,hybrid,relevance_grade,1,query_language,ID,16,9,7,0.0,0.0,0.0,0.0,0.0,0.10416666666666666,0.0,0.0,0.0,0.0,0.0625,0.0,0.0,0.0,0.0,0.05625000000000001,0.0,0.0,0.0,0.0,0.046875,0.015873015873015872,0.1111111111111111,0.006172839506172839,0.0029854939186044777
query,validation,hybrid,relevance_grade,1,query_language,MIXED,41,33,8,0.024390243902439025,0.0,0.0,0.0,0.0,0.05691056910569105,0.02121212121212121,0.06060606060606061,0.0202020202020202,0.005630789577626158,0.04390243902439025,0.02121212121212121,0.06060606060606061,0.0202020202020202,0.005428032126300228,0.04878048780487805,0.0398989898989899,0.15151515151515152,0.030928330928330926,0.012994632165773772,0.046341463414634146,0.055050505050505044,0.18181818181818182,0.03282227032227032,0.021216353344322245
query,validation,hybrid,relevance_grade,1,query_intent,Comparative Treatment Choice,2,1,1,0.0,0.0,0.0,0.0,0.0,0.16666666666666666,0.0,0.0,0.0,0.0,0.1,0.0,0.0,0.0,0.0,0.05,0.0,0.0,0.0,0.0,0.05,0.0,0.0,0.0,0.0
query,validation,hybrid,relevance_grade,1,query_intent,Dosing / Administration,21,14,7,0.047619047619047616,0.011904761904761904,0.07142857142857142,0.07142857142857142,0.030612244897959183,0.047619047619047616,0.047619047619047616,0.14285714285714285,0.09523809523809523,0.03045481824496519,0.028571428571428574,0.047619047619047616,0.14285714285714285,0.09523809523809523,0.026518059081388285,0.0380952380952381,0.0619047619047619,0.21428571428571427,0.10714285714285714,0.029333805886334875,0.030952380952380953,0.0619047619047619,0.21428571428571427,0.10714285714285714,0.029333805886334875
query,validation,hybrid,relevance_grade,1,query_intent,Efficacy / Outcomes,3,1,2,0.0,0.0,0.0,0.0,0.0,0.0,0.0,0.0,0.0,0.0,0.0,0.0,0.0,0.0,0.0,0.03333333333333333,0.0,0.0,0.0,0.0,0.03333333333333333,0.0,0.0,0.0,0.0
query,validation,hybrid,relevance_grade,1,query_intent,Guideline / Evidence Lookup,11,9,2,0.0,0.0,0.0,0.0,0.0,0.09090909090909091,0.022222222222222223,0.1111111111111111,0.037037037037037035,0.005345586652618877,0.05454545454545456,0.022222222222222223,0.1111111111111111,0.037037037037037035,0.004602142664423799,0.06363636363636364,0.022222222222222223,0.1111111111111111,0.037037037037037035,0.004602142664423799,0.05909090909090909,0.022222222222222223,0.1111111111111111,0.037037037037037035,0.004602142664423799
query,validation,hybrid,relevance_grade,1,query_intent,Interaction / Combination,3,2,1,0.0,0.0,0.0,0.0,0.0,0.0,0.0,0.0,0.0,0.0,0.0,0.0,0.0,0.0,0.0,0.03333333333333333,0.5,0.5,0.0625,0.15773243839286438,0.03333333333333333,0.5,0.5,0.0625,0.15773243839286438
query,validation,hybrid,relevance_grade,1,query_intent,Management / Treatment Selection,11,8,3,0.0,0.0,0.0,0.0,0.0,0.0606060606060606,0.0,0.0,0.0,0.0,0.03636363636363637,0.0,0.0,0.0,0.0,0.02727272727272728,0.0,0.0,0.0,0.0,0.018181818181818184,0.0,0.0,0.0,0.0
query,validation,hybrid,relevance_grade,1,query_intent,Mechanism / Background Knowledge,5,3,2,0.0,0.0,0.0,0.0,0.0,0.0,0.0,0.0,0.0,0.0,0.0,0.0,0.0,0.0,0.0,0.06000000000000001,0.0,0.0,0.0,0.0,0.05,0.0,0.0,0.0,0.0
query,validation,hybrid,relevance_grade,1,query_intent,Monitoring / Response / Risk Assessment,11,9,2,0.0,0.0,0.0,0.0,0.0,0.0,0.0,0.0,0.0,0.0,0.018181818181818184,0.0,0.0,0.0,0.0,0.03636363636363637,0.05661375661375661,0.3333333333333333,0.05291005291005291,0.03212518809492044,0.05,0.08439153439153439,0.4444444444444444,0.06084656084656084,0.04322751104171326
query,validation,hybrid,relevance_grade,1,query_intent,Prophylaxis / Maintenance,7,6,1,0.0,0.0,0.0,0.0,0.0,0.0,0.0,0.0,0.0,0.0,0.0,0.0,0.0,0.0,0.0,0.014285714285714287,0.041666666666666664,0.16666666666666666,0.016666666666666666,0.024818968232397102,0.03571428571428571,0.12103174603174603,0.5,0.03634259259259259,0.059684948529207325
query,validation,hybrid,relevance_grade,1,query_intent,Safety / Contraindication,15,9,6,0.06666666666666667,0.0,0.0,0.0,0.0,0.02222222222222222,0.0,0.0,0.0,0.0,0.04000000000000001,0.0,0.0,0.0,0.0,0.04,0.0,0.0,0.0,0.0,0.04666666666666667,0.013888888888888888,0.1111111111111111,0.006535947712418301,0.009772386219648588
query,validation,hybrid,relevance_grade,1,query_intent,Treatment Change / Escalation,11,8,3,0.0,0.0,0.0,0.0,0.0,0.09090909090909091,0.0,0.0,0.0,0.0,0.07272727272727274,0.0,0.0,0.0,0.0,0.08181818181818183,0.020833333333333332,0.125,0.013888888888888888,0.0044647947334982875,0.05909090909090909,0.041666666666666664,0.125,0.013888888888888888,0.015588590030833108
query,validation,hybrid,relevance_grade,1,has_context,False,51,34,17,0.0196078431372549,0.0,0.0,0.0,0.0,0.0196078431372549,0.0,0.0,0.0,0.0,0.023529411764705885,0.0,0.0,0.0,0.0,0.0392156862745098,0.05665266106442576,0.17647058823529413,0.023891223155929037,0.02321246285007005,0.042156862745098035,0.08291316526610644,0.2647058823529412,0.029464285714285714,0.034921496693619325
query,validation,hybrid,relevance_grade,1,has_context,True,49,36,13,0.02040816326530612,0.004629629629629629,0.027777777777777776,0.027777777777777776,0.011904761904761904,0.06802721088435373,0.02407407407407407,0.08333333333333333,0.046296296296296294,0.013179937091752294,0.04489795918367347,0.02407407407407407,0.08333333333333333,0.046296296296296294,0.01146311419775695,0.04897959183673469,0.02962962962962963,0.1111111111111111,0.05092592592592592,0.012558126844125066,0.04183673469387755,0.03310185185185185,0.1388888888888889,0.0525599128540305,0.015001223399037212
query,validation,bonuses_only,relevance_grade,1,query_language,EN,43,28,15,0.023255813953488372,0.005952380952380952,0.03571428571428571,0.03571428571428571,0.015306122448979591,0.007751937984496124,0.005952380952380952,0.03571428571428571,0.03571428571428571,0.010309345687193548,0.009302325581395349,0.005952380952380952,0.03571428571428571,0.03571428571428571,0.008340966105405096,0.034883720930232565,0.05986394557823129,0.17857142857142858,0.05565476190476191,0.028438777214749498,0.03837209302325582,0.07028061224489796,0.21428571428571427,0.05775560224089636,0.03226905603857192
query,validation,bonuses_only,relevance_grade,1,query_language,ID,16,9,7,0.0625,0.0,0.0,0.0,0.0,0.08333333333333333,0.0,0.0,0.0,0.0,0.07500000000000001,0.0,0.0,0.0,0.0,0.05,0.0,0.0,0.0,0.0,0.053125000000000006,0.12698412698412698,0.2222222222222222,0.01270878721859114,0.02963132353728575
query,validation,bonuses_only,relevance_grade,1,query_language,MIXED,41,33,8,0.0,0.0,0.0,0.0,0.0,0.048780487804878044,0.015151515151515152,0.030303030303030304,0.0101010101010101,0.0041729023087301005,0.04390243902439025,0.0202020202020202,0.06060606060606061,0.01616161616161616,0.0056252423833638085,0.04878048780487805,0.03636363636363636,0.12121212121212122,0.02427849927849928,0.013524884638259705,0.054878048780487805,0.04747474747474747,0.15151515151515152,0.027033320215138396,0.017813822833911475
query,validation,bonuses_only,relevance_grade,1,query_intent,Comparative Treatment Choice,2,1,1,0.0,0.0,0.0,0.0,0.0,0.0,0.0,0.0,0.0,0.0,0.1,0.0,0.0,0.0,0.0,0.05,0.0,0.0,0.0,0.0,0.025,0.0,0.0,0.0,0.0
query,validation,bonuses_only,relevance_grade,1,query_intent,Dosing / Administration,21,14,7,0.047619047619047616,0.011904761904761904,0.07142857142857142,0.07142857142857142,0.030612244897959183,0.047619047619047616,0.047619047619047616,0.14285714285714285,0.09523809523809523,0.03045481824496519,0.028571428571428574,0.047619047619047616,0.14285714285714285,0.09523809523809523,0.026518059081388285,0.0380952380952381,0.0619047619047619,0.21428571428571427,0.10714285714285714,0.029333805886334875,0.03333333333333333,0.0619047619047619,0.21428571428571427,0.10714285714285714,0.029333805886334875
query,validation,bonuses_only,relevance_grade,1,query_intent,Efficacy / Outcomes,3,1,2,0.0,0.0,0.0,0.0,0.0,0.0,0.0,0.0,0.0,0.0,0.0,0.0,0.0,0.0,0.0,0.03333333333333333,0.0,0.0,0.0,0.0,0.03333333333333333,0.0,0.0,0.0,0.0
query,validation,bonuses_only,relevance_grade,1,query_intent,Guideline / Evidence Lookup,11,9,2,0.09090909090909091,0.0,0.0,0.0,0.0,0.09090909090909091,0.0,0.0,0.0,0.0,0.05454545454545456,0.0,0.0,0.0,0.0,0.06363636363636364,0.022222222222222223,0.1111111111111111,0.015873015873015872,0.0030680951096158657,0.07727272727272727,0.022222222222222223,0.1111111111111111,0.015873015873015872,0.0030680951096158657
query,validation,bonuses_only,relevance_grade,1,query_intent,Interaction / Combination,3,2,1,0.0,0.0,0.0,0.0,0.0,0.0,0.0,0.0,0.0,0.0,0.0,0.0,0.0,0.0,0.0,0.03333333333333333,0.5,0.5,0.0625,0.15773243839286438,0.03333333333333333,0.5,0.5,0.0625,0.15773243839286438
query,validation,bonuses_only,relevance_grade,1,query_intent,Management / Treatment Selection,11,8,3,0.0,0.0,0.0,0.0,0.0,0.0303030303030303,0.0,0.0,0.0,0.0,0.03636363636363637,0.0,0.0,0.0,0.0,0.02727272727272728,0.0,0.0,0.0,0.0,0.02727272727272728,0.125,0.125,0.007352941176470588,0.029976558321016433
query,validation,bonuses_only,relevance_grade,1,query_intent,Mechanism / Background Knowledge,5,3,2,0.0,0.0,0.0,0.0,0.0,0.0,0.0,0.0,0.0,0.0,0.0,0.0,0.0,0.0,0.0,0.06000000000000001,0.0,0.0,0.0,0.0,0.06,0.0,0.0,0.0,0.0
query,validation,bonuses_only,relevance_grade,1,query_intent,Monitoring / Response / Risk Assessment,11,9,2,0.0,0.0,0.0,0.0,0.0,0.0,0.0,0.0,0.0,0.0,0.0,0.0,0.0,0.0,0.0,0.03636363636363637,0.03439153439153439,0.2222222222222222,0.02962962962962963,0.02309481988962915,0.05454545454545454,0.07513227513227513,0.3333333333333333,0.03973063973063973,0.03128872321737741
query,validation,bonuses_only,relevance_grade,1,query_intent,Prophylaxis / Maintenance,7,6,1,0.0,0.0,0.0,0.0,0.0,0.0,0.0,0.0,0.0,0.0,0.0,0.0,0.0,0.0,0.0,0.014285714285714287,0.05555555555555555,0.16666666666666666,0.020833333333333332,0.03918349981398659,0.042857142857142864,0.07936507936507936,0.3333333333333333,0.03009259259259259,0.043661740691893304
query,validation,bonuses_only,relevance_grade,1,query_intent,Safety / Contraindication,15,9,6,0.0,0.0,0.0,0.0,0.0,0.02222222222222222,0.0,0.0,0.0,0.0,0.02666666666666667,0.0,0.0,0.0,0.0,0.04,0.0,0.0,0.0,0.0,0.04666666666666667,0.013888888888888888,0.1111111111111111,0.006535947712418301,0.009772386219648588
query,validation,bonuses_only,relevance_grade,1,query_intent,Treatment Change / Escalation,11,8,3,0.0,0.0,0.0,0.0,0.0,0.09090909090909091,0.0,0.0,0.0,0.0,0.10909090909090911,0.020833333333333332,0.125,0.025,0.005990902807864046,0.07272727272727274,0.020833333333333332,0.125,0.025,0.005737695250501824,0.06818181818181818,0.041666666666666664,0.125,0.025,0.016623465450122374
query,validation,bonuses_only,relevance_grade,1,has_context,False,51,34,17,0.0,0.0,0.0,0.0,0.0,0.0130718954248366,0.0,0.0,0.0,0.0,0.0196078431372549,0.004901960784313725,0.029411764705882353,0.0058823529411764705,0.0014096241900856579,0.0392156862745098,0.05322128851540616,0.14705882352941177,0.02107843137254902,0.02365649460824486,0.049019607843137254,0.10252100840336134,0.23529411764705882,0.027116318898325817,0.03623041235478223
query,validation,bonuses_only,relevance_grade,1,has_context,True,49,36,13,0.04081632653061224,0.004629629629629629,0.027777777777777776,0.027777777777777776,0.011904761904761904,0.061224489795918366,0.018518518518518517,0.05555555555555555,0.037037037037037035,0.011843540428597574,0.0489795918367347,0.018518518518518517,0.05555555555555555,0.037037037037037035,0.010312578531650999,0.04693877551020409,0.02962962962962963,0.1111111111111111,0.04563492063492063,0.012174614955423083,0.045918367346938785,0.03310185185185185,0.1388888888888889,0.04726890756302521,0.014617711510335231
query,validation,penalties_only,relevance_grade,1,query_language,EN,43,28,15,0.023255813953488372,0.005952380952380952,0.03571428571428571,0.03571428571428571,0.015306122448979591,0.015503875968992248,0.005952380952380952,0.03571428571428571,0.03571428571428571,0.010309345687193548,0.013953488372093025,0.005952380952380952,0.03571428571428571,0.03571428571428571,0.008340966105405096,0.034883720930232565,0.05986394557823129,0.17857142857142858,0.05416666666666666,0.028204476432594227,0.03604651162790698,0.07028061224489796,0.21428571428571427,0.055952380952380955,0.03187571342577808
query,validation,penalties_only,relevance_grade,1,query_language,ID,16,9,7,0.0,0.0,0.0,0.0,0.0,0.08333333333333333,0.0,0.0,0.0,0.0,0.07500000000000001,0.0,0.0,0.0,0.0,0.05625000000000001,0.0,0.0,0.0,0.0,0.053125000000000006,0.12698412698412698,0.2222222222222222,0.01270878721859114,0.02963132353728575
query,validation,penalties_only,relevance_grade,1,query_language,MIXED,41,33,8,0.024390243902439025,0.0,0.0,0.0,0.0,0.048780487804878044,0.015151515151515152,0.030303030303030304,0.0101010101010101,0.0041729023087301005,0.04878048780487806,0.0202020202020202,0.06060606060606061,0.01616161616161616,0.0056252423833638085,0.04878048780487805,0.03636363636363636,0.12121212121212122,0.023316498316498315,0.013443794873628024,0.051219512195121955,0.07777777777777777,0.18181818181818182,0.027586470768288955,0.024631831514642006
query,validation,penalties_only,relevance_grade,1,query_intent,Comparative Treatment Choice,2,1,1,0.0,0.0,0.0,0.0,0.0,0.16666666666666666,0.0,0.0,0.0,0.0,0.1,0.0,0.0,0.0,0.0,0.05,0.0,0.0,0.0,0.0,0.05,0.0,0.0,0.0,0.0
query,validation,penalties_only,relevance_grade,1,query_intent,Dosing / Administration,21,14,7,0.09523809523809523,0.011904761904761904,0.07142857142857142,0.07142857142857142,0.030612244897959183,0.06349206349206349,0.047619047619047616,0.14285714285714285,0.09523809523809523,0.03045481824496519,0.0380952380952381,0.047619047619047616,0.14285714285714285,0.09523809523809523,0.026518059081388285,0.0380952380952381,0.0619047619047619,0.21428571428571427,0.10416666666666666,0.02886520432202433,0.030952380952380953,0.0619047619047619,0.21428571428571427,0.10416666666666666,0.02886520432202433
query,validation,penalties_only,relevance_grade,1,query_intent,Efficacy / Outcomes,3,1,2,0.0,0.0,0.0,0.0,0.0,0.0,0.0,0.0,0.0,0.0,0.0,0.0,0.0,0.0,0.0,0.03333333333333333,0.0,0.0,0.0,0.0,0.03333333333333333,0.0,0.0,0.0,0.0
query,validation,penalties_only,relevance_grade,1,query_intent,Guideline / Evidence Lookup,11,9,2,0.0,0.0,0.0,0.0,0.0,0.0606060606060606,0.0,0.0,0.0,0.0,0.05454545454545456,0.0,0.0,0.0,0.0,0.06363636363636364,0.022222222222222223,0.1111111111111111,0.012345679012345678,0.002770765972633038,0.05,0.022222222222222223,0.1111111111111111,0.012345679012345678,0.002770765972633038
query,validation,penalties_only,relevance_grade,1,query_intent,Interaction / Combination,3,2,1,0.0,0.0,0.0,0.0,0.0,0.0,0.0,0.0,0.0,0.0,0.0,0.0,0.0,0.0,0.0,0.03333333333333333,0.5,0.5,0.0625,0.15773243839286438,0.03333333333333333,0.5,0.5,0.0625,0.15773243839286438
query,validation,penalties_only,relevance_grade,1,query_intent,Management / Treatment Selection,11,8,3,0.0,0.0,0.0,0.0,0.0,0.0303030303030303,0.0,0.0,0.0,0.0,0.03636363636363637,0.0,0.0,0.0,0.0,0.02727272727272728,0.0,0.0,0.0,0.0,0.02727272727272728,0.125,0.125,0.007352941176470588,0.029976558321016433
query,validation,penalties_only,relevance_grade,1,query_intent,Mechanism / Background Knowledge,5,3,2,0.0,0.0,0.0,0.0,0.0,0.0,0.0,0.0,0.0,0.0,0.0,0.0,0.0,0.0,0.0,0.06000000000000001,0.0,0.0,0.0,0.0,0.06,0.0,0.0,0.0,0.0
query,validation,penalties_only,relevance_grade,1,query_intent,Monitoring / Response / Risk Assessment,11,9,2,0.0,0.0,0.0,0.0,0.0,0.0,0.0,0.0,0.0,0.0,0.0,0.0,0.0,0.0,0.0,0.03636363636363637,0.03439153439153439,0.2222222222222222,0.02962962962962963,0.02309481988962915,0.05454545454545454,0.07513227513227513,0.3333333333333333,0.03973063973063973,0.03128872321737741
query,validation,penalties_only,relevance_grade,1,query_intent,Prophylaxis / Maintenance,7,6,1,0.0,0.0,0.0,0.0,0.0,0.0,0.0,0.0,0.0,0.0,0.0,0.0,0.0,0.0,0.0,0.014285714285714287,0.05555555555555555,0.16666666666666666,0.020833333333333332,0.03918349981398659,0.042857142857142864,0.07936507936507936,0.3333333333333333,0.03009259259259259,0.043661740691893304
query,validation,penalties_only,relevance_grade,1,query_intent,Safety / Contraindication,15,9,6,0.0,0.0,0.0,0.0,0.0,0.02222222222222222,0.0,0.0,0.0,0.0,0.04000000000000001,0.0,0.0,0.0,0.0,0.04,0.0,0.0,0.0,0.0,0.04666666666666667,0.013888888888888888,0.1111111111111111,0.005555555555555556,0.009277589413217492
query,validation,penalties_only,relevance_grade,1,query_intent,Treatment Change / Escalation,11,8,3,0.0,0.0,0.0,0.0,0.0,0.09090909090909091,0.0,0.0,0.0,0.0,0.10909090909090911,0.020833333333333332,0.125,0.025,0.005990902807864046,0.08181818181818183,0.020833333333333332,0.125,0.025,0.005737695250501824,0.07272727272727274,0.16666666666666666,0.25,0.03125,0.045082246537241494
query,validation,penalties_only,relevance_grade,1,has_context,False,51,34,17,0.0,0.0,0.0,0.0,0.0,0.0130718954248366,0.0,0.0,0.0,0.0,0.0196078431372549,0.004901960784313725,0.029411764705882353,0.0058823529411764705,0.0014096241900856579,0.0392156862745098,0.05322128851540616,0.14705882352941177,0.02107843137254902,0.02365649460824486,0.049019607843137254,0.10252100840336134,0.23529411764705882,0.027116318898325817,0.03623041235478223
query,validation,penalties_only,relevance_grade,1,has_context,True,49,36,13,0.04081632653061224,0.004629629629629629,0.027777777777777776,0.027777777777777776,0.011904761904761904,0.06802721088435373,0.018518518518518517,0.05555555555555555,0.037037037037037035,0.011843540428597574,0.05714285714285714,0.018518518518518517,0.05555555555555555,0.037037037037037035,0.010312578531650999,0.04897959183673469,0.02962962962962963,0.1111111111111111,0.04359567901234568,0.011918048729501054,0.04081632653061224,0.060879629629629624,0.16666666666666666,0.04637345679012346,0.020561619657720787
query,validation,both,relevance_grade,1,query_language,EN,43,28,15,0.023255813953488372,0.005952380952380952,0.03571428571428571,0.03571428571428571,0.015306122448979591,0.015503875968992248,0.005952380952380952,0.03571428571428571,0.03571428571428571,0.010309345687193548,0.018604651162790697,0.005952380952380952,0.03571428571428571,0.03571428571428571,0.008340966105405096,0.03255813953488373,0.05391156462585034,0.14285714285714285,0.049702380952380956,0.024769540475021983,0.03255813953488373,0.07028061224489796,0.21428571428571427,0.05504997453526866,0.031004633857063237
query,validation,both,relevance_grade,1,query_language,ID,16,9,7,0.0625,0.0,0.0,0.0,0.0,0.10416666666666666,0.0,0.0,0.0,0.0,0.07500000000000001,0.0,0.0,0.0,0.0,0.05625000000000001,0.0,0.0,0.0,0.0,0.04687500000000001,0.12698412698412698,0.2222222222222222,0.01270878721859114,0.02963132353728575
query,validation,both,relevance_grade,1,query_language,MIXED,41,33,8,0.024390243902439025,0.0,0.0,0.0,0.0,0.04065040650406504,0.015151515151515152,0.030303030303030304,0.0101010101010101,0.0041729023087301005,0.03902439024390244,0.0202020202020202,0.06060606060606061,0.01616161616161616,0.0056252423833638085,0.051219512195121955,0.03636363636363636,0.12121212121212122,0.023316498316498315,0.013443794873628024,0.05731707317073171,0.04747474747474747,0.15151515151515152,0.02483164983164983,0.017551422654747316
query,validation,both,relevance_grade,1,query_intent,Comparative Treatment Choice,2,1,1,0.0,0.0,0.0,0.0,0.0,0.16666666666666666,0.0,0.0,0.0,0.0,0.1,0.0,0.0,0.0,0.0,0.05,0.0,0.0,0.0,0.0,0.025,0.0,0.0,0.0,0.0
query,validation,both,relevance_grade,1,query_intent,Dosing / Administration,21,14,7,0.09523809523809523,0.011904761904761904,0.07142857142857142,0.07142857142857142,0.030612244897959183,0.06349206349206349,0.047619047619047616,0.14285714285714285,0.09523809523809523,0.03045481824496519,0.047619047619047616,0.047619047619047616,0.14285714285714285,0.09523809523809523,0.026518059081388285,0.0380952380952381,0.0619047619047619,0.21428571428571427,0.10416666666666666,0.02886520432202433,0.026190476190476188,0.0619047619047619,0.21428571428571427,0.10416666666666666,0.02886520432202433
query,validation,both,relevance_grade,1,query_intent,Efficacy / Outcomes,3,1,2,0.0,0.0,0.0,0.0,0.0,0.0,0.0,0.0,0.0,0.0,0.0,0.0,0.0,0.0,0.0,0.03333333333333333,0.0,0.0,0.0,0.0,0.016666666666666666,0.0,0.0,0.0,0.0
query,validation,both,relevance_grade,1,query_intent,Guideline / Evidence Lookup,11,9,2,0.09090909090909091,0.0,0.0,0.0,0.0,0.0606060606060606,0.0,0.0,0.0,0.0,0.03636363636363637,0.0,0.0,0.0,0.0,0.06363636363636364,0.022222222222222223,0.1111111111111111,0.012345679012345678,0.002770765972633038,0.07727272727272728,0.022222222222222223,0.1111111111111111,0.012345679012345678,0.002770765972633038
query,validation,both,relevance_grade,1,query_intent,Interaction / Combination,3,2,1,0.0,0.0,0.0,0.0,0.0,0.0,0.0,0.0,0.0,0.0,0.0,0.0,0.0,0.0,0.0,0.03333333333333333,0.5,0.5,0.05,0.14453241315894394,0.016666666666666666,0.5,0.5,0.05,0.14453241315894394
query,validation,both,relevance_grade,1,query_intent,Management / Treatment Selection,11,8,3,0.0,0.0,0.0,0.0,0.0,0.0303030303030303,0.0,0.0,0.0,0.0,0.03636363636363637,0.0,0.0,0.0,0.0,0.02727272727272728,0.0,0.0,0.0,0.0,0.02727272727272728,0.125,0.125,0.007352941176470588,0.029976558321016433
query,validation,both,relevance_grade,1,query_intent,Mechanism / Background Knowledge,5,3,2,0.0,0.0,0.0,0.0,0.0,0.0,0.0,0.0,0.0,0.0,0.0,0.0,0.0,0.0,0.0,0.06000000000000001,0.0,0.0,0.0,0.0,0.06,0.0,0.0,0.0,0.0
query,validation,both,relevance_grade,1,query_intent,Monitoring / Response / Risk Assessment,11,9,2,0.0,0.0,0.0,0.0,0.0,0.0,0.0,0.0,0.0,0.0,0.0,0.0,0.0,0.0,0.0,0.02727272727272728,0.015873015873015872,0.1111111111111111,0.018518518518518517,0.015341691406942264,0.045454545454545456,0.07513227513227513,0.3333333333333333,0.03417508417508418,0.02990520984816774
query,validation,both,relevance_grade,1,query_intent,Prophylaxis / Maintenance,7,6,1,0.0,0.0,0.0,0.0,0.0,0.0,0.0,0.0,0.0,0.0,0.0,0.0,0.0,0.0,0.0,0.014285714285714287,0.05555555555555555,0.16666666666666666,0.020833333333333332,0.03918349981398659,0.05714285714285715,0.07936507936507936,0.3333333333333333,0.03009259259259259,0.043661740691893304
query,validation,both,relevance_grade,1,query_intent,Safety / Contraindication,15,9,6,0.0,0.0,0.0,0.0,0.0,0.02222222222222222,0.0,0.0,0.0,0.0,0.02666666666666667,0.0,0.0,0.0,0.0,0.04666666666666666,0.0,0.0,0.0,0.0,0.04666666666666667,0.013888888888888888,0.1111111111111111,0.006535947712418301,0.009772386219648588
query,validation,both,relevance_grade,1,query_intent,Treatment Change / Escalation,11,8,3,0.0,0.0,0.0,0.0,0.0,0.09090909090909091,0.0,0.0,0.0,0.0,0.10909090909090911,0.020833333333333332,0.125,0.025,0.005990902807864046,0.08181818181818183,0.020833333333333332,0.125,0.025,0.005737695250501824,0.06818181818181818,0.041666666666666664,0.125,0.025,0.017126593941279966
query,validation,both,relevance_grade,1,has_context,False,51,34,17,0.0,0.0,0.0,0.0,0.0,0.0130718954248366,0.0,0.0,0.0,0.0,0.0196078431372549,0.004901960784313725,0.029411764705882353,0.0058823529411764705,0.0014096241900856579,0.0392156862745098,0.04831932773109243,0.11764705882352941,0.017401960784313726,0.02082772381965595,0.04705882352941177,0.10252100840336134,0.23529411764705882,0.02491043654538464,0.035206099329444955
query,validation,both,relevance_grade,1,has_context,True,49,36,13,0.061224489795918366,0.004629629629629629,0.027777777777777776,0.027777777777777776,0.011904761904761904,0.06802721088435375,0.018518518518518517,0.05555555555555555,0.037037037037037035,0.011843540428597574,0.05306122448979593,0.018518518518518517,0.05555555555555555,0.037037037037037035,0.010312578531650999,0.04897959183673469,0.02962962962962963,0.1111111111111111,0.04359567901234568,0.011918048729501054,0.04285714285714286,0.03310185185185185,0.1388888888888889,0.045229665940450255,0.0143611452844132
query,validation,both_minus_entity_bonus,relevance_grade,1,query_language,EN,43,28,15,0.023255813953488372,0.005952380952380952,0.03571428571428571,0.03571428571428571,0.015306122448979591,0.007751937984496124,0.005952380952380952,0.03571428571428571,0.03571428571428571,0.010309345687193548,0.009302325581395349,0.005952380952380952,0.03571428571428571,0.03571428571428571,0.008340966105405096,0.034883720930232565,0.05986394557823129,0.17857142857142858,0.05565476190476191,0.028438777214749498,0.03837209302325582,0.07028061224489796,0.21428571428571427,0.05775560224089636,0.03226905603857192
query,validation,both_minus_entity_bonus,relevance_grade,1,query_language,ID,16,9,7,0.0625,0.0,0.0,0.0,0.0,0.08333333333333333,0.0,0.0,0.0,0.0,0.07500000000000001,0.0,0.0,0.0,0.0,0.05,0.0,0.0,0.0,0.0,0.053125000000000006,0.12698412698412698,0.2222222222222222,0.01270878721859114,0.02963132353728575
query,validation,both_minus_entity_bonus,relevance_grade,1,query_language,MIXED,41,33,8,0.0,0.0,0.0,0.0,0.0,0.048780487804878044,0.015151515151515152,0.030303030303030304,0.0101010101010101,0.0041729023087301005,0.04390243902439025,0.0202020202020202,0.06060606060606061,0.01616161616161616,0.0056252423833638085,0.04878048780487805,0.03636363636363636,0.12121212121212122,0.02427849927849928,0.013524884638259705,0.054878048780487805,0.04747474747474747,0.15151515151515152,0.027033320215138396,0.017813822833911475
query,validation,both_minus_entity_bonus,relevance_grade,1,query_intent,Comparative Treatment Choice,2,1,1,0.0,0.0,0.0,0.0,0.0,0.0,0.0,0.0,0.0,0.0,0.1,0.0,0.0,0.0,0.0,0.05,0.0,0.0,0.0,0.0,0.025,0.0,0.0,0.0,0.0
query,validation,both_minus_entity_bonus,relevance_grade,1,query_intent,Dosing / Administration,21,14,7,0.047619047619047616,0.011904761904761904,0.07142857142857142,0.07142857142857142,0.030612244897959183,0.047619047619047616,0.047619047619047616,0.14285714285714285,0.09523809523809523,0.03045481824496519,0.028571428571428574,0.047619047619047616,0.14285714285714285,0.09523809523809523,0.026518059081388285,0.0380952380952381,0.0619047619047619,0.21428571428571427,0.10714285714285714,0.029333805886334875,0.03333333333333333,0.0619047619047619,0.21428571428571427,0.10714285714285714,0.029333805886334875
query,validation,both_minus_entity_bonus,relevance_grade,1,query_intent,Efficacy / Outcomes,3,1,2,0.0,0.0,0.0,0.0,0.0,0.0,0.0,0.0,0.0,0.0,0.0,0.0,0.0,0.0,0.0,0.03333333333333333,0.0,0.0,0.0,0.0,0.03333333333333333,0.0,0.0,0.0,0.0
query,validation,both_minus_entity_bonus,relevance_grade,1,query_intent,Guideline / Evidence Lookup,11,9,2,0.09090909090909091,0.0,0.0,0.0,0.0,0.09090909090909091,0.0,0.0,0.0,0.0,0.05454545454545456,0.0,0.0,0.0,0.0,0.06363636363636364,0.022222222222222223,0.1111111111111111,0.015873015873015872,0.0030680951096158657,0.07727272727272727,0.022222222222222223,0.1111111111111111,0.015873015873015872,0.0030680951096158657
query,validation,both_minus_entity_bonus,relevance_grade,1,query_intent,Interaction / Combination,3,2,1,0.0,0.0,0.0,0.0,0.0,0.0,0.0,0.0,0.0,0.0,0.0,0.0,0.0,0.0,0.0,0.03333333333333333,0.5,0.5,0.0625,0.15773243839286438,0.03333333333333333,0.5,0.5,0.0625,0.15773243839286438
query,validation,both_minus_entity_bonus,relevance_grade,1,query_intent,Management / Treatment Selection,11,8,3,0.0,0.0,0.0,0.0,0.0,0.0303030303030303,0.0,0.0,0.0,0.0,0.03636363636363637,0.0,0.0,0.0,0.0,0.02727272727272728,0.0,0.0,0.0,0.0,0.02727272727272728,0.125,0.125,0.007352941176470588,0.029976558321016433
query,validation,both_minus_entity_bonus,relevance_grade,1,query_intent,Mechanism / Background Knowledge,5,3,2,0.0,0.0,0.0,0.0,0.0,0.0,0.0,0.0,0.0,0.0,0.0,0.0,0.0,0.0,0.0,0.06000000000000001,0.0,0.0,0.0,0.0,0.06,0.0,0.0,0.0,0.0
query,validation,both_minus_entity_bonus,relevance_grade,1,query_intent,Monitoring / Response / Risk Assessment,11,9,2,0.0,0.0,0.0,0.0,0.0,0.0,0.0,0.0,0.0,0.0,0.0,0.0,0.0,0.0,0.0,0.03636363636363637,0.03439153439153439,0.2222222222222222,0.02962962962962963,0.02309481988962915,0.05454545454545454,0.07513227513227513,0.3333333333333333,0.03973063973063973,0.03128872321737741
query,validation,both_minus_entity_bonus,relevance_grade,1,query_intent,Prophylaxis / Maintenance,7,6,1,0.0,0.0,0.0,0.0,0.0,0.0,0.0,0.0,0.0,0.0,0.0,0.0,0.0,0.0,0.0,0.014285714285714287,0.05555555555555555,0.16666666666666666,0.020833333333333332,0.03918349981398659,0.042857142857142864,0.07936507936507936,0.3333333333333333,0.03009259259259259,0.043661740691893304
query,validation,both_minus_entity_bonus,relevance_grade,1,query_intent,Safety / Contraindication,15,9,6,0.0,0.0,0.0,0.0,0.0,0.02222222222222222,0.0,0.0,0.0,0.0,0.02666666666666667,0.0,0.0,0.0,0.0,0.04,0.0,0.0,0.0,0.0,0.04666666666666667,0.013888888888888888,0.1111111111111111,0.006535947712418301,0.009772386219648588
query,validation,both_minus_entity_bonus,relevance_grade,1,query_intent,Treatment Change / Escalation,11,8,3,0.0,0.0,0.0,0.0,0.0,0.09090909090909091,0.0,0.0,0.0,0.0,0.10909090909090911,0.020833333333333332,0.125,0.025,0.005990902807864046,0.07272727272727274,0.020833333333333332,0.125,0.025,0.005737695250501824,0.06818181818181818,0.041666666666666664,0.125,0.025,0.016623465450122374
query,validation,both_minus_entity_bonus,relevance_grade,1,has_context,False,51,34,17,0.0,0.0,0.0,0.0,0.0,0.0130718954248366,0.0,0.0,0.0,0.0,0.0196078431372549,0.004901960784313725,0.029411764705882353,0.0058823529411764705,0.0014096241900856579,0.0392156862745098,0.05322128851540616,0.14705882352941177,0.02107843137254902,0.02365649460824486,0.049019607843137254,0.10252100840336134,0.23529411764705882,0.027116318898325817,0.03623041235478223
query,validation,both_minus_entity_bonus,relevance_grade,1,has_context,True,49,36,13,0.04081632653061224,0.004629629629629629,0.027777777777777776,0.027777777777777776,0.011904761904761904,0.061224489795918366,0.018518518518518517,0.05555555555555555,0.037037037037037035,0.011843540428597574,0.0489795918367347,0.018518518518518517,0.05555555555555555,0.037037037037037035,0.010312578531650999,0.04693877551020409,0.02962962962962963,0.1111111111111111,0.04563492063492063,0.012174614955423083,0.045918367346938785,0.03310185185185185,0.1388888888888889,0.04726890756302521,0.014617711510335231
query,validation,both_minus_entity_penalty,relevance_grade,1,query_language,EN,43,28,15,0.023255813953488372,0.005952380952380952,0.03571428571428571,0.03571428571428571,0.015306122448979591,0.007751937984496124,0.005952380952380952,0.03571428571428571,0.03571428571428571,0.010309345687193548,0.009302325581395349,0.005952380952380952,0.03571428571428571,0.03571428571428571,0.008340966105405096,0.034883720930232565,0.05986394557823129,0.17857142857142858,0.05565476190476191,0.028438777214749498,0.03837209302325582,0.07028061224489796,0.21428571428571427,0.05775560224089636,0.03226905603857192
query,validation,both_minus_entity_penalty,relevance_grade,1,query_language,ID,16,9,7,0.0625,0.0,0.0,0.0,0.0,0.08333333333333333,0.0,0.0,0.0,0.0,0.07500000000000001,0.0,0.0,0.0,0.0,0.05,0.0,0.0,0.0,0.0,0.053125000000000006,0.12698412698412698,0.2222222222222222,0.01270878721859114,0.02963132353728575
query,validation,both_minus_entity_penalty,relevance_grade,1,query_language,MIXED,41,33,8,0.0,0.0,0.0,0.0,0.0,0.048780487804878044,0.015151515151515152,0.030303030303030304,0.0101010101010101,0.0041729023087301005,0.04390243902439025,0.0202020202020202,0.06060606060606061,0.01616161616161616,0.0056252423833638085,0.04878048780487805,0.03636363636363636,0.12121212121212122,0.02427849927849928,0.013524884638259705,0.054878048780487805,0.04747474747474747,0.15151515151515152,0.027033320215138396,0.017813822833911475
query,validation,both_minus_entity_penalty,relevance_grade,1,query_intent,Comparative Treatment Choice,2,1,1,0.0,0.0,0.0,0.0,0.0,0.0,0.0,0.0,0.0,0.0,0.1,0.0,0.0,0.0,0.0,0.05,0.0,0.0,0.0,0.0,0.025,0.0,0.0,0.0,0.0
query,validation,both_minus_entity_penalty,relevance_grade,1,query_intent,Dosing / Administration,21,14,7,0.047619047619047616,0.011904761904761904,0.07142857142857142,0.07142857142857142,0.030612244897959183,0.047619047619047616,0.047619047619047616,0.14285714285714285,0.09523809523809523,0.03045481824496519,0.028571428571428574,0.047619047619047616,0.14285714285714285,0.09523809523809523,0.026518059081388285,0.0380952380952381,0.0619047619047619,0.21428571428571427,0.10714285714285714,0.029333805886334875,0.03333333333333333,0.0619047619047619,0.21428571428571427,0.10714285714285714,0.029333805886334875
query,validation,both_minus_entity_penalty,relevance_grade,1,query_intent,Efficacy / Outcomes,3,1,2,0.0,0.0,0.0,0.0,0.0,0.0,0.0,0.0,0.0,0.0,0.0,0.0,0.0,0.0,0.0,0.03333333333333333,0.0,0.0,0.0,0.0,0.03333333333333333,0.0,0.0,0.0,0.0
query,validation,both_minus_entity_penalty,relevance_grade,1,query_intent,Guideline / Evidence Lookup,11,9,2,0.09090909090909091,0.0,0.0,0.0,0.0,0.09090909090909091,0.0,0.0,0.0,0.0,0.05454545454545456,0.0,0.0,0.0,0.0,0.06363636363636364,0.022222222222222223,0.1111111111111111,0.015873015873015872,0.0030680951096158657,0.07727272727272727,0.022222222222222223,0.1111111111111111,0.015873015873015872,0.0030680951096158657
query,validation,both_minus_entity_penalty,relevance_grade,1,query_intent,Interaction / Combination,3,2,1,0.0,0.0,0.0,0.0,0.0,0.0,0.0,0.0,0.0,0.0,0.0,0.0,0.0,0.0,0.0,0.03333333333333333,0.5,0.5,0.0625,0.15773243839286438,0.03333333333333333,0.5,0.5,0.0625,0.15773243839286438
query,validation,both_minus_entity_penalty,relevance_grade,1,query_intent,Management / Treatment Selection,11,8,3,0.0,0.0,0.0,0.0,0.0,0.0303030303030303,0.0,0.0,0.0,0.0,0.03636363636363637,0.0,0.0,0.0,0.0,0.02727272727272728,0.0,0.0,0.0,0.0,0.02727272727272728,0.125,0.125,0.007352941176470588,0.029976558321016433
query,validation,both_minus_entity_penalty,relevance_grade,1,query_intent,Mechanism / Background Knowledge,5,3,2,0.0,0.0,0.0,0.0,0.0,0.0,0.0,0.0,0.0,0.0,0.0,0.0,0.0,0.0,0.0,0.06000000000000001,0.0,0.0,0.0,0.0,0.06,0.0,0.0,0.0,0.0
query,validation,both_minus_entity_penalty,relevance_grade,1,query_intent,Monitoring / Response / Risk Assessment,11,9,2,0.0,0.0,0.0,0.0,0.0,0.0,0.0,0.0,0.0,0.0,0.0,0.0,0.0,0.0,0.0,0.03636363636363637,0.03439153439153439,0.2222222222222222,0.02962962962962963,0.02309481988962915,0.05454545454545454,0.07513227513227513,0.3333333333333333,0.03973063973063973,0.03128872321737741
query,validation,both_minus_entity_penalty,relevance_grade,1,query_intent,Prophylaxis / Maintenance,7,6,1,0.0,0.0,0.0,0.0,0.0,0.0,0.0,0.0,0.0,0.0,0.0,0.0,0.0,0.0,0.0,0.014285714285714287,0.05555555555555555,0.16666666666666666,0.020833333333333332,0.03918349981398659,0.042857142857142864,0.07936507936507936,0.3333333333333333,0.03009259259259259,0.043661740691893304
query,validation,both_minus_entity_penalty,relevance_grade,1,query_intent,Safety / Contraindication,15,9,6,0.0,0.0,0.0,0.0,0.0,0.02222222222222222,0.0,0.0,0.0,0.0,0.02666666666666667,0.0,0.0,0.0,0.0,0.04,0.0,0.0,0.0,0.0,0.04666666666666667,0.013888888888888888,0.1111111111111111,0.006535947712418301,0.009772386219648588
query,validation,both_minus_entity_penalty,relevance_grade,1,query_intent,Treatment Change / Escalation,11,8,3,0.0,0.0,0.0,0.0,0.0,0.09090909090909091,0.0,0.0,0.0,0.0,0.10909090909090911,0.020833333333333332,0.125,0.025,0.005990902807864046,0.07272727272727274,0.020833333333333332,0.125,0.025,0.005737695250501824,0.06818181818181818,0.041666666666666664,0.125,0.025,0.016623465450122374
query,validation,both_minus_entity_penalty,relevance_grade,1,has_context,False,51,34,17,0.0,0.0,0.0,0.0,0.0,0.0130718954248366,0.0,0.0,0.0,0.0,0.0196078431372549,0.004901960784313725,0.029411764705882353,0.0058823529411764705,0.0014096241900856579,0.0392156862745098,0.05322128851540616,0.14705882352941177,0.02107843137254902,0.02365649460824486,0.049019607843137254,0.10252100840336134,0.23529411764705882,0.027116318898325817,0.03623041235478223
query,validation,both_minus_entity_penalty,relevance_grade,1,has_context,True,49,36,13,0.04081632653061224,0.004629629629629629,0.027777777777777776,0.027777777777777776,0.011904761904761904,0.061224489795918366,0.018518518518518517,0.05555555555555555,0.037037037037037035,0.011843540428597574,0.0489795918367347,0.018518518518518517,0.05555555555555555,0.037037037037037035,0.010312578531650999,0.04693877551020409,0.02962962962962963,0.1111111111111111,0.04563492063492063,0.012174614955423083,0.045918367346938785,0.03310185185185185,0.1388888888888889,0.04726890756302521,0.014617711510335231
query,validation,both_minus_context_bonus,relevance_grade,1,query_language,EN,43,28,15,0.023255813953488372,0.005952380952380952,0.03571428571428571,0.03571428571428571,0.015306122448979591,0.015503875968992248,0.005952380952380952,0.03571428571428571,0.03571428571428571,0.010309345687193548,0.018604651162790697,0.005952380952380952,0.03571428571428571,0.03571428571428571,0.008340966105405096,0.03023255813953489,0.0467687074829932,0.10714285714285714,0.045238095238095244,0.022955365805281458,0.03255813953488373,0.06581632653061224,0.17857142857142858,0.05071699134199135,0.027456270806165608
query,validation,both_minus_context_bonus,relevance_grade,1,query_language,ID,16,9,7,0.0,0.0,0.0,0.0,0.0,0.08333333333333333,0.0,0.0,0.0,0.0,0.07500000000000001,0.0,0.0,0.0,0.0,0.05625000000000001,0.0,0.0,0.0,0.0,0.053125000000000006,0.12698412698412698,0.2222222222222222,0.01270878721859114,0.02963132353728575
query,validation,both_minus_context_bonus,relevance_grade,1,query_language,MIXED,41,33,8,0.024390243902439025,0.0,0.0,0.0,0.0,0.04065040650406504,0.015151515151515152,0.030303030303030304,0.0101010101010101,0.0041729023087301005,0.04878048780487806,0.0202020202020202,0.06060606060606061,0.01616161616161616,0.0056252423833638085,0.05365853658536586,0.03636363636363636,0.12121212121212122,0.023316498316498315,0.013443794873628024,0.05731707317073171,0.07777777777777777,0.18181818181818182,0.026996151996151994,0.025307726436862934
query,validation,both_minus_context_bonus,relevance_grade,1,query_intent,Comparative Treatment Choice,2,1,1,0.0,0.0,0.0,0.0,0.0,0.16666666666666666,0.0,0.0,0.0,0.0,0.1,0.0,0.0,0.0,0.0,0.05,0.0,0.0,0.0,0.0,0.05,0.0,0.0,0.0,0.0
query,validation,both_minus_context_bonus,relevance_grade,1,query_intent,Dosing / Administration,21,14,7,0.09523809523809523,0.011904761904761904,0.07142857142857142,0.07142857142857142,0.030612244897959183,0.06349206349206349,0.047619047619047616,0.14285714285714285,0.09523809523809523,0.03045481824496519,0.047619047619047616,0.047619047619047616,0.14285714285714285,0.09523809523809523,0.026518059081388285,0.03333333333333333,0.047619047619047616,0.14285714285714285,0.09523809523809523,0.025236854982543275,0.03571428571428572,0.0619047619047619,0.21428571428571427,0.09970238095238095,0.028050726504288876
query,validation,both_minus_context_bonus,relevance_grade,1,query_intent,Efficacy / Outcomes,3,1,2,0.0,0.0,0.0,0.0,0.0,0.0,0.0,0.0,0.0,0.0,0.0,0.0,0.0,0.0,0.0,0.03333333333333333,0.0,0.0,0.0,0.0,0.016666666666666666,0.0,0.0,0.0,0.0
query,validation,both_minus_context_bonus,relevance_grade,1,query_intent,Guideline / Evidence Lookup,11,9,2,0.0,0.0,0.0,0.0,0.0,0.0303030303030303,0.0,0.0,0.0,0.0,0.05454545454545456,0.0,0.0,0.0,0.0,0.07272727272727274,0.022222222222222223,0.1111111111111111,0.012345679012345678,0.002770765972633038,0.06363636363636364,0.022222222222222223,0.1111111111111111,0.012345679012345678,0.002770765972633038
query,validation,both_minus_context_bonus,relevance_grade,1,query_intent,Interaction / Combination,3,2,1,0.0,0.0,0.0,0.0,0.0,0.0,0.0,0.0,0.0,0.0,0.0,0.0,0.0,0.0,0.0,0.03333333333333333,0.5,0.5,0.05,0.14453241315894394,0.016666666666666666,0.5,0.5,0.05,0.14453241315894394
query,validation,both_minus_context_bonus,relevance_grade,1,query_intent,Management / Treatment Selection,11,8,3,0.0,0.0,0.0,0.0,0.0,0.0303030303030303,0.0,0.0,0.0,0.0,0.03636363636363637,0.0,0.0,0.0,0.0,0.02727272727272728,0.0,0.0,0.0,0.0,0.02727272727272728,0.125,0.125,0.007352941176470588,0.029976558321016433
query,validation,both_minus_context_bonus,relevance_grade,1,query_intent,Mechanism / Background Knowledge,5,3,2,0.0,0.0,0.0,0.0,0.0,0.0,0.0,0.0,0.0,0.0,0.0,0.0,0.0,0.0,0.0,0.06000000000000001,0.0,0.0,0.0,0.0,0.06,0.0,0.0,0.0,0.0
query,validation,both_minus_context_bonus,relevance_grade,1,query_intent,Monitoring / Response / Risk Assessment,11,9,2,0.0,0.0,0.0,0.0,0.0,0.0,0.0,0.0,0.0,0.0,0.0,0.0,0.0,0.0,0.0,0.02727272727272728,0.015873015873015872,0.1111111111111111,0.018518518518518517,0.015341691406942264,0.045454545454545456,0.07513227513227513,0.3333333333333333,0.03417508417508418,0.02990520984816774
query,validation,both_minus_context_bonus,relevance_grade,1,query_intent,Prophylaxis / Maintenance,7,6,1,0.0,0.0,0.0,0.0,0.0,0.0,0.0,0.0,0.0,0.0,0.0,0.0,0.0,0.0,0.0,0.014285714285714287,0.05555555555555555,0.16666666666666666,0.020833333333333332,0.03918349981398659,0.05714285714285715,0.07936507936507936,0.3333333333333333,0.03009259259259259,0.043661740691893304
query,validation,both_minus_context_bonus,relevance_grade,1,query_intent,Safety / Contraindication,15,9,6,0.0,0.0,0.0,0.0,0.0,0.02222222222222222,0.0,0.0,0.0,0.0,0.04000000000000001,0.0,0.0,0.0,0.0,0.04666666666666666,0.0,0.0,0.0,0.0,0.04333333333333333,0.0,0.0,0.0,0.0
query,validation,both_minus_context_bonus,relevance_grade,1,query_intent,Treatment Change / Escalation,11,8,3,0.0,0.0,0.0,0.0,0.0,0.09090909090909091,0.0,0.0,0.0,0.0,0.10909090909090911,0.020833333333333332,0.125,0.025,0.005990902807864046,0.08181818181818183,0.020833333333333332,0.125,0.025,0.005737695250501824,0.07272727272727274,0.16666666666666666,0.25,0.03392857142857143,0.049121347042506903
query,validation,both_minus_context_bonus,relevance_grade,1,has_context,False,51,34,17,0.0,0.0,0.0,0.0,0.0,0.0130718954248366,0.0,0.0,0.0,0.0,0.0196078431372549,0.004901960784313725,0.029411764705882353,0.0058823529411764705,0.0014096241900856579,0.0392156862745098,0.04831932773109243,0.11764705882352941,0.017401960784313726,0.02082772381965595,0.04705882352941177,0.10252100840336134,0.23529411764705882,0.02491043654538464,0.035206099329444955
query,validation,both_minus_context_bonus,relevance_grade,1,has_context,True,49,36,13,0.04081632653061224,0.004629629629629629,0.027777777777777776,0.027777777777777776,0.011904761904761904,0.061224489795918366,0.018518518518518517,0.05555555555555555,0.037037037037037035,0.011843540428597574,0.061224489795918366,0.018518518518518517,0.05555555555555555,0.037037037037037035,0.010312578531650999,0.04897959183673469,0.02407407407407407,0.08333333333333333,0.040123456790123455,0.010507023986369534,0.04489795918367347,0.0574074074074074,0.1388888888888889,0.04384369488536155,0.018711252489543254
query,validation,both_minus_context_penalty,relevance_grade,1,query_language,EN,43,28,15,0.023255813953488372,0.005952380952380952,0.03571428571428571,0.03571428571428571,0.015306122448979591,0.015503875968992248,0.005952380952380952,0.03571428571428571,0.03571428571428571,0.010309345687193548,0.018604651162790697,0.005952380952380952,0.03571428571428571,0.03571428571428571,0.008340966105405096,0.03255813953488373,0.05391156462585034,0.14285714285714285,0.049702380952380956,0.024769540475021983,0.03255813953488373,0.07028061224489796,0.21428571428571427,0.05504997453526866,0.031004633857063237
query,validation,both_minus_context_penalty,relevance_grade,1,query_language,ID,16,9,7,0.0625,0.0,0.0,0.0,0.0,0.10416666666666666,0.0,0.0,0.0,0.0,0.07500000000000001,0.0,0.0,0.0,0.0,0.05625000000000001,0.0,0.0,0.0,0.0,0.04687500000000001,0.12698412698412698,0.2222222222222222,0.01270878721859114,0.02963132353728575
query,validation,both_minus_context_penalty,relevance_grade,1,query_language,MIXED,41,33,8,0.024390243902439025,0.0,0.0,0.0,0.0,0.04065040650406504,0.015151515151515152,0.030303030303030304,0.0101010101010101,0.0041729023087301005,0.03902439024390244,0.0202020202020202,0.06060606060606061,0.01616161616161616,0.0056252423833638085,0.051219512195121955,0.03636363636363636,0.12121212121212122,0.023316498316498315,0.013443794873628024,0.05731707317073171,0.04747474747474747,0.15151515151515152,0.02483164983164983,0.017551422654747316
query,validation,both_minus_context_penalty,relevance_grade,1,query_intent,Comparative Treatment Choice,2,1,1,0.0,0.0,0.0,0.0,0.0,0.16666666666666666,0.0,0.0,0.0,0.0,0.1,0.0,0.0,0.0,0.0,0.05,0.0,0.0,0.0,0.0,0.025,0.0,0.0,0.0,0.0
query,validation,both_minus_context_penalty,relevance_grade,1,query_intent,Dosing / Administration,21,14,7,0.09523809523809523,0.011904761904761904,0.07142857142857142,0.07142857142857142,0.030612244897959183,0.06349206349206349,0.047619047619047616,0.14285714285714285,0.09523809523809523,0.03045481824496519,0.047619047619047616,0.047619047619047616,0.14285714285714285,0.09523809523809523,0.026518059081388285,0.0380952380952381,0.0619047619047619,0.21428571428571427,0.10416666666666666,0.02886520432202433,0.026190476190476188,0.0619047619047619,0.21428571428571427,0.10416666666666666,0.02886520432202433
query,validation,both_minus_context_penalty,relevance_grade,1,query_intent,Efficacy / Outcomes,3,1,2,0.0,0.0,0.0,0.0,0.0,0.0,0.0,0.0,0.0,0.0,0.0,0.0,0.0,0.0,0.0,0.03333333333333333,0.0,0.0,0.0,0.0,0.016666666666666666,0.0,0.0,0.0,0.0
query,validation,both_minus_context_penalty,relevance_grade,1,query_intent,Guideline / Evidence Lookup,11,9,2,0.09090909090909091,0.0,0.0,0.0,0.0,0.0606060606060606,0.0,0.0,0.0,0.0,0.03636363636363637,0.0,0.0,0.0,0.0,0.06363636363636364,0.022222222222222223,0.1111111111111111,0.012345679012345678,0.002770765972633038,0.07727272727272728,0.022222222222222223,0.1111111111111111,0.012345679012345678,0.002770765972633038
query,validation,both_minus_context_penalty,relevance_grade,1,query_intent,Interaction / Combination,3,2,1,0.0,0.0,0.0,0.0,0.0,0.0,0.0,0.0,0.0,0.0,0.0,0.0,0.0,0.0,0.0,0.03333333333333333,0.5,0.5,0.05,0.14453241315894394,0.016666666666666666,0.5,0.5,0.05,0.14453241315894394
query,validation,both_minus_context_penalty,relevance_grade,1,query_intent,Management / Treatment Selection,11,8,3,0.0,0.0,0.0,0.0,0.0,0.0303030303030303,0.0,0.0,0.0,0.0,0.03636363636363637,0.0,0.0,0.0,0.0,0.02727272727272728,0.0,0.0,0.0,0.0,0.02727272727272728,0.125,0.125,0.007352941176470588,0.029976558321016433
query,validation,both_minus_context_penalty,relevance_grade,1,query_intent,Mechanism / Background Knowledge,5,3,2,0.0,0.0,0.0,0.0,0.0,0.0,0.0,0.0,0.0,0.0,0.0,0.0,0.0,0.0,0.0,0.06000000000000001,0.0,0.0,0.0,0.0,0.06,0.0,0.0,0.0,0.0
query,validation,both_minus_context_penalty,relevance_grade,1,query_intent,Monitoring / Response / Risk Assessment,11,9,2,0.0,0.0,0.0,0.0,0.0,0.0,0.0,0.0,0.0,0.0,0.0,0.0,0.0,0.0,0.0,0.02727272727272728,0.015873015873015872,0.1111111111111111,0.018518518518518517,0.015341691406942264,0.045454545454545456,0.07513227513227513,0.3333333333333333,0.03417508417508418,0.02990520984816774
query,validation,both_minus_context_penalty,relevance_grade,1,query_intent,Prophylaxis / Maintenance,7,6,1,0.0,0.0,0.0,0.0,0.0,0.0,0.0,0.0,0.0,0.0,0.0,0.0,0.0,0.0,0.0,0.014285714285714287,0.05555555555555555,0.16666666666666666,0.020833333333333332,0.03918349981398659,0.05714285714285715,0.07936507936507936,0.3333333333333333,0.03009259259259259,0.043661740691893304
query,validation,both_minus_context_penalty,relevance_grade,1,query_intent,Safety / Contraindication,15,9,6,0.0,0.0,0.0,0.0,0.0,0.02222222222222222,0.0,0.0,0.0,0.0,0.02666666666666667,0.0,0.0,0.0,0.0,0.04666666666666666,0.0,0.0,0.0,0.0,0.04666666666666667,0.013888888888888888,0.1111111111111111,0.006535947712418301,0.009772386219648588
query,validation,both_minus_context_penalty,relevance_grade,1,query_intent,Treatment Change / Escalation,11,8,3,0.0,0.0,0.0,0.0,0.0,0.09090909090909091,0.0,0.0,0.0,0.0,0.10909090909090911,0.020833333333333332,0.125,0.025,0.005990902807864046,0.08181818181818183,0.020833333333333332,0.125,0.025,0.005737695250501824,0.06818181818181818,0.041666666666666664,0.125,0.025,0.017126593941279966
query,validation,both_minus_context_penalty,relevance_grade,1,has_context,False,51,34,17,0.0,0.0,0.0,0.0,0.0,0.0130718954248366,0.0,0.0,0.0,0.0,0.0196078431372549,0.004901960784313725,0.029411764705882353,0.0058823529411764705,0.0014096241900856579,0.0392156862745098,0.04831932773109243,0.11764705882352941,0.017401960784313726,0.02082772381965595,0.04705882352941177,0.10252100840336134,0.23529411764705882,0.02491043654538464,0.035206099329444955
query,validation,both_minus_context_penalty,relevance_grade,1,has_context,True,49,36,13,0.061224489795918366,0.004629629629629629,0.027777777777777776,0.027777777777777776,0.011904761904761904,0.06802721088435375,0.018518518518518517,0.05555555555555555,0.037037037037037035,0.011843540428597574,0.05306122448979593,0.018518518518518517,0.05555555555555555,0.037037037037037035,0.010312578531650999,0.04897959183673469,0.02962962962962963,0.1111111111111111,0.04359567901234568,0.011918048729501054,0.04285714285714286,0.03310185185185185,0.1388888888888889,0.045229665940450255,0.0143611452844132
query,validation,fixed_bonuses,relevance_grade,1,query_language,EN,43,28,15,0.023255813953488372,0.005952380952380952,0.03571428571428571,0.03571428571428571,0.015306122448979591,0.007751937984496124,0.005952380952380952,0.03571428571428571,0.03571428571428571,0.010309345687193548,0.018604651162790697,0.011054421768707483,0.07142857142857142,0.04285714285714286,0.01390908546770733,0.034883720930232565,0.05986394557823129,0.17857142857142858,0.059226190476190474,0.029441874490959693,0.03488372093023256,0.07325680272108845,0.25,0.06320673006044522,0.03580890714800352
query,validation,fixed_bonuses,relevance_grade,1,query_language,ID,16,9,7,0.0,0.0,0.0,0.0,0.0,0.10416666666666666,0.0,0.0,0.0,0.0,0.07500000000000001,0.0,0.0,0.0,0.0,0.05625000000000001,0.0,0.0,0.0,0.0,0.053125000000000006,0.12698412698412698,0.2222222222222222,0.013117283950617283,0.03016888748729626
query,validation,fixed_bonuses,relevance_grade,1,query_language,MIXED,41,33,8,0.024390243902439025,0.0,0.0,0.0,0.0,0.05691056910569105,0.02121212121212121,0.06060606060606061,0.02525252525252525,0.006723503719545755,0.04390243902439025,0.02121212121212121,0.06060606060606061,0.02525252525252525,0.006520746268219825,0.04878048780487805,0.03232323232323232,0.12121212121212122,0.03336940836940837,0.009626708257436016,0.05000000000000001,0.055050505050505044,0.18181818181818182,0.037914862914862915,0.022328990590100045
query,validation,fixed_bonuses,relevance_grade,1,query_intent,Comparative Treatment Choice,2,1,1,0.0,0.0,0.0,0.0,0.0,0.16666666666666666,0.0,0.0,0.0,0.0,0.1,0.0,0.0,0.0,0.0,0.05,0.0,0.0,0.0,0.0,0.05,0.0,0.0,0.0,0.0
query,validation,fixed_bonuses,relevance_grade,1,query_intent,Dosing / Administration,21,14,7,0.047619047619047616,0.011904761904761904,0.07142857142857142,0.07142857142857142,0.030612244897959183,0.047619047619047616,0.047619047619047616,0.14285714285714285,0.10714285714285714,0.03303050157948995,0.028571428571428574,0.047619047619047616,0.14285714285714285,0.10714285714285714,0.029093742415913053,0.0380952380952381,0.0619047619047619,0.21428571428571427,0.11904761904761904,0.031909489220859635,0.030952380952380953,0.0619047619047619,0.21428571428571427,0.11904761904761904,0.031909489220859635
query,validation,fixed_bonuses,relevance_grade,1,query_intent,Efficacy / Outcomes,3,1,2,0.0,0.0,0.0,0.0,0.0,0.0,0.0,0.0,0.0,0.0,0.0,0.0,0.0,0.0,0.0,0.03333333333333333,0.0,0.0,0.0,0.0,0.03333333333333333,0.0,0.0,0.0,0.0
query,validation,fixed_bonuses,relevance_grade,1,query_intent,Guideline / Evidence Lookup,11,9,2,0.0,0.0,0.0,0.0,0.0,0.09090909090909091,0.022222222222222223,0.1111111111111111,0.037037037037037035,0.005345586652618877,0.07272727272727274,0.022222222222222223,0.1111111111111111,0.037037037037037035,0.004602142664423799,0.06363636363636364,0.022222222222222223,0.1111111111111111,0.037037037037037035,0.004602142664423799,0.07272727272727274,0.022222222222222223,0.1111111111111111,0.037037037037037035,0.004602142664423799
query,validation,fixed_bonuses,relevance_grade,1,query_intent,Interaction / Combination,3,2,1,0.0,0.0,0.0,0.0,0.0,0.0,0.0,0.0,0.0,0.0,0.0,0.0,0.0,0.0,0.0,0.03333333333333333,0.5,0.5,0.0625,0.15773243839286438,0.03333333333333333,0.5,0.5,0.0625,0.15773243839286438
query,validation,fixed_bonuses,relevance_grade,1,query_intent,Management / Treatment Selection,11,8,3,0.0,0.0,0.0,0.0,0.0,0.0606060606060606,0.0,0.0,0.0,0.0,0.03636363636363637,0.0,0.0,0.0,0.0,0.02727272727272728,0.0,0.0,0.0,0.0,0.022727272727272728,0.125,0.125,0.0078125,0.030581317764778255
query,validation,fixed_bonuses,relevance_grade,1,query_intent,Mechanism / Background Knowledge,5,3,2,0.0,0.0,0.0,0.0,0.0,0.0,0.0,0.0,0.0,0.0,0.0,0.0,0.0,0.0,0.0,0.06000000000000001,0.0,0.0,0.0,0.0,0.05,0.0,0.0,0.0,0.0
query,validation,fixed_bonuses,relevance_grade,1,query_intent,Monitoring / Response / Risk Assessment,11,9,2,0.0,0.0,0.0,0.0,0.0,0.0,0.0,0.0,0.0,0.0,0.03636363636363637,0.015873015873015872,0.1111111111111111,0.022222222222222223,0.017323038016051392,0.03636363636363637,0.05661375661375661,0.3333333333333333,0.05661375661375661,0.033445081864533974,0.05,0.08439153439153439,0.4444444444444444,0.06246170983013087,0.043481241689021746
query,validation,fixed_bonuses,relevance_grade,1,query_intent,Prophylaxis / Maintenance,7,6,1,0.0,0.0,0.0,0.0,0.0,0.0,0.0,0.0,0.0,0.0,0.0,0.0,0.0,0.0,0.0,0.0,0.0,0.0,0.0,0.0,0.03571428571428571,0.12103174603174603,0.5,0.03425925925925926,0.059509066644445774
query,validation,fixed_bonuses,relevance_grade,1,query_intent,Safety / Contraindication,15,9,6,0.06666666666666667,0.0,0.0,0.0,0.0,0.02222222222222222,0.0,0.0,0.0,0.0,0.04000000000000001,0.0,0.0,0.0,0.0,0.04,0.0,0.0,0.0,0.0,0.04666666666666667,0.013888888888888888,0.1111111111111111,0.006535947712418301,0.009772386219648588
query,validation,fixed_bonuses,relevance_grade,1,query_intent,Treatment Change / Escalation,11,8,3,0.0,0.0,0.0,0.0,0.0,0.09090909090909091,0.0,0.0,0.0,0.0,0.07272727272727274,0.0,0.0,0.0,0.0,0.09090909090909091,0.020833333333333332,0.125,0.015625,0.004678888950484531,0.05909090909090909,0.041666666666666664,0.125,0.015625,0.015802684247819353
query,validation,fixed_bonuses,relevance_grade,1,has_context,False,51,34,17,0.0196078431372549,0.0,0.0,0.0,0.0,0.0196078431372549,0.0,0.0,0.0,0.0,0.027450980392156866,0.004201680672268907,0.029411764705882353,0.0058823529411764705,0.004585510063072428,0.03725490196078431,0.04929971988795518,0.14705882352941177,0.022338935574229692,0.01923240368148267,0.04313725490196079,0.11232492997198879,0.29411764705882354,0.03177091011843333,0.04220360199865823
query,validation,fixed_bonuses,relevance_grade,1,has_context,True,49,36,13,0.02040816326530612,0.004629629629629629,0.027777777777777776,0.027777777777777776,0.011904761904761904,0.06802721088435373,0.02407407407407407,0.08333333333333333,0.05092592592592592,0.014181591721845256,0.0489795918367347,0.02407407407407407,0.08333333333333333,0.05092592592592592,0.012464768827849915,0.05102040816326531,0.02962962962962963,0.1111111111111111,0.05555555555555555,0.013559781474218031,0.04489795918367347,0.03310185185185185,0.1388888888888889,0.05718954248366012,0.01600287802913018
query,validation,fixed_penalties,relevance_grade,1,query_language,EN,43,28,15,0.023255813953488372,0.005952380952380952,0.03571428571428571,0.03571428571428571,0.015306122448979591,0.015503875968992248,0.005952380952380952,0.03571428571428571,0.03571428571428571,0.010309345687193548,0.023255813953488372,0.011054421768707483,0.07142857142857142,0.04285714285714286,0.01390908546770733,0.034883720930232565,0.05986394557823129,0.17857142857142858,0.059226190476190474,0.029441874490959693,0.03372093023255814,0.07325680272108845,0.25,0.06320673006044522,0.03580890714800352
query,validation,fixed_penalties,relevance_grade,1,query_language,ID,16,9,7,0.0,0.0,0.0,0.0,0.0,0.10416666666666666,0.0,0.0,0.0,0.0,0.0625,0.0,0.0,0.0,0.0,0.05625000000000001,0.0,0.0,0.0,0.0,0.053125000000000006,0.12698412698412698,0.2222222222222222,0.013117283950617283,0.03016888748729626
query,validation,fixed_penalties,relevance_grade,1,query_language,MIXED,41,33,8,0.024390243902439025,0.0,0.0,0.0,0.0,0.05691056910569105,0.02121212121212121,0.06060606060606061,0.02525252525252525,0.006723503719545755,0.04878048780487805,0.02121212121212121,0.06060606060606061,0.02525252525252525,0.006520746268219825,0.04634146341463415,0.03232323232323232,0.12121212121212122,0.03336940836940837,0.009626708257436016,0.0475609756097561,0.055050505050505044,0.18181818181818182,0.037914862914862915,0.022328990590100045
query,validation,fixed_penalties,relevance_grade,1,query_intent,Comparative Treatment Choice,2,1,1,0.0,0.0,0.0,0.0,0.0,0.16666666666666666,0.0,0.0,0.0,0.0,0.1,0.0,0.0,0.0,0.0,0.05,0.0,0.0,0.0,0.0,0.05,0.0,0.0,0.0,0.0
query,validation,fixed_penalties,relevance_grade,1,query_intent,Dosing / Administration,21,14,7,0.047619047619047616,0.011904761904761904,0.07142857142857142,0.07142857142857142,0.030612244897959183,0.06349206349206349,0.047619047619047616,0.14285714285714285,0.10714285714285714,0.03303050157948995,0.0380952380952381,0.047619047619047616,0.14285714285714285,0.10714285714285714,0.029093742415913053,0.0380952380952381,0.0619047619047619,0.21428571428571427,0.11904761904761904,0.031909489220859635,0.02857142857142857,0.0619047619047619,0.21428571428571427,0.11904761904761904,0.031909489220859635
query,validation,fixed_penalties,relevance_grade,1,query_intent,Efficacy / Outcomes,3,1,2,0.0,0.0,0.0,0.0,0.0,0.0,0.0,0.0,0.0,0.0,0.0,0.0,0.0,0.0,0.0,0.03333333333333333,0.0,0.0,0.0,0.0,0.03333333333333333,0.0,0.0,0.0,0.0
query,validation,fixed_penalties,relevance_grade,1,query_intent,Guideline / Evidence Lookup,11,9,2,0.0,0.0,0.0,0.0,0.0,0.09090909090909091,0.022222222222222223,0.1111111111111111,0.037037037037037035,0.005345586652618877,0.05454545454545456,0.022222222222222223,0.1111111111111111,0.037037037037037035,0.004602142664423799,0.06363636363636364,0.022222222222222223,0.1111111111111111,0.037037037037037035,0.004602142664423799,0.06363636363636363,0.022222222222222223,0.1111111111111111,0.037037037037037035,0.004602142664423799
query,validation,fixed_penalties,relevance_grade,1,query_intent,Interaction / Combination,3,2,1,0.0,0.0,0.0,0.0,0.0,0.0,0.0,0.0,0.0,0.0,0.0,0.0,0.0,0.0,0.0,0.03333333333333333,0.5,0.5,0.0625,0.15773243839286438,0.03333333333333333,0.5,0.5,0.0625,0.15773243839286438
query,validation,fixed_penalties,relevance_grade,1,query_intent,Management / Treatment Selection,11,8,3,0.0,0.0,0.0,0.0,0.0,0.0606060606060606,0.0,0.0,0.0,0.0,0.03636363636363637,0.0,0.0,0.0,0.0,0.02727272727272728,0.0,0.0,0.0,0.0,0.022727272727272728,0.125,0.125,0.0078125,0.030581317764778255
query,validation,fixed_penalties,relevance_grade,1,query_intent,Mechanism / Background Knowledge,5,3,2,0.0,0.0,0.0,0.0,0.0,0.0,0.0,0.0,0.0,0.0,0.0,0.0,0.0,0.0,0.0,0.06000000000000001,0.0,0.0,0.0,0.0,0.05,0.0,0.0,0.0,0.0
query,validation,fixed_penalties,relevance_grade,1,query_intent,Monitoring / Response / Risk Assessment,11,9,2,0.0,0.0,0.0,0.0,0.0,0.0,0.0,0.0,0.0,0.0,0.03636363636363637,0.015873015873015872,0.1111111111111111,0.022222222222222223,0.017323038016051392,0.03636363636363637,0.05661375661375661,0.3333333333333333,0.05661375661375661,0.033445081864533974,0.05,0.08439153439153439,0.4444444444444444,0.06246170983013087,0.043481241689021746
query,validation,fixed_penalties,relevance_grade,1,query_intent,Prophylaxis / Maintenance,7,6,1,0.0,0.0,0.0,0.0,0.0,0.0,0.0,0.0,0.0,0.0,0.0,0.0,0.0,0.0,0.0,0.0,0.0,0.0,0.0,0.0,0.03571428571428571,0.12103174603174603,0.5,0.03425925925925926,0.059509066644445774
query,validation,fixed_penalties,relevance_grade,1,query_intent,Safety / Contraindication,15,9,6,0.06666666666666667,0.0,0.0,0.0,0.0,0.02222222222222222,0.0,0.0,0.0,0.0,0.05333333333333334,0.0,0.0,0.0,0.0,0.04,0.0,0.0,0.0,0.0,0.04666666666666667,0.013888888888888888,0.1111111111111111,0.006535947712418301,0.009772386219648588
query,validation,fixed_penalties,relevance_grade,1,query_intent,Treatment Change / Escalation,11,8,3,0.0,0.0,0.0,0.0,0.0,0.09090909090909091,0.0,0.0,0.0,0.0,0.07272727272727274,0.0,0.0,0.0,0.0,0.08181818181818183,0.020833333333333332,0.125,0.015625,0.004678888950484531,0.05909090909090909,0.041666666666666664,0.125,0.015625,0.015802684247819353
query,validation,fixed_penalties,relevance_grade,1,has_context,False,51,34,17,0.0196078431372549,0.0,0.0,0.0,0.0,0.0196078431372549,0.0,0.0,0.0,0.0,0.027450980392156866,0.004201680672268907,0.029411764705882353,0.0058823529411764705,0.004585510063072428,0.03725490196078431,0.04929971988795518,0.14705882352941177,0.022338935574229692,0.01923240368148267,0.04313725490196079,0.11232492997198879,0.29411764705882354,0.03177091011843333,0.04220360199865823
query,validation,fixed_penalties,relevance_grade,1,has_context,True,49,36,13,0.02040816326530612,0.004629629629629629,0.027777777777777776,0.027777777777777776,0.011904761904761904,0.07482993197278912,0.02407407407407407,0.08333333333333333,0.05092592592592592,0.014181591721845256,0.05306122448979592,0.02407407407407407,0.08333333333333333,0.05092592592592592,0.012464768827849915,0.04897959183673469,0.02962962962962963,0.1111111111111111,0.05555555555555555,0.013559781474218031,0.041836734693877546,0.03310185185185185,0.1388888888888889,0.05718954248366012,0.01600287802913018
query,validation,fixed_both,relevance_grade,1,query_language,EN,43,28,15,0.023255813953488372,0.005952380952380952,0.03571428571428571,0.03571428571428571,0.015306122448979591,0.015503875968992248,0.005952380952380952,0.03571428571428571,0.03571428571428571,0.010309345687193548,0.023255813953488372,0.011054421768707483,0.07142857142857142,0.04285714285714286,0.01390908546770733,0.034883720930232565,0.05986394557823129,0.17857142857142858,0.059226190476190474,0.029441874490959693,0.037209302325581395,0.07028061224489796,0.21428571428571427,0.06132703081232493,0.03327215331478211
query,validation,fixed_both,relevance_grade,1,query_language,ID,16,9,7,0.0,0.0,0.0,0.0,0.0,0.08333333333333333,0.0,0.0,0.0,0.0,0.07500000000000001,0.0,0.0,0.0,0.0,0.05625000000000001,0.0,0.0,0.0,0.0,0.053125000000000006,0.12698412698412698,0.2222222222222222,0.013117283950617283,0.03016888748729626
query,validation,fixed_both,relevance_grade,1,query_language,MIXED,41,33,8,0.024390243902439025,0.0,0.0,0.0,0.0,0.05691056910569105,0.02121212121212121,0.06060606060606061,0.0202020202020202,0.005630789577626158,0.04878048780487806,0.02121212121212121,0.06060606060606061,0.0202020202020202,0.005428032126300228,0.051219512195121955,0.04242424242424242,0.15151515151515152,0.03168590668590668,0.015332277968446216,0.0524390243902439,0.04747474747474747,0.15151515151515152,0.03168590668590668,0.017971252562293625
query,validation,fixed_both,relevance_grade,1,query_intent,Comparative Treatment Choice,2,1,1,0.0,0.0,0.0,0.0,0.0,0.16666666666666666,0.0,0.0,0.0,0.0,0.1,0.0,0.0,0.0,0.0,0.05,0.0,0.0,0.0,0.0,0.05,0.0,0.0,0.0,0.0
query,validation,fixed_both,relevance_grade,1,query_intent,Dosing / Administration,21,14,7,0.047619047619047616,0.011904761904761904,0.07142857142857142,0.07142857142857142,0.030612244897959183,0.06349206349206349,0.047619047619047616,0.14285714285714285,0.09523809523809523,0.03045481824496519,0.0380952380952381,0.047619047619047616,0.14285714285714285,0.09523809523809523,0.026518059081388285,0.0380952380952381,0.0619047619047619,0.21428571428571427,0.10714285714285714,0.029333805886334875,0.030952380952380953,0.0619047619047619,0.21428571428571427,0.10714285714285714,0.029333805886334875
query,validation,fixed_both,relevance_grade,1,query_intent,Efficacy / Outcomes,3,1,2,0.0,0.0,0.0,0.0,0.0,0.0,0.0,0.0,0.0,0.0,0.0,0.0,0.0,0.0,0.0,0.03333333333333333,0.0,0.0,0.0,0.0,0.03333333333333333,0.0,0.0,0.0,0.0
query,validation,fixed_both,relevance_grade,1,query_intent,Guideline / Evidence Lookup,11,9,2,0.0,0.0,0.0,0.0,0.0,0.09090909090909091,0.022222222222222223,0.1111111111111111,0.037037037037037035,0.005345586652618877,0.07272727272727274,0.022222222222222223,0.1111111111111111,0.037037037037037035,0.004602142664423799,0.06363636363636364,0.022222222222222223,0.1111111111111111,0.037037037037037035,0.004602142664423799,0.07272727272727274,0.022222222222222223,0.1111111111111111,0.037037037037037035,0.004602142664423799
query,validation,fixed_both,relevance_grade,1,query_intent,Interaction / Combination,3,2,1,0.0,0.0,0.0,0.0,0.0,0.0,0.0,0.0,0.0,0.0,0.0,0.0,0.0,0.0,0.0,0.03333333333333333,0.5,0.5,0.0625,0.15773243839286438,0.03333333333333333,0.5,0.5,0.0625,0.15773243839286438
query,validation,fixed_both,relevance_grade,1,query_intent,Management / Treatment Selection,11,8,3,0.0,0.0,0.0,0.0,0.0,0.0303030303030303,0.0,0.0,0.0,0.0,0.03636363636363637,0.0,0.0,0.0,0.0,0.02727272727272728,0.0,0.0,0.0,0.0,0.022727272727272728,0.125,0.125,0.0078125,0.030581317764778255
query,validation,fixed_both,relevance_grade,1,query_intent,Mechanism / Background Knowledge,5,3,2,0.0,0.0,0.0,0.0,0.0,0.0,0.0,0.0,0.0,0.0,0.0,0.0,0.0,0.0,0.0,0.06000000000000001,0.0,0.0,0.0,0.0,0.06,0.0,0.0,0.0,0.0
query,validation,fixed_both,relevance_grade,1,query_intent,Monitoring / Response / Risk Assessment,11,9,2,0.0,0.0,0.0,0.0,0.0,0.0,0.0,0.0,0.0,0.0,0.03636363636363637,0.015873015873015872,0.1111111111111111,0.022222222222222223,0.017323038016051392,0.03636363636363637,0.05661375661375661,0.3333333333333333,0.05661375661375661,0.033445081864533974,0.05454545454545456,0.07513227513227513,0.3333333333333333,0.05661375661375661,0.0355891186523329
query,validation,fixed_both,relevance_grade,1,query_intent,Prophylaxis / Maintenance,7,6,1,0.0,0.0,0.0,0.0,0.0,0.0,0.0,0.0,0.0,0.0,0.0,0.0,0.0,0.0,0.0,0.014285714285714287,0.05555555555555555,0.16666666666666666,0.018518518518518517,0.03739056119111388,0.042857142857142864,0.07936507936507936,0.3333333333333333,0.027777777777777776,0.0418688020690206
query,validation,fixed_both,relevance_grade,1,query_intent,Safety / Contraindication,15,9,6,0.06666666666666667,0.0,0.0,0.0,0.0,0.02222222222222222,0.0,0.0,0.0,0.0,0.04000000000000001,0.0,0.0,0.0,0.0,0.04,0.0,0.0,0.0,0.0,0.04666666666666667,0.013888888888888888,0.1111111111111111,0.006535947712418301,0.009772386219648588
query,validation,fixed_both,relevance_grade,1,query_intent,Treatment Change / Escalation,11,8,3,0.0,0.0,0.0,0.0,0.0,0.09090909090909091,0.0,0.0,0.0,0.0,0.09090909090909091,0.0,0.0,0.0,0.0,0.09090909090909091,0.020833333333333332,0.125,0.015625,0.004678888950484531,0.06363636363636363,0.041666666666666664,0.125,0.015625,0.015564659150105083
query,validation,fixed_both,relevance_grade,1,has_context,False,51,34,17,0.0196078431372549,0.0,0.0,0.0,0.0,0.0130718954248366,0.0,0.0,0.0,0.0,0.027450980392156866,0.004201680672268907,0.029411764705882353,0.0058823529411764705,0.004585510063072428,0.0392156862745098,0.05910364145658263,0.17647058823529413,0.02560690943043884,0.025830738009326296,0.047058823529411764,0.10252100840336134,0.23529411764705882,0.029079131652661065,0.036945516834997506
query,validation,fixed_both,relevance_grade,1,has_context,True,49,36,13,0.02040816326530612,0.004629629629629629,0.027777777777777776,0.027777777777777776,0.011904761904761904,0.07482993197278912,0.02407407407407407,0.08333333333333333,0.046296296296296294,0.013179937091752294,0.05714285714285715,0.02407407407407407,0.08333333333333333,0.046296296296296294,0.01146311419775695,0.05102040816326531,0.02962962962962963,0.1111111111111111,0.05092592592592592,0.012558126844125066,0.04489795918367347,0.03310185185185185,0.1388888888888889,0.0525599128540305,0.015001223399037212
query,test,hybrid,relevance_grade,1,query_language,EN,50,34,16,0.02,0.0,0.0,0.0,0.0,0.026666666666666665,0.0,0.0,0.0,0.0,0.028000000000000004,0.007878151260504201,0.058823529411764705,0.013235294117647059,0.005845704552034024,0.038000000000000006,0.02123015873015873,0.14705882352941177,0.026715686274509803,0.01290801078308057,0.043,0.03446545284780579,0.20588235294117646,0.030101909184726522,0.0189159391429626
query,test,hybrid,relevance_grade,1,query_language,ID,18,12,6,0.05555555555555555,0.0,0.0,0.0,0.0,0.037037037037037035,0.0,0.0,0.0,0.0,0.05555555555555555,0.0,0.0,0.0,0.0,0.07777777777777779,0.0494047619047619,0.3333333333333333,0.0496031746031746,0.021162633526848346,0.06666666666666667,0.061309523809523814,0.3333333333333333,0.0496031746031746,0.022424105849753583
query,test,hybrid,relevance_grade,1,query_language,MIXED,32,22,10,0.03125,0.0,0.0,0.0,0.0,0.0625,0.009090909090909092,0.045454545454545456,0.022727272727272728,0.019316313561290648,0.05625000000000001,0.009090909090909092,0.045454545454545456,0.022727272727272728,0.015628219441340893,0.037500000000000006,0.009090909090909092,0.045454545454545456,0.022727272727272728,0.015628219441340893,0.03125,0.009090909090909092,0.045454545454545456,0.022727272727272728,0.015628219441340893
query,test,hybrid,relevance_grade,1,query_intent,Comparative Treatment Choice,2,2,0,0.0,0.0,0.0,0.0,0.0,0.0,0.0,0.0,0.0,0.0,0.0,0.0,0.0,0.0,0.0,0.0,0.0,0.0,0.0,0.0,0.0,0.0,0.0,0.0,0.0
query,test,hybrid,relevance_grade,1,query_intent,Dosing / Administration,19,14,5,0.0,0.0,0.0,0.0,0.0,0.03508771929824561,0.014285714285714287,0.07142857142857142,0.03571428571428571,0.030354207024885303,0.05263157894736842,0.014285714285714287,0.07142857142857142,0.03571428571428571,0.024558630550678546,0.04736842105263158,0.024489795918367346,0.14285714285714285,0.047619047619047616,0.03372141366003363,0.034210526315789476,0.024489795918367346,0.14285714285714285,0.047619047619047616,0.03372141366003363
query,test,hybrid,relevance_grade,1,query_intent,Efficacy / Outcomes,3,1,2,0.0,0.0,0.0,0.0,0.0,0.1111111111111111,0.0,0.0,0.0,0.0,0.06666666666666667,0.0,0.0,0.0,0.0,0.03333333333333333,0.0,0.0,0.0,0.0,0.049999999999999996,0.25,1.0,0.05263157894736842,0.16487536293155053
query,test,hybrid,relevance_grade,1,query_intent,Guideline / Evidence Lookup,10,8,2,0.2,0.0,0.0,0.0,0.0,0.1,0.0,0.0,0.0,0.0,0.08,0.0,0.0,0.0,0.0,0.05,0.0,0.0,0.0,0.0,0.04,0.0,0.0,0.0,0.0
query,test,hybrid,relevance_grade,1,query_intent,Interaction / Combination,7,7,0,0.0,0.0,0.0,0.0,0.0,0.0,0.0,0.0,0.0,0.0,0.0,0.0,0.0,0.0,0.0,0.028571428571428574,0.04897959183673469,0.2857142857142857,0.04421768707482993,0.016403761686235814,0.03571428571428571,0.06938775510204082,0.2857142857142857,0.04421768707482993,0.018566285668359078
query,test,hybrid,relevance_grade,1,query_intent,Management / Treatment Selection,11,7,4,0.0,0.0,0.0,0.0,0.0,0.0,0.0,0.0,0.0,0.0,0.0,0.0,0.0,0.0,0.0,0.018181818181818184,0.017857142857142856,0.14285714285714285,0.02040816326530612,0.0174643361233127,0.02727272727272728,0.04642857142857143,0.2857142857142857,0.02933673469387755,0.0230920791668039
query,test,hybrid,relevance_grade,1,query_intent,Mechanism / Background Knowledge,6,3,3,0.0,0.0,0.0,0.0,0.0,0.0,0.0,0.0,0.0,0.0,0.0,0.0,0.0,0.0,0.0,0.05000000000000001,0.037037037037037035,0.3333333333333333,0.041666666666666664,0.014486203316909266,0.041666666666666664,0.037037037037037035,0.3333333333333333,0.041666666666666664,0.014486203316909266
query,test,hybrid,relevance_grade,1,query_intent,Monitoring / Response / Risk Assessment,9,7,2,0.1111111111111111,0.0,0.0,0.0,0.0,0.07407407407407407,0.0,0.0,0.0,0.0,0.06666666666666668,0.017857142857142856,0.14285714285714285,0.03571428571428571,0.0032225989269103546,0.06666666666666667,0.017857142857142856,0.14285714285714285,0.03571428571428571,0.0029566324716118306,0.08333333333333333,0.017857142857142856,0.14285714285714285,0.03571428571428571,0.0029566324716118306
query,test,hybrid,relevance_grade,1,query_intent,Prophylaxis / Maintenance,8,6,2,0.0,0.0,0.0,0.0,0.0,0.08333333333333333,0.0,0.0,0.0,0.0,0.07500000000000001,0.023809523809523808,0.16666666666666666,0.03333333333333333,0.02936596038013072,0.0625,0.05714285714285714,0.3333333333333333,0.061111111111111116,0.041073060973626264,0.0625,0.05714285714285714,0.3333333333333333,0.061111111111111116,0.041073060973626264
query,test,hybrid,relevance_grade,1,query_intent,Safety / Contraindication,14,6,8,0.0,0.0,0.0,0.0,0.0,0.0,0.0,0.0,0.0,0.0,0.014285714285714287,0.0,0.0,0.0,0.0,0.03571428571428571,0.020833333333333332,0.16666666666666666,0.023809523809523808,0.0028124862758900863,0.03214285714285714,0.020833333333333332,0.16666666666666666,0.023809523809523808,0.0028124862758900863
query,test,hybrid,relevance_grade,1,query_intent,Treatment Change / Escalation,11,7,4,0.0,0.0,0.0,0.0,0.0,0.0606060606060606,0.0,0.0,0.0,0.0,0.07272727272727274,0.0,0.0,0.0,0.0,0.06363636363636364,0.0,0.0,0.0,0.0,0.05909090909090909,0.0,0.0,0.0,0.0
query,test,hybrid,relevance_grade,1,has_context,False,56,39,17,0.017857142857142856,0.0,0.0,0.0,0.0,0.03571428571428571,0.0,0.0,0.0,0.0,0.03928571428571429,0.006868131868131868,0.05128205128205128,0.011538461538461539,0.0050962552504912,0.044642857142857144,0.026841676841676845,0.1794871794871795,0.030616605616605615,0.01404282276309251,0.049107142857142856,0.042043142043142044,0.23076923076923078,0.033568697384486854,0.01966864922747332
query,test,hybrid,relevance_grade,1,has_context,True,44,29,15,0.045454545454545456,0.0,0.0,0.0,0.0,0.04545454545454545,0.006896551724137932,0.034482758620689655,0.017241379310344827,0.01465375511546187,0.045454545454545456,0.006896551724137932,0.034482758620689655,0.017241379310344827,0.0118558906106724,0.04545454545454546,0.016133004926108373,0.10344827586206896,0.027914614121510674,0.01686119685847625,0.03636363636363637,0.016133004926108373,0.10344827586206896,0.027914614121510674,0.01686119685847625
query,test,bonuses_only,relevance_grade,1,query_language,EN,50,34,16,0.0,0.0,0.0,0.0,0.0,0.02,0.0,0.0,0.0,0.0,0.032,0.0058823529411764705,0.029411764705882353,0.007352941176470588,0.0027669119428981813,0.04,0.013760504201680672,0.08823529411764706,0.014822595704948646,0.0067230210145322305,0.037000000000000005,0.03679971988795518,0.20588235294117646,0.02282053172146051,0.016435422947490105
query,test,bonuses_only,relevance_grade,1,query_language,ID,18,12,6,0.0,0.0,0.0,0.0,0.0,0.018518518518518517,0.0,0.0,0.0,0.0,0.044444444444444446,0.016666666666666666,0.08333333333333333,0.016666666666666666,0.004471055387187,0.07222222222222224,0.0494047619047619,0.3333333333333333,0.05089285714285715,0.02144143842046754,0.05000000000000001,0.061309523809523814,0.3333333333333333,0.05089285714285715,0.022682694948288753
query,test,bonuses_only,relevance_grade,1,query_language,MIXED,32,22,10,0.0,0.0,0.0,0.0,0.0,0.041666666666666664,0.009090909090909092,0.045454545454545456,0.022727272727272728,0.019316313561290648,0.037500000000000006,0.009090909090909092,0.045454545454545456,0.022727272727272728,0.015628219441340893,0.03125,0.009090909090909092,0.045454545454545456,0.022727272727272728,0.015628219441340893,0.026562500000000003,0.009090909090909092,0.045454545454545456,0.022727272727272728,0.015628219441340893
query,test,bonuses_only,relevance_grade,1,query_intent,Comparative Treatment Choice,2,2,0,0.0,0.0,0.0,0.0,0.0,0.0,0.0,0.0,0.0,0.0,0.0,0.0,0.0,0.0,0.0,0.0,0.0,0.0,0.0,0.0,0.0,0.0,0.0,0.0,0.0
query,test,bonuses_only,relevance_grade,1,query_intent,Dosing / Administration,19,14,5,0.0,0.0,0.0,0.0,0.0,0.03508771929824561,0.014285714285714287,0.07142857142857142,0.03571428571428571,0.030354207024885303,0.042105263157894736,0.014285714285714287,0.07142857142857142,0.03571428571428571,0.024558630550678546,0.04736842105263158,0.024489795918367346,0.14285714285714285,0.04591836734693877,0.03313302530460997,0.03157894736842106,0.024489795918367346,0.14285714285714285,0.04591836734693877,0.03313302530460997
query,test,bonuses_only,relevance_grade,1,query_intent,Efficacy / Outcomes,3,1,2,0.0,0.0,0.0,0.0,0.0,0.1111111111111111,0.0,0.0,0.0,0.0,0.06666666666666667,0.0,0.0,0.0,0.0,0.03333333333333333,0.0,0.0,0.0,0.0,0.049999999999999996,0.25,1.0,0.05263157894736842,0.16487536293155053
query,test,bonuses_only,relevance_grade,1,query_intent,Guideline / Evidence Lookup,10,8,2,0.0,0.0,0.0,0.0,0.0,0.0,0.0,0.0,0.0,0.0,0.04,0.0,0.0,0.0,0.0,0.06000000000000001,0.0,0.0,0.0,0.0,0.034999999999999996,0.0,0.0,0.0,0.0
query,test,bonuses_only,relevance_grade,1,query_intent,Interaction / Combination,7,7,0,0.0,0.0,0.0,0.0,0.0,0.0,0.0,0.0,0.0,0.0,0.028571428571428574,0.028571428571428574,0.14285714285714285,0.028571428571428574,0.0076646663780348566,0.028571428571428574,0.04897959183673469,0.2857142857142857,0.04897959183673469,0.017010939532241087,0.03571428571428571,0.06938775510204082,0.2857142857142857,0.04897959183673469,0.019138807865648876
query,test,bonuses_only,relevance_grade,1,query_intent,Management / Treatment Selection,11,7,4,0.0,0.0,0.0,0.0,0.0,0.0,0.0,0.0,0.0,0.0,0.0,0.0,0.0,0.0,0.0,0.018181818181818184,0.017857142857142856,0.14285714285714285,0.02040816326530612,0.0174643361233127,0.02727272727272728,0.04642857142857143,0.2857142857142857,0.027926960257787323,0.022786773254459578
query,test,bonuses_only,relevance_grade,1,query_intent,Mechanism / Background Knowledge,6,3,3,0.0,0.0,0.0,0.0,0.0,0.0,0.0,0.0,0.0,0.0,0.03333333333333333,0.0,0.0,0.0,0.0,0.03333333333333333,0.0,0.0,0.0,0.0,0.03333333333333333,0.037037037037037035,0.3333333333333333,0.027777777777777776,0.012409384172677493
query,test,bonuses_only,relevance_grade,1,query_intent,Monitoring / Response / Risk Assessment,9,7,2,0.0,0.0,0.0,0.0,0.0,0.037037037037037035,0.0,0.0,0.0,0.0,0.06666666666666668,0.0,0.0,0.0,0.0,0.08888888888888889,0.017857142857142856,0.14285714285714285,0.015873015873015872,0.0020665974115025355,0.07222222222222222,0.0496031746031746,0.2857142857142857,0.027777777777777773,0.015046753176210622
query,test,bonuses_only,relevance_grade,1,query_intent,Prophylaxis / Maintenance,8,6,2,0.0,0.0,0.0,0.0,0.0,0.08333333333333333,0.0,0.0,0.0,0.0,0.07500000000000001,0.03333333333333333,0.16666666666666666,0.041666666666666664,0.015679167676423026,0.037500000000000006,0.03333333333333333,0.16666666666666666,0.041666666666666664,0.015679167676423026,0.0375,0.03333333333333333,0.16666666666666666,0.041666666666666664,0.015679167676423026
query,test,bonuses_only,relevance_grade,1,query_intent,Safety / Contraindication,14,6,8,0.0,0.0,0.0,0.0,0.0,0.0,0.0,0.0,0.0,0.0,0.0,0.0,0.0,0.0,0.0,0.028571428571428574,0.020833333333333332,0.16666666666666666,0.020833333333333332,0.0026617219094556576,0.02142857142857143,0.020833333333333332,0.16666666666666666,0.020833333333333332,0.0026617219094556576
query,test,bonuses_only,relevance_grade,1,query_intent,Treatment Change / Escalation,11,7,4,0.0,0.0,0.0,0.0,0.0,0.0606060606060606,0.0,0.0,0.0,0.0,0.05454545454545456,0.0,0.0,0.0,0.0,0.05454545454545456,0.0,0.0,0.0,0.0,0.045454545454545456,0.0,0.0,0.0,0.0
query,test,bonuses_only,relevance_grade,1,has_context,False,56,39,17,0.0,0.0,0.0,0.0,0.0,0.02976190476190476,0.0,0.0,0.0,0.0,0.03214285714285714,0.010256410256410256,0.05128205128205128,0.011538461538461539,0.0037878889924303116,0.04107142857142858,0.02032967032967033,0.1282051282051282,0.02171347171347171,0.008970977372511088,0.03839285714285715,0.04407814407814408,0.23076923076923078,0.02868603131761026,0.017820124655957812
query,test,bonuses_only,relevance_grade,1,has_context,True,44,29,15,0.0,0.0,0.0,0.0,0.0,0.022727272727272728,0.006896551724137932,0.034482758620689655,0.017241379310344827,0.01465375511546187,0.04090909090909091,0.006896551724137932,0.034482758620689655,0.017241379310344827,0.0118558906106724,0.045454545454545456,0.016133004926108373,0.10344827586206896,0.02647783251231527,0.016545954680043915,0.03295454545454546,0.016133004926108373,0.10344827586206896,0.02647783251231527,0.016545954680043915
query,test,penalties_only,relevance_grade,1,query_language,EN,50,34,16,0.0,0.0,0.0,0.0,0.0,0.02,0.0,0.0,0.0,0.0,0.028000000000000004,0.0058823529411764705,0.029411764705882353,0.007352941176470588,0.0027669119428981813,0.038000000000000006,0.013760504201680672,0.08823529411764706,0.014822595704948646,0.0067230210145322305,0.035,0.03679971988795518,0.20588235294117646,0.02282053172146051,0.016435422947490105
query,test,penalties_only,relevance_grade,1,query_language,ID,18,12,6,0.0,0.0,0.0,0.0,0.0,0.018518518518518517,0.0,0.0,0.0,0.0,0.044444444444444446,0.016666666666666666,0.08333333333333333,0.016666666666666666,0.004471055387187,0.061111111111111116,0.0494047619047619,0.3333333333333333,0.0488095238095238,0.021330063751032125,0.058333333333333334,0.061309523809523814,0.3333333333333333,0.0488095238095238,0.022571320278853335
query,test,penalties_only,relevance_grade,1,query_language,MIXED,32,22,10,0.0,0.0,0.0,0.0,0.0,0.041666666666666664,0.0,0.0,0.0,0.0,0.05,0.009090909090909092,0.045454545454545456,0.011363636363636364,0.010667919399445598,0.03125,0.009090909090909092,0.045454545454545456,0.011363636363636364,0.010667919399445598,0.025,0.009090909090909092,0.045454545454545456,0.011363636363636364,0.010667919399445598
query,test,penalties_only,relevance_grade,1,query_intent,Comparative Treatment Choice,2,2,0,0.0,0.0,0.0,0.0,0.0,0.0,0.0,0.0,0.0,0.0,0.0,0.0,0.0,0.0,0.0,0.0,0.0,0.0,0.0,0.0,0.0,0.0,0.0,0.0,0.0
query,test,penalties_only,relevance_grade,1,query_intent,Dosing / Administration,19,14,5,0.0,0.0,0.0,0.0,0.0,0.017543859649122806,0.0,0.0,0.0,0.0,0.03157894736842106,0.014285714285714287,0.07142857142857142,0.017857142857142856,0.016763873341985938,0.0368421052631579,0.024489795918367346,0.14285714285714285,0.02806122448979592,0.02533826809591736,0.028947368421052635,0.024489795918367346,0.14285714285714285,0.02806122448979592,0.02533826809591736
query,test,penalties_only,relevance_grade,1,query_intent,Efficacy / Outcomes,3,1,2,0.0,0.0,0.0,0.0,0.0,0.1111111111111111,0.0,0.0,0.0,0.0,0.06666666666666667,0.0,0.0,0.0,0.0,0.03333333333333333,0.0,0.0,0.0,0.0,0.049999999999999996,0.25,1.0,0.05263157894736842,0.16487536293155053
query,test,penalties_only,relevance_grade,1,query_intent,Guideline / Evidence Lookup,10,8,2,0.0,0.0,0.0,0.0,0.0,0.03333333333333333,0.0,0.0,0.0,0.0,0.08,0.0,0.0,0.0,0.0,0.05,0.0,0.0,0.0,0.0,0.04,0.0,0.0,0.0,0.0
query,test,penalties_only,relevance_grade,1,query_intent,Interaction / Combination,7,7,0,0.0,0.0,0.0,0.0,0.0,0.0,0.0,0.0,0.0,0.0,0.028571428571428574,0.028571428571428574,0.14285714285714285,0.028571428571428574,0.0076646663780348566,0.028571428571428574,0.04897959183673469,0.2857142857142857,0.04897959183673469,0.017010939532241087,0.03571428571428571,0.06938775510204082,0.2857142857142857,0.04897959183673469,0.019138807865648876
query,test,penalties_only,relevance_grade,1,query_intent,Management / Treatment Selection,11,7,4,0.0,0.0,0.0,0.0,0.0,0.0,0.0,0.0,0.0,0.0,0.0,0.0,0.0,0.0,0.0,0.018181818181818184,0.017857142857142856,0.14285714285714285,0.02040816326530612,0.0174643361233127,0.02727272727272728,0.04642857142857143,0.2857142857142857,0.027926960257787323,0.022786773254459578
query,test,penalties_only,relevance_grade,1,query_intent,Mechanism / Background Knowledge,6,3,3,0.0,0.0,0.0,0.0,0.0,0.0,0.0,0.0,0.0,0.0,0.03333333333333333,0.0,0.0,0.0,0.0,0.03333333333333333,0.0,0.0,0.0,0.0,0.03333333333333333,0.037037037037037035,0.3333333333333333,0.027777777777777776,0.012409384172677493
query,test,penalties_only,relevance_grade,1,query_intent,Monitoring / Response / Risk Assessment,9,7,2,0.0,0.0,0.0,0.0,0.0,0.037037037037037035,0.0,0.0,0.0,0.0,0.06666666666666668,0.0,0.0,0.0,0.0,0.08888888888888889,0.017857142857142856,0.14285714285714285,0.015873015873015872,0.0020665974115025355,0.06666666666666667,0.0496031746031746,0.2857142857142857,0.027777777777777773,0.015046753176210622
query,test,penalties_only,relevance_grade,1,query_intent,Prophylaxis / Maintenance,8,6,2,0.0,0.0,0.0,0.0,0.0,0.08333333333333333,0.0,0.0,0.0,0.0,0.07500000000000001,0.03333333333333333,0.16666666666666666,0.041666666666666664,0.015679167676423026,0.037500000000000006,0.03333333333333333,0.16666666666666666,0.041666666666666664,0.015679167676423026,0.0375,0.03333333333333333,0.16666666666666666,0.041666666666666664,0.015679167676423026
query,test,penalties_only,relevance_grade,1,query_intent,Safety / Contraindication,14,6,8,0.0,0.0,0.0,0.0,0.0,0.0,0.0,0.0,0.0,0.0,0.0,0.0,0.0,0.0,0.0,0.028571428571428574,0.020833333333333332,0.16666666666666666,0.016666666666666666,0.0024389725705848335,0.024999999999999998,0.020833333333333332,0.16666666666666666,0.016666666666666666,0.0024389725705848335
query,test,penalties_only,relevance_grade,1,query_intent,Treatment Change / Escalation,11,7,4,0.0,0.0,0.0,0.0,0.0,0.0606060606060606,0.0,0.0,0.0,0.0,0.05454545454545456,0.0,0.0,0.0,0.0,0.05454545454545456,0.0,0.0,0.0,0.0,0.04545454545454545,0.0,0.0,0.0,0.0
query,test,penalties_only,relevance_grade,1,has_context,False,56,39,17,0.0,0.0,0.0,0.0,0.0,0.02976190476190476,0.0,0.0,0.0,0.0,0.03214285714285714,0.010256410256410256,0.05128205128205128,0.011538461538461539,0.0037878889924303116,0.04107142857142858,0.02032967032967033,0.1282051282051282,0.02171347171347171,0.008970977372511088,0.03839285714285715,0.04407814407814408,0.23076923076923078,0.02868603131761026,0.017820124655957812
query,test,penalties_only,relevance_grade,1,has_context,True,44,29,15,0.0,0.0,0.0,0.0,0.0,0.022727272727272728,0.0,0.0,0.0,0.0,0.045454545454545456,0.006896551724137932,0.034482758620689655,0.008620689655172414,0.008092904371993212,0.03863636363636364,0.016133004926108373,0.10344827586206896,0.016995073891625617,0.012736882371253519,0.03295454545454546,0.016133004926108373,0.10344827586206896,0.016995073891625617,0.012736882371253519
query,test,both,relevance_grade,1,query_language,EN,50,34,16,0.0,0.0,0.0,0.0,0.0,0.03333333333333333,0.0058823529411764705,0.029411764705882353,0.00980392156862745,0.003415601656386725,0.032,0.0058823529411764705,0.029411764705882353,0.00980392156862745,0.0032122852881473316,0.032,0.010084033613445379,0.058823529411764705,0.014005602240896357,0.006742918422119095,0.034,0.026178804855275444,0.14705882352941177,0.02067836704059614,0.010948304018844038
query,test,both,relevance_grade,1,query_language,ID,18,12,6,0.0,0.0,0.0,0.0,0.0,0.018518518518518517,0.0,0.0,0.0,0.0,0.03333333333333334,0.016666666666666666,0.08333333333333333,0.016666666666666666,0.004471055387187,0.06666666666666668,0.0494047619047619,0.3333333333333333,0.05089285714285715,0.02144143842046754,0.052777777777777785,0.0494047619047619,0.3333333333333333,0.05089285714285715,0.02144143842046754
query,test,both,relevance_grade,1,query_language,MIXED,32,22,10,0.0,0.0,0.0,0.0,0.0,0.041666666666666664,0.009090909090909092,0.045454545454545456,0.01515151515151515,0.015307816323408602,0.037500000000000006,0.009090909090909092,0.045454545454545456,0.01515151515151515,0.012385070883783324,0.034375,0.009090909090909092,0.045454545454545456,0.01515151515151515,0.012385070883783324,0.028125,0.009090909090909092,0.045454545454545456,0.01515151515151515,0.012385070883783324
query,test,both,relevance_grade,1,query_intent,Comparative Treatment Choice,2,2,0,0.0,0.0,0.0,0.0,0.0,0.0,0.0,0.0,0.0,0.0,0.0,0.0,0.0,0.0,0.0,0.0,0.0,0.0,0.0,0.0,0.0,0.0,0.0,0.0,0.0
query,test,both,relevance_grade,1,query_intent,Dosing / Administration,19,14,5,0.0,0.0,0.0,0.0,0.0,0.03508771929824561,0.014285714285714287,0.07142857142857142,0.023809523809523808,0.024055139936784948,0.03157894736842106,0.014285714285714287,0.07142857142857142,0.023809523809523808,0.019462254245945224,0.042105263157894736,0.024489795918367346,0.14285714285714285,0.03401360544217687,0.02803664899987665,0.03421052631578948,0.024489795918367346,0.14285714285714285,0.03401360544217687,0.02803664899987665
query,test,both,relevance_grade,1,query_intent,Efficacy / Outcomes,3,1,2,0.0,0.0,0.0,0.0,0.0,0.1111111111111111,0.0,0.0,0.0,0.0,0.06666666666666667,0.0,0.0,0.0,0.0,0.03333333333333333,0.0,0.0,0.0,0.0,0.03333333333333333,0.0,0.0,0.0,0.0
query,test,both,relevance_grade,1,query_intent,Guideline / Evidence Lookup,10,8,2,0.0,0.0,0.0,0.0,0.0,0.0,0.0,0.0,0.0,0.0,0.02,0.0,0.0,0.0,0.0,0.05,0.0,0.0,0.0,0.0,0.030000000000000006,0.0,0.0,0.0,0.0
query,test,both,relevance_grade,1,query_intent,Interaction / Combination,7,7,0,0.0,0.0,0.0,0.0,0.0,0.0,0.0,0.0,0.0,0.0,0.028571428571428574,0.028571428571428574,0.14285714285714285,0.028571428571428574,0.0076646663780348566,0.028571428571428574,0.04897959183673469,0.2857142857142857,0.04897959183673469,0.017010939532241087,0.021428571428571432,0.04897959183673469,0.2857142857142857,0.04897959183673469,0.017010939532241087
query,test,both,relevance_grade,1,query_intent,Management / Treatment Selection,11,7,4,0.0,0.0,0.0,0.0,0.0,0.0,0.0,0.0,0.0,0.0,0.0,0.0,0.0,0.0,0.0,0.018181818181818184,0.017857142857142856,0.14285714285714285,0.02040816326530612,0.0174643361233127,0.031818181818181815,0.04642857142857143,0.2857142857142857,0.027926960257787323,0.022786773254459578
query,test,both,relevance_grade,1,query_intent,Mechanism / Background Knowledge,6,3,3,0.0,0.0,0.0,0.0,0.0,0.0,0.0,0.0,0.0,0.0,0.03333333333333333,0.0,0.0,0.0,0.0,0.03333333333333333,0.0,0.0,0.0,0.0,0.025000000000000005,0.0,0.0,0.0,0.0
query,test,both,relevance_grade,1,query_intent,Monitoring / Response / Risk Assessment,9,7,2,0.0,0.0,0.0,0.0,0.0,0.07407407407407407,0.0,0.0,0.0,0.0,0.08888888888888889,0.0,0.0,0.0,0.0,0.06666666666666668,0.0,0.0,0.0,0.0,0.06666666666666667,0.0496031746031746,0.2857142857142857,0.024891774891774892,0.015103721481517134
query,test,both,relevance_grade,1,query_intent,Prophylaxis / Maintenance,8,6,2,0.0,0.0,0.0,0.0,0.0,0.125,0.03333333333333333,0.16666666666666666,0.05555555555555555,0.01935507605285811,0.07500000000000001,0.03333333333333333,0.16666666666666666,0.05555555555555555,0.018202949966168214,0.037500000000000006,0.03333333333333333,0.16666666666666666,0.05555555555555555,0.018202949966168214,0.037500000000000006,0.03333333333333333,0.16666666666666666,0.05555555555555555,0.018202949966168214
query,test,both,relevance_grade,1,query_intent,Safety / Contraindication,14,6,8,0.0,0.0,0.0,0.0,0.0,0.0,0.0,0.0,0.0,0.0,0.0,0.0,0.0,0.0,0.0,0.028571428571428574,0.020833333333333332,0.16666666666666666,0.020833333333333332,0.0026617219094556576,0.024999999999999998,0.020833333333333332,0.16666666666666666,0.020833333333333332,0.0026617219094556576
query,test,both,relevance_grade,1,query_intent,Treatment Change / Escalation,11,7,4,0.0,0.0,0.0,0.0,0.0,0.0606060606060606,0.0,0.0,0.0,0.0,0.05454545454545456,0.0,0.0,0.0,0.0,0.05454545454545454,0.0,0.0,0.0,0.0,0.05454545454545454,0.0,0.0,0.0,0.0
query,test,both,relevance_grade,1,has_context,False,56,39,17,0.0,0.0,0.0,0.0,0.0,0.041666666666666664,0.005128205128205128,0.02564102564102564,0.008547008547008546,0.0029777040081320166,0.03571428571428571,0.010256410256410256,0.05128205128205128,0.013675213675213675,0.004176163190852648,0.0375,0.017124542124542126,0.10256410256410256,0.021001221001221,0.00898832383040733,0.0375,0.03115588115588116,0.1794871794871795,0.02681850313429261,0.01265455742755215
query,test,both,relevance_grade,1,has_context,True,44,29,15,0.0,0.0,0.0,0.0,0.0,0.022727272727272728,0.006896551724137932,0.034482758620689655,0.011494252873563218,0.011612826176378939,0.03181818181818182,0.006896551724137932,0.034482758620689655,0.011494252873563218,0.009395571015283901,0.040909090909090916,0.016133004926108373,0.10344827586206896,0.02073070607553366,0.014085635084655415,0.03295454545454546,0.016133004926108373,0.10344827586206896,0.02073070607553366,0.014085635084655415
query,test,both_minus_entity_bonus,relevance_grade,1,query_language,EN,50,34,16,0.0,0.0,0.0,0.0,0.0,0.02,0.0,0.0,0.0,0.0,0.032,0.0058823529411764705,0.029411764705882353,0.007352941176470588,0.0027669119428981813,0.04,0.013760504201680672,0.08823529411764706,0.014822595704948646,0.0067230210145322305,0.037000000000000005,0.03679971988795518,0.20588235294117646,0.02282053172146051,0.016435422947490105
query,test,both_minus_entity_bonus,relevance_grade,1,query_language,ID,18,12,6,0.0,0.0,0.0,0.0,0.0,0.018518518518518517,0.0,0.0,0.0,0.0,0.044444444444444446,0.016666666666666666,0.08333333333333333,0.016666666666666666,0.004471055387187,0.07222222222222224,0.0494047619047619,0.3333333333333333,0.05089285714285715,0.02144143842046754,0.05000000000000001,0.061309523809523814,0.3333333333333333,0.05089285714285715,0.022682694948288753
query,test,both_minus_entity_bonus,relevance_grade,1,query_language,MIXED,32,22,10,0.0,0.0,0.0,0.0,0.0,0.041666666666666664,0.009090909090909092,0.045454545454545456,0.022727272727272728,0.019316313561290648,0.037500000000000006,0.009090909090909092,0.045454545454545456,0.022727272727272728,0.015628219441340893,0.03125,0.009090909090909092,0.045454545454545456,0.022727272727272728,0.015628219441340893,0.026562500000000003,0.009090909090909092,0.045454545454545456,0.022727272727272728,0.015628219441340893
query,test,both_minus_entity_bonus,relevance_grade,1,query_intent,Comparative Treatment Choice,2,2,0,0.0,0.0,0.0,0.0,0.0,0.0,0.0,0.0,0.0,0.0,0.0,0.0,0.0,0.0,0.0,0.0,0.0,0.0,0.0,0.0,0.0,0.0,0.0,0.0,0.0
query,test,both_minus_entity_bonus,relevance_grade,1,query_intent,Dosing / Administration,19,14,5,0.0,0.0,0.0,0.0,0.0,0.03508771929824561,0.014285714285714287,0.07142857142857142,0.03571428571428571,0.030354207024885303,0.042105263157894736,0.014285714285714287,0.07142857142857142,0.03571428571428571,0.024558630550678546,0.04736842105263158,0.024489795918367346,0.14285714285714285,0.04591836734693877,0.03313302530460997,0.03157894736842106,0.024489795918367346,0.14285714285714285,0.04591836734693877,0.03313302530460997
query,test,both_minus_entity_bonus,relevance_grade,1,query_intent,Efficacy / Outcomes,3,1,2,0.0,0.0,0.0,0.0,0.0,0.1111111111111111,0.0,0.0,0.0,0.0,0.06666666666666667,0.0,0.0,0.0,0.0,0.03333333333333333,0.0,0.0,0.0,0.0,0.049999999999999996,0.25,1.0,0.05263157894736842,0.16487536293155053
query,test,both_minus_entity_bonus,relevance_grade,1,query_intent,Guideline / Evidence Lookup,10,8,2,0.0,0.0,0.0,0.0,0.0,0.0,0.0,0.0,0.0,0.0,0.04,0.0,0.0,0.0,0.0,0.06000000000000001,0.0,0.0,0.0,0.0,0.034999999999999996,0.0,0.0,0.0,0.0
query,test,both_minus_entity_bonus,relevance_grade,1,query_intent,Interaction / Combination,7,7,0,0.0,0.0,0.0,0.0,0.0,0.0,0.0,0.0,0.0,0.0,0.028571428571428574,0.028571428571428574,0.14285714285714285,0.028571428571428574,0.0076646663780348566,0.028571428571428574,0.04897959183673469,0.2857142857142857,0.04897959183673469,0.017010939532241087,0.03571428571428571,0.06938775510204082,0.2857142857142857,0.04897959183673469,0.019138807865648876
query,test,both_minus_entity_bonus,relevance_grade,1,query_intent,Management / Treatment Selection,11,7,4,0.0,0.0,0.0,0.0,0.0,0.0,0.0,0.0,0.0,0.0,0.0,0.0,0.0,0.0,0.0,0.018181818181818184,0.017857142857142856,0.14285714285714285,0.02040816326530612,0.0174643361233127,0.02727272727272728,0.04642857142857143,0.2857142857142857,0.027926960257787323,0.022786773254459578
query,test,both_minus_entity_bonus,relevance_grade,1,query_intent,Mechanism / Background Knowledge,6,3,3,0.0,0.0,0.0,0.0,0.0,0.0,0.0,0.0,0.0,0.0,0.03333333333333333,0.0,0.0,0.0,0.0,0.03333333333333333,0.0,0.0,0.0,0.0,0.03333333333333333,0.037037037037037035,0.3333333333333333,0.027777777777777776,0.012409384172677493
query,test,both_minus_entity_bonus,relevance_grade,1,query_intent,Monitoring / Response / Risk Assessment,9,7,2,0.0,0.0,0.0,0.0,0.0,0.037037037037037035,0.0,0.0,0.0,0.0,0.06666666666666668,0.0,0.0,0.0,0.0,0.08888888888888889,0.017857142857142856,0.14285714285714285,0.015873015873015872,0.0020665974115025355,0.07222222222222222,0.0496031746031746,0.2857142857142857,0.027777777777777773,0.015046753176210622
query,test,both_minus_entity_bonus,relevance_grade,1,query_intent,Prophylaxis / Maintenance,8,6,2,0.0,0.0,0.0,0.0,0.0,0.08333333333333333,0.0,0.0,0.0,0.0,0.07500000000000001,0.03333333333333333,0.16666666666666666,0.041666666666666664,0.015679167676423026,0.037500000000000006,0.03333333333333333,0.16666666666666666,0.041666666666666664,0.015679167676423026,0.0375,0.03333333333333333,0.16666666666666666,0.041666666666666664,0.015679167676423026
query,test,both_minus_entity_bonus,relevance_grade,1,query_intent,Safety / Contraindication,14,6,8,0.0,0.0,0.0,0.0,0.0,0.0,0.0,0.0,0.0,0.0,0.0,0.0,0.0,0.0,0.0,0.028571428571428574,0.020833333333333332,0.16666666666666666,0.020833333333333332,0.0026617219094556576,0.02142857142857143,0.020833333333333332,0.16666666666666666,0.020833333333333332,0.0026617219094556576
query,test,both_minus_entity_bonus,relevance_grade,1,query_intent,Treatment Change / Escalation,11,7,4,0.0,0.0,0.0,0.0,0.0,0.0606060606060606,0.0,0.0,0.0,0.0,0.05454545454545456,0.0,0.0,0.0,0.0,0.05454545454545456,0.0,0.0,0.0,0.0,0.045454545454545456,0.0,0.0,0.0,0.0
query,test,both_minus_entity_bonus,relevance_grade,1,has_context,False,56,39,17,0.0,0.0,0.0,0.0,0.0,0.02976190476190476,0.0,0.0,0.0,0.0,0.03214285714285714,0.010256410256410256,0.05128205128205128,0.011538461538461539,0.0037878889924303116,0.04107142857142858,0.02032967032967033,0.1282051282051282,0.02171347171347171,0.008970977372511088,0.03839285714285715,0.04407814407814408,0.23076923076923078,0.02868603131761026,0.017820124655957812
query,test,both_minus_entity_bonus,relevance_grade,1,has_context,True,44,29,15,0.0,0.0,0.0,0.0,0.0,0.022727272727272728,0.006896551724137932,0.034482758620689655,0.017241379310344827,0.01465375511546187,0.04090909090909091,0.006896551724137932,0.034482758620689655,0.017241379310344827,0.0118558906106724,0.045454545454545456,0.016133004926108373,0.10344827586206896,0.02647783251231527,0.016545954680043915,0.03295454545454546,0.016133004926108373,0.10344827586206896,0.02647783251231527,0.016545954680043915
query,test,both_minus_entity_penalty,relevance_grade,1,query_language,EN,50,34,16,0.0,0.0,0.0,0.0,0.0,0.02,0.0,0.0,0.0,0.0,0.032,0.0058823529411764705,0.029411764705882353,0.007352941176470588,0.0027669119428981813,0.04,0.013760504201680672,0.08823529411764706,0.014822595704948646,0.0067230210145322305,0.037000000000000005,0.03679971988795518,0.20588235294117646,0.02282053172146051,0.016435422947490105
query,test,both_minus_entity_penalty,relevance_grade,1,query_language,ID,18,12,6,0.0,0.0,0.0,0.0,0.0,0.018518518518518517,0.0,0.0,0.0,0.0,0.044444444444444446,0.016666666666666666,0.08333333333333333,0.016666666666666666,0.004471055387187,0.07222222222222224,0.0494047619047619,0.3333333333333333,0.05089285714285715,0.02144143842046754,0.05000000000000001,0.061309523809523814,0.3333333333333333,0.05089285714285715,0.022682694948288753
query,test,both_minus_entity_penalty,relevance_grade,1,query_language,MIXED,32,22,10,0.0,0.0,0.0,0.0,0.0,0.041666666666666664,0.009090909090909092,0.045454545454545456,0.022727272727272728,0.019316313561290648,0.037500000000000006,0.009090909090909092,0.045454545454545456,0.022727272727272728,0.015628219441340893,0.03125,0.009090909090909092,0.045454545454545456,0.022727272727272728,0.015628219441340893,0.026562500000000003,0.009090909090909092,0.045454545454545456,0.022727272727272728,0.015628219441340893
query,test,both_minus_entity_penalty,relevance_grade,1,query_intent,Comparative Treatment Choice,2,2,0,0.0,0.0,0.0,0.0,0.0,0.0,0.0,0.0,0.0,0.0,0.0,0.0,0.0,0.0,0.0,0.0,0.0,0.0,0.0,0.0,0.0,0.0,0.0,0.0,0.0
query,test,both_minus_entity_penalty,relevance_grade,1,query_intent,Dosing / Administration,19,14,5,0.0,0.0,0.0,0.0,0.0,0.03508771929824561,0.014285714285714287,0.07142857142857142,0.03571428571428571,0.030354207024885303,0.042105263157894736,0.014285714285714287,0.07142857142857142,0.03571428571428571,0.024558630550678546,0.04736842105263158,0.024489795918367346,0.14285714285714285,0.04591836734693877,0.03313302530460997,0.03157894736842106,0.024489795918367346,0.14285714285714285,0.04591836734693877,0.03313302530460997
query,test,both_minus_entity_penalty,relevance_grade,1,query_intent,Efficacy / Outcomes,3,1,2,0.0,0.0,0.0,0.0,0.0,0.1111111111111111,0.0,0.0,0.0,0.0,0.06666666666666667,0.0,0.0,0.0,0.0,0.03333333333333333,0.0,0.0,0.0,0.0,0.049999999999999996,0.25,1.0,0.05263157894736842,0.16487536293155053
query,test,both_minus_entity_penalty,relevance_grade,1,query_intent,Guideline / Evidence Lookup,10,8,2,0.0,0.0,0.0,0.0,0.0,0.0,0.0,0.0,0.0,0.0,0.04,0.0,0.0,0.0,0.0,0.06000000000000001,0.0,0.0,0.0,0.0,0.034999999999999996,0.0,0.0,0.0,0.0
query,test,both_minus_entity_penalty,relevance_grade,1,query_intent,Interaction / Combination,7,7,0,0.0,0.0,0.0,0.0,0.0,0.0,0.0,0.0,0.0,0.0,0.028571428571428574,0.028571428571428574,0.14285714285714285,0.028571428571428574,0.0076646663780348566,0.028571428571428574,0.04897959183673469,0.2857142857142857,0.04897959183673469,0.017010939532241087,0.03571428571428571,0.06938775510204082,0.2857142857142857,0.04897959183673469,0.019138807865648876
query,test,both_minus_entity_penalty,relevance_grade,1,query_intent,Management / Treatment Selection,11,7,4,0.0,0.0,0.0,0.0,0.0,0.0,0.0,0.0,0.0,0.0,0.0,0.0,0.0,0.0,0.0,0.018181818181818184,0.017857142857142856,0.14285714285714285,0.02040816326530612,0.0174643361233127,0.02727272727272728,0.04642857142857143,0.2857142857142857,0.027926960257787323,0.022786773254459578
query,test,both_minus_entity_penalty,relevance_grade,1,query_intent,Mechanism / Background Knowledge,6,3,3,0.0,0.0,0.0,0.0,0.0,0.0,0.0,0.0,0.0,0.0,0.03333333333333333,0.0,0.0,0.0,0.0,0.03333333333333333,0.0,0.0,0.0,0.0,0.03333333333333333,0.037037037037037035,0.3333333333333333,0.027777777777777776,0.012409384172677493
query,test,both_minus_entity_penalty,relevance_grade,1,query_intent,Monitoring / Response / Risk Assessment,9,7,2,0.0,0.0,0.0,0.0,0.0,0.037037037037037035,0.0,0.0,0.0,0.0,0.06666666666666668,0.0,0.0,0.0,0.0,0.08888888888888889,0.017857142857142856,0.14285714285714285,0.015873015873015872,0.0020665974115025355,0.07222222222222222,0.0496031746031746,0.2857142857142857,0.027777777777777773,0.015046753176210622
query,test,both_minus_entity_penalty,relevance_grade,1,query_intent,Prophylaxis / Maintenance,8,6,2,0.0,0.0,0.0,0.0,0.0,0.08333333333333333,0.0,0.0,0.0,0.0,0.07500000000000001,0.03333333333333333,0.16666666666666666,0.041666666666666664,0.015679167676423026,0.037500000000000006,0.03333333333333333,0.16666666666666666,0.041666666666666664,0.015679167676423026,0.0375,0.03333333333333333,0.16666666666666666,0.041666666666666664,0.015679167676423026
query,test,both_minus_entity_penalty,relevance_grade,1,query_intent,Safety / Contraindication,14,6,8,0.0,0.0,0.0,0.0,0.0,0.0,0.0,0.0,0.0,0.0,0.0,0.0,0.0,0.0,0.0,0.028571428571428574,0.020833333333333332,0.16666666666666666,0.020833333333333332,0.0026617219094556576,0.02142857142857143,0.020833333333333332,0.16666666666666666,0.020833333333333332,0.0026617219094556576
query,test,both_minus_entity_penalty,relevance_grade,1,query_intent,Treatment Change / Escalation,11,7,4,0.0,0.0,0.0,0.0,0.0,0.0606060606060606,0.0,0.0,0.0,0.0,0.05454545454545456,0.0,0.0,0.0,0.0,0.05454545454545456,0.0,0.0,0.0,0.0,0.045454545454545456,0.0,0.0,0.0,0.0
query,test,both_minus_entity_penalty,relevance_grade,1,has_context,False,56,39,17,0.0,0.0,0.0,0.0,0.0,0.02976190476190476,0.0,0.0,0.0,0.0,0.03214285714285714,0.010256410256410256,0.05128205128205128,0.011538461538461539,0.0037878889924303116,0.04107142857142858,0.02032967032967033,0.1282051282051282,0.02171347171347171,0.008970977372511088,0.03839285714285715,0.04407814407814408,0.23076923076923078,0.02868603131761026,0.017820124655957812
query,test,both_minus_entity_penalty,relevance_grade,1,has_context,True,44,29,15,0.0,0.0,0.0,0.0,0.0,0.022727272727272728,0.006896551724137932,0.034482758620689655,0.017241379310344827,0.01465375511546187,0.04090909090909091,0.006896551724137932,0.034482758620689655,0.017241379310344827,0.0118558906106724,0.045454545454545456,0.016133004926108373,0.10344827586206896,0.02647783251231527,0.016545954680043915,0.03295454545454546,0.016133004926108373,0.10344827586206896,0.02647783251231527,0.016545954680043915
query,test,both_minus_context_bonus,relevance_grade,1,query_language,EN,50,34,16,0.0,0.0,0.0,0.0,0.0,0.03333333333333333,0.0058823529411764705,0.029411764705882353,0.00980392156862745,0.003415601656386725,0.032,0.0058823529411764705,0.029411764705882353,0.00980392156862745,0.0032122852881473316,0.03,0.010084033613445379,0.058823529411764705,0.014005602240896357,0.006742918422119095,0.032,0.026178804855275444,0.14705882352941177,0.02067836704059614,0.010948304018844038
query,test,both_minus_context_bonus,relevance_grade,1,query_language,ID,18,12,6,0.0,0.0,0.0,0.0,0.0,0.018518518518518517,0.0,0.0,0.0,0.0,0.05555555555555555,0.016666666666666666,0.08333333333333333,0.016666666666666666,0.004471055387187,0.055555555555555566,0.03898809523809524,0.25,0.04047619047619048,0.02011057746573971,0.05,0.0494047619047619,0.3333333333333333,0.04805194805194805,0.02128736227533995
query,test,both_minus_context_bonus,relevance_grade,1,query_language,MIXED,32,22,10,0.0,0.0,0.0,0.0,0.0,0.041666666666666664,0.0,0.0,0.0,0.0,0.05,0.009090909090909092,0.045454545454545456,0.011363636363636364,0.010667919399445598,0.034375,0.009090909090909092,0.045454545454545456,0.011363636363636364,0.010667919399445598,0.028125,0.009090909090909092,0.045454545454545456,0.011363636363636364,0.010667919399445598
query,test,both_minus_context_bonus,relevance_grade,1,query_intent,Comparative Treatment Choice,2,2,0,0.0,0.0,0.0,0.0,0.0,0.0,0.0,0.0,0.0,0.0,0.0,0.0,0.0,0.0,0.0,0.0,0.0,0.0,0.0,0.0,0.0,0.0,0.0,0.0,0.0
query,test,both_minus_context_bonus,relevance_grade,1,query_intent,Dosing / Administration,19,14,5,0.0,0.0,0.0,0.0,0.0,0.017543859649122806,0.0,0.0,0.0,0.0,0.03157894736842106,0.014285714285714287,0.07142857142857142,0.017857142857142856,0.016763873341985938,0.0368421052631579,0.024489795918367346,0.14285714285714285,0.02806122448979592,0.02533826809591736,0.028947368421052635,0.024489795918367346,0.14285714285714285,0.02806122448979592,0.02533826809591736
query,test,both_minus_context_bonus,relevance_grade,1,query_intent,Efficacy / Outcomes,3,1,2,0.0,0.0,0.0,0.0,0.0,0.1111111111111111,0.0,0.0,0.0,0.0,0.06666666666666667,0.0,0.0,0.0,0.0,0.03333333333333333,0.0,0.0,0.0,0.0,0.03333333333333333,0.0,0.0,0.0,0.0
query,test,both_minus_context_bonus,relevance_grade,1,query_intent,Guideline / Evidence Lookup,10,8,2,0.0,0.0,0.0,0.0,0.0,0.03333333333333333,0.0,0.0,0.0,0.0,0.08,0.0,0.0,0.0,0.0,0.05,0.0,0.0,0.0,0.0,0.030000000000000006,0.0,0.0,0.0,0.0
query,test,both_minus_context_bonus,relevance_grade,1,query_intent,Interaction / Combination,7,7,0,0.0,0.0,0.0,0.0,0.0,0.0,0.0,0.0,0.0,0.0,0.028571428571428574,0.028571428571428574,0.14285714285714285,0.028571428571428574,0.0076646663780348566,0.028571428571428574,0.04897959183673469,0.2857142857142857,0.04897959183673469,0.017010939532241087,0.021428571428571432,0.04897959183673469,0.2857142857142857,0.04897959183673469,0.017010939532241087
query,test,both_minus_context_bonus,relevance_grade,1,query_intent,Management / Treatment Selection,11,7,4,0.0,0.0,0.0,0.0,0.0,0.0,0.0,0.0,0.0,0.0,0.0,0.0,0.0,0.0,0.0,0.018181818181818184,0.017857142857142856,0.14285714285714285,0.02040816326530612,0.0174643361233127,0.031818181818181815,0.04642857142857143,0.2857142857142857,0.027926960257787323,0.022786773254459578
query,test,both_minus_context_bonus,relevance_grade,1,query_intent,Mechanism / Background Knowledge,6,3,3,0.0,0.0,0.0,0.0,0.0,0.0,0.0,0.0,0.0,0.0,0.03333333333333333,0.0,0.0,0.0,0.0,0.03333333333333333,0.0,0.0,0.0,0.0,0.025000000000000005,0.0,0.0,0.0,0.0
query,test,both_minus_context_bonus,relevance_grade,1,query_intent,Monitoring / Response / Risk Assessment,9,7,2,0.0,0.0,0.0,0.0,0.0,0.07407407407407407,0.0,0.0,0.0,0.0,0.08888888888888889,0.0,0.0,0.0,0.0,0.06666666666666668,0.0,0.0,0.0,0.0,0.06666666666666667,0.0496031746031746,0.2857142857142857,0.024891774891774892,0.015103721481517134
query,test,both_minus_context_bonus,relevance_grade,1,query_intent,Prophylaxis / Maintenance,8,6,2,0.0,0.0,0.0,0.0,0.0,0.125,0.03333333333333333,0.16666666666666666,0.05555555555555555,0.01935507605285811,0.07500000000000001,0.03333333333333333,0.16666666666666666,0.05555555555555555,0.018202949966168214,0.037500000000000006,0.03333333333333333,0.16666666666666666,0.05555555555555555,0.018202949966168214,0.037500000000000006,0.03333333333333333,0.16666666666666666,0.05555555555555555,0.018202949966168214
query,test,both_minus_context_bonus,relevance_grade,1,query_intent,Safety / Contraindication,14,6,8,0.0,0.0,0.0,0.0,0.0,0.0,0.0,0.0,0.0,0.0,0.014285714285714287,0.0,0.0,0.0,0.0,0.014285714285714287,0.0,0.0,0.0,0.0,0.02142857142857143,0.020833333333333332,0.16666666666666666,0.015151515151515152,0.002353569619200471
query,test,both_minus_context_bonus,relevance_grade,1,query_intent,Treatment Change / Escalation,11,7,4,0.0,0.0,0.0,0.0,0.0,0.0606060606060606,0.0,0.0,0.0,0.0,0.05454545454545456,0.0,0.0,0.0,0.0,0.05454545454545454,0.0,0.0,0.0,0.0,0.05454545454545454,0.0,0.0,0.0,0.0
query,test,both_minus_context_bonus,relevance_grade,1,has_context,False,56,39,17,0.0,0.0,0.0,0.0,0.0,0.041666666666666664,0.005128205128205128,0.02564102564102564,0.008547008547008546,0.0029777040081320166,0.03571428571428571,0.010256410256410256,0.05128205128205128,0.013675213675213675,0.004176163190852648,0.0375,0.017124542124542126,0.10256410256410256,0.021001221001221,0.00898832383040733,0.0375,0.03115588115588116,0.1794871794871795,0.02681850313429261,0.01265455742755215
query,test,both_minus_context_bonus,relevance_grade,1,has_context,True,44,29,15,0.0,0.0,0.0,0.0,0.0,0.022727272727272728,0.0,0.0,0.0,0.0,0.05,0.006896551724137932,0.034482758620689655,0.008620689655172414,0.008092904371993212,0.034090909090909095,0.011822660098522168,0.06896551724137931,0.01354679802955665,0.012232267356649762,0.029545454545454552,0.016133004926108373,0.10344827586206896,0.016681594267801164,0.012719212795105031
query,test,both_minus_context_penalty,relevance_grade,1,query_language,EN,50,34,16,0.0,0.0,0.0,0.0,0.0,0.03333333333333333,0.0058823529411764705,0.029411764705882353,0.00980392156862745,0.003415601656386725,0.032,0.0058823529411764705,0.029411764705882353,0.00980392156862745,0.0032122852881473316,0.032,0.010084033613445379,0.058823529411764705,0.014005602240896357,0.006742918422119095,0.034,0.026178804855275444,0.14705882352941177,0.02067836704059614,0.010948304018844038
query,test,both_minus_context_penalty,relevance_grade,1,query_language,ID,18,12,6,0.0,0.0,0.0,0.0,0.0,0.018518518518518517,0.0,0.0,0.0,0.0,0.03333333333333334,0.016666666666666666,0.08333333333333333,0.016666666666666666,0.004471055387187,0.06666666666666668,0.0494047619047619,0.3333333333333333,0.05089285714285715,0.02144143842046754,0.052777777777777785,0.0494047619047619,0.3333333333333333,0.05089285714285715,0.02144143842046754
query,test,both_minus_context_penalty,relevance_grade,1,query_language,MIXED,32,22,10,0.0,0.0,0.0,0.0,0.0,0.041666666666666664,0.009090909090909092,0.045454545454545456,0.01515151515151515,0.015307816323408602,0.037500000000000006,0.009090909090909092,0.045454545454545456,0.01515151515151515,0.012385070883783324,0.034375,0.009090909090909092,0.045454545454545456,0.01515151515151515,0.012385070883783324,0.028125,0.009090909090909092,0.045454545454545456,0.01515151515151515,0.012385070883783324
query,test,both_minus_context_penalty,relevance_grade,1,query_intent,Comparative Treatment Choice,2,2,0,0.0,0.0,0.0,0.0,0.0,0.0,0.0,0.0,0.0,0.0,0.0,0.0,0.0,0.0,0.0,0.0,0.0,0.0,0.0,0.0,0.0,0.0,0.0,0.0,0.0
query,test,both_minus_context_penalty,relevance_grade,1,query_intent,Dosing / Administration,19,14,5,0.0,0.0,0.0,0.0,0.0,0.03508771929824561,0.014285714285714287,0.07142857142857142,0.023809523809523808,0.024055139936784948,0.03157894736842106,0.014285714285714287,0.07142857142857142,0.023809523809523808,0.019462254245945224,0.042105263157894736,0.024489795918367346,0.14285714285714285,0.03401360544217687,0.02803664899987665,0.03421052631578948,0.024489795918367346,0.14285714285714285,0.03401360544217687,0.02803664899987665
query,test,both_minus_context_penalty,relevance_grade,1,query_intent,Efficacy / Outcomes,3,1,2,0.0,0.0,0.0,0.0,0.0,0.1111111111111111,0.0,0.0,0.0,0.0,0.06666666666666667,0.0,0.0,0.0,0.0,0.03333333333333333,0.0,0.0,0.0,0.0,0.03333333333333333,0.0,0.0,0.0,0.0
query,test,both_minus_context_penalty,relevance_grade,1,query_intent,Guideline / Evidence Lookup,10,8,2,0.0,0.0,0.0,0.0,0.0,0.0,0.0,0.0,0.0,0.0,0.02,0.0,0.0,0.0,0.0,0.05,0.0,0.0,0.0,0.0,0.030000000000000006,0.0,0.0,0.0,0.0
query,test,both_minus_context_penalty,relevance_grade,1,query_intent,Interaction / Combination,7,7,0,0.0,0.0,0.0,0.0,0.0,0.0,0.0,0.0,0.0,0.0,0.028571428571428574,0.028571428571428574,0.14285714285714285,0.028571428571428574,0.0076646663780348566,0.028571428571428574,0.04897959183673469,0.2857142857142857,0.04897959183673469,0.017010939532241087,0.021428571428571432,0.04897959183673469,0.2857142857142857,0.04897959183673469,0.017010939532241087
query,test,both_minus_context_penalty,relevance_grade,1,query_intent,Management / Treatment Selection,11,7,4,0.0,0.0,0.0,0.0,0.0,0.0,0.0,0.0,0.0,0.0,0.0,0.0,0.0,0.0,0.0,0.018181818181818184,0.017857142857142856,0.14285714285714285,0.02040816326530612,0.0174643361233127,0.031818181818181815,0.04642857142857143,0.2857142857142857,0.027926960257787323,0.022786773254459578
query,test,both_minus_context_penalty,relevance_grade,1,query_intent,Mechanism / Background Knowledge,6,3,3,0.0,0.0,0.0,0.0,0.0,0.0,0.0,0.0,0.0,0.0,0.03333333333333333,0.0,0.0,0.0,0.0,0.03333333333333333,0.0,0.0,0.0,0.0,0.025000000000000005,0.0,0.0,0.0,0.0
query,test,both_minus_context_penalty,relevance_grade,1,query_intent,Monitoring / Response / Risk Assessment,9,7,2,0.0,0.0,0.0,0.0,0.0,0.07407407407407407,0.0,0.0,0.0,0.0,0.08888888888888889,0.0,0.0,0.0,0.0,0.06666666666666668,0.0,0.0,0.0,0.0,0.06666666666666667,0.0496031746031746,0.2857142857142857,0.024891774891774892,0.015103721481517134
query,test,both_minus_context_penalty,relevance_grade,1,query_intent,Prophylaxis / Maintenance,8,6,2,0.0,0.0,0.0,0.0,0.0,0.125,0.03333333333333333,0.16666666666666666,0.05555555555555555,0.01935507605285811,0.07500000000000001,0.03333333333333333,0.16666666666666666,0.05555555555555555,0.018202949966168214,0.037500000000000006,0.03333333333333333,0.16666666666666666,0.05555555555555555,0.018202949966168214,0.037500000000000006,0.03333333333333333,0.16666666666666666,0.05555555555555555,0.018202949966168214
query,test,both_minus_context_penalty,relevance_grade,1,query_intent,Safety / Contraindication,14,6,8,0.0,0.0,0.0,0.0,0.0,0.0,0.0,0.0,0.0,0.0,0.0,0.0,0.0,0.0,0.0,0.028571428571428574,0.020833333333333332,0.16666666666666666,0.020833333333333332,0.0026617219094556576,0.024999999999999998,0.020833333333333332,0.16666666666666666,0.020833333333333332,0.0026617219094556576
query,test,both_minus_context_penalty,relevance_grade,1,query_intent,Treatment Change / Escalation,11,7,4,0.0,0.0,0.0,0.0,0.0,0.0606060606060606,0.0,0.0,0.0,0.0,0.05454545454545456,0.0,0.0,0.0,0.0,0.05454545454545454,0.0,0.0,0.0,0.0,0.05454545454545454,0.0,0.0,0.0,0.0
query,test,both_minus_context_penalty,relevance_grade,1,has_context,False,56,39,17,0.0,0.0,0.0,0.0,0.0,0.041666666666666664,0.005128205128205128,0.02564102564102564,0.008547008547008546,0.0029777040081320166,0.03571428571428571,0.010256410256410256,0.05128205128205128,0.013675213675213675,0.004176163190852648,0.0375,0.017124542124542126,0.10256410256410256,0.021001221001221,0.00898832383040733,0.0375,0.03115588115588116,0.1794871794871795,0.02681850313429261,0.01265455742755215
query,test,both_minus_context_penalty,relevance_grade,1,has_context,True,44,29,15,0.0,0.0,0.0,0.0,0.0,0.022727272727272728,0.006896551724137932,0.034482758620689655,0.011494252873563218,0.011612826176378939,0.03181818181818182,0.006896551724137932,0.034482758620689655,0.011494252873563218,0.009395571015283901,0.040909090909090916,0.016133004926108373,0.10344827586206896,0.02073070607553366,0.014085635084655415,0.03295454545454546,0.016133004926108373,0.10344827586206896,0.02073070607553366,0.014085635084655415
query,test,fixed_bonuses,relevance_grade,1,query_language,EN,50,34,16,0.02,0.0,0.0,0.0,0.0,0.026666666666666665,0.0,0.0,0.0,0.0,0.032,0.0058823529411764705,0.029411764705882353,0.0058823529411764705,0.0024853631627160277,0.042,0.02123015873015873,0.14705882352941177,0.02193043884220355,0.011657057886378384,0.04100000000000001,0.037733426704014944,0.23529411764705882,0.026842517192635567,0.017970055773276452
query,test,fixed_bonuses,relevance_grade,1,query_language,ID,18,12,6,0.0,0.0,0.0,0.0,0.0,0.037037037037037035,0.0,0.0,0.0,0.0,0.044444444444444446,0.0,0.0,0.0,0.0,0.07777777777777779,0.0494047619047619,0.3333333333333333,0.04811507936507936,0.02108725134363113,0.0638888888888889,0.061309523809523814,0.3333333333333333,0.04811507936507936,0.02234872366653637
query,test,fixed_bonuses,relevance_grade,1,query_language,MIXED,32,22,10,0.03125,0.0,0.0,0.0,0.0,0.05208333333333333,0.009090909090909092,0.045454545454545456,0.022727272727272728,0.019316313561290648,0.04375,0.009090909090909092,0.045454545454545456,0.022727272727272728,0.015628219441340893,0.037500000000000006,0.009090909090909092,0.045454545454545456,0.022727272727272728,0.015628219441340893,0.028125,0.009090909090909092,0.045454545454545456,0.022727272727272728,0.015628219441340893
query,test,fixed_bonuses,relevance_grade,1,query_intent,Comparative Treatment Choice,2,2,0,0.0,0.0,0.0,0.0,0.0,0.0,0.0,0.0,0.0,0.0,0.0,0.0,0.0,0.0,0.0,0.0,0.0,0.0,0.0,0.0,0.0,0.0,0.0,0.0,0.0
query,test,fixed_bonuses,relevance_grade,1,query_intent,Dosing / Administration,19,14,5,0.0,0.0,0.0,0.0,0.0,0.03508771929824561,0.014285714285714287,0.07142857142857142,0.03571428571428571,0.030354207024885303,0.042105263157894736,0.014285714285714287,0.07142857142857142,0.03571428571428571,0.024558630550678546,0.042105263157894736,0.024489795918367346,0.14285714285714285,0.04591836734693877,0.03313302530460997,0.028947368421052635,0.024489795918367346,0.14285714285714285,0.04591836734693877,0.03313302530460997
query,test,fixed_bonuses,relevance_grade,1,query_intent,Efficacy / Outcomes,3,1,2,0.0,0.0,0.0,0.0,0.0,0.1111111111111111,0.0,0.0,0.0,0.0,0.06666666666666667,0.0,0.0,0.0,0.0,0.03333333333333333,0.0,0.0,0.0,0.0,0.049999999999999996,0.25,1.0,0.05263157894736842,0.16487536293155053
query,test,fixed_bonuses,relevance_grade,1,query_intent,Guideline / Evidence Lookup,10,8,2,0.1,0.0,0.0,0.0,0.0,0.06666666666666667,0.0,0.0,0.0,0.0,0.06000000000000001,0.0,0.0,0.0,0.0,0.06000000000000001,0.0,0.0,0.0,0.0,0.04,0.0,0.0,0.0,0.0
query,test,fixed_bonuses,relevance_grade,1,query_intent,Interaction / Combination,7,7,0,0.0,0.0,0.0,0.0,0.0,0.0,0.0,0.0,0.0,0.0,0.0,0.0,0.0,0.0,0.0,0.028571428571428574,0.04897959183673469,0.2857142857142857,0.04421768707482993,0.016403761686235814,0.03571428571428571,0.06938775510204082,0.2857142857142857,0.04421768707482993,0.018566285668359078
query,test,fixed_bonuses,relevance_grade,1,query_intent,Management / Treatment Selection,11,7,4,0.0,0.0,0.0,0.0,0.0,0.0,0.0,0.0,0.0,0.0,0.0,0.0,0.0,0.0,0.0,0.018181818181818184,0.017857142857142856,0.14285714285714285,0.02040816326530612,0.0174643361233127,0.02727272727272728,0.04642857142857143,0.2857142857142857,0.028811524609843937,0.022980787992931205
query,test,fixed_bonuses,relevance_grade,1,query_intent,Mechanism / Background Knowledge,6,3,3,0.0,0.0,0.0,0.0,0.0,0.0,0.0,0.0,0.0,0.0,0.03333333333333333,0.0,0.0,0.0,0.0,0.05000000000000001,0.037037037037037035,0.3333333333333333,0.041666666666666664,0.014486203316909266,0.041666666666666664,0.037037037037037035,0.3333333333333333,0.041666666666666664,0.014486203316909266
query,test,fixed_bonuses,relevance_grade,1,query_intent,Monitoring / Response / Risk Assessment,9,7,2,0.1111111111111111,0.0,0.0,0.0,0.0,0.07407407407407407,0.0,0.0,0.0,0.0,0.06666666666666668,0.0,0.0,0.0,0.0,0.08888888888888889,0.017857142857142856,0.14285714285714285,0.023809523809523808,0.002445393686474142,0.08888888888888889,0.03373015873015873,0.2857142857142857,0.031746031746031744,0.004038451134424745
query,test,fixed_bonuses,relevance_grade,1,query_intent,Prophylaxis / Maintenance,8,6,2,0.0,0.0,0.0,0.0,0.0,0.08333333333333333,0.0,0.0,0.0,0.0,0.07500000000000001,0.03333333333333333,0.16666666666666666,0.03333333333333333,0.014083724588724157,0.0625,0.05714285714285714,0.3333333333333333,0.05185185185185185,0.03595367930429638,0.05,0.05714285714285714,0.3333333333333333,0.05185185185185185,0.03595367930429638
query,test,fixed_bonuses,relevance_grade,1,query_intent,Safety / Contraindication,14,6,8,0.0,0.0,0.0,0.0,0.0,0.0,0.0,0.0,0.0,0.0,0.014285714285714287,0.0,0.0,0.0,0.0,0.03571428571428571,0.020833333333333332,0.16666666666666666,0.020833333333333332,0.0026617219094556576,0.03214285714285714,0.020833333333333332,0.16666666666666666,0.020833333333333332,0.0026617219094556576
query,test,fixed_bonuses,relevance_grade,1,query_intent,Treatment Change / Escalation,11,7,4,0.0,0.0,0.0,0.0,0.0,0.0606060606060606,0.0,0.0,0.0,0.0,0.05454545454545456,0.0,0.0,0.0,0.0,0.06363636363636364,0.0,0.0,0.0,0.0,0.05,0.0,0.0,0.0,0.0
query,test,fixed_bonuses,relevance_grade,1,has_context,False,56,39,17,0.017857142857142856,0.0,0.0,0.0,0.0,0.03571428571428571,0.0,0.0,0.0,0.0,0.03214285714285714,0.005128205128205128,0.02564102564102564,0.005128205128205128,0.0021667268598037164,0.04821428571428571,0.026841676841676845,0.1794871794871795,0.027055352055352058,0.013163464775606787,0.04642857142857143,0.044892144892144895,0.2564102564102564,0.03133767677111331,0.01905524928918107
query,test,fixed_bonuses,relevance_grade,1,has_context,True,44,29,15,0.022727272727272728,0.0,0.0,0.0,0.0,0.03787878787878787,0.006896551724137932,0.034482758620689655,0.017241379310344827,0.01465375511546187,0.045454545454545456,0.006896551724137932,0.034482758620689655,0.017241379310344827,0.0118558906106724,0.045454545454545456,0.016133004926108373,0.10344827586206896,0.02647783251231527,0.016545954680043915,0.03409090909090909,0.016133004926108373,0.10344827586206896,0.02647783251231527,0.016545954680043915
query,test,fixed_penalties,relevance_grade,1,query_language,EN,50,34,16,0.02,0.0,0.0,0.0,0.0,0.026666666666666665,0.0,0.0,0.0,0.0,0.028000000000000004,0.0058823529411764705,0.029411764705882353,0.0058823529411764705,0.0024853631627160277,0.042,0.02123015873015873,0.14705882352941177,0.02193043884220355,0.011657057886378384,0.042,0.037733426704014944,0.23529411764705882,0.026842517192635567,0.017970055773276452
query,test,fixed_penalties,relevance_grade,1,query_language,ID,18,12,6,0.05555555555555555,0.0,0.0,0.0,0.0,0.037037037037037035,0.0,0.0,0.0,0.0,0.044444444444444446,0.0,0.0,0.0,0.0,0.07222222222222224,0.0494047619047619,0.3333333333333333,0.04811507936507936,0.02108725134363113,0.06666666666666667,0.061309523809523814,0.3333333333333333,0.04811507936507936,0.02234872366653637
query,test,fixed_penalties,relevance_grade,1,query_language,MIXED,32,22,10,0.03125,0.0,0.0,0.0,0.0,0.041666666666666664,0.0,0.0,0.0,0.0,0.05,0.009090909090909092,0.045454545454545456,0.011363636363636364,0.010667919399445598,0.037500000000000006,0.009090909090909092,0.045454545454545456,0.011363636363636364,0.010667919399445598,0.029687500000000002,0.009090909090909092,0.045454545454545456,0.011363636363636364,0.010667919399445598
query,test,fixed_penalties,relevance_grade,1,query_intent,Comparative Treatment Choice,2,2,0,0.0,0.0,0.0,0.0,0.0,0.0,0.0,0.0,0.0,0.0,0.0,0.0,0.0,0.0,0.0,0.0,0.0,0.0,0.0,0.0,0.0,0.0,0.0,0.0,0.0
query,test,fixed_penalties,relevance_grade,1,query_intent,Dosing / Administration,19,14,5,0.0,0.0,0.0,0.0,0.0,0.017543859649122806,0.0,0.0,0.0,0.0,0.03157894736842106,0.014285714285714287,0.07142857142857142,0.017857142857142856,0.016763873341985938,0.042105263157894736,0.024489795918367346,0.14285714285714285,0.02806122448979592,0.02533826809591736,0.034210526315789476,0.024489795918367346,0.14285714285714285,0.02806122448979592,0.02533826809591736
query,test,fixed_penalties,relevance_grade,1,query_intent,Efficacy / Outcomes,3,1,2,0.0,0.0,0.0,0.0,0.0,0.1111111111111111,0.0,0.0,0.0,0.0,0.06666666666666667,0.0,0.0,0.0,0.0,0.03333333333333333,0.0,0.0,0.0,0.0,0.049999999999999996,0.25,1.0,0.05263157894736842,0.16487536293155053
query,test,fixed_penalties,relevance_grade,1,query_intent,Guideline / Evidence Lookup,10,8,2,0.2,0.0,0.0,0.0,0.0,0.06666666666666667,0.0,0.0,0.0,0.0,0.08,0.0,0.0,0.0,0.0,0.05,0.0,0.0,0.0,0.0,0.045,0.0,0.0,0.0,0.0
query,test,fixed_penalties,relevance_grade,1,query_intent,Interaction / Combination,7,7,0,0.0,0.0,0.0,0.0,0.0,0.0,0.0,0.0,0.0,0.0,0.0,0.0,0.0,0.0,0.0,0.028571428571428574,0.04897959183673469,0.2857142857142857,0.04421768707482993,0.016403761686235814,0.03571428571428571,0.06938775510204082,0.2857142857142857,0.04421768707482993,0.018566285668359078
query,test,fixed_penalties,relevance_grade,1,query_intent,Management / Treatment Selection,11,7,4,0.0,0.0,0.0,0.0,0.0,0.0,0.0,0.0,0.0,0.0,0.0,0.0,0.0,0.0,0.0,0.018181818181818184,0.017857142857142856,0.14285714285714285,0.02040816326530612,0.0174643361233127,0.02727272727272728,0.04642857142857143,0.2857142857142857,0.028811524609843937,0.022980787992931205
query,test,fixed_penalties,relevance_grade,1,query_intent,Mechanism / Background Knowledge,6,3,3,0.0,0.0,0.0,0.0,0.0,0.0,0.0,0.0,0.0,0.0,0.03333333333333333,0.0,0.0,0.0,0.0,0.05000000000000001,0.037037037037037035,0.3333333333333333,0.041666666666666664,0.014486203316909266,0.041666666666666664,0.037037037037037035,0.3333333333333333,0.041666666666666664,0.014486203316909266
query,test,fixed_penalties,relevance_grade,1,query_intent,Monitoring / Response / Risk Assessment,9,7,2,0.1111111111111111,0.0,0.0,0.0,0.0,0.07407407407407407,0.0,0.0,0.0,0.0,0.06666666666666668,0.0,0.0,0.0,0.0,0.08888888888888889,0.017857142857142856,0.14285714285714285,0.023809523809523808,0.002445393686474142,0.08888888888888889,0.03373015873015873,0.2857142857142857,0.031746031746031744,0.004038451134424745
query,test,fixed_penalties,relevance_grade,1,query_intent,Prophylaxis / Maintenance,8,6,2,0.0,0.0,0.0,0.0,0.0,0.08333333333333333,0.0,0.0,0.0,0.0,0.07500000000000001,0.03333333333333333,0.16666666666666666,0.03333333333333333,0.014083724588724157,0.0625,0.05714285714285714,0.3333333333333333,0.05185185185185185,0.03595367930429638,0.05,0.05714285714285714,0.3333333333333333,0.05185185185185185,0.03595367930429638
query,test,fixed_penalties,relevance_grade,1,query_intent,Safety / Contraindication,14,6,8,0.0,0.0,0.0,0.0,0.0,0.0,0.0,0.0,0.0,0.0,0.014285714285714287,0.0,0.0,0.0,0.0,0.03571428571428571,0.020833333333333332,0.16666666666666666,0.020833333333333332,0.0026617219094556576,0.03214285714285714,0.020833333333333332,0.16666666666666666,0.020833333333333332,0.0026617219094556576
query,test,fixed_penalties,relevance_grade,1,query_intent,Treatment Change / Escalation,11,7,4,0.0,0.0,0.0,0.0,0.0,0.0606060606060606,0.0,0.0,0.0,0.0,0.05454545454545456,0.0,0.0,0.0,0.0,0.06363636363636364,0.0,0.0,0.0,0.0,0.05,0.0,0.0,0.0,0.0
query,test,fixed_penalties,relevance_grade,1,has_context,False,56,39,17,0.017857142857142856,0.0,0.0,0.0,0.0,0.03571428571428571,0.0,0.0,0.0,0.0,0.03214285714285714,0.005128205128205128,0.02564102564102564,0.005128205128205128,0.0021667268598037164,0.04821428571428571,0.026841676841676845,0.1794871794871795,0.027055352055352058,0.013163464775606787,0.04642857142857143,0.044892144892144895,0.2564102564102564,0.03133767677111331,0.01905524928918107
query,test,fixed_penalties,relevance_grade,1,has_context,True,44,29,15,0.045454545454545456,0.0,0.0,0.0,0.0,0.0303030303030303,0.0,0.0,0.0,0.0,0.045454545454545456,0.006896551724137932,0.034482758620689655,0.008620689655172414,0.008092904371993212,0.04318181818181819,0.016133004926108373,0.10344827586206896,0.017857142857142856,0.012782968441364725,0.037500000000000006,0.016133004926108373,0.10344827586206896,0.017857142857142856,0.012782968441364725
query,test,fixed_both,relevance_grade,1,query_language,EN,50,34,16,0.0,0.0,0.0,0.0,0.0,0.026666666666666665,0.0,0.0,0.0,0.0,0.028000000000000004,0.0058823529411764705,0.029411764705882353,0.0058823529411764705,0.0024853631627160277,0.04,0.01702847805788982,0.11764705882352941,0.017962184873949582,0.0077653241973429455,0.038,0.037733426704014944,0.23529411764705882,0.025771583937218612,0.017540962737594267
query,test,fixed_both,relevance_grade,1,query_language,ID,18,12,6,0.0,0.0,0.0,0.0,0.0,0.037037037037037035,0.0,0.0,0.0,0.0,0.03333333333333334,0.0,0.0,0.0,0.0,0.07222222222222224,0.0494047619047619,0.3333333333333333,0.04811507936507936,0.02108725134363113,0.06666666666666667,0.061309523809523814,0.3333333333333333,0.04811507936507936,0.02234872366653637
query,test,fixed_both,relevance_grade,1,query_language,MIXED,32,22,10,0.0,0.0,0.0,0.0,0.0,0.05208333333333333,0.009090909090909092,0.045454545454545456,0.01515151515151515,0.015307816323408602,0.04375,0.009090909090909092,0.045454545454545456,0.01515151515151515,0.012385070883783324,0.034375,0.009090909090909092,0.045454545454545456,0.01515151515151515,0.012385070883783324,0.028125000000000004,0.009090909090909092,0.045454545454545456,0.01515151515151515,0.012385070883783324
query,test,fixed_both,relevance_grade,1,query_intent,Comparative Treatment Choice,2,2,0,0.0,0.0,0.0,0.0,0.0,0.0,0.0,0.0,0.0,0.0,0.0,0.0,0.0,0.0,0.0,0.0,0.0,0.0,0.0,0.0,0.0,0.0,0.0,0.0,0.0
query,test,fixed_both,relevance_grade,1,query_intent,Dosing / Administration,19,14,5,0.0,0.0,0.0,0.0,0.0,0.03508771929824561,0.014285714285714287,0.07142857142857142,0.023809523809523808,0.024055139936784948,0.03157894736842106,0.014285714285714287,0.07142857142857142,0.023809523809523808,0.019462254245945224,0.0368421052631579,0.024489795918367346,0.14285714285714285,0.03401360544217687,0.02803664899987665,0.03157894736842106,0.024489795918367346,0.14285714285714285,0.03401360544217687,0.02803664899987665
query,test,fixed_both,relevance_grade,1,query_intent,Efficacy / Outcomes,3,1,2,0.0,0.0,0.0,0.0,0.0,0.1111111111111111,0.0,0.0,0.0,0.0,0.06666666666666667,0.0,0.0,0.0,0.0,0.03333333333333333,0.0,0.0,0.0,0.0,0.049999999999999996,0.25,1.0,0.05263157894736842,0.16487536293155053
query,test,fixed_both,relevance_grade,1,query_intent,Guideline / Evidence Lookup,10,8,2,0.0,0.0,0.0,0.0,0.0,0.06666666666666667,0.0,0.0,0.0,0.0,0.06000000000000001,0.0,0.0,0.0,0.0,0.06000000000000001,0.0,0.0,0.0,0.0,0.045,0.0,0.0,0.0,0.0
query,test,fixed_both,relevance_grade,1,query_intent,Interaction / Combination,7,7,0,0.0,0.0,0.0,0.0,0.0,0.0,0.0,0.0,0.0,0.0,0.0,0.0,0.0,0.0,0.0,0.028571428571428574,0.04897959183673469,0.2857142857142857,0.04421768707482993,0.016403761686235814,0.03571428571428571,0.06938775510204082,0.2857142857142857,0.04421768707482993,0.018566285668359078
query,test,fixed_both,relevance_grade,1,query_intent,Management / Treatment Selection,11,7,4,0.0,0.0,0.0,0.0,0.0,0.0,0.0,0.0,0.0,0.0,0.0,0.0,0.0,0.0,0.0,0.018181818181818184,0.017857142857142856,0.14285714285714285,0.02040816326530612,0.0174643361233127,0.02727272727272728,0.04642857142857143,0.2857142857142857,0.027926960257787323,0.022786773254459578
query,test,fixed_both,relevance_grade,1,query_intent,Mechanism / Background Knowledge,6,3,3,0.0,0.0,0.0,0.0,0.0,0.0,0.0,0.0,0.0,0.0,0.03333333333333333,0.0,0.0,0.0,0.0,0.05000000000000001,0.037037037037037035,0.3333333333333333,0.041666666666666664,0.014486203316909266,0.041666666666666664,0.037037037037037035,0.3333333333333333,0.041666666666666664,0.014486203316909266
query,test,fixed_both,relevance_grade,1,query_intent,Monitoring / Response / Risk Assessment,9,7,2,0.0,0.0,0.0,0.0,0.0,0.07407407407407407,0.0,0.0,0.0,0.0,0.06666666666666668,0.0,0.0,0.0,0.0,0.08888888888888889,0.017857142857142856,0.14285714285714285,0.02040816326530612,0.0022883626673639236,0.07222222222222223,0.03373015873015873,0.2857142857142857,0.03139717425431711,0.004065762647712592
query,test,fixed_both,relevance_grade,1,query_intent,Prophylaxis / Maintenance,8,6,2,0.0,0.0,0.0,0.0,0.0,0.08333333333333333,0.0,0.0,0.0,0.0,0.07500000000000001,0.03333333333333333,0.16666666666666666,0.03333333333333333,0.014083724588724157,0.05,0.03333333333333333,0.16666666666666666,0.03333333333333333,0.014083724588724157,0.04375,0.05714285714285714,0.3333333333333333,0.04722222222222222,0.03371663919814509
query,test,fixed_both,relevance_grade,1,query_intent,Safety / Contraindication,14,6,8,0.0,0.0,0.0,0.0,0.0,0.0,0.0,0.0,0.0,0.0,0.0,0.0,0.0,0.0,0.0,0.03571428571428571,0.020833333333333332,0.16666666666666666,0.020833333333333332,0.0026617219094556576,0.03214285714285714,0.020833333333333332,0.16666666666666666,0.020833333333333332,0.0026617219094556576
query,test,fixed_both,relevance_grade,1,query_intent,Treatment Change / Escalation,11,7,4,0.0,0.0,0.0,0.0,0.0,0.0606060606060606,0.0,0.0,0.0,0.0,0.05454545454545456,0.0,0.0,0.0,0.0,0.05454545454545456,0.0,0.0,0.0,0.0,0.05,0.0,0.0,0.0,0.0
query,test,fixed_both,relevance_grade,1,has_context,False,56,39,17,0.0,0.0,0.0,0.0,0.0,0.03571428571428571,0.0,0.0,0.0,0.0,0.028571428571428574,0.005128205128205128,0.02564102564102564,0.005128205128205128,0.0021667268598037164,0.044642857142857144,0.023178673178673177,0.15384615384615385,0.0235958485958486,0.009770671303114356,0.04285714285714286,0.044892144892144895,0.2564102564102564,0.030404042651006213,0.01868116818115045
query,test,fixed_both,relevance_grade,1,has_context,True,44,29,15,0.0,0.0,0.0,0.0,0.0,0.03787878787878787,0.006896551724137932,0.034482758620689655,0.011494252873563218,0.011612826176378939,0.04090909090909091,0.006896551724137932,0.034482758620689655,0.011494252873563218,0.009395571015283901,0.04318181818181819,0.016133004926108373,0.10344827586206896,0.02073070607553366,0.014085635084655415,0.03636363636363637,0.016133004926108373,0.10344827586206896,0.02073070607553366,0.014085635084655415
query_dedup,validation,hybrid,relevance_grade,1,query_language,EN,44,25,19,0.022727272727272728,0.008,0.04,0.04,0.005714285714285714,0.022727272727272728,0.008,0.04,0.04,0.003356687972425322,0.022727272727272728,0.008,0.04,0.04,0.003141187510973313,0.029545454545454552,0.048,0.08,0.045,0.015759782582402463,0.03863636363636364,0.061,0.12,0.04735294117647059,0.025411326301550012
query_dedup,validation,hybrid,relevance_grade,1,query_language,ID,20,16,4,0.1,0.041666666666666664,0.125,0.125,0.08928571428571429,0.08333333333333333,0.041666666666666664,0.125,0.125,0.05636305450042986,0.06999999999999999,0.041666666666666664,0.125,0.125,0.052918390232300064,0.039999999999999994,0.041666666666666664,0.125,0.125,0.05179733664581068,0.035,0.08878968253968253,0.3125,0.13936237373737373,0.06973243017009646
query_dedup,validation,hybrid,relevance_grade,1,query_language,MIXED,35,28,7,0.05714285714285714,0.0071428571428571435,0.03571428571428571,0.03571428571428571,0.03571428571428571,0.10476190476190476,0.03928571428571429,0.14285714285714285,0.07738095238095237,0.03857334572974336,0.08571428571428572,0.03928571428571429,0.14285714285714285,0.07738095238095237,0.0319505752274448,0.060000000000000005,0.048214285714285716,0.17857142857142858,0.08095238095238096,0.037268925562958466,0.05285714285714285,0.048214285714285716,0.17857142857142858,0.08095238095238096,0.037268925562958466
query_dedup,validation,hybrid,relevance_grade,1,query_intent,Comparative Treatment Choice,2,1,1,0.0,0.0,0.0,0.0,0.0,0.0,0.0,0.0,0.0,0.0,0.0,0.0,0.0,0.0,0.0,0.05,0.0,0.0,0.0,0.0,0.05,0.0,0.0,0.0,0.0
query_dedup,validation,hybrid,relevance_grade,1,query_intent,Dosing / Administration,21,13,8,0.047619047619047616,0.015384615384615385,0.07692307692307693,0.07692307692307693,0.07692307692307693,0.06349206349206349,0.06923076923076922,0.23076923076923078,0.14102564102564102,0.07938026158148032,0.047619047619047616,0.06923076923076922,0.23076923076923078,0.14102564102564102,0.06563052479912618,0.028571428571428574,0.06923076923076922,0.23076923076923078,0.14102564102564102,0.06563052479912618,0.030952380952380953,0.06923076923076922,0.23076923076923078,0.14102564102564102,0.06563052479912618
query_dedup,validation,hybrid,relevance_grade,1,query_intent,Efficacy / Outcomes,3,1,2,0.0,0.0,0.0,0.0,0.0,0.0,0.0,0.0,0.0,0.0,0.0,0.0,0.0,0.0,0.0,0.0,0.0,0.0,0.0,0.0,0.0,0.0,0.0,0.0,0.0
query_dedup,validation,hybrid,relevance_grade,1,query_intent,Guideline / Evidence Lookup,8,7,1,0.0,0.0,0.0,0.0,0.0,0.125,0.028571428571428574,0.14285714285714285,0.047619047619047616,0.006872897124795698,0.1,0.028571428571428574,0.14285714285714285,0.047619047619047616,0.005917040568544884,0.0625,0.028571428571428574,0.14285714285714285,0.047619047619047616,0.005917040568544884,0.05,0.028571428571428574,0.14285714285714285,0.047619047619047616,0.005917040568544884
query_dedup,validation,hybrid,relevance_grade,1,query_intent,Interaction / Combination,4,4,0,0.25,0.125,0.25,0.25,0.25,0.08333333333333333,0.125,0.25,0.25,0.1532867981913646,0.05,0.125,0.25,0.25,0.1532867981913646,0.05,0.375,0.5,0.28125,0.23215301738779678,0.05,0.5,0.75,0.3020833333333333,0.27357695882910416
query_dedup,validation,hybrid,relevance_grade,1,query_intent,Management / Treatment Selection,14,10,4,0.0,0.0,0.0,0.0,0.0,0.047619047619047616,0.0,0.0,0.0,0.0,0.028571428571428574,0.0,0.0,0.0,0.0,0.014285714285714287,0.0,0.0,0.0,0.0,0.014285714285714287,0.01111111111111111,0.1,0.00909090909090909,0.009439628535590262
query_dedup,validation,hybrid,relevance_grade,1,query_intent,Mechanism / Background Knowledge,6,4,2,0.0,0.0,0.0,0.0,0.0,0.0,0.0,0.0,0.0,0.0,0.0,0.0,0.0,0.0,0.0,0.06666666666666667,0.0,0.0,0.0,0.0,0.05833333333333333,0.0,0.0,0.0,0.0
query_dedup,validation,hybrid,relevance_grade,1,query_intent,Monitoring / Response / Risk Assessment,9,6,3,0.0,0.0,0.0,0.0,0.0,0.037037037037037035,0.0,0.0,0.0,0.0,0.044444444444444446,0.0,0.0,0.0,0.0,0.022222222222222223,0.0,0.0,0.0,0.0,0.03333333333333334,0.0,0.0,0.0,0.0
query_dedup,validation,hybrid,relevance_grade,1,query_intent,Prophylaxis / Maintenance,4,3,1,0.0,0.0,0.0,0.0,0.0,0.0,0.0,0.0,0.0,0.0,0.0,0.0,0.0,0.0,0.0,0.025,0.08333333333333333,0.3333333333333333,0.03333333333333333,0.049637936464794204,0.05,0.13095238095238096,0.6666666666666666,0.05185185185185185,0.058594418220607646
query_dedup,validation,hybrid,relevance_grade,1,query_intent,Safety / Contraindication,14,10,4,0.21428571428571427,0.03666666666666667,0.2,0.2,0.05714285714285714,0.09523809523809523,0.03666666666666667,0.2,0.2,0.03725788785520524,0.11428571428571428,0.03666666666666667,0.2,0.2,0.031207673872567548,0.05714285714285714,0.03666666666666667,0.2,0.2,0.029413988134184537,0.0642857142857143,0.06916666666666667,0.3,0.20588235294117646,0.05354284743205341
query_dedup,validation,hybrid,relevance_grade,1,query_intent,Treatment Change / Escalation,14,10,4,0.0,0.0,0.0,0.0,0.0,0.09523809523809523,0.0,0.0,0.0,0.0,0.07142857142857142,0.0,0.0,0.0,0.0,0.07857142857142858,0.0,0.0,0.0,0.0,0.06785714285714287,0.0,0.0,0.0,0.0
query_dedup,validation,hybrid,relevance_grade,1,has_context,False,50,33,17,0.06,0.0202020202020202,0.06060606060606061,0.06060606060606061,0.04329004329004329,0.04666666666666666,0.0202020202020202,0.06060606060606061,0.06060606060606061,0.027327541575965994,0.044000000000000004,0.0202020202020202,0.06060606060606061,0.06060606060606061,0.025657401324751545,0.04,0.05808080808080808,0.12121212121212122,0.06742424242424243,0.03918594159130552,0.040999999999999995,0.08092833092833092,0.21212121212121213,0.07438781756963575,0.04788174451217135
query_dedup,validation,hybrid,relevance_grade,1,has_context,True,49,36,13,0.04081632653061224,0.011111111111111112,0.05555555555555555,0.05555555555555555,0.031746031746031744,0.08163265306122448,0.036111111111111115,0.1388888888888889,0.08796296296296297,0.03233252443731797,0.0653061224489796,0.036111111111111115,0.1388888888888889,0.08796296296296297,0.027031827615077424,0.04489795918367347,0.036111111111111115,0.1388888888888889,0.08796296296296297,0.027031827615077424,0.04489795918367347,0.04513888888888889,0.16666666666666666,0.08959694989106753,0.03373428853115211
query_dedup,validation,bonuses_only,relevance_grade,1,query_language,EN,44,25,19,0.045454545454545456,0.008,0.04,0.04,0.005714285714285714,0.022727272727272728,0.008,0.04,0.04,0.003356687972425322,0.022727272727272728,0.008,0.04,0.04,0.003141187510973313,0.03181818181818182,0.055999999999999994,0.08,0.045,0.0221158303384424,0.035227272727272725,0.061,0.12,0.04735294117647059,0.02563388937751589
query_dedup,validation,bonuses_only,relevance_grade,1,query_language,ID,20,16,4,0.1,0.041666666666666664,0.125,0.125,0.08928571428571429,0.06666666666666667,0.041666666666666664,0.125,0.125,0.05636305450042986,0.06,0.041666666666666664,0.125,0.125,0.052918390232300064,0.034999999999999996,0.041666666666666664,0.125,0.125,0.05179733664581068,0.03250000000000001,0.08878968253968253,0.3125,0.13758680555555555,0.06900713052551423
query_dedup,validation,bonuses_only,relevance_grade,1,query_language,MIXED,35,28,7,0.02857142857142857,0.0071428571428571435,0.03571428571428571,0.03571428571428571,0.03571428571428571,0.09523809523809523,0.03214285714285715,0.10714285714285714,0.06547619047619048,0.03685512144854443,0.0742857142857143,0.03214285714285715,0.10714285714285714,0.06547619047619048,0.030471315085308582,0.05714285714285714,0.03928571428571429,0.14285714285714285,0.070578231292517,0.0314574885133994,0.05571428571428571,0.03928571428571429,0.14285714285714285,0.070578231292517,0.0314574885133994
query_dedup,validation,bonuses_only,relevance_grade,1,query_intent,Comparative Treatment Choice,2,1,1,0.0,0.0,0.0,0.0,0.0,0.0,0.0,0.0,0.0,0.0,0.0,0.0,0.0,0.0,0.0,0.1,0.0,0.0,0.0,0.0,0.05,0.0,0.0,0.0,0.0
query_dedup,validation,bonuses_only,relevance_grade,1,query_intent,Dosing / Administration,21,13,8,0.047619047619047616,0.015384615384615385,0.07692307692307693,0.07692307692307693,0.07692307692307693,0.06349206349206349,0.06923076923076922,0.23076923076923078,0.14102564102564102,0.07938026158148032,0.0380952380952381,0.06923076923076922,0.23076923076923078,0.14102564102564102,0.06563052479912618,0.023809523809523808,0.06923076923076922,0.23076923076923078,0.14102564102564102,0.06563052479912618,0.02619047619047619,0.06923076923076922,0.23076923076923078,0.14102564102564102,0.06563052479912618
query_dedup,validation,bonuses_only,relevance_grade,1,query_intent,Efficacy / Outcomes,3,1,2,0.0,0.0,0.0,0.0,0.0,0.0,0.0,0.0,0.0,0.0,0.0,0.0,0.0,0.0,0.0,0.0,0.0,0.0,0.0,0.0,0.0,0.0,0.0,0.0,0.0
query_dedup,validation,bonuses_only,relevance_grade,1,query_intent,Guideline / Evidence Lookup,8,7,1,0.0,0.0,0.0,0.0,0.0,0.08333333333333333,0.0,0.0,0.0,0.0,0.05,0.0,0.0,0.0,0.0,0.05,0.028571428571428574,0.14285714285714285,0.02040816326530612,0.003944693712363256,0.0625,0.028571428571428574,0.14285714285714285,0.02040816326530612,0.003944693712363256
query_dedup,validation,bonuses_only,relevance_grade,1,query_intent,Interaction / Combination,4,4,0,0.25,0.125,0.25,0.25,0.25,0.08333333333333333,0.125,0.25,0.25,0.1532867981913646,0.05,0.125,0.25,0.25,0.1532867981913646,0.05,0.375,0.5,0.28125,0.23215301738779678,0.05,0.5,0.75,0.3020833333333333,0.27357695882910416
query_dedup,validation,bonuses_only,relevance_grade,1,query_intent,Management / Treatment Selection,14,10,4,0.07142857142857142,0.0,0.0,0.0,0.0,0.023809523809523808,0.0,0.0,0.0,0.0,0.028571428571428574,0.0,0.0,0.0,0.0,0.014285714285714287,0.0,0.0,0.0,0.0,0.014285714285714287,0.01111111111111111,0.1,0.00625,0.008279149104258697
query_dedup,validation,bonuses_only,relevance_grade,1,query_intent,Mechanism / Background Knowledge,6,4,2,0.0,0.0,0.0,0.0,0.0,0.0,0.0,0.0,0.0,0.0,0.03333333333333333,0.0,0.0,0.0,0.0,0.06666666666666667,0.0,0.0,0.0,0.0,0.06666666666666667,0.0,0.0,0.0,0.0
query_dedup,validation,bonuses_only,relevance_grade,1,query_intent,Monitoring / Response / Risk Assessment,9,6,3,0.0,0.0,0.0,0.0,0.0,0.037037037037037035,0.0,0.0,0.0,0.0,0.044444444444444446,0.0,0.0,0.0,0.0,0.03333333333333334,0.0,0.0,0.0,0.0,0.022222222222222223,0.0,0.0,0.0,0.0
query_dedup,validation,bonuses_only,relevance_grade,1,query_intent,Prophylaxis / Maintenance,4,3,1,0.0,0.0,0.0,0.0,0.0,0.0,0.0,0.0,0.0,0.0,0.0,0.0,0.0,0.0,0.0,0.0,0.0,0.0,0.0,0.0,0.0625,0.047619047619047616,0.3333333333333333,0.018518518518518517,0.008956481755813433
query_dedup,validation,bonuses_only,relevance_grade,1,query_intent,Safety / Contraindication,14,10,4,0.14285714285714285,0.03666666666666667,0.2,0.2,0.05714285714285714,0.09523809523809523,0.03666666666666667,0.2,0.2,0.03725788785520524,0.08571428571428572,0.03666666666666667,0.2,0.2,0.031207673872567548,0.0642857142857143,0.056666666666666664,0.2,0.2,0.045304107524284376,0.06071428571428572,0.06916666666666667,0.3,0.20588235294117646,0.0540992551219681
query_dedup,validation,bonuses_only,relevance_grade,1,query_intent,Treatment Change / Escalation,14,10,4,0.0,0.0,0.0,0.0,0.0,0.09523809523809523,0.0,0.0,0.0,0.0,0.08571428571428573,0.0,0.0,0.0,0.0,0.07142857142857142,0.0,0.0,0.0,0.0,0.0642857142857143,0.0,0.0,0.0,0.0
query_dedup,validation,bonuses_only,relevance_grade,1,has_context,False,50,33,17,0.06,0.0202020202020202,0.06060606060606061,0.06060606060606061,0.04329004329004329,0.04,0.0202020202020202,0.06060606060606061,0.06060606060606061,0.027327541575965994,0.036000000000000004,0.0202020202020202,0.06060606060606061,0.06060606060606061,0.025657401324751545,0.04,0.050505050505050504,0.09090909090909091,0.06439393939393939,0.03467340191268787,0.041999999999999996,0.07335257335257335,0.18181818181818182,0.070496632996633,0.04301754439981686
query_dedup,validation,bonuses_only,relevance_grade,1,has_context,True,49,36,13,0.04081632653061224,0.011111111111111112,0.05555555555555555,0.05555555555555555,0.031746031746031744,0.07482993197278912,0.030555555555555558,0.1111111111111111,0.0787037037037037,0.03099612777416325,0.06122448979591838,0.030555555555555558,0.1111111111111111,0.0787037037037037,0.02588129194897147,0.04285714285714286,0.041666666666666664,0.1388888888888889,0.08267195767195767,0.031062237779180952,0.041836734693877546,0.04513888888888889,0.16666666666666666,0.08430594460006224,0.0335053343340931
query_dedup,validation,penalties_only,relevance_grade,1,query_language,EN,44,25,19,0.045454545454545456,0.008,0.04,0.04,0.005714285714285714,0.022727272727272728,0.008,0.04,0.04,0.003356687972425322,0.022727272727272728,0.008,0.04,0.04,0.003141187510973313,0.03863636363636364,0.055999999999999994,0.08,0.045,0.0221158303384424,0.035227272727272725,0.061,0.12,0.047,0.025455762527200693
query_dedup,validation,penalties_only,relevance_grade,1,query_language,ID,20,16,4,0.1,0.041666666666666664,0.125,0.125,0.08928571428571429,0.06666666666666667,0.041666666666666664,0.125,0.125,0.05636305450042986,0.06,0.041666666666666664,0.125,0.125,0.052918390232300064,0.039999999999999994,0.041666666666666664,0.125,0.125,0.05179733664581068,0.035,0.08878968253968253,0.3125,0.13758680555555555,0.06900713052551423
query_dedup,validation,penalties_only,relevance_grade,1,query_language,MIXED,35,28,7,0.05714285714285714,0.0071428571428571435,0.03571428571428571,0.03571428571428571,0.03571428571428571,0.08571428571428572,0.024999999999999998,0.07142857142857142,0.047619047619047616,0.021678017936101777,0.0742857142857143,0.03214285714285715,0.10714285714285714,0.05654761904761905,0.02657393648096228,0.0542857142857143,0.03928571428571429,0.14285714285714285,0.060515873015873016,0.02746453982930861,0.05714285714285714,0.075,0.17857142857142858,0.0623015873015873,0.035595620139914075
query_dedup,validation,penalties_only,relevance_grade,1,query_intent,Comparative Treatment Choice,2,1,1,0.0,0.0,0.0,0.0,0.0,0.0,0.0,0.0,0.0,0.0,0.0,0.0,0.0,0.0,0.0,0.05,0.0,0.0,0.0,0.0,0.05,0.0,0.0,0.0,0.0
query_dedup,validation,penalties_only,relevance_grade,1,query_intent,Dosing / Administration,21,13,8,0.09523809523809523,0.015384615384615385,0.07692307692307693,0.07692307692307693,0.07692307692307693,0.047619047619047616,0.05384615384615384,0.15384615384615385,0.10256410256410256,0.04669111555468075,0.0380952380952381,0.06923076923076922,0.23076923076923078,0.12179487179487179,0.0572361708820726,0.02857142857142857,0.06923076923076922,0.23076923076923078,0.12179487179487179,0.0572361708820726,0.03333333333333334,0.06923076923076922,0.23076923076923078,0.12179487179487179,0.0572361708820726
query_dedup,validation,penalties_only,relevance_grade,1,query_intent,Efficacy / Outcomes,3,1,2,0.0,0.0,0.0,0.0,0.0,0.0,0.0,0.0,0.0,0.0,0.0,0.0,0.0,0.0,0.0,0.0,0.0,0.0,0.0,0.0,0.0,0.0,0.0,0.0,0.0
query_dedup,validation,penalties_only,relevance_grade,1,query_intent,Guideline / Evidence Lookup,8,7,1,0.0,0.0,0.0,0.0,0.0,0.08333333333333333,0.0,0.0,0.0,0.0,0.05,0.0,0.0,0.0,0.0,0.0625,0.028571428571428574,0.14285714285714285,0.015873015873015872,0.0035624133933853347,0.04375,0.028571428571428574,0.14285714285714285,0.015873015873015872,0.0035624133933853347
query_dedup,validation,penalties_only,relevance_grade,1,query_intent,Interaction / Combination,4,4,0,0.25,0.125,0.25,0.25,0.25,0.08333333333333333,0.125,0.25,0.25,0.1532867981913646,0.05,0.125,0.25,0.25,0.1532867981913646,0.05,0.375,0.5,0.28125,0.23215301738779678,0.05,0.5,0.75,0.3020833333333333,0.27357695882910416
query_dedup,validation,penalties_only,relevance_grade,1,query_intent,Management / Treatment Selection,14,10,4,0.07142857142857142,0.0,0.0,0.0,0.0,0.023809523809523808,0.0,0.0,0.0,0.0,0.028571428571428574,0.0,0.0,0.0,0.0,0.014285714285714287,0.0,0.0,0.0,0.0,0.014285714285714287,0.01111111111111111,0.1,0.00625,0.008279149104258697
query_dedup,validation,penalties_only,relevance_grade,1,query_intent,Mechanism / Background Knowledge,6,4,2,0.0,0.0,0.0,0.0,0.0,0.0,0.0,0.0,0.0,0.0,0.03333333333333333,0.0,0.0,0.0,0.0,0.06666666666666667,0.0,0.0,0.0,0.0,0.06666666666666667,0.0,0.0,0.0,0.0
query_dedup,validation,penalties_only,relevance_grade,1,query_intent,Monitoring / Response / Risk Assessment,9,6,3,0.0,0.0,0.0,0.0,0.0,0.037037037037037035,0.0,0.0,0.0,0.0,0.044444444444444446,0.0,0.0,0.0,0.0,0.03333333333333334,0.0,0.0,0.0,0.0,0.022222222222222223,0.0,0.0,0.0,0.0
query_dedup,validation,penalties_only,relevance_grade,1,query_intent,Prophylaxis / Maintenance,4,3,1,0.0,0.0,0.0,0.0,0.0,0.0,0.0,0.0,0.0,0.0,0.0,0.0,0.0,0.0,0.0,0.0,0.0,0.0,0.0,0.0,0.0625,0.047619047619047616,0.3333333333333333,0.018518518518518517,0.008956481755813433
query_dedup,validation,penalties_only,relevance_grade,1,query_intent,Safety / Contraindication,14,10,4,0.14285714285714285,0.03666666666666667,0.2,0.2,0.05714285714285714,0.09523809523809523,0.03666666666666667,0.2,0.2,0.03725788785520524,0.08571428571428572,0.03666666666666667,0.2,0.2,0.031207673872567548,0.0642857142857143,0.056666666666666664,0.2,0.2,0.045304107524284376,0.057142857142857155,0.06916666666666667,0.3,0.205,0.05365393799618012
query_dedup,validation,penalties_only,relevance_grade,1,query_intent,Treatment Change / Escalation,14,10,4,0.0,0.0,0.0,0.0,0.0,0.09523809523809523,0.0,0.0,0.0,0.0,0.08571428571428573,0.0,0.0,0.0,0.0,0.08571428571428573,0.0,0.0,0.0,0.0,0.075,0.1,0.1,0.005,0.0227670248696953
query_dedup,validation,penalties_only,relevance_grade,1,has_context,False,50,33,17,0.06,0.0202020202020202,0.06060606060606061,0.06060606060606061,0.04329004329004329,0.04,0.0202020202020202,0.06060606060606061,0.06060606060606061,0.027327541575965994,0.036000000000000004,0.0202020202020202,0.06060606060606061,0.06060606060606061,0.025657401324751545,0.04,0.050505050505050504,0.09090909090909091,0.06439393939393939,0.03467340191268787,0.041999999999999996,0.07335257335257335,0.18181818181818182,0.070496632996633,0.04301754439981686
query_dedup,validation,penalties_only,relevance_grade,1,has_context,True,49,36,13,0.061224489795918366,0.011111111111111112,0.05555555555555555,0.05555555555555555,0.031746031746031744,0.06802721088435373,0.025,0.08333333333333333,0.06481481481481483,0.019191713931152304,0.06122448979591838,0.030555555555555558,0.1111111111111111,0.07175925925925926,0.02284999747892435,0.0489795918367347,0.041666666666666664,0.1388888888888889,0.07484567901234568,0.027956611024888126,0.043877551020408155,0.07291666666666667,0.19444444444444445,0.07762345679012345,0.03660018195310785
query_dedup,validation,both,relevance_grade,1,query_language,EN,44,25,19,0.045454545454545456,0.008,0.04,0.04,0.005714285714285714,0.022727272727272728,0.008,0.04,0.04,0.003356687972425322,0.022727272727272728,0.008,0.04,0.04,0.003141187510973313,0.03181818181818182,0.055999999999999994,0.08,0.044000000000000004,0.021059828319728763,0.035227272727272725,0.061,0.12,0.04635294117647058,0.024577887358802255
query_dedup,validation,both,relevance_grade,1,query_language,ID,20,16,4,0.1,0.041666666666666664,0.125,0.125,0.08928571428571429,0.06666666666666667,0.041666666666666664,0.125,0.125,0.05636305450042986,0.06,0.041666666666666664,0.125,0.125,0.052918390232300064,0.039999999999999994,0.041666666666666664,0.125,0.125,0.05179733664581068,0.04,0.09920634920634921,0.375,0.1408762792397661,0.0722933583888207
query_dedup,validation,both,relevance_grade,1,query_language,MIXED,35,28,7,0.05714285714285714,0.0071428571428571435,0.03571428571428571,0.03571428571428571,0.03571428571428571,0.08571428571428572,0.03214285714285715,0.10714285714285714,0.05952380952380952,0.03370558790449425,0.06857142857142857,0.03214285714285715,0.10714285714285714,0.05952380952380952,0.027923126932941918,0.06285714285714286,0.03928571428571429,0.14285714285714285,0.06349206349206349,0.028813730281288252,0.06142857142857142,0.075,0.17857142857142858,0.06623931623931624,0.03819407081833088
query_dedup,validation,both,relevance_grade,1,query_intent,Comparative Treatment Choice,2,1,1,0.0,0.0,0.0,0.0,0.0,0.0,0.0,0.0,0.0,0.0,0.0,0.0,0.0,0.0,0.0,0.1,0.0,0.0,0.0,0.0,0.05,0.0,0.0,0.0,0.0
query_dedup,validation,both,relevance_grade,1,query_intent,Dosing / Administration,21,13,8,0.09523809523809523,0.015384615384615385,0.07692307692307693,0.07692307692307693,0.07692307692307693,0.06349206349206349,0.06923076923076922,0.23076923076923078,0.1282051282051282,0.07259665087121839,0.0380952380952381,0.06923076923076922,0.23076923076923078,0.1282051282051282,0.0601421195478749,0.02857142857142857,0.06923076923076922,0.23076923076923078,0.1282051282051282,0.0601421195478749,0.02619047619047619,0.06923076923076922,0.23076923076923078,0.1282051282051282,0.0601421195478749
query_dedup,validation,both,relevance_grade,1,query_intent,Efficacy / Outcomes,3,1,2,0.0,0.0,0.0,0.0,0.0,0.0,0.0,0.0,0.0,0.0,0.0,0.0,0.0,0.0,0.0,0.0,0.0,0.0,0.0,0.0,0.016666666666666666,1.0,1.0,0.07692307692307693,0.2626495350371935
query_dedup,validation,both,relevance_grade,1,query_intent,Guideline / Evidence Lookup,8,7,1,0.0,0.0,0.0,0.0,0.0,0.041666666666666664,0.0,0.0,0.0,0.0,0.025,0.0,0.0,0.0,0.0,0.05,0.028571428571428574,0.14285714285714285,0.015873015873015872,0.0035624133933853347,0.06875,0.028571428571428574,0.14285714285714285,0.015873015873015872,0.0035624133933853347
query_dedup,validation,both,relevance_grade,1,query_intent,Interaction / Combination,4,4,0,0.25,0.125,0.25,0.25,0.25,0.08333333333333333,0.125,0.25,0.25,0.1532867981913646,0.05,0.125,0.25,0.25,0.1532867981913646,0.05,0.375,0.5,0.275,0.22555300477083656,0.05,0.5,0.75,0.29583333333333334,0.26697694621214396
query_dedup,validation,both,relevance_grade,1,query_intent,Management / Treatment Selection,14,10,4,0.07142857142857142,0.0,0.0,0.0,0.0,0.023809523809523808,0.0,0.0,0.0,0.0,0.028571428571428574,0.0,0.0,0.0,0.0,0.014285714285714287,0.0,0.0,0.0,0.0,0.02142857142857143,0.02777777777777778,0.2,0.011513157894736841,0.013537113685549055
query_dedup,validation,both,relevance_grade,1,query_intent,Mechanism / Background Knowledge,6,4,2,0.0,0.0,0.0,0.0,0.0,0.0,0.0,0.0,0.0,0.0,0.03333333333333333,0.0,0.0,0.0,0.0,0.06666666666666667,0.0,0.0,0.0,0.0,0.075,0.0,0.0,0.0,0.0
query_dedup,validation,both,relevance_grade,1,query_intent,Monitoring / Response / Risk Assessment,9,6,3,0.0,0.0,0.0,0.0,0.0,0.037037037037037035,0.0,0.0,0.0,0.0,0.044444444444444446,0.0,0.0,0.0,0.0,0.03333333333333334,0.0,0.0,0.0,0.0,0.01666666666666667,0.0,0.0,0.0,0.0
query_dedup,validation,both,relevance_grade,1,query_intent,Prophylaxis / Maintenance,4,3,1,0.0,0.0,0.0,0.0,0.0,0.0,0.0,0.0,0.0,0.0,0.0,0.0,0.0,0.0,0.0,0.0,0.0,0.0,0.0,0.0,0.0625,0.047619047619047616,0.3333333333333333,0.018518518518518517,0.008956481755813433
query_dedup,validation,both,relevance_grade,1,query_intent,Safety / Contraindication,14,10,4,0.14285714285714285,0.03666666666666667,0.2,0.2,0.05714285714285714,0.09523809523809523,0.03666666666666667,0.2,0.2,0.03725788785520524,0.08571428571428572,0.03666666666666667,0.2,0.2,0.031207673872567548,0.07142857142857144,0.056666666666666664,0.2,0.2,0.045304107524284376,0.06071428571428572,0.06916666666666667,0.3,0.20588235294117646,0.0540992551219681
query_dedup,validation,both,relevance_grade,1,query_intent,Treatment Change / Escalation,14,10,4,0.0,0.0,0.0,0.0,0.0,0.09523809523809523,0.0,0.0,0.0,0.0,0.08571428571428573,0.0,0.0,0.0,0.0,0.07857142857142858,0.0,0.0,0.0,0.0,0.075,0.0,0.0,0.0,0.0
query_dedup,validation,both,relevance_grade,1,has_context,False,50,33,17,0.06,0.0202020202020202,0.06060606060606061,0.06060606060606061,0.04329004329004329,0.04,0.0202020202020202,0.06060606060606061,0.06060606060606061,0.027327541575965994,0.036000000000000004,0.0202020202020202,0.06060606060606061,0.06060606060606061,0.025657401324751545,0.042,0.050505050505050504,0.09090909090909091,0.06363636363636364,0.033873400383359356,0.04699999999999999,0.1087061087061087,0.24242424242424243,0.073664955901798,0.05176994229018826
query_dedup,validation,both,relevance_grade,1,has_context,True,49,36,13,0.061224489795918366,0.011111111111111112,0.05555555555555555,0.05555555555555555,0.031746031746031744,0.06802721088435373,0.030555555555555558,0.1111111111111111,0.07407407407407407,0.028546490573235342,0.057142857142857155,0.030555555555555558,0.1111111111111111,0.07407407407407407,0.02389936783046407,0.04693877551020409,0.041666666666666664,0.1388888888888889,0.07716049382716049,0.02900598137642784,0.04387755102040816,0.04513888888888889,0.16666666666666666,0.07879448075526506,0.03144907793133998
query_dedup,validation,both_minus_entity_bonus,relevance_grade,1,query_language,EN,44,25,19,0.045454545454545456,0.008,0.04,0.04,0.005714285714285714,0.022727272727272728,0.008,0.04,0.04,0.003356687972425322,0.022727272727272728,0.008,0.04,0.04,0.003141187510973313,0.03181818181818182,0.055999999999999994,0.08,0.045,0.0221158303384424,0.035227272727272725,0.061,0.12,0.04735294117647059,0.02563388937751589
query_dedup,validation,both_minus_entity_bonus,relevance_grade,1,query_language,ID,20,16,4,0.1,0.041666666666666664,0.125,0.125,0.08928571428571429,0.06666666666666667,0.041666666666666664,0.125,0.125,0.05636305450042986,0.06,0.041666666666666664,0.125,0.125,0.052918390232300064,0.034999999999999996,0.041666666666666664,0.125,0.125,0.05179733664581068,0.03250000000000001,0.08878968253968253,0.3125,0.13758680555555555,0.06900713052551423
query_dedup,validation,both_minus_entity_bonus,relevance_grade,1,query_language,MIXED,35,28,7,0.02857142857142857,0.0071428571428571435,0.03571428571428571,0.03571428571428571,0.03571428571428571,0.09523809523809523,0.03214285714285715,0.10714285714285714,0.06547619047619048,0.03685512144854443,0.0742857142857143,0.03214285714285715,0.10714285714285714,0.06547619047619048,0.030471315085308582,0.05714285714285714,0.03928571428571429,0.14285714285714285,0.070578231292517,0.0314574885133994,0.05571428571428571,0.03928571428571429,0.14285714285714285,0.070578231292517,0.0314574885133994
query_dedup,validation,both_minus_entity_bonus,relevance_grade,1,query_intent,Comparative Treatment Choice,2,1,1,0.0,0.0,0.0,0.0,0.0,0.0,0.0,0.0,0.0,0.0,0.0,0.0,0.0,0.0,0.0,0.1,0.0,0.0,0.0,0.0,0.05,0.0,0.0,0.0,0.0
query_dedup,validation,both_minus_entity_bonus,relevance_grade,1,query_intent,Dosing / Administration,21,13,8,0.047619047619047616,0.015384615384615385,0.07692307692307693,0.07692307692307693,0.07692307692307693,0.06349206349206349,0.06923076923076922,0.23076923076923078,0.14102564102564102,0.07938026158148032,0.0380952380952381,0.06923076923076922,0.23076923076923078,0.14102564102564102,0.06563052479912618,0.023809523809523808,0.06923076923076922,0.23076923076923078,0.14102564102564102,0.06563052479912618,0.02619047619047619,0.06923076923076922,0.23076923076923078,0.14102564102564102,0.06563052479912618
query_dedup,validation,both_minus_entity_bonus,relevance_grade,1,query_intent,Efficacy / Outcomes,3,1,2,0.0,0.0,0.0,0.0,0.0,0.0,0.0,0.0,0.0,0.0,0.0,0.0,0.0,0.0,0.0,0.0,0.0,0.0,0.0,0.0,0.0,0.0,0.0,0.0,0.0
query_dedup,validation,both_minus_entity_bonus,relevance_grade,1,query_intent,Guideline / Evidence Lookup,8,7,1,0.0,0.0,0.0,0.0,0.0,0.08333333333333333,0.0,0.0,0.0,0.0,0.05,0.0,0.0,0.0,0.0,0.05,0.028571428571428574,0.14285714285714285,0.02040816326530612,0.003944693712363256,0.0625,0.028571428571428574,0.14285714285714285,0.02040816326530612,0.003944693712363256
query_dedup,validation,both_minus_entity_bonus,relevance_grade,1,query_intent,Interaction / Combination,4,4,0,0.25,0.125,0.25,0.25,0.25,0.08333333333333333,0.125,0.25,0.25,0.1532867981913646,0.05,0.125,0.25,0.25,0.1532867981913646,0.05,0.375,0.5,0.28125,0.23215301738779678,0.05,0.5,0.75,0.3020833333333333,0.27357695882910416
query_dedup,validation,both_minus_entity_bonus,relevance_grade,1,query_intent,Management / Treatment Selection,14,10,4,0.07142857142857142,0.0,0.0,0.0,0.0,0.023809523809523808,0.0,0.0,0.0,0.0,0.028571428571428574,0.0,0.0,0.0,0.0,0.014285714285714287,0.0,0.0,0.0,0.0,0.014285714285714287,0.01111111111111111,0.1,0.00625,0.008279149104258697
query_dedup,validation,both_minus_entity_bonus,relevance_grade,1,query_intent,Mechanism / Background Knowledge,6,4,2,0.0,0.0,0.0,0.0,0.0,0.0,0.0,0.0,0.0,0.0,0.03333333333333333,0.0,0.0,0.0,0.0,0.06666666666666667,0.0,0.0,0.0,0.0,0.06666666666666667,0.0,0.0,0.0,0.0
query_dedup,validation,both_minus_entity_bonus,relevance_grade,1,query_intent,Monitoring / Response / Risk Assessment,9,6,3,0.0,0.0,0.0,0.0,0.0,0.037037037037037035,0.0,0.0,0.0,0.0,0.044444444444444446,0.0,0.0,0.0,0.0,0.03333333333333334,0.0,0.0,0.0,0.0,0.022222222222222223,0.0,0.0,0.0,0.0
query_dedup,validation,both_minus_entity_bonus,relevance_grade,1,query_intent,Prophylaxis / Maintenance,4,3,1,0.0,0.0,0.0,0.0,0.0,0.0,0.0,0.0,0.0,0.0,0.0,0.0,0.0,0.0,0.0,0.0,0.0,0.0,0.0,0.0,0.0625,0.047619047619047616,0.3333333333333333,0.018518518518518517,0.008956481755813433
query_dedup,validation,both_minus_entity_bonus,relevance_grade,1,query_intent,Safety / Contraindication,14,10,4,0.14285714285714285,0.03666666666666667,0.2,0.2,0.05714285714285714,0.09523809523809523,0.03666666666666667,0.2,0.2,0.03725788785520524,0.08571428571428572,0.03666666666666667,0.2,0.2,0.031207673872567548,0.0642857142857143,0.056666666666666664,0.2,0.2,0.045304107524284376,0.06071428571428572,0.06916666666666667,0.3,0.20588235294117646,0.0540992551219681
query_dedup,validation,both_minus_entity_bonus,relevance_grade,1,query_intent,Treatment Change / Escalation,14,10,4,0.0,0.0,0.0,0.0,0.0,0.09523809523809523,0.0,0.0,0.0,0.0,0.08571428571428573,0.0,0.0,0.0,0.0,0.07142857142857142,0.0,0.0,0.0,0.0,0.0642857142857143,0.0,0.0,0.0,0.0
query_dedup,validation,both_minus_entity_bonus,relevance_grade,1,has_context,False,50,33,17,0.06,0.0202020202020202,0.06060606060606061,0.06060606060606061,0.04329004329004329,0.04,0.0202020202020202,0.06060606060606061,0.06060606060606061,0.027327541575965994,0.036000000000000004,0.0202020202020202,0.06060606060606061,0.06060606060606061,0.025657401324751545,0.04,0.050505050505050504,0.09090909090909091,0.06439393939393939,0.03467340191268787,0.041999999999999996,0.07335257335257335,0.18181818181818182,0.070496632996633,0.04301754439981686
query_dedup,validation,both_minus_entity_bonus,relevance_grade,1,has_context,True,49,36,13,0.04081632653061224,0.011111111111111112,0.05555555555555555,0.05555555555555555,0.031746031746031744,0.07482993197278912,0.030555555555555558,0.1111111111111111,0.0787037037037037,0.03099612777416325,0.06122448979591838,0.030555555555555558,0.1111111111111111,0.0787037037037037,0.02588129194897147,0.04285714285714286,0.041666666666666664,0.1388888888888889,0.08267195767195767,0.031062237779180952,0.041836734693877546,0.04513888888888889,0.16666666666666666,0.08430594460006224,0.0335053343340931
query_dedup,validation,both_minus_entity_penalty,relevance_grade,1,query_language,EN,44,25,19,0.045454545454545456,0.008,0.04,0.04,0.005714285714285714,0.022727272727272728,0.008,0.04,0.04,0.003356687972425322,0.022727272727272728,0.008,0.04,0.04,0.003141187510973313,0.03181818181818182,0.055999999999999994,0.08,0.045,0.0221158303384424,0.035227272727272725,0.061,0.12,0.04735294117647059,0.02563388937751589
query_dedup,validation,both_minus_entity_penalty,relevance_grade,1,query_language,ID,20,16,4,0.1,0.041666666666666664,0.125,0.125,0.08928571428571429,0.06666666666666667,0.041666666666666664,0.125,0.125,0.05636305450042986,0.06,0.041666666666666664,0.125,0.125,0.052918390232300064,0.034999999999999996,0.041666666666666664,0.125,0.125,0.05179733664581068,0.03250000000000001,0.08878968253968253,0.3125,0.13758680555555555,0.06900713052551423
query_dedup,validation,both_minus_entity_penalty,relevance_grade,1,query_language,MIXED,35,28,7,0.02857142857142857,0.0071428571428571435,0.03571428571428571,0.03571428571428571,0.03571428571428571,0.09523809523809523,0.03214285714285715,0.10714285714285714,0.06547619047619048,0.03685512144854443,0.0742857142857143,0.03214285714285715,0.10714285714285714,0.06547619047619048,0.030471315085308582,0.05714285714285714,0.03928571428571429,0.14285714285714285,0.070578231292517,0.0314574885133994,0.05571428571428571,0.03928571428571429,0.14285714285714285,0.070578231292517,0.0314574885133994
query_dedup,validation,both_minus_entity_penalty,relevance_grade,1,query_intent,Comparative Treatment Choice,2,1,1,0.0,0.0,0.0,0.0,0.0,0.0,0.0,0.0,0.0,0.0,0.0,0.0,0.0,0.0,0.0,0.1,0.0,0.0,0.0,0.0,0.05,0.0,0.0,0.0,0.0
query_dedup,validation,both_minus_entity_penalty,relevance_grade,1,query_intent,Dosing / Administration,21,13,8,0.047619047619047616,0.015384615384615385,0.07692307692307693,0.07692307692307693,0.07692307692307693,0.06349206349206349,0.06923076923076922,0.23076923076923078,0.14102564102564102,0.07938026158148032,0.0380952380952381,0.06923076923076922,0.23076923076923078,0.14102564102564102,0.06563052479912618,0.023809523809523808,0.06923076923076922,0.23076923076923078,0.14102564102564102,0.06563052479912618,0.02619047619047619,0.06923076923076922,0.23076923076923078,0.14102564102564102,0.06563052479912618
query_dedup,validation,both_minus_entity_penalty,relevance_grade,1,query_intent,Efficacy / Outcomes,3,1,2,0.0,0.0,0.0,0.0,0.0,0.0,0.0,0.0,0.0,0.0,0.0,0.0,0.0,0.0,0.0,0.0,0.0,0.0,0.0,0.0,0.0,0.0,0.0,0.0,0.0
query_dedup,validation,both_minus_entity_penalty,relevance_grade,1,query_intent,Guideline / Evidence Lookup,8,7,1,0.0,0.0,0.0,0.0,0.0,0.08333333333333333,0.0,0.0,0.0,0.0,0.05,0.0,0.0,0.0,0.0,0.05,0.028571428571428574,0.14285714285714285,0.02040816326530612,0.003944693712363256,0.0625,0.028571428571428574,0.14285714285714285,0.02040816326530612,0.003944693712363256
query_dedup,validation,both_minus_entity_penalty,relevance_grade,1,query_intent,Interaction / Combination,4,4,0,0.25,0.125,0.25,0.25,0.25,0.08333333333333333,0.125,0.25,0.25,0.1532867981913646,0.05,0.125,0.25,0.25,0.1532867981913646,0.05,0.375,0.5,0.28125,0.23215301738779678,0.05,0.5,0.75,0.3020833333333333,0.27357695882910416
query_dedup,validation,both_minus_entity_penalty,relevance_grade,1,query_intent,Management / Treatment Selection,14,10,4,0.07142857142857142,0.0,0.0,0.0,0.0,0.023809523809523808,0.0,0.0,0.0,0.0,0.028571428571428574,0.0,0.0,0.0,0.0,0.014285714285714287,0.0,0.0,0.0,0.0,0.014285714285714287,0.01111111111111111,0.1,0.00625,0.008279149104258697
query_dedup,validation,both_minus_entity_penalty,relevance_grade,1,query_intent,Mechanism / Background Knowledge,6,4,2,0.0,0.0,0.0,0.0,0.0,0.0,0.0,0.0,0.0,0.0,0.03333333333333333,0.0,0.0,0.0,0.0,0.06666666666666667,0.0,0.0,0.0,0.0,0.06666666666666667,0.0,0.0,0.0,0.0
query_dedup,validation,both_minus_entity_penalty,relevance_grade,1,query_intent,Monitoring / Response / Risk Assessment,9,6,3,0.0,0.0,0.0,0.0,0.0,0.037037037037037035,0.0,0.0,0.0,0.0,0.044444444444444446,0.0,0.0,0.0,0.0,0.03333333333333334,0.0,0.0,0.0,0.0,0.022222222222222223,0.0,0.0,0.0,0.0
query_dedup,validation,both_minus_entity_penalty,relevance_grade,1,query_intent,Prophylaxis / Maintenance,4,3,1,0.0,0.0,0.0,0.0,0.0,0.0,0.0,0.0,0.0,0.0,0.0,0.0,0.0,0.0,0.0,0.0,0.0,0.0,0.0,0.0,0.0625,0.047619047619047616,0.3333333333333333,0.018518518518518517,0.008956481755813433
query_dedup,validation,both_minus_entity_penalty,relevance_grade,1,query_intent,Safety / Contraindication,14,10,4,0.14285714285714285,0.03666666666666667,0.2,0.2,0.05714285714285714,0.09523809523809523,0.03666666666666667,0.2,0.2,0.03725788785520524,0.08571428571428572,0.03666666666666667,0.2,0.2,0.031207673872567548,0.0642857142857143,0.056666666666666664,0.2,0.2,0.045304107524284376,0.06071428571428572,0.06916666666666667,0.3,0.20588235294117646,0.0540992551219681
query_dedup,validation,both_minus_entity_penalty,relevance_grade,1,query_intent,Treatment Change / Escalation,14,10,4,0.0,0.0,0.0,0.0,0.0,0.09523809523809523,0.0,0.0,0.0,0.0,0.08571428571428573,0.0,0.0,0.0,0.0,0.07142857142857142,0.0,0.0,0.0,0.0,0.0642857142857143,0.0,0.0,0.0,0.0
query_dedup,validation,both_minus_entity_penalty,relevance_grade,1,has_context,False,50,33,17,0.06,0.0202020202020202,0.06060606060606061,0.06060606060606061,0.04329004329004329,0.04,0.0202020202020202,0.06060606060606061,0.06060606060606061,0.027327541575965994,0.036000000000000004,0.0202020202020202,0.06060606060606061,0.06060606060606061,0.025657401324751545,0.04,0.050505050505050504,0.09090909090909091,0.06439393939393939,0.03467340191268787,0.041999999999999996,0.07335257335257335,0.18181818181818182,0.070496632996633,0.04301754439981686
query_dedup,validation,both_minus_entity_penalty,relevance_grade,1,has_context,True,49,36,13,0.04081632653061224,0.011111111111111112,0.05555555555555555,0.05555555555555555,0.031746031746031744,0.07482993197278912,0.030555555555555558,0.1111111111111111,0.0787037037037037,0.03099612777416325,0.06122448979591838,0.030555555555555558,0.1111111111111111,0.0787037037037037,0.02588129194897147,0.04285714285714286,0.041666666666666664,0.1388888888888889,0.08267195767195767,0.031062237779180952,0.041836734693877546,0.04513888888888889,0.16666666666666666,0.08430594460006224,0.0335053343340931
query_dedup,validation,both_minus_context_bonus,relevance_grade,1,query_language,EN,44,25,19,0.045454545454545456,0.008,0.04,0.04,0.005714285714285714,0.022727272727272728,0.008,0.04,0.04,0.003356687972425322,0.02727272727272728,0.008,0.04,0.04,0.003141187510973313,0.03409090909090909,0.055999999999999994,0.08,0.044000000000000004,0.021059828319728763,0.034090909090909095,0.055999999999999994,0.08,0.044000000000000004,0.021059828319728763
query_dedup,validation,both_minus_context_bonus,relevance_grade,1,query_language,ID,20,16,4,0.1,0.041666666666666664,0.125,0.125,0.08928571428571429,0.06666666666666667,0.041666666666666664,0.125,0.125,0.05636305450042986,0.06,0.041666666666666664,0.125,0.125,0.052918390232300064,0.039999999999999994,0.041666666666666664,0.125,0.125,0.05179733664581068,0.0425,0.09920634920634921,0.375,0.1408762792397661,0.0722933583888207
query_dedup,validation,both_minus_context_bonus,relevance_grade,1,query_language,MIXED,35,28,7,0.05714285714285714,0.0071428571428571435,0.03571428571428571,0.03571428571428571,0.03571428571428571,0.07619047619047618,0.024999999999999998,0.07142857142857142,0.047619047619047616,0.021678017936101777,0.06857142857142857,0.03214285714285715,0.10714285714285714,0.05654761904761905,0.02657393648096228,0.06285714285714286,0.03928571428571429,0.14285714285714285,0.060515873015873016,0.02746453982930861,0.06571428571428573,0.11071428571428572,0.21428571428571427,0.06581414617128903,0.045986238395273216
query_dedup,validation,both_minus_context_bonus,relevance_grade,1,query_intent,Comparative Treatment Choice,2,1,1,0.0,0.0,0.0,0.0,0.0,0.0,0.0,0.0,0.0,0.0,0.0,0.0,0.0,0.0,0.0,0.05,0.0,0.0,0.0,0.0,0.025,0.0,0.0,0.0,0.0
query_dedup,validation,both_minus_context_bonus,relevance_grade,1,query_intent,Dosing / Administration,21,13,8,0.09523809523809523,0.015384615384615385,0.07692307692307693,0.07692307692307693,0.07692307692307693,0.047619047619047616,0.05384615384615384,0.15384615384615385,0.10256410256410256,0.04669111555468075,0.047619047619047616,0.06923076923076922,0.23076923076923078,0.12179487179487179,0.0572361708820726,0.02857142857142857,0.06923076923076922,0.23076923076923078,0.12179487179487179,0.0572361708820726,0.03571428571428572,0.06923076923076922,0.23076923076923078,0.12179487179487179,0.0572361708820726
query_dedup,validation,both_minus_context_bonus,relevance_grade,1,query_intent,Efficacy / Outcomes,3,1,2,0.0,0.0,0.0,0.0,0.0,0.0,0.0,0.0,0.0,0.0,0.0,0.0,0.0,0.0,0.0,0.0,0.0,0.0,0.0,0.0,0.016666666666666666,1.0,1.0,0.07692307692307693,0.2626495350371935
query_dedup,validation,both_minus_context_bonus,relevance_grade,1,query_intent,Guideline / Evidence Lookup,8,7,1,0.0,0.0,0.0,0.0,0.0,0.041666666666666664,0.0,0.0,0.0,0.0,0.025,0.0,0.0,0.0,0.0,0.0625,0.028571428571428574,0.14285714285714285,0.015873015873015872,0.0035624133933853347,0.0625,0.028571428571428574,0.14285714285714285,0.015873015873015872,0.0035624133933853347
query_dedup,validation,both_minus_context_bonus,relevance_grade,1,query_intent,Interaction / Combination,4,4,0,0.25,0.125,0.25,0.25,0.25,0.08333333333333333,0.125,0.25,0.25,0.1532867981913646,0.05,0.125,0.25,0.25,0.1532867981913646,0.05,0.375,0.5,0.275,0.22555300477083656,0.05,0.5,0.75,0.29583333333333334,0.26697694621214396
query_dedup,validation,both_minus_context_bonus,relevance_grade,1,query_intent,Management / Treatment Selection,14,10,4,0.07142857142857142,0.0,0.0,0.0,0.0,0.023809523809523808,0.0,0.0,0.0,0.0,0.028571428571428574,0.0,0.0,0.0,0.0,0.014285714285714287,0.0,0.0,0.0,0.0,0.02142857142857143,0.02777777777777778,0.2,0.011513157894736841,0.013537113685549055
query_dedup,validation,both_minus_context_bonus,relevance_grade,1,query_intent,Mechanism / Background Knowledge,6,4,2,0.0,0.0,0.0,0.0,0.0,0.0,0.0,0.0,0.0,0.0,0.03333333333333333,0.0,0.0,0.0,0.0,0.06666666666666667,0.0,0.0,0.0,0.0,0.075,0.0,0.0,0.0,0.0
query_dedup,validation,both_minus_context_bonus,relevance_grade,1,query_intent,Monitoring / Response / Risk Assessment,9,6,3,0.0,0.0,0.0,0.0,0.0,0.037037037037037035,0.0,0.0,0.0,0.0,0.044444444444444446,0.0,0.0,0.0,0.0,0.03333333333333334,0.0,0.0,0.0,0.0,0.01666666666666667,0.0,0.0,0.0,0.0
query_dedup,validation,both_minus_context_bonus,relevance_grade,1,query_intent,Prophylaxis / Maintenance,4,3,1,0.0,0.0,0.0,0.0,0.0,0.0,0.0,0.0,0.0,0.0,0.0,0.0,0.0,0.0,0.0,0.0,0.0,0.0,0.0,0.0,0.0625,0.047619047619047616,0.3333333333333333,0.018518518518518517,0.008956481755813433
query_dedup,validation,both_minus_context_bonus,relevance_grade,1,query_intent,Safety / Contraindication,14,10,4,0.14285714285714285,0.03666666666666667,0.2,0.2,0.05714285714285714,0.09523809523809523,0.03666666666666667,0.2,0.2,0.03725788785520524,0.08571428571428572,0.03666666666666667,0.2,0.2,0.031207673872567548,0.07142857142857144,0.056666666666666664,0.2,0.2,0.045304107524284376,0.05357142857142858,0.056666666666666664,0.2,0.2,0.045304107524284376
query_dedup,validation,both_minus_context_bonus,relevance_grade,1,query_intent,Treatment Change / Escalation,14,10,4,0.0,0.0,0.0,0.0,0.0,0.09523809523809523,0.0,0.0,0.0,0.0,0.08571428571428573,0.0,0.0,0.0,0.0,0.08571428571428573,0.0,0.0,0.0,0.0,0.08571428571428572,0.1,0.1,0.007142857142857143,0.02559580248098155
query_dedup,validation,both_minus_context_bonus,relevance_grade,1,has_context,False,50,33,17,0.06,0.0202020202020202,0.06060606060606061,0.06060606060606061,0.04329004329004329,0.04,0.0202020202020202,0.06060606060606061,0.06060606060606061,0.027327541575965994,0.036000000000000004,0.0202020202020202,0.06060606060606061,0.06060606060606061,0.025657401324751545,0.042,0.050505050505050504,0.09090909090909091,0.06363636363636364,0.033873400383359356,0.04699999999999999,0.1087061087061087,0.24242424242424243,0.073664955901798,0.05176994229018826
query_dedup,validation,both_minus_context_bonus,relevance_grade,1,has_context,True,49,36,13,0.061224489795918366,0.011111111111111112,0.05555555555555555,0.05555555555555555,0.031746031746031744,0.061224489795918366,0.025,0.08333333333333333,0.06481481481481483,0.019191713931152304,0.06122448979591838,0.030555555555555558,0.1111111111111111,0.07175925925925926,0.02284999747892435,0.0489795918367347,0.041666666666666664,0.1388888888888889,0.07484567901234568,0.027956611024888126,0.046938775510204075,0.06944444444444445,0.16666666666666666,0.07682980599647266,0.035066556158494105
query_dedup,validation,both_minus_context_penalty,relevance_grade,1,query_language,EN,44,25,19,0.045454545454545456,0.008,0.04,0.04,0.005714285714285714,0.022727272727272728,0.008,0.04,0.04,0.003356687972425322,0.022727272727272728,0.008,0.04,0.04,0.003141187510973313,0.03181818181818182,0.055999999999999994,0.08,0.044000000000000004,0.021059828319728763,0.035227272727272725,0.061,0.12,0.04635294117647058,0.024577887358802255
query_dedup,validation,both_minus_context_penalty,relevance_grade,1,query_language,ID,20,16,4,0.1,0.041666666666666664,0.125,0.125,0.08928571428571429,0.06666666666666667,0.041666666666666664,0.125,0.125,0.05636305450042986,0.06,0.041666666666666664,0.125,0.125,0.052918390232300064,0.039999999999999994,0.041666666666666664,0.125,0.125,0.05179733664581068,0.04,0.09920634920634921,0.375,0.1408762792397661,0.0722933583888207
query_dedup,validation,both_minus_context_penalty,relevance_grade,1,query_language,MIXED,35,28,7,0.05714285714285714,0.0071428571428571435,0.03571428571428571,0.03571428571428571,0.03571428571428571,0.08571428571428572,0.03214285714285715,0.10714285714285714,0.05952380952380952,0.03370558790449425,0.06857142857142857,0.03214285714285715,0.10714285714285714,0.05952380952380952,0.027923126932941918,0.06285714285714286,0.03928571428571429,0.14285714285714285,0.06349206349206349,0.028813730281288252,0.06142857142857142,0.075,0.17857142857142858,0.06623931623931624,0.03819407081833088
query_dedup,validation,both_minus_context_penalty,relevance_grade,1,query_intent,Comparative Treatment Choice,2,1,1,0.0,0.0,0.0,0.0,0.0,0.0,0.0,0.0,0.0,0.0,0.0,0.0,0.0,0.0,0.0,0.1,0.0,0.0,0.0,0.0,0.05,0.0,0.0,0.0,0.0
query_dedup,validation,both_minus_context_penalty,relevance_grade,1,query_intent,Dosing / Administration,21,13,8,0.09523809523809523,0.015384615384615385,0.07692307692307693,0.07692307692307693,0.07692307692307693,0.06349206349206349,0.06923076923076922,0.23076923076923078,0.1282051282051282,0.07259665087121839,0.0380952380952381,0.06923076923076922,0.23076923076923078,0.1282051282051282,0.0601421195478749,0.02857142857142857,0.06923076923076922,0.23076923076923078,0.1282051282051282,0.0601421195478749,0.02619047619047619,0.06923076923076922,0.23076923076923078,0.1282051282051282,0.0601421195478749
query_dedup,validation,both_minus_context_penalty,relevance_grade,1,query_intent,Efficacy / Outcomes,3,1,2,0.0,0.0,0.0,0.0,0.0,0.0,0.0,0.0,0.0,0.0,0.0,0.0,0.0,0.0,0.0,0.0,0.0,0.0,0.0,0.0,0.016666666666666666,1.0,1.0,0.07692307692307693,0.2626495350371935
query_dedup,validation,both_minus_context_penalty,relevance_grade,1,query_intent,Guideline / Evidence Lookup,8,7,1,0.0,0.0,0.0,0.0,0.0,0.041666666666666664,0.0,0.0,0.0,0.0,0.025,0.0,0.0,0.0,0.0,0.05,0.028571428571428574,0.14285714285714285,0.015873015873015872,0.0035624133933853347,0.06875,0.028571428571428574,0.14285714285714285,0.015873015873015872,0.0035624133933853347
query_dedup,validation,both_minus_context_penalty,relevance_grade,1,query_intent,Interaction / Combination,4,4,0,0.25,0.125,0.25,0.25,0.25,0.08333333333333333,0.125,0.25,0.25,0.1532867981913646,0.05,0.125,0.25,0.25,0.1532867981913646,0.05,0.375,0.5,0.275,0.22555300477083656,0.05,0.5,0.75,0.29583333333333334,0.26697694621214396
query_dedup,validation,both_minus_context_penalty,relevance_grade,1,query_intent,Management / Treatment Selection,14,10,4,0.07142857142857142,0.0,0.0,0.0,0.0,0.023809523809523808,0.0,0.0,0.0,0.0,0.028571428571428574,0.0,0.0,0.0,0.0,0.014285714285714287,0.0,0.0,0.0,0.0,0.02142857142857143,0.02777777777777778,0.2,0.011513157894736841,0.013537113685549055
query_dedup,validation,both_minus_context_penalty,relevance_grade,1,query_intent,Mechanism / Background Knowledge,6,4,2,0.0,0.0,0.0,0.0,0.0,0.0,0.0,0.0,0.0,0.0,0.03333333333333333,0.0,0.0,0.0,0.0,0.06666666666666667,0.0,0.0,0.0,0.0,0.075,0.0,0.0,0.0,0.0
query_dedup,validation,both_minus_context_penalty,relevance_grade,1,query_intent,Monitoring / Response / Risk Assessment,9,6,3,0.0,0.0,0.0,0.0,0.0,0.037037037037037035,0.0,0.0,0.0,0.0,0.044444444444444446,0.0,0.0,0.0,0.0,0.03333333333333334,0.0,0.0,0.0,0.0,0.01666666666666667,0.0,0.0,0.0,0.0
query_dedup,validation,both_minus_context_penalty,relevance_grade,1,query_intent,Prophylaxis / Maintenance,4,3,1,0.0,0.0,0.0,0.0,0.0,0.0,0.0,0.0,0.0,0.0,0.0,0.0,0.0,0.0,0.0,0.0,0.0,0.0,0.0,0.0,0.0625,0.047619047619047616,0.3333333333333333,0.018518518518518517,0.008956481755813433
query_dedup,validation,both_minus_context_penalty,relevance_grade,1,query_intent,Safety / Contraindication,14,10,4,0.14285714285714285,0.03666666666666667,0.2,0.2,0.05714285714285714,0.09523809523809523,0.03666666666666667,0.2,0.2,0.03725788785520524,0.08571428571428572,0.03666666666666667,0.2,0.2,0.031207673872567548,0.07142857142857144,0.056666666666666664,0.2,0.2,0.045304107524284376,0.06071428571428572,0.06916666666666667,0.3,0.20588235294117646,0.0540992551219681
query_dedup,validation,both_minus_context_penalty,relevance_grade,1,query_intent,Treatment Change / Escalation,14,10,4,0.0,0.0,0.0,0.0,0.0,0.09523809523809523,0.0,0.0,0.0,0.0,0.08571428571428573,0.0,0.0,0.0,0.0,0.07857142857142858,0.0,0.0,0.0,0.0,0.075,0.0,0.0,0.0,0.0
query_dedup,validation,both_minus_context_penalty,relevance_grade,1,has_context,False,50,33,17,0.06,0.0202020202020202,0.06060606060606061,0.06060606060606061,0.04329004329004329,0.04,0.0202020202020202,0.06060606060606061,0.06060606060606061,0.027327541575965994,0.036000000000000004,0.0202020202020202,0.06060606060606061,0.06060606060606061,0.025657401324751545,0.042,0.050505050505050504,0.09090909090909091,0.06363636363636364,0.033873400383359356,0.04699999999999999,0.1087061087061087,0.24242424242424243,0.073664955901798,0.05176994229018826
query_dedup,validation,both_minus_context_penalty,relevance_grade,1,has_context,True,49,36,13,0.061224489795918366,0.011111111111111112,0.05555555555555555,0.05555555555555555,0.031746031746031744,0.06802721088435373,0.030555555555555558,0.1111111111111111,0.07407407407407407,0.028546490573235342,0.057142857142857155,0.030555555555555558,0.1111111111111111,0.07407407407407407,0.02389936783046407,0.04693877551020409,0.041666666666666664,0.1388888888888889,0.07716049382716049,0.02900598137642784,0.04387755102040816,0.04513888888888889,0.16666666666666666,0.07879448075526506,0.03144907793133998
query_dedup,validation,fixed_bonuses,relevance_grade,1,query_language,EN,44,25,19,0.045454545454545456,0.008,0.04,0.04,0.005714285714285714,0.022727272727272728,0.008,0.04,0.04,0.003356687972425322,0.022727272727272728,0.008,0.04,0.04,0.003141187510973313,0.03636363636363637,0.055999999999999994,0.08,0.045,0.0221158303384424,0.03863636363636364,0.061,0.12,0.04735294117647059,0.02563388937751589
query_dedup,validation,fixed_bonuses,relevance_grade,1,query_language,ID,20,16,4,0.1,0.041666666666666664,0.125,0.125,0.08928571428571429,0.08333333333333333,0.041666666666666664,0.125,0.125,0.05636305450042986,0.06999999999999999,0.041666666666666664,0.125,0.125,0.052918390232300064,0.039999999999999994,0.041666666666666664,0.125,0.125,0.05179733664581068,0.035,0.08878968253968253,0.3125,0.13936237373737373,0.06973243017009646
query_dedup,validation,fixed_bonuses,relevance_grade,1,query_language,MIXED,35,28,7,0.05714285714285714,0.0071428571428571435,0.03571428571428571,0.03571428571428571,0.03571428571428571,0.10476190476190476,0.03928571428571429,0.14285714285714285,0.08333333333333334,0.03986118739700574,0.08,0.03928571428571429,0.14285714285714285,0.08333333333333334,0.03323841689470718,0.05714285714285714,0.03928571428571429,0.14285714285714285,0.08333333333333334,0.03323841689470718,0.05285714285714286,0.048214285714285716,0.17857142857142858,0.08571428571428573,0.03783803422212374
query_dedup,validation,fixed_bonuses,relevance_grade,1,query_intent,Comparative Treatment Choice,2,1,1,0.0,0.0,0.0,0.0,0.0,0.0,0.0,0.0,0.0,0.0,0.0,0.0,0.0,0.0,0.0,0.05,0.0,0.0,0.0,0.0,0.05,0.0,0.0,0.0,0.0
query_dedup,validation,fixed_bonuses,relevance_grade,1,query_intent,Dosing / Administration,21,13,8,0.047619047619047616,0.015384615384615385,0.07692307692307693,0.07692307692307693,0.07692307692307693,0.06349206349206349,0.06923076923076922,0.23076923076923078,0.15384615384615385,0.08215407440327621,0.0380952380952381,0.06923076923076922,0.23076923076923078,0.15384615384615385,0.06840433762092207,0.023809523809523808,0.06923076923076922,0.23076923076923078,0.15384615384615385,0.06840433762092207,0.03095238095238096,0.06923076923076922,0.23076923076923078,0.15384615384615385,0.06840433762092207
query_dedup,validation,fixed_bonuses,relevance_grade,1,query_intent,Efficacy / Outcomes,3,1,2,0.0,0.0,0.0,0.0,0.0,0.0,0.0,0.0,0.0,0.0,0.0,0.0,0.0,0.0,0.0,0.0,0.0,0.0,0.0,0.0,0.0,0.0,0.0,0.0,0.0
query_dedup,validation,fixed_bonuses,relevance_grade,1,query_intent,Guideline / Evidence Lookup,8,7,1,0.0,0.0,0.0,0.0,0.0,0.125,0.028571428571428574,0.14285714285714285,0.047619047619047616,0.006872897124795698,0.07500000000000001,0.028571428571428574,0.14285714285714285,0.047619047619047616,0.005917040568544884,0.0625,0.028571428571428574,0.14285714285714285,0.047619047619047616,0.005917040568544884,0.0625,0.028571428571428574,0.14285714285714285,0.047619047619047616,0.005917040568544884
query_dedup,validation,fixed_bonuses,relevance_grade,1,query_intent,Interaction / Combination,4,4,0,0.25,0.125,0.25,0.25,0.25,0.08333333333333333,0.125,0.25,0.25,0.1532867981913646,0.05,0.125,0.25,0.25,0.1532867981913646,0.05,0.375,0.5,0.28125,0.23215301738779678,0.05,0.5,0.75,0.3020833333333333,0.27357695882910416
query_dedup,validation,fixed_bonuses,relevance_grade,1,query_intent,Management / Treatment Selection,14,10,4,0.07142857142857142,0.0,0.0,0.0,0.0,0.047619047619047616,0.0,0.0,0.0,0.0,0.028571428571428574,0.0,0.0,0.0,0.0,0.014285714285714287,0.0,0.0,0.0,0.0,0.014285714285714287,0.01111111111111111,0.1,0.00909090909090909,0.009439628535590262
query_dedup,validation,fixed_bonuses,relevance_grade,1,query_intent,Mechanism / Background Knowledge,6,4,2,0.0,0.0,0.0,0.0,0.0,0.0,0.0,0.0,0.0,0.0,0.03333333333333333,0.0,0.0,0.0,0.0,0.06666666666666667,0.0,0.0,0.0,0.0,0.05833333333333333,0.0,0.0,0.0,0.0
query_dedup,validation,fixed_bonuses,relevance_grade,1,query_intent,Monitoring / Response / Risk Assessment,9,6,3,0.0,0.0,0.0,0.0,0.0,0.037037037037037035,0.0,0.0,0.0,0.0,0.044444444444444446,0.0,0.0,0.0,0.0,0.03333333333333334,0.0,0.0,0.0,0.0,0.03333333333333334,0.0,0.0,0.0,0.0
query_dedup,validation,fixed_bonuses,relevance_grade,1,query_intent,Prophylaxis / Maintenance,4,3,1,0.0,0.0,0.0,0.0,0.0,0.0,0.0,0.0,0.0,0.0,0.0,0.0,0.0,0.0,0.0,0.0,0.0,0.0,0.0,0.0,0.05,0.13095238095238096,0.6666666666666666,0.04074074074074074,0.05188624347836801
query_dedup,validation,fixed_bonuses,relevance_grade,1,query_intent,Safety / Contraindication,14,10,4,0.21428571428571427,0.03666666666666667,0.2,0.2,0.05714285714285714,0.09523809523809523,0.03666666666666667,0.2,0.2,0.03725788785520524,0.11428571428571428,0.03666666666666667,0.2,0.2,0.031207673872567548,0.0642857142857143,0.056666666666666664,0.2,0.2,0.045304107524284376,0.0642857142857143,0.06916666666666667,0.3,0.20588235294117646,0.0540992551219681
query_dedup,validation,fixed_bonuses,relevance_grade,1,query_intent,Treatment Change / Escalation,14,10,4,0.0,0.0,0.0,0.0,0.0,0.09523809523809523,0.0,0.0,0.0,0.0,0.07142857142857142,0.0,0.0,0.0,0.0,0.09285714285714287,0.0,0.0,0.0,0.0,0.06071428571428572,0.0,0.0,0.0,0.0
query_dedup,validation,fixed_bonuses,relevance_grade,1,has_context,False,50,33,17,0.08,0.0202020202020202,0.06060606060606061,0.06060606060606061,0.04329004329004329,0.04666666666666666,0.0202020202020202,0.06060606060606061,0.06060606060606061,0.027327541575965994,0.044000000000000004,0.0202020202020202,0.06060606060606061,0.06060606060606061,0.025657401324751545,0.04,0.050505050505050504,0.09090909090909091,0.06439393939393939,0.03467340191268787,0.039,0.08092833092833092,0.21212121212121213,0.07337771655953475,0.047271910444695024
query_dedup,validation,fixed_bonuses,relevance_grade,1,has_context,True,49,36,13,0.04081632653061224,0.011111111111111112,0.05555555555555555,0.05555555555555555,0.031746031746031744,0.08163265306122448,0.036111111111111115,0.1388888888888889,0.09259259259259259,0.033334179067410936,0.06122448979591838,0.036111111111111115,0.1388888888888889,0.09259259259259259,0.02803348224517039,0.04897959183673469,0.041666666666666664,0.1388888888888889,0.09259259259259259,0.0324474042979759,0.04693877551020409,0.04513888888888889,0.16666666666666666,0.09422657952069716,0.03489050085288805
query_dedup,validation,fixed_penalties,relevance_grade,1,query_language,EN,44,25,19,0.045454545454545456,0.008,0.04,0.04,0.005714285714285714,0.022727272727272728,0.008,0.04,0.04,0.003356687972425322,0.02727272727272727,0.008,0.04,0.04,0.003141187510973313,0.03636363636363637,0.055999999999999994,0.08,0.045,0.0221158303384424,0.037500000000000006,0.061,0.12,0.04735294117647059,0.02563388937751589
query_dedup,validation,fixed_penalties,relevance_grade,1,query_language,ID,20,16,4,0.1,0.041666666666666664,0.125,0.125,0.08928571428571429,0.08333333333333333,0.041666666666666664,0.125,0.125,0.05636305450042986,0.06999999999999999,0.041666666666666664,0.125,0.125,0.052918390232300064,0.039999999999999994,0.041666666666666664,0.125,0.125,0.05179733664581068,0.035,0.08878968253968253,0.3125,0.13936237373737373,0.06973243017009646
query_dedup,validation,fixed_penalties,relevance_grade,1,query_language,MIXED,35,28,7,0.05714285714285714,0.0071428571428571435,0.03571428571428571,0.03571428571428571,0.03571428571428571,0.09523809523809523,0.03214285714285714,0.10714285714285714,0.06547619047619048,0.024684083884563085,0.08,0.03928571428571429,0.14285714285714285,0.0744047619047619,0.02934103829036088,0.05714285714285714,0.03928571428571429,0.14285714285714285,0.0744047619047619,0.02934103829036088,0.05285714285714285,0.048214285714285716,0.17857142857142858,0.0767857142857143,0.03394065561777744
query_dedup,validation,fixed_penalties,relevance_grade,1,query_intent,Comparative Treatment Choice,2,1,1,0.0,0.0,0.0,0.0,0.0,0.0,0.0,0.0,0.0,0.0,0.0,0.0,0.0,0.0,0.0,0.05,0.0,0.0,0.0,0.0,0.05,0.0,0.0,0.0,0.0
query_dedup,validation,fixed_penalties,relevance_grade,1,query_intent,Dosing / Administration,21,13,8,0.047619047619047616,0.015384615384615385,0.07692307692307693,0.07692307692307693,0.07692307692307693,0.047619047619047616,0.05384615384615384,0.15384615384615385,0.11538461538461539,0.049464928376476654,0.0380952380952381,0.06923076923076922,0.23076923076923078,0.1346153846153846,0.060009983703868494,0.028571428571428574,0.06923076923076922,0.23076923076923078,0.1346153846153846,0.060009983703868494,0.03095238095238096,0.06923076923076922,0.23076923076923078,0.1346153846153846,0.060009983703868494
query_dedup,validation,fixed_penalties,relevance_grade,1,query_intent,Efficacy / Outcomes,3,1,2,0.0,0.0,0.0,0.0,0.0,0.0,0.0,0.0,0.0,0.0,0.0,0.0,0.0,0.0,0.0,0.0,0.0,0.0,0.0,0.0,0.0,0.0,0.0,0.0,0.0
query_dedup,validation,fixed_penalties,relevance_grade,1,query_intent,Guideline / Evidence Lookup,8,7,1,0.0,0.0,0.0,0.0,0.0,0.125,0.028571428571428574,0.14285714285714285,0.047619047619047616,0.006872897124795698,0.1,0.028571428571428574,0.14285714285714285,0.047619047619047616,0.005917040568544884,0.0625,0.028571428571428574,0.14285714285714285,0.047619047619047616,0.005917040568544884,0.056249999999999994,0.028571428571428574,0.14285714285714285,0.047619047619047616,0.005917040568544884
query_dedup,validation,fixed_penalties,relevance_grade,1,query_intent,Interaction / Combination,4,4,0,0.25,0.125,0.25,0.25,0.25,0.08333333333333333,0.125,0.25,0.25,0.1532867981913646,0.05,0.125,0.25,0.25,0.1532867981913646,0.05,0.375,0.5,0.28125,0.23215301738779678,0.05,0.5,0.75,0.3020833333333333,0.27357695882910416
query_dedup,validation,fixed_penalties,relevance_grade,1,query_intent,Management / Treatment Selection,14,10,4,0.07142857142857142,0.0,0.0,0.0,0.0,0.047619047619047616,0.0,0.0,0.0,0.0,0.028571428571428574,0.0,0.0,0.0,0.0,0.014285714285714287,0.0,0.0,0.0,0.0,0.014285714285714287,0.01111111111111111,0.1,0.00909090909090909,0.009439628535590262
query_dedup,validation,fixed_penalties,relevance_grade,1,query_intent,Mechanism / Background Knowledge,6,4,2,0.0,0.0,0.0,0.0,0.0,0.0,0.0,0.0,0.0,0.0,0.03333333333333333,0.0,0.0,0.0,0.0,0.06666666666666667,0.0,0.0,0.0,0.0,0.05833333333333333,0.0,0.0,0.0,0.0
query_dedup,validation,fixed_penalties,relevance_grade,1,query_intent,Monitoring / Response / Risk Assessment,9,6,3,0.0,0.0,0.0,0.0,0.0,0.037037037037037035,0.0,0.0,0.0,0.0,0.044444444444444446,0.0,0.0,0.0,0.0,0.03333333333333334,0.0,0.0,0.0,0.0,0.03333333333333334,0.0,0.0,0.0,0.0
query_dedup,validation,fixed_penalties,relevance_grade,1,query_intent,Prophylaxis / Maintenance,4,3,1,0.0,0.0,0.0,0.0,0.0,0.0,0.0,0.0,0.0,0.0,0.0,0.0,0.0,0.0,0.0,0.0,0.0,0.0,0.0,0.0,0.05,0.13095238095238096,0.6666666666666666,0.04074074074074074,0.05188624347836801
query_dedup,validation,fixed_penalties,relevance_grade,1,query_intent,Safety / Contraindication,14,10,4,0.21428571428571427,0.03666666666666667,0.2,0.2,0.05714285714285714,0.09523809523809523,0.03666666666666667,0.2,0.2,0.03725788785520524,0.11428571428571428,0.03666666666666667,0.2,0.2,0.031207673872567548,0.0642857142857143,0.056666666666666664,0.2,0.2,0.045304107524284376,0.0642857142857143,0.06916666666666667,0.3,0.20588235294117646,0.0540992551219681
query_dedup,validation,fixed_penalties,relevance_grade,1,query_intent,Treatment Change / Escalation,14,10,4,0.0,0.0,0.0,0.0,0.0,0.09523809523809523,0.0,0.0,0.0,0.0,0.07142857142857142,0.0,0.0,0.0,0.0,0.08571428571428573,0.0,0.0,0.0,0.0,0.06071428571428572,0.0,0.0,0.0,0.0
query_dedup,validation,fixed_penalties,relevance_grade,1,has_context,False,50,33,17,0.08,0.0202020202020202,0.06060606060606061,0.06060606060606061,0.04329004329004329,0.04666666666666666,0.0202020202020202,0.06060606060606061,0.06060606060606061,0.027327541575965994,0.044000000000000004,0.0202020202020202,0.06060606060606061,0.06060606060606061,0.025657401324751545,0.04,0.050505050505050504,0.09090909090909091,0.06439393939393939,0.03467340191268787,0.039,0.08092833092833092,0.21212121212121213,0.07337771655953475,0.047271910444695024
query_dedup,validation,fixed_penalties,relevance_grade,1,has_context,True,49,36,13,0.04081632653061224,0.011111111111111112,0.05555555555555555,0.05555555555555555,0.031746031746031744,0.07482993197278912,0.030555555555555558,0.1111111111111111,0.07870370370370369,0.021529765224399987,0.0653061224489796,0.036111111111111115,0.1388888888888889,0.08564814814814814,0.025002187775123266,0.0489795918367347,0.041666666666666664,0.1388888888888889,0.08564814814814814,0.029416109827928773,0.04591836734693878,0.04513888888888889,0.16666666666666666,0.08728213507625271,0.03185920638284093
query_dedup,validation,fixed_both,relevance_grade,1,query_language,EN,44,25,19,0.045454545454545456,0.008,0.04,0.04,0.005714285714285714,0.022727272727272728,0.008,0.04,0.04,0.003356687972425322,0.022727272727272728,0.008,0.04,0.04,0.003141187510973313,0.03863636363636364,0.055999999999999994,0.08,0.045,0.0221158303384424,0.04090909090909091,0.061,0.12,0.04735294117647059,0.02563388937751589
query_dedup,validation,fixed_both,relevance_grade,1,query_language,ID,20,16,4,0.1,0.041666666666666664,0.125,0.125,0.08928571428571429,0.06666666666666667,0.041666666666666664,0.125,0.125,0.05636305450042986,0.06,0.041666666666666664,0.125,0.125,0.052918390232300064,0.039999999999999994,0.041666666666666664,0.125,0.125,0.05179733664581068,0.035,0.08878968253968253,0.3125,0.13758680555555555,0.06900713052551423
query_dedup,validation,fixed_both,relevance_grade,1,query_language,MIXED,35,28,7,0.05714285714285714,0.0071428571428571435,0.03571428571428571,0.03571428571428571,0.03571428571428571,0.10476190476190476,0.03928571428571429,0.14285714285714285,0.07142857142857142,0.035423812185693175,0.08571428571428572,0.03928571428571429,0.14285714285714285,0.07142857142857142,0.02940238707507814,0.05714285714285714,0.03928571428571429,0.14285714285714285,0.07142857142857142,0.02940238707507814,0.055714285714285716,0.03928571428571429,0.14285714285714285,0.07142857142857142,0.02940238707507814
query_dedup,validation,fixed_both,relevance_grade,1,query_intent,Comparative Treatment Choice,2,1,1,0.0,0.0,0.0,0.0,0.0,0.0,0.0,0.0,0.0,0.0,0.0,0.0,0.0,0.0,0.0,0.05,0.0,0.0,0.0,0.0,0.05,0.0,0.0,0.0,0.0
query_dedup,validation,fixed_both,relevance_grade,1,query_intent,Dosing / Administration,21,13,8,0.047619047619047616,0.015384615384615385,0.07692307692307693,0.07692307692307693,0.07692307692307693,0.06349206349206349,0.06923076923076922,0.23076923076923078,0.1282051282051282,0.07259665087121839,0.0380952380952381,0.06923076923076922,0.23076923076923078,0.1282051282051282,0.0601421195478749,0.02857142857142857,0.06923076923076922,0.23076923076923078,0.1282051282051282,0.0601421195478749,0.03333333333333334,0.06923076923076922,0.23076923076923078,0.1282051282051282,0.0601421195478749
query_dedup,validation,fixed_both,relevance_grade,1,query_intent,Efficacy / Outcomes,3,1,2,0.0,0.0,0.0,0.0,0.0,0.0,0.0,0.0,0.0,0.0,0.0,0.0,0.0,0.0,0.0,0.0,0.0,0.0,0.0,0.0,0.0,0.0,0.0,0.0,0.0
query_dedup,validation,fixed_both,relevance_grade,1,query_intent,Guideline / Evidence Lookup,8,7,1,0.0,0.0,0.0,0.0,0.0,0.125,0.028571428571428574,0.14285714285714285,0.047619047619047616,0.006872897124795698,0.07500000000000001,0.028571428571428574,0.14285714285714285,0.047619047619047616,0.005917040568544884,0.0625,0.028571428571428574,0.14285714285714285,0.047619047619047616,0.005917040568544884,0.06875,0.028571428571428574,0.14285714285714285,0.047619047619047616,0.005917040568544884
query_dedup,validation,fixed_both,relevance_grade,1,query_intent,Interaction / Combination,4,4,0,0.25,0.125,0.25,0.25,0.25,0.08333333333333333,0.125,0.25,0.25,0.1532867981913646,0.05,0.125,0.25,0.25,0.1532867981913646,0.05,0.375,0.5,0.28125,0.23215301738779678,0.05,0.5,0.75,0.3020833333333333,0.27357695882910416
query_dedup,validation,fixed_both,relevance_grade,1,query_intent,Management / Treatment Selection,14,10,4,0.07142857142857142,0.0,0.0,0.0,0.0,0.023809523809523808,0.0,0.0,0.0,0.0,0.028571428571428574,0.0,0.0,0.0,0.0,0.014285714285714287,0.0,0.0,0.0,0.0,0.014285714285714287,0.01111111111111111,0.1,0.00625,0.008279149104258697
query_dedup,validation,fixed_both,relevance_grade,1,query_intent,Mechanism / Background Knowledge,6,4,2,0.0,0.0,0.0,0.0,0.0,0.0,0.0,0.0,0.0,0.0,0.03333333333333333,0.0,0.0,0.0,0.0,0.06666666666666667,0.0,0.0,0.0,0.0,0.06666666666666667,0.0,0.0,0.0,0.0
query_dedup,validation,fixed_both,relevance_grade,1,query_intent,Monitoring / Response / Risk Assessment,9,6,3,0.0,0.0,0.0,0.0,0.0,0.037037037037037035,0.0,0.0,0.0,0.0,0.044444444444444446,0.0,0.0,0.0,0.0,0.03333333333333334,0.0,0.0,0.0,0.0,0.027777777777777776,0.0,0.0,0.0,0.0
query_dedup,validation,fixed_both,relevance_grade,1,query_intent,Prophylaxis / Maintenance,4,3,1,0.0,0.0,0.0,0.0,0.0,0.0,0.0,0.0,0.0,0.0,0.0,0.0,0.0,0.0,0.0,0.0,0.0,0.0,0.0,0.0,0.0625,0.047619047619047616,0.3333333333333333,0.018518518518518517,0.008956481755813433
query_dedup,validation,fixed_both,relevance_grade,1,query_intent,Safety / Contraindication,14,10,4,0.21428571428571427,0.03666666666666667,0.2,0.2,0.05714285714285714,0.09523809523809523,0.03666666666666667,0.2,0.2,0.03725788785520524,0.09999999999999999,0.03666666666666667,0.2,0.2,0.031207673872567548,0.0642857142857143,0.056666666666666664,0.2,0.2,0.045304107524284376,0.0642857142857143,0.06916666666666667,0.3,0.20588235294117646,0.0540992551219681
query_dedup,validation,fixed_both,relevance_grade,1,query_intent,Treatment Change / Escalation,14,10,4,0.0,0.0,0.0,0.0,0.0,0.09523809523809523,0.0,0.0,0.0,0.0,0.08571428571428573,0.0,0.0,0.0,0.0,0.09285714285714287,0.0,0.0,0.0,0.0,0.0642857142857143,0.0,0.0,0.0,0.0
query_dedup,validation,fixed_both,relevance_grade,1,has_context,False,50,33,17,0.08,0.0202020202020202,0.06060606060606061,0.06060606060606061,0.04329004329004329,0.04,0.0202020202020202,0.06060606060606061,0.06060606060606061,0.027327541575965994,0.04,0.0202020202020202,0.06060606060606061,0.06060606060606061,0.025657401324751545,0.04,0.050505050505050504,0.09090909090909091,0.06439393939393939,0.03467340191268787,0.040999999999999995,0.07335257335257335,0.18181818181818182,0.070496632996633,0.04301754439981686
query_dedup,validation,fixed_both,relevance_grade,1,has_context,True,49,36,13,0.04081632653061224,0.011111111111111112,0.05555555555555555,0.05555555555555555,0.031746031746031744,0.08163265306122448,0.036111111111111115,0.1388888888888889,0.08333333333333331,0.029882887236390057,0.0653061224489796,0.036111111111111115,0.1388888888888889,0.08333333333333331,0.02504990349657002,0.051020408163265314,0.041666666666666664,0.1388888888888889,0.08333333333333331,0.02946382554937553,0.0489795918367347,0.04513888888888889,0.16666666666666666,0.0849673202614379,0.03190692210428768
query_dedup,test,hybrid,relevance_grade,1,query_language,EN,47,31,16,0.0,0.0,0.0,0.0,0.0,0.0070921985815602835,0.0,0.0,0.0,0.0,0.01702127659574468,0.005376344086021505,0.03225806451612903,0.0064516129032258064,0.0007184670144906107,0.02765957446808511,0.020020481310803893,0.12903225806451613,0.021236559139784946,0.00875389429429476,0.0297872340425532,0.03453661034306196,0.1935483870967742,0.02586690332870299,0.018075693620891814
query_dedup,test,hybrid,relevance_grade,1,query_language,ID,22,17,5,0.09090909090909091,0.0,0.0,0.0,0.0,0.0606060606060606,0.007352941176470588,0.058823529411764705,0.0196078431372549,0.00683120331277345,0.06363636363636363,0.007352941176470588,0.058823529411764705,0.0196078431372549,0.00574108535649336,0.08181818181818183,0.042226890756302524,0.29411764705882354,0.0546218487394958,0.01990844082738152,0.06363636363636364,0.0800420168067227,0.35294117647058826,0.057889822595704944,0.02547040136812939
query_dedup,test,hybrid,relevance_grade,1,query_language,MIXED,32,20,12,0.0625,0.0,0.0,0.0,0.0,0.05208333333333333,0.0,0.0,0.0,0.0,0.043750000000000004,0.0,0.0,0.0,0.0,0.043750000000000004,0.008333333333333333,0.05,0.005555555555555555,0.001785917893399315,0.0328125,0.03333333333333333,0.1,0.008680555555555556,0.015351757838004295
query_dedup,test,hybrid,relevance_grade,1,query_intent,Comparative Treatment Choice,6,6,0,0.0,0.0,0.0,0.0,0.0,0.0,0.0,0.0,0.0,0.0,0.0,0.0,0.0,0.0,0.0,0.016666666666666666,0.0,0.0,0.0,0.0,0.008333333333333333,0.0,0.0,0.0,0.0
query_dedup,test,hybrid,relevance_grade,1,query_intent,Dosing / Administration,25,17,8,0.0,0.0,0.0,0.0,0.0,0.013333333333333332,0.0,0.0,0.0,0.0,0.032,0.0,0.0,0.0,0.0,0.044000000000000004,0.008403361344537815,0.058823529411764705,0.00980392156862745,0.007545821384174776,0.036000000000000004,0.020168067226890758,0.11764705882352941,0.015151515151515152,0.01484584586611349
query_dedup,test,hybrid,relevance_grade,1,query_intent,Efficacy / Outcomes,6,3,3,0.0,0.0,0.0,0.0,0.0,0.05555555555555555,0.0,0.0,0.0,0.0,0.03333333333333333,0.0,0.0,0.0,0.0,0.03333333333333333,0.0,0.0,0.0,0.0,0.041666666666666664,0.08333333333333333,0.3333333333333333,0.017543859649122806,0.054958454310516845
query_dedup,test,hybrid,relevance_grade,1,query_intent,Guideline / Evidence Lookup,8,7,1,0.25,0.0,0.0,0.0,0.0,0.125,0.0,0.0,0.0,0.0,0.07500000000000001,0.0,0.0,0.0,0.0,0.0625,0.0,0.0,0.0,0.0,0.04375,0.07142857142857142,0.14285714285714285,0.007936507936507936,0.011345094473978705
query_dedup,test,hybrid,relevance_grade,1,query_intent,Interaction / Combination,5,4,1,0.0,0.0,0.0,0.0,0.0,0.0,0.0,0.0,0.0,0.0,0.0,0.0,0.0,0.0,0.0,0.04,0.08571428571428572,0.5,0.07738095238095238,0.028706582950912676,0.05,0.12142857142857143,0.5,0.07738095238095238,0.03249099991962839
query_dedup,test,hybrid,relevance_grade,1,query_intent,Management / Treatment Selection,10,8,2,0.1,0.0,0.0,0.0,0.0,0.03333333333333333,0.0,0.0,0.0,0.0,0.04,0.020833333333333332,0.125,0.025,0.0027840596811511166,0.04,0.03645833333333333,0.25,0.04285714285714286,0.018009405406303174,0.03,0.03645833333333333,0.25,0.04285714285714286,0.018009405406303174
query_dedup,test,hybrid,relevance_grade,1,query_intent,Mechanism / Background Knowledge,7,3,4,0.0,0.0,0.0,0.0,0.0,0.0,0.0,0.0,0.0,0.0,0.028571428571428574,0.0,0.0,0.0,0.0,0.042857142857142864,0.037037037037037035,0.3333333333333333,0.041666666666666664,0.014486203316909266,0.03571428571428571,0.037037037037037035,0.3333333333333333,0.041666666666666664,0.014486203316909266
query_dedup,test,hybrid,relevance_grade,1,query_intent,Monitoring / Response / Risk Assessment,6,5,1,0.0,0.0,0.0,0.0,0.0,0.0,0.0,0.0,0.0,0.0,0.0,0.0,0.0,0.0,0.0,0.016666666666666666,0.0,0.0,0.0,0.0,0.041666666666666664,0.0,0.0,0.0,0.0
query_dedup,test,hybrid,relevance_grade,1,query_intent,Prophylaxis / Maintenance,9,6,3,0.1111111111111111,0.0,0.0,0.0,0.0,0.07407407407407407,0.0,0.0,0.0,0.0,0.044444444444444446,0.0,0.0,0.0,0.0,0.044444444444444446,0.03333333333333333,0.16666666666666666,0.027777777777777776,0.012968043209033693,0.03888888888888889,0.08888888888888889,0.3333333333333333,0.03819444444444444,0.043355782627937205
query_dedup,test,hybrid,relevance_grade,1,query_intent,Safety / Contraindication,12,6,6,0.0,0.0,0.0,0.0,0.0,0.027777777777777776,0.020833333333333332,0.16666666666666666,0.05555555555555555,0.01935507605285811,0.03333333333333333,0.020833333333333332,0.16666666666666666,0.05555555555555555,0.016266408510064518,0.05833333333333333,0.041666666666666664,0.3333333333333333,0.07936507936507936,0.016894468233107706,0.037500000000000006,0.041666666666666664,0.3333333333333333,0.07936507936507936,0.016894468233107706
query_dedup,test,hybrid,relevance_grade,1,query_intent,Treatment Change / Escalation,7,3,4,0.0,0.0,0.0,0.0,0.0,0.047619047619047616,0.0,0.0,0.0,0.0,0.08571428571428573,0.0,0.0,0.0,0.0,0.07142857142857142,0.05555555555555555,0.3333333333333333,0.037037037037037035,0.011906119289328767,0.0642857142857143,0.1111111111111111,0.3333333333333333,0.037037037037037035,0.04156957341555496
query_dedup,test,hybrid,relevance_grade,1,has_context,False,52,34,18,0.038461538461538464,0.0,0.0,0.0,0.0,0.03205128205128205,0.0,0.0,0.0,0.0,0.03461538461538462,0.004901960784313725,0.029411764705882353,0.0058823529411764705,0.0006550728661532039,0.038461538461538464,0.032714752567693746,0.20588235294117646,0.031034080298786182,0.012231964768440951,0.038461538461538464,0.058975256769374415,0.2647058823529412,0.0344203032090029,0.025506371524279564
query_dedup,test,hybrid,relevance_grade,1,has_context,True,49,34,15,0.04081632653061224,0.0,0.0,0.0,0.0,0.03401360544217687,0.003676470588235294,0.029411764705882353,0.00980392156862745,0.003415601656386725,0.036734693877551024,0.003676470588235294,0.029411764705882353,0.00980392156862745,0.00287054267824668,0.05102040816326531,0.011554621848739496,0.08823529411764706,0.018907563025210083,0.006754287439106395,0.03775510204081633,0.03214285714285714,0.14705882352941177,0.02321534674475851,0.012740054424718426
query_dedup,test,bonuses_only,relevance_grade,1,query_language,EN,47,31,16,0.0,0.0,0.0,0.0,0.0,0.014184397163120567,0.005376344086021505,0.03225806451612903,0.016129032258064516,0.0013644327694279507,0.02553191489361702,0.011827956989247313,0.06451612903225806,0.024193548387096774,0.004206446845683946,0.02765957446808511,0.016436251920122887,0.0967741935483871,0.028801843317972347,0.00805520631337283,0.03191489361702128,0.03453661034306196,0.1935483870967742,0.03612035954990114,0.018577913785712868
query_dedup,test,bonuses_only,relevance_grade,1,query_language,ID,22,17,5,0.045454545454545456,0.0,0.0,0.0,0.0,0.0303030303030303,0.0,0.0,0.0,0.0,0.07272727272727274,0.01911764705882353,0.11764705882352941,0.026470588235294117,0.00810114085871812,0.07727272727272728,0.042226890756302524,0.29411764705882354,0.05063025210084034,0.019416153840461397,0.052272727272727276,0.05063025210084034,0.29411764705882354,0.05063025210084034,0.020292334918923433
query_dedup,test,bonuses_only,relevance_grade,1,query_language,MIXED,32,20,12,0.0625,0.0,0.0,0.0,0.0,0.03125,0.0,0.0,0.0,0.0,0.05,0.008333333333333333,0.05,0.01,0.0023963611231456183,0.037500000000000006,0.025,0.1,0.01625,0.014050128044396707,0.0359375,0.04583333333333333,0.2,0.022453007518796995,0.023455388243100447
query_dedup,test,bonuses_only,relevance_grade,1,query_intent,Comparative Treatment Choice,6,6,0,0.0,0.0,0.0,0.0,0.0,0.0,0.0,0.0,0.0,0.0,0.0,0.0,0.0,0.0,0.0,0.0,0.0,0.0,0.0,0.0,0.03333333333333333,0.020833333333333332,0.16666666666666666,0.011904761904761904,0.009240106550065724
query_dedup,test,bonuses_only,relevance_grade,1,query_intent,Dosing / Administration,25,17,8,0.04,0.0,0.0,0.0,0.0,0.013333333333333332,0.0,0.0,0.0,0.0,0.04800000000000001,0.0,0.0,0.0,0.0,0.04800000000000001,0.008403361344537815,0.058823529411764705,0.008403361344537815,0.007061266267943527,0.04,0.027521008403361344,0.17647058823529413,0.016846930159623658,0.01704237328380672
query_dedup,test,bonuses_only,relevance_grade,1,query_intent,Efficacy / Outcomes,6,3,3,0.0,0.0,0.0,0.0,0.0,0.05555555555555555,0.0,0.0,0.0,0.0,0.03333333333333333,0.0,0.0,0.0,0.0,0.03333333333333333,0.0,0.0,0.0,0.0,0.041666666666666664,0.08333333333333333,0.3333333333333333,0.017543859649122806,0.054958454310516845
query_dedup,test,bonuses_only,relevance_grade,1,query_intent,Guideline / Evidence Lookup,8,7,1,0.0,0.0,0.0,0.0,0.0,0.0,0.0,0.0,0.0,0.0,0.05,0.0,0.0,0.0,0.0,0.05,0.0,0.0,0.0,0.0,0.03125,0.0,0.0,0.0,0.0
query_dedup,test,bonuses_only,relevance_grade,1,query_intent,Interaction / Combination,5,4,1,0.0,0.0,0.0,0.0,0.0,0.0,0.0,0.0,0.0,0.0,0.04,0.05,0.25,0.05,0.013413166161561,0.04,0.08571428571428572,0.5,0.08571428571428572,0.029769144181421903,0.05,0.12142857142857143,0.5,0.08571428571428572,0.033492913764885536
query_dedup,test,bonuses_only,relevance_grade,1,query_intent,Management / Treatment Selection,10,8,2,0.1,0.0,0.0,0.0,0.0,0.06666666666666667,0.020833333333333332,0.125,0.0625,0.005287176981533309,0.04,0.020833333333333332,0.125,0.0625,0.004540605769708021,0.04,0.03645833333333333,0.25,0.08035714285714285,0.01973065199552107,0.03,0.03645833333333333,0.25,0.08035714285714285,0.01973065199552107
query_dedup,test,bonuses_only,relevance_grade,1,query_intent,Mechanism / Background Knowledge,7,3,4,0.0,0.0,0.0,0.0,0.0,0.0,0.0,0.0,0.0,0.0,0.028571428571428574,0.0,0.0,0.0,0.0,0.028571428571428574,0.0,0.0,0.0,0.0,0.03571428571428571,0.037037037037037035,0.3333333333333333,0.027777777777777776,0.012409384172677493
query_dedup,test,bonuses_only,relevance_grade,1,query_intent,Monitoring / Response / Risk Assessment,6,5,1,0.0,0.0,0.0,0.0,0.0,0.0,0.0,0.0,0.0,0.0,0.03333333333333333,0.0,0.0,0.0,0.0,0.03333333333333333,0.0,0.0,0.0,0.0,0.041666666666666664,0.0,0.0,0.0,0.0
query_dedup,test,bonuses_only,relevance_grade,1,query_intent,Prophylaxis / Maintenance,9,6,3,0.1111111111111111,0.0,0.0,0.0,0.0,0.07407407407407407,0.0,0.0,0.0,0.0,0.06666666666666668,0.03333333333333333,0.16666666666666666,0.041666666666666664,0.015679167676423026,0.044444444444444446,0.08888888888888889,0.3333333333333333,0.0625,0.05486266749040961,0.03888888888888889,0.08888888888888889,0.3333333333333333,0.0625,0.05486266749040961
query_dedup,test,bonuses_only,relevance_grade,1,query_intent,Safety / Contraindication,12,6,6,0.0,0.0,0.0,0.0,0.0,0.0,0.0,0.0,0.0,0.0,0.03333333333333333,0.020833333333333332,0.16666666666666666,0.041666666666666664,0.014011121658660676,0.05000000000000001,0.041666666666666664,0.3333333333333333,0.0625,0.014791280949827873,0.029166666666666664,0.041666666666666664,0.3333333333333333,0.0625,0.014791280949827873
query_dedup,test,bonuses_only,relevance_grade,1,query_intent,Treatment Change / Escalation,7,3,4,0.0,0.0,0.0,0.0,0.0,0.047619047619047616,0.0,0.0,0.0,0.0,0.08571428571428573,0.05555555555555555,0.3333333333333333,0.06666666666666667,0.01597574082097079,0.05714285714285715,0.05555555555555555,0.3333333333333333,0.06666666666666667,0.015300520668004865,0.049999999999999996,0.1111111111111111,0.3333333333333333,0.06666666666666667,0.04432924120032633
query_dedup,test,bonuses_only,relevance_grade,1,has_context,False,52,34,18,0.038461538461538464,0.0,0.0,0.0,0.0,0.038461538461538464,0.004901960784313725,0.029411764705882353,0.014705882352941176,0.0012440416427137197,0.04230769230769231,0.021568627450980392,0.11764705882352941,0.033823529411764704,0.006822933509569373,0.036538461538461534,0.039250700280112044,0.20588235294117646,0.04590336134453782,0.01917645175400966,0.03461538461538462,0.058975256769374415,0.2647058823529412,0.049902329352793755,0.028120121029903838
query_dedup,test,bonuses_only,relevance_grade,1,has_context,True,49,34,15,0.02040816326530612,0.0,0.0,0.0,0.0,0.006802721088435374,0.0,0.0,0.0,0.0,0.04489795918367347,0.003676470588235294,0.029411764705882353,0.007352941176470588,0.0024725508809401195,0.04693877551020409,0.011554621848739496,0.08823529411764706,0.015231092436974788,0.006140859183941388,0.04081632653061224,0.024789915966386553,0.17647058823529413,0.021553717180652163,0.012762019730119875
query_dedup,test,penalties_only,relevance_grade,1,query_language,EN,47,31,16,0.0,0.0,0.0,0.0,0.0,0.02127659574468085,0.005376344086021505,0.03225806451612903,0.016129032258064516,0.0013644327694279507,0.025531914893617023,0.011827956989247313,0.06451612903225806,0.024193548387096774,0.004206446845683946,0.02765957446808511,0.016436251920122887,0.0967741935483871,0.028801843317972347,0.00805520631337283,0.027659574468085108,0.03453661034306196,0.1935483870967742,0.03612035954990114,0.018577913785712868
query_dedup,test,penalties_only,relevance_grade,1,query_language,ID,22,17,5,0.045454545454545456,0.0,0.0,0.0,0.0,0.045454545454545456,0.0,0.0,0.0,0.0,0.07272727272727274,0.01911764705882353,0.11764705882352941,0.026470588235294117,0.00810114085871812,0.07727272727272728,0.042226890756302524,0.29411764705882354,0.04915966386554621,0.019337536426742283,0.06136363636363637,0.0800420168067227,0.35294117647058826,0.05336134453781512,0.025293008364066255
query_dedup,test,penalties_only,relevance_grade,1,query_language,MIXED,32,20,12,0.03125,0.0,0.0,0.0,0.0,0.041666666666666664,0.0,0.0,0.0,0.0,0.04375,0.008333333333333333,0.05,0.01,0.0023963611231456183,0.037500000000000006,0.025,0.1,0.01625,0.014050128044396707,0.03125,0.03333333333333333,0.1,0.01625,0.018404436124244927
query_dedup,test,penalties_only,relevance_grade,1,query_intent,Comparative Treatment Choice,6,6,0,0.0,0.0,0.0,0.0,0.0,0.0,0.0,0.0,0.0,0.0,0.0,0.0,0.0,0.0,0.0,0.016666666666666666,0.0,0.0,0.0,0.0,0.008333333333333333,0.0,0.0,0.0,0.0
query_dedup,test,penalties_only,relevance_grade,1,query_intent,Dosing / Administration,25,17,8,0.0,0.0,0.0,0.0,0.0,0.026666666666666665,0.0,0.0,0.0,0.0,0.032,0.0,0.0,0.0,0.0,0.044000000000000004,0.008403361344537815,0.058823529411764705,0.008403361344537815,0.007061266267943527,0.034,0.020168067226890758,0.11764705882352941,0.013750954927425516,0.014361290749882242
query_dedup,test,penalties_only,relevance_grade,1,query_intent,Efficacy / Outcomes,6,3,3,0.0,0.0,0.0,0.0,0.0,0.05555555555555555,0.0,0.0,0.0,0.0,0.03333333333333333,0.0,0.0,0.0,0.0,0.03333333333333333,0.0,0.0,0.0,0.0,0.041666666666666664,0.08333333333333333,0.3333333333333333,0.017543859649122806,0.054958454310516845
query_dedup,test,penalties_only,relevance_grade,1,query_intent,Guideline / Evidence Lookup,8,7,1,0.0,0.0,0.0,0.0,0.0,0.08333333333333333,0.0,0.0,0.0,0.0,0.07500000000000001,0.0,0.0,0.0,0.0,0.05,0.0,0.0,0.0,0.0,0.04375,0.07142857142857142,0.14285714285714285,0.01020408163265306,0.01233542065723614
query_dedup,test,penalties_only,relevance_grade,1,query_intent,Interaction / Combination,5,4,1,0.0,0.0,0.0,0.0,0.0,0.0,0.0,0.0,0.0,0.0,0.04,0.05,0.25,0.05,0.013413166161561,0.04,0.08571428571428572,0.5,0.08571428571428572,0.029769144181421903,0.05,0.12142857142857143,0.5,0.08571428571428572,0.033492913764885536
query_dedup,test,penalties_only,relevance_grade,1,query_intent,Management / Treatment Selection,10,8,2,0.1,0.0,0.0,0.0,0.0,0.06666666666666667,0.020833333333333332,0.125,0.0625,0.005287176981533309,0.04,0.020833333333333332,0.125,0.0625,0.004540605769708021,0.04,0.03645833333333333,0.25,0.08035714285714285,0.01973065199552107,0.03,0.03645833333333333,0.25,0.08035714285714285,0.01973065199552107
query_dedup,test,penalties_only,relevance_grade,1,query_intent,Mechanism / Background Knowledge,7,3,4,0.0,0.0,0.0,0.0,0.0,0.0,0.0,0.0,0.0,0.0,0.028571428571428574,0.0,0.0,0.0,0.0,0.028571428571428574,0.0,0.0,0.0,0.0,0.03571428571428571,0.037037037037037035,0.3333333333333333,0.027777777777777776,0.012409384172677493
query_dedup,test,penalties_only,relevance_grade,1,query_intent,Monitoring / Response / Risk Assessment,6,5,1,0.0,0.0,0.0,0.0,0.0,0.0,0.0,0.0,0.0,0.0,0.03333333333333333,0.0,0.0,0.0,0.0,0.03333333333333333,0.0,0.0,0.0,0.0,0.03333333333333333,0.0,0.0,0.0,0.0
query_dedup,test,penalties_only,relevance_grade,1,query_intent,Prophylaxis / Maintenance,9,6,3,0.1111111111111111,0.0,0.0,0.0,0.0,0.07407407407407407,0.0,0.0,0.0,0.0,0.06666666666666668,0.03333333333333333,0.16666666666666666,0.041666666666666664,0.015679167676423026,0.044444444444444446,0.08888888888888889,0.3333333333333333,0.0625,0.05486266749040961,0.03888888888888889,0.08888888888888889,0.3333333333333333,0.0625,0.05486266749040961
query_dedup,test,penalties_only,relevance_grade,1,query_intent,Safety / Contraindication,12,6,6,0.0,0.0,0.0,0.0,0.0,0.0,0.0,0.0,0.0,0.0,0.03333333333333333,0.020833333333333332,0.16666666666666666,0.041666666666666664,0.014011121658660676,0.05000000000000001,0.041666666666666664,0.3333333333333333,0.05833333333333333,0.01456853161095705,0.0375,0.041666666666666664,0.3333333333333333,0.05833333333333333,0.01456853161095705
query_dedup,test,penalties_only,relevance_grade,1,query_intent,Treatment Change / Escalation,7,3,4,0.0,0.0,0.0,0.0,0.0,0.047619047619047616,0.0,0.0,0.0,0.0,0.08571428571428573,0.05555555555555555,0.3333333333333333,0.06666666666666667,0.01597574082097079,0.05714285714285715,0.05555555555555555,0.3333333333333333,0.06666666666666667,0.015300520668004865,0.049999999999999996,0.1111111111111111,0.3333333333333333,0.06666666666666667,0.04432924120032633
query_dedup,test,penalties_only,relevance_grade,1,has_context,False,52,34,18,0.038461538461538464,0.0,0.0,0.0,0.0,0.038461538461538464,0.004901960784313725,0.029411764705882353,0.014705882352941176,0.0012440416427137197,0.04230769230769231,0.021568627450980392,0.11764705882352941,0.033823529411764704,0.006822933509569373,0.036538461538461534,0.039250700280112044,0.20588235294117646,0.04590336134453782,0.01917645175400966,0.03461538461538462,0.058975256769374415,0.2647058823529412,0.049902329352793755,0.028120121029903838
query_dedup,test,penalties_only,relevance_grade,1,has_context,True,49,34,15,0.0,0.0,0.0,0.0,0.0,0.027210884353741496,0.0,0.0,0.0,0.0,0.04081632653061224,0.003676470588235294,0.029411764705882353,0.007352941176470588,0.0024725508809401195,0.046938775510204075,0.011554621848739496,0.08823529411764706,0.01449579831932773,0.006101550477081831,0.03775510204081633,0.03214285714285714,0.14705882352941177,0.019270435446906035,0.012291208147482158
query_dedup,test,both,relevance_grade,1,query_language,EN,47,31,16,0.02127659574468085,0.005376344086021505,0.03225806451612903,0.03225806451612903,0.004608294930875576,0.035460992907801414,0.011827956989247313,0.06451612903225806,0.04301075268817204,0.005908718526464502,0.029787234042553193,0.011827956989247313,0.06451612903225806,0.04301075268817204,0.00538036189681845,0.02765957446808511,0.016436251920122887,0.0967741935483871,0.04761904761904762,0.009215346760819521,0.025531914893617023,0.022887864823348696,0.12903225806451613,0.050307219662058374,0.013093659507785706
query_dedup,test,both,relevance_grade,1,query_language,ID,22,17,5,0.045454545454545456,0.0,0.0,0.0,0.0,0.0303030303030303,0.0,0.0,0.0,0.0,0.07272727272727274,0.01911764705882353,0.11764705882352941,0.026470588235294117,0.00810114085871812,0.08181818181818183,0.042226890756302524,0.29411764705882354,0.05063025210084034,0.019416153840461397,0.052272727272727276,0.042226890756302524,0.29411764705882354,0.05063025210084034,0.019416153840461397
query_dedup,test,both,relevance_grade,1,query_language,MIXED,32,20,12,0.0625,0.0,0.0,0.0,0.0,0.03125,0.0,0.0,0.0,0.0,0.037500000000000006,0.008333333333333333,0.05,0.01,0.0023963611231456183,0.037500000000000006,0.025,0.1,0.01625,0.014050128044396707,0.0359375,0.04583333333333333,0.2,0.021659356725146198,0.023434092236271225
query_dedup,test,both,relevance_grade,1,query_intent,Comparative Treatment Choice,6,6,0,0.0,0.0,0.0,0.0,0.0,0.0,0.0,0.0,0.0,0.0,0.0,0.0,0.0,0.0,0.0,0.0,0.0,0.0,0.0,0.0,0.016666666666666666,0.020833333333333332,0.16666666666666666,0.009259259259259259,0.008498281872424863
query_dedup,test,both,relevance_grade,1,query_intent,Dosing / Administration,25,17,8,0.04,0.0,0.0,0.0,0.0,0.026666666666666665,0.0,0.0,0.0,0.0,0.032,0.0,0.0,0.0,0.0,0.052000000000000005,0.008403361344537815,0.058823529411764705,0.008403361344537815,0.007061266267943527,0.04,0.027521008403361344,0.17647058823529413,0.016401297361049682,0.016814566163982816
query_dedup,test,both,relevance_grade,1,query_intent,Efficacy / Outcomes,6,3,3,0.0,0.0,0.0,0.0,0.0,0.05555555555555555,0.0,0.0,0.0,0.0,0.03333333333333333,0.0,0.0,0.0,0.0,0.03333333333333333,0.0,0.0,0.0,0.0,0.025000000000000005,0.0,0.0,0.0,0.0
query_dedup,test,both,relevance_grade,1,query_intent,Guideline / Evidence Lookup,8,7,1,0.0,0.0,0.0,0.0,0.0,0.0,0.0,0.0,0.0,0.0,0.05,0.0,0.0,0.0,0.0,0.05,0.0,0.0,0.0,0.0,0.037500000000000006,0.0,0.0,0.0,0.0
query_dedup,test,both,relevance_grade,1,query_intent,Interaction / Combination,5,4,1,0.0,0.0,0.0,0.0,0.0,0.0,0.0,0.0,0.0,0.0,0.04,0.05,0.25,0.05,0.013413166161561,0.04,0.08571428571428572,0.5,0.08571428571428572,0.029769144181421903,0.030000000000000006,0.08571428571428572,0.5,0.08571428571428572,0.029769144181421903
query_dedup,test,both,relevance_grade,1,query_intent,Management / Treatment Selection,10,8,2,0.2,0.020833333333333332,0.125,0.125,0.017857142857142856,0.06666666666666667,0.020833333333333332,0.125,0.125,0.008379977250406366,0.04,0.020833333333333332,0.125,0.125,0.007196689875545334,0.04,0.03645833333333333,0.25,0.14285714285714285,0.022333359512068104,0.03,0.03645833333333333,0.25,0.14285714285714285,0.022333359512068104
query_dedup,test,both,relevance_grade,1,query_intent,Mechanism / Background Knowledge,7,3,4,0.0,0.0,0.0,0.0,0.0,0.0,0.0,0.0,0.0,0.0,0.028571428571428574,0.0,0.0,0.0,0.0,0.028571428571428574,0.0,0.0,0.0,0.0,0.028571428571428574,0.0,0.0,0.0,0.0
query_dedup,test,both,relevance_grade,1,query_intent,Monitoring / Response / Risk Assessment,6,5,1,0.0,0.0,0.0,0.0,0.0,0.05555555555555555,0.0,0.0,0.0,0.0,0.06666666666666667,0.0,0.0,0.0,0.0,0.03333333333333333,0.0,0.0,0.0,0.0,0.025000000000000005,0.0,0.0,0.0,0.0
query_dedup,test,both,relevance_grade,1,query_intent,Prophylaxis / Maintenance,9,6,3,0.1111111111111111,0.0,0.0,0.0,0.0,0.1111111111111111,0.03333333333333333,0.16666666666666666,0.05555555555555555,0.01935507605285811,0.06666666666666668,0.03333333333333333,0.16666666666666666,0.05555555555555555,0.018202949966168214,0.044444444444444446,0.08888888888888889,0.3333333333333333,0.07638888888888888,0.0573864497801548,0.044444444444444446,0.08888888888888889,0.3333333333333333,0.07638888888888888,0.0573864497801548
query_dedup,test,both,relevance_grade,1,query_intent,Safety / Contraindication,12,6,6,0.0,0.0,0.0,0.0,0.0,0.0,0.0,0.0,0.0,0.0,0.03333333333333333,0.020833333333333332,0.16666666666666666,0.041666666666666664,0.014011121658660676,0.05000000000000001,0.041666666666666664,0.3333333333333333,0.0625,0.014791280949827873,0.03333333333333333,0.041666666666666664,0.3333333333333333,0.0625,0.014791280949827873
query_dedup,test,both,relevance_grade,1,query_intent,Treatment Change / Escalation,7,3,4,0.0,0.0,0.0,0.0,0.0,0.047619047619047616,0.0,0.0,0.0,0.0,0.08571428571428573,0.05555555555555555,0.3333333333333333,0.06666666666666667,0.01597574082097079,0.05714285714285715,0.05555555555555555,0.3333333333333333,0.06666666666666667,0.015300520668004865,0.049999999999999996,0.1111111111111111,0.3333333333333333,0.06666666666666667,0.045670917176746574
query_dedup,test,both,relevance_grade,1,has_context,False,52,34,18,0.057692307692307696,0.004901960784313725,0.029411764705882353,0.029411764705882353,0.004201680672268907,0.05128205128205128,0.010784313725490198,0.058823529411764705,0.0392156862745098,0.005387361009423517,0.04615384615384616,0.021568627450980392,0.11764705882352941,0.05098039215686274,0.007893267820897892,0.036538461538461534,0.039250700280112044,0.20588235294117646,0.06306022408963585,0.020234226867858113,0.02980769230769231,0.04415266106442577,0.20588235294117646,0.06306022408963585,0.0229139677362765
query_dedup,test,both,relevance_grade,1,has_context,True,49,34,15,0.02040816326530612,0.0,0.0,0.0,0.0,0.013605442176870748,0.0,0.0,0.0,0.0,0.036734693877551024,0.003676470588235294,0.029411764705882353,0.007352941176470588,0.0024725508809401195,0.04897959183673469,0.011554621848739496,0.08823529411764706,0.015231092436974788,0.006140859183941388,0.039795918367346944,0.024789915966386553,0.17647058823529413,0.0208640473733353,0.012517205932977185
query_dedup,test,both_minus_entity_bonus,relevance_grade,1,query_language,EN,47,31,16,0.0,0.0,0.0,0.0,0.0,0.014184397163120567,0.005376344086021505,0.03225806451612903,0.016129032258064516,0.0013644327694279507,0.02553191489361702,0.011827956989247313,0.06451612903225806,0.024193548387096774,0.004206446845683946,0.02765957446808511,0.016436251920122887,0.0967741935483871,0.028801843317972347,0.00805520631337283,0.03191489361702128,0.03453661034306196,0.1935483870967742,0.03612035954990114,0.018577913785712868
query_dedup,test,both_minus_entity_bonus,relevance_grade,1,query_language,ID,22,17,5,0.045454545454545456,0.0,0.0,0.0,0.0,0.0303030303030303,0.0,0.0,0.0,0.0,0.07272727272727274,0.01911764705882353,0.11764705882352941,0.026470588235294117,0.00810114085871812,0.07727272727272728,0.042226890756302524,0.29411764705882354,0.05063025210084034,0.019416153840461397,0.052272727272727276,0.05063025210084034,0.29411764705882354,0.05063025210084034,0.020292334918923433
query_dedup,test,both_minus_entity_bonus,relevance_grade,1,query_language,MIXED,32,20,12,0.0625,0.0,0.0,0.0,0.0,0.03125,0.0,0.0,0.0,0.0,0.05,0.008333333333333333,0.05,0.01,0.0023963611231456183,0.037500000000000006,0.025,0.1,0.01625,0.014050128044396707,0.0359375,0.04583333333333333,0.2,0.022453007518796995,0.023455388243100447
query_dedup,test,both_minus_entity_bonus,relevance_grade,1,query_intent,Comparative Treatment Choice,6,6,0,0.0,0.0,0.0,0.0,0.0,0.0,0.0,0.0,0.0,0.0,0.0,0.0,0.0,0.0,0.0,0.0,0.0,0.0,0.0,0.0,0.03333333333333333,0.020833333333333332,0.16666666666666666,0.011904761904761904,0.009240106550065724
query_dedup,test,both_minus_entity_bonus,relevance_grade,1,query_intent,Dosing / Administration,25,17,8,0.04,0.0,0.0,0.0,0.0,0.013333333333333332,0.0,0.0,0.0,0.0,0.04800000000000001,0.0,0.0,0.0,0.0,0.04800000000000001,0.008403361344537815,0.058823529411764705,0.008403361344537815,0.007061266267943527,0.04,0.027521008403361344,0.17647058823529413,0.016846930159623658,0.01704237328380672
query_dedup,test,both_minus_entity_bonus,relevance_grade,1,query_intent,Efficacy / Outcomes,6,3,3,0.0,0.0,0.0,0.0,0.0,0.05555555555555555,0.0,0.0,0.0,0.0,0.03333333333333333,0.0,0.0,0.0,0.0,0.03333333333333333,0.0,0.0,0.0,0.0,0.041666666666666664,0.08333333333333333,0.3333333333333333,0.017543859649122806,0.054958454310516845
query_dedup,test,both_minus_entity_bonus,relevance_grade,1,query_intent,Guideline / Evidence Lookup,8,7,1,0.0,0.0,0.0,0.0,0.0,0.0,0.0,0.0,0.0,0.0,0.05,0.0,0.0,0.0,0.0,0.05,0.0,0.0,0.0,0.0,0.03125,0.0,0.0,0.0,0.0
query_dedup,test,both_minus_entity_bonus,relevance_grade,1,query_intent,Interaction / Combination,5,4,1,0.0,0.0,0.0,0.0,0.0,0.0,0.0,0.0,0.0,0.0,0.04,0.05,0.25,0.05,0.013413166161561,0.04,0.08571428571428572,0.5,0.08571428571428572,0.029769144181421903,0.05,0.12142857142857143,0.5,0.08571428571428572,0.033492913764885536
query_dedup,test,both_minus_entity_bonus,relevance_grade,1,query_intent,Management / Treatment Selection,10,8,2,0.1,0.0,0.0,0.0,0.0,0.06666666666666667,0.020833333333333332,0.125,0.0625,0.005287176981533309,0.04,0.020833333333333332,0.125,0.0625,0.004540605769708021,0.04,0.03645833333333333,0.25,0.08035714285714285,0.01973065199552107,0.03,0.03645833333333333,0.25,0.08035714285714285,0.01973065199552107
query_dedup,test,both_minus_entity_bonus,relevance_grade,1,query_intent,Mechanism / Background Knowledge,7,3,4,0.0,0.0,0.0,0.0,0.0,0.0,0.0,0.0,0.0,0.0,0.028571428571428574,0.0,0.0,0.0,0.0,0.028571428571428574,0.0,0.0,0.0,0.0,0.03571428571428571,0.037037037037037035,0.3333333333333333,0.027777777777777776,0.012409384172677493
query_dedup,test,both_minus_entity_bonus,relevance_grade,1,query_intent,Monitoring / Response / Risk Assessment,6,5,1,0.0,0.0,0.0,0.0,0.0,0.0,0.0,0.0,0.0,0.0,0.03333333333333333,0.0,0.0,0.0,0.0,0.03333333333333333,0.0,0.0,0.0,0.0,0.041666666666666664,0.0,0.0,0.0,0.0
query_dedup,test,both_minus_entity_bonus,relevance_grade,1,query_intent,Prophylaxis / Maintenance,9,6,3,0.1111111111111111,0.0,0.0,0.0,0.0,0.07407407407407407,0.0,0.0,0.0,0.0,0.06666666666666668,0.03333333333333333,0.16666666666666666,0.041666666666666664,0.015679167676423026,0.044444444444444446,0.08888888888888889,0.3333333333333333,0.0625,0.05486266749040961,0.03888888888888889,0.08888888888888889,0.3333333333333333,0.0625,0.05486266749040961
query_dedup,test,both_minus_entity_bonus,relevance_grade,1,query_intent,Safety / Contraindication,12,6,6,0.0,0.0,0.0,0.0,0.0,0.0,0.0,0.0,0.0,0.0,0.03333333333333333,0.020833333333333332,0.16666666666666666,0.041666666666666664,0.014011121658660676,0.05000000000000001,0.041666666666666664,0.3333333333333333,0.0625,0.014791280949827873,0.029166666666666664,0.041666666666666664,0.3333333333333333,0.0625,0.014791280949827873
query_dedup,test,both_minus_entity_bonus,relevance_grade,1,query_intent,Treatment Change / Escalation,7,3,4,0.0,0.0,0.0,0.0,0.0,0.047619047619047616,0.0,0.0,0.0,0.0,0.08571428571428573,0.05555555555555555,0.3333333333333333,0.06666666666666667,0.01597574082097079,0.05714285714285715,0.05555555555555555,0.3333333333333333,0.06666666666666667,0.015300520668004865,0.049999999999999996,0.1111111111111111,0.3333333333333333,0.06666666666666667,0.04432924120032633
query_dedup,test,both_minus_entity_bonus,relevance_grade,1,has_context,False,52,34,18,0.038461538461538464,0.0,0.0,0.0,0.0,0.038461538461538464,0.004901960784313725,0.029411764705882353,0.014705882352941176,0.0012440416427137197,0.04230769230769231,0.021568627450980392,0.11764705882352941,0.033823529411764704,0.006822933509569373,0.036538461538461534,0.039250700280112044,0.20588235294117646,0.04590336134453782,0.01917645175400966,0.03461538461538462,0.058975256769374415,0.2647058823529412,0.049902329352793755,0.028120121029903838
query_dedup,test,both_minus_entity_bonus,relevance_grade,1,has_context,True,49,34,15,0.02040816326530612,0.0,0.0,0.0,0.0,0.006802721088435374,0.0,0.0,0.0,0.0,0.04489795918367347,0.003676470588235294,0.029411764705882353,0.007352941176470588,0.0024725508809401195,0.04693877551020409,0.011554621848739496,0.08823529411764706,0.015231092436974788,0.006140859183941388,0.04081632653061224,0.024789915966386553,0.17647058823529413,0.021553717180652163,0.012762019730119875
query_dedup,test,both_minus_entity_penalty,relevance_grade,1,query_language,EN,47,31,16,0.0,0.0,0.0,0.0,0.0,0.014184397163120567,0.005376344086021505,0.03225806451612903,0.016129032258064516,0.0013644327694279507,0.02553191489361702,0.011827956989247313,0.06451612903225806,0.024193548387096774,0.004206446845683946,0.02765957446808511,0.016436251920122887,0.0967741935483871,0.028801843317972347,0.00805520631337283,0.03191489361702128,0.03453661034306196,0.1935483870967742,0.03612035954990114,0.018577913785712868
query_dedup,test,both_minus_entity_penalty,relevance_grade,1,query_language,ID,22,17,5,0.045454545454545456,0.0,0.0,0.0,0.0,0.0303030303030303,0.0,0.0,0.0,0.0,0.07272727272727274,0.01911764705882353,0.11764705882352941,0.026470588235294117,0.00810114085871812,0.07727272727272728,0.042226890756302524,0.29411764705882354,0.05063025210084034,0.019416153840461397,0.052272727272727276,0.05063025210084034,0.29411764705882354,0.05063025210084034,0.020292334918923433
query_dedup,test,both_minus_entity_penalty,relevance_grade,1,query_language,MIXED,32,20,12,0.0625,0.0,0.0,0.0,0.0,0.03125,0.0,0.0,0.0,0.0,0.05,0.008333333333333333,0.05,0.01,0.0023963611231456183,0.037500000000000006,0.025,0.1,0.01625,0.014050128044396707,0.0359375,0.04583333333333333,0.2,0.022453007518796995,0.023455388243100447
query_dedup,test,both_minus_entity_penalty,relevance_grade,1,query_intent,Comparative Treatment Choice,6,6,0,0.0,0.0,0.0,0.0,0.0,0.0,0.0,0.0,0.0,0.0,0.0,0.0,0.0,0.0,0.0,0.0,0.0,0.0,0.0,0.0,0.03333333333333333,0.020833333333333332,0.16666666666666666,0.011904761904761904,0.009240106550065724
query_dedup,test,both_minus_entity_penalty,relevance_grade,1,query_intent,Dosing / Administration,25,17,8,0.04,0.0,0.0,0.0,0.0,0.013333333333333332,0.0,0.0,0.0,0.0,0.04800000000000001,0.0,0.0,0.0,0.0,0.04800000000000001,0.008403361344537815,0.058823529411764705,0.008403361344537815,0.007061266267943527,0.04,0.027521008403361344,0.17647058823529413,0.016846930159623658,0.01704237328380672
query_dedup,test,both_minus_entity_penalty,relevance_grade,1,query_intent,Efficacy / Outcomes,6,3,3,0.0,0.0,0.0,0.0,0.0,0.05555555555555555,0.0,0.0,0.0,0.0,0.03333333333333333,0.0,0.0,0.0,0.0,0.03333333333333333,0.0,0.0,0.0,0.0,0.041666666666666664,0.08333333333333333,0.3333333333333333,0.017543859649122806,0.054958454310516845
query_dedup,test,both_minus_entity_penalty,relevance_grade,1,query_intent,Guideline / Evidence Lookup,8,7,1,0.0,0.0,0.0,0.0,0.0,0.0,0.0,0.0,0.0,0.0,0.05,0.0,0.0,0.0,0.0,0.05,0.0,0.0,0.0,0.0,0.03125,0.0,0.0,0.0,0.0
query_dedup,test,both_minus_entity_penalty,relevance_grade,1,query_intent,Interaction / Combination,5,4,1,0.0,0.0,0.0,0.0,0.0,0.0,0.0,0.0,0.0,0.0,0.04,0.05,0.25,0.05,0.013413166161561,0.04,0.08571428571428572,0.5,0.08571428571428572,0.029769144181421903,0.05,0.12142857142857143,0.5,0.08571428571428572,0.033492913764885536
query_dedup,test,both_minus_entity_penalty,relevance_grade,1,query_intent,Management / Treatment Selection,10,8,2,0.1,0.0,0.0,0.0,0.0,0.06666666666666667,0.020833333333333332,0.125,0.0625,0.005287176981533309,0.04,0.020833333333333332,0.125,0.0625,0.004540605769708021,0.04,0.03645833333333333,0.25,0.08035714285714285,0.01973065199552107,0.03,0.03645833333333333,0.25,0.08035714285714285,0.01973065199552107
query_dedup,test,both_minus_entity_penalty,relevance_grade,1,query_intent,Mechanism / Background Knowledge,7,3,4,0.0,0.0,0.0,0.0,0.0,0.0,0.0,0.0,0.0,0.0,0.028571428571428574,0.0,0.0,0.0,0.0,0.028571428571428574,0.0,0.0,0.0,0.0,0.03571428571428571,0.037037037037037035,0.3333333333333333,0.027777777777777776,0.012409384172677493
query_dedup,test,both_minus_entity_penalty,relevance_grade,1,query_intent,Monitoring / Response / Risk Assessment,6,5,1,0.0,0.0,0.0,0.0,0.0,0.0,0.0,0.0,0.0,0.0,0.03333333333333333,0.0,0.0,0.0,0.0,0.03333333333333333,0.0,0.0,0.0,0.0,0.041666666666666664,0.0,0.0,0.0,0.0
query_dedup,test,both_minus_entity_penalty,relevance_grade,1,query_intent,Prophylaxis / Maintenance,9,6,3,0.1111111111111111,0.0,0.0,0.0,0.0,0.07407407407407407,0.0,0.0,0.0,0.0,0.06666666666666668,0.03333333333333333,0.16666666666666666,0.041666666666666664,0.015679167676423026,0.044444444444444446,0.08888888888888889,0.3333333333333333,0.0625,0.05486266749040961,0.03888888888888889,0.08888888888888889,0.3333333333333333,0.0625,0.05486266749040961
query_dedup,test,both_minus_entity_penalty,relevance_grade,1,query_intent,Safety / Contraindication,12,6,6,0.0,0.0,0.0,0.0,0.0,0.0,0.0,0.0,0.0,0.0,0.03333333333333333,0.020833333333333332,0.16666666666666666,0.041666666666666664,0.014011121658660676,0.05000000000000001,0.041666666666666664,0.3333333333333333,0.0625,0.014791280949827873,0.029166666666666664,0.041666666666666664,0.3333333333333333,0.0625,0.014791280949827873
query_dedup,test,both_minus_entity_penalty,relevance_grade,1,query_intent,Treatment Change / Escalation,7,3,4,0.0,0.0,0.0,0.0,0.0,0.047619047619047616,0.0,0.0,0.0,0.0,0.08571428571428573,0.05555555555555555,0.3333333333333333,0.06666666666666667,0.01597574082097079,0.05714285714285715,0.05555555555555555,0.3333333333333333,0.06666666666666667,0.015300520668004865,0.049999999999999996,0.1111111111111111,0.3333333333333333,0.06666666666666667,0.04432924120032633
query_dedup,test,both_minus_entity_penalty,relevance_grade,1,has_context,False,52,34,18,0.038461538461538464,0.0,0.0,0.0,0.0,0.038461538461538464,0.004901960784313725,0.029411764705882353,0.014705882352941176,0.0012440416427137197,0.04230769230769231,0.021568627450980392,0.11764705882352941,0.033823529411764704,0.006822933509569373,0.036538461538461534,0.039250700280112044,0.20588235294117646,0.04590336134453782,0.01917645175400966,0.03461538461538462,0.058975256769374415,0.2647058823529412,0.049902329352793755,0.028120121029903838
query_dedup,test,both_minus_entity_penalty,relevance_grade,1,has_context,True,49,34,15,0.02040816326530612,0.0,0.0,0.0,0.0,0.006802721088435374,0.0,0.0,0.0,0.0,0.04489795918367347,0.003676470588235294,0.029411764705882353,0.007352941176470588,0.0024725508809401195,0.04693877551020409,0.011554621848739496,0.08823529411764706,0.015231092436974788,0.006140859183941388,0.04081632653061224,0.024789915966386553,0.17647058823529413,0.021553717180652163,0.012762019730119875
query_dedup,test,both_minus_context_bonus,relevance_grade,1,query_language,EN,47,31,16,0.02127659574468085,0.005376344086021505,0.03225806451612903,0.03225806451612903,0.004608294930875576,0.035460992907801414,0.011827956989247313,0.06451612903225806,0.04301075268817204,0.005908718526464502,0.03404255319148936,0.011827956989247313,0.06451612903225806,0.04301075268817204,0.00538036189681845,0.02340425531914894,0.016436251920122887,0.0967741935483871,0.04761904761904762,0.009215346760819521,0.02340425531914894,0.027496159754224272,0.16129032258064516,0.051536098310291864,0.013326628196894681
query_dedup,test,both_minus_context_bonus,relevance_grade,1,query_language,ID,22,17,5,0.045454545454545456,0.0,0.0,0.0,0.0,0.045454545454545456,0.0,0.0,0.0,0.0,0.0818181818181818,0.01911764705882353,0.11764705882352941,0.026470588235294117,0.00810114085871812,0.07272727272727274,0.034873949579831934,0.23529411764705882,0.043277310924369754,0.01847672257830058,0.05454545454545456,0.07163865546218487,0.35294117647058826,0.05254647313470843,0.024268452630818636
query_dedup,test,both_minus_context_bonus,relevance_grade,1,query_language,MIXED,32,20,12,0.03125,0.0,0.0,0.0,0.0,0.041666666666666664,0.0,0.0,0.0,0.0,0.04375,0.008333333333333333,0.05,0.01,0.0023963611231456183,0.03125,0.025,0.1,0.01625,0.014050128044396707,0.03125,0.03333333333333333,0.1,0.01625,0.018605687520707966
query_dedup,test,both_minus_context_bonus,relevance_grade,1,query_intent,Comparative Treatment Choice,6,6,0,0.0,0.0,0.0,0.0,0.0,0.0,0.0,0.0,0.0,0.0,0.0,0.0,0.0,0.0,0.0,0.0,0.0,0.0,0.0,0.0,0.0,0.0,0.0,0.0,0.0
query_dedup,test,both_minus_context_bonus,relevance_grade,1,query_intent,Dosing / Administration,25,17,8,0.0,0.0,0.0,0.0,0.0,0.026666666666666665,0.0,0.0,0.0,0.0,0.04,0.0,0.0,0.0,0.0,0.036000000000000004,0.008403361344537815,0.058823529411764705,0.008403361344537815,0.007061266267943527,0.036000000000000004,0.02857142857142857,0.17647058823529413,0.015546218487394958,0.014558308886668817
query_dedup,test,both_minus_context_bonus,relevance_grade,1,query_intent,Efficacy / Outcomes,6,3,3,0.0,0.0,0.0,0.0,0.0,0.05555555555555555,0.0,0.0,0.0,0.0,0.03333333333333333,0.0,0.0,0.0,0.0,0.03333333333333333,0.0,0.0,0.0,0.0,0.025000000000000005,0.0,0.0,0.0,0.0
query_dedup,test,both_minus_context_bonus,relevance_grade,1,query_intent,Guideline / Evidence Lookup,8,7,1,0.0,0.0,0.0,0.0,0.0,0.08333333333333333,0.0,0.0,0.0,0.0,0.07500000000000001,0.0,0.0,0.0,0.0,0.05,0.0,0.0,0.0,0.0,0.04375,0.07142857142857142,0.14285714285714285,0.009523809523809523,0.012048284739657732
query_dedup,test,both_minus_context_bonus,relevance_grade,1,query_intent,Interaction / Combination,5,4,1,0.0,0.0,0.0,0.0,0.0,0.0,0.0,0.0,0.0,0.0,0.04,0.05,0.25,0.05,0.013413166161561,0.04,0.08571428571428572,0.5,0.08571428571428572,0.029769144181421903,0.030000000000000006,0.08571428571428572,0.5,0.08571428571428572,0.029769144181421903
query_dedup,test,both_minus_context_bonus,relevance_grade,1,query_intent,Management / Treatment Selection,10,8,2,0.2,0.020833333333333332,0.125,0.125,0.017857142857142856,0.06666666666666667,0.020833333333333332,0.125,0.125,0.008379977250406366,0.04,0.020833333333333332,0.125,0.125,0.007196689875545334,0.04,0.03645833333333333,0.25,0.14285714285714285,0.022333359512068104,0.03,0.03645833333333333,0.25,0.14285714285714285,0.022333359512068104
query_dedup,test,both_minus_context_bonus,relevance_grade,1,query_intent,Mechanism / Background Knowledge,7,3,4,0.0,0.0,0.0,0.0,0.0,0.0,0.0,0.0,0.0,0.0,0.028571428571428574,0.0,0.0,0.0,0.0,0.028571428571428574,0.0,0.0,0.0,0.0,0.028571428571428574,0.0,0.0,0.0,0.0
query_dedup,test,both_minus_context_bonus,relevance_grade,1,query_intent,Monitoring / Response / Risk Assessment,6,5,1,0.0,0.0,0.0,0.0,0.0,0.05555555555555555,0.0,0.0,0.0,0.0,0.06666666666666667,0.0,0.0,0.0,0.0,0.03333333333333333,0.0,0.0,0.0,0.0,0.025000000000000005,0.0,0.0,0.0,0.0
query_dedup,test,both_minus_context_bonus,relevance_grade,1,query_intent,Prophylaxis / Maintenance,9,6,3,0.1111111111111111,0.0,0.0,0.0,0.0,0.1111111111111111,0.03333333333333333,0.16666666666666666,0.05555555555555555,0.01935507605285811,0.06666666666666668,0.03333333333333333,0.16666666666666666,0.05555555555555555,0.018202949966168214,0.044444444444444446,0.08888888888888889,0.3333333333333333,0.07638888888888888,0.0573864497801548,0.044444444444444446,0.08888888888888889,0.3333333333333333,0.07638888888888888,0.0573864497801548
query_dedup,test,both_minus_context_bonus,relevance_grade,1,query_intent,Safety / Contraindication,12,6,6,0.0,0.0,0.0,0.0,0.0,0.0,0.0,0.0,0.0,0.0,0.05000000000000001,0.020833333333333332,0.16666666666666666,0.041666666666666664,0.014011121658660676,0.03333333333333333,0.020833333333333332,0.16666666666666666,0.041666666666666664,0.012129559040372216,0.03333333333333333,0.041666666666666664,0.3333333333333333,0.05681818181818182,0.014483128659572686
query_dedup,test,both_minus_context_bonus,relevance_grade,1,query_intent,Treatment Change / Escalation,7,3,4,0.0,0.0,0.0,0.0,0.0,0.047619047619047616,0.0,0.0,0.0,0.0,0.08571428571428573,0.05555555555555555,0.3333333333333333,0.06666666666666667,0.01597574082097079,0.05714285714285715,0.05555555555555555,0.3333333333333333,0.06666666666666667,0.015300520668004865,0.04285714285714286,0.1111111111111111,0.3333333333333333,0.06666666666666667,0.045670917176746574
query_dedup,test,both_minus_context_bonus,relevance_grade,1,has_context,False,52,34,18,0.057692307692307696,0.004901960784313725,0.029411764705882353,0.029411764705882353,0.004201680672268907,0.05128205128205128,0.010784313725490198,0.058823529411764705,0.0392156862745098,0.005387361009423517,0.04615384615384616,0.021568627450980392,0.11764705882352941,0.05098039215686274,0.007893267820897892,0.036538461538461534,0.039250700280112044,0.20588235294117646,0.06306022408963585,0.020234226867858113,0.02980769230769231,0.04415266106442577,0.20588235294117646,0.06306022408963585,0.0229139677362765
query_dedup,test,both_minus_context_bonus,relevance_grade,1,has_context,True,49,34,15,0.0,0.0,0.0,0.0,0.0,0.027210884353741496,0.0,0.0,0.0,0.0,0.0489795918367347,0.003676470588235294,0.029411764705882353,0.007352941176470588,0.0024725508809401195,0.036734693877551024,0.007878151260504201,0.058823529411764705,0.011554621848739496,0.0056711435528609775,0.03571428571428572,0.036344537815126046,0.17647058823529413,0.019760631525337406,0.012315529888482652
query_dedup,test,both_minus_context_penalty,relevance_grade,1,query_language,EN,47,31,16,0.02127659574468085,0.005376344086021505,0.03225806451612903,0.03225806451612903,0.004608294930875576,0.035460992907801414,0.011827956989247313,0.06451612903225806,0.04301075268817204,0.005908718526464502,0.029787234042553193,0.011827956989247313,0.06451612903225806,0.04301075268817204,0.00538036189681845,0.02765957446808511,0.016436251920122887,0.0967741935483871,0.04761904761904762,0.009215346760819521,0.025531914893617023,0.022887864823348696,0.12903225806451613,0.050307219662058374,0.013093659507785706
query_dedup,test,both_minus_context_penalty,relevance_grade,1,query_language,ID,22,17,5,0.045454545454545456,0.0,0.0,0.0,0.0,0.0303030303030303,0.0,0.0,0.0,0.0,0.07272727272727274,0.01911764705882353,0.11764705882352941,0.026470588235294117,0.00810114085871812,0.08181818181818183,0.042226890756302524,0.29411764705882354,0.05063025210084034,0.019416153840461397,0.052272727272727276,0.042226890756302524,0.29411764705882354,0.05063025210084034,0.019416153840461397
query_dedup,test,both_minus_context_penalty,relevance_grade,1,query_language,MIXED,32,20,12,0.0625,0.0,0.0,0.0,0.0,0.03125,0.0,0.0,0.0,0.0,0.037500000000000006,0.008333333333333333,0.05,0.01,0.0023963611231456183,0.037500000000000006,0.025,0.1,0.01625,0.014050128044396707,0.0359375,0.04583333333333333,0.2,0.021659356725146198,0.023434092236271225
query_dedup,test,both_minus_context_penalty,relevance_grade,1,query_intent,Comparative Treatment Choice,6,6,0,0.0,0.0,0.0,0.0,0.0,0.0,0.0,0.0,0.0,0.0,0.0,0.0,0.0,0.0,0.0,0.0,0.0,0.0,0.0,0.0,0.016666666666666666,0.020833333333333332,0.16666666666666666,0.009259259259259259,0.008498281872424863
query_dedup,test,both_minus_context_penalty,relevance_grade,1,query_intent,Dosing / Administration,25,17,8,0.04,0.0,0.0,0.0,0.0,0.026666666666666665,0.0,0.0,0.0,0.0,0.032,0.0,0.0,0.0,0.0,0.052000000000000005,0.008403361344537815,0.058823529411764705,0.008403361344537815,0.007061266267943527,0.04,0.027521008403361344,0.17647058823529413,0.016401297361049682,0.016814566163982816
query_dedup,test,both_minus_context_penalty,relevance_grade,1,query_intent,Efficacy / Outcomes,6,3,3,0.0,0.0,0.0,0.0,0.0,0.05555555555555555,0.0,0.0,0.0,0.0,0.03333333333333333,0.0,0.0,0.0,0.0,0.03333333333333333,0.0,0.0,0.0,0.0,0.025000000000000005,0.0,0.0,0.0,0.0
query_dedup,test,both_minus_context_penalty,relevance_grade,1,query_intent,Guideline / Evidence Lookup,8,7,1,0.0,0.0,0.0,0.0,0.0,0.0,0.0,0.0,0.0,0.0,0.05,0.0,0.0,0.0,0.0,0.05,0.0,0.0,0.0,0.0,0.037500000000000006,0.0,0.0,0.0,0.0
query_dedup,test,both_minus_context_penalty,relevance_grade,1,query_intent,Interaction / Combination,5,4,1,0.0,0.0,0.0,0.0,0.0,0.0,0.0,0.0,0.0,0.0,0.04,0.05,0.25,0.05,0.013413166161561,0.04,0.08571428571428572,0.5,0.08571428571428572,0.029769144181421903,0.030000000000000006,0.08571428571428572,0.5,0.08571428571428572,0.029769144181421903
query_dedup,test,both_minus_context_penalty,relevance_grade,1,query_intent,Management / Treatment Selection,10,8,2,0.2,0.020833333333333332,0.125,0.125,0.017857142857142856,0.06666666666666667,0.020833333333333332,0.125,0.125,0.008379977250406366,0.04,0.020833333333333332,0.125,0.125,0.007196689875545334,0.04,0.03645833333333333,0.25,0.14285714285714285,0.022333359512068104,0.03,0.03645833333333333,0.25,0.14285714285714285,0.022333359512068104
query_dedup,test,both_minus_context_penalty,relevance_grade,1,query_intent,Mechanism / Background Knowledge,7,3,4,0.0,0.0,0.0,0.0,0.0,0.0,0.0,0.0,0.0,0.0,0.028571428571428574,0.0,0.0,0.0,0.0,0.028571428571428574,0.0,0.0,0.0,0.0,0.028571428571428574,0.0,0.0,0.0,0.0
query_dedup,test,both_minus_context_penalty,relevance_grade,1,query_intent,Monitoring / Response / Risk Assessment,6,5,1,0.0,0.0,0.0,0.0,0.0,0.05555555555555555,0.0,0.0,0.0,0.0,0.06666666666666667,0.0,0.0,0.0,0.0,0.03333333333333333,0.0,0.0,0.0,0.0,0.025000000000000005,0.0,0.0,0.0,0.0
query_dedup,test,both_minus_context_penalty,relevance_grade,1,query_intent,Prophylaxis / Maintenance,9,6,3,0.1111111111111111,0.0,0.0,0.0,0.0,0.1111111111111111,0.03333333333333333,0.16666666666666666,0.05555555555555555,0.01935507605285811,0.06666666666666668,0.03333333333333333,0.16666666666666666,0.05555555555555555,0.018202949966168214,0.044444444444444446,0.08888888888888889,0.3333333333333333,0.07638888888888888,0.0573864497801548,0.044444444444444446,0.08888888888888889,0.3333333333333333,0.07638888888888888,0.0573864497801548
query_dedup,test,both_minus_context_penalty,relevance_grade,1,query_intent,Safety / Contraindication,12,6,6,0.0,0.0,0.0,0.0,0.0,0.0,0.0,0.0,0.0,0.0,0.03333333333333333,0.020833333333333332,0.16666666666666666,0.041666666666666664,0.014011121658660676,0.05000000000000001,0.041666666666666664,0.3333333333333333,0.0625,0.014791280949827873,0.03333333333333333,0.041666666666666664,0.3333333333333333,0.0625,0.014791280949827873
query_dedup,test,both_minus_context_penalty,relevance_grade,1,query_intent,Treatment Change / Escalation,7,3,4,0.0,0.0,0.0,0.0,0.0,0.047619047619047616,0.0,0.0,0.0,0.0,0.08571428571428573,0.05555555555555555,0.3333333333333333,0.06666666666666667,0.01597574082097079,0.05714285714285715,0.05555555555555555,0.3333333333333333,0.06666666666666667,0.015300520668004865,0.049999999999999996,0.1111111111111111,0.3333333333333333,0.06666666666666667,0.045670917176746574
query_dedup,test,both_minus_context_penalty,relevance_grade,1,has_context,False,52,34,18,0.057692307692307696,0.004901960784313725,0.029411764705882353,0.029411764705882353,0.004201680672268907,0.05128205128205128,0.010784313725490198,0.058823529411764705,0.0392156862745098,0.005387361009423517,0.04615384615384616,0.021568627450980392,0.11764705882352941,0.05098039215686274,0.007893267820897892,0.036538461538461534,0.039250700280112044,0.20588235294117646,0.06306022408963585,0.020234226867858113,0.02980769230769231,0.04415266106442577,0.20588235294117646,0.06306022408963585,0.0229139677362765
query_dedup,test,both_minus_context_penalty,relevance_grade,1,has_context,True,49,34,15,0.02040816326530612,0.0,0.0,0.0,0.0,0.013605442176870748,0.0,0.0,0.0,0.0,0.036734693877551024,0.003676470588235294,0.029411764705882353,0.007352941176470588,0.0024725508809401195,0.04897959183673469,0.011554621848739496,0.08823529411764706,0.015231092436974788,0.006140859183941388,0.039795918367346944,0.024789915966386553,0.17647058823529413,0.0208640473733353,0.012517205932977185
query_dedup,test,fixed_bonuses,relevance_grade,1,query_language,EN,47,31,16,0.0,0.0,0.0,0.0,0.0,0.014184397163120567,0.005376344086021505,0.03225806451612903,0.01075268817204301,0.0010812873871492085,0.02553191489361702,0.011827956989247313,0.06451612903225806,0.017204301075268817,0.003654487323694396,0.0297872340425532,0.020020481310803893,0.12903225806451613,0.025844854070660523,0.008910024053380343,0.027659574468085108,0.03453661034306196,0.1935483870967742,0.030475198259578565,0.018231823379977398
query_dedup,test,fixed_bonuses,relevance_grade,1,query_language,ID,22,17,5,0.045454545454545456,0.0,0.0,0.0,0.0,0.0606060606060606,0.007352941176470588,0.058823529411764705,0.0196078431372549,0.00683120331277345,0.06363636363636363,0.007352941176470588,0.058823529411764705,0.0196078431372549,0.00574108535649336,0.08181818181818183,0.042226890756302524,0.29411764705882354,0.05357142857142857,0.019855229874522307,0.06363636363636364,0.0800420168067227,0.35294117647058826,0.0565126050420168,0.025263622545125316
query_dedup,test,fixed_bonuses,relevance_grade,1,query_language,MIXED,32,20,12,0.09375,0.0,0.0,0.0,0.0,0.041666666666666664,0.0,0.0,0.0,0.0,0.03125,0.0,0.0,0.0,0.0,0.04062500000000001,0.008333333333333333,0.05,0.00625,0.0018715555801938125,0.032812499999999994,0.03958333333333333,0.15,0.012916666666666665,0.018633256362483468
query_dedup,test,fixed_bonuses,relevance_grade,1,query_intent,Comparative Treatment Choice,6,6,0,0.0,0.0,0.0,0.0,0.0,0.0,0.0,0.0,0.0,0.0,0.0,0.0,0.0,0.0,0.0,0.016666666666666666,0.0,0.0,0.0,0.0,0.008333333333333333,0.0,0.0,0.0,0.0
query_dedup,test,fixed_bonuses,relevance_grade,1,query_intent,Dosing / Administration,25,17,8,0.04,0.0,0.0,0.0,0.0,0.013333333333333332,0.0,0.0,0.0,0.0,0.032,0.0,0.0,0.0,0.0,0.044000000000000004,0.008403361344537815,0.058823529411764705,0.008403361344537815,0.007061266267943527,0.036000000000000004,0.027521008403361344,0.17647058823529413,0.016692131398013753,0.01699940744609071
query_dedup,test,fixed_bonuses,relevance_grade,1,query_intent,Efficacy / Outcomes,6,3,3,0.0,0.0,0.0,0.0,0.0,0.05555555555555555,0.0,0.0,0.0,0.0,0.03333333333333333,0.0,0.0,0.0,0.0,0.03333333333333333,0.0,0.0,0.0,0.0,0.041666666666666664,0.08333333333333333,0.3333333333333333,0.017543859649122806,0.054958454310516845
query_dedup,test,fixed_bonuses,relevance_grade,1,query_intent,Guideline / Evidence Lookup,8,7,1,0.125,0.0,0.0,0.0,0.0,0.08333333333333333,0.0,0.0,0.0,0.0,0.05,0.0,0.0,0.0,0.0,0.05,0.0,0.0,0.0,0.0,0.037500000000000006,0.07142857142857142,0.14285714285714285,0.0071428571428571435,0.010972143932198317
query_dedup,test,fixed_bonuses,relevance_grade,1,query_intent,Interaction / Combination,5,4,1,0.0,0.0,0.0,0.0,0.0,0.0,0.0,0.0,0.0,0.0,0.0,0.0,0.0,0.0,0.0,0.04,0.08571428571428572,0.5,0.07738095238095238,0.028706582950912676,0.05,0.12142857142857143,0.5,0.07738095238095238,0.03249099991962839
query_dedup,test,fixed_bonuses,relevance_grade,1,query_intent,Management / Treatment Selection,10,8,2,0.1,0.0,0.0,0.0,0.0,0.06666666666666667,0.020833333333333332,0.125,0.041666666666666664,0.004189988625203183,0.04,0.020833333333333332,0.125,0.041666666666666664,0.003598344937772667,0.04,0.03645833333333333,0.25,0.05952380952380952,0.018807326809983357,0.03,0.03645833333333333,0.25,0.05952380952380952,0.018807326809983357
query_dedup,test,fixed_bonuses,relevance_grade,1,query_intent,Mechanism / Background Knowledge,7,3,4,0.0,0.0,0.0,0.0,0.0,0.0,0.0,0.0,0.0,0.0,0.028571428571428574,0.0,0.0,0.0,0.0,0.042857142857142864,0.037037037037037035,0.3333333333333333,0.041666666666666664,0.014486203316909266,0.03571428571428571,0.037037037037037035,0.3333333333333333,0.041666666666666664,0.014486203316909266
query_dedup,test,fixed_bonuses,relevance_grade,1,query_intent,Monitoring / Response / Risk Assessment,6,5,1,0.0,0.0,0.0,0.0,0.0,0.0,0.0,0.0,0.0,0.0,0.03333333333333333,0.0,0.0,0.0,0.0,0.03333333333333333,0.0,0.0,0.0,0.0,0.03333333333333333,0.0,0.0,0.0,0.0
query_dedup,test,fixed_bonuses,relevance_grade,1,query_intent,Prophylaxis / Maintenance,9,6,3,0.1111111111111111,0.0,0.0,0.0,0.0,0.07407407407407407,0.0,0.0,0.0,0.0,0.06666666666666668,0.03333333333333333,0.16666666666666666,0.03333333333333333,0.014083724588724157,0.044444444444444446,0.03333333333333333,0.16666666666666666,0.03333333333333333,0.014083724588724157,0.03888888888888889,0.08888888888888889,0.3333333333333333,0.04722222222222222,0.04764966949398592
query_dedup,test,fixed_bonuses,relevance_grade,1,query_intent,Safety / Contraindication,12,6,6,0.0,0.0,0.0,0.0,0.0,0.027777777777777776,0.020833333333333332,0.16666666666666666,0.05555555555555555,0.01935507605285811,0.03333333333333333,0.020833333333333332,0.16666666666666666,0.05555555555555555,0.016266408510064518,0.05833333333333333,0.041666666666666664,0.3333333333333333,0.07638888888888888,0.016743703866673277,0.037500000000000006,0.041666666666666664,0.3333333333333333,0.07638888888888888,0.016743703866673277
query_dedup,test,fixed_bonuses,relevance_grade,1,query_intent,Treatment Change / Escalation,7,3,4,0.0,0.0,0.0,0.0,0.0,0.047619047619047616,0.0,0.0,0.0,0.0,0.05714285714285715,0.0,0.0,0.0,0.0,0.07142857142857142,0.05555555555555555,0.3333333333333333,0.041666666666666664,0.012477037201292084,0.0642857142857143,0.1111111111111111,0.3333333333333333,0.041666666666666664,0.04214049132751827
query_dedup,test,fixed_bonuses,relevance_grade,1,has_context,False,52,34,18,0.038461538461538464,0.0,0.0,0.0,0.0,0.038461538461538464,0.004901960784313725,0.029411764705882353,0.00980392156862745,0.000985879676518396,0.03461538461538462,0.010784313725490198,0.058823529411764705,0.01568627450980392,0.003332032559839008,0.04038461538461539,0.032714752567693746,0.20588235294117646,0.03634453781512605,0.01266697104030784,0.0375,0.058975256769374415,0.2647058823529412,0.04034350582338198,0.02650223758785674
query_dedup,test,fixed_bonuses,relevance_grade,1,has_context,True,49,34,15,0.04081632653061224,0.0,0.0,0.0,0.0,0.027210884353741496,0.003676470588235294,0.029411764705882353,0.00980392156862745,0.003415601656386725,0.036734693877551024,0.003676470588235294,0.029411764705882353,0.00980392156862745,0.00287054267824668,0.04897959183673469,0.011554621848739496,0.08823529411764706,0.017682072829131652,0.006485404404561165,0.036734693877551024,0.035819327731092435,0.17647058823529413,0.023297046091163735,0.013713445803204998
query_dedup,test,fixed_penalties,relevance_grade,1,query_language,EN,47,31,16,0.0,0.0,0.0,0.0,0.0,0.02127659574468085,0.005376344086021505,0.03225806451612903,0.01075268817204301,0.0010812873871492085,0.025531914893617023,0.011827956989247313,0.06451612903225806,0.017204301075268817,0.003654487323694396,0.0297872340425532,0.020020481310803893,0.12903225806451613,0.025844854070660523,0.008910024053380343,0.028723404255319152,0.03453661034306196,0.1935483870967742,0.030475198259578565,0.018231823379977398
query_dedup,test,fixed_penalties,relevance_grade,1,query_language,ID,22,17,5,0.045454545454545456,0.0,0.0,0.0,0.0,0.0606060606060606,0.007352941176470588,0.058823529411764705,0.0196078431372549,0.00683120331277345,0.06363636363636363,0.007352941176470588,0.058823529411764705,0.0196078431372549,0.00574108535649336,0.08181818181818183,0.042226890756302524,0.29411764705882354,0.05357142857142857,0.019855229874522307,0.06363636363636364,0.0800420168067227,0.35294117647058826,0.0565126050420168,0.025263622545125316
query_dedup,test,fixed_penalties,relevance_grade,1,query_language,MIXED,32,20,12,0.0625,0.0,0.0,0.0,0.0,0.041666666666666664,0.0,0.0,0.0,0.0,0.0375,0.0,0.0,0.0,0.0,0.043750000000000004,0.008333333333333333,0.05,0.00625,0.0018715555801938125,0.034375,0.03333333333333333,0.1,0.010416666666666666,0.01639085717070627
query_dedup,test,fixed_penalties,relevance_grade,1,query_intent,Comparative Treatment Choice,6,6,0,0.0,0.0,0.0,0.0,0.0,0.0,0.0,0.0,0.0,0.0,0.0,0.0,0.0,0.0,0.0,0.016666666666666666,0.0,0.0,0.0,0.0,0.008333333333333333,0.0,0.0,0.0,0.0
query_dedup,test,fixed_penalties,relevance_grade,1,query_intent,Dosing / Administration,25,17,8,0.0,0.0,0.0,0.0,0.0,0.026666666666666665,0.0,0.0,0.0,0.0,0.032,0.0,0.0,0.0,0.0,0.044000000000000004,0.008403361344537815,0.058823529411764705,0.008403361344537815,0.007061266267943527,0.036000000000000004,0.020168067226890758,0.11764705882352941,0.013750954927425516,0.014361290749882242
query_dedup,test,fixed_penalties,relevance_grade,1,query_intent,Efficacy / Outcomes,6,3,3,0.0,0.0,0.0,0.0,0.0,0.05555555555555555,0.0,0.0,0.0,0.0,0.03333333333333333,0.0,0.0,0.0,0.0,0.03333333333333333,0.0,0.0,0.0,0.0,0.041666666666666664,0.08333333333333333,0.3333333333333333,0.017543859649122806,0.054958454310516845
query_dedup,test,fixed_penalties,relevance_grade,1,query_intent,Guideline / Evidence Lookup,8,7,1,0.125,0.0,0.0,0.0,0.0,0.08333333333333333,0.0,0.0,0.0,0.0,0.07500000000000001,0.0,0.0,0.0,0.0,0.0625,0.0,0.0,0.0,0.0,0.05,0.07142857142857142,0.14285714285714285,0.0071428571428571435,0.010972143932198317
query_dedup,test,fixed_penalties,relevance_grade,1,query_intent,Interaction / Combination,5,4,1,0.0,0.0,0.0,0.0,0.0,0.0,0.0,0.0,0.0,0.0,0.0,0.0,0.0,0.0,0.0,0.04,0.08571428571428572,0.5,0.07738095238095238,0.028706582950912676,0.05,0.12142857142857143,0.5,0.07738095238095238,0.03249099991962839
query_dedup,test,fixed_penalties,relevance_grade,1,query_intent,Management / Treatment Selection,10,8,2,0.1,0.0,0.0,0.0,0.0,0.06666666666666667,0.020833333333333332,0.125,0.041666666666666664,0.004189988625203183,0.04,0.020833333333333332,0.125,0.041666666666666664,0.003598344937772667,0.04,0.03645833333333333,0.25,0.05952380952380952,0.018807326809983357,0.03,0.03645833333333333,0.25,0.05952380952380952,0.018807326809983357
query_dedup,test,fixed_penalties,relevance_grade,1,query_intent,Mechanism / Background Knowledge,7,3,4,0.0,0.0,0.0,0.0,0.0,0.0,0.0,0.0,0.0,0.0,0.028571428571428574,0.0,0.0,0.0,0.0,0.042857142857142864,0.037037037037037035,0.3333333333333333,0.041666666666666664,0.014486203316909266,0.03571428571428571,0.037037037037037035,0.3333333333333333,0.041666666666666664,0.014486203316909266
query_dedup,test,fixed_penalties,relevance_grade,1,query_intent,Monitoring / Response / Risk Assessment,6,5,1,0.0,0.0,0.0,0.0,0.0,0.0,0.0,0.0,0.0,0.0,0.03333333333333333,0.0,0.0,0.0,0.0,0.03333333333333333,0.0,0.0,0.0,0.0,0.03333333333333333,0.0,0.0,0.0,0.0
query_dedup,test,fixed_penalties,relevance_grade,1,query_intent,Prophylaxis / Maintenance,9,6,3,0.1111111111111111,0.0,0.0,0.0,0.0,0.07407407407407407,0.0,0.0,0.0,0.0,0.06666666666666668,0.03333333333333333,0.16666666666666666,0.03333333333333333,0.014083724588724157,0.044444444444444446,0.03333333333333333,0.16666666666666666,0.03333333333333333,0.014083724588724157,0.03888888888888889,0.08888888888888889,0.3333333333333333,0.04722222222222222,0.04764966949398592
query_dedup,test,fixed_penalties,relevance_grade,1,query_intent,Safety / Contraindication,12,6,6,0.0,0.0,0.0,0.0,0.0,0.027777777777777776,0.020833333333333332,0.16666666666666666,0.05555555555555555,0.01935507605285811,0.03333333333333333,0.020833333333333332,0.16666666666666666,0.05555555555555555,0.016266408510064518,0.05833333333333333,0.041666666666666664,0.3333333333333333,0.07638888888888888,0.016743703866673277,0.037500000000000006,0.041666666666666664,0.3333333333333333,0.07638888888888888,0.016743703866673277
query_dedup,test,fixed_penalties,relevance_grade,1,query_intent,Treatment Change / Escalation,7,3,4,0.0,0.0,0.0,0.0,0.0,0.047619047619047616,0.0,0.0,0.0,0.0,0.05714285714285715,0.0,0.0,0.0,0.0,0.07142857142857142,0.05555555555555555,0.3333333333333333,0.041666666666666664,0.012477037201292084,0.0642857142857143,0.1111111111111111,0.3333333333333333,0.041666666666666664,0.04214049132751827
query_dedup,test,fixed_penalties,relevance_grade,1,has_context,False,52,34,18,0.038461538461538464,0.0,0.0,0.0,0.0,0.038461538461538464,0.004901960784313725,0.029411764705882353,0.00980392156862745,0.000985879676518396,0.03461538461538462,0.010784313725490198,0.058823529411764705,0.01568627450980392,0.003332032559839008,0.04038461538461539,0.032714752567693746,0.20588235294117646,0.03634453781512605,0.01266697104030784,0.0375,0.058975256769374415,0.2647058823529412,0.04034350582338198,0.02650223758785674
query_dedup,test,fixed_penalties,relevance_grade,1,has_context,True,49,34,15,0.02040816326530612,0.0,0.0,0.0,0.0,0.03401360544217687,0.003676470588235294,0.029411764705882353,0.00980392156862745,0.003415601656386725,0.04081632653061224,0.003676470588235294,0.029411764705882353,0.00980392156862745,0.00287054267824668,0.05102040816326531,0.011554621848739496,0.08823529411764706,0.017682072829131652,0.006485404404561165,0.03877551020408163,0.03214285714285714,0.14705882352941177,0.02182645785586962,0.012394387455100764
query_dedup,test,fixed_both,relevance_grade,1,query_language,EN,47,31,16,0.0,0.0,0.0,0.0,0.0,0.02127659574468085,0.005376344086021505,0.03225806451612903,0.01075268817204301,0.0010812873871492085,0.025531914893617023,0.011827956989247313,0.06451612903225806,0.017204301075268817,0.003654487323694396,0.0297872340425532,0.020020481310803893,0.12903225806451613,0.025844854070660523,0.008910024053380343,0.026595744680851068,0.03453661034306196,0.1935483870967742,0.030475198259578565,0.018231823379977398
query_dedup,test,fixed_both,relevance_grade,1,query_language,ID,22,17,5,0.045454545454545456,0.0,0.0,0.0,0.0,0.045454545454545456,0.007352941176470588,0.058823529411764705,0.0196078431372549,0.00683120331277345,0.06363636363636363,0.007352941176470588,0.058823529411764705,0.0196078431372549,0.00574108535649336,0.08181818181818183,0.042226890756302524,0.29411764705882354,0.05357142857142857,0.019855229874522307,0.06136363636363637,0.0800420168067227,0.35294117647058826,0.0565126050420168,0.025263622545125316
query_dedup,test,fixed_both,relevance_grade,1,query_language,MIXED,32,20,12,0.0625,0.0,0.0,0.0,0.0,0.041666666666666664,0.0,0.0,0.0,0.0,0.03125,0.0,0.0,0.0,0.0,0.040625,0.025,0.1,0.011805555555555555,0.013088723937527977,0.034374999999999996,0.03958333333333333,0.15,0.014305555555555554,0.019685431209153396
query_dedup,test,fixed_both,relevance_grade,1,query_intent,Comparative Treatment Choice,6,6,0,0.0,0.0,0.0,0.0,0.0,0.0,0.0,0.0,0.0,0.0,0.0,0.0,0.0,0.0,0.0,0.016666666666666666,0.0,0.0,0.0,0.0,0.008333333333333333,0.0,0.0,0.0,0.0
query_dedup,test,fixed_both,relevance_grade,1,query_intent,Dosing / Administration,25,17,8,0.04,0.0,0.0,0.0,0.0,0.026666666666666665,0.0,0.0,0.0,0.0,0.032,0.0,0.0,0.0,0.0,0.044000000000000004,0.008403361344537815,0.058823529411764705,0.008403361344537815,0.007061266267943527,0.036000000000000004,0.027521008403361344,0.17647058823529413,0.016692131398013753,0.01699940744609071
query_dedup,test,fixed_both,relevance_grade,1,query_intent,Efficacy / Outcomes,6,3,3,0.0,0.0,0.0,0.0,0.0,0.05555555555555555,0.0,0.0,0.0,0.0,0.03333333333333333,0.0,0.0,0.0,0.0,0.03333333333333333,0.0,0.0,0.0,0.0,0.041666666666666664,0.08333333333333333,0.3333333333333333,0.017543859649122806,0.054958454310516845
query_dedup,test,fixed_both,relevance_grade,1,query_intent,Guideline / Evidence Lookup,8,7,1,0.0,0.0,0.0,0.0,0.0,0.041666666666666664,0.0,0.0,0.0,0.0,0.05,0.0,0.0,0.0,0.0,0.05,0.0,0.0,0.0,0.0,0.04375,0.07142857142857142,0.14285714285714285,0.0071428571428571435,0.010972143932198317
query_dedup,test,fixed_both,relevance_grade,1,query_intent,Interaction / Combination,5,4,1,0.0,0.0,0.0,0.0,0.0,0.0,0.0,0.0,0.0,0.0,0.0,0.0,0.0,0.0,0.0,0.04,0.08571428571428572,0.5,0.07738095238095238,0.028706582950912676,0.05,0.12142857142857143,0.5,0.07738095238095238,0.03249099991962839
query_dedup,test,fixed_both,relevance_grade,1,query_intent,Management / Treatment Selection,10,8,2,0.1,0.0,0.0,0.0,0.0,0.06666666666666667,0.020833333333333332,0.125,0.041666666666666664,0.004189988625203183,0.04,0.020833333333333332,0.125,0.041666666666666664,0.003598344937772667,0.04,0.03645833333333333,0.25,0.05952380952380952,0.018807326809983357,0.03,0.03645833333333333,0.25,0.05952380952380952,0.018807326809983357
query_dedup,test,fixed_both,relevance_grade,1,query_intent,Mechanism / Background Knowledge,7,3,4,0.0,0.0,0.0,0.0,0.0,0.0,0.0,0.0,0.0,0.0,0.028571428571428574,0.0,0.0,0.0,0.0,0.042857142857142864,0.037037037037037035,0.3333333333333333,0.041666666666666664,0.014486203316909266,0.03571428571428571,0.037037037037037035,0.3333333333333333,0.041666666666666664,0.014486203316909266
query_dedup,test,fixed_both,relevance_grade,1,query_intent,Monitoring / Response / Risk Assessment,6,5,1,0.0,0.0,0.0,0.0,0.0,0.0,0.0,0.0,0.0,0.0,0.03333333333333333,0.0,0.0,0.0,0.0,0.03333333333333333,0.0,0.0,0.0,0.0,0.025000000000000005,0.0,0.0,0.0,0.0
query_dedup,test,fixed_both,relevance_grade,1,query_intent,Prophylaxis / Maintenance,9,6,3,0.1111111111111111,0.0,0.0,0.0,0.0,0.07407407407407407,0.0,0.0,0.0,0.0,0.06666666666666668,0.03333333333333333,0.16666666666666666,0.03333333333333333,0.014083724588724157,0.05555555555555555,0.08888888888888889,0.3333333333333333,0.05185185185185185,0.051474285779838036,0.03888888888888889,0.08888888888888889,0.3333333333333333,0.05185185185185185,0.051474285779838036
query_dedup,test,fixed_both,relevance_grade,1,query_intent,Safety / Contraindication,12,6,6,0.0,0.0,0.0,0.0,0.0,0.027777777777777776,0.020833333333333332,0.16666666666666666,0.05555555555555555,0.01935507605285811,0.03333333333333333,0.020833333333333332,0.16666666666666666,0.05555555555555555,0.016266408510064518,0.05833333333333333,0.041666666666666664,0.3333333333333333,0.07638888888888888,0.016743703866673277,0.037500000000000006,0.041666666666666664,0.3333333333333333,0.07638888888888888,0.016743703866673277
query_dedup,test,fixed_both,relevance_grade,1,query_intent,Treatment Change / Escalation,7,3,4,0.0,0.0,0.0,0.0,0.0,0.047619047619047616,0.0,0.0,0.0,0.0,0.05714285714285715,0.0,0.0,0.0,0.0,0.05714285714285715,0.05555555555555555,0.3333333333333333,0.041666666666666664,0.012477037201292084,0.05714285714285715,0.1111111111111111,0.3333333333333333,0.041666666666666664,0.041505757733613556
query_dedup,test,fixed_both,relevance_grade,1,has_context,False,52,34,18,0.038461538461538464,0.0,0.0,0.0,0.0,0.038461538461538464,0.004901960784313725,0.029411764705882353,0.00980392156862745,0.000985879676518396,0.03461538461538462,0.010784313725490198,0.058823529411764705,0.01568627450980392,0.003332032559839008,0.04038461538461539,0.0425186741363212,0.23529411764705882,0.0396125116713352,0.019265305368151468,0.03653846153846154,0.058975256769374415,0.2647058823529412,0.04116049928743427,0.02712116396825081
query_dedup,test,fixed_both,relevance_grade,1,has_context,True,49,34,15,0.02040816326530612,0.0,0.0,0.0,0.0,0.027210884353741496,0.003676470588235294,0.029411764705882353,0.00980392156862745,0.003415601656386725,0.036734693877551024,0.003676470588235294,0.029411764705882353,0.00980392156862745,0.00287054267824668,0.04897959183673469,0.011554621848739496,0.08823529411764706,0.017682072829131652,0.006485404404561165,0.036734693877551024,0.035819327731092435,0.17647058823529413,0.023297046091163735,0.013713445803204998
